{"authorDailyContributionsMap":{"jamietan2002":[{"date":"2022-08-17","commitResults":[{"hash":"917b6d6ac7919ab69700217e782bd4a32cdf1d14","messageTitle":"Level-1","messageBody":"","tags":["Level-1"],"fileTypesAndContributionMap":{"java":{"insertions":13,"deletions":1}}},{"hash":"9bd3f3ee0369a1b4cb0648b1bee3561de2bd2fe0","messageTitle":"Level-2","messageBody":"","tags":["Level-2"],"fileTypesAndContributionMap":{"java":{"insertions":13,"deletions":8}}},{"hash":"d7ca9911d7d4d7cb1d857e43e082ae23608abf0d","messageTitle":"Level-3","messageBody":"","tags":["Level-3"],"fileTypesAndContributionMap":{"java":{"insertions":63,"deletions":4}}},{"hash":"93ae387dbbb1901460e0ccc1ba6860c1e1f914b9","messageTitle":"Level-4","messageBody":"","tags":["Level-4"],"fileTypesAndContributionMap":{"java":{"insertions":82,"deletions":17}}}]},{"date":"2022-08-18","commitResults":[{"hash":"4e1dbf2367f360efdd2e5c9624714bee4f1ad849","messageTitle":"A-TextUiTesting","messageBody":"","tags":["A-TextUiTesting"],"fileTypesAndContributionMap":{"txt":{"insertions":2,"deletions":0},"java":{"insertions":0,"deletions":1},"sh":{"insertions":0,"deletions":0}}},{"hash":"51fe51612b35909f41a469db22c1a777aad5a33f","messageTitle":"Level-5","messageBody":"","tags":["Level-6","Level-5"],"fileTypesAndContributionMap":{"java":{"insertions":85,"deletions":62}}},{"hash":"380280c39d8eb1b7d8dcf868f11217163e50aab9","messageTitle":"Level-6","messageBody":"","fileTypesAndContributionMap":{"java":{"insertions":10,"deletions":1}}}]},{"date":"2022-08-21","commitResults":[{"hash":"e5d4240a16a4247bf52361a4408f7c8e7d008451","messageTitle":"Added level 7","messageBody":"","tags":["Level-7"],"fileTypesAndContributionMap":{"txt":{"insertions":3,"deletions":0},"java":{"insertions":39,"deletions":1}}},{"hash":"cb58806a350129a7c885aac86afaa217a35851df","messageTitle":"Updated duke.txt","messageBody":"","fileTypesAndContributionMap":{"txt":{"insertions":1,"deletions":1}}}]},{"date":"2022-08-22","commitResults":[{"hash":"d019ba846a4872a256e4a6f0245131af5c670249","messageTitle":"Added Level-8","messageBody":"","fileTypesAndContributionMap":{"java":{"insertions":21,"deletions":10}}}]},{"date":"2022-08-25","commitResults":[{"hash":"8d581782723df31a6408624ecc3042e8908276dc","messageTitle":"Add more OOP","messageBody":"","fileTypesAndContributionMap":{"txt":{"insertions":1,"deletions":3},"java":{"insertions":347,"deletions":129}}}]}]},"authorFileTypeContributionMap":{"jamietan2002":{"java":443,"md":0,"fxml":0,"sh":0,"bat":0,"gradle":0,"txt":3}},"authorContributionVariance":{"jamietan2002":17108.104},"authorDisplayNameMap":{"jamietan2002":"CS2103-W14-2 JAMI..XUAN"}}
