{"authorDailyContributionsMap":{"DevanshShah1309":[{"date":"2022-08-17","commitResults":[{"hash":"a02b8124a744d8a2fbe855b0d845de711176059c","messageTitle":"Add Greet, Echo, Exit","messageBody":"Completed Level 1\n","tags":["Level-1"],"fileTypesAndContributionMap":{"java":{"insertions":22,"deletions":0}}},{"hash":"161516e493b5ed56b6c084a54ec131a221394536","messageTitle":"Add, List","messageBody":"Completed Level 2\n","tags":["Level-2"],"fileTypesAndContributionMap":{"java":{"insertions":13,"deletions":5}}},{"hash":"a7a1ad1262dbba7f9ea8023fd54acf38d3300a19","messageTitle":"Level 3","messageBody":"Mark as Done\n","tags":["Level-3","A-Classes"],"fileTypesAndContributionMap":{"java":{"insertions":87,"deletions":6}}}]},{"date":"2022-08-18","commitResults":[{"hash":"843823153486ca52c8ad94a0a5c9ee89a86caeae","messageTitle":"Fix task count bug","messageBody":"","fileTypesAndContributionMap":{"java":{"insertions":4,"deletions":3}}},{"hash":"47691bff4da7ee30c317517e2c826ad917c0f35e","messageTitle":"Add Deadline Class","messageBody":"","fileTypesAndContributionMap":{"java":{"insertions":17,"deletions":0}}},{"hash":"d4f7d9c1436f533c1fd665453c4c40f4b6ccfc3d","messageTitle":"Add Event Class","messageBody":"","fileTypesAndContributionMap":{"java":{"insertions":17,"deletions":0}}},{"hash":"a6c7b2bb4ced4126bed76ad268cbc6989f6ae87c","messageTitle":"Add ToDo class","messageBody":"","fileTypesAndContributionMap":{"java":{"insertions":10,"deletions":0}}},{"hash":"71dc58e4811856e63d445099fbfbc6337236e3d2","messageTitle":"Refactor Task Class to Accommodate Children","messageBody":"","fileTypesAndContributionMap":{"java":{"insertions":21,"deletions":9}}},{"hash":"a0c717767014875ff4516d3e533892ac89b43928","messageTitle":"Complete Level 4","messageBody":"Refactored and Improved Regex pattern matching\n","tags":["Level-4","A-Inheritance"],"fileTypesAndContributionMap":{"java":{"insertions":30,"deletions":10}}},{"hash":"d137007a3f122b95f79ddb2851e198ef463bef4d","messageTitle":"Remove Duke Logo","messageBody":"Also, shift Scanner outside while loop\n","fileTypesAndContributionMap":{"java":{"insertions":1,"deletions":8}}},{"hash":"6f4c5a74bd7548ee2f695361d347a2b19560f507","messageTitle":"Improve grammar in Task","messageBody":"","fileTypesAndContributionMap":{"java":{"insertions":1,"deletions":1}}},{"hash":"84bac01a6059c0c829eecfe31fa97785860460c4","messageTitle":"Semi-automate testing","messageBody":"Added EXPECTED.TXT and input.txt\n","tags":["A-TextUiTesting"],"fileTypesAndContributionMap":{"txt":{"insertions":5,"deletions":0}}},{"hash":"b0c05e3ddf403c41f6289c5c123e037786ad52f5","messageTitle":"Add Basic Handling of Errors","messageBody":"Introduce DukeException\n","tags":["Level-5"],"fileTypesAndContributionMap":{"java":{"insertions":30,"deletions":10}}},{"hash":"0da696d90508ca1542eb48ce5cc1b2890ce08ec7","messageTitle":"Add delete functionality","messageBody":"","tags":["Level-6","A-Collections"],"fileTypesAndContributionMap":{"java":{"insertions":23,"deletions":2}}}]},{"date":"2022-08-19","commitResults":[{"hash":"15cdd9579699109d1afe60aa7cb62fd1842f9838","messageTitle":"Use Enums","messageBody":"","tags":["A-Enums"],"fileTypesAndContributionMap":{"java":{"insertions":78,"deletions":10}}},{"hash":"0b2ff02c2567a680f4badb394e0ae87b8684984b","messageTitle":"Refactor catching DukeException","messageBody":"","fileTypesAndContributionMap":{"java":{"insertions":41,"deletions":51}}},{"hash":"ca3ccba5f28e947318be09e99db3fbeda21efdba","messageTitle":"Close scanner in finally block","messageBody":"","fileTypesAndContributionMap":{"java":{"insertions":4,"deletions":2}}},{"hash":"e5c4debff8d20d49915e20569c4db90212195ce2","messageTitle":"Refactor Duke into switch statements","messageBody":"Remove regex and improve error handling\n","fileTypesAndContributionMap":{"java":{"insertions":101,"deletions":106}}}]},{"date":"2022-08-22","commitResults":[{"hash":"85018a99df780f51e52f310eee24878827bb604c","messageTitle":"Follow style guide and coding conventions","messageBody":"","fileTypesAndContributionMap":{"java":{"insertions":78,"deletions":77}}},{"hash":"b6e76dbdda99b3bb7499f927d92adb7d4be81aa9","messageTitle":"Improve OOP Design of Duke","messageBody":"Also improved exception handling and formatting of output\n","fileTypesAndContributionMap":{"java":{"insertions":28,"deletions":15}}}]},{"date":"2022-08-24","commitResults":[{"hash":"9c3cee290acdbbae099c80c2eab38611a9de076d","messageTitle":"Save tasks to file","messageBody":"Created a FileOperations class to perform file manipulation tasks.\n\nSaving the tasks allows persistence of data even after the program stops running\n","fileTypesAndContributionMap":{"txt":{"insertions":2,"deletions":0},"java":{"insertions":330,"deletions":93}}},{"hash":"4830c503cf8703ec5a5ce6a47f2a56c332c2466b","messageTitle":"Store deadlines and timings as LocalDateTime","messageBody":"","fileTypesAndContributionMap":{"java":{"insertions":31,"deletions":11}}},{"hash":"a72e9bc29acbe5a69c40161d8f349397090e88b6","messageTitle":"Misc fixes","messageBody":"","fileTypesAndContributionMap":{"java":{"insertions":2,"deletions":3}}},{"hash":"2caab4465f5671d25fc228d5f867a5417ad87158","messageTitle":"Resolve merge conflicts","messageBody":"Allow storing dates in data.txt to convert back and forth between data dnd string representations.\n","fileTypesAndContributionMap":{"java":{"insertions":0,"deletions":1}}},{"hash":"8e117b5c7b28b0817d1cd8f0ef13bccdc64326c5","messageTitle":"Resolve merge conflicts","messageBody":"","tags":["Level-8"],"fileTypesAndContributionMap":{"txt":{"insertions":2,"deletions":2},"java":{"insertions":118,"deletions":105}}}]},{"date":"2022-08-25","commitResults":[{"hash":"5073361720daa4000c1a92ae9c706bc6ac1893d0","messageTitle":"Create TaskList class","messageBody":"The TaskList class handles addition, deletion of tasks, getting the count, and listing of all tasks\n","fileTypesAndContributionMap":{"txt":{"insertions":2,"deletions":0},"java":{"insertions":93,"deletions":83}}},{"hash":"f81d88f36a27993910cccecc67af1e645d6c4607","messageTitle":"Refactor FileOperations to Storage class","messageBody":"","fileTypesAndContributionMap":{"txt":{"insertions":2,"deletions":0},"java":{"insertions":14,"deletions":15}}},{"hash":"7a7d737134b4268e7eac11597f0b9635b811cd39","messageTitle":"Stop tracking data.txt","messageBody":"","fileTypesAndContributionMap":{"txt":{"insertions":0,"deletions":6}}},{"hash":"da78c774a3e9adc99308f081d3bb6fa730c30a89","messageTitle":"Abstract parse operations into Parser","messageBody":"","fileTypesAndContributionMap":{"java":{"insertions":109,"deletions":68}}},{"hash":"113080e6fcbfc8d72be6447c233abd94df358725","messageTitle":"Abstract UI operations","messageBody":"","tags":["A-MoreOOP"],"fileTypesAndContributionMap":{"java":{"insertions":59,"deletions":21}}},{"hash":"593bac9c72083b82cc3f7e3c6acedc344a514a9a","messageTitle":"Organize classes into duke package","messageBody":"","tags":["A-Packages"],"fileTypesAndContributionMap":{"java":{"insertions":23,"deletions":3}}},{"hash":"3ac4a8ddc7c558bcc530b191e2de563b45a7bf81","messageTitle":"Automate project build using Gradle","messageBody":"","tags":["A-Gradle"],"fileTypesAndContributionMap":{"gradle":{"insertions":1,"deletions":1},"java":{"insertions":12,"deletions":12}}}]},{"date":"2022-08-27","commitResults":[{"hash":"375e80dcc2df28195aeb710ff5fb1b88ee3e06e8","messageTitle":"Add JUnit tests for Todo and Parser","messageBody":"","tags":["A-Jar","A-JUnit"],"fileTypesAndContributionMap":{"java":{"insertions":66,"deletions":0}}},{"hash":"68216bede1a629d7773ef978fd9acbd65f7df5e4","messageTitle":"Add JavaDoc comments to most methods and classes","messageBody":"","tags":["A-JavaDoc"],"fileTypesAndContributionMap":{"java":{"insertions":148,"deletions":29}}},{"hash":"e833fccda478acff2d6c128921f93948d964b81b","messageTitle":"Follow Coding Standard","messageBody":"","tags":["A-CodingStandard"],"fileTypesAndContributionMap":{"java":{"insertions":9,"deletions":2}}},{"hash":"c42329a228a00c3a9d67cd8f433d1ec132bdbe87","messageTitle":"Add find functionality","messageBody":"","tags":["Level-9"],"fileTypesAndContributionMap":{"java":{"insertions":32,"deletions":0}}}]}]},"authorFileTypeContributionMap":{"DevanshShah1309":{"java":898,"md":0,"fxml":0,"sh":0,"bat":0,"gradle":1,"txt":5}},"authorContributionVariance":{"DevanshShah1309":45477.312},"authorDisplayNameMap":{"DevanshShah1309":"CS2103T-W13-4 SHAH..ORVA"}}
