{"authorDailyContributionsMap":{"DevanshShah1309":[{"date":"2022-08-17","commitResults":[{"hash":"a02b8124a744d8a2fbe855b0d845de711176059c","messageTitle":"Add Greet, Echo, Exit","messageBody":"Completed Level 1\n","tags":["Level-1"],"fileTypesAndContributionMap":{"java":{"insertions":22,"deletions":0}}},{"hash":"161516e493b5ed56b6c084a54ec131a221394536","messageTitle":"Add, List","messageBody":"Completed Level 2\n","tags":["Level-2"],"fileTypesAndContributionMap":{"java":{"insertions":13,"deletions":5}}},{"hash":"a7a1ad1262dbba7f9ea8023fd54acf38d3300a19","messageTitle":"Level 3","messageBody":"Mark as Done\n","tags":["Level-3","A-Classes"],"fileTypesAndContributionMap":{"java":{"insertions":87,"deletions":6}}}]},{"date":"2022-08-18","commitResults":[{"hash":"843823153486ca52c8ad94a0a5c9ee89a86caeae","messageTitle":"Fix task count bug","messageBody":"","fileTypesAndContributionMap":{"java":{"insertions":4,"deletions":3}}},{"hash":"47691bff4da7ee30c317517e2c826ad917c0f35e","messageTitle":"Add Deadline Class","messageBody":"","fileTypesAndContributionMap":{"java":{"insertions":17,"deletions":0}}},{"hash":"d4f7d9c1436f533c1fd665453c4c40f4b6ccfc3d","messageTitle":"Add Event Class","messageBody":"","fileTypesAndContributionMap":{"java":{"insertions":17,"deletions":0}}},{"hash":"a6c7b2bb4ced4126bed76ad268cbc6989f6ae87c","messageTitle":"Add ToDo class","messageBody":"","fileTypesAndContributionMap":{"java":{"insertions":10,"deletions":0}}},{"hash":"71dc58e4811856e63d445099fbfbc6337236e3d2","messageTitle":"Refactor Task Class to Accommodate Children","messageBody":"","fileTypesAndContributionMap":{"java":{"insertions":21,"deletions":9}}},{"hash":"a0c717767014875ff4516d3e533892ac89b43928","messageTitle":"Complete Level 4","messageBody":"Refactored and Improved Regex pattern matching\n","tags":["Level-4","A-Inheritance"],"fileTypesAndContributionMap":{"java":{"insertions":30,"deletions":10}}},{"hash":"d137007a3f122b95f79ddb2851e198ef463bef4d","messageTitle":"Remove Duke Logo","messageBody":"Also, shift Scanner outside while loop\n","fileTypesAndContributionMap":{"java":{"insertions":1,"deletions":8}}},{"hash":"6f4c5a74bd7548ee2f695361d347a2b19560f507","messageTitle":"Improve grammar in Task","messageBody":"","fileTypesAndContributionMap":{"java":{"insertions":1,"deletions":1}}},{"hash":"84bac01a6059c0c829eecfe31fa97785860460c4","messageTitle":"Semi-automate testing","messageBody":"Added EXPECTED.TXT and input.txt\n","tags":["A-TextUiTesting"],"fileTypesAndContributionMap":{"txt":{"insertions":5,"deletions":0}}},{"hash":"b0c05e3ddf403c41f6289c5c123e037786ad52f5","messageTitle":"Add Basic Handling of Errors","messageBody":"Introduce DukeException\n","tags":["Level-5"],"fileTypesAndContributionMap":{"java":{"insertions":30,"deletions":10}}},{"hash":"0da696d90508ca1542eb48ce5cc1b2890ce08ec7","messageTitle":"Add delete functionality","messageBody":"","tags":["Level-6","A-Collections"],"fileTypesAndContributionMap":{"java":{"insertions":23,"deletions":2}}}]},{"date":"2022-08-19","commitResults":[{"hash":"15cdd9579699109d1afe60aa7cb62fd1842f9838","messageTitle":"Use Enums","messageBody":"","tags":["A-Enums"],"fileTypesAndContributionMap":{"java":{"insertions":78,"deletions":10}}},{"hash":"0b2ff02c2567a680f4badb394e0ae87b8684984b","messageTitle":"Refactor catching DukeException","messageBody":"","fileTypesAndContributionMap":{"java":{"insertions":41,"deletions":51}}},{"hash":"ca3ccba5f28e947318be09e99db3fbeda21efdba","messageTitle":"Close scanner in finally block","messageBody":"","fileTypesAndContributionMap":{"java":{"insertions":4,"deletions":2}}},{"hash":"e5c4debff8d20d49915e20569c4db90212195ce2","messageTitle":"Refactor Duke into switch statements","messageBody":"Remove regex and improve error handling\n","fileTypesAndContributionMap":{"java":{"insertions":101,"deletions":106}}}]}]},"authorFileTypeContributionMap":{"DevanshShah1309":{"java":283,"md":0,"fxml":0,"sh":0,"bat":0,"gradle":0,"txt":5}},"authorContributionVariance":{"DevanshShah1309":18336.75},"authorDisplayNameMap":{"DevanshShah1309":"SHAH..ORVA"}}
