{"authorDailyContributionsMap":{"LuYiting0913":[{"date":"2022-08-13","commitResults":[{"hash":"cb426f3dea4ad10a5c477bfc9e34c2ff94efe69d","messageTitle":"Implemented Level-1","messageBody":"","tags":["Level-1"],"fileTypesAndContributionMap":{"java":{"insertions":19,"deletions":1}}}]},{"date":"2022-08-14","commitResults":[{"hash":"77cc9eceaa39b67edf3ffcc5cfcb1ba36337c952","messageTitle":"Implemented Level-2","messageBody":"","tags":["Level-2"],"fileTypesAndContributionMap":{"java":{"insertions":29,"deletions":8}}},{"hash":"ca4b646e64a93a011f587f976c9c70e545c060fd","messageTitle":"Implemented Level-3","messageBody":"","tags":["Level-3"],"fileTypesAndContributionMap":{"java":{"insertions":68,"deletions":12}}},{"hash":"89f3acbf19598695118f40756a50ecdd91abef7a","messageTitle":"Implemented Level-4;","messageBody":"","tags":["Level-4"],"fileTypesAndContributionMap":{"java":{"insertions":69,"deletions":3}}},{"hash":"ac16d910096722a00938cff0236c87a48bcee356","messageTitle":"Implemented A-TextUiTesting;","messageBody":"","tags":["A-TextUiTesting"],"fileTypesAndContributionMap":{"txt":{"insertions":1,"deletions":0},"bat":{"insertions":1,"deletions":1},"sh":{"insertions":1,"deletions":1}}},{"hash":"b3ca42b8f32b223595b2d56353a4a56f8105c3a3","messageTitle":"Implemented invalid type exception and empty description exception;","messageBody":"","tags":["Level-5"],"fileTypesAndContributionMap":{"java":{"insertions":34,"deletions":9}}}]},{"date":"2022-08-15","commitResults":[{"hash":"f6550583a21cb36fd6de66da8a82d176a9166231","messageTitle":"Implemented Level-6;","messageBody":"","tags":["Level-6"],"fileTypesAndContributionMap":{"java":{"insertions":18,"deletions":6}}}]},{"date":"2022-08-16","commitResults":[{"hash":"71463b8de83c48927cb2fec2aa0f88a9c97093f5","messageTitle":"Implemented IndexOutOfRange error handling;","messageBody":"","tags":["Level-5-Extension"],"fileTypesAndContributionMap":{"java":{"insertions":26,"deletions":8}}}]},{"date":"2022-08-20","commitResults":[{"hash":"cde2944d79599080bb510f1e67312fe6d8cf8c1c","messageTitle":"Implement Level-7. Save","messageBody":"","tags":["Level-7"],"fileTypesAndContributionMap":{"txt":{"insertions":4,"deletions":0},"java":{"insertions":62,"deletions":6}}},{"hash":"d6934fdbb65cd702404274f22bb9c94601cb247f","messageTitle":"Add data file","messageBody":"","fileTypesAndContributionMap":{"txt":{"insertions":4,"deletions":0}}},{"hash":"97b329224bade9887f4e7e99f3929ab235521b7c","messageTitle":"Implement Level-8. Date and Times","messageBody":"","tags":["Level-8"],"fileTypesAndContributionMap":{"java":{"insertions":17,"deletions":6}}}]}]},"authorFileTypeContributionMap":{"LuYiting0913":{"java":292,"md":0,"fxml":0,"sh":1,"bat":1,"gradle":0,"txt":5}},"authorContributionVariance":{"LuYiting0913":5450.8887},"authorDisplayNameMap":{"LuYiting0913":"LU Y..TING"}}
