{"authorDailyContributionsMap":{"LiuFangrui":[{"date":"2022-08-18","commitResults":[{"hash":"b6652b0ddf9e96c440465852ccd4b08510154949","messageTitle":"Level-1","messageBody":"","fileTypesAndContributionMap":{"java":{"insertions":26,"deletions":0}}},{"hash":"ba31d6cf08f5a003ac4012529fa4e6e49acfe499","messageTitle":"Level-2","messageBody":"","tags":["Level-2"],"fileTypesAndContributionMap":{"java":{"insertions":25,"deletions":2}}},{"hash":"829e117c19c1d3398b8d3c38b324510f5487acf2","messageTitle":"Level-4","messageBody":"","tags":["Level-4","Level-3"],"fileTypesAndContributionMap":{"java":{"insertions":95,"deletions":11}}},{"hash":"c96c411c9fa98b86a2493284be72472225fd7525","messageTitle":"A-TextUiTesting","messageBody":"","fileTypesAndContributionMap":{"txt":{"insertions":1,"deletions":0}}},{"hash":"ea707bdad8764edb61bfe2b76f35046a6763a641","messageTitle":"Level-5","messageBody":"","fileTypesAndContributionMap":{"java":{"insertions":65,"deletions":28}}},{"hash":"86a34130f359ee956c41e7413e2754222ed60349","messageTitle":"Level-6","messageBody":"","fileTypesAndContributionMap":{"java":{"insertions":9,"deletions":3}}}]},{"date":"2022-08-19","commitResults":[{"hash":"25b35b77eaa635ae3bb9dc64298d91117d24c318","messageTitle":"Updated A-TextUiTesting","messageBody":"","fileTypesAndContributionMap":{"txt":{"insertions":11,"deletions":0},"java":{"insertions":73,"deletions":37}}},{"hash":"39f30f887eb462545005b3396f3b56970fedc3ef","messageTitle":"fixed corrupted files","messageBody":"","tags":["Level-6","Level-5","A-TextUiTesting"],"fileTypesAndContributionMap":{"txt":{"insertions":0,"deletions":4},"java":{"insertions":0,"deletions":29}}}]},{"date":"2022-08-22","commitResults":[{"hash":"cbe5823d80ff3d2f0366ccdc3c051ee4743d954a","messageTitle":"Level-7","messageBody":"","fileTypesAndContributionMap":{"java":{"insertions":126,"deletions":62}}}]},{"date":"2022-08-24","commitResults":[{"hash":"f0716475f4d50c63a52145317b4a7dbe760ab5b3","messageTitle":"working copy after merging Level 7","messageBody":"","tags":["Level-7"],"fileTypesAndContributionMap":{"java":{"insertions":0,"deletions":6}}},{"hash":"c5a45941903a59cf7b83085671aa6b88f0a308ac","messageTitle":"Level-8","messageBody":"","tags":["Level-8"],"fileTypesAndContributionMap":{"java":{"insertions":38,"deletions":9}}},{"hash":"5e4d916a2938a250276ec22f461e33e67071e977","messageTitle":"A-MoreOOP","messageBody":"","fileTypesAndContributionMap":{"txt":{"insertions":5,"deletions":5},"java":{"insertions":282,"deletions":170}}}]},{"date":"2022-08-25","commitResults":[{"hash":"287be33f35bec73019c1ab4a83bb36553091cdc7","messageTitle":"removed unneeded dependencies","messageBody":"","fileTypesAndContributionMap":{"java":{"insertions":0,"deletions":6}}},{"hash":"625145d85934b7cb23ba73f3047689b21bf5c83c","messageTitle":"created duke package","messageBody":"","fileTypesAndContributionMap":{"java":{"insertions":12,"deletions":0}}}]}]},"authorFileTypeContributionMap":{"LiuFangrui":{"java":395,"md":0,"fxml":0,"sh":0,"bat":0,"gradle":0,"txt":12}},"authorContributionVariance":{"LiuFangrui":21571.814},"authorDisplayNameMap":{"LiuFangrui":"CS2103T-F11-1 LIU ..GRUI"}}
