{"authorDailyContributionsMap":{"zsiggg":[{"date":"2022-08-16","commitResults":[{"hash":"19fae5decd86aebc8c510cdbfb446761fed4e9b6","messageTitle":"feat: greet, echo, exit","messageBody":"","tags":["Level-1"],"fileTypesAndContributionMap":{"java":{"insertions":15,"deletions":6}}},{"hash":"887378a71b587d28d2024f1b1141ddb9b583cbf8","messageTitle":"style: print lines before and after output","messageBody":"","fileTypesAndContributionMap":{"java":{"insertions":4,"deletions":0}}},{"hash":"0c6ea439a4a2ea5c2c142f98c736448e2c410e64","messageTitle":"feat: add, list","messageBody":"","tags":["A-Collections"],"fileTypesAndContributionMap":{"java":{"insertions":9,"deletions":1}}},{"hash":"ffa34928e0d0a3e9e8f295d1a9826ed08317e7ea","messageTitle":"refactor: task class","messageBody":"","fileTypesAndContributionMap":{"java":{"insertions":18,"deletions":3}}}]},{"date":"2022-08-17","commitResults":[{"hash":"f4024884dd4021be4ac85ab2c45aa572da9cb166","messageTitle":"fix: allow whitespace in task","messageBody":"","tags":["Level-2"],"fileTypesAndContributionMap":{"java":{"insertions":1,"deletions":1}}},{"hash":"aeff80d19fd0b4619c5667d39678d3857a06bbc0","messageTitle":"refactor: mark and unmark in task class","messageBody":"","tags":["A-Classes"],"fileTypesAndContributionMap":{"java":{"insertions":12,"deletions":0}}},{"hash":"64a6bffee29ff658e18bdf5f93b43f4c854cb87c","messageTitle":"feat: mark","messageBody":"","fileTypesAndContributionMap":{"java":{"insertions":27,"deletions":12}}},{"hash":"6232df1304bdb75b2f1ff582abfe574ac2641d6b","messageTitle":"feat: unmark","messageBody":"","tags":["Level-3"],"fileTypesAndContributionMap":{"java":{"insertions":15,"deletions":4}}},{"hash":"d50253a01ad6254acf0c030f04162d593fb2b2ee","messageTitle":"refactor: todo, deadline, event classes","messageBody":"","fileTypesAndContributionMap":{"java":{"insertions":36,"deletions":0}}},{"hash":"866f2d9df4542a4d1f204f795b3c67ffea47a538","messageTitle":"feat: add todo, event, deadlines","messageBody":"","fileTypesAndContributionMap":{"java":{"insertions":31,"deletions":8}}},{"hash":"bc54f16b9ed52adf42d0297b88577edc071f5f57","messageTitle":"refactor: default task type will be todo; task class will be abstract","messageBody":"","tags":["Level-4"],"fileTypesAndContributionMap":{"java":{"insertions":4,"deletions":4}}},{"hash":"8853e231bceee87cadd5c2670a7a7209b00a135e","messageTitle":"feat: automated text ui testing","messageBody":"","tags":["A-TextUiTesting"],"fileTypesAndContributionMap":{"txt":{"insertions":10,"deletions":0}}},{"hash":"b0bbf8df3e6a45fb71a3430cd49f31cdada38dce","messageTitle":"feat: error checking","messageBody":"must prefix with todo, event, deadline to add task; unrecognised text\nwill print an error\nmarking and unmarking error -\u003e not a number provide; index out of range\ntodo error -\u003e no text\ndeadline/event error -\u003e no text; no time\nlsit error -\u003e no tasks in list\n","tags":["Level-5"],"fileTypesAndContributionMap":{"java":{"insertions":48,"deletions":23}}},{"hash":"9792c586a2107587d5060cc8920a22be7117e6f3","messageTitle":"feat: delete","messageBody":"","tags":["Level-6"],"fileTypesAndContributionMap":{"java":{"insertions":16,"deletions":0}}}]}]},"authorFileTypeContributionMap":{"zsiggg":{"java":180,"md":0,"fxml":0,"sh":0,"bat":0,"gradle":0,"txt":10}},"authorContributionVariance":{"zsiggg":8471.556},"authorDisplayNameMap":{"zsiggg":"CS2103T-F12-1 ZSIG..IYOU"}}
