{"authorDailyContributionsMap":{"bigcrushes":[{"date":"2022-08-17","commitResults":[{"hash":"67b7d8000930eada6e92ba6cd90c2ffbe7ab3f94","messageTitle":"Level-1","messageBody":"","tags":["Level-2","Level-1"],"fileTypesAndContributionMap":{"java":{"insertions":18,"deletions":0}}}]},{"date":"2022-08-18","commitResults":[{"hash":"bc8579a3f7bd4c0aa55eedc043f2745ff4ebcbfb","messageTitle":"Level-2","messageBody":"","fileTypesAndContributionMap":{"java":{"insertions":10,"deletions":2}}},{"hash":"63915c0afd0abdd0719c9a98a31ee950a5cc692e","messageTitle":"added mark and unmark","messageBody":"","tags":["Level-3"],"fileTypesAndContributionMap":{"java":{"insertions":40,"deletions":3}}},{"hash":"4938512a5ffa05a0e24c69bad4cf61c45702419f","messageTitle":"added todo, deadline, event classes","messageBody":"","tags":["Level-4"],"fileTypesAndContributionMap":{"java":{"insertions":87,"deletions":4}}},{"hash":"2ea1b0b3e14c96565a29bcb559bb475c8f221f87","messageTitle":"added automated text ui testing","messageBody":"","tags":["A-TextUiTesting"],"fileTypesAndContributionMap":{"txt":{"insertions":13,"deletions":0}}},{"hash":"6416745b965664d7e0243da80c0367e605319e63","messageTitle":"added exceptions for empty descriptions and unknown commands","messageBody":"","tags":["Level-5"],"fileTypesAndContributionMap":{"java":{"insertions":89,"deletions":57}}},{"hash":"6480112f7c4f98ac374770f2328ac8a5e99389c2","messageTitle":"added delete function","messageBody":"","tags":["Level-6"],"fileTypesAndContributionMap":{"java":{"insertions":9,"deletions":1}}}]},{"date":"2022-08-24","commitResults":[{"hash":"abdb41c78df4a0b0aa8aeb3cbb1369e2a286a66d","messageTitle":"Allow storing of tasks on harddrive","messageBody":"","tags":["Level-7"],"fileTypesAndContributionMap":{"java":{"insertions":81,"deletions":9}}},{"hash":"862944f347548c4a077d3b2915a2e8db947a14d7","messageTitle":"Add date time conversion functionality for deadlines and event timings","messageBody":"","tags":["Level-8"],"fileTypesAndContributionMap":{"java":{"insertions":22,"deletions":9}}},{"hash":"a0e50a4686e8ddf2918ec943d97de2dc4d9faa12","messageTitle":"Tidy up imports","messageBody":"","fileTypesAndContributionMap":{"java":{"insertions":1,"deletions":2}}},{"hash":"dfebe8f0943b3e7da4b1302ebedbb20aff7d0a64","messageTitle":"Fix merge conflicts","messageBody":"","fileTypesAndContributionMap":{"java":{"insertions":6,"deletions":9}}},{"hash":"ac0743a83f194d6fa9be28a39bff438cf66275c9","messageTitle":"Refactor code for more OOP","messageBody":"","fileTypesAndContributionMap":{"txt":{"insertions":2,"deletions":0},"java":{"insertions":372,"deletions":0}}},{"hash":"d3206c6648d693e13e63e124370e9014eeb801a2","messageTitle":"Refactor code for more OOP","messageBody":"","tags":["A-MoreOOP"],"fileTypesAndContributionMap":{"java":{"insertions":20,"deletions":272}}}]},{"date":"2022-08-25","commitResults":[{"hash":"c7be8b8b5cec061539e3a27c278d28da806a692f","messageTitle":"Add gradle support","messageBody":"","tags":["A-Jar","A-Gradle"],"fileTypesAndContributionMap":{"gradle":{"insertions":1,"deletions":1},"java":{"insertions":1,"deletions":1}}},{"hash":"031dab602d4f85c9f5f3c14b06704a058e359d74","messageTitle":"Add JUnit tests","messageBody":"","tags":["A-Packages","A-JUnit"],"fileTypesAndContributionMap":{"gradle":{"insertions":9,"deletions":0},"java":{"insertions":162,"deletions":8},"bat":{"insertions":1,"deletions":1},"md":{"insertions":2,"deletions":2}}},{"hash":"01f02bc401ca42ee3dc83090e880b0ed1f6a43ef","messageTitle":"Fix minor bugs","messageBody":"","fileTypesAndContributionMap":{"gradle":{"insertions":1,"deletions":1},"java":{"insertions":2,"deletions":2}}},{"hash":"ee84d3d0ac54c2fe72abb925c94bf9011b66640a","messageTitle":"Add javadocs and tweek code to comply with coding standards","messageBody":"","fileTypesAndContributionMap":{"gradle":{"insertions":6,"deletions":0},"java":{"insertions":236,"deletions":56}}},{"hash":"8899c2e4337616e1d6f70262ece574ae9f9c84de","messageTitle":"Add find command","messageBody":"","fileTypesAndContributionMap":{"txt":{"insertions":2,"deletions":0},"java":{"insertions":27,"deletions":1}}},{"hash":"13a9fb4671c536790cb2891da1a254478301cc4f","messageTitle":"Add javadocs","messageBody":"","fileTypesAndContributionMap":{"java":{"insertions":239,"deletions":57}}},{"hash":"5f62354f2993e2830932f24f465d059d5f7c87f6","messageTitle":"Add find command to find tasks with keyword","messageBody":"","fileTypesAndContributionMap":{"java":{"insertions":263,"deletions":57}}},{"hash":"92117af1e1e0a14535a0842578244efcb9bb9be4","messageTitle":"Deconflict merge conflicts","messageBody":"","fileTypesAndContributionMap":{"java":{"insertions":1,"deletions":7}}}]},{"date":"2022-08-29","commitResults":[{"hash":"94d43e195d484f75a40f9f4b5560640ef2aea923","messageTitle":"Add GUI for chatbot","messageBody":"","tags":["Level-10"],"fileTypesAndContributionMap":{"gradle":{"insertions":16,"deletions":6},"fxml":{"insertions":32,"deletions":0},"txt":{"insertions":4,"deletions":2},"java":{"insertions":235,"deletions":131}}},{"hash":"4f30d668738a9a1c9fa0442ba0abdd461fd5c23d","messageTitle":"Align code with java coding standards using checkstyle","messageBody":"","tags":["A-CheckStyle"],"fileTypesAndContributionMap":{"java":{"insertions":39,"deletions":8}}}]},{"date":"2022-09-05","commitResults":[{"hash":"064b51876920514a4e8ed48e0db2cc3040b8d5ff","messageTitle":"Improve code quality","messageBody":"","fileTypesAndContributionMap":{"fxml":{"insertions":2,"deletions":2},"txt":{"insertions":1,"deletions":1},"java":{"insertions":79,"deletions":76}}}]},{"date":"2022-09-06","commitResults":[{"hash":"5ab0a7682bbcfcc8b9ab77995a18a711cfb34de6","messageTitle":"Add assertions","messageBody":"","fileTypesAndContributionMap":{"java":{"insertions":2,"deletions":0}}},{"hash":"1cb2327cbcf587e43f49b83b82d2c7adbd7e74c8","messageTitle":"Add assertion","messageBody":"","fileTypesAndContributionMap":{"txt":{"insertions":1,"deletions":2},"java":{"insertions":29,"deletions":2}}},{"hash":"e4f42bfb61e350ae62987f7ad38f559efb3b2c8b","messageTitle":"Improve find","messageBody":"Find command only searches in task description\n\nA find command that is able to search for dates can add more\nfunctionality for the user.\n\nLet\u0027s,\n* update find algorithm to find text in dates\n* able to find words in any of the tasks\u0027 tags in future\n","fileTypesAndContributionMap":{"java":{"insertions":6,"deletions":5}}},{"hash":"68c6d2717baf394f23ff3ac137c78c2c36acf305","messageTitle":"Add tagging system","messageBody":"No tagging system in place currently.\n\nA tagging system will allow users to search\ntheir tasks by customisable tags.\n\nLet\u0027s,\n* implement a tagging system\n* let find command search tags too\n","tags":["C-Tagging","A-FullCommitMessage"],"fileTypesAndContributionMap":{"txt":{"insertions":2,"deletions":6},"java":{"insertions":88,"deletions":24}}}]}]},"authorFileTypeContributionMap":{"bigcrushes":{"java":998,"md":2,"fxml":32,"sh":0,"bat":1,"gradle":31,"txt":15}},"authorContributionVariance":{"bigcrushes":75939.91},"authorDisplayNameMap":{"bigcrushes":"CS2103T-T11-2 TEO ..LTON"}}
