[{"path":"data/duke.txt","fileType":"txt","lines":[{"lineNumber":1,"author":{"gitId":"rjkoh"},"content":"","lastModifiedDate":"2022-08-23"}],"authorContributionMap":{"rjkoh":1}},{"path":"src/main/java/Deadline.java","fileType":"java","lines":[{"lineNumber":1,"author":{"gitId":"rjkoh"},"content":"import java.time.LocalDate;","lastModifiedDate":"2022-08-22"},{"lineNumber":2,"author":{"gitId":"rjkoh"},"content":"","lastModifiedDate":"2022-08-22"},{"lineNumber":3,"author":{"gitId":"rjkoh"},"content":"public class Deadline extends Task {","lastModifiedDate":"2022-08-22"},{"lineNumber":4,"author":{"gitId":"rjkoh"},"content":"    private static final String type \u003d \"[D]\";","lastModifiedDate":"2022-08-22"},{"lineNumber":5,"author":{"gitId":"rjkoh"},"content":"    private LocalDate date;","lastModifiedDate":"2022-08-22"},{"lineNumber":6,"author":{"gitId":"rjkoh"},"content":"","lastModifiedDate":"2022-08-22"},{"lineNumber":7,"author":{"gitId":"rjkoh"},"content":"    public Deadline(String name, LocalDate date) throws MissingDescriptionException {","lastModifiedDate":"2022-08-23"},{"lineNumber":8,"author":{"gitId":"rjkoh"},"content":"        super(name);","lastModifiedDate":"2022-08-23"},{"lineNumber":9,"author":{"gitId":"rjkoh"},"content":"        this.date \u003d date;","lastModifiedDate":"2022-08-22"},{"lineNumber":10,"author":{"gitId":"rjkoh"},"content":"    }","lastModifiedDate":"2022-08-22"},{"lineNumber":11,"author":{"gitId":"rjkoh"},"content":"","lastModifiedDate":"2022-08-22"},{"lineNumber":12,"author":{"gitId":"rjkoh"},"content":"    @Override","lastModifiedDate":"2022-08-22"},{"lineNumber":13,"author":{"gitId":"rjkoh"},"content":"    public String toString() {","lastModifiedDate":"2022-08-22"},{"lineNumber":14,"author":{"gitId":"rjkoh"},"content":"        String comp \u003d this.completed","lastModifiedDate":"2022-08-22"},{"lineNumber":15,"author":{"gitId":"rjkoh"},"content":"                ? \"[X]\"","lastModifiedDate":"2022-08-22"},{"lineNumber":16,"author":{"gitId":"rjkoh"},"content":"                : \"[ ]\";","lastModifiedDate":"2022-08-22"},{"lineNumber":17,"author":{"gitId":"rjkoh"},"content":"        String dateString \u003d date.getDayOfMonth() + \" \" + date.getMonth().toString() + \" \" + date.getYear();","lastModifiedDate":"2022-08-22"},{"lineNumber":18,"author":{"gitId":"rjkoh"},"content":"        return type + comp + name + dateString;","lastModifiedDate":"2022-08-23"},{"lineNumber":19,"author":{"gitId":"rjkoh"},"content":"    }","lastModifiedDate":"2022-08-22"},{"lineNumber":20,"author":{"gitId":"rjkoh"},"content":"","lastModifiedDate":"2022-08-22"},{"lineNumber":21,"author":{"gitId":"rjkoh"},"content":"    @Override","lastModifiedDate":"2022-08-22"},{"lineNumber":22,"author":{"gitId":"rjkoh"},"content":"    public String toData() {","lastModifiedDate":"2022-08-23"},{"lineNumber":23,"author":{"gitId":"rjkoh"},"content":"        String type \u003d \"D\";","lastModifiedDate":"2022-08-23"},{"lineNumber":24,"author":{"gitId":"rjkoh"},"content":"        String completed \u003d this.completed ? \"1\" : \"0\";","lastModifiedDate":"2022-08-23"},{"lineNumber":25,"author":{"gitId":"rjkoh"},"content":"        String dt \u003d date.toString();","lastModifiedDate":"2022-08-23"},{"lineNumber":26,"author":{"gitId":"rjkoh"},"content":"        return type + \"//\" + completed +\"//\" + name + \"//\" + dt;","lastModifiedDate":"2022-08-23"},{"lineNumber":27,"author":{"gitId":"rjkoh"},"content":"    }","lastModifiedDate":"2022-08-22"},{"lineNumber":28,"author":{"gitId":"rjkoh"},"content":"","lastModifiedDate":"2022-08-23"},{"lineNumber":29,"author":{"gitId":"rjkoh"},"content":"}","lastModifiedDate":"2022-08-22"}],"authorContributionMap":{"rjkoh":29}},{"path":"src/main/java/Duke.java","fileType":"java","lines":[{"lineNumber":1,"author":{"gitId":"rjkoh"},"content":"import java.util.Scanner;","lastModifiedDate":"2022-08-18"},{"lineNumber":2,"author":{"gitId":"rjkoh"},"content":"","lastModifiedDate":"2022-08-18"},{"lineNumber":3,"author":{"gitId":"-"},"content":"public class Duke {","lastModifiedDate":"2022-08-22"},{"lineNumber":4,"author":{"gitId":"rjkoh"},"content":"    private Storage storage;","lastModifiedDate":"2022-08-23"},{"lineNumber":5,"author":{"gitId":"rjkoh"},"content":"    private TaskList tasks;","lastModifiedDate":"2022-08-23"},{"lineNumber":6,"author":{"gitId":"rjkoh"},"content":"    private Ui ui;","lastModifiedDate":"2022-08-23"},{"lineNumber":7,"author":{"gitId":"rjkoh"},"content":"","lastModifiedDate":"2022-08-22"},{"lineNumber":8,"author":{"gitId":"rjkoh"},"content":"    enum Type {","lastModifiedDate":"2022-08-23"},{"lineNumber":9,"author":{"gitId":"rjkoh"},"content":"        TODO,","lastModifiedDate":"2022-08-23"},{"lineNumber":10,"author":{"gitId":"rjkoh"},"content":"        DEADLINE,","lastModifiedDate":"2022-08-23"},{"lineNumber":11,"author":{"gitId":"rjkoh"},"content":"        EVENT","lastModifiedDate":"2022-08-23"},{"lineNumber":12,"author":{"gitId":"rjkoh"},"content":"    }","lastModifiedDate":"2022-08-22"},{"lineNumber":13,"author":{"gitId":"rjkoh"},"content":"","lastModifiedDate":"2022-08-22"},{"lineNumber":14,"author":{"gitId":"rjkoh"},"content":"    public Duke(String filePath) {","lastModifiedDate":"2022-08-23"},{"lineNumber":15,"author":{"gitId":"rjkoh"},"content":"        ui \u003d new Ui();","lastModifiedDate":"2022-08-23"},{"lineNumber":16,"author":{"gitId":"rjkoh"},"content":"        storage \u003d new Storage(filePath);","lastModifiedDate":"2022-08-23"},{"lineNumber":17,"author":{"gitId":"rjkoh"},"content":"        try {","lastModifiedDate":"2022-08-22"},{"lineNumber":18,"author":{"gitId":"rjkoh"},"content":"            tasks \u003d new TaskList(storage.load());","lastModifiedDate":"2022-08-23"},{"lineNumber":19,"author":{"gitId":"rjkoh"},"content":"        } catch (DukeException e) {","lastModifiedDate":"2022-08-23"},{"lineNumber":20,"author":{"gitId":"rjkoh"},"content":"            ui.showLoadingError();","lastModifiedDate":"2022-08-23"},{"lineNumber":21,"author":{"gitId":"rjkoh"},"content":"            tasks \u003d new TaskList();","lastModifiedDate":"2022-08-23"},{"lineNumber":22,"author":{"gitId":"rjkoh"},"content":"        }","lastModifiedDate":"2022-08-23"},{"lineNumber":23,"author":{"gitId":"rjkoh"},"content":"    }","lastModifiedDate":"2022-08-22"},{"lineNumber":24,"author":{"gitId":"rjkoh"},"content":"","lastModifiedDate":"2022-08-18"},{"lineNumber":25,"author":{"gitId":"rjkoh"},"content":"    public void run() {","lastModifiedDate":"2022-08-23"},{"lineNumber":26,"author":{"gitId":"rjkoh"},"content":"        ui.greet();","lastModifiedDate":"2022-08-23"},{"lineNumber":27,"author":{"gitId":"rjkoh"},"content":"        Scanner sc \u003d new Scanner(System.in);","lastModifiedDate":"2022-08-18"},{"lineNumber":28,"author":{"gitId":"rjkoh"},"content":"","lastModifiedDate":"2022-08-18"},{"lineNumber":29,"author":{"gitId":"rjkoh"},"content":"        while (true) {","lastModifiedDate":"2022-08-18"},{"lineNumber":30,"author":{"gitId":"rjkoh"},"content":"            String command \u003d sc.nextLine();","lastModifiedDate":"2022-08-23"},{"lineNumber":31,"author":{"gitId":"rjkoh"},"content":"            if (command.equals(\"bye\")) {","lastModifiedDate":"2022-08-23"},{"lineNumber":32,"author":{"gitId":"rjkoh"},"content":"                break;","lastModifiedDate":"2022-08-18"},{"lineNumber":33,"author":{"gitId":"rjkoh"},"content":"            }","lastModifiedDate":"2022-08-18"},{"lineNumber":34,"author":{"gitId":"rjkoh"},"content":"            try {","lastModifiedDate":"2022-08-22"},{"lineNumber":35,"author":{"gitId":"rjkoh"},"content":"                Parser.parse(command, tasks);","lastModifiedDate":"2022-08-23"},{"lineNumber":36,"author":{"gitId":"rjkoh"},"content":"            } catch (DukeException e) {","lastModifiedDate":"2022-08-23"},{"lineNumber":37,"author":{"gitId":"rjkoh"},"content":"                ui.printMessage(e.toString());","lastModifiedDate":"2022-08-23"},{"lineNumber":38,"author":{"gitId":"rjkoh"},"content":"            }","lastModifiedDate":"2022-08-22"},{"lineNumber":39,"author":{"gitId":"rjkoh"},"content":"        }","lastModifiedDate":"2022-08-22"},{"lineNumber":40,"author":{"gitId":"rjkoh"},"content":"","lastModifiedDate":"2022-08-23"},{"lineNumber":41,"author":{"gitId":"rjkoh"},"content":"        try {","lastModifiedDate":"2022-08-22"},{"lineNumber":42,"author":{"gitId":"rjkoh"},"content":"            storage.save(tasks);","lastModifiedDate":"2022-08-23"},{"lineNumber":43,"author":{"gitId":"rjkoh"},"content":"        } catch (DukeException e) {","lastModifiedDate":"2022-08-23"},{"lineNumber":44,"author":{"gitId":"rjkoh"},"content":"            ui.printMessage(e.toString());","lastModifiedDate":"2022-08-23"},{"lineNumber":45,"author":{"gitId":"rjkoh"},"content":"        }","lastModifiedDate":"2022-08-18"},{"lineNumber":46,"author":{"gitId":"rjkoh"},"content":"","lastModifiedDate":"2022-08-18"},{"lineNumber":47,"author":{"gitId":"rjkoh"},"content":"        ui.bye();","lastModifiedDate":"2022-08-23"},{"lineNumber":48,"author":{"gitId":"rjkoh"},"content":"","lastModifiedDate":"2022-08-18"},{"lineNumber":49,"author":{"gitId":"-"},"content":"    }","lastModifiedDate":"2019-07-29"},{"lineNumber":50,"author":{"gitId":"rjkoh"},"content":"","lastModifiedDate":"2022-08-23"},{"lineNumber":51,"author":{"gitId":"-"},"content":"    public static void main(String[] args) {","lastModifiedDate":"2022-08-23"},{"lineNumber":52,"author":{"gitId":"rjkoh"},"content":"        new Duke(\"data/duke.txt\").run();","lastModifiedDate":"2022-08-23"},{"lineNumber":53,"author":{"gitId":"-"},"content":"    }","lastModifiedDate":"2022-08-23"},{"lineNumber":54,"author":{"gitId":"-"},"content":"}","lastModifiedDate":"2019-07-29"}],"authorContributionMap":{"rjkoh":49,"-":5}},{"path":"src/main/java/DukeException.java","fileType":"java","lines":[{"lineNumber":1,"author":{"gitId":"rjkoh"},"content":"public class DukeException extends Exception {","lastModifiedDate":"2022-08-18"},{"lineNumber":2,"author":{"gitId":"rjkoh"},"content":"    private String message;","lastModifiedDate":"2022-08-23"},{"lineNumber":3,"author":{"gitId":"rjkoh"},"content":"","lastModifiedDate":"2022-08-23"},{"lineNumber":4,"author":{"gitId":"rjkoh"},"content":"    public DukeException(String message) {","lastModifiedDate":"2022-08-23"},{"lineNumber":5,"author":{"gitId":"rjkoh"},"content":"        super(message);","lastModifiedDate":"2022-08-23"},{"lineNumber":6,"author":{"gitId":"rjkoh"},"content":"        this.message \u003d message;","lastModifiedDate":"2022-08-23"},{"lineNumber":7,"author":{"gitId":"rjkoh"},"content":"    }","lastModifiedDate":"2022-08-23"},{"lineNumber":8,"author":{"gitId":"rjkoh"},"content":"","lastModifiedDate":"2022-08-23"},{"lineNumber":9,"author":{"gitId":"rjkoh"},"content":"    @Override","lastModifiedDate":"2022-08-23"},{"lineNumber":10,"author":{"gitId":"rjkoh"},"content":"    public String toString() {","lastModifiedDate":"2022-08-23"},{"lineNumber":11,"author":{"gitId":"rjkoh"},"content":"        return \"OOPS!! \" + message;","lastModifiedDate":"2022-08-23"},{"lineNumber":12,"author":{"gitId":"rjkoh"},"content":"    }","lastModifiedDate":"2022-08-23"},{"lineNumber":13,"author":{"gitId":"rjkoh"},"content":"}","lastModifiedDate":"2022-08-18"}],"authorContributionMap":{"rjkoh":13}},{"path":"src/main/java/Event.java","fileType":"java","lines":[{"lineNumber":1,"author":{"gitId":"rjkoh"},"content":"import java.time.LocalDateTime;","lastModifiedDate":"2022-08-22"},{"lineNumber":2,"author":{"gitId":"rjkoh"},"content":"","lastModifiedDate":"2022-08-22"},{"lineNumber":3,"author":{"gitId":"rjkoh"},"content":"public class Event extends Task {","lastModifiedDate":"2022-08-22"},{"lineNumber":4,"author":{"gitId":"rjkoh"},"content":"    private static final String type \u003d \"[E]\";","lastModifiedDate":"2022-08-22"},{"lineNumber":5,"author":{"gitId":"rjkoh"},"content":"    private LocalDateTime time;","lastModifiedDate":"2022-08-22"},{"lineNumber":6,"author":{"gitId":"rjkoh"},"content":"","lastModifiedDate":"2022-08-22"},{"lineNumber":7,"author":{"gitId":"rjkoh"},"content":"    public Event(String name,LocalDateTime time) throws MissingDescriptionException {","lastModifiedDate":"2022-08-23"},{"lineNumber":8,"author":{"gitId":"rjkoh"},"content":"        super(name);","lastModifiedDate":"2022-08-23"},{"lineNumber":9,"author":{"gitId":"rjkoh"},"content":"        this.time \u003d time;","lastModifiedDate":"2022-08-22"},{"lineNumber":10,"author":{"gitId":"rjkoh"},"content":"    }","lastModifiedDate":"2022-08-22"},{"lineNumber":11,"author":{"gitId":"rjkoh"},"content":"","lastModifiedDate":"2022-08-22"},{"lineNumber":12,"author":{"gitId":"rjkoh"},"content":"    @Override","lastModifiedDate":"2022-08-22"},{"lineNumber":13,"author":{"gitId":"rjkoh"},"content":"    public String toString() {","lastModifiedDate":"2022-08-22"},{"lineNumber":14,"author":{"gitId":"rjkoh"},"content":"        String comp \u003d this.completed","lastModifiedDate":"2022-08-22"},{"lineNumber":15,"author":{"gitId":"rjkoh"},"content":"                ? \"[X]\"","lastModifiedDate":"2022-08-22"},{"lineNumber":16,"author":{"gitId":"rjkoh"},"content":"                : \"[ ]\";","lastModifiedDate":"2022-08-22"},{"lineNumber":17,"author":{"gitId":"rjkoh"},"content":"        int year \u003d time.getYear();","lastModifiedDate":"2022-08-22"},{"lineNumber":18,"author":{"gitId":"rjkoh"},"content":"        String month \u003d time.getMonth().toString();","lastModifiedDate":"2022-08-22"},{"lineNumber":19,"author":{"gitId":"rjkoh"},"content":"        int date \u003d time.getDayOfMonth();","lastModifiedDate":"2022-08-22"},{"lineNumber":20,"author":{"gitId":"rjkoh"},"content":"        int hour \u003d time.getHour();","lastModifiedDate":"2022-08-22"},{"lineNumber":21,"author":{"gitId":"rjkoh"},"content":"        int minute \u003d time.getMinute();","lastModifiedDate":"2022-08-22"},{"lineNumber":22,"author":{"gitId":"rjkoh"},"content":"        String dateString \u003d date + \" \" + month + \" \" + year + \" \" + hour + \":\" + minute;","lastModifiedDate":"2022-08-22"},{"lineNumber":23,"author":{"gitId":"rjkoh"},"content":"        return type + comp + name + dateString;","lastModifiedDate":"2022-08-23"},{"lineNumber":24,"author":{"gitId":"rjkoh"},"content":"    }","lastModifiedDate":"2022-08-22"},{"lineNumber":25,"author":{"gitId":"rjkoh"},"content":"","lastModifiedDate":"2022-08-22"},{"lineNumber":26,"author":{"gitId":"rjkoh"},"content":"    @Override","lastModifiedDate":"2022-08-22"},{"lineNumber":27,"author":{"gitId":"rjkoh"},"content":"    public String toData() {","lastModifiedDate":"2022-08-23"},{"lineNumber":28,"author":{"gitId":"rjkoh"},"content":"        String type \u003d \"E\";","lastModifiedDate":"2022-08-23"},{"lineNumber":29,"author":{"gitId":"rjkoh"},"content":"        String completed \u003d this.completed ? \"1\" : \"0\";","lastModifiedDate":"2022-08-23"},{"lineNumber":30,"author":{"gitId":"rjkoh"},"content":"        int year \u003d time.getYear();","lastModifiedDate":"2022-08-22"},{"lineNumber":31,"author":{"gitId":"rjkoh"},"content":"        int month \u003d time.getMonthValue();","lastModifiedDate":"2022-08-23"},{"lineNumber":32,"author":{"gitId":"rjkoh"},"content":"        int date \u003d time.getDayOfMonth();","lastModifiedDate":"2022-08-22"},{"lineNumber":33,"author":{"gitId":"rjkoh"},"content":"        int hour \u003d time.getHour();","lastModifiedDate":"2022-08-22"},{"lineNumber":34,"author":{"gitId":"rjkoh"},"content":"        int minute \u003d time.getMinute();","lastModifiedDate":"2022-08-22"},{"lineNumber":35,"author":{"gitId":"rjkoh"},"content":"        return type + \"//\" + completed +\"//\" + name + \"//\" + year + \"-\" + month + \"-\" + date + \"//\" + hour + \":\" + minute;","lastModifiedDate":"2022-08-23"},{"lineNumber":36,"author":{"gitId":"rjkoh"},"content":"    }","lastModifiedDate":"2022-08-22"},{"lineNumber":37,"author":{"gitId":"rjkoh"},"content":"}","lastModifiedDate":"2022-08-22"}],"authorContributionMap":{"rjkoh":37}},{"path":"src/main/java/MissingDescriptionException.java","fileType":"java","lines":[{"lineNumber":1,"author":{"gitId":"rjkoh"},"content":"public class MissingDescriptionException extends DukeException {","lastModifiedDate":"2022-08-18"},{"lineNumber":2,"author":{"gitId":"rjkoh"},"content":"    public MissingDescriptionException() {","lastModifiedDate":"2022-08-23"},{"lineNumber":3,"author":{"gitId":"rjkoh"},"content":"        super(\"OOPS!!! The description of a task cannot be empty.\");","lastModifiedDate":"2022-08-23"},{"lineNumber":4,"author":{"gitId":"rjkoh"},"content":"    }","lastModifiedDate":"2022-08-23"},{"lineNumber":5,"author":{"gitId":"rjkoh"},"content":"","lastModifiedDate":"2022-08-23"},{"lineNumber":6,"author":{"gitId":"rjkoh"},"content":"    @Override","lastModifiedDate":"2022-08-18"},{"lineNumber":7,"author":{"gitId":"rjkoh"},"content":"    public String toString() {","lastModifiedDate":"2022-08-18"},{"lineNumber":8,"author":{"gitId":"rjkoh"},"content":"        return \"OOPS!!! The description of a task cannot be empty.\";","lastModifiedDate":"2022-08-18"},{"lineNumber":9,"author":{"gitId":"rjkoh"},"content":"    }","lastModifiedDate":"2022-08-18"},{"lineNumber":10,"author":{"gitId":"rjkoh"},"content":"}","lastModifiedDate":"2022-08-18"}],"authorContributionMap":{"rjkoh":10}},{"path":"src/main/java/Parser.java","fileType":"java","lines":[{"lineNumber":1,"author":{"gitId":"rjkoh"},"content":"public class Parser {","lastModifiedDate":"2022-08-23"},{"lineNumber":2,"author":{"gitId":"rjkoh"},"content":"    private static Ui ui \u003d new Ui();","lastModifiedDate":"2022-08-23"},{"lineNumber":3,"author":{"gitId":"rjkoh"},"content":"    public static void parse(String command, TaskList tasks) throws DukeException {","lastModifiedDate":"2022-08-23"},{"lineNumber":4,"author":{"gitId":"rjkoh"},"content":"        if (command.equals(\"list\")) {","lastModifiedDate":"2022-08-23"},{"lineNumber":5,"author":{"gitId":"rjkoh"},"content":"            ui.printMessage(tasks.toString());","lastModifiedDate":"2022-08-23"},{"lineNumber":6,"author":{"gitId":"rjkoh"},"content":"        } else if (command.startsWith(\"mark\")) {","lastModifiedDate":"2022-08-23"},{"lineNumber":7,"author":{"gitId":"rjkoh"},"content":"            String str \u003d command.replace(\"mark \", \"\");","lastModifiedDate":"2022-08-23"},{"lineNumber":8,"author":{"gitId":"rjkoh"},"content":"            int index \u003d Integer.valueOf(str);","lastModifiedDate":"2022-08-23"},{"lineNumber":9,"author":{"gitId":"rjkoh"},"content":"            tasks.mark(index);","lastModifiedDate":"2022-08-23"},{"lineNumber":10,"author":{"gitId":"rjkoh"},"content":"            ui.printMessage(\"Nice! I\u0027ve marked this task as done:\\n\" + tasks.getString(index));","lastModifiedDate":"2022-08-23"},{"lineNumber":11,"author":{"gitId":"rjkoh"},"content":"        } else if (command.startsWith(\"unmark\")) {","lastModifiedDate":"2022-08-23"},{"lineNumber":12,"author":{"gitId":"rjkoh"},"content":"            String str \u003d command.replace(\"unmark \", \"\");","lastModifiedDate":"2022-08-23"},{"lineNumber":13,"author":{"gitId":"rjkoh"},"content":"            int index \u003d Integer.valueOf(str);","lastModifiedDate":"2022-08-23"},{"lineNumber":14,"author":{"gitId":"rjkoh"},"content":"            tasks.unmark(index);","lastModifiedDate":"2022-08-23"},{"lineNumber":15,"author":{"gitId":"rjkoh"},"content":"            ui.printMessage(\"Nice! I\u0027ve marked this task as done:\\n\" + tasks.getString(index));","lastModifiedDate":"2022-08-23"},{"lineNumber":16,"author":{"gitId":"rjkoh"},"content":"        } else if (command.startsWith(\"todo\")) {","lastModifiedDate":"2022-08-23"},{"lineNumber":17,"author":{"gitId":"rjkoh"},"content":"            String str \u003d command.replace(\"todo\", \"\");","lastModifiedDate":"2022-08-23"},{"lineNumber":18,"author":{"gitId":"rjkoh"},"content":"            tasks.add(str, Duke.Type.TODO);","lastModifiedDate":"2022-08-23"},{"lineNumber":19,"author":{"gitId":"rjkoh"},"content":"        } else if (command.startsWith(\"deadline\")) {","lastModifiedDate":"2022-08-23"},{"lineNumber":20,"author":{"gitId":"rjkoh"},"content":"            tasks.add(command, Duke.Type.DEADLINE);","lastModifiedDate":"2022-08-23"},{"lineNumber":21,"author":{"gitId":"rjkoh"},"content":"        } else if (command.startsWith(\"event\")) {","lastModifiedDate":"2022-08-23"},{"lineNumber":22,"author":{"gitId":"rjkoh"},"content":"            tasks.add(command, Duke.Type.EVENT);","lastModifiedDate":"2022-08-23"},{"lineNumber":23,"author":{"gitId":"rjkoh"},"content":"        } else if (command.startsWith(\"delete\")) {","lastModifiedDate":"2022-08-23"},{"lineNumber":24,"author":{"gitId":"rjkoh"},"content":"            tasks.delete(command);","lastModifiedDate":"2022-08-23"},{"lineNumber":25,"author":{"gitId":"rjkoh"},"content":"        } else {","lastModifiedDate":"2022-08-23"},{"lineNumber":26,"author":{"gitId":"rjkoh"},"content":"            throw new UnknownInputException();","lastModifiedDate":"2022-08-23"},{"lineNumber":27,"author":{"gitId":"rjkoh"},"content":"        }","lastModifiedDate":"2022-08-23"},{"lineNumber":28,"author":{"gitId":"rjkoh"},"content":"    }","lastModifiedDate":"2022-08-23"},{"lineNumber":29,"author":{"gitId":"rjkoh"},"content":"}","lastModifiedDate":"2022-08-23"}],"authorContributionMap":{"rjkoh":29}},{"path":"src/main/java/Storage.java","fileType":"java","lines":[{"lineNumber":1,"author":{"gitId":"rjkoh"},"content":"import java.io.File;","lastModifiedDate":"2022-08-23"},{"lineNumber":2,"author":{"gitId":"rjkoh"},"content":"import java.io.FileNotFoundException;","lastModifiedDate":"2022-08-23"},{"lineNumber":3,"author":{"gitId":"rjkoh"},"content":"import java.io.FileWriter;","lastModifiedDate":"2022-08-23"},{"lineNumber":4,"author":{"gitId":"rjkoh"},"content":"import java.io.IOException;","lastModifiedDate":"2022-08-23"},{"lineNumber":5,"author":{"gitId":"rjkoh"},"content":"import java.time.LocalDate;","lastModifiedDate":"2022-08-23"},{"lineNumber":6,"author":{"gitId":"rjkoh"},"content":"import java.time.LocalDateTime;","lastModifiedDate":"2022-08-23"},{"lineNumber":7,"author":{"gitId":"rjkoh"},"content":"import java.time.format.DateTimeFormatter;","lastModifiedDate":"2022-08-23"},{"lineNumber":8,"author":{"gitId":"rjkoh"},"content":"import java.util.ArrayList;","lastModifiedDate":"2022-08-23"},{"lineNumber":9,"author":{"gitId":"rjkoh"},"content":"import java.util.Scanner;","lastModifiedDate":"2022-08-23"},{"lineNumber":10,"author":{"gitId":"rjkoh"},"content":"","lastModifiedDate":"2022-08-23"},{"lineNumber":11,"author":{"gitId":"rjkoh"},"content":"public class Storage {","lastModifiedDate":"2022-08-23"},{"lineNumber":12,"author":{"gitId":"rjkoh"},"content":"    private String filePath;","lastModifiedDate":"2022-08-23"},{"lineNumber":13,"author":{"gitId":"rjkoh"},"content":"","lastModifiedDate":"2022-08-23"},{"lineNumber":14,"author":{"gitId":"rjkoh"},"content":"    public Storage(String filePath) {","lastModifiedDate":"2022-08-23"},{"lineNumber":15,"author":{"gitId":"rjkoh"},"content":"        this.filePath \u003d filePath;","lastModifiedDate":"2022-08-23"},{"lineNumber":16,"author":{"gitId":"rjkoh"},"content":"    }","lastModifiedDate":"2022-08-23"},{"lineNumber":17,"author":{"gitId":"rjkoh"},"content":"","lastModifiedDate":"2022-08-23"},{"lineNumber":18,"author":{"gitId":"rjkoh"},"content":"    public ArrayList\u003cTask\u003e load() throws DukeException {","lastModifiedDate":"2022-08-23"},{"lineNumber":19,"author":{"gitId":"rjkoh"},"content":"        ArrayList\u003cTask\u003e tasks \u003d new ArrayList\u003c\u003e();","lastModifiedDate":"2022-08-23"},{"lineNumber":20,"author":{"gitId":"rjkoh"},"content":"        if (createFile()) {","lastModifiedDate":"2022-08-23"},{"lineNumber":21,"author":{"gitId":"rjkoh"},"content":"            try {","lastModifiedDate":"2022-08-23"},{"lineNumber":22,"author":{"gitId":"rjkoh"},"content":"                File f \u003d new File(filePath);","lastModifiedDate":"2022-08-23"},{"lineNumber":23,"author":{"gitId":"rjkoh"},"content":"                Scanner s \u003d new Scanner(f);","lastModifiedDate":"2022-08-23"},{"lineNumber":24,"author":{"gitId":"rjkoh"},"content":"                while (s.hasNext()) {","lastModifiedDate":"2022-08-23"},{"lineNumber":25,"author":{"gitId":"rjkoh"},"content":"                    String data \u003d s.nextLine();","lastModifiedDate":"2022-08-23"},{"lineNumber":26,"author":{"gitId":"rjkoh"},"content":"                    String[] info \u003d data.split(\"//\");","lastModifiedDate":"2022-08-23"},{"lineNumber":27,"author":{"gitId":"rjkoh"},"content":"                    String type \u003d info[0];","lastModifiedDate":"2022-08-23"},{"lineNumber":28,"author":{"gitId":"rjkoh"},"content":"                    String done \u003d info[1];","lastModifiedDate":"2022-08-23"},{"lineNumber":29,"author":{"gitId":"rjkoh"},"content":"                    String name \u003d info[2];","lastModifiedDate":"2022-08-23"},{"lineNumber":30,"author":{"gitId":"rjkoh"},"content":"                    if (type.equals(\"T\")) {","lastModifiedDate":"2022-08-23"},{"lineNumber":31,"author":{"gitId":"rjkoh"},"content":"                        Task todo \u003d new Todo(name);","lastModifiedDate":"2022-08-23"},{"lineNumber":32,"author":{"gitId":"rjkoh"},"content":"                        if (done.equals(\"1\")) {","lastModifiedDate":"2022-08-23"},{"lineNumber":33,"author":{"gitId":"rjkoh"},"content":"                            todo.mark();","lastModifiedDate":"2022-08-23"},{"lineNumber":34,"author":{"gitId":"rjkoh"},"content":"                        }","lastModifiedDate":"2022-08-23"},{"lineNumber":35,"author":{"gitId":"rjkoh"},"content":"                        tasks.add(todo);","lastModifiedDate":"2022-08-23"},{"lineNumber":36,"author":{"gitId":"rjkoh"},"content":"                    } else if (type.equals(\"D\")) {","lastModifiedDate":"2022-08-23"},{"lineNumber":37,"author":{"gitId":"rjkoh"},"content":"                        Task deadline \u003d new Deadline(name, LocalDate.parse(info[3]));","lastModifiedDate":"2022-08-23"},{"lineNumber":38,"author":{"gitId":"rjkoh"},"content":"                        if (done.equals(\"1\")) {","lastModifiedDate":"2022-08-23"},{"lineNumber":39,"author":{"gitId":"rjkoh"},"content":"                            deadline.mark();","lastModifiedDate":"2022-08-23"},{"lineNumber":40,"author":{"gitId":"rjkoh"},"content":"                        }","lastModifiedDate":"2022-08-23"},{"lineNumber":41,"author":{"gitId":"rjkoh"},"content":"                        tasks.add(deadline);","lastModifiedDate":"2022-08-23"},{"lineNumber":42,"author":{"gitId":"rjkoh"},"content":"                    } else if (type.equals(\"E\")) {","lastModifiedDate":"2022-08-23"},{"lineNumber":43,"author":{"gitId":"rjkoh"},"content":"                        String date \u003d info[3];","lastModifiedDate":"2022-08-23"},{"lineNumber":44,"author":{"gitId":"rjkoh"},"content":"                        String time \u003d info[4];","lastModifiedDate":"2022-08-23"},{"lineNumber":45,"author":{"gitId":"rjkoh"},"content":"                        String dt \u003d date + \" \" + time;","lastModifiedDate":"2022-08-23"},{"lineNumber":46,"author":{"gitId":"rjkoh"},"content":"                        Task event \u003d new Event(name, LocalDateTime.parse(dt, DateTimeFormatter.ofPattern(\"yyyy-MM-dd HH:mm\")));","lastModifiedDate":"2022-08-23"},{"lineNumber":47,"author":{"gitId":"rjkoh"},"content":"                        if (done.equals(\"1\")) {","lastModifiedDate":"2022-08-23"},{"lineNumber":48,"author":{"gitId":"rjkoh"},"content":"                            event.mark();","lastModifiedDate":"2022-08-23"},{"lineNumber":49,"author":{"gitId":"rjkoh"},"content":"                        }","lastModifiedDate":"2022-08-23"},{"lineNumber":50,"author":{"gitId":"rjkoh"},"content":"                        tasks.add(event);","lastModifiedDate":"2022-08-23"},{"lineNumber":51,"author":{"gitId":"rjkoh"},"content":"                    } else {","lastModifiedDate":"2022-08-23"},{"lineNumber":52,"author":{"gitId":"rjkoh"},"content":"                        throw new DukeException(\"Unknown Task type in text file\");","lastModifiedDate":"2022-08-23"},{"lineNumber":53,"author":{"gitId":"rjkoh"},"content":"                    }","lastModifiedDate":"2022-08-23"},{"lineNumber":54,"author":{"gitId":"rjkoh"},"content":"                }","lastModifiedDate":"2022-08-23"},{"lineNumber":55,"author":{"gitId":"rjkoh"},"content":"            } catch (FileNotFoundException e) {","lastModifiedDate":"2022-08-23"},{"lineNumber":56,"author":{"gitId":"rjkoh"},"content":"                throw new DukeException(\"File does not exist\");","lastModifiedDate":"2022-08-23"},{"lineNumber":57,"author":{"gitId":"rjkoh"},"content":"            }","lastModifiedDate":"2022-08-23"},{"lineNumber":58,"author":{"gitId":"rjkoh"},"content":"        }","lastModifiedDate":"2022-08-23"},{"lineNumber":59,"author":{"gitId":"rjkoh"},"content":"        return tasks;","lastModifiedDate":"2022-08-23"},{"lineNumber":60,"author":{"gitId":"rjkoh"},"content":"    }","lastModifiedDate":"2022-08-23"},{"lineNumber":61,"author":{"gitId":"rjkoh"},"content":"","lastModifiedDate":"2022-08-23"},{"lineNumber":62,"author":{"gitId":"rjkoh"},"content":"    public void save(TaskList tasks) throws DukeException {","lastModifiedDate":"2022-08-23"},{"lineNumber":63,"author":{"gitId":"rjkoh"},"content":"        try {","lastModifiedDate":"2022-08-23"},{"lineNumber":64,"author":{"gitId":"rjkoh"},"content":"            FileWriter fw \u003d new FileWriter(filePath);","lastModifiedDate":"2022-08-23"},{"lineNumber":65,"author":{"gitId":"rjkoh"},"content":"            String text \u003d tasks.toData();","lastModifiedDate":"2022-08-23"},{"lineNumber":66,"author":{"gitId":"rjkoh"},"content":"            fw.write(text);","lastModifiedDate":"2022-08-23"},{"lineNumber":67,"author":{"gitId":"rjkoh"},"content":"            fw.close();","lastModifiedDate":"2022-08-23"},{"lineNumber":68,"author":{"gitId":"rjkoh"},"content":"        } catch (IOException e) {","lastModifiedDate":"2022-08-23"},{"lineNumber":69,"author":{"gitId":"rjkoh"},"content":"            throw new DukeException(\"Error saving output file\");","lastModifiedDate":"2022-08-23"},{"lineNumber":70,"author":{"gitId":"rjkoh"},"content":"        }","lastModifiedDate":"2022-08-23"},{"lineNumber":71,"author":{"gitId":"rjkoh"},"content":"    }","lastModifiedDate":"2022-08-23"},{"lineNumber":72,"author":{"gitId":"rjkoh"},"content":"","lastModifiedDate":"2022-08-23"},{"lineNumber":73,"author":{"gitId":"rjkoh"},"content":"    private boolean createFile() throws DukeException {","lastModifiedDate":"2022-08-23"},{"lineNumber":74,"author":{"gitId":"rjkoh"},"content":"        boolean created \u003d false;","lastModifiedDate":"2022-08-23"},{"lineNumber":75,"author":{"gitId":"rjkoh"},"content":"        File data \u003d new File(\"data\");","lastModifiedDate":"2022-08-23"},{"lineNumber":76,"author":{"gitId":"rjkoh"},"content":"        File f \u003d new File(filePath);","lastModifiedDate":"2022-08-23"},{"lineNumber":77,"author":{"gitId":"rjkoh"},"content":"        try {","lastModifiedDate":"2022-08-23"},{"lineNumber":78,"author":{"gitId":"rjkoh"},"content":"            data.mkdir();","lastModifiedDate":"2022-08-23"},{"lineNumber":79,"author":{"gitId":"rjkoh"},"content":"            if (!f.createNewFile()) {","lastModifiedDate":"2022-08-23"},{"lineNumber":80,"author":{"gitId":"rjkoh"},"content":"                created \u003d true;","lastModifiedDate":"2022-08-23"},{"lineNumber":81,"author":{"gitId":"rjkoh"},"content":"            }","lastModifiedDate":"2022-08-23"},{"lineNumber":82,"author":{"gitId":"rjkoh"},"content":"        } catch (IOException e) {","lastModifiedDate":"2022-08-23"},{"lineNumber":83,"author":{"gitId":"rjkoh"},"content":"            throw new DukeException(\"Error creating text file\");","lastModifiedDate":"2022-08-23"},{"lineNumber":84,"author":{"gitId":"rjkoh"},"content":"        }","lastModifiedDate":"2022-08-23"},{"lineNumber":85,"author":{"gitId":"rjkoh"},"content":"        return created;","lastModifiedDate":"2022-08-23"},{"lineNumber":86,"author":{"gitId":"rjkoh"},"content":"","lastModifiedDate":"2022-08-23"},{"lineNumber":87,"author":{"gitId":"rjkoh"},"content":"    }","lastModifiedDate":"2022-08-23"},{"lineNumber":88,"author":{"gitId":"rjkoh"},"content":"}","lastModifiedDate":"2022-08-23"}],"authorContributionMap":{"rjkoh":88}},{"path":"src/main/java/Task.java","fileType":"java","lines":[{"lineNumber":1,"author":{"gitId":"rjkoh"},"content":"public class Task {","lastModifiedDate":"2022-08-22"},{"lineNumber":2,"author":{"gitId":"rjkoh"},"content":"    protected boolean completed;","lastModifiedDate":"2022-08-22"},{"lineNumber":3,"author":{"gitId":"rjkoh"},"content":"    protected String name;","lastModifiedDate":"2022-08-22"},{"lineNumber":4,"author":{"gitId":"rjkoh"},"content":"","lastModifiedDate":"2022-08-22"},{"lineNumber":5,"author":{"gitId":"rjkoh"},"content":"    public Task(String name) throws MissingDescriptionException {","lastModifiedDate":"2022-08-23"},{"lineNumber":6,"author":{"gitId":"rjkoh"},"content":"        if (name.equals(\"\") || name.equals(\" \")) {","lastModifiedDate":"2022-08-22"},{"lineNumber":7,"author":{"gitId":"rjkoh"},"content":"            throw new MissingDescriptionException();","lastModifiedDate":"2022-08-22"},{"lineNumber":8,"author":{"gitId":"rjkoh"},"content":"        } else {","lastModifiedDate":"2022-08-22"},{"lineNumber":9,"author":{"gitId":"rjkoh"},"content":"            this.name \u003d name;","lastModifiedDate":"2022-08-22"},{"lineNumber":10,"author":{"gitId":"rjkoh"},"content":"            this.completed \u003d false;","lastModifiedDate":"2022-08-22"},{"lineNumber":11,"author":{"gitId":"rjkoh"},"content":"        }","lastModifiedDate":"2022-08-22"},{"lineNumber":12,"author":{"gitId":"rjkoh"},"content":"","lastModifiedDate":"2022-08-22"},{"lineNumber":13,"author":{"gitId":"rjkoh"},"content":"    }","lastModifiedDate":"2022-08-22"},{"lineNumber":14,"author":{"gitId":"rjkoh"},"content":"","lastModifiedDate":"2022-08-22"},{"lineNumber":15,"author":{"gitId":"rjkoh"},"content":"    public void mark() {","lastModifiedDate":"2022-08-22"},{"lineNumber":16,"author":{"gitId":"rjkoh"},"content":"        this.completed \u003d true;","lastModifiedDate":"2022-08-22"},{"lineNumber":17,"author":{"gitId":"rjkoh"},"content":"    }","lastModifiedDate":"2022-08-22"},{"lineNumber":18,"author":{"gitId":"rjkoh"},"content":"","lastModifiedDate":"2022-08-22"},{"lineNumber":19,"author":{"gitId":"rjkoh"},"content":"    public void unmark() {","lastModifiedDate":"2022-08-22"},{"lineNumber":20,"author":{"gitId":"rjkoh"},"content":"        this.completed \u003d false;","lastModifiedDate":"2022-08-22"},{"lineNumber":21,"author":{"gitId":"rjkoh"},"content":"    }","lastModifiedDate":"2022-08-22"},{"lineNumber":22,"author":{"gitId":"rjkoh"},"content":"","lastModifiedDate":"2022-08-22"},{"lineNumber":23,"author":{"gitId":"rjkoh"},"content":"    @Override","lastModifiedDate":"2022-08-22"},{"lineNumber":24,"author":{"gitId":"rjkoh"},"content":"    public String toString() {","lastModifiedDate":"2022-08-22"},{"lineNumber":25,"author":{"gitId":"rjkoh"},"content":"        String comp \u003d this.completed","lastModifiedDate":"2022-08-22"},{"lineNumber":26,"author":{"gitId":"rjkoh"},"content":"                ? \"[X]\"","lastModifiedDate":"2022-08-22"},{"lineNumber":27,"author":{"gitId":"rjkoh"},"content":"                : \"[ ]\";","lastModifiedDate":"2022-08-22"},{"lineNumber":28,"author":{"gitId":"rjkoh"},"content":"        return comp + name;","lastModifiedDate":"2022-08-22"},{"lineNumber":29,"author":{"gitId":"rjkoh"},"content":"    }","lastModifiedDate":"2022-08-22"},{"lineNumber":30,"author":{"gitId":"rjkoh"},"content":"","lastModifiedDate":"2022-08-22"},{"lineNumber":31,"author":{"gitId":"rjkoh"},"content":"    public String toData() {","lastModifiedDate":"2022-08-23"},{"lineNumber":32,"author":{"gitId":"rjkoh"},"content":"        return this.toString();","lastModifiedDate":"2022-08-23"},{"lineNumber":33,"author":{"gitId":"rjkoh"},"content":"    }","lastModifiedDate":"2022-08-22"},{"lineNumber":34,"author":{"gitId":"rjkoh"},"content":"}","lastModifiedDate":"2022-08-22"}],"authorContributionMap":{"rjkoh":34}},{"path":"src/main/java/TaskList.java","fileType":"java","lines":[{"lineNumber":1,"author":{"gitId":"rjkoh"},"content":"import java.time.LocalDate;","lastModifiedDate":"2022-08-23"},{"lineNumber":2,"author":{"gitId":"rjkoh"},"content":"import java.time.LocalDateTime;","lastModifiedDate":"2022-08-23"},{"lineNumber":3,"author":{"gitId":"rjkoh"},"content":"import java.time.LocalTime;","lastModifiedDate":"2022-08-23"},{"lineNumber":4,"author":{"gitId":"rjkoh"},"content":"import java.time.format.DateTimeParseException;","lastModifiedDate":"2022-08-23"},{"lineNumber":5,"author":{"gitId":"rjkoh"},"content":"import java.util.ArrayList;","lastModifiedDate":"2022-08-23"},{"lineNumber":6,"author":{"gitId":"rjkoh"},"content":"","lastModifiedDate":"2022-08-23"},{"lineNumber":7,"author":{"gitId":"rjkoh"},"content":"public class TaskList {","lastModifiedDate":"2022-08-23"},{"lineNumber":8,"author":{"gitId":"rjkoh"},"content":"    private ArrayList\u003cTask\u003e tasks;","lastModifiedDate":"2022-08-23"},{"lineNumber":9,"author":{"gitId":"rjkoh"},"content":"    private int count;","lastModifiedDate":"2022-08-23"},{"lineNumber":10,"author":{"gitId":"rjkoh"},"content":"","lastModifiedDate":"2022-08-23"},{"lineNumber":11,"author":{"gitId":"rjkoh"},"content":"    public TaskList() {","lastModifiedDate":"2022-08-23"},{"lineNumber":12,"author":{"gitId":"rjkoh"},"content":"        this.tasks \u003d new ArrayList\u003c\u003e();","lastModifiedDate":"2022-08-23"},{"lineNumber":13,"author":{"gitId":"rjkoh"},"content":"        this.count \u003d 0;","lastModifiedDate":"2022-08-23"},{"lineNumber":14,"author":{"gitId":"rjkoh"},"content":"    }","lastModifiedDate":"2022-08-23"},{"lineNumber":15,"author":{"gitId":"rjkoh"},"content":"","lastModifiedDate":"2022-08-23"},{"lineNumber":16,"author":{"gitId":"rjkoh"},"content":"    public TaskList(ArrayList\u003cTask\u003e tasks) {","lastModifiedDate":"2022-08-23"},{"lineNumber":17,"author":{"gitId":"rjkoh"},"content":"        this.tasks \u003d tasks;","lastModifiedDate":"2022-08-23"},{"lineNumber":18,"author":{"gitId":"rjkoh"},"content":"        this.count \u003d tasks.size();","lastModifiedDate":"2022-08-23"},{"lineNumber":19,"author":{"gitId":"rjkoh"},"content":"    }","lastModifiedDate":"2022-08-23"},{"lineNumber":20,"author":{"gitId":"rjkoh"},"content":"","lastModifiedDate":"2022-08-23"},{"lineNumber":21,"author":{"gitId":"rjkoh"},"content":"    public void mark(int index) {","lastModifiedDate":"2022-08-23"},{"lineNumber":22,"author":{"gitId":"rjkoh"},"content":"        tasks.get(index - 1).mark();","lastModifiedDate":"2022-08-23"},{"lineNumber":23,"author":{"gitId":"rjkoh"},"content":"    }","lastModifiedDate":"2022-08-23"},{"lineNumber":24,"author":{"gitId":"rjkoh"},"content":"","lastModifiedDate":"2022-08-23"},{"lineNumber":25,"author":{"gitId":"rjkoh"},"content":"    public void unmark(int index) {","lastModifiedDate":"2022-08-23"},{"lineNumber":26,"author":{"gitId":"rjkoh"},"content":"        tasks.get(index - 1).unmark();","lastModifiedDate":"2022-08-23"},{"lineNumber":27,"author":{"gitId":"rjkoh"},"content":"    }","lastModifiedDate":"2022-08-23"},{"lineNumber":28,"author":{"gitId":"rjkoh"},"content":"","lastModifiedDate":"2022-08-23"},{"lineNumber":29,"author":{"gitId":"rjkoh"},"content":"    public void add(String str, Duke.Type type) {","lastModifiedDate":"2022-08-23"},{"lineNumber":30,"author":{"gitId":"rjkoh"},"content":"        if (type.equals(Duke.Type.TODO)) {","lastModifiedDate":"2022-08-23"},{"lineNumber":31,"author":{"gitId":"rjkoh"},"content":"            try {","lastModifiedDate":"2022-08-23"},{"lineNumber":32,"author":{"gitId":"rjkoh"},"content":"                tasks.add(new Todo(str));","lastModifiedDate":"2022-08-23"},{"lineNumber":33,"author":{"gitId":"rjkoh"},"content":"                count++;","lastModifiedDate":"2022-08-23"},{"lineNumber":34,"author":{"gitId":"rjkoh"},"content":"                System.out.println(String.format(\"Got it. I\u0027ve added this task:\\n\" +","lastModifiedDate":"2022-08-23"},{"lineNumber":35,"author":{"gitId":"rjkoh"},"content":"                                \"%s\\n\" +","lastModifiedDate":"2022-08-23"},{"lineNumber":36,"author":{"gitId":"rjkoh"},"content":"                                \"Now you have %d tasks in the list.\",","lastModifiedDate":"2022-08-23"},{"lineNumber":37,"author":{"gitId":"rjkoh"},"content":"                        tasks.get(count - 1).toString(),","lastModifiedDate":"2022-08-23"},{"lineNumber":38,"author":{"gitId":"rjkoh"},"content":"                        count));","lastModifiedDate":"2022-08-23"},{"lineNumber":39,"author":{"gitId":"rjkoh"},"content":"            } catch (MissingDescriptionException err) {","lastModifiedDate":"2022-08-23"},{"lineNumber":40,"author":{"gitId":"rjkoh"},"content":"                System.out.println(err.toString());","lastModifiedDate":"2022-08-23"},{"lineNumber":41,"author":{"gitId":"rjkoh"},"content":"            }","lastModifiedDate":"2022-08-23"},{"lineNumber":42,"author":{"gitId":"rjkoh"},"content":"        } else if (type.equals(Duke.Type.DEADLINE)) {","lastModifiedDate":"2022-08-23"},{"lineNumber":43,"author":{"gitId":"rjkoh"},"content":"            try {","lastModifiedDate":"2022-08-23"},{"lineNumber":44,"author":{"gitId":"rjkoh"},"content":"                String[] input \u003d str.split(\"/by \");","lastModifiedDate":"2022-08-23"},{"lineNumber":45,"author":{"gitId":"rjkoh"},"content":"                String name \u003d input[0].replace(\"deadline\", \"\");","lastModifiedDate":"2022-08-23"},{"lineNumber":46,"author":{"gitId":"rjkoh"},"content":"                LocalDate date \u003d LocalDate.parse(input[1]);","lastModifiedDate":"2022-08-23"},{"lineNumber":47,"author":{"gitId":"rjkoh"},"content":"                tasks.add(new Deadline(name, date));","lastModifiedDate":"2022-08-23"},{"lineNumber":48,"author":{"gitId":"rjkoh"},"content":"                count++;","lastModifiedDate":"2022-08-23"},{"lineNumber":49,"author":{"gitId":"rjkoh"},"content":"                System.out.println(String.format(\"Got it. I\u0027ve added this task:\\n\" +","lastModifiedDate":"2022-08-23"},{"lineNumber":50,"author":{"gitId":"rjkoh"},"content":"                                \"%s\\n\" +","lastModifiedDate":"2022-08-23"},{"lineNumber":51,"author":{"gitId":"rjkoh"},"content":"                                \"Now you have %d tasks in the list.\",","lastModifiedDate":"2022-08-23"},{"lineNumber":52,"author":{"gitId":"rjkoh"},"content":"                        tasks.get(count - 1).toString(),","lastModifiedDate":"2022-08-23"},{"lineNumber":53,"author":{"gitId":"rjkoh"},"content":"                        count));","lastModifiedDate":"2022-08-23"},{"lineNumber":54,"author":{"gitId":"rjkoh"},"content":"            } catch (MissingDescriptionException err) {","lastModifiedDate":"2022-08-23"},{"lineNumber":55,"author":{"gitId":"rjkoh"},"content":"                System.out.println(\"OOPS!!! The description of a deadline cannot be empty.\");","lastModifiedDate":"2022-08-23"},{"lineNumber":56,"author":{"gitId":"rjkoh"},"content":"            } catch (ArrayIndexOutOfBoundsException e) {","lastModifiedDate":"2022-08-23"},{"lineNumber":57,"author":{"gitId":"rjkoh"},"content":"                System.out.println(\"OOPS!!! The end date of a deadline cannot be empty.\");","lastModifiedDate":"2022-08-23"},{"lineNumber":58,"author":{"gitId":"rjkoh"},"content":"            } catch (DateTimeParseException e) {","lastModifiedDate":"2022-08-23"},{"lineNumber":59,"author":{"gitId":"rjkoh"},"content":"                System.out.println(\"input date in YYYY-MM-DD format!\");","lastModifiedDate":"2022-08-23"},{"lineNumber":60,"author":{"gitId":"rjkoh"},"content":"            }","lastModifiedDate":"2022-08-23"},{"lineNumber":61,"author":{"gitId":"rjkoh"},"content":"        } else if (type.equals(Duke.Type.EVENT)) {","lastModifiedDate":"2022-08-23"},{"lineNumber":62,"author":{"gitId":"rjkoh"},"content":"            try{","lastModifiedDate":"2022-08-23"},{"lineNumber":63,"author":{"gitId":"rjkoh"},"content":"                String[] input \u003d str.split(\"/at \");","lastModifiedDate":"2022-08-23"},{"lineNumber":64,"author":{"gitId":"rjkoh"},"content":"                String name \u003d input[0].replace(\"event\", \"\");","lastModifiedDate":"2022-08-23"},{"lineNumber":65,"author":{"gitId":"rjkoh"},"content":"                String[] end \u003d input[1].split(\" \");","lastModifiedDate":"2022-08-23"},{"lineNumber":66,"author":{"gitId":"rjkoh"},"content":"                String date \u003d end[0];","lastModifiedDate":"2022-08-23"},{"lineNumber":67,"author":{"gitId":"rjkoh"},"content":"                LocalDate d \u003d LocalDate.parse(date);","lastModifiedDate":"2022-08-23"},{"lineNumber":68,"author":{"gitId":"rjkoh"},"content":"                String time \u003d end[1];","lastModifiedDate":"2022-08-23"},{"lineNumber":69,"author":{"gitId":"rjkoh"},"content":"                LocalTime t \u003d LocalTime.parse(time);","lastModifiedDate":"2022-08-23"},{"lineNumber":70,"author":{"gitId":"rjkoh"},"content":"                LocalDateTime dt \u003d LocalDateTime.of(d, t);","lastModifiedDate":"2022-08-23"},{"lineNumber":71,"author":{"gitId":"rjkoh"},"content":"                tasks.add(new Event(name, dt));","lastModifiedDate":"2022-08-23"},{"lineNumber":72,"author":{"gitId":"rjkoh"},"content":"                count++;","lastModifiedDate":"2022-08-23"},{"lineNumber":73,"author":{"gitId":"rjkoh"},"content":"                System.out.println(String.format(\"Got it. I\u0027ve added this task:\\n\" +","lastModifiedDate":"2022-08-23"},{"lineNumber":74,"author":{"gitId":"rjkoh"},"content":"                                \"%s\\n\" +","lastModifiedDate":"2022-08-23"},{"lineNumber":75,"author":{"gitId":"rjkoh"},"content":"                                \"Now you have %d tasks in the list.\",","lastModifiedDate":"2022-08-23"},{"lineNumber":76,"author":{"gitId":"rjkoh"},"content":"                        tasks.get(count - 1).toString(),","lastModifiedDate":"2022-08-23"},{"lineNumber":77,"author":{"gitId":"rjkoh"},"content":"                        count));","lastModifiedDate":"2022-08-23"},{"lineNumber":78,"author":{"gitId":"rjkoh"},"content":"            } catch (MissingDescriptionException err) {","lastModifiedDate":"2022-08-23"},{"lineNumber":79,"author":{"gitId":"rjkoh"},"content":"                System.out.println(\"OOPS!!! The description of an event cannot be empty.\");","lastModifiedDate":"2022-08-23"},{"lineNumber":80,"author":{"gitId":"rjkoh"},"content":"            } catch (ArrayIndexOutOfBoundsException e) {","lastModifiedDate":"2022-08-23"},{"lineNumber":81,"author":{"gitId":"rjkoh"},"content":"                System.out.println(\"OOPS!!! The time of an event cannot be empty.\");","lastModifiedDate":"2022-08-23"},{"lineNumber":82,"author":{"gitId":"rjkoh"},"content":"            } catch (DateTimeParseException e) {","lastModifiedDate":"2022-08-23"},{"lineNumber":83,"author":{"gitId":"rjkoh"},"content":"                System.out.println(\"Input date in YYYY-MM-DD and time in HH:MM format\");","lastModifiedDate":"2022-08-23"},{"lineNumber":84,"author":{"gitId":"rjkoh"},"content":"            }","lastModifiedDate":"2022-08-23"},{"lineNumber":85,"author":{"gitId":"rjkoh"},"content":"        }","lastModifiedDate":"2022-08-23"},{"lineNumber":86,"author":{"gitId":"rjkoh"},"content":"    }","lastModifiedDate":"2022-08-23"},{"lineNumber":87,"author":{"gitId":"rjkoh"},"content":"","lastModifiedDate":"2022-08-23"},{"lineNumber":88,"author":{"gitId":"rjkoh"},"content":"    public void delete(String command) {","lastModifiedDate":"2022-08-23"},{"lineNumber":89,"author":{"gitId":"rjkoh"},"content":"        try {","lastModifiedDate":"2022-08-23"},{"lineNumber":90,"author":{"gitId":"rjkoh"},"content":"            int index \u003d Integer.valueOf(command.split(\" \")[1]);","lastModifiedDate":"2022-08-23"},{"lineNumber":91,"author":{"gitId":"rjkoh"},"content":"            Task t \u003d tasks.remove(index - 1);","lastModifiedDate":"2022-08-23"},{"lineNumber":92,"author":{"gitId":"rjkoh"},"content":"            count--;","lastModifiedDate":"2022-08-23"},{"lineNumber":93,"author":{"gitId":"rjkoh"},"content":"            String str \u003d  String.format(\"Noted. I\u0027ve removed this task:\\n\" +","lastModifiedDate":"2022-08-23"},{"lineNumber":94,"author":{"gitId":"rjkoh"},"content":"                            \"%s\\n\" +","lastModifiedDate":"2022-08-23"},{"lineNumber":95,"author":{"gitId":"rjkoh"},"content":"                            \"Now you have %d tasks in the list.\",","lastModifiedDate":"2022-08-23"},{"lineNumber":96,"author":{"gitId":"rjkoh"},"content":"                    t.toString(),","lastModifiedDate":"2022-08-23"},{"lineNumber":97,"author":{"gitId":"rjkoh"},"content":"                    count);","lastModifiedDate":"2022-08-23"},{"lineNumber":98,"author":{"gitId":"rjkoh"},"content":"            System.out.println(str);","lastModifiedDate":"2022-08-23"},{"lineNumber":99,"author":{"gitId":"rjkoh"},"content":"        } catch (IndexOutOfBoundsException e) {","lastModifiedDate":"2022-08-23"},{"lineNumber":100,"author":{"gitId":"rjkoh"},"content":"            System.out.println(\"OOPS!!! No such task exists.\");","lastModifiedDate":"2022-08-23"},{"lineNumber":101,"author":{"gitId":"rjkoh"},"content":"        }","lastModifiedDate":"2022-08-23"},{"lineNumber":102,"author":{"gitId":"rjkoh"},"content":"    }","lastModifiedDate":"2022-08-23"},{"lineNumber":103,"author":{"gitId":"rjkoh"},"content":"","lastModifiedDate":"2022-08-23"},{"lineNumber":104,"author":{"gitId":"rjkoh"},"content":"    public String getString(int index) {","lastModifiedDate":"2022-08-23"},{"lineNumber":105,"author":{"gitId":"rjkoh"},"content":"        return tasks.get(index - 1).toString();","lastModifiedDate":"2022-08-23"},{"lineNumber":106,"author":{"gitId":"rjkoh"},"content":"    }","lastModifiedDate":"2022-08-23"},{"lineNumber":107,"author":{"gitId":"rjkoh"},"content":"","lastModifiedDate":"2022-08-23"},{"lineNumber":108,"author":{"gitId":"rjkoh"},"content":"    public String toData() {","lastModifiedDate":"2022-08-23"},{"lineNumber":109,"author":{"gitId":"rjkoh"},"content":"        String data \u003d \"\";","lastModifiedDate":"2022-08-23"},{"lineNumber":110,"author":{"gitId":"rjkoh"},"content":"        for (Task task : tasks) {","lastModifiedDate":"2022-08-23"},{"lineNumber":111,"author":{"gitId":"rjkoh"},"content":"            data +\u003d task.toData();","lastModifiedDate":"2022-08-23"},{"lineNumber":112,"author":{"gitId":"rjkoh"},"content":"            data +\u003d \"\\n\";","lastModifiedDate":"2022-08-23"},{"lineNumber":113,"author":{"gitId":"rjkoh"},"content":"        }","lastModifiedDate":"2022-08-23"},{"lineNumber":114,"author":{"gitId":"rjkoh"},"content":"        return data;","lastModifiedDate":"2022-08-23"},{"lineNumber":115,"author":{"gitId":"rjkoh"},"content":"    }","lastModifiedDate":"2022-08-23"},{"lineNumber":116,"author":{"gitId":"rjkoh"},"content":"","lastModifiedDate":"2022-08-23"},{"lineNumber":117,"author":{"gitId":"rjkoh"},"content":"    @Override","lastModifiedDate":"2022-08-23"},{"lineNumber":118,"author":{"gitId":"rjkoh"},"content":"    public String toString() {","lastModifiedDate":"2022-08-23"},{"lineNumber":119,"author":{"gitId":"rjkoh"},"content":"        String text \u003d \"\";","lastModifiedDate":"2022-08-23"},{"lineNumber":120,"author":{"gitId":"rjkoh"},"content":"        for (int i \u003d 0; i \u003c count; i++) {","lastModifiedDate":"2022-08-23"},{"lineNumber":121,"author":{"gitId":"rjkoh"},"content":"            String index \u003d String.format(\"%d.\", i+1);","lastModifiedDate":"2022-08-23"},{"lineNumber":122,"author":{"gitId":"rjkoh"},"content":"            String item \u003d index + tasks.get(i).toString();","lastModifiedDate":"2022-08-23"},{"lineNumber":123,"author":{"gitId":"rjkoh"},"content":"            text +\u003d item;","lastModifiedDate":"2022-08-23"},{"lineNumber":124,"author":{"gitId":"rjkoh"},"content":"            text +\u003d \"\\n\";","lastModifiedDate":"2022-08-23"},{"lineNumber":125,"author":{"gitId":"rjkoh"},"content":"        }","lastModifiedDate":"2022-08-23"},{"lineNumber":126,"author":{"gitId":"rjkoh"},"content":"        return text;","lastModifiedDate":"2022-08-23"},{"lineNumber":127,"author":{"gitId":"rjkoh"},"content":"    }","lastModifiedDate":"2022-08-23"},{"lineNumber":128,"author":{"gitId":"rjkoh"},"content":"}","lastModifiedDate":"2022-08-23"}],"authorContributionMap":{"rjkoh":128}},{"path":"src/main/java/Todo.java","fileType":"java","lines":[{"lineNumber":1,"author":{"gitId":"rjkoh"},"content":"public class Todo extends Task {","lastModifiedDate":"2022-08-22"},{"lineNumber":2,"author":{"gitId":"rjkoh"},"content":"    private static final String type \u003d \"[T]\";","lastModifiedDate":"2022-08-22"},{"lineNumber":3,"author":{"gitId":"rjkoh"},"content":"","lastModifiedDate":"2022-08-22"},{"lineNumber":4,"author":{"gitId":"rjkoh"},"content":"    public Todo(String name) throws MissingDescriptionException {","lastModifiedDate":"2022-08-23"},{"lineNumber":5,"author":{"gitId":"rjkoh"},"content":"        super(name);","lastModifiedDate":"2022-08-23"},{"lineNumber":6,"author":{"gitId":"rjkoh"},"content":"    }","lastModifiedDate":"2022-08-22"},{"lineNumber":7,"author":{"gitId":"rjkoh"},"content":"","lastModifiedDate":"2022-08-22"},{"lineNumber":8,"author":{"gitId":"rjkoh"},"content":"    @Override","lastModifiedDate":"2022-08-22"},{"lineNumber":9,"author":{"gitId":"rjkoh"},"content":"    public String toString() {","lastModifiedDate":"2022-08-22"},{"lineNumber":10,"author":{"gitId":"rjkoh"},"content":"        String comp \u003d this.completed","lastModifiedDate":"2022-08-22"},{"lineNumber":11,"author":{"gitId":"rjkoh"},"content":"                ? \"[X]\"","lastModifiedDate":"2022-08-22"},{"lineNumber":12,"author":{"gitId":"rjkoh"},"content":"                : \"[ ]\";","lastModifiedDate":"2022-08-22"},{"lineNumber":13,"author":{"gitId":"rjkoh"},"content":"        return type + comp + name;","lastModifiedDate":"2022-08-23"},{"lineNumber":14,"author":{"gitId":"rjkoh"},"content":"    }","lastModifiedDate":"2022-08-22"},{"lineNumber":15,"author":{"gitId":"rjkoh"},"content":"","lastModifiedDate":"2022-08-22"},{"lineNumber":16,"author":{"gitId":"rjkoh"},"content":"    @Override","lastModifiedDate":"2022-08-22"},{"lineNumber":17,"author":{"gitId":"rjkoh"},"content":"    public String toData() {","lastModifiedDate":"2022-08-23"},{"lineNumber":18,"author":{"gitId":"rjkoh"},"content":"        String type \u003d \"T\";","lastModifiedDate":"2022-08-23"},{"lineNumber":19,"author":{"gitId":"rjkoh"},"content":"        String completed \u003d this.completed ? \"1\" : \"0\";","lastModifiedDate":"2022-08-23"},{"lineNumber":20,"author":{"gitId":"rjkoh"},"content":"        return type + \"//\" + completed +\"//\" + name;","lastModifiedDate":"2022-08-23"},{"lineNumber":21,"author":{"gitId":"rjkoh"},"content":"    }","lastModifiedDate":"2022-08-22"},{"lineNumber":22,"author":{"gitId":"rjkoh"},"content":"}","lastModifiedDate":"2022-08-22"}],"authorContributionMap":{"rjkoh":22}},{"path":"src/main/java/Ui.java","fileType":"java","lines":[{"lineNumber":1,"author":{"gitId":"rjkoh"},"content":"public class Ui {","lastModifiedDate":"2022-08-23"},{"lineNumber":2,"author":{"gitId":"rjkoh"},"content":"    public void greet() {","lastModifiedDate":"2022-08-23"},{"lineNumber":3,"author":{"gitId":"rjkoh"},"content":"        System.out.println(\"Hello! I\u0027m Duke\\nWhat can I do for you?\");","lastModifiedDate":"2022-08-23"},{"lineNumber":4,"author":{"gitId":"rjkoh"},"content":"    }","lastModifiedDate":"2022-08-23"},{"lineNumber":5,"author":{"gitId":"rjkoh"},"content":"","lastModifiedDate":"2022-08-23"},{"lineNumber":6,"author":{"gitId":"rjkoh"},"content":"    public void showLoadingError() {","lastModifiedDate":"2022-08-23"},{"lineNumber":7,"author":{"gitId":"rjkoh"},"content":"        System.out.println(\"Error loading\");","lastModifiedDate":"2022-08-23"},{"lineNumber":8,"author":{"gitId":"rjkoh"},"content":"    }","lastModifiedDate":"2022-08-23"},{"lineNumber":9,"author":{"gitId":"rjkoh"},"content":"","lastModifiedDate":"2022-08-23"},{"lineNumber":10,"author":{"gitId":"rjkoh"},"content":"    public void printMessage(String msg) {","lastModifiedDate":"2022-08-23"},{"lineNumber":11,"author":{"gitId":"rjkoh"},"content":"        System.out.println(msg);","lastModifiedDate":"2022-08-23"},{"lineNumber":12,"author":{"gitId":"rjkoh"},"content":"    }","lastModifiedDate":"2022-08-23"},{"lineNumber":13,"author":{"gitId":"rjkoh"},"content":"","lastModifiedDate":"2022-08-23"},{"lineNumber":14,"author":{"gitId":"rjkoh"},"content":"    public void bye() {","lastModifiedDate":"2022-08-23"},{"lineNumber":15,"author":{"gitId":"rjkoh"},"content":"        System.out.println(\"Bye. Hope to see you again soon!\");","lastModifiedDate":"2022-08-23"},{"lineNumber":16,"author":{"gitId":"rjkoh"},"content":"    }","lastModifiedDate":"2022-08-23"},{"lineNumber":17,"author":{"gitId":"rjkoh"},"content":"}","lastModifiedDate":"2022-08-23"}],"authorContributionMap":{"rjkoh":17}},{"path":"src/main/java/UnknownInputException.java","fileType":"java","lines":[{"lineNumber":1,"author":{"gitId":"rjkoh"},"content":"public class UnknownInputException extends DukeException {","lastModifiedDate":"2022-08-18"},{"lineNumber":2,"author":{"gitId":"rjkoh"},"content":"    public UnknownInputException() {","lastModifiedDate":"2022-08-23"},{"lineNumber":3,"author":{"gitId":"rjkoh"},"content":"        super(\"OOPS!!! I\u0027m sorry, but I don\u0027t know what that means :-(\");","lastModifiedDate":"2022-08-23"},{"lineNumber":4,"author":{"gitId":"rjkoh"},"content":"    }","lastModifiedDate":"2022-08-23"},{"lineNumber":5,"author":{"gitId":"rjkoh"},"content":"","lastModifiedDate":"2022-08-23"},{"lineNumber":6,"author":{"gitId":"rjkoh"},"content":"    @Override","lastModifiedDate":"2022-08-18"},{"lineNumber":7,"author":{"gitId":"rjkoh"},"content":"    public String toString() {","lastModifiedDate":"2022-08-18"},{"lineNumber":8,"author":{"gitId":"rjkoh"},"content":"        return \"OOPS!!! I\u0027m sorry, but I don\u0027t know what that means :-(\";","lastModifiedDate":"2022-08-18"},{"lineNumber":9,"author":{"gitId":"rjkoh"},"content":"    }","lastModifiedDate":"2022-08-18"},{"lineNumber":10,"author":{"gitId":"rjkoh"},"content":"}","lastModifiedDate":"2022-08-18"}],"authorContributionMap":{"rjkoh":10}},{"path":"text-ui-test/input.txt","fileType":"txt","lines":[{"lineNumber":1,"author":{"gitId":"rjkoh"},"content":"todo borrow book","lastModifiedDate":"2022-08-18"},{"lineNumber":2,"author":{"gitId":"rjkoh"},"content":"deadline return book /by Sunday","lastModifiedDate":"2022-08-18"},{"lineNumber":3,"author":{"gitId":"rjkoh"},"content":"event project meeting /at Mon 2-4pm","lastModifiedDate":"2022-08-18"},{"lineNumber":4,"author":{"gitId":"rjkoh"},"content":"mark 1","lastModifiedDate":"2022-08-18"},{"lineNumber":5,"author":{"gitId":"rjkoh"},"content":"list","lastModifiedDate":"2022-08-18"},{"lineNumber":6,"author":{"gitId":"rjkoh"},"content":"bye","lastModifiedDate":"2022-08-18"}],"authorContributionMap":{"rjkoh":6}}]
