{"authorDailyContributionsMap":{"rjkoh":[{"date":"2022-08-18","commitResults":[{"hash":"f52468d63bcfb31b3fed8d8e7af3d1c084071465","messageTitle":"test 1","messageBody":"","tags":["test"],"fileTypesAndContributionMap":{"java":{"insertions":1,"deletions":0}}},{"hash":"46dcfb73192f4a5aa307e0374906085b2dcc0691","messageTitle":"Greet, Echo, Exit","messageBody":"","tags":["Level-1"],"fileTypesAndContributionMap":{"java":{"insertions":19,"deletions":1}}},{"hash":"19ae8a6b7e2b01db77955cddd117d7e50a15a244","messageTitle":"Level-2","messageBody":"","tags":["Level-2"],"fileTypesAndContributionMap":{"java":{"insertions":13,"deletions":3}}},{"hash":"cf25c9d1c2594981fe15b771b968b57c777acb7e","messageTitle":"Level-3: Mark as done","messageBody":"","tags":["Level-3"],"fileTypesAndContributionMap":{"java":{"insertions":48,"deletions":4}}},{"hash":"a1113c08912da5b074d3ca5a7fb978393c9e9b3b","messageTitle":"Level 4: ToDos, Events, Deadlines","messageBody":"","tags":["Level-4"],"fileTypesAndContributionMap":{"java":{"insertions":112,"deletions":7}}},{"hash":"5ace2c2dd600276c5eeb7657fd30d1035f7444c3","messageTitle":"A-TextUiTesting","messageBody":"","tags":["A-TextUiTesting"],"fileTypesAndContributionMap":{"txt":{"insertions":6,"deletions":0},"java":{"insertions":5,"deletions":4}}},{"hash":"8238e733fc9014325924ddb0dc72adb57976ac82","messageTitle":"Level 5. Handle Errors","messageBody":"","tags":["Level-5"],"fileTypesAndContributionMap":{"java":{"insertions":78,"deletions":44}}},{"hash":"8ca91868d00f59212b45204cff20bce0faae7b85","messageTitle":"Level 6. Delete","messageBody":"","tags":["Level-6"],"fileTypesAndContributionMap":{"java":{"insertions":36,"deletions":14}}},{"hash":"e2312c883cdd7ec67b3e78a10d2a764c460f7bae","messageTitle":"style fixes","messageBody":"","tags":["style"],"fileTypesAndContributionMap":{"java":{"insertions":0,"deletions":10}}}]},{"date":"2022-08-22","commitResults":[{"hash":"f495299b843317661de831ff04056ffe8f3393fb","messageTitle":"OOP","messageBody":"","fileTypesAndContributionMap":{"java":{"insertions":117,"deletions":120}}},{"hash":"b86fdd192ef2aabf8bc4d26d2f90faa58bfba58b","messageTitle":"test","messageBody":"","fileTypesAndContributionMap":{"java":{"insertions":1,"deletions":0}}},{"hash":"09b1a80d5b2859d877eaf181a237919f54bf1490","messageTitle":"Level-7","messageBody":"","tags":["Level-7"],"fileTypesAndContributionMap":{"java":{"insertions":71,"deletions":2}}},{"hash":"8dcaa40f25abbc933c06ded7fffe71a243e7f114","messageTitle":"Level-8","messageBody":"","tags":["Level-8"],"fileTypesAndContributionMap":{"java":{"insertions":46,"deletions":12}}}]},{"date":"2022-08-23","commitResults":[{"hash":"c010f5eaf4fdab908ec1559410b071df9aa6284b","messageTitle":"A-MoreOOP","messageBody":"","tags":["A-MoreOOP"],"fileTypesAndContributionMap":{"txt":{"insertions":1,"deletions":0},"java":{"insertions":343,"deletions":202}}},{"hash":"6c8ef50ea68787edbbe1270bdca26514ebc78696","messageTitle":"cleanup, enum","messageBody":"","tags":["A-Enums"],"fileTypesAndContributionMap":{"java":{"insertions":0,"deletions":9}}}]}]},"authorFileTypeContributionMap":{"rjkoh":{"java":466,"md":0,"fxml":0,"sh":0,"bat":0,"gradle":0,"txt":7}},"authorContributionVariance":{"rjkoh":38418.688},"authorDisplayNameMap":{"rjkoh":"CS2103T-T14-4 KOH .. JIE"}}
