{"authorDailyContributionsMap":{"rjkoh":[{"date":"2022-08-18","commitResults":[{"hash":"f52468d63bcfb31b3fed8d8e7af3d1c084071465","messageTitle":"test 1","messageBody":"","tags":["test"],"fileTypesAndContributionMap":{"java":{"insertions":1,"deletions":0}}},{"hash":"46dcfb73192f4a5aa307e0374906085b2dcc0691","messageTitle":"Greet, Echo, Exit","messageBody":"","tags":["Level-1"],"fileTypesAndContributionMap":{"java":{"insertions":19,"deletions":1}}},{"hash":"19ae8a6b7e2b01db77955cddd117d7e50a15a244","messageTitle":"Level-2","messageBody":"","tags":["Level-2"],"fileTypesAndContributionMap":{"java":{"insertions":13,"deletions":3}}},{"hash":"cf25c9d1c2594981fe15b771b968b57c777acb7e","messageTitle":"Level-3: Mark as done","messageBody":"","tags":["Level-3"],"fileTypesAndContributionMap":{"java":{"insertions":48,"deletions":4}}},{"hash":"a1113c08912da5b074d3ca5a7fb978393c9e9b3b","messageTitle":"Level 4: ToDos, Events, Deadlines","messageBody":"","tags":["Level-4"],"fileTypesAndContributionMap":{"java":{"insertions":112,"deletions":7}}},{"hash":"5ace2c2dd600276c5eeb7657fd30d1035f7444c3","messageTitle":"A-TextUiTesting","messageBody":"","tags":["A-TextUiTesting"],"fileTypesAndContributionMap":{"txt":{"insertions":6,"deletions":0},"java":{"insertions":5,"deletions":4}}},{"hash":"8238e733fc9014325924ddb0dc72adb57976ac82","messageTitle":"Level 5. Handle Errors","messageBody":"","tags":["Level-5"],"fileTypesAndContributionMap":{"java":{"insertions":78,"deletions":44}}},{"hash":"8ca91868d00f59212b45204cff20bce0faae7b85","messageTitle":"Level 6. Delete","messageBody":"","tags":["Level-6"],"fileTypesAndContributionMap":{"java":{"insertions":36,"deletions":14}}},{"hash":"e2312c883cdd7ec67b3e78a10d2a764c460f7bae","messageTitle":"style fixes","messageBody":"","tags":["style"],"fileTypesAndContributionMap":{"java":{"insertions":0,"deletions":10}}}]}]},"authorFileTypeContributionMap":{"rjkoh":{"java":231,"md":0,"fxml":0,"sh":0,"bat":0,"gradle":0,"txt":6}},"authorContributionVariance":{"rjkoh":20084.693},"authorDisplayNameMap":{"rjkoh":"KOH .. JIE"}}
