{"authorDailyContributionsMap":{"Marcusgwj":[{"date":"2022-08-16","commitResults":[{"hash":"ae90f5bf095f4d40823089854fa1c43184acf359","messageTitle":"Level 1. Greet, Echo, Exit","messageBody":"","tags":["Level-1"],"fileTypesAndContributionMap":{"java":{"insertions":21,"deletions":7}}},{"hash":"b871aab0aaaacb1dd899084d346cdf690ca32603","messageTitle":"Level 2. Add, List","messageBody":"","tags":["Level-2"],"fileTypesAndContributionMap":{"java":{"insertions":12,"deletions":3}}},{"hash":"0d64504c93b4b8a0aeff9d05543cef9c094e6471","messageTitle":"Level 3. Mark as Done","messageBody":"","tags":["Level-3"],"fileTypesAndContributionMap":{"java":{"insertions":77,"deletions":13}}}]},{"date":"2022-08-17","commitResults":[{"hash":"a94f9f3b9b4524d6154704a4b17a4a04ccd8a482","messageTitle":"Level 4. ToDos, Events, Deadlines","messageBody":"","tags":["Level-4"],"fileTypesAndContributionMap":{"java":{"insertions":257,"deletions":46}}},{"hash":"68881fb25fde564b215a738f9401c22c91c6d0e9","messageTitle":"Automated Text UI Testing","messageBody":"","tags":["A-TextUiTesting"],"fileTypesAndContributionMap":{"txt":{"insertions":13,"deletions":0}}},{"hash":"a24d8e2fd6fdda38f01273ceb99d924aaebe7131","messageTitle":"Level 5. Handle Errors","messageBody":"","tags":["Level-5"],"fileTypesAndContributionMap":{"txt":{"insertions":8,"deletions":0},"java":{"insertions":132,"deletions":83}}},{"hash":"52df9b114251787d1b92b19832936239c0036e14","messageTitle":"Level 6. Delete","messageBody":"","tags":["Level-6"],"fileTypesAndContributionMap":{"txt":{"insertions":4,"deletions":0},"java":{"insertions":51,"deletions":9}}},{"hash":"50b7b380830b90ac2d380b47ce5bcb40fdaee3d4","messageTitle":"A-Enums","messageBody":"","tags":["A-Enums"],"fileTypesAndContributionMap":{"java":{"insertions":37,"deletions":13}}}]},{"date":"2022-08-21","commitResults":[{"hash":"6bfb53d4393f965fb5fb7d588156d78fed7eb4d2","messageTitle":"Add saving and loading of tasks to hard disk (Level-7)","messageBody":"","fileTypesAndContributionMap":{"java":{"insertions":186,"deletions":14}}},{"hash":"add8e5264d76a5a6ed30b8e7331b732d4df5dc79","messageTitle":"Add Dates and Times (Level 8)","messageBody":"","fileTypesAndContributionMap":{"txt":{"insertions":2,"deletions":2},"java":{"insertions":28,"deletions":8}}}]},{"date":"2022-08-22","commitResults":[{"hash":"bd47ca339d76b72389f1aab1bc165c9eeb09430a","messageTitle":"Add more OOP","messageBody":"","tags":["A-MoreOOP"],"fileTypesAndContributionMap":{"java":{"insertions":157,"deletions":140}}}]},{"date":"2022-08-23","commitResults":[{"hash":"84ef5907c02961b863b1bcad1e626e18835364de","messageTitle":"Organize into Packages","messageBody":"","tags":["A-Packages"],"fileTypesAndContributionMap":{"java":{"insertions":102,"deletions":22},"bat":{"insertions":2,"deletions":2},"md":{"insertions":1,"deletions":1}}},{"hash":"7cd010788390245850226cd4e290d6df4eea7e3a","messageTitle":"Modify Gradle configuration","messageBody":"","tags":["A-Gradle"],"fileTypesAndContributionMap":{"gradle":{"insertions":1,"deletions":1}}}]},{"date":"2022-08-24","commitResults":[{"hash":"756450cebcf013ddc6c9eff0edce4bce91b2bf35","messageTitle":"Add JUnit tests","messageBody":"","tags":["A-JUnit"],"fileTypesAndContributionMap":{"java":{"insertions":121,"deletions":1}}},{"hash":"81179c184f908aa3824a662540f0a3e05b4ae838","messageTitle":" Add Tasklist test cases","messageBody":"","tags":["A-Jar"],"fileTypesAndContributionMap":{"java":{"insertions":34,"deletions":0}}},{"hash":"bfb6639ec9e1cb010118ef8c21d527a1f669e067","messageTitle":"Add JavaDoc comments","messageBody":"","fileTypesAndContributionMap":{"java":{"insertions":340,"deletions":6}}},{"hash":"f58f45a9894ca73fa9261467a9c50210476b5fe2","messageTitle":"Tweak code to comply with coding standard","messageBody":"","fileTypesAndContributionMap":{"java":{"insertions":47,"deletions":40}}},{"hash":"2e4155f1a531e9fbe05adf768452005811d805af","messageTitle":"Add ability to find tasks by searching for a keyword","messageBody":"","fileTypesAndContributionMap":{"txt":{"insertions":2,"deletions":0},"java":{"insertions":93,"deletions":20}}},{"hash":"50fbae8e44eddae9cc71ed17d9659355ce1bdebd","messageTitle":"Update JavaDoc for FindCommand","messageBody":"","fileTypesAndContributionMap":{"java":{"insertions":1,"deletions":1}}}]},{"date":"2022-08-29","commitResults":[{"hash":"f6b42263548675b890c35f2e4c848ee450004d42","messageTitle":"Use CheckStyle","messageBody":"","fileTypesAndContributionMap":{"gradle":{"insertions":5,"deletions":0},"java":{"insertions":74,"deletions":59},"md":{"insertions":1,"deletions":1}}},{"hash":"d64b780014574b853e215393f3e8644477dea7b6","messageTitle":"Add a GUI to Duke","messageBody":"","fileTypesAndContributionMap":{"gradle":{"insertions":15,"deletions":0},"fxml":{"insertions":35,"deletions":0},"java":{"insertions":341,"deletions":63}}},{"hash":"a7bddc134730e0ada1def8189f8f0ce6f14f4934","messageTitle":"Use Varargs","messageBody":"","fileTypesAndContributionMap":{"java":{"insertions":12,"deletions":6}}}]},{"date":"2022-09-01","commitResults":[{"hash":"10d7858da12eb9c6958bf0cdd58426a7dd03d7df","messageTitle":"Update code to follow coding standard","messageBody":"","fileTypesAndContributionMap":{"java":{"insertions":44,"deletions":38}}}]},{"date":"2022-09-05","commitResults":[{"hash":"aeae761593884e4d13671ef9107d841dafd203cb","messageTitle":"Add assertions in Command classes","messageBody":"DeleteCommand, FindCommand, MarkCommand UnmarkCommand classes\nupdates a Task/queries for a List of Tasks.\n\nThere may be a possibility that it fails to update/query and\nreturn null.\n\nAssertions are added to ensure that updates/queries are done\nsuccessfully and non-null Task/List of Tasks is returned.\n\nAssertions added to following classes:\n* DeleteCommand\n* FindCommand\n* MarkCommand\n* UnmarkCommand\n","tags":["A-FullCommitMessage"],"fileTypesAndContributionMap":{"gradle":{"insertions":2,"deletions":1},"java":{"insertions":19,"deletions":18}}},{"hash":"8f3210b4527a966a92dece94376ee17fcc45344b","messageTitle":"Improve Code Quality","messageBody":"Unnecessary this keywords is used.\n\nRemoving unnecessary this keywords.\n\nImproving code quality maximises readability\n","tags":["A-CodeQuality"],"fileTypesAndContributionMap":{"java":{"insertions":60,"deletions":60}}}]},{"date":"2022-09-07","commitResults":[{"hash":"28bc9cb182c4a01d836e81aac1c997c7178d9e32","messageTitle":"Add ability to tag tasks","messageBody":"All tasks are grouped together.\n\nAdding tags allow users can classify tasks using tags.\n\nLet\u0027s,\n* allow users to tag tasks according to different categories.\n* add ability to add and remove multiple tags for a task.\n* update find feature to allow users to find by tags.\n","tags":["BCD-Extension"],"fileTypesAndContributionMap":{"java":{"insertions":281,"deletions":19}}},{"hash":"0d00cd64f55781a598b4e3d93207715638c7c3b4","messageTitle":"Fix delimiter error for Tasks","messageBody":"","fileTypesAndContributionMap":{"java":{"insertions":20,"deletions":10}}}]}]},"authorFileTypeContributionMap":{"Marcusgwj":{"java":1859,"md":1,"fxml":35,"sh":0,"bat":2,"gradle":22,"txt":27}},"authorContributionVariance":{"Marcusgwj":44708.4},"authorDisplayNameMap":{"Marcusgwj":"CS2103T-T14-1 MARC.. JIE"}}
