{"authorDailyContributionsMap":{"tin-jy":[{"date":"2022-08-25","commitResults":[{"hash":"1541204513143c753f049580c4902d19f8d871c3","messageTitle":"Add ability to read inputs and echo it as output","messageBody":"","tags":["Level-1"],"fileTypesAndContributionMap":{"java":{"insertions":10,"deletions":6}}},{"hash":"18f1898f31b6aa92d71b9c7cd7d644972178dd59","messageTitle":"Add add and list functionality","messageBody":"","tags":["Level-2"],"fileTypesAndContributionMap":{"java":{"insertions":21,"deletions":3}}}]},{"date":"2022-08-26","commitResults":[{"hash":"ec9fd3164ab77a68d5b65f3efcd80f620a34c5f3","messageTitle":"Add functionality to mark and unmark tasks","messageBody":"","tags":["Level-3"],"fileTypesAndContributionMap":{"java":{"insertions":80,"deletions":6}}}]},{"date":"2022-08-29","commitResults":[{"hash":"400cf6231a9580bb753061b89050682ef1c89b2b","messageTitle":"Add different types of tasks","messageBody":"There are 3 types of tasks, Todos, Events, and Deadline tasks\n","tags":["Level-4"],"fileTypesAndContributionMap":{"java":{"insertions":92,"deletions":3}}},{"hash":"7bc53d7a8d332d6a46269dd93c8c4df3a222f3d4","messageTitle":"Add test cases for text-ui testing","messageBody":"","tags":["A-TextUiTesting"],"fileTypesAndContributionMap":{"txt":{"insertions":3,"deletions":0},"bat":{"insertions":1,"deletions":1}}},{"hash":"6f5be36b782d88b92f59fa4ecfbad5eacb7f8b4f","messageTitle":"Add error handling for incorrect user inputs","messageBody":"","tags":["Level-5"],"fileTypesAndContributionMap":{"java":{"insertions":3,"deletions":3}}},{"hash":"ddb1d976ab9c11b1dc27edff3b30f99a57575514","messageTitle":"Add functionality to remove tasks","messageBody":"","tags":["Level-6"],"fileTypesAndContributionMap":{"java":{"insertions":13,"deletions":0}}}]},{"date":"2022-09-01","commitResults":[{"hash":"841c78b3cdccd9eaf3e9113bab4b0b7cf57d23a5","messageTitle":"Add a FileHandler class to deal with saving inputs in a local file","messageBody":"Shifted inner class Task to a new file\n","fileTypesAndContributionMap":{"txt":{"insertions":7,"deletions":0},"java":{"insertions":144,"deletions":91}}},{"hash":"129758c758db7875f39fdd692a717c3ad5b9da2e","messageTitle":"Add functionality to save task list into a local file on every change","messageBody":"","fileTypesAndContributionMap":{"txt":{"insertions":1,"deletions":7},"java":{"insertions":90,"deletions":58}}},{"hash":"c351d1d1b33777f03100b902be51a7ac6fa6112e","messageTitle":"Add functionality for Duke to load task list on startup","messageBody":"","tags":["Level-7"],"fileTypesAndContributionMap":{"txt":{"insertions":1,"deletions":1},"java":{"insertions":41,"deletions":24}}}]},{"date":"2022-09-02","commitResults":[{"hash":"a69c99c54eae93c4673b6e223ca38c3580a3cedf","messageTitle":"Add ability for Duke to verify dates and time","messageBody":"","tags":["Level-8"],"fileTypesAndContributionMap":{"txt":{"insertions":9,"deletions":1},"java":{"insertions":243,"deletions":13}}}]},{"date":"2022-09-04","commitResults":[{"hash":"462fb51b89b1fcf30388be5ab9491d9c8b84be64","messageTitle":"Add classes Parser, Ui, TaskList to include more OOP","messageBody":"","tags":["A-MoreOOP"],"fileTypesAndContributionMap":{"txt":{"insertions":1,"deletions":9},"java":{"insertions":685,"deletions":403}}},{"hash":"4d4f45dfe2ce8110991bfc9eb24afd5ad8e3e1e4","messageTitle":"Place all Duke related Java files into packages","messageBody":"","tags":["A-Packages"],"fileTypesAndContributionMap":{"txt":{"insertions":1,"deletions":1},"java":{"insertions":30,"deletions":5},"md":{"insertions":2,"deletions":2}}}]},{"date":"2022-09-06","commitResults":[{"hash":"304acb15768548d7b10d1c12da2736f2dd4445c9","messageTitle":"Add more packages and classes for organisation","messageBody":"","fileTypesAndContributionMap":{"gradle":{"insertions":1,"deletions":0},"java":{"insertions":369,"deletions":172}}}]},{"date":"2022-09-07","commitResults":[{"hash":"609dc798e64e54d1516b9edd8802439de0d2739d","messageTitle":"Add more classes and error handling","messageBody":"","fileTypesAndContributionMap":{"txt":{"insertions":2,"deletions":1},"java":{"insertions":292,"deletions":194}}},{"hash":"fe3f213b9a7048fb8a5ce04534bb04491a5e0776","messageTitle":"Add JUnit tests for public methods in some classes","messageBody":"","tags":["A-JUnit"],"fileTypesAndContributionMap":{"java":{"insertions":33,"deletions":1}}},{"hash":"86fba2c7f872adbd85e616cfc65f91550e9a47a0","messageTitle":"Update dependencies in build.gradle","messageBody":"","fileTypesAndContributionMap":{"gradle":{"insertions":22,"deletions":2}}},{"hash":"982ba6dded3faaee163058d0a67aa07622b70ffd","messageTitle":"Add JavaDocs","messageBody":"","tags":["A-JavaDoc"],"fileTypesAndContributionMap":{"java":{"insertions":239,"deletions":38}}},{"hash":"7338f3754ccae2a19d05ee32157bce67ad273425","messageTitle":"Correct style issues to adhere to coding standards","messageBody":"","tags":["A-CodingStandard"],"fileTypesAndContributionMap":{"java":{"insertions":178,"deletions":176}}},{"hash":"aef9014bacc32914c15b79b2e090a66be5db5d09","messageTitle":"Add ability to search for tasks using keywords","messageBody":"","tags":["Level-9"],"fileTypesAndContributionMap":{"java":{"insertions":44,"deletions":1}}},{"hash":"3bda679d8cc54d0ac8a8ba473f70be9ff1d7165e","messageTitle":"Add checkstyle.xml and suppressions.xml for checkstyle","messageBody":"","fileTypesAndContributionMap":{"gradle":{"insertions":5,"deletions":0}}},{"hash":"a2c803577e6fd8ed0b468c46d63518bdc0037b75","messageTitle":"Fix a bug with the find command","messageBody":"","fileTypesAndContributionMap":{"txt":{"insertions":1,"deletions":1},"java":{"insertions":4,"deletions":4}}},{"hash":"ce8111d25765902163ec0b083bc35893891a9ad9","messageTitle":"Create JAR file","messageBody":"","tags":["A-Jar"],"fileTypesAndContributionMap":{"txt":{"insertions":3,"deletions":2}}}]},{"date":"2022-09-08","commitResults":[{"hash":"217e318ff4fbcc471580b547ed70b7e38fe16538","messageTitle":"Add a basic GUI for Duke","messageBody":"","fileTypesAndContributionMap":{"fxml":{"insertions":0,"deletions":0},"java":{"insertions":4,"deletions":0}}}]},{"date":"2022-09-09","commitResults":[{"hash":"7554d3d1ce659defcca2662f6468fa51325f5810","messageTitle":"Fully implement GUI and allow Duke to respond to commands","messageBody":"","tags":["Level-10"],"fileTypesAndContributionMap":{"fxml":{"insertions":35,"deletions":0},"txt":{"insertions":8,"deletions":2},"java":{"insertions":300,"deletions":13}}},{"hash":"5d7b0abfa286ea0d3faf18cb60d8ba152fd46674","messageTitle":"Add package for GUI related java files","messageBody":"","fileTypesAndContributionMap":{"fxml":{"insertions":1,"deletions":1},"java":{"insertions":6,"deletions":4}}},{"hash":"1297adedeace8dd3ba7b3b596c4c5645e47bd9cf","messageTitle":"Add more JUnit tests","messageBody":"","fileTypesAndContributionMap":{"txt":{"insertions":0,"deletions":3},"java":{"insertions":133,"deletions":2}}},{"hash":"ddf41bbf1b9c6e351dae6ba758c78fb03048f539","messageTitle":"Add assert statements","messageBody":"","tags":["A-Assertions"],"fileTypesAndContributionMap":{"java":{"insertions":2,"deletions":0}}},{"hash":"dafecc72857b2fd0bed76db2a99665d12a86c78d","messageTitle":"Improve code quality","messageBody":"Let\u0027s shorten excessively long methods by abstracting out certain parts\ninto separate methods.\n","tags":["A-FullCommitMessage","A-CodeQuality"],"fileTypesAndContributionMap":{"java":{"insertions":136,"deletions":106}}},{"hash":"7f023213c0779abad3b8c04fbbd0c2a02d20b256","messageTitle":"Add functionality to change the file path for local storage","messageBody":"Flexibility to change the local file path through Duke allows users to\nset new file locations without restarting Duke. Users may also create\nnew files this way.\n","tags":["BCD-Extension"],"fileTypesAndContributionMap":{"txt":{"insertions":6,"deletions":0},"java":{"insertions":67,"deletions":1}}},{"hash":"a8835167790dc4e45440174aa14aa08f4079fa29","messageTitle":"Change some output messages","messageBody":"","fileTypesAndContributionMap":{"java":{"insertions":2,"deletions":1}}}]}]},"authorFileTypeContributionMap":{"tin-jy":{"java":1951,"md":2,"fxml":35,"sh":0,"bat":0,"gradle":27,"txt":15}},"authorContributionVariance":{"tin-jy":115898.99},"authorDisplayNameMap":{"tin-jy":"CS2103T-W12-1 TIN ..GYAO"}}
