{"authorDailyContributionsMap":{"xav168":[{"date":"2022-08-14","commitResults":[{"hash":"772adc3a5fb0c1dea01b0def0e66d04392742f62","messageTitle":"Level 1 done","messageBody":"","tags":["Level-1"],"fileTypesAndContributionMap":{"java":{"insertions":16,"deletions":0}}}]},{"date":"2022-08-15","commitResults":[{"hash":"cfd7ee94a1ffb182c7565121b8022e4fdf9a01e3","messageTitle":"Level-2 Done","messageBody":"","tags":["Level-2"],"fileTypesAndContributionMap":{"java":{"insertions":9,"deletions":2}}},{"hash":"3ac10eeae9b145339e847f39d1d2dfc9e9437b43","messageTitle":"Level-4 done","messageBody":"","fileTypesAndContributionMap":{"java":{"insertions":93,"deletions":2}}},{"hash":"f4e3c0a9875cf219e745699bb1ad86fd505226dc","messageTitle":"Revert \"Level-4 done\"","messageBody":"This reverts commit 3ac10eeae9b145339e847f39d1d2dfc9e9437b43.\n","fileTypesAndContributionMap":{"java":{"insertions":2,"deletions":93}}},{"hash":"9169f164118c1f5eb79fcd3845ee83151b3c14a6","messageTitle":"Level-3 Done","messageBody":"","tags":["Level-3"],"fileTypesAndContributionMap":{"java":{"insertions":39,"deletions":1}}},{"hash":"f7f36949bb0b7ea4c6a9ee8540532edb24b989a5","messageTitle":"Level-4 Done","messageBody":"","tags":["Level-4"],"fileTypesAndContributionMap":{"java":{"insertions":56,"deletions":2}}},{"hash":"83bb8d07b23e48ebaccd6a0734f4a3eb4b338eb5","messageTitle":"Implemented TextUiTesting","messageBody":"","tags":["A-TextUiTesting"],"fileTypesAndContributionMap":{"txt":{"insertions":4,"deletions":0}}}]},{"date":"2022-08-17","commitResults":[{"hash":"3836cb69fc6d565744a1ba99c8b7cdd5ff659d96","messageTitle":"A-Exceptions","messageBody":"","tags":["Level-5"],"fileTypesAndContributionMap":{"java":{"insertions":10,"deletions":2}}},{"hash":"d5c483edc2a775bf84ebcb790d7484f16ec7a2af","messageTitle":"Level-6 Done","messageBody":"","tags":["Level-6"],"fileTypesAndContributionMap":{"java":{"insertions":11,"deletions":1}}},{"hash":"f95fcb38d7cffb60265ca1e1a445ae5f8cd12355","messageTitle":"Added Enums","messageBody":"","tags":["A-Enums"],"fileTypesAndContributionMap":{"java":{"insertions":76,"deletions":53}}}]},{"date":"2022-08-21","commitResults":[{"hash":"bd1fdb6429160517d8b00f20f04aeaa6411bac76","messageTitle":"Level-7 done","messageBody":"","tags":["Level-7"],"fileTypesAndContributionMap":{"java":{"insertions":224,"deletions":129}}},{"hash":"1762d8ad7606006e636d68f194fdb224d7512af0","messageTitle":"Split classes into their own files","messageBody":"","fileTypesAndContributionMap":{"java":{"insertions":66,"deletions":61}}},{"hash":"6cbd37a732e540efa0d81ed2f51102b845fb13ec","messageTitle":"added DateTime formatting","messageBody":"","tags":["Level-8"],"fileTypesAndContributionMap":{"java":{"insertions":9,"deletions":4}}},{"hash":"9149638da0ad2d09b15f536ac7df46c2016ad40d","messageTitle":"Added More OOP","messageBody":"","tags":["A-MoreOOP"],"fileTypesAndContributionMap":{"java":{"insertions":268,"deletions":135}}},{"hash":"c092a3b2080582b271388ef649038527eeddd288","messageTitle":"Added Packages","messageBody":"","tags":["A-Packages"],"fileTypesAndContributionMap":{"java":{"insertions":31,"deletions":11}}},{"hash":"de1dc281fd42963fc712ede50e4ac81adc9780f5","messageTitle":"Added gradle support","messageBody":"","tags":["A-Gradle"],"fileTypesAndContributionMap":{"gradle":{"insertions":41,"deletions":0}}}]},{"date":"2022-08-22","commitResults":[{"hash":"8d4e3767f34ef5fb208b81d4d9476588d2db8037","messageTitle":"Added JUnit Testing","messageBody":"","tags":["A-JUnit"],"fileTypesAndContributionMap":{"java":{"insertions":46,"deletions":0}}},{"hash":"307b270701fb2b65a847d26519485e396c4d5779","messageTitle":"added a Jar File","messageBody":"","tags":["A-Jar"],"fileTypesAndContributionMap":{"java":{"insertions":1,"deletions":1}}},{"hash":"2576d77bae5531aadcc0f14cca779705b56cec1c","messageTitle":"Added Javadocs","messageBody":"","tags":["A-JavaDoc"],"fileTypesAndContributionMap":{"java":{"insertions":189,"deletions":8}}}]},{"date":"2022-08-23","commitResults":[{"hash":"2fc82243a2fd9f07ca63a4d9d8b6622d80552a7a","messageTitle":"Fix case indentations","messageBody":"","tags":["A-CodingStandard"],"fileTypesAndContributionMap":{"gradle":{"insertions":2,"deletions":1},"java":{"insertions":40,"deletions":40}}},{"hash":"73dd550b5890897db24e3644a27c23fa4137b03e","messageTitle":"Add Find function","messageBody":"","tags":["Level-9","73dd550"],"fileTypesAndContributionMap":{"java":{"insertions":58,"deletions":42}}},{"hash":"3ade00a3a48bea777cdab4cefe41353814c9f585","messageTitle":"Add checkstyle for gradle","messageBody":"","fileTypesAndContributionMap":{"gradle":{"insertions":3,"deletions":0}}},{"hash":"1a9436474b469ed759bf83ef234316a88b566f3b","messageTitle":"Fix styling error according to checkstyle","messageBody":"","fileTypesAndContributionMap":{"java":{"insertions":42,"deletions":9}}}]},{"date":"2022-08-30","commitResults":[{"hash":"d0292dfabf435a08d4bec74a8f28ae3d364e35fd","messageTitle":"Add config files for CheckStyle","messageBody":"","tags":["A-CheckStyle"],"fileTypesAndContributionMap":{"gradle":{"insertions":1,"deletions":0}}}]},{"date":"2022-08-31","commitResults":[{"hash":"db90fea4cb309009297034f147efacd07082a6c9","messageTitle":"Add GUI for Duke","messageBody":"","tags":["Level-10"],"fileTypesAndContributionMap":{"gradle":{"insertions":14,"deletions":0},"fxml":{"insertions":46,"deletions":0},"java":{"insertions":257,"deletions":67}}},{"hash":"9327ef1498d817aa3d071d95515cee1c1c09478d","messageTitle":"change gradle main function","messageBody":"","fileTypesAndContributionMap":{"gradle":{"insertions":1,"deletions":1}}}]},{"date":"2022-09-01","commitResults":[{"hash":"56aae41fd8ef3141b190ddeaf99cd3454e8cf997","messageTitle":"fix style","messageBody":"","fileTypesAndContributionMap":{"java":{"insertions":30,"deletions":31}}}]},{"date":"2022-09-03","commitResults":[{"hash":"69fd6169d5d2f26d8c4071277d39e1de80ac801e","messageTitle":"Change names of variables","messageBody":"There are several variables with single letter names or names which did\nnot fit in to the Java \"Code Quality\" standards.\n\nChanging those variable names adds clarity and readability to the code.\n\nLet\u0027s try to find other areas in which we can improve our code quality.\n","fileTypesAndContributionMap":{"java":{"insertions":33,"deletions":84}}}]}]},"authorFileTypeContributionMap":{"xav168":{"java":835,"md":0,"fxml":46,"sh":0,"bat":0,"gradle":60,"txt":4}},"authorContributionVariance":{"xav168":47183.113},"authorDisplayNameMap":{"xav168":"CS2103T-T17-2 XAVI..HENG"}}
