{"authorDailyContributionsMap":{"april-anh":[{"date":"2022-08-17","commitResults":[{"hash":"377e4fe092c2f19e86f5077ec78ea4c7bda4a28f","messageTitle":"Adding constant and method in level 1","messageBody":"","fileTypesAndContributionMap":{"java":{"insertions":45,"deletions":6}}},{"hash":"be74943225ad9434556e0531791a742007fec847","messageTitle":"Add documentation for level 1","messageBody":"","tags":["Level-1"],"fileTypesAndContributionMap":{"java":{"insertions":10,"deletions":0}}},{"hash":"03a06f51af1fd180d151e712c57ce7122bec23d1","messageTitle":"add list to store text typed by the user, \"add\" method and \"list\" method","messageBody":"","tags":["Level-2"],"fileTypesAndContributionMap":{"java":{"insertions":36,"deletions":4}}},{"hash":"97e23c52bd1de1fe2b5e684b1eb76931879cfe8e","messageTitle":"mark as done","messageBody":"","tags":["Level-3"],"fileTypesAndContributionMap":{"java":{"insertions":59,"deletions":6}}},{"hash":"5c362ac3eb6fdfef4217b5d432418ef24e665b51","messageTitle":"todo, deadline. event","messageBody":"","tags":["Level-4"],"fileTypesAndContributionMap":{"java":{"insertions":130,"deletions":40}}}]}]},"authorFileTypeContributionMap":{"april-anh":{"java":230,"md":0,"fxml":0,"sh":0,"bat":0,"gradle":0,"txt":0}},"authorContributionVariance":{"april-anh":15680.0},"authorDisplayNameMap":{"april-anh":"NGUY.. ANH"}}
