{"authorDailyContributionsMap":{"ekweirui":[{"date":"2022-08-15","commitResults":[{"hash":"f319a98f18e0c570d61f72e77886f6b682691928","messageTitle":"Add Sky.java","messageBody":"","tags":["Level-1"],"fileTypesAndContributionMap":{"java":{"insertions":25,"deletions":10}}},{"hash":"b5434f955c3ca3997f8d84e06dbf6b15998c791c","messageTitle":"Add list functionality","messageBody":"","tags":["Level-2"],"fileTypesAndContributionMap":{"java":{"insertions":13,"deletions":1}}},{"hash":"1e266019c4757639a892999b4bd018b7dd1c4517","messageTitle":"Add mark as done functionality","messageBody":"","tags":["Level-3"],"fileTypesAndContributionMap":{"java":{"insertions":58,"deletions":6}}}]},{"date":"2022-08-16","commitResults":[{"hash":"aebc7fd56ff76c1ef67a04b6c7b3a5285b7e7555","messageTitle":"Add ToDos, Deadlines, and Events","messageBody":"","tags":["Level-4"],"fileTypesAndContributionMap":{"java":{"insertions":186,"deletions":55}}},{"hash":"18dcf120c8228a6fb3efefa7e3adb1a3779d73fa","messageTitle":"Semi-automate the testing of Sky","messageBody":"","tags":["A-TextUiTesting"],"fileTypesAndContributionMap":{"txt":{"insertions":10,"deletions":0},"java":{"insertions":5,"deletions":5},"bat":{"insertions":1,"deletions":1},"sh":{"insertions":1,"deletions":1}}}]},{"date":"2022-08-17","commitResults":[{"hash":"f5186ffdcd896c0a0d91053a62bb2cf9cfe5ecfe","messageTitle":"Handle some errors","messageBody":"","tags":["Level-5"],"fileTypesAndContributionMap":{"txt":{"insertions":2,"deletions":0},"java":{"insertions":17,"deletions":8}}},{"hash":"c264439265048c31b2956f7121d57a522c14561a","messageTitle":"Add delete functionality","messageBody":"","tags":["Level-6"],"fileTypesAndContributionMap":{"txt":{"insertions":9,"deletions":6},"java":{"insertions":30,"deletions":5}}}]},{"date":"2022-08-21","commitResults":[{"hash":"e9679ce7f8c72e1e26660e7ab176093e0e90a8cb","messageTitle":"Add save to/read from hard disk functionality","messageBody":"","fileTypesAndContributionMap":{"java":{"insertions":135,"deletions":1}}}]},{"date":"2022-08-22","commitResults":[{"hash":"084a14dab4ed794f9f533506822e197e489aacca","messageTitle":"Add capability to understand date and time","messageBody":"","fileTypesAndContributionMap":{"java":{"insertions":100,"deletions":16}}},{"hash":"6520191f8e52bdf264a1568b36092224f481f04e","messageTitle":"Use more OOP","messageBody":"","tags":["A-MoreOOP"],"fileTypesAndContributionMap":{"txt":{"insertions":2,"deletions":2},"java":{"insertions":597,"deletions":378}}},{"hash":"0b656e45caf741860109f2e55fe3f72b0306e908","messageTitle":"Divide classes into packages","messageBody":"","tags":["A-Packages"],"fileTypesAndContributionMap":{"java":{"insertions":107,"deletions":1},"bat":{"insertions":2,"deletions":2}}},{"hash":"1586cc9b14e3f78a8e7ff483cd0f928fc9e1ae0d","messageTitle":"Add JUnit tests","messageBody":"","tags":["A-Jar","A-JUnit"],"fileTypesAndContributionMap":{"gradle":{"insertions":2,"deletions":2},"java":{"insertions":164,"deletions":25}}}]},{"date":"2022-08-23","commitResults":[{"hash":"9f9d9c0d37aa5c112b744ef94cea7726e82361bb","messageTitle":"Add JavaDoc comments","messageBody":"","fileTypesAndContributionMap":{"java":{"insertions":125,"deletions":3}}},{"hash":"a4b81abd458da5d43c8eb7dc2207d538dc92a8d0","messageTitle":"Add the ability to find a task by searching for a keyword","messageBody":"","fileTypesAndContributionMap":{"txt":{"insertions":1,"deletions":0},"java":{"insertions":59,"deletions":0}}},{"hash":"c3866f5a6276fe9d3e2063d527afe8de749d8666","messageTitle":"Follow the coding standard","messageBody":"","fileTypesAndContributionMap":{"java":{"insertions":1,"deletions":1}}}]},{"date":"2022-08-31","commitResults":[{"hash":"9bd99793d82f595647813053a741e6232eea8c8d","messageTitle":"Replace text-based UI with JavaFX GUI","messageBody":"","fileTypesAndContributionMap":{"gradle":{"insertions":16,"deletions":1},"fxml":{"insertions":35,"deletions":0},"java":{"insertions":331,"deletions":231}}}]},{"date":"2022-09-05","commitResults":[{"hash":"8515047d4f9bcf2920fc4dbca51f7574b4328975","messageTitle":"Update GUI to colour dialog boxes","messageBody":"","fileTypesAndContributionMap":{"fxml":{"insertions":2,"deletions":2},"java":{"insertions":11,"deletions":3}}},{"hash":"cefe282cd3fea11116e6e1bbc0dc9bdfc838b3cb","messageTitle":"Add and use checkstyle to detect coding violations","messageBody":"","tags":["A-CheckStyle"],"fileTypesAndContributionMap":{"gradle":{"insertions":5,"deletions":0},"java":{"insertions":112,"deletions":85}}},{"hash":"935d0b4296bc9794d5b8d7ecab937a4baf03fc7d","messageTitle":"Update various UI responses","messageBody":"","fileTypesAndContributionMap":{"java":{"insertions":11,"deletions":7}}},{"hash":"d6346f8fdb560154122d2adc0a779d2e3f6f250f","messageTitle":"Add assertions to detect programming errors","messageBody":"Currently, there are no assertions in the code base to detect\nprogramming errors.\n\nThis needs to change as assertions can help to detect programming\nerrors early and prevent the chat bot from performing undesirably.\n\nAdd assertions to detect programming errors.\n\nAssertions are not only simple, but their impact on performance is considered low and worth the additional safety they provide.\n","fileTypesAndContributionMap":{"gradle":{"insertions":1,"deletions":0},"java":{"insertions":8,"deletions":0}}}]},{"date":"2022-09-06","commitResults":[{"hash":"2128ef90d175d911d41f1ea5ea61b30bc30c4507","messageTitle":"Provide a way to undo commands","messageBody":"Currently, there is no way to undo a command.\n\nThis needs to change as users might have misspelt their tasks or\naccidentally deleted a task.\n\nProvide a way to undo commands by using an undo command, followed by\nspecifying the number of steps to revert by.\n\nThis is done so that users can have the flexibility to revert their\nstate by multiple increments.\n","tags":["A-FullCommitMessage"],"fileTypesAndContributionMap":{"java":{"insertions":286,"deletions":70}}}]},{"date":"2022-09-07","commitResults":[{"hash":"76735f3b9f73d4816dd1cb30d6eea75ecbcb32fa","messageTitle":"Improve code quality","messageBody":"Currently, there are a few functions who do not follow the principle of\nsingle level of abstraction SLAP).\n\nThis needs to change as otherwise, it can lead to unclean code and be\nmessy.\n\nImprove code quality by implementing SLAP on the code.\n\nSLAP helps to ensure that abstraction levels are kept consistent\nthroughout a function and makes code easily understood.\n","fileTypesAndContributionMap":{"java":{"insertions":89,"deletions":49}}}]},{"date":"2022-09-13","commitResults":[{"hash":"4ba00565aa5a0474c2c1a2d5f805842beafd6caf","messageTitle":"Improve the GUI","messageBody":"","tags":["A-BetterGui"],"fileTypesAndContributionMap":{"java":{"insertions":3,"deletions":1}}},{"hash":"b0ff3e779c0ee4bd011ab3aa20afbcb909df9677","messageTitle":"Add title to stage","messageBody":"","fileTypesAndContributionMap":{"java":{"insertions":1,"deletions":0}}}]},{"date":"2022-09-14","commitResults":[{"hash":"ae5f11d3548ea0dc5f477acd03dfee0e6f5ede7b","messageTitle":"Fix return message in mark","messageBody":"","fileTypesAndContributionMap":{"java":{"insertions":1,"deletions":1}}},{"hash":"a9a447579844e349a355f7ef5bb1713808ab4cc7","messageTitle":"Improve code quality by applying SLAP","messageBody":"","fileTypesAndContributionMap":{"java":{"insertions":110,"deletions":50}}},{"hash":"80b7a09e90b60f79c1a8c7f2a067cfafdebc8c3c","messageTitle":"Add a user guide","messageBody":"","tags":["A-UserGuide","A-Release"],"fileTypesAndContributionMap":{"md":{"insertions":266,"deletions":10}}}]},{"date":"2022-09-17","commitResults":[{"hash":"00cc1a6fb74b003908a0f44f2f34410f53e7508f","messageTitle":"Update user guide","messageBody":"","fileTypesAndContributionMap":{"md":{"insertions":6,"deletions":0}}}]}]},"authorFileTypeContributionMap":{"ekweirui":{"java":1580,"md":266,"fxml":35,"sh":1,"bat":2,"gradle":23,"txt":16}},"authorContributionVariance":{"ekweirui":66216.55},"authorDisplayNameMap":{"ekweirui":"CS2103T-T10-1 EK W.. RUI"}}
