{"authorDailyContributionsMap":{"heyzec":[{"date":"2022-08-18","commitResults":[{"hash":"da7a99b7763fe31047364fbe8ed9c2e50060871c","messageTitle":"feat: customise chatbot from Duke to Hazell","messageBody":"","fileTypesAndContributionMap":{"java":{"insertions":11,"deletions":10},"bat":{"insertions":1,"deletions":1},"md":{"insertions":9,"deletions":8}}},{"hash":"9ca770325ee7bfce990c09c76db57714ee399d48","messageTitle":"feat: add skeletal code to echo and exit","messageBody":"","fileTypesAndContributionMap":{"java":{"insertions":14,"deletions":1}}},{"hash":"f72705b5114b06af38d2b28c35be2030f45d6171","messageTitle":"feat: add reply function for formatting of replies","messageBody":"","tags":["Level-1"],"fileTypesAndContributionMap":{"java":{"insertions":11,"deletions":3}}},{"hash":"bd30e276b8da052c0f804da0081174d85989df0a","messageTitle":"feat: add storing of text","messageBody":"","tags":["Level-2"],"fileTypesAndContributionMap":{"java":{"insertions":15,"deletions":1}}},{"hash":"1d69666e8ec2b53e1b0df9d10264f11a03a17519","messageTitle":"refactor: create Task class","messageBody":"","fileTypesAndContributionMap":{"java":{"insertions":18,"deletions":6}}},{"hash":"542f3dee8a18c6ded53abc157c42d51ede86f23d","messageTitle":"feat: add ability to mark tasks as done/undone","messageBody":"","fileTypesAndContributionMap":{"java":{"insertions":21,"deletions":1}}},{"hash":"859a17f4d2e45206410c7dfaad6828a3e4f3721c","messageTitle":"refactor: renamed methods and fields of Task class","messageBody":"","tags":["Level-3"],"fileTypesAndContributionMap":{"java":{"insertions":16,"deletions":12}}},{"hash":"613d7bdec9376a89582d666acadedc3a16d2d88c","messageTitle":"refactor: make Task abstract and create ToDo class","messageBody":"","fileTypesAndContributionMap":{"java":{"insertions":15,"deletions":2}}},{"hash":"d64b428e2774694899a4d689c67ac93a2e832eb4","messageTitle":"feat: create Event, Deadline functionality","messageBody":"","tags":["A-Inheritance"],"fileTypesAndContributionMap":{"java":{"insertions":48,"deletions":2}}},{"hash":"9f3e3edc8d4d8eb61ccf829eced171d461347f56","messageTitle":"refactor: create Command class","messageBody":"- makes working with userinput easier by providing helper methods\n","fileTypesAndContributionMap":{"java":{"insertions":114,"deletions":16}}},{"hash":"cc0acf9c72cb7336c4d95e7daf56c975c60c1d66","messageTitle":"refactor: create TaskStore class to store Tasks","messageBody":"","tags":["Level-4"],"fileTypesAndContributionMap":{"java":{"insertions":62,"deletions":22}}},{"hash":"c2bcea036b186490dd919781871b6dc86b6a57f5","messageTitle":"fix: crash and no response","messageBody":"- crash: when marking task out of bounds\n- no response: when command invalid\n- empty response: when listing empty store\n","tags":["Level-5"],"fileTypesAndContributionMap":{"java":{"insertions":20,"deletions":3}}},{"hash":"455d65278b898d24ea69be4bca3c5396a886e35d","messageTitle":"fix: adding tasks now shows detailed info of task","messageBody":"","fileTypesAndContributionMap":{"java":{"insertions":1,"deletions":1}}},{"hash":"90502e481390d13839a38c3262d36057acd9295c","messageTitle":"test: add semi-automated testing using I/O redir","messageBody":"","tags":["A-TextUiTesting"],"fileTypesAndContributionMap":{"txt":{"insertions":10,"deletions":0},"sh":{"insertions":1,"deletions":1}}},{"hash":"9d2929478e9a4066ee708e0bbbb661333ec24107","messageTitle":"feat: add TaskDescriptionEmpty, UnknownCommand exc","messageBody":"","fileTypesAndContributionMap":{"java":{"insertions":100,"deletions":59}}},{"hash":"dcd26e5b82143daa4c50f60fa114123d5eabeb7d","messageTitle":"feat: KwargNotFoundEx is now a HazellException","messageBody":"","fileTypesAndContributionMap":{"java":{"insertions":23,"deletions":25}}},{"hash":"a7663c3462390d4abe40d31baef54197b7ac6959","messageTitle":"refactor: new NoSuchTask handle Task out of bounds","messageBody":"","tags":["A-Exceptions"],"fileTypesAndContributionMap":{"java":{"insertions":32,"deletions":17}}},{"hash":"255a1dd4db1cf49fa71b156b65c8304c54702e26","messageTitle":"feat: add deletion of tasks functionality","messageBody":"","fileTypesAndContributionMap":{"java":{"insertions":27,"deletions":3}}},{"hash":"95aa253b924d1c380438f3ed0210bd3c1e88e15b","messageTitle":"feat: friendlier response when listing tasks","messageBody":"","tags":["Level-6"],"fileTypesAndContributionMap":{"java":{"insertions":1,"deletions":1}}}]},{"date":"2022-08-21","commitResults":[{"hash":"c353fa90755d0afb451771f7e4123336b1c10930","messageTitle":"refactor: use static factory over constructors","messageBody":"- in preparation for Level 7\n","fileTypesAndContributionMap":{"java":{"insertions":23,"deletions":12}}}]},{"date":"2022-08-22","commitResults":[{"hash":"3b7e3e2935b47774b6076bdc822dd661d899d1cb","messageTitle":"refactor: make constructors not throw exceptions","messageBody":"","fileTypesAndContributionMap":{"java":{"insertions":21,"deletions":8}}},{"hash":"aad4b8f79ed872fd5b936796fb4a5ce5c5e57684","messageTitle":"refactor: make actions all done via TaskStore","messageBody":"- also in preparation for Level 7\n","fileTypesAndContributionMap":{"java":{"insertions":17,"deletions":6}}},{"hash":"62f58715c12bf7408ce4a1eecff9bd500f3cef1c","messageTitle":"fix: only recognise kwargs when space precedes \"/\"","messageBody":"","fileTypesAndContributionMap":{"java":{"insertions":1,"deletions":1}}},{"hash":"fc3d6309132e684e00cdca1ea2890ab109e5914f","messageTitle":"feat: add ability to parse dates for deadlines","messageBody":"","tags":["Level-8"],"fileTypesAndContributionMap":{"txt":{"insertions":3,"deletions":0},"java":{"insertions":15,"deletions":1}}},{"hash":"d0e7529051670e92f193e50852052c4757c6cb45","messageTitle":"feat: add saving and restoring tasks to file","messageBody":"","tags":["Level-7"],"fileTypesAndContributionMap":{"java":{"insertions":144,"deletions":1}}}]},{"date":"2022-08-23","commitResults":[{"hash":"944336ed7a1de948a4d614a32ebcf33bf01401ea","messageTitle":"fix: use .equals string comparison \u0026 code cleanup","messageBody":"","fileTypesAndContributionMap":{"txt":{"insertions":1,"deletions":1},"java":{"insertions":13,"deletions":12}}},{"hash":"46621ebd1ecb326ac5a5df20190ea54d6fcaa96e","messageTitle":"refactor: rename TaskStore with TaskList","messageBody":"","fileTypesAndContributionMap":{"java":{"insertions":14,"deletions":14}}},{"hash":"f55ef85c269e2c5d45935e975b274797dd812dda","messageTitle":"fix: update testing to run twice","messageBody":"- to test if data is persisted on storage\n","fileTypesAndContributionMap":{"txt":{"insertions":2,"deletions":1},"sh":{"insertions":3,"deletions":0}}},{"hash":"9f29e2ab00f46b649248be7b5d9304aba23a3b7d","messageTitle":"refactor: create Ui class","messageBody":"","fileTypesAndContributionMap":{"java":{"insertions":48,"deletions":27}}},{"hash":"833b93429c5c92b50a360e7bd6d029573575f08f","messageTitle":"refactor: create Storage class","messageBody":"","tags":["A-MoreOOP"],"fileTypesAndContributionMap":{"java":{"insertions":65,"deletions":25}}},{"hash":"656e1328ef1153b41dd71b8665a4003d84eaebc2","messageTitle":"refactor: mv files to packages, remove Maven conv","messageBody":"","tags":["A-Packages"],"fileTypesAndContributionMap":{"java":{"insertions":37,"deletions":20}}}]},{"date":"2022-08-27","commitResults":[{"hash":"067e96014b42612da30255df5375b68381d1aec9","messageTitle":"refactor: add folders to match Gradle convention","messageBody":"","fileTypesAndContributionMap":{"java":{"insertions":0,"deletions":0}}},{"hash":"b0e5e9a6c0c2ef52e5eafcea0b286f1903e4abff","messageTitle":"test: added two basic unit tests","messageBody":"","tags":["A-JUnit"],"fileTypesAndContributionMap":{"java":{"insertions":41,"deletions":7}}},{"hash":"240ef7ff12b6e0ed6b292a94fceda5349fca20a8","messageTitle":"fix: update build.gradle file","messageBody":"","tags":["A-Jar"],"fileTypesAndContributionMap":{"gradle":{"insertions":2,"deletions":2}}},{"hash":"07e1d5374fda7f756e184a2656ca5bec99899735","messageTitle":"docs: add more javadocs to classes and methods","messageBody":"","tags":["A-JavaDoc"],"fileTypesAndContributionMap":{"java":{"insertions":66,"deletions":0}}},{"hash":"61c958a79e9727aa534ad00ddac2bad4aea8214c","messageTitle":"style: comply with coding standards","messageBody":"","tags":["CodingStandard"],"fileTypesAndContributionMap":{"java":{"insertions":45,"deletions":33}}},{"hash":"3ce7533c158ca9c68e3060cfb262cd323c358a3f","messageTitle":"feat: add search feature by keyword","messageBody":"","fileTypesAndContributionMap":{"java":{"insertions":28,"deletions":0}}}]},{"date":"2022-09-07","commitResults":[{"hash":"3031902670e6854fc119517ab1a02a0b153e712d","messageTitle":"style: fix style issues found by midnightfeverrr","messageBody":"","fileTypesAndContributionMap":{"java":{"insertions":33,"deletions":1}}},{"hash":"2823b544b7b3887b886d66ec5781c2384f243863","messageTitle":"style: fix style issues found by jialatteo","messageBody":"","fileTypesAndContributionMap":{"java":{"insertions":2,"deletions":1}}},{"hash":"16982db963bdd93c4a022a48c49b6f476f0b24c9","messageTitle":"refactor: Dispatcher class suggested by jialatteo","messageBody":"","fileTypesAndContributionMap":{"java":{"insertions":51,"deletions":38}}},{"hash":"e7d1341999529e44d33cb7fbe4f1c331b6910361","messageTitle":"feat: add GUI template code from tutorial","messageBody":"","fileTypesAndContributionMap":{"gradle":{"insertions":19,"deletions":0},"java":{"insertions":191,"deletions":1}}}]},{"date":"2022-09-13","commitResults":[{"hash":"2ba0f58c234477e4c3570e0cfdeb2e2acda83e49","messageTitle":"refactor: use FXML","messageBody":"","fileTypesAndContributionMap":{"fxml":{"insertions":35,"deletions":0},"java":{"insertions":119,"deletions":133}}},{"hash":"89c91b19a4bc593f9bee22573904ca2af58e9890","messageTitle":"feat: enable GUI to give proper responses","messageBody":"","fileTypesAndContributionMap":{"java":{"insertions":34,"deletions":30}}},{"hash":"4d11922340a8b2344f1b4a96c66e7a2b6acf1931","messageTitle":"refactor: move some classes into two new packages","messageBody":"","tags":["Level-10"],"fileTypesAndContributionMap":{"fxml":{"insertions":1,"deletions":1},"java":{"insertions":23,"deletions":9}}},{"hash":"f19e0bc6f155269f6d09a5f6e132f784f4d0d3e6","messageTitle":"style: fix issues with docs, remove dead code","messageBody":"","fileTypesAndContributionMap":{"java":{"insertions":4,"deletions":9}}},{"hash":"ff62585d19d90d581ed24dd67f85bbb6c3c9d532","messageTitle":"refactor: move GUI classes into own package","messageBody":"- Classes in the source root was slightly messy\n- Also in preparation for further refactoring to abstract Ui related\n  logic out of Hazell main class\n","tags":["A-FullCommitMessage"],"fileTypesAndContributionMap":{"fxml":{"insertions":1,"deletions":1},"java":{"insertions":25,"deletions":12}}},{"hash":"81ac7b2f9081db6286e6818918099a70755402be","messageTitle":"refactor: improve code quality","messageBody":"- Added more documentation to classes and methods\n- Made some fields final\n- Change a large if-else to switch-case stmt\n","fileTypesAndContributionMap":{"java":{"insertions":59,"deletions":60}}},{"hash":"0ac3390679acbd78a1f62ddb305b532d6356c4b1","messageTitle":"feat: add assertions to code","messageBody":"- this documents important assumptions that should hold at various points in the code\n- ensures user reply is not blank\n- ensures timestring formatting did not go wrong\n","fileTypesAndContributionMap":{"java":{"insertions":2,"deletions":0}}},{"hash":"1d58fce120a70edf3bbc24eff40facca09a42fe3","messageTitle":"refactor: create UiInterface between Hazell and Ui","messageBody":"","fileTypesAndContributionMap":{"java":{"insertions":35,"deletions":22}}}]},{"date":"2022-09-15","commitResults":[{"hash":"ccb92f9e08b02da5dbda1f96664e733979f51804","messageTitle":"refactor: create classes to hide CLI, GUI diffs","messageBody":"","fileTypesAndContributionMap":{"java":{"insertions":266,"deletions":27}}},{"hash":"c6e15abe19baf81b4ef196780f2c881c0d918128","messageTitle":"feat: enable postponing of Event, Deadline tasks","messageBody":"","tags":["B-Snooze"],"fileTypesAndContributionMap":{"java":{"insertions":41,"deletions":3}}},{"hash":"0307d8465c59b6d5a48aafd179dab1071ea3cb3b","messageTitle":"docs: add basic userguide","messageBody":"","tags":["A-UserGuide"],"fileTypesAndContributionMap":{"md":{"insertions":84,"deletions":11}}}]},{"date":"2022-09-16","commitResults":[{"hash":"7b4668bc42e915431674154be42e0399dfe1cb7d","messageTitle":"fix: remove data/ folder from git index","messageBody":"","fileTypesAndContributionMap":{"txt":{"insertions":0,"deletions":3}}},{"hash":"105217b5d825457ac84ca7b6c9d238d8506cfe33","messageTitle":"fix: tests","messageBody":"","fileTypesAndContributionMap":{"java":{"insertions":1,"deletions":1}}},{"hash":"2d7940ffcda787f8723c1b0e6637b394f6d87b68","messageTitle":"style: fix import orders","messageBody":"","fileTypesAndContributionMap":{"java":{"insertions":26,"deletions":24}}},{"hash":"4bb4faf71a8b72b1de18c17ac6378e1a101f7544","messageTitle":"style: fix minor issues - newline, space, layout","messageBody":"","fileTypesAndContributionMap":{"java":{"insertions":49,"deletions":45}}},{"hash":"2c4b96c4c144389d0efa8ed4df66a344e609538a","messageTitle":"docs: add and improve docs for public methods","messageBody":"","tags":["A-Release"],"fileTypesAndContributionMap":{"java":{"insertions":149,"deletions":16}}}]}]},"authorFileTypeContributionMap":{"heyzec":{"java":1441,"md":89,"fxml":35,"sh":4,"bat":1,"gradle":21,"txt":11}},"authorContributionVariance":{"heyzec":34797.375},"authorDisplayNameMap":{"heyzec":"CS2103T-W17-3 TIAN..HENG"}}
