{"authorDailyContributionsMap":{"heyzec":[{"date":"2022-08-18","commitResults":[{"hash":"da7a99b7763fe31047364fbe8ed9c2e50060871c","messageTitle":"feat: customise chatbot from Duke to Hazell","messageBody":"","fileTypesAndContributionMap":{"java":{"insertions":11,"deletions":10},"bat":{"insertions":1,"deletions":1},"md":{"insertions":9,"deletions":8}}},{"hash":"9ca770325ee7bfce990c09c76db57714ee399d48","messageTitle":"feat: add skeletal code to echo and exit","messageBody":"","fileTypesAndContributionMap":{"java":{"insertions":14,"deletions":1}}},{"hash":"f72705b5114b06af38d2b28c35be2030f45d6171","messageTitle":"feat: add reply function for formatting of replies","messageBody":"","tags":["Level-1"],"fileTypesAndContributionMap":{"java":{"insertions":11,"deletions":3}}},{"hash":"bd30e276b8da052c0f804da0081174d85989df0a","messageTitle":"feat: add storing of text","messageBody":"","tags":["Level-2"],"fileTypesAndContributionMap":{"java":{"insertions":15,"deletions":1}}},{"hash":"1d69666e8ec2b53e1b0df9d10264f11a03a17519","messageTitle":"refactor: create Task class","messageBody":"","fileTypesAndContributionMap":{"java":{"insertions":18,"deletions":6}}},{"hash":"542f3dee8a18c6ded53abc157c42d51ede86f23d","messageTitle":"feat: add ability to mark tasks as done/undone","messageBody":"","fileTypesAndContributionMap":{"java":{"insertions":21,"deletions":1}}},{"hash":"859a17f4d2e45206410c7dfaad6828a3e4f3721c","messageTitle":"refactor: renamed methods and fields of Task class","messageBody":"","tags":["Level-3"],"fileTypesAndContributionMap":{"java":{"insertions":16,"deletions":12}}},{"hash":"613d7bdec9376a89582d666acadedc3a16d2d88c","messageTitle":"refactor: make Task abstract and create ToDo class","messageBody":"","fileTypesAndContributionMap":{"java":{"insertions":15,"deletions":2}}},{"hash":"d64b428e2774694899a4d689c67ac93a2e832eb4","messageTitle":"feat: create Event, Deadline functionality","messageBody":"","tags":["A-Inheritance"],"fileTypesAndContributionMap":{"java":{"insertions":48,"deletions":2}}},{"hash":"9f3e3edc8d4d8eb61ccf829eced171d461347f56","messageTitle":"refactor: create Command class","messageBody":"- makes working with userinput easier by providing helper methods\n","fileTypesAndContributionMap":{"java":{"insertions":114,"deletions":16}}},{"hash":"cc0acf9c72cb7336c4d95e7daf56c975c60c1d66","messageTitle":"refactor: create TaskStore class to store Tasks","messageBody":"","tags":["Level-4"],"fileTypesAndContributionMap":{"java":{"insertions":62,"deletions":22}}},{"hash":"c2bcea036b186490dd919781871b6dc86b6a57f5","messageTitle":"fix: crash and no response","messageBody":"- crash: when marking task out of bounds\n- no response: when command invalid\n- empty response: when listing empty store\n","tags":["Level-5"],"fileTypesAndContributionMap":{"java":{"insertions":20,"deletions":3}}},{"hash":"455d65278b898d24ea69be4bca3c5396a886e35d","messageTitle":"fix: adding tasks now shows detailed info of task","messageBody":"","fileTypesAndContributionMap":{"java":{"insertions":1,"deletions":1}}},{"hash":"90502e481390d13839a38c3262d36057acd9295c","messageTitle":"test: add semi-automated testing using I/O redir","messageBody":"","tags":["A-TextUiTesting"],"fileTypesAndContributionMap":{"txt":{"insertions":10,"deletions":0},"sh":{"insertions":1,"deletions":1}}},{"hash":"9d2929478e9a4066ee708e0bbbb661333ec24107","messageTitle":"feat: add TaskDescriptionEmpty, UnknownCommand exc","messageBody":"","fileTypesAndContributionMap":{"java":{"insertions":100,"deletions":59}}},{"hash":"dcd26e5b82143daa4c50f60fa114123d5eabeb7d","messageTitle":"feat: KwargNotFoundEx is now a HazellException","messageBody":"","fileTypesAndContributionMap":{"java":{"insertions":23,"deletions":25}}},{"hash":"a7663c3462390d4abe40d31baef54197b7ac6959","messageTitle":"refactor: new NoSuchTask handle Task out of bounds","messageBody":"","tags":["A-Exceptions"],"fileTypesAndContributionMap":{"java":{"insertions":32,"deletions":17}}},{"hash":"255a1dd4db1cf49fa71b156b65c8304c54702e26","messageTitle":"feat: add deletion of tasks functionality","messageBody":"","fileTypesAndContributionMap":{"java":{"insertions":27,"deletions":3}}},{"hash":"95aa253b924d1c380438f3ed0210bd3c1e88e15b","messageTitle":"feat: friendlier response when listing tasks","messageBody":"","tags":["Level-6"],"fileTypesAndContributionMap":{"java":{"insertions":1,"deletions":1}}}]}]},"authorFileTypeContributionMap":{"heyzec":{"java":374,"md":9,"fxml":0,"sh":1,"bat":1,"gradle":0,"txt":10}},"authorContributionVariance":{"heyzec":71660.2},"authorDisplayNameMap":{"heyzec":"CS2103T-W17-3 TIAN..HENG"}}
