{"authorDailyContributionsMap":{"SpecOps2016":[{"date":"2022-08-16","commitResults":[{"hash":"4090e9ee669903883c959e9486bdd5fcebebb92a","messageTitle":"Level-1","messageBody":"","tags":["Level-1"],"fileTypesAndContributionMap":{"java":{"insertions":16,"deletions":0}}},{"hash":"cb37ebde4a3a887c7e82e7e8fb701ff75359961f","messageTitle":"Level-2","messageBody":"","tags":["Level-2"],"fileTypesAndContributionMap":{"java":{"insertions":15,"deletions":1}}},{"hash":"650ac7974e4a25f1a29dc0cd407eb1570f5ea7a5","messageTitle":"Level-3","messageBody":"","tags":["Level-3"],"fileTypesAndContributionMap":{"java":{"insertions":42,"deletions":3}}}]},{"date":"2022-08-17","commitResults":[{"hash":"adca069d90bb842eb768eaf35119594c6f1060d4","messageTitle":"Level-4","messageBody":"","fileTypesAndContributionMap":{"java":{"insertions":70,"deletions":4}}},{"hash":"3f040a57d3e41abc9b2854e9efc640e1914d93b5","messageTitle":"Level-5","messageBody":"","fileTypesAndContributionMap":{"java":{"insertions":45,"deletions":25},"bat":{"insertions":2,"deletions":2}}},{"hash":"41695e4a1eed6edf880616498b592e5fd74ac954","messageTitle":"Level-6","messageBody":"","fileTypesAndContributionMap":{"java":{"insertions":22,"deletions":0}}},{"hash":"1ed14cfdaa2381028135f677261d0fd8c2d6dab2","messageTitle":"Level-5 v2","messageBody":"","fileTypesAndContributionMap":{"java":{"insertions":94,"deletions":98}}},{"hash":"e742f8a3cb86ddb2a5152fa7b4d22486e0df273f","messageTitle":"Level-4, Level-5, Level-6 v2","messageBody":"","tags":["Level-6","Level-4"],"fileTypesAndContributionMap":{"java":{"insertions":31,"deletions":34}}}]},{"date":"2022-08-18","commitResults":[{"hash":"422f7599167f6bdfab0d8e1e1ccbd48f43791b68","messageTitle":"Level A-TextUiTesting","messageBody":"","fileTypesAndContributionMap":{"txt":{"insertions":3,"deletions":0},"java":{"insertions":9,"deletions":9}}}]},{"date":"2022-08-25","commitResults":[{"hash":"87563a8cc8149dc825345d02eead76bfcfc44fdb","messageTitle":"Level-7","messageBody":"","tags":["branch-Level-7","Level-7"],"fileTypesAndContributionMap":{"java":{"insertions":49,"deletions":0}}}]},{"date":"2022-08-26","commitResults":[{"hash":"12d8568c6911ad77e65369296fe6c6c760c33320","messageTitle":"Level-8","messageBody":"","tags":["branch-Level-8"],"fileTypesAndContributionMap":{"txt":{"insertions":1,"deletions":0},"java":{"insertions":91,"deletions":28}}}]},{"date":"2022-08-27","commitResults":[{"hash":"e6a7d77bc9cfc64224089bc8488edbac56c1c59e","messageTitle":"Level-7 v2, Level-8 v2","messageBody":"","tags":["Level-8"],"fileTypesAndContributionMap":{"gradle":{"insertions":16,"deletions":0},"txt":{"insertions":0,"deletions":1},"java":{"insertions":225,"deletions":6},"bat":{"insertions":91,"deletions":0}}}]},{"date":"2022-08-28","commitResults":[{"hash":"b7def65532fe231f0c59b3c633fab92bc6b1d00e","messageTitle":"A-MoreOOP, Level-7 and Level-8 v3","messageBody":"","tags":["A-MoreOOP"],"fileTypesAndContributionMap":{"txt":{"insertions":0,"deletions":0},"java":{"insertions":405,"deletions":359}}},{"hash":"466b0a2d249d731b12a3be7c102ac0b290d2f995","messageTitle":"A-MorePackages","messageBody":"","tags":["A-Packages","A-MorePackages"],"fileTypesAndContributionMap":{"txt":{"insertions":1,"deletions":0},"java":{"insertions":37,"deletions":18}}},{"hash":"7828ea9a86505ff22e111f3936d0b275b7d03289","messageTitle":"A-Gradle","messageBody":"","tags":["A-Gradle"],"fileTypesAndContributionMap":{"gradle":{"insertions":1,"deletions":1}}},{"hash":"b711074d3078d60f01db89aea972b34975569e38","messageTitle":"A-Junit","messageBody":"","tags":["A-Jar","A-JUnit"],"fileTypesAndContributionMap":{"gradle":{"insertions":2,"deletions":11},"txt":{"insertions":0,"deletions":1},"java":{"insertions":39,"deletions":1},"bat":{"insertions":0,"deletions":48}}},{"hash":"e2002aeb8b31c5e6253ff9e17ed97f31a6b36b6f","messageTitle":"A-JavaDoc, A-CodingStandard","messageBody":"","tags":["A-JavaDoc","A-CodingStandard"],"fileTypesAndContributionMap":{"java":{"insertions":515,"deletions":468}}},{"hash":"754b74fe5f1099cf09d019c58ac46b660cfea4b5","messageTitle":"Level-9","messageBody":"","fileTypesAndContributionMap":{"txt":{"insertions":2,"deletions":0},"java":{"insertions":21,"deletions":8}}},{"hash":"58b43269fe7c122d11165bd57af132b2b50c52c6","messageTitle":"Level-9 v2","messageBody":"","tags":["branch-Level-9","branch-A-JavaDoc","branch-A-CodingStandard","Level-9"],"fileTypesAndContributionMap":{"java":{"insertions":1,"deletions":1}}}]},{"date":"2022-08-30","commitResults":[{"hash":"6a0d5a011bdbb399e038759c78606101f0e1152e","messageTitle":"A-JUnit v2","messageBody":"","fileTypesAndContributionMap":{"java":{"insertions":0,"deletions":0}}}]},{"date":"2022-09-02","commitResults":[{"hash":"bc8f9b8cd3e47f1933af62d1069242df525e2caf","messageTitle":"Fixed some bugs","messageBody":"","fileTypesAndContributionMap":{"txt":{"insertions":4,"deletions":0},"java":{"insertions":14,"deletions":9}}},{"hash":"b3c4ddae001231e7f1ca9f5814d6335902cf4c8c","messageTitle":"Fixed some more bugs","messageBody":"","fileTypesAndContributionMap":{"java":{"insertions":1,"deletions":0}}}]},{"date":"2022-09-03","commitResults":[{"hash":"e67a38047b25b2faf4ce346354e1b9f405b28505","messageTitle":"Level-10 + fixed bugs","messageBody":"","tags":["branch-Level-10","Level-10"],"fileTypesAndContributionMap":{"gradle":{"insertions":13,"deletions":0},"txt":{"insertions":0,"deletions":5},"fxml":{"insertions":35,"deletions":0},"java":{"insertions":424,"deletions":39}}}]},{"date":"2022-09-10","commitResults":[{"hash":"e34fa8e85ff2cf593b8cccb989d72ac5e020e97f","messageTitle":"A-Assertions","messageBody":"","tags":["branch-A-Assertions","A-Assertions"],"fileTypesAndContributionMap":{"txt":{"insertions":5,"deletions":0},"java":{"insertions":1,"deletions":0}}},{"hash":"cf70ba46e18082346d2ca35af46b0e06ad965f9b","messageTitle":"Implementing C-BetterSearch","messageBody":"The \"find\" command now gives suggestions for items that partially\nmatches the keywords rather than only giving suggestions for items\nthat exactly matches the keywords.\n","tags":["branch-BetterSearch","C-BetterSearch","BCD-Extension","A-FullCommitMessage"],"fileTypesAndContributionMap":{"java":{"insertions":2,"deletions":0}}}]},{"date":"2022-09-11","commitResults":[{"hash":"c5155943fe1aafad0a7ea19f134b3818353ed530","messageTitle":"A-CodeQuality","messageBody":"","tags":["branch-A-CodeQuality","A-CodeQuality"],"fileTypesAndContributionMap":{"txt":{"insertions":1,"deletions":5},"java":{"insertions":276,"deletions":260}}}]},{"date":"2022-09-18","commitResults":[{"hash":"e15f685e8e152e3767569130a107dc07fe488d28","messageTitle":"updated docs","messageBody":"","tags":["A-UserGuide","A-Releases"],"fileTypesAndContributionMap":{"txt":{"insertions":1,"deletions":1},"fxml":{"insertions":3,"deletions":3},"java":{"insertions":4,"deletions":3},"md":{"insertions":217,"deletions":8}}}]},{"date":"2022-09-23","commitResults":[{"hash":"ce3599503ee95c446b0c2a092c6a485dc70d36f7","messageTitle":"fixed bugs in \"find\", \"event\"","messageBody":"","fileTypesAndContributionMap":{"gradle":{"insertions":2,"deletions":1},"txt":{"insertions":2,"deletions":1},"java":{"insertions":11,"deletions":10}}},{"hash":"b29ed565cd2f40aaf6ecf47d9d230dee5bf4462f","messageTitle":"fixed bugs in \"find\" and \"event\"","messageBody":"","fileTypesAndContributionMap":{"java":{"insertions":9,"deletions":6}}}]}]},"authorFileTypeContributionMap":{"SpecOps2016":{"java":1087,"md":213,"fxml":35,"sh":0,"bat":12,"gradle":25,"txt":6}},"authorContributionVariance":{"SpecOps2016":99172.02},"authorDisplayNameMap":{"SpecOps2016":"CS2103T-W08-1 GREG..OONG"}}
