{"authorDailyContributionsMap":{"kevinchangjk":[{"date":"2022-08-13","commitResults":[{"hash":"7ac1619fa84e9415fbf3c2a275075ea9d49c5a1f","messageTitle":"add startup display","messageBody":"","fileTypesAndContributionMap":{"java":{"insertions":37,"deletions":10}}},{"hash":"beb1de293e27bac52be5493af7c4795b28c02787","messageTitle":"add io functionality","messageBody":"","fileTypesAndContributionMap":{"java":{"insertions":53,"deletions":11}}},{"hash":"c9cc53766a738769fac539481d947f5dd626ca09","messageTitle":"add processor function","messageBody":"","fileTypesAndContributionMap":{"java":{"insertions":30,"deletions":6}}},{"hash":"ea89c6c6916e3d10815139b0ecc416f0365cc2e9","messageTitle":"refactor: moved displayed text out","messageBody":"","tags":["Level-1"],"fileTypesAndContributionMap":{"java":{"insertions":48,"deletions":40}}}]},{"date":"2022-08-15","commitResults":[{"hash":"1b543343b3a971c4e8ab72714852a51d2e564f81","messageTitle":"add listing function","messageBody":"","tags":["Level-2"],"fileTypesAndContributionMap":{"java":{"insertions":34,"deletions":8}}},{"hash":"0146b7b9792b36752608286e388c8f8379495e8d","messageTitle":"add task class","messageBody":"","fileTypesAndContributionMap":{"java":{"insertions":35,"deletions":9}}},{"hash":"3ff4d07d75c88990baec6f95e8ff121752c08927","messageTitle":"add doneness mechanism","messageBody":"","tags":["Level-3"],"fileTypesAndContributionMap":{"java":{"insertions":26,"deletions":4}}},{"hash":"2b193097df3e6c2d6265ff6f9ec7bda9eaf5d05d","messageTitle":"add task subclasses","messageBody":"","fileTypesAndContributionMap":{"java":{"insertions":73,"deletions":7}}},{"hash":"576d1e747195c9bff3de6912fc9b2a302abb7736","messageTitle":"update logic for task subtypes","messageBody":"","tags":["Level-4"],"fileTypesAndContributionMap":{"java":{"insertions":53,"deletions":11}}}]},{"date":"2022-08-16","commitResults":[{"hash":"8d85b3f472f1df8832a7e740f8b0c749f273e5e8","messageTitle":"update testing scripts","messageBody":"","tags":["A-TextUiTesting"],"fileTypesAndContributionMap":{"txt":{"insertions":12,"deletions":0},"java":{"insertions":11,"deletions":7},"sh":{"insertions":2,"deletions":2}}},{"hash":"62a6308bea9a96bbecc955012f9d6fe87a8adbc7","messageTitle":"add basic exception handling","messageBody":"","fileTypesAndContributionMap":{"java":{"insertions":81,"deletions":7}}}]},{"date":"2022-08-17","commitResults":[{"hash":"913c09e8ac785ad0fab8ab2df4b64a93c4db560f","messageTitle":"fix exception handling for invalid flag and param","messageBody":"","fileTypesAndContributionMap":{"java":{"insertions":101,"deletions":13}}},{"hash":"638a9b1d1ab3099f47ca30ee6e66e79ea39f1212","messageTitle":"refactor: update error handling","messageBody":"","fileTypesAndContributionMap":{"java":{"insertions":102,"deletions":117}}},{"hash":"07ff14cbfab64a0f17c6a908c989d5554c5f2f23","messageTitle":"update testing script","messageBody":"","tags":["Level-5"],"fileTypesAndContributionMap":{"txt":{"insertions":13,"deletions":2},"java":{"insertions":1,"deletions":1}}},{"hash":"191525efe20b31be2a5e744fa232861e5ab18a4e","messageTitle":"add delete function","messageBody":"","fileTypesAndContributionMap":{"java":{"insertions":25,"deletions":0}}},{"hash":"45ae76fc3ea2825b06737ce34674c9031e71ed0f","messageTitle":"update testing scripts","messageBody":"","tags":["Level-6"],"fileTypesAndContributionMap":{"txt":{"insertions":4,"deletions":0}}},{"hash":"93bad5f5c0f701e52de851e891dd5740d81e35bc","messageTitle":"changed to enums for task types","messageBody":"","tags":["A-Enums"],"fileTypesAndContributionMap":{"java":{"insertions":13,"deletions":7}}}]},{"date":"2022-08-24","commitResults":[{"hash":"4424ef2420ac48251c62846f9672cf12e3424cb4","messageTitle":"Add storing functionality","messageBody":"","tags":["Level-7"],"fileTypesAndContributionMap":{"java":{"insertions":210,"deletions":20}}},{"hash":"c5b4384f436796e25d95d5d2d689a8f0d8395616","messageTitle":"Add basic date recognition","messageBody":"","fileTypesAndContributionMap":{"java":{"insertions":54,"deletions":10}}}]},{"date":"2022-08-25","commitResults":[{"hash":"437974f6444675136f68a99d0d6996487694df31","messageTitle":"fix date and time","messageBody":"","tags":["Level-8"],"fileTypesAndContributionMap":{"java":{"insertions":65,"deletions":27}}},{"hash":"6e1b5fe2aea6dce3e1712e5b05f217256925ed28","messageTitle":"Refactor: change to fit coding standards","messageBody":"","fileTypesAndContributionMap":{"java":{"insertions":42,"deletions":20}}},{"hash":"0ca7fa9ec57b5a1f865b915655e4da9b9193236e","messageTitle":"Wrap into a package","messageBody":"","tags":["A-Packages"],"fileTypesAndContributionMap":{"java":{"insertions":43,"deletions":22}}},{"hash":"e053fea4aa88882b3a686390b358335f8fcf24d6","messageTitle":"Refactor: abstracted out Carbon class into components","messageBody":"","tags":["A-MoreOOP"],"fileTypesAndContributionMap":{"java":{"insertions":378,"deletions":320}}},{"hash":"adb4a100f35c7c12bf2dd84aeb8b8994011ceb35","messageTitle":"Add gradle","messageBody":"","fileTypesAndContributionMap":{"gradle":{"insertions":41,"deletions":0}}},{"hash":"c26b2ae83a1db3cfac640d65d8366eb09c00f236","messageTitle":"Modify gradle config for testing","messageBody":"","tags":["A-Gradle"],"fileTypesAndContributionMap":{"gradle":{"insertions":2,"deletions":2}}}]},{"date":"2022-08-26","commitResults":[{"hash":"dc7fd4b2da06b92afc568a42a385a00d7f82fdd3","messageTitle":"Add dummy test","messageBody":"","fileTypesAndContributionMap":{"java":{"insertions":17,"deletions":0}}},{"hash":"caf8c821afea99fc1148d412fd8310191fc62698","messageTitle":"Refactor: abstract parser logs","messageBody":"","fileTypesAndContributionMap":{"java":{"insertions":62,"deletions":47}}},{"hash":"386f1b92af5e2dfa6943392d65f29430ea4b1f7c","messageTitle":"Add parser test cases","messageBody":"","fileTypesAndContributionMap":{"java":{"insertions":17,"deletions":7}}},{"hash":"29c4eec93c97d94cd3296f53f69b0d3536ba7f36","messageTitle":"Add TaskList test cases","messageBody":"","tags":["v0.1.0","v0.1","A-Jar","A-JUnit"],"fileTypesAndContributionMap":{"java":{"insertions":27,"deletions":0}}},{"hash":"8fd46957a21b16811c5821eb9d797c58477397bf","messageTitle":"Fix to match coding standards","messageBody":"","tags":["A-CodingStandard"],"fileTypesAndContributionMap":{"java":{"insertions":8,"deletions":0}}},{"hash":"91ece6ea05d3e7e9cf4cf59ff96b1059f99e4d83","messageTitle":"Add javadocs for classes","messageBody":"","tags":["A-JavaDoc"],"fileTypesAndContributionMap":{"java":{"insertions":236,"deletions":13}}},{"hash":"4dfb1e924944429e9ca5b313c74989d7f2fc5673","messageTitle":"Add find method","messageBody":"","tags":["Level-9"],"fileTypesAndContributionMap":{"java":{"insertions":35,"deletions":4}}}]},{"date":"2022-08-29","commitResults":[{"hash":"ace0e446e4bb18d3473bf4f93c373e45ead4c00f","messageTitle":"Add checkstyle function with gradle","messageBody":"","fileTypesAndContributionMap":{"gradle":{"insertions":5,"deletions":0}}},{"hash":"31195e9aa2720c60341b758fc70471ffd2ca7d0d","messageTitle":"Fix style errors","messageBody":"","tags":["A-CheckStyle"],"fileTypesAndContributionMap":{"java":{"insertions":199,"deletions":145}}}]},{"date":"2022-08-30","commitResults":[{"hash":"ad8c9c632543330a7bddf2d3aa33dd25fc9f83c2","messageTitle":"Add javafx hello world","messageBody":"","fileTypesAndContributionMap":{"gradle":{"insertions":7,"deletions":1},"java":{"insertions":28,"deletions":2}}}]},{"date":"2022-08-31","commitResults":[{"hash":"c38a3b368642f5ad1b38488e370b9d92ce38b152","messageTitle":"Fix inheritdoc annotation","messageBody":"","fileTypesAndContributionMap":{"java":{"insertions":71,"deletions":22}}},{"hash":"b5268c5e1887b8edbfc9bab0fc2e819c8af8c22b","messageTitle":"Refactor with fxml","messageBody":"","fileTypesAndContributionMap":{"gradle":{"insertions":6,"deletions":1},"fxml":{"insertions":35,"deletions":0},"java":{"insertions":201,"deletions":53}}},{"hash":"71210fdf5832099b9cbd2b7d562fbbd86e257c6d","messageTitle":"Modify gui to fit carbon","messageBody":"","fileTypesAndContributionMap":{"gradle":{"insertions":0,"deletions":5},"fxml":{"insertions":35,"deletions":0},"java":{"insertions":44,"deletions":162}}},{"hash":"d56e7b161ffa447d8e83f8fb796fc3fe1a84d3ee","messageTitle":"Fix gitignore","messageBody":"","fileTypesAndContributionMap":{"fxml":{"insertions":0,"deletions":35}}},{"hash":"466928c35d0e8d04c6e8ed8db2106fc1d0edc8dd","messageTitle":"Update testing scripts","messageBody":"","fileTypesAndContributionMap":{"txt":{"insertions":0,"deletions":27},"java":{"insertions":11,"deletions":7},"bat":{"insertions":0,"deletions":21},"sh":{"insertions":0,"deletions":38}}},{"hash":"da4ed948552a649500245b705471c87ad77795f5","messageTitle":"Fix checkstyle errors","messageBody":"","fileTypesAndContributionMap":{"java":{"insertions":65,"deletions":28}}}]},{"date":"2022-09-05","commitResults":[{"hash":"de5a55d5c05e2fdf8436b23197c6bd04c81a9fd1","messageTitle":"Modify after peer reviews","messageBody":"","fileTypesAndContributionMap":{"java":{"insertions":35,"deletions":38}}},{"hash":"4dd80d0d36744c4fd2cabe16e17b9177268643ab","messageTitle":"Add javafx dependencies to build.gradle","messageBody":"","fileTypesAndContributionMap":{"gradle":{"insertions":15,"deletions":0}}},{"hash":"4fe9fe95bb50418125a6c11e28c2fc3656bf0627","messageTitle":"Refactor code to make it cleaner","messageBody":"Made several changes to various files to improve code quality.\n\n* Changed numerous if else statements to simple guard clauses\n* Extract out common logic from methods\n* Modify variable names to make them clearer and more consistent\n","tags":["A-FullCommitMessage"],"fileTypesAndContributionMap":{"java":{"insertions":85,"deletions":111}}},{"hash":"f249f0e1a54eb527e8ac64573fffa3358f950927","messageTitle":"Abstract out flags for event and deadline","messageBody":"","fileTypesAndContributionMap":{"java":{"insertions":8,"deletions":6}}},{"hash":"5db24215f7e168e3be97b583f6ae312196d2e4ba","messageTitle":"Fix style errors","messageBody":"","fileTypesAndContributionMap":{"java":{"insertions":9,"deletions":9}}},{"hash":"7a4eea4251f91e35c3586729ff5304f7d5d3b56c","messageTitle":"Add assertions to ensure working logic","messageBody":"","fileTypesAndContributionMap":{"gradle":{"insertions":1,"deletions":0},"java":{"insertions":9,"deletions":1}}},{"hash":"d65fdd2ffefa1fd1d459b400c30d99b842bbcea1","messageTitle":"Fix checkStyle errors","messageBody":"","fileTypesAndContributionMap":{"java":{"insertions":6,"deletions":6}}},{"hash":"0018fc572a576deacb8f58de27d4ae10ed5f99b9","messageTitle":"Fix naming issue for CorruptedSaveFileException","messageBody":"","tags":["A-CI"],"fileTypesAndContributionMap":{"java":{"insertions":0,"deletions":0}}}]},{"date":"2022-09-06","commitResults":[{"hash":"7852b783fdad62dba718de53b6f2a2a67e05519d","messageTitle":"Add basic undo function","messageBody":"","fileTypesAndContributionMap":{"java":{"insertions":56,"deletions":20}}}]},{"date":"2022-09-07","commitResults":[{"hash":"52873d667a49e4605ed6ca7749ed07376d4be6db","messageTitle":"Modify undo to work better","messageBody":"","fileTypesAndContributionMap":{"java":{"insertions":30,"deletions":22}}}]},{"date":"2022-09-11","commitResults":[{"hash":"bede1e750de843693a77fb59d3546dd3bd52a764","messageTitle":"Add better error handling","messageBody":"","tags":["A-MoreErrorHandling"],"fileTypesAndContributionMap":{"java":{"insertions":59,"deletions":26}}},{"hash":"d0f93462e2c8827a165aacc2a70d877c5853c0d9","messageTitle":"Add exit sequence","messageBody":"","tags":["A-Personality","A-BetterGui"],"fileTypesAndContributionMap":{"java":{"insertions":53,"deletions":0}}}]},{"date":"2022-09-16","commitResults":[{"hash":"4588bc53b8689cb133ef8717b2465a03bbb41c05","messageTitle":"Update docs","messageBody":"","tags":["A-UserGuide","A-Release"],"fileTypesAndContributionMap":{"md":{"insertions":256,"deletions":13}}},{"hash":"4317f0f7dcecb58c6f1156129cb3e074b986affa","messageTitle":"Update build.gradle","messageBody":"","tags":["v0.3.0"],"fileTypesAndContributionMap":{"gradle":{"insertions":0,"deletions":7}}}]}]},"authorFileTypeContributionMap":{"kevinchangjk":{"java":1544,"md":252,"fxml":35,"sh":0,"bat":0,"gradle":61,"txt":0}},"authorContributionVariance":{"kevinchangjk":54571.17},"authorDisplayNameMap":{"kevinchangjk":"CS2103T-T15-1 KEVI.. KIT"}}
