[{"path":"build.gradle","fileType":"gradle","lines":[{"lineNumber":1,"author":{"gitId":"-"},"content":"plugins {","lastModifiedDate":"2020-05-25"},{"lineNumber":2,"author":{"gitId":"-"},"content":"    id \u0027java\u0027","lastModifiedDate":"2020-05-25"},{"lineNumber":3,"author":{"gitId":"-"},"content":"    id \u0027application\u0027","lastModifiedDate":"2020-05-25"},{"lineNumber":4,"author":{"gitId":"-"},"content":"    id \u0027com.github.johnrengelman.shadow\u0027 version \u00275.1.0\u0027","lastModifiedDate":"2020-05-25"},{"lineNumber":5,"author":{"gitId":"-"},"content":"}","lastModifiedDate":"2020-05-25"},{"lineNumber":6,"author":{"gitId":"-"},"content":"","lastModifiedDate":"2020-05-25"},{"lineNumber":7,"author":{"gitId":"-"},"content":"repositories {","lastModifiedDate":"2020-05-25"},{"lineNumber":8,"author":{"gitId":"-"},"content":"    mavenCentral()","lastModifiedDate":"2020-05-25"},{"lineNumber":9,"author":{"gitId":"-"},"content":"}","lastModifiedDate":"2020-05-25"},{"lineNumber":10,"author":{"gitId":"-"},"content":"","lastModifiedDate":"2020-05-25"},{"lineNumber":11,"author":{"gitId":"-"},"content":"dependencies {","lastModifiedDate":"2020-05-25"},{"lineNumber":12,"author":{"gitId":"-"},"content":"    testImplementation group: \u0027org.junit.jupiter\u0027, name: \u0027junit-jupiter-api\u0027, version: \u00275.5.0\u0027","lastModifiedDate":"2020-05-25"},{"lineNumber":13,"author":{"gitId":"-"},"content":"    testRuntimeOnly group: \u0027org.junit.jupiter\u0027, name: \u0027junit-jupiter-engine\u0027, version: \u00275.5.0\u0027","lastModifiedDate":"2020-05-25"},{"lineNumber":14,"author":{"gitId":"-"},"content":"}","lastModifiedDate":"2020-05-25"},{"lineNumber":15,"author":{"gitId":"-"},"content":"","lastModifiedDate":"2020-05-25"},{"lineNumber":16,"author":{"gitId":"-"},"content":"test {","lastModifiedDate":"2020-05-25"},{"lineNumber":17,"author":{"gitId":"-"},"content":"    useJUnitPlatform()","lastModifiedDate":"2020-05-25"},{"lineNumber":18,"author":{"gitId":"-"},"content":"","lastModifiedDate":"2020-05-25"},{"lineNumber":19,"author":{"gitId":"-"},"content":"    testLogging {","lastModifiedDate":"2020-05-25"},{"lineNumber":20,"author":{"gitId":"-"},"content":"        events \"passed\", \"skipped\", \"failed\"","lastModifiedDate":"2020-05-25"},{"lineNumber":21,"author":{"gitId":"-"},"content":"","lastModifiedDate":"2020-05-25"},{"lineNumber":22,"author":{"gitId":"-"},"content":"        showExceptions true","lastModifiedDate":"2020-05-25"},{"lineNumber":23,"author":{"gitId":"-"},"content":"        exceptionFormat \"full\"","lastModifiedDate":"2020-05-25"},{"lineNumber":24,"author":{"gitId":"-"},"content":"        showCauses true","lastModifiedDate":"2020-05-25"},{"lineNumber":25,"author":{"gitId":"-"},"content":"        showStackTraces true","lastModifiedDate":"2020-05-25"},{"lineNumber":26,"author":{"gitId":"-"},"content":"        showStandardStreams \u003d false","lastModifiedDate":"2020-05-25"},{"lineNumber":27,"author":{"gitId":"-"},"content":"    }","lastModifiedDate":"2020-05-25"},{"lineNumber":28,"author":{"gitId":"-"},"content":"}","lastModifiedDate":"2020-05-25"},{"lineNumber":29,"author":{"gitId":"-"},"content":"","lastModifiedDate":"2020-05-25"},{"lineNumber":30,"author":{"gitId":"-"},"content":"application {","lastModifiedDate":"2020-05-25"},{"lineNumber":31,"author":{"gitId":"AshiqurRah"},"content":"    mainClassName \u003d \"duke.Duke\"","lastModifiedDate":"2022-08-28"},{"lineNumber":32,"author":{"gitId":"-"},"content":"}","lastModifiedDate":"2020-05-25"},{"lineNumber":33,"author":{"gitId":"-"},"content":"","lastModifiedDate":"2020-05-25"},{"lineNumber":34,"author":{"gitId":"-"},"content":"shadowJar {","lastModifiedDate":"2020-05-25"},{"lineNumber":35,"author":{"gitId":"-"},"content":"    archiveBaseName \u003d \"duke\"","lastModifiedDate":"2020-05-25"},{"lineNumber":36,"author":{"gitId":"-"},"content":"    archiveClassifier \u003d null","lastModifiedDate":"2020-05-25"},{"lineNumber":37,"author":{"gitId":"-"},"content":"}","lastModifiedDate":"2020-05-25"},{"lineNumber":38,"author":{"gitId":"-"},"content":"","lastModifiedDate":"2020-05-25"},{"lineNumber":39,"author":{"gitId":"-"},"content":"run{","lastModifiedDate":"2020-05-25"},{"lineNumber":40,"author":{"gitId":"-"},"content":"    standardInput \u003d System.in","lastModifiedDate":"2020-05-25"},{"lineNumber":41,"author":{"gitId":"-"},"content":"}","lastModifiedDate":"2020-05-25"}],"authorContributionMap":{"AshiqurRah":1,"-":40}},{"path":"data/duke.txt","fileType":"txt","lines":[{"lineNumber":1,"author":{"gitId":"AshiqurRah"},"content":"1.[T][ ] homework","lastModifiedDate":"2022-08-27"},{"lineNumber":2,"author":{"gitId":"AshiqurRah"},"content":"2.[E][ ] event   (at: Mon 3pm)","lastModifiedDate":"2022-08-27"},{"lineNumber":3,"author":{"gitId":"AshiqurRah"},"content":"3.[T][ ] homework","lastModifiedDate":"2022-08-27"},{"lineNumber":4,"author":{"gitId":"AshiqurRah"},"content":"4.[T][ ] homework 3","lastModifiedDate":"2022-08-27"},{"lineNumber":5,"author":{"gitId":"AshiqurRah"},"content":"5.[D][ ] project  (by: Nov 2 2020)","lastModifiedDate":"2022-08-27"},{"lineNumber":6,"author":{"gitId":"AshiqurRah"},"content":"6.[D][ ] homework345 (by: Jan 4 2010)","lastModifiedDate":"2022-08-27"}],"authorContributionMap":{"AshiqurRah":6}},{"path":"src/main/java/duke/Deadline.java","fileType":"java","lines":[{"lineNumber":1,"author":{"gitId":"AshiqurRah"},"content":"package duke;","lastModifiedDate":"2022-08-28"},{"lineNumber":2,"author":{"gitId":"AshiqurRah"},"content":"","lastModifiedDate":"2022-08-28"},{"lineNumber":3,"author":{"gitId":"AshiqurRah"},"content":"import java.time.LocalDate;","lastModifiedDate":"2022-08-26"},{"lineNumber":4,"author":{"gitId":"AshiqurRah"},"content":"import java.time.format.DateTimeFormatter;","lastModifiedDate":"2022-08-26"},{"lineNumber":5,"author":{"gitId":"AshiqurRah"},"content":"","lastModifiedDate":"2022-08-26"},{"lineNumber":6,"author":{"gitId":"AshiqurRah"},"content":"public class Deadline extends Task {","lastModifiedDate":"2022-08-18"},{"lineNumber":7,"author":{"gitId":"AshiqurRah"},"content":"    protected String description;","lastModifiedDate":"2022-08-18"},{"lineNumber":8,"author":{"gitId":"AshiqurRah"},"content":"    protected boolean isDone;","lastModifiedDate":"2022-08-18"},{"lineNumber":9,"author":{"gitId":"AshiqurRah"},"content":"    protected String deadlineDay;","lastModifiedDate":"2022-08-18"},{"lineNumber":10,"author":{"gitId":"AshiqurRah"},"content":"    protected LocalDate deadlineDateTime;","lastModifiedDate":"2022-08-26"},{"lineNumber":11,"author":{"gitId":"AshiqurRah"},"content":"","lastModifiedDate":"2022-08-18"},{"lineNumber":12,"author":{"gitId":"AshiqurRah"},"content":"    public Deadline (String description, String deadlineDay) {","lastModifiedDate":"2022-08-18"},{"lineNumber":13,"author":{"gitId":"AshiqurRah"},"content":"        super(description);","lastModifiedDate":"2022-08-18"},{"lineNumber":14,"author":{"gitId":"AshiqurRah"},"content":"        this.deadlineDay \u003d deadlineDay.replaceAll(\" \", \"\");","lastModifiedDate":"2022-08-26"},{"lineNumber":15,"author":{"gitId":"AshiqurRah"},"content":"        this.stringToDate();","lastModifiedDate":"2022-08-27"},{"lineNumber":16,"author":{"gitId":"AshiqurRah"},"content":"    }","lastModifiedDate":"2022-08-26"},{"lineNumber":17,"author":{"gitId":"AshiqurRah"},"content":"","lastModifiedDate":"2022-08-26"},{"lineNumber":18,"author":{"gitId":"AshiqurRah"},"content":"    public void stringToDate() {","lastModifiedDate":"2022-08-26"},{"lineNumber":19,"author":{"gitId":"AshiqurRah"},"content":"        try {","lastModifiedDate":"2022-08-26"},{"lineNumber":20,"author":{"gitId":"AshiqurRah"},"content":"            DateTimeFormatter convertFormatter \u003d DateTimeFormatter.ofPattern(\"yyyy-MM-dd\");","lastModifiedDate":"2022-08-26"},{"lineNumber":21,"author":{"gitId":"AshiqurRah"},"content":"            LocalDate deadlineDate \u003d LocalDate.parse(this.deadlineDay, convertFormatter);","lastModifiedDate":"2022-08-26"},{"lineNumber":22,"author":{"gitId":"AshiqurRah"},"content":"            this.deadlineDateTime \u003d deadlineDate;","lastModifiedDate":"2022-08-26"},{"lineNumber":23,"author":{"gitId":"AshiqurRah"},"content":"        } catch (Exception err) {","lastModifiedDate":"2022-08-26"},{"lineNumber":24,"author":{"gitId":"AshiqurRah"},"content":"            DukeException.DateTimeFormatErrorMessage();","lastModifiedDate":"2022-08-26"},{"lineNumber":25,"author":{"gitId":"AshiqurRah"},"content":"            System.out.println(err);","lastModifiedDate":"2022-08-26"},{"lineNumber":26,"author":{"gitId":"AshiqurRah"},"content":"        }","lastModifiedDate":"2022-08-26"},{"lineNumber":27,"author":{"gitId":"AshiqurRah"},"content":"    }","lastModifiedDate":"2022-08-26"},{"lineNumber":28,"author":{"gitId":"AshiqurRah"},"content":"","lastModifiedDate":"2022-08-26"},{"lineNumber":29,"author":{"gitId":"AshiqurRah"},"content":"    public String modifedDate() {","lastModifiedDate":"2022-08-26"},{"lineNumber":30,"author":{"gitId":"AshiqurRah"},"content":"        DateTimeFormatter printFormatter \u003d DateTimeFormatter.ofPattern(\"MMM d yyyy\");","lastModifiedDate":"2022-08-26"},{"lineNumber":31,"author":{"gitId":"AshiqurRah"},"content":"        String modifiedString \u003d this.deadlineDateTime.format(printFormatter);","lastModifiedDate":"2022-08-26"},{"lineNumber":32,"author":{"gitId":"AshiqurRah"},"content":"        return modifiedString;","lastModifiedDate":"2022-08-26"},{"lineNumber":33,"author":{"gitId":"AshiqurRah"},"content":"    }","lastModifiedDate":"2022-08-18"},{"lineNumber":34,"author":{"gitId":"AshiqurRah"},"content":"","lastModifiedDate":"2022-08-18"},{"lineNumber":35,"author":{"gitId":"AshiqurRah"},"content":"    @Override","lastModifiedDate":"2022-08-18"},{"lineNumber":36,"author":{"gitId":"AshiqurRah"},"content":"    public String toString() {","lastModifiedDate":"2022-08-18"},{"lineNumber":37,"author":{"gitId":"AshiqurRah"},"content":"        String s \u003d String.format(\"[D]%s (by: %s)\", super.toString(), this.modifedDate());","lastModifiedDate":"2022-08-26"},{"lineNumber":38,"author":{"gitId":"AshiqurRah"},"content":"        return s;","lastModifiedDate":"2022-08-18"},{"lineNumber":39,"author":{"gitId":"AshiqurRah"},"content":"    }","lastModifiedDate":"2022-08-18"},{"lineNumber":40,"author":{"gitId":"AshiqurRah"},"content":"}","lastModifiedDate":"2022-08-18"}],"authorContributionMap":{"AshiqurRah":40}},{"path":"src/main/java/duke/Duke.java","fileType":"java","lines":[{"lineNumber":1,"author":{"gitId":"AshiqurRah"},"content":"package duke;","lastModifiedDate":"2022-08-28"},{"lineNumber":2,"author":{"gitId":"AshiqurRah"},"content":"","lastModifiedDate":"2022-08-28"},{"lineNumber":3,"author":{"gitId":"AshiqurRah"},"content":"import java.io.IOException;","lastModifiedDate":"2022-08-25"},{"lineNumber":4,"author":{"gitId":"AshiqurRah"},"content":"","lastModifiedDate":"2022-08-26"},{"lineNumber":5,"author":{"gitId":"-"},"content":"public class Duke {","lastModifiedDate":"2019-07-29"},{"lineNumber":6,"author":{"gitId":"AshiqurRah"},"content":"","lastModifiedDate":"2022-08-18"},{"lineNumber":7,"author":{"gitId":"AshiqurRah"},"content":"    private Storage storage;","lastModifiedDate":"2022-08-27"},{"lineNumber":8,"author":{"gitId":"AshiqurRah"},"content":"    private TaskList tasks;","lastModifiedDate":"2022-08-27"},{"lineNumber":9,"author":{"gitId":"AshiqurRah"},"content":"    private Ui ui;","lastModifiedDate":"2022-08-27"},{"lineNumber":10,"author":{"gitId":"AshiqurRah"},"content":"","lastModifiedDate":"2022-08-18"},{"lineNumber":11,"author":{"gitId":"AshiqurRah"},"content":"    public Duke(String filePath) {","lastModifiedDate":"2022-08-27"},{"lineNumber":12,"author":{"gitId":"AshiqurRah"},"content":"        ui \u003d new Ui();","lastModifiedDate":"2022-08-27"},{"lineNumber":13,"author":{"gitId":"AshiqurRah"},"content":"        ui.greeting();","lastModifiedDate":"2022-08-27"},{"lineNumber":14,"author":{"gitId":"AshiqurRah"},"content":"        storage \u003d new Storage(filePath);","lastModifiedDate":"2022-08-27"},{"lineNumber":15,"author":{"gitId":"AshiqurRah"},"content":"        try {","lastModifiedDate":"2022-08-25"},{"lineNumber":16,"author":{"gitId":"AshiqurRah"},"content":"            tasks \u003d new TaskList(storage.load());","lastModifiedDate":"2022-08-27"},{"lineNumber":17,"author":{"gitId":"AshiqurRah"},"content":"        } catch (DukeException e) {","lastModifiedDate":"2022-08-27"},{"lineNumber":18,"author":{"gitId":"AshiqurRah"},"content":"            ui.showLoadingError();","lastModifiedDate":"2022-08-27"},{"lineNumber":19,"author":{"gitId":"AshiqurRah"},"content":"            tasks \u003d new TaskList();","lastModifiedDate":"2022-08-27"},{"lineNumber":20,"author":{"gitId":"AshiqurRah"},"content":"        }","lastModifiedDate":"2022-08-25"},{"lineNumber":21,"author":{"gitId":"AshiqurRah"},"content":"    }","lastModifiedDate":"2022-08-25"},{"lineNumber":22,"author":{"gitId":"AshiqurRah"},"content":"","lastModifiedDate":"2022-08-27"},{"lineNumber":23,"author":{"gitId":"AshiqurRah"},"content":"    public void run() throws IOException, DukeException {","lastModifiedDate":"2022-08-27"},{"lineNumber":24,"author":{"gitId":"AshiqurRah"},"content":"        Parser.run(tasks);","lastModifiedDate":"2022-08-27"},{"lineNumber":25,"author":{"gitId":"AshiqurRah"},"content":"    }","lastModifiedDate":"2022-08-25"},{"lineNumber":26,"author":{"gitId":"AshiqurRah"},"content":"","lastModifiedDate":"2022-08-25"},{"lineNumber":27,"author":{"gitId":"AshiqurRah"},"content":"    public static void main(String[] args) throws IOException, DukeException {","lastModifiedDate":"2022-08-27"},{"lineNumber":28,"author":{"gitId":"AshiqurRah"},"content":"        new Duke(\"data/duke.txt\").run();","lastModifiedDate":"2022-08-27"},{"lineNumber":29,"author":{"gitId":"AshiqurRah"},"content":"    }","lastModifiedDate":"2022-08-25"},{"lineNumber":30,"author":{"gitId":"AshiqurRah"},"content":"","lastModifiedDate":"2022-08-25"},{"lineNumber":31,"author":{"gitId":"AshiqurRah"},"content":"","lastModifiedDate":"2022-08-18"},{"lineNumber":32,"author":{"gitId":"AshiqurRah"},"content":"","lastModifiedDate":"2022-08-19"},{"lineNumber":33,"author":{"gitId":"AshiqurRah"},"content":"","lastModifiedDate":"2022-08-27"},{"lineNumber":34,"author":{"gitId":"AshiqurRah"},"content":"","lastModifiedDate":"2022-08-27"},{"lineNumber":35,"author":{"gitId":"AshiqurRah"},"content":"","lastModifiedDate":"2022-08-27"},{"lineNumber":36,"author":{"gitId":"AshiqurRah"},"content":"","lastModifiedDate":"2022-08-27"},{"lineNumber":37,"author":{"gitId":"-"},"content":"}","lastModifiedDate":"2019-07-29"}],"authorContributionMap":{"AshiqurRah":35,"-":2}},{"path":"src/main/java/duke/DukeException.java","fileType":"java","lines":[{"lineNumber":1,"author":{"gitId":"AshiqurRah"},"content":"package duke;","lastModifiedDate":"2022-08-28"},{"lineNumber":2,"author":{"gitId":"AshiqurRah"},"content":"","lastModifiedDate":"2022-08-28"},{"lineNumber":3,"author":{"gitId":"AshiqurRah"},"content":"public class DukeException extends Exception{","lastModifiedDate":"2022-08-19"},{"lineNumber":4,"author":{"gitId":"AshiqurRah"},"content":"","lastModifiedDate":"2022-08-24"},{"lineNumber":5,"author":{"gitId":"AshiqurRah"},"content":"    DukeException(String error) {","lastModifiedDate":"2022-08-19"},{"lineNumber":6,"author":{"gitId":"AshiqurRah"},"content":"        super(error);","lastModifiedDate":"2022-08-19"},{"lineNumber":7,"author":{"gitId":"AshiqurRah"},"content":"    }","lastModifiedDate":"2022-08-19"},{"lineNumber":8,"author":{"gitId":"AshiqurRah"},"content":"","lastModifiedDate":"2022-08-19"},{"lineNumber":9,"author":{"gitId":"AshiqurRah"},"content":"","lastModifiedDate":"2022-08-24"},{"lineNumber":10,"author":{"gitId":"AshiqurRah"},"content":"    public static String taskErrorMessage(String command) {","lastModifiedDate":"2022-08-19"},{"lineNumber":11,"author":{"gitId":"AshiqurRah"},"content":"        String modifiedComm \u003d command.replace(\" \", \"\");","lastModifiedDate":"2022-08-19"},{"lineNumber":12,"author":{"gitId":"AshiqurRah"},"content":"        String errorText \u003d String.format(\"OOPS!!! The description of a %s cannot be empty.\", modifiedComm);","lastModifiedDate":"2022-08-19"},{"lineNumber":13,"author":{"gitId":"AshiqurRah"},"content":"        return errorText;","lastModifiedDate":"2022-08-19"},{"lineNumber":14,"author":{"gitId":"AshiqurRah"},"content":"    }","lastModifiedDate":"2022-08-19"},{"lineNumber":15,"author":{"gitId":"AshiqurRah"},"content":"","lastModifiedDate":"2022-08-19"},{"lineNumber":16,"author":{"gitId":"AshiqurRah"},"content":"    public static String taskErrorMessage() {","lastModifiedDate":"2022-08-19"},{"lineNumber":17,"author":{"gitId":"AshiqurRah"},"content":"        String errorText \u003d String.format(\"OOPS!!! I\u0027m sorry, but I don\u0027t know what that means :-(\");","lastModifiedDate":"2022-08-19"},{"lineNumber":18,"author":{"gitId":"AshiqurRah"},"content":"        return errorText;","lastModifiedDate":"2022-08-19"},{"lineNumber":19,"author":{"gitId":"AshiqurRah"},"content":"    }","lastModifiedDate":"2022-08-19"},{"lineNumber":20,"author":{"gitId":"AshiqurRah"},"content":"","lastModifiedDate":"2022-08-25"},{"lineNumber":21,"author":{"gitId":"AshiqurRah"},"content":"    public static String IndexOutofBoundsException(TaskList tasklist) {","lastModifiedDate":"2022-08-27"},{"lineNumber":22,"author":{"gitId":"AshiqurRah"},"content":"        String errorText \u003d String.format(\"OOPS!!! There is only %d task(s) in the tasklist\", tasklist.size());","lastModifiedDate":"2022-08-25"},{"lineNumber":23,"author":{"gitId":"AshiqurRah"},"content":"        return errorText;","lastModifiedDate":"2022-08-25"},{"lineNumber":24,"author":{"gitId":"AshiqurRah"},"content":"    }","lastModifiedDate":"2022-08-25"},{"lineNumber":25,"author":{"gitId":"AshiqurRah"},"content":"","lastModifiedDate":"2022-08-26"},{"lineNumber":26,"author":{"gitId":"AshiqurRah"},"content":"    public static void DateTimeFormatErrorMessage() {","lastModifiedDate":"2022-08-26"},{"lineNumber":27,"author":{"gitId":"AshiqurRah"},"content":"        String errorText \u003d String.format(\"OOPS!!! Please input deadline in this format yyyy-MM-dd\\n\" +","lastModifiedDate":"2022-08-26"},{"lineNumber":28,"author":{"gitId":"AshiqurRah"},"content":"                \"E.g: 2020-01-01\");","lastModifiedDate":"2022-08-26"},{"lineNumber":29,"author":{"gitId":"AshiqurRah"},"content":"        Parser.echo(errorText);","lastModifiedDate":"2022-08-27"},{"lineNumber":30,"author":{"gitId":"AshiqurRah"},"content":"    }","lastModifiedDate":"2022-08-26"},{"lineNumber":31,"author":{"gitId":"AshiqurRah"},"content":"}","lastModifiedDate":"2022-08-19"}],"authorContributionMap":{"AshiqurRah":31}},{"path":"src/main/java/duke/Event.java","fileType":"java","lines":[{"lineNumber":1,"author":{"gitId":"AshiqurRah"},"content":"package duke;","lastModifiedDate":"2022-08-28"},{"lineNumber":2,"author":{"gitId":"AshiqurRah"},"content":"","lastModifiedDate":"2022-08-28"},{"lineNumber":3,"author":{"gitId":"AshiqurRah"},"content":"public class Event extends Task {","lastModifiedDate":"2022-08-18"},{"lineNumber":4,"author":{"gitId":"AshiqurRah"},"content":"    protected String description;","lastModifiedDate":"2022-08-18"},{"lineNumber":5,"author":{"gitId":"AshiqurRah"},"content":"    protected boolean isDone;","lastModifiedDate":"2022-08-18"},{"lineNumber":6,"author":{"gitId":"AshiqurRah"},"content":"    protected String eventTime;","lastModifiedDate":"2022-08-18"},{"lineNumber":7,"author":{"gitId":"AshiqurRah"},"content":"","lastModifiedDate":"2022-08-18"},{"lineNumber":8,"author":{"gitId":"AshiqurRah"},"content":"    public Event (String description, String eventTime) {","lastModifiedDate":"2022-08-18"},{"lineNumber":9,"author":{"gitId":"AshiqurRah"},"content":"        super(description);","lastModifiedDate":"2022-08-18"},{"lineNumber":10,"author":{"gitId":"AshiqurRah"},"content":"        this.eventTime \u003d eventTime.replaceFirst(\" \", \": \");","lastModifiedDate":"2022-08-18"},{"lineNumber":11,"author":{"gitId":"AshiqurRah"},"content":"    }","lastModifiedDate":"2022-08-18"},{"lineNumber":12,"author":{"gitId":"AshiqurRah"},"content":"","lastModifiedDate":"2022-08-18"},{"lineNumber":13,"author":{"gitId":"AshiqurRah"},"content":"    @Override","lastModifiedDate":"2022-08-18"},{"lineNumber":14,"author":{"gitId":"AshiqurRah"},"content":"    public String toString() {","lastModifiedDate":"2022-08-18"},{"lineNumber":15,"author":{"gitId":"AshiqurRah"},"content":"        String s \u003d String.format(\"[E]%s (%s)\", super.toString(), this.eventTime);","lastModifiedDate":"2022-08-18"},{"lineNumber":16,"author":{"gitId":"AshiqurRah"},"content":"        return s;","lastModifiedDate":"2022-08-18"},{"lineNumber":17,"author":{"gitId":"AshiqurRah"},"content":"    }","lastModifiedDate":"2022-08-18"},{"lineNumber":18,"author":{"gitId":"AshiqurRah"},"content":"}","lastModifiedDate":"2022-08-18"}],"authorContributionMap":{"AshiqurRah":18}},{"path":"src/main/java/duke/Parser.java","fileType":"java","lines":[{"lineNumber":1,"author":{"gitId":"AshiqurRah"},"content":"package duke;","lastModifiedDate":"2022-08-28"},{"lineNumber":2,"author":{"gitId":"AshiqurRah"},"content":"","lastModifiedDate":"2022-08-28"},{"lineNumber":3,"author":{"gitId":"AshiqurRah"},"content":"import java.io.FileWriter;","lastModifiedDate":"2022-08-27"},{"lineNumber":4,"author":{"gitId":"AshiqurRah"},"content":"import java.io.IOException;","lastModifiedDate":"2022-08-27"},{"lineNumber":5,"author":{"gitId":"AshiqurRah"},"content":"import java.nio.file.Files;","lastModifiedDate":"2022-08-27"},{"lineNumber":6,"author":{"gitId":"AshiqurRah"},"content":"import java.nio.file.Path;","lastModifiedDate":"2022-08-27"},{"lineNumber":7,"author":{"gitId":"AshiqurRah"},"content":"import java.util.Scanner;","lastModifiedDate":"2022-08-27"},{"lineNumber":8,"author":{"gitId":"AshiqurRah"},"content":"","lastModifiedDate":"2022-08-27"},{"lineNumber":9,"author":{"gitId":"AshiqurRah"},"content":"public class Parser {","lastModifiedDate":"2022-08-27"},{"lineNumber":10,"author":{"gitId":"AshiqurRah"},"content":"","lastModifiedDate":"2022-08-27"},{"lineNumber":11,"author":{"gitId":"AshiqurRah"},"content":"    public static void echo(String echoCommand) {","lastModifiedDate":"2022-08-27"},{"lineNumber":12,"author":{"gitId":"AshiqurRah"},"content":"        System.out.println(\"--------------------------------------------------\");","lastModifiedDate":"2022-08-27"},{"lineNumber":13,"author":{"gitId":"AshiqurRah"},"content":"        System.out.println(echoCommand);","lastModifiedDate":"2022-08-27"},{"lineNumber":14,"author":{"gitId":"AshiqurRah"},"content":"        System.out.println(\"--------------------------------------------------\");","lastModifiedDate":"2022-08-27"},{"lineNumber":15,"author":{"gitId":"AshiqurRah"},"content":"    }","lastModifiedDate":"2022-08-27"},{"lineNumber":16,"author":{"gitId":"AshiqurRah"},"content":"","lastModifiedDate":"2022-08-27"},{"lineNumber":17,"author":{"gitId":"AshiqurRah"},"content":"    private static void writeToFile(TaskList tasks) throws IOException {","lastModifiedDate":"2022-08-27"},{"lineNumber":18,"author":{"gitId":"AshiqurRah"},"content":"        String filePath \u003d \"./././data/duke.txt\";","lastModifiedDate":"2022-08-27"},{"lineNumber":19,"author":{"gitId":"AshiqurRah"},"content":"        String directoryPath \u003d \"./././data\";","lastModifiedDate":"2022-08-27"},{"lineNumber":20,"author":{"gitId":"AshiqurRah"},"content":"        if (!Files.exists(Path.of(directoryPath))) {","lastModifiedDate":"2022-08-27"},{"lineNumber":21,"author":{"gitId":"AshiqurRah"},"content":"            throw new IOException(\"Directory Data does not exist\");","lastModifiedDate":"2022-08-27"},{"lineNumber":22,"author":{"gitId":"AshiqurRah"},"content":"        }","lastModifiedDate":"2022-08-27"},{"lineNumber":23,"author":{"gitId":"AshiqurRah"},"content":"        if (!Files.exists(Path.of(filePath))) {","lastModifiedDate":"2022-08-27"},{"lineNumber":24,"author":{"gitId":"AshiqurRah"},"content":"            throw new IOException(\"File, duke.text, does not exist\");","lastModifiedDate":"2022-08-27"},{"lineNumber":25,"author":{"gitId":"AshiqurRah"},"content":"        }","lastModifiedDate":"2022-08-27"},{"lineNumber":26,"author":{"gitId":"AshiqurRah"},"content":"        FileWriter fw \u003d null;","lastModifiedDate":"2022-08-27"},{"lineNumber":27,"author":{"gitId":"AshiqurRah"},"content":"        try {","lastModifiedDate":"2022-08-27"},{"lineNumber":28,"author":{"gitId":"AshiqurRah"},"content":"            fw \u003d new FileWriter(filePath);","lastModifiedDate":"2022-08-27"},{"lineNumber":29,"author":{"gitId":"AshiqurRah"},"content":"            String taskRecords \u003d \"\";","lastModifiedDate":"2022-08-27"},{"lineNumber":30,"author":{"gitId":"AshiqurRah"},"content":"            for (int i \u003d 0; i \u003c tasks.size(); i++) {","lastModifiedDate":"2022-08-27"},{"lineNumber":31,"author":{"gitId":"AshiqurRah"},"content":"                String taskRecord\u003d\"\";","lastModifiedDate":"2022-08-27"},{"lineNumber":32,"author":{"gitId":"AshiqurRah"},"content":"                if (i \u003d\u003d tasks.size() - 1) {","lastModifiedDate":"2022-08-27"},{"lineNumber":33,"author":{"gitId":"AshiqurRah"},"content":"                    taskRecord \u003d String.format(\"%d.%s\", i + 1, tasks.get(i));","lastModifiedDate":"2022-08-27"},{"lineNumber":34,"author":{"gitId":"AshiqurRah"},"content":"                } else {","lastModifiedDate":"2022-08-27"},{"lineNumber":35,"author":{"gitId":"AshiqurRah"},"content":"                    taskRecord \u003d String.format(\"%d.%s\\n\", i + 1, tasks.get(i));","lastModifiedDate":"2022-08-27"},{"lineNumber":36,"author":{"gitId":"AshiqurRah"},"content":"                }","lastModifiedDate":"2022-08-27"},{"lineNumber":37,"author":{"gitId":"AshiqurRah"},"content":"                taskRecords +\u003d taskRecord;","lastModifiedDate":"2022-08-27"},{"lineNumber":38,"author":{"gitId":"AshiqurRah"},"content":"            }","lastModifiedDate":"2022-08-27"},{"lineNumber":39,"author":{"gitId":"AshiqurRah"},"content":"            fw.write(taskRecords);","lastModifiedDate":"2022-08-27"},{"lineNumber":40,"author":{"gitId":"AshiqurRah"},"content":"            fw.close();","lastModifiedDate":"2022-08-27"},{"lineNumber":41,"author":{"gitId":"AshiqurRah"},"content":"        } catch (IOException e) {","lastModifiedDate":"2022-08-27"},{"lineNumber":42,"author":{"gitId":"AshiqurRah"},"content":"","lastModifiedDate":"2022-08-27"},{"lineNumber":43,"author":{"gitId":"AshiqurRah"},"content":"        }","lastModifiedDate":"2022-08-27"},{"lineNumber":44,"author":{"gitId":"AshiqurRah"},"content":"    }","lastModifiedDate":"2022-08-27"},{"lineNumber":45,"author":{"gitId":"AshiqurRah"},"content":"","lastModifiedDate":"2022-08-27"},{"lineNumber":46,"author":{"gitId":"AshiqurRah"},"content":"    public static void run (TaskList tasklist) throws IOException {","lastModifiedDate":"2022-08-27"},{"lineNumber":47,"author":{"gitId":"AshiqurRah"},"content":"        String command \u003d \"\";","lastModifiedDate":"2022-08-27"},{"lineNumber":48,"author":{"gitId":"AshiqurRah"},"content":"        while (true) {","lastModifiedDate":"2022-08-27"},{"lineNumber":49,"author":{"gitId":"AshiqurRah"},"content":"            Scanner userInput \u003d new Scanner(System.in);// Create a Scanner object","lastModifiedDate":"2022-08-27"},{"lineNumber":50,"author":{"gitId":"AshiqurRah"},"content":"            command \u003d userInput.nextLine(); // Read user input","lastModifiedDate":"2022-08-27"},{"lineNumber":51,"author":{"gitId":"AshiqurRah"},"content":"            if (\"bye\".equals(command)) {","lastModifiedDate":"2022-08-27"},{"lineNumber":52,"author":{"gitId":"AshiqurRah"},"content":"                echo(\"Bye. Hope to see you again soon!\");","lastModifiedDate":"2022-08-27"},{"lineNumber":53,"author":{"gitId":"AshiqurRah"},"content":"                break;","lastModifiedDate":"2022-08-27"},{"lineNumber":54,"author":{"gitId":"AshiqurRah"},"content":"            } else if (\"list\".equals(command)) {","lastModifiedDate":"2022-08-27"},{"lineNumber":55,"author":{"gitId":"AshiqurRah"},"content":"                String taskRecords \u003d \"\";","lastModifiedDate":"2022-08-27"},{"lineNumber":56,"author":{"gitId":"AshiqurRah"},"content":"                for (int i \u003d 0; i \u003c tasklist.size(); i++) {","lastModifiedDate":"2022-08-27"},{"lineNumber":57,"author":{"gitId":"AshiqurRah"},"content":"                    String taskRecord\u003d\"\";","lastModifiedDate":"2022-08-27"},{"lineNumber":58,"author":{"gitId":"AshiqurRah"},"content":"                    if (i \u003d\u003d tasklist.size() - 1) {","lastModifiedDate":"2022-08-27"},{"lineNumber":59,"author":{"gitId":"AshiqurRah"},"content":"                        taskRecord \u003d String.format(\"%d.%s\", i + 1, tasklist.get(i));","lastModifiedDate":"2022-08-27"},{"lineNumber":60,"author":{"gitId":"AshiqurRah"},"content":"                    } else {","lastModifiedDate":"2022-08-27"},{"lineNumber":61,"author":{"gitId":"AshiqurRah"},"content":"                        taskRecord \u003d String.format(\"%d.%s\\n\", i + 1, tasklist.get(i));","lastModifiedDate":"2022-08-27"},{"lineNumber":62,"author":{"gitId":"AshiqurRah"},"content":"                    }","lastModifiedDate":"2022-08-27"},{"lineNumber":63,"author":{"gitId":"AshiqurRah"},"content":"                    taskRecords +\u003d taskRecord;","lastModifiedDate":"2022-08-27"},{"lineNumber":64,"author":{"gitId":"AshiqurRah"},"content":"                }","lastModifiedDate":"2022-08-27"},{"lineNumber":65,"author":{"gitId":"AshiqurRah"},"content":"                echo(taskRecords);","lastModifiedDate":"2022-08-27"},{"lineNumber":66,"author":{"gitId":"AshiqurRah"},"content":"            } else if (command.contains(\"unmark\")) { // to detect unmark command","lastModifiedDate":"2022-08-27"},{"lineNumber":67,"author":{"gitId":"AshiqurRah"},"content":"                String number \u003d command.replaceAll(\"[^\\\\d.]\", \"\");","lastModifiedDate":"2022-08-27"},{"lineNumber":68,"author":{"gitId":"AshiqurRah"},"content":"                int n \u003d Integer.parseInt(number);","lastModifiedDate":"2022-08-27"},{"lineNumber":69,"author":{"gitId":"AshiqurRah"},"content":"                if (n \u003e tasklist.size()){","lastModifiedDate":"2022-08-27"},{"lineNumber":70,"author":{"gitId":"AshiqurRah"},"content":"                    echo(DukeException.IndexOutofBoundsException(tasklist));","lastModifiedDate":"2022-08-27"},{"lineNumber":71,"author":{"gitId":"AshiqurRah"},"content":"                } else {","lastModifiedDate":"2022-08-27"},{"lineNumber":72,"author":{"gitId":"AshiqurRah"},"content":"                    Task unmarkedTask \u003d tasklist.get(n-1);","lastModifiedDate":"2022-08-27"},{"lineNumber":73,"author":{"gitId":"AshiqurRah"},"content":"                    unmarkedTask.markAsUndone();","lastModifiedDate":"2022-08-27"},{"lineNumber":74,"author":{"gitId":"AshiqurRah"},"content":"                    String taskStatus \u003d String.format(\"OK, I\u0027ve marked this task as not done yet:\\n%s\", unmarkedTask);","lastModifiedDate":"2022-08-27"},{"lineNumber":75,"author":{"gitId":"AshiqurRah"},"content":"                    echo(taskStatus);","lastModifiedDate":"2022-08-27"},{"lineNumber":76,"author":{"gitId":"AshiqurRah"},"content":"                    writeToFile(tasklist);","lastModifiedDate":"2022-08-27"},{"lineNumber":77,"author":{"gitId":"AshiqurRah"},"content":"                }","lastModifiedDate":"2022-08-27"},{"lineNumber":78,"author":{"gitId":"AshiqurRah"},"content":"            } else if (command.contains(\"mark\")){ // to detect mark command","lastModifiedDate":"2022-08-27"},{"lineNumber":79,"author":{"gitId":"AshiqurRah"},"content":"                String number \u003d command.replaceAll(\"[^\\\\d.]\", \"\");","lastModifiedDate":"2022-08-27"},{"lineNumber":80,"author":{"gitId":"AshiqurRah"},"content":"                int n \u003d Integer.parseInt(number);","lastModifiedDate":"2022-08-27"},{"lineNumber":81,"author":{"gitId":"AshiqurRah"},"content":"                if (n \u003e tasklist.size()){","lastModifiedDate":"2022-08-27"},{"lineNumber":82,"author":{"gitId":"AshiqurRah"},"content":"                    echo(DukeException.IndexOutofBoundsException(tasklist));","lastModifiedDate":"2022-08-27"},{"lineNumber":83,"author":{"gitId":"AshiqurRah"},"content":"                } else {","lastModifiedDate":"2022-08-27"},{"lineNumber":84,"author":{"gitId":"AshiqurRah"},"content":"                    Task markedTask \u003d tasklist.get(n-1);","lastModifiedDate":"2022-08-27"},{"lineNumber":85,"author":{"gitId":"AshiqurRah"},"content":"                    markedTask.markAsDone();","lastModifiedDate":"2022-08-27"},{"lineNumber":86,"author":{"gitId":"AshiqurRah"},"content":"                    String taskStatus \u003d String.format(\"Nice! I\u0027ve marked this task as done:\\n%s\", markedTask);","lastModifiedDate":"2022-08-27"},{"lineNumber":87,"author":{"gitId":"AshiqurRah"},"content":"                    echo(taskStatus);","lastModifiedDate":"2022-08-27"},{"lineNumber":88,"author":{"gitId":"AshiqurRah"},"content":"                    writeToFile(tasklist);","lastModifiedDate":"2022-08-27"},{"lineNumber":89,"author":{"gitId":"AshiqurRah"},"content":"                }","lastModifiedDate":"2022-08-27"},{"lineNumber":90,"author":{"gitId":"AshiqurRah"},"content":"            } else if (command.contains(\"todo\")) {","lastModifiedDate":"2022-08-27"},{"lineNumber":91,"author":{"gitId":"AshiqurRah"},"content":"                String todoTask \u003d command.replace(\"todo \", \"\");","lastModifiedDate":"2022-08-27"},{"lineNumber":92,"author":{"gitId":"AshiqurRah"},"content":"                if (todoTask.equals(command) || \"\".equals(todoTask)) {","lastModifiedDate":"2022-08-27"},{"lineNumber":93,"author":{"gitId":"AshiqurRah"},"content":"                    String error \u003d DukeException.taskErrorMessage(command);","lastModifiedDate":"2022-08-27"},{"lineNumber":94,"author":{"gitId":"AshiqurRah"},"content":"                    echo(error);","lastModifiedDate":"2022-08-27"},{"lineNumber":95,"author":{"gitId":"AshiqurRah"},"content":"                } else {","lastModifiedDate":"2022-08-27"},{"lineNumber":96,"author":{"gitId":"AshiqurRah"},"content":"                    Task newTask \u003d new Todo(todoTask);","lastModifiedDate":"2022-08-27"},{"lineNumber":97,"author":{"gitId":"AshiqurRah"},"content":"                    tasklist.add(newTask);","lastModifiedDate":"2022-08-27"},{"lineNumber":98,"author":{"gitId":"AshiqurRah"},"content":"                    String taskStatus \u003d String.format(\"Got it. I\u0027ve added this task:\\n\" +","lastModifiedDate":"2022-08-27"},{"lineNumber":99,"author":{"gitId":"AshiqurRah"},"content":"                            \"%s\\n\" +","lastModifiedDate":"2022-08-27"},{"lineNumber":100,"author":{"gitId":"AshiqurRah"},"content":"                            \"Now you have %d tasks in the list.\", newTask, tasklist.size());","lastModifiedDate":"2022-08-27"},{"lineNumber":101,"author":{"gitId":"AshiqurRah"},"content":"                    echo(taskStatus);","lastModifiedDate":"2022-08-27"},{"lineNumber":102,"author":{"gitId":"AshiqurRah"},"content":"                    writeToFile(tasklist);","lastModifiedDate":"2022-08-27"},{"lineNumber":103,"author":{"gitId":"AshiqurRah"},"content":"                }","lastModifiedDate":"2022-08-27"},{"lineNumber":104,"author":{"gitId":"AshiqurRah"},"content":"","lastModifiedDate":"2022-08-27"},{"lineNumber":105,"author":{"gitId":"AshiqurRah"},"content":"            } else if (command.contains(\"deadline\")) {","lastModifiedDate":"2022-08-27"},{"lineNumber":106,"author":{"gitId":"AshiqurRah"},"content":"                String deadlineTask \u003d command.replace(\"deadline \", \"\");","lastModifiedDate":"2022-08-27"},{"lineNumber":107,"author":{"gitId":"AshiqurRah"},"content":"                if (deadlineTask.equals(command) || \"\".equals(deadlineTask)) {","lastModifiedDate":"2022-08-27"},{"lineNumber":108,"author":{"gitId":"AshiqurRah"},"content":"                    String error \u003d DukeException.taskErrorMessage(command);","lastModifiedDate":"2022-08-27"},{"lineNumber":109,"author":{"gitId":"AshiqurRah"},"content":"                    echo(error);","lastModifiedDate":"2022-08-27"},{"lineNumber":110,"author":{"gitId":"AshiqurRah"},"content":"                } else {","lastModifiedDate":"2022-08-27"},{"lineNumber":111,"author":{"gitId":"AshiqurRah"},"content":"                    String[] parts \u003d deadlineTask.split(\" /by \", 2);","lastModifiedDate":"2022-08-27"},{"lineNumber":112,"author":{"gitId":"AshiqurRah"},"content":"                    Deadline newTask \u003d new Deadline(parts[0], parts[1]);","lastModifiedDate":"2022-08-27"},{"lineNumber":113,"author":{"gitId":"AshiqurRah"},"content":"                    tasklist.add(newTask);","lastModifiedDate":"2022-08-27"},{"lineNumber":114,"author":{"gitId":"AshiqurRah"},"content":"                    String taskStatus \u003d String.format(\"Got it. I\u0027ve added this task:\\n\" +","lastModifiedDate":"2022-08-27"},{"lineNumber":115,"author":{"gitId":"AshiqurRah"},"content":"                            \"%s\\n\" +","lastModifiedDate":"2022-08-27"},{"lineNumber":116,"author":{"gitId":"AshiqurRah"},"content":"                            \"Now you have %d tasks in the list.\", newTask, tasklist.size());","lastModifiedDate":"2022-08-27"},{"lineNumber":117,"author":{"gitId":"AshiqurRah"},"content":"                    echo(taskStatus);","lastModifiedDate":"2022-08-27"},{"lineNumber":118,"author":{"gitId":"AshiqurRah"},"content":"                    writeToFile(tasklist);","lastModifiedDate":"2022-08-27"},{"lineNumber":119,"author":{"gitId":"AshiqurRah"},"content":"                }","lastModifiedDate":"2022-08-27"},{"lineNumber":120,"author":{"gitId":"AshiqurRah"},"content":"            } else if (command.contains(\"event\")) {","lastModifiedDate":"2022-08-27"},{"lineNumber":121,"author":{"gitId":"AshiqurRah"},"content":"                String eventTask \u003d command.replace(\"event \", \"\");","lastModifiedDate":"2022-08-27"},{"lineNumber":122,"author":{"gitId":"AshiqurRah"},"content":"                if (eventTask.equals(command) || \"\".equals(eventTask)) {","lastModifiedDate":"2022-08-27"},{"lineNumber":123,"author":{"gitId":"AshiqurRah"},"content":"                    String error \u003d DukeException.taskErrorMessage(command);","lastModifiedDate":"2022-08-27"},{"lineNumber":124,"author":{"gitId":"AshiqurRah"},"content":"                    echo(error);","lastModifiedDate":"2022-08-27"},{"lineNumber":125,"author":{"gitId":"AshiqurRah"},"content":"                } else {","lastModifiedDate":"2022-08-27"},{"lineNumber":126,"author":{"gitId":"AshiqurRah"},"content":"                    String[] parts \u003d eventTask.split(\" /\",2);","lastModifiedDate":"2022-08-27"},{"lineNumber":127,"author":{"gitId":"AshiqurRah"},"content":"                    Task newTask \u003d new Event(parts[0], parts[1]);","lastModifiedDate":"2022-08-27"},{"lineNumber":128,"author":{"gitId":"AshiqurRah"},"content":"                    tasklist.add(newTask);","lastModifiedDate":"2022-08-27"},{"lineNumber":129,"author":{"gitId":"AshiqurRah"},"content":"                    String taskStatus \u003d String.format(\"Got it. I\u0027ve added this task:\\n\" +","lastModifiedDate":"2022-08-27"},{"lineNumber":130,"author":{"gitId":"AshiqurRah"},"content":"                            \"%s\\n\" +","lastModifiedDate":"2022-08-27"},{"lineNumber":131,"author":{"gitId":"AshiqurRah"},"content":"                            \"Now you have %d tasks in the list.\", newTask, tasklist.size());","lastModifiedDate":"2022-08-27"},{"lineNumber":132,"author":{"gitId":"AshiqurRah"},"content":"                    echo(taskStatus);","lastModifiedDate":"2022-08-27"},{"lineNumber":133,"author":{"gitId":"AshiqurRah"},"content":"                    writeToFile(tasklist);","lastModifiedDate":"2022-08-27"},{"lineNumber":134,"author":{"gitId":"AshiqurRah"},"content":"                }","lastModifiedDate":"2022-08-27"},{"lineNumber":135,"author":{"gitId":"AshiqurRah"},"content":"            } else if (command.toLowerCase().contains(\"delete\")) {","lastModifiedDate":"2022-08-27"},{"lineNumber":136,"author":{"gitId":"AshiqurRah"},"content":"                String deleteTaskNumber \u003d command.replace(\"delete \", \"\");","lastModifiedDate":"2022-08-27"},{"lineNumber":137,"author":{"gitId":"AshiqurRah"},"content":"                if (deleteTaskNumber.equals(command) || \"\".equals(deleteTaskNumber)) {","lastModifiedDate":"2022-08-27"},{"lineNumber":138,"author":{"gitId":"AshiqurRah"},"content":"                    String error \u003d DukeException.taskErrorMessage(command);","lastModifiedDate":"2022-08-27"},{"lineNumber":139,"author":{"gitId":"AshiqurRah"},"content":"                    echo(error);","lastModifiedDate":"2022-08-27"},{"lineNumber":140,"author":{"gitId":"AshiqurRah"},"content":"                } else {","lastModifiedDate":"2022-08-27"},{"lineNumber":141,"author":{"gitId":"AshiqurRah"},"content":"                    int n \u003d Integer.parseInt(deleteTaskNumber);","lastModifiedDate":"2022-08-27"},{"lineNumber":142,"author":{"gitId":"AshiqurRah"},"content":"                    if (n \u003e tasklist.size()){","lastModifiedDate":"2022-08-27"},{"lineNumber":143,"author":{"gitId":"AshiqurRah"},"content":"                        echo(DukeException.IndexOutofBoundsException(tasklist));","lastModifiedDate":"2022-08-27"},{"lineNumber":144,"author":{"gitId":"AshiqurRah"},"content":"                    } else {","lastModifiedDate":"2022-08-27"},{"lineNumber":145,"author":{"gitId":"AshiqurRah"},"content":"                        Task deletedTask \u003d tasklist.remove(n-1);","lastModifiedDate":"2022-08-27"},{"lineNumber":146,"author":{"gitId":"AshiqurRah"},"content":"                        String taskStatus \u003d String.format(\"Noted. I\u0027ve removed this task:\\n\" +","lastModifiedDate":"2022-08-27"},{"lineNumber":147,"author":{"gitId":"AshiqurRah"},"content":"                                \"%s\\n\" +","lastModifiedDate":"2022-08-27"},{"lineNumber":148,"author":{"gitId":"AshiqurRah"},"content":"                                \"Now you have %d tasks in the list.\", deletedTask, tasklist.size());","lastModifiedDate":"2022-08-27"},{"lineNumber":149,"author":{"gitId":"AshiqurRah"},"content":"                        echo(taskStatus);","lastModifiedDate":"2022-08-27"},{"lineNumber":150,"author":{"gitId":"AshiqurRah"},"content":"                        writeToFile(tasklist);","lastModifiedDate":"2022-08-27"},{"lineNumber":151,"author":{"gitId":"AshiqurRah"},"content":"                    }","lastModifiedDate":"2022-08-27"},{"lineNumber":152,"author":{"gitId":"AshiqurRah"},"content":"                }","lastModifiedDate":"2022-08-27"},{"lineNumber":153,"author":{"gitId":"AshiqurRah"},"content":"            } else {","lastModifiedDate":"2022-08-27"},{"lineNumber":154,"author":{"gitId":"AshiqurRah"},"content":"                echo(DukeException.taskErrorMessage());","lastModifiedDate":"2022-08-27"},{"lineNumber":155,"author":{"gitId":"AshiqurRah"},"content":"            }","lastModifiedDate":"2022-08-27"},{"lineNumber":156,"author":{"gitId":"AshiqurRah"},"content":"        }","lastModifiedDate":"2022-08-27"},{"lineNumber":157,"author":{"gitId":"AshiqurRah"},"content":"    }","lastModifiedDate":"2022-08-27"},{"lineNumber":158,"author":{"gitId":"AshiqurRah"},"content":"}","lastModifiedDate":"2022-08-27"}],"authorContributionMap":{"AshiqurRah":158}},{"path":"src/main/java/duke/Storage.java","fileType":"java","lines":[{"lineNumber":1,"author":{"gitId":"AshiqurRah"},"content":"package duke;","lastModifiedDate":"2022-08-28"},{"lineNumber":2,"author":{"gitId":"AshiqurRah"},"content":"","lastModifiedDate":"2022-08-28"},{"lineNumber":3,"author":{"gitId":"AshiqurRah"},"content":"import java.io.BufferedReader;","lastModifiedDate":"2022-08-27"},{"lineNumber":4,"author":{"gitId":"AshiqurRah"},"content":"import java.io.FileReader;","lastModifiedDate":"2022-08-27"},{"lineNumber":5,"author":{"gitId":"AshiqurRah"},"content":"import java.io.IOException;","lastModifiedDate":"2022-08-27"},{"lineNumber":6,"author":{"gitId":"AshiqurRah"},"content":"import java.io.FileNotFoundException;","lastModifiedDate":"2022-08-27"},{"lineNumber":7,"author":{"gitId":"AshiqurRah"},"content":"import java.io.File;","lastModifiedDate":"2022-08-27"},{"lineNumber":8,"author":{"gitId":"AshiqurRah"},"content":"import java.time.LocalDate;","lastModifiedDate":"2022-08-27"},{"lineNumber":9,"author":{"gitId":"AshiqurRah"},"content":"import java.time.format.DateTimeFormatter;","lastModifiedDate":"2022-08-27"},{"lineNumber":10,"author":{"gitId":"AshiqurRah"},"content":"import java.util.ArrayList;","lastModifiedDate":"2022-08-27"},{"lineNumber":11,"author":{"gitId":"AshiqurRah"},"content":"","lastModifiedDate":"2022-08-27"},{"lineNumber":12,"author":{"gitId":"AshiqurRah"},"content":"public class Storage {","lastModifiedDate":"2022-08-27"},{"lineNumber":13,"author":{"gitId":"AshiqurRah"},"content":"    protected String filePath;","lastModifiedDate":"2022-08-27"},{"lineNumber":14,"author":{"gitId":"AshiqurRah"},"content":"","lastModifiedDate":"2022-08-27"},{"lineNumber":15,"author":{"gitId":"AshiqurRah"},"content":"    public Storage (String filePath){","lastModifiedDate":"2022-08-27"},{"lineNumber":16,"author":{"gitId":"AshiqurRah"},"content":"        this.filePath \u003d filePath;","lastModifiedDate":"2022-08-27"},{"lineNumber":17,"author":{"gitId":"AshiqurRah"},"content":"    }","lastModifiedDate":"2022-08-27"},{"lineNumber":18,"author":{"gitId":"AshiqurRah"},"content":"","lastModifiedDate":"2022-08-27"},{"lineNumber":19,"author":{"gitId":"AshiqurRah"},"content":"    public ArrayList\u003cTask\u003e load() throws DukeException {","lastModifiedDate":"2022-08-27"},{"lineNumber":20,"author":{"gitId":"AshiqurRah"},"content":"        BufferedReader reader;","lastModifiedDate":"2022-08-27"},{"lineNumber":21,"author":{"gitId":"AshiqurRah"},"content":"        ArrayList\u003cTask\u003e tasklist \u003d new ArrayList\u003c\u003e();","lastModifiedDate":"2022-08-27"},{"lineNumber":22,"author":{"gitId":"AshiqurRah"},"content":"        try{","lastModifiedDate":"2022-08-27"},{"lineNumber":23,"author":{"gitId":"AshiqurRah"},"content":"            reader \u003d new BufferedReader(new FileReader(this.filePath));","lastModifiedDate":"2022-08-27"},{"lineNumber":24,"author":{"gitId":"AshiqurRah"},"content":"            String line \u003d reader.readLine();","lastModifiedDate":"2022-08-27"},{"lineNumber":25,"author":{"gitId":"AshiqurRah"},"content":"            while ( line !\u003d null){","lastModifiedDate":"2022-08-27"},{"lineNumber":26,"author":{"gitId":"AshiqurRah"},"content":"                String modifiedLine \u003d line.replaceFirst(\"(\\\\d+\\\\.)\", \"\" );","lastModifiedDate":"2022-08-27"},{"lineNumber":27,"author":{"gitId":"AshiqurRah"},"content":"                if (modifiedLine.contains(\"[T]\")) {","lastModifiedDate":"2022-08-27"},{"lineNumber":28,"author":{"gitId":"AshiqurRah"},"content":"                    if (modifiedLine.contains(\"[ ]\")) {","lastModifiedDate":"2022-08-27"},{"lineNumber":29,"author":{"gitId":"AshiqurRah"},"content":"                        String todoDescription \u003d modifiedLine.replace(\"[T][ ] \", \"\");","lastModifiedDate":"2022-08-27"},{"lineNumber":30,"author":{"gitId":"AshiqurRah"},"content":"                        Todo newTask \u003d new Todo(todoDescription);","lastModifiedDate":"2022-08-27"},{"lineNumber":31,"author":{"gitId":"AshiqurRah"},"content":"                        tasklist.add(newTask);","lastModifiedDate":"2022-08-27"},{"lineNumber":32,"author":{"gitId":"AshiqurRah"},"content":"                    } else {","lastModifiedDate":"2022-08-27"},{"lineNumber":33,"author":{"gitId":"AshiqurRah"},"content":"                        String todoDescription \u003d modifiedLine.replace(\"[T][X] \", \"\");","lastModifiedDate":"2022-08-27"},{"lineNumber":34,"author":{"gitId":"AshiqurRah"},"content":"                        Todo newTask \u003d new Todo(todoDescription);","lastModifiedDate":"2022-08-27"},{"lineNumber":35,"author":{"gitId":"AshiqurRah"},"content":"                        newTask.markAsDone();","lastModifiedDate":"2022-08-27"},{"lineNumber":36,"author":{"gitId":"AshiqurRah"},"content":"                        tasklist.add(newTask);","lastModifiedDate":"2022-08-27"},{"lineNumber":37,"author":{"gitId":"AshiqurRah"},"content":"                    }","lastModifiedDate":"2022-08-27"},{"lineNumber":38,"author":{"gitId":"AshiqurRah"},"content":"                } else if (modifiedLine.contains(\"[E]\")) {","lastModifiedDate":"2022-08-27"},{"lineNumber":39,"author":{"gitId":"AshiqurRah"},"content":"                    if (modifiedLine.contains(\"[ ]\")) {","lastModifiedDate":"2022-08-27"},{"lineNumber":40,"author":{"gitId":"AshiqurRah"},"content":"                        String evDescrip \u003d modifiedLine.replace(\"[E][ ] \", \"\");","lastModifiedDate":"2022-08-27"},{"lineNumber":41,"author":{"gitId":"AshiqurRah"},"content":"                        String description \u003d evDescrip.substring(0, evDescrip.indexOf(\"(\"));","lastModifiedDate":"2022-08-27"},{"lineNumber":42,"author":{"gitId":"AshiqurRah"},"content":"                        String eventTime \u003d evDescrip.substring(evDescrip.indexOf(\"(\")+1,evDescrip.indexOf(\")\"));","lastModifiedDate":"2022-08-27"},{"lineNumber":43,"author":{"gitId":"AshiqurRah"},"content":"                        // data in textfile contains : after at, to replace it with whitespace","lastModifiedDate":"2022-08-27"},{"lineNumber":44,"author":{"gitId":"AshiqurRah"},"content":"                        String modEventTime \u003d eventTime.replaceFirst(\": \", \" \");","lastModifiedDate":"2022-08-27"},{"lineNumber":45,"author":{"gitId":"AshiqurRah"},"content":"                        Event newTask \u003d new Event(description, modEventTime);","lastModifiedDate":"2022-08-27"},{"lineNumber":46,"author":{"gitId":"AshiqurRah"},"content":"                        tasklist.add(newTask);","lastModifiedDate":"2022-08-27"},{"lineNumber":47,"author":{"gitId":"AshiqurRah"},"content":"                    } else {","lastModifiedDate":"2022-08-27"},{"lineNumber":48,"author":{"gitId":"AshiqurRah"},"content":"                        // replace the formats with empty string","lastModifiedDate":"2022-08-27"},{"lineNumber":49,"author":{"gitId":"AshiqurRah"},"content":"                        String evDescrip \u003d modifiedLine.replace(\"[E][X] \", \"\");","lastModifiedDate":"2022-08-27"},{"lineNumber":50,"author":{"gitId":"AshiqurRah"},"content":"                        // get 2 substring for description and eventTime","lastModifiedDate":"2022-08-27"},{"lineNumber":51,"author":{"gitId":"AshiqurRah"},"content":"                        String description \u003d evDescrip.substring(0, evDescrip.indexOf(\"(\"));","lastModifiedDate":"2022-08-27"},{"lineNumber":52,"author":{"gitId":"AshiqurRah"},"content":"                        String eventTime \u003d evDescrip.substring(evDescrip.indexOf(\"(\")+1,evDescrip.indexOf(\")\"));","lastModifiedDate":"2022-08-27"},{"lineNumber":53,"author":{"gitId":"AshiqurRah"},"content":"                        // data in textfile contains : after at, to replace it with whitespace","lastModifiedDate":"2022-08-27"},{"lineNumber":54,"author":{"gitId":"AshiqurRah"},"content":"                        String modEventTime \u003d eventTime.replaceFirst(\": \", \" \");","lastModifiedDate":"2022-08-27"},{"lineNumber":55,"author":{"gitId":"AshiqurRah"},"content":"                        Event newTask \u003d new Event(description, modEventTime);","lastModifiedDate":"2022-08-27"},{"lineNumber":56,"author":{"gitId":"AshiqurRah"},"content":"                        newTask.markAsDone();","lastModifiedDate":"2022-08-27"},{"lineNumber":57,"author":{"gitId":"AshiqurRah"},"content":"                        tasklist.add(newTask);","lastModifiedDate":"2022-08-27"},{"lineNumber":58,"author":{"gitId":"AshiqurRah"},"content":"                    }","lastModifiedDate":"2022-08-27"},{"lineNumber":59,"author":{"gitId":"AshiqurRah"},"content":"                } else if (modifiedLine.contains(\"[D]\")) {","lastModifiedDate":"2022-08-27"},{"lineNumber":60,"author":{"gitId":"AshiqurRah"},"content":"                    if (modifiedLine.contains(\"[ ]\")) {","lastModifiedDate":"2022-08-27"},{"lineNumber":61,"author":{"gitId":"AshiqurRah"},"content":"                        // replace the formats with empty string","lastModifiedDate":"2022-08-27"},{"lineNumber":62,"author":{"gitId":"AshiqurRah"},"content":"                        String deadlineDsc \u003d modifiedLine.replace(\"[D][ ] \", \"\");","lastModifiedDate":"2022-08-27"},{"lineNumber":63,"author":{"gitId":"AshiqurRah"},"content":"                        // get 2 substring for description and deadlineTime","lastModifiedDate":"2022-08-27"},{"lineNumber":64,"author":{"gitId":"AshiqurRah"},"content":"                        String description \u003d deadlineDsc.substring(0, deadlineDsc.indexOf(\"(\"));","lastModifiedDate":"2022-08-27"},{"lineNumber":65,"author":{"gitId":"AshiqurRah"},"content":"                        String deadlineTime \u003d deadlineDsc.substring(deadlineDsc.indexOf(\"(\")+1,deadlineDsc.indexOf(\")\"));","lastModifiedDate":"2022-08-27"},{"lineNumber":66,"author":{"gitId":"AshiqurRah"},"content":"                        String modDeadlineTime \u003d deadlineTime.replaceFirst(\"by: \", \"\");","lastModifiedDate":"2022-08-27"},{"lineNumber":67,"author":{"gitId":"AshiqurRah"},"content":"                        // to convert string to date","lastModifiedDate":"2022-08-27"},{"lineNumber":68,"author":{"gitId":"AshiqurRah"},"content":"                        DateTimeFormatter convertFormatter \u003d DateTimeFormatter.ofPattern(\"MMM d yyyy\");","lastModifiedDate":"2022-08-27"},{"lineNumber":69,"author":{"gitId":"AshiqurRah"},"content":"                        LocalDate deadlineDate \u003d LocalDate.parse(modDeadlineTime, convertFormatter);","lastModifiedDate":"2022-08-27"},{"lineNumber":70,"author":{"gitId":"AshiqurRah"},"content":"                        // to put in the same format as Deadline class parameter","lastModifiedDate":"2022-08-27"},{"lineNumber":71,"author":{"gitId":"AshiqurRah"},"content":"                        DateTimeFormatter stringFormatter \u003d DateTimeFormatter.ofPattern(\"yyyy-MM-dd\");","lastModifiedDate":"2022-08-27"},{"lineNumber":72,"author":{"gitId":"AshiqurRah"},"content":"                        String modifiedString \u003d deadlineDate.format(stringFormatter);","lastModifiedDate":"2022-08-27"},{"lineNumber":73,"author":{"gitId":"AshiqurRah"},"content":"                        Deadline newTask \u003d new Deadline(description, modifiedString);","lastModifiedDate":"2022-08-27"},{"lineNumber":74,"author":{"gitId":"AshiqurRah"},"content":"                        tasklist.add(newTask);","lastModifiedDate":"2022-08-27"},{"lineNumber":75,"author":{"gitId":"AshiqurRah"},"content":"                    } else {","lastModifiedDate":"2022-08-27"},{"lineNumber":76,"author":{"gitId":"AshiqurRah"},"content":"                        // replace the formats with empty string","lastModifiedDate":"2022-08-27"},{"lineNumber":77,"author":{"gitId":"AshiqurRah"},"content":"                        String deadlineDsc \u003d modifiedLine.replace(\"[D][X] \", \"\");","lastModifiedDate":"2022-08-27"},{"lineNumber":78,"author":{"gitId":"AshiqurRah"},"content":"                        // get 2 substring for description and deadlineTime","lastModifiedDate":"2022-08-27"},{"lineNumber":79,"author":{"gitId":"AshiqurRah"},"content":"                        String description \u003d deadlineDsc.substring(0, deadlineDsc.indexOf(\"(\"));","lastModifiedDate":"2022-08-27"},{"lineNumber":80,"author":{"gitId":"AshiqurRah"},"content":"                        String deadlineTime \u003d deadlineDsc.substring(deadlineDsc.indexOf(\"(\")+1,deadlineDsc.indexOf(\")\"));","lastModifiedDate":"2022-08-27"},{"lineNumber":81,"author":{"gitId":"AshiqurRah"},"content":"                        String modDeadlineTime \u003d deadlineTime.replaceFirst(\"by: \", \"\");","lastModifiedDate":"2022-08-27"},{"lineNumber":82,"author":{"gitId":"AshiqurRah"},"content":"                        // to convert string to date","lastModifiedDate":"2022-08-27"},{"lineNumber":83,"author":{"gitId":"AshiqurRah"},"content":"                        DateTimeFormatter convertFormatter \u003d DateTimeFormatter.ofPattern(\"MMM d yyyy\");","lastModifiedDate":"2022-08-27"},{"lineNumber":84,"author":{"gitId":"AshiqurRah"},"content":"                        LocalDate deadlineDate \u003d LocalDate.parse(modDeadlineTime, convertFormatter);","lastModifiedDate":"2022-08-27"},{"lineNumber":85,"author":{"gitId":"AshiqurRah"},"content":"                        // to put in the same format as Deadline class parameter","lastModifiedDate":"2022-08-27"},{"lineNumber":86,"author":{"gitId":"AshiqurRah"},"content":"                        DateTimeFormatter stringFormatter \u003d DateTimeFormatter.ofPattern(\"yyyy-MM-dd\");","lastModifiedDate":"2022-08-27"},{"lineNumber":87,"author":{"gitId":"AshiqurRah"},"content":"                        String modifiedString \u003d deadlineDate.format(stringFormatter);","lastModifiedDate":"2022-08-27"},{"lineNumber":88,"author":{"gitId":"AshiqurRah"},"content":"                        Deadline newTask \u003d new Deadline(description, modifiedString);","lastModifiedDate":"2022-08-27"},{"lineNumber":89,"author":{"gitId":"AshiqurRah"},"content":"                        newTask.markAsDone();","lastModifiedDate":"2022-08-27"},{"lineNumber":90,"author":{"gitId":"AshiqurRah"},"content":"                        tasklist.add(newTask);","lastModifiedDate":"2022-08-27"},{"lineNumber":91,"author":{"gitId":"AshiqurRah"},"content":"                    }","lastModifiedDate":"2022-08-27"},{"lineNumber":92,"author":{"gitId":"AshiqurRah"},"content":"                }","lastModifiedDate":"2022-08-27"},{"lineNumber":93,"author":{"gitId":"AshiqurRah"},"content":"                // read next line","lastModifiedDate":"2022-08-27"},{"lineNumber":94,"author":{"gitId":"AshiqurRah"},"content":"                line \u003d reader.readLine();","lastModifiedDate":"2022-08-27"},{"lineNumber":95,"author":{"gitId":"AshiqurRah"},"content":"            }","lastModifiedDate":"2022-08-27"},{"lineNumber":96,"author":{"gitId":"AshiqurRah"},"content":"            reader.close();","lastModifiedDate":"2022-08-27"},{"lineNumber":97,"author":{"gitId":"AshiqurRah"},"content":"        } catch(FileNotFoundException e){","lastModifiedDate":"2022-08-27"},{"lineNumber":98,"author":{"gitId":"AshiqurRah"},"content":"            File file \u003d new File(this.filePath);","lastModifiedDate":"2022-08-27"},{"lineNumber":99,"author":{"gitId":"AshiqurRah"},"content":"            Parser.echo(\"File not found so let\u0027s create one!\");","lastModifiedDate":"2022-08-28"},{"lineNumber":100,"author":{"gitId":"AshiqurRah"},"content":"        } catch(IOException e){","lastModifiedDate":"2022-08-27"},{"lineNumber":101,"author":{"gitId":"AshiqurRah"},"content":"            File file \u003d new File(this.filePath);","lastModifiedDate":"2022-08-27"},{"lineNumber":102,"author":{"gitId":"AshiqurRah"},"content":"            Parser.echo(\"File not found so let\u0027s create one!\");","lastModifiedDate":"2022-08-28"},{"lineNumber":103,"author":{"gitId":"AshiqurRah"},"content":"        }","lastModifiedDate":"2022-08-27"},{"lineNumber":104,"author":{"gitId":"AshiqurRah"},"content":"        return tasklist;","lastModifiedDate":"2022-08-27"},{"lineNumber":105,"author":{"gitId":"AshiqurRah"},"content":"    }","lastModifiedDate":"2022-08-27"},{"lineNumber":106,"author":{"gitId":"AshiqurRah"},"content":"}","lastModifiedDate":"2022-08-27"}],"authorContributionMap":{"AshiqurRah":106}},{"path":"src/main/java/duke/Task.java","fileType":"java","lines":[{"lineNumber":1,"author":{"gitId":"AshiqurRah"},"content":"package duke;","lastModifiedDate":"2022-08-28"},{"lineNumber":2,"author":{"gitId":"AshiqurRah"},"content":"","lastModifiedDate":"2022-08-28"},{"lineNumber":3,"author":{"gitId":"AshiqurRah"},"content":"public class Task {","lastModifiedDate":"2022-08-18"},{"lineNumber":4,"author":{"gitId":"AshiqurRah"},"content":"    protected String description;","lastModifiedDate":"2022-08-18"},{"lineNumber":5,"author":{"gitId":"AshiqurRah"},"content":"    protected boolean isDone;","lastModifiedDate":"2022-08-18"},{"lineNumber":6,"author":{"gitId":"AshiqurRah"},"content":"","lastModifiedDate":"2022-08-18"},{"lineNumber":7,"author":{"gitId":"AshiqurRah"},"content":"    public Task(String description) {","lastModifiedDate":"2022-08-18"},{"lineNumber":8,"author":{"gitId":"AshiqurRah"},"content":"        this.description \u003d description;","lastModifiedDate":"2022-08-18"},{"lineNumber":9,"author":{"gitId":"AshiqurRah"},"content":"        this.isDone \u003d false;","lastModifiedDate":"2022-08-18"},{"lineNumber":10,"author":{"gitId":"AshiqurRah"},"content":"    }","lastModifiedDate":"2022-08-18"},{"lineNumber":11,"author":{"gitId":"AshiqurRah"},"content":"","lastModifiedDate":"2022-08-18"},{"lineNumber":12,"author":{"gitId":"AshiqurRah"},"content":"    public String getStatusIcon() {","lastModifiedDate":"2022-08-18"},{"lineNumber":13,"author":{"gitId":"AshiqurRah"},"content":"        return (isDone ? \"X\" : \" \"); // mark done task with X","lastModifiedDate":"2022-08-18"},{"lineNumber":14,"author":{"gitId":"AshiqurRah"},"content":"    }","lastModifiedDate":"2022-08-18"},{"lineNumber":15,"author":{"gitId":"AshiqurRah"},"content":"","lastModifiedDate":"2022-08-18"},{"lineNumber":16,"author":{"gitId":"AshiqurRah"},"content":"    public void markAsDone() {","lastModifiedDate":"2022-08-18"},{"lineNumber":17,"author":{"gitId":"AshiqurRah"},"content":"        this.isDone \u003d true;","lastModifiedDate":"2022-08-18"},{"lineNumber":18,"author":{"gitId":"AshiqurRah"},"content":"    }","lastModifiedDate":"2022-08-18"},{"lineNumber":19,"author":{"gitId":"AshiqurRah"},"content":"","lastModifiedDate":"2022-08-18"},{"lineNumber":20,"author":{"gitId":"AshiqurRah"},"content":"    public void markAsUndone() {","lastModifiedDate":"2022-08-18"},{"lineNumber":21,"author":{"gitId":"AshiqurRah"},"content":"        this.isDone \u003d false;","lastModifiedDate":"2022-08-18"},{"lineNumber":22,"author":{"gitId":"AshiqurRah"},"content":"    }","lastModifiedDate":"2022-08-18"},{"lineNumber":23,"author":{"gitId":"AshiqurRah"},"content":"","lastModifiedDate":"2022-08-18"},{"lineNumber":24,"author":{"gitId":"AshiqurRah"},"content":"    @Override","lastModifiedDate":"2022-08-18"},{"lineNumber":25,"author":{"gitId":"AshiqurRah"},"content":"    public String toString() {","lastModifiedDate":"2022-08-18"},{"lineNumber":26,"author":{"gitId":"AshiqurRah"},"content":"        String s \u003d String.format(\"[%s] %s\", this.getStatusIcon(), this.description);","lastModifiedDate":"2022-08-18"},{"lineNumber":27,"author":{"gitId":"AshiqurRah"},"content":"        return s;","lastModifiedDate":"2022-08-18"},{"lineNumber":28,"author":{"gitId":"AshiqurRah"},"content":"    }","lastModifiedDate":"2022-08-18"},{"lineNumber":29,"author":{"gitId":"AshiqurRah"},"content":"}","lastModifiedDate":"2022-08-18"}],"authorContributionMap":{"AshiqurRah":29}},{"path":"src/main/java/duke/TaskList.java","fileType":"java","lines":[{"lineNumber":1,"author":{"gitId":"AshiqurRah"},"content":"package duke;","lastModifiedDate":"2022-08-28"},{"lineNumber":2,"author":{"gitId":"AshiqurRah"},"content":"","lastModifiedDate":"2022-08-28"},{"lineNumber":3,"author":{"gitId":"AshiqurRah"},"content":"import java.util.ArrayList;","lastModifiedDate":"2022-08-27"},{"lineNumber":4,"author":{"gitId":"AshiqurRah"},"content":"","lastModifiedDate":"2022-08-27"},{"lineNumber":5,"author":{"gitId":"AshiqurRah"},"content":"public class TaskList {","lastModifiedDate":"2022-08-27"},{"lineNumber":6,"author":{"gitId":"AshiqurRah"},"content":"    protected ArrayList\u003cTask\u003e allTasks;","lastModifiedDate":"2022-08-27"},{"lineNumber":7,"author":{"gitId":"AshiqurRah"},"content":"","lastModifiedDate":"2022-08-27"},{"lineNumber":8,"author":{"gitId":"AshiqurRah"},"content":"    public TaskList(ArrayList\u003cTask\u003e allTasks) {","lastModifiedDate":"2022-08-27"},{"lineNumber":9,"author":{"gitId":"AshiqurRah"},"content":"        this.allTasks \u003d allTasks;","lastModifiedDate":"2022-08-27"},{"lineNumber":10,"author":{"gitId":"AshiqurRah"},"content":"    }","lastModifiedDate":"2022-08-27"},{"lineNumber":11,"author":{"gitId":"AshiqurRah"},"content":"","lastModifiedDate":"2022-08-27"},{"lineNumber":12,"author":{"gitId":"AshiqurRah"},"content":"    public int size() {","lastModifiedDate":"2022-08-27"},{"lineNumber":13,"author":{"gitId":"AshiqurRah"},"content":"        return this.allTasks.size();","lastModifiedDate":"2022-08-27"},{"lineNumber":14,"author":{"gitId":"AshiqurRah"},"content":"    }","lastModifiedDate":"2022-08-27"},{"lineNumber":15,"author":{"gitId":"AshiqurRah"},"content":"","lastModifiedDate":"2022-08-27"},{"lineNumber":16,"author":{"gitId":"AshiqurRah"},"content":"    public Task get(int index) {","lastModifiedDate":"2022-08-27"},{"lineNumber":17,"author":{"gitId":"AshiqurRah"},"content":"        return this.allTasks.get(index);","lastModifiedDate":"2022-08-27"},{"lineNumber":18,"author":{"gitId":"AshiqurRah"},"content":"    }","lastModifiedDate":"2022-08-27"},{"lineNumber":19,"author":{"gitId":"AshiqurRah"},"content":"","lastModifiedDate":"2022-08-27"},{"lineNumber":20,"author":{"gitId":"AshiqurRah"},"content":"    public void add(Task t) {","lastModifiedDate":"2022-08-27"},{"lineNumber":21,"author":{"gitId":"AshiqurRah"},"content":"        this.allTasks.add(t);","lastModifiedDate":"2022-08-27"},{"lineNumber":22,"author":{"gitId":"AshiqurRah"},"content":"    }","lastModifiedDate":"2022-08-27"},{"lineNumber":23,"author":{"gitId":"AshiqurRah"},"content":"","lastModifiedDate":"2022-08-27"},{"lineNumber":24,"author":{"gitId":"AshiqurRah"},"content":"    public Task remove(int index) {","lastModifiedDate":"2022-08-27"},{"lineNumber":25,"author":{"gitId":"AshiqurRah"},"content":"        return this.allTasks.remove(index);","lastModifiedDate":"2022-08-27"},{"lineNumber":26,"author":{"gitId":"AshiqurRah"},"content":"    }","lastModifiedDate":"2022-08-27"},{"lineNumber":27,"author":{"gitId":"AshiqurRah"},"content":"","lastModifiedDate":"2022-08-27"},{"lineNumber":28,"author":{"gitId":"AshiqurRah"},"content":"    public TaskList() {","lastModifiedDate":"2022-08-27"},{"lineNumber":29,"author":{"gitId":"AshiqurRah"},"content":"        this.allTasks \u003d new ArrayList\u003cTask\u003e();","lastModifiedDate":"2022-08-27"},{"lineNumber":30,"author":{"gitId":"AshiqurRah"},"content":"    }","lastModifiedDate":"2022-08-27"},{"lineNumber":31,"author":{"gitId":"AshiqurRah"},"content":"}","lastModifiedDate":"2022-08-27"}],"authorContributionMap":{"AshiqurRah":31}},{"path":"src/main/java/duke/Todo.java","fileType":"java","lines":[{"lineNumber":1,"author":{"gitId":"AshiqurRah"},"content":"package duke;","lastModifiedDate":"2022-08-28"},{"lineNumber":2,"author":{"gitId":"AshiqurRah"},"content":"","lastModifiedDate":"2022-08-28"},{"lineNumber":3,"author":{"gitId":"AshiqurRah"},"content":"public class Todo extends Task {","lastModifiedDate":"2022-08-18"},{"lineNumber":4,"author":{"gitId":"AshiqurRah"},"content":"    protected String description;","lastModifiedDate":"2022-08-18"},{"lineNumber":5,"author":{"gitId":"AshiqurRah"},"content":"    protected boolean isDone;","lastModifiedDate":"2022-08-18"},{"lineNumber":6,"author":{"gitId":"AshiqurRah"},"content":"","lastModifiedDate":"2022-08-18"},{"lineNumber":7,"author":{"gitId":"AshiqurRah"},"content":"    public Todo (String description) {","lastModifiedDate":"2022-08-18"},{"lineNumber":8,"author":{"gitId":"AshiqurRah"},"content":"        super(description);","lastModifiedDate":"2022-08-18"},{"lineNumber":9,"author":{"gitId":"AshiqurRah"},"content":"    }","lastModifiedDate":"2022-08-18"},{"lineNumber":10,"author":{"gitId":"AshiqurRah"},"content":"","lastModifiedDate":"2022-08-18"},{"lineNumber":11,"author":{"gitId":"AshiqurRah"},"content":"    @Override","lastModifiedDate":"2022-08-18"},{"lineNumber":12,"author":{"gitId":"AshiqurRah"},"content":"    public String toString() {","lastModifiedDate":"2022-08-18"},{"lineNumber":13,"author":{"gitId":"AshiqurRah"},"content":"        String s \u003d String.format(\"[T]%s\", super.toString());","lastModifiedDate":"2022-08-18"},{"lineNumber":14,"author":{"gitId":"AshiqurRah"},"content":"        return s;","lastModifiedDate":"2022-08-18"},{"lineNumber":15,"author":{"gitId":"AshiqurRah"},"content":"    }","lastModifiedDate":"2022-08-18"},{"lineNumber":16,"author":{"gitId":"AshiqurRah"},"content":"}","lastModifiedDate":"2022-08-18"}],"authorContributionMap":{"AshiqurRah":16}},{"path":"src/main/java/duke/Ui.java","fileType":"java","lines":[{"lineNumber":1,"author":{"gitId":"AshiqurRah"},"content":"package duke;","lastModifiedDate":"2022-08-28"},{"lineNumber":2,"author":{"gitId":"AshiqurRah"},"content":"","lastModifiedDate":"2022-08-28"},{"lineNumber":3,"author":{"gitId":"AshiqurRah"},"content":"public class Ui {","lastModifiedDate":"2022-08-27"},{"lineNumber":4,"author":{"gitId":"AshiqurRah"},"content":"","lastModifiedDate":"2022-08-27"},{"lineNumber":5,"author":{"gitId":"AshiqurRah"},"content":"    public Ui () {}","lastModifiedDate":"2022-08-27"},{"lineNumber":6,"author":{"gitId":"AshiqurRah"},"content":"","lastModifiedDate":"2022-08-27"},{"lineNumber":7,"author":{"gitId":"AshiqurRah"},"content":"    // greetings","lastModifiedDate":"2022-08-27"},{"lineNumber":8,"author":{"gitId":"AshiqurRah"},"content":"    public void greeting() {","lastModifiedDate":"2022-08-27"},{"lineNumber":9,"author":{"gitId":"AshiqurRah"},"content":"        String greet \u003d \"Hello! I\u0027m Duke\\nWhat can I do for you?\";","lastModifiedDate":"2022-08-27"},{"lineNumber":10,"author":{"gitId":"AshiqurRah"},"content":"        Parser.echo(greet);","lastModifiedDate":"2022-08-27"},{"lineNumber":11,"author":{"gitId":"AshiqurRah"},"content":"    }","lastModifiedDate":"2022-08-27"},{"lineNumber":12,"author":{"gitId":"AshiqurRah"},"content":"","lastModifiedDate":"2022-08-27"},{"lineNumber":13,"author":{"gitId":"AshiqurRah"},"content":"    // to create loading error","lastModifiedDate":"2022-08-27"},{"lineNumber":14,"author":{"gitId":"AshiqurRah"},"content":"    public static void showLoadingError() {","lastModifiedDate":"2022-08-27"},{"lineNumber":15,"author":{"gitId":"AshiqurRah"},"content":"        Parser.echo(\"No data in duke.txt\");","lastModifiedDate":"2022-08-27"},{"lineNumber":16,"author":{"gitId":"AshiqurRah"},"content":"    }","lastModifiedDate":"2022-08-27"},{"lineNumber":17,"author":{"gitId":"AshiqurRah"},"content":"}","lastModifiedDate":"2022-08-27"}],"authorContributionMap":{"AshiqurRah":17}},{"path":"src/test/java/duke/DeadlineTest.java","fileType":"java","lines":[{"lineNumber":1,"author":{"gitId":"AshiqurRah"},"content":"package duke;","lastModifiedDate":"2022-08-28"},{"lineNumber":2,"author":{"gitId":"AshiqurRah"},"content":"","lastModifiedDate":"2022-08-28"},{"lineNumber":3,"author":{"gitId":"AshiqurRah"},"content":"import org.junit.jupiter.api.Test;","lastModifiedDate":"2022-08-28"},{"lineNumber":4,"author":{"gitId":"AshiqurRah"},"content":"","lastModifiedDate":"2022-08-28"},{"lineNumber":5,"author":{"gitId":"AshiqurRah"},"content":"import static org.junit.jupiter.api.Assertions.assertEquals;","lastModifiedDate":"2022-08-28"},{"lineNumber":6,"author":{"gitId":"AshiqurRah"},"content":"","lastModifiedDate":"2022-08-28"},{"lineNumber":7,"author":{"gitId":"AshiqurRah"},"content":"public class DeadlineTest {","lastModifiedDate":"2022-08-28"},{"lineNumber":8,"author":{"gitId":"AshiqurRah"},"content":"","lastModifiedDate":"2022-08-28"},{"lineNumber":9,"author":{"gitId":"AshiqurRah"},"content":"    @Test","lastModifiedDate":"2022-08-28"},{"lineNumber":10,"author":{"gitId":"AshiqurRah"},"content":"    public void DeadlineObjectTest() {","lastModifiedDate":"2022-08-28"},{"lineNumber":11,"author":{"gitId":"AshiqurRah"},"content":"        Deadline deadlineObject \u003d new Deadline(\"Deadline\", \"2021-07-24\");","lastModifiedDate":"2022-08-28"},{"lineNumber":12,"author":{"gitId":"AshiqurRah"},"content":"        String actualOutput \u003d \"[D][ ] Deadline (by: Jul 24 2021)\";","lastModifiedDate":"2022-08-28"},{"lineNumber":13,"author":{"gitId":"AshiqurRah"},"content":"        assertEquals(deadlineObject.toString(), actualOutput);","lastModifiedDate":"2022-08-28"},{"lineNumber":14,"author":{"gitId":"AshiqurRah"},"content":"    }","lastModifiedDate":"2022-08-28"},{"lineNumber":15,"author":{"gitId":"AshiqurRah"},"content":"}","lastModifiedDate":"2022-08-28"}],"authorContributionMap":{"AshiqurRah":15}},{"path":"src/test/java/duke/EventTest.java","fileType":"java","lines":[{"lineNumber":1,"author":{"gitId":"AshiqurRah"},"content":"package duke;","lastModifiedDate":"2022-08-28"},{"lineNumber":2,"author":{"gitId":"AshiqurRah"},"content":"","lastModifiedDate":"2022-08-28"},{"lineNumber":3,"author":{"gitId":"AshiqurRah"},"content":"import org.junit.jupiter.api.Test;","lastModifiedDate":"2022-08-28"},{"lineNumber":4,"author":{"gitId":"AshiqurRah"},"content":"","lastModifiedDate":"2022-08-28"},{"lineNumber":5,"author":{"gitId":"AshiqurRah"},"content":"import static org.junit.jupiter.api.Assertions.assertEquals;","lastModifiedDate":"2022-08-28"},{"lineNumber":6,"author":{"gitId":"AshiqurRah"},"content":"","lastModifiedDate":"2022-08-28"},{"lineNumber":7,"author":{"gitId":"AshiqurRah"},"content":"public class EventTest {","lastModifiedDate":"2022-08-28"},{"lineNumber":8,"author":{"gitId":"AshiqurRah"},"content":"","lastModifiedDate":"2022-08-28"},{"lineNumber":9,"author":{"gitId":"AshiqurRah"},"content":"    @Test","lastModifiedDate":"2022-08-28"},{"lineNumber":10,"author":{"gitId":"AshiqurRah"},"content":"    public void EventObjectTest() {","lastModifiedDate":"2022-08-28"},{"lineNumber":11,"author":{"gitId":"AshiqurRah"},"content":"        Event eventObject \u003d new Event(\"Event\", \"at Monday 3pm\");","lastModifiedDate":"2022-08-28"},{"lineNumber":12,"author":{"gitId":"AshiqurRah"},"content":"        String actualOutput \u003d \"[E][ ] Event (at: Monday 3pm)\";","lastModifiedDate":"2022-08-28"},{"lineNumber":13,"author":{"gitId":"AshiqurRah"},"content":"        assertEquals(eventObject.toString(), actualOutput);","lastModifiedDate":"2022-08-28"},{"lineNumber":14,"author":{"gitId":"AshiqurRah"},"content":"    }","lastModifiedDate":"2022-08-28"},{"lineNumber":15,"author":{"gitId":"AshiqurRah"},"content":"}","lastModifiedDate":"2022-08-28"}],"authorContributionMap":{"AshiqurRah":15}},{"path":"src/test/java/duke/TodoTest.java","fileType":"java","lines":[{"lineNumber":1,"author":{"gitId":"AshiqurRah"},"content":"package duke;","lastModifiedDate":"2022-08-28"},{"lineNumber":2,"author":{"gitId":"AshiqurRah"},"content":"","lastModifiedDate":"2022-08-28"},{"lineNumber":3,"author":{"gitId":"AshiqurRah"},"content":"import org.junit.jupiter.api.Test;","lastModifiedDate":"2022-08-28"},{"lineNumber":4,"author":{"gitId":"AshiqurRah"},"content":"","lastModifiedDate":"2022-08-28"},{"lineNumber":5,"author":{"gitId":"AshiqurRah"},"content":"import static org.junit.jupiter.api.Assertions.assertEquals;","lastModifiedDate":"2022-08-28"},{"lineNumber":6,"author":{"gitId":"AshiqurRah"},"content":"","lastModifiedDate":"2022-08-28"},{"lineNumber":7,"author":{"gitId":"AshiqurRah"},"content":"public class TodoTest {","lastModifiedDate":"2022-08-28"},{"lineNumber":8,"author":{"gitId":"AshiqurRah"},"content":"","lastModifiedDate":"2022-08-28"},{"lineNumber":9,"author":{"gitId":"AshiqurRah"},"content":"    @Test","lastModifiedDate":"2022-08-28"},{"lineNumber":10,"author":{"gitId":"AshiqurRah"},"content":"    public void TodoObjectTest() {","lastModifiedDate":"2022-08-28"},{"lineNumber":11,"author":{"gitId":"AshiqurRah"},"content":"        Todo todoObject \u003d new Todo(\"Homework 1\");","lastModifiedDate":"2022-08-28"},{"lineNumber":12,"author":{"gitId":"AshiqurRah"},"content":"        String actualOutput \u003d \"[T][ ] Homework 1\";","lastModifiedDate":"2022-08-28"},{"lineNumber":13,"author":{"gitId":"AshiqurRah"},"content":"        assertEquals(todoObject.toString(), actualOutput);","lastModifiedDate":"2022-08-28"},{"lineNumber":14,"author":{"gitId":"AshiqurRah"},"content":"    }","lastModifiedDate":"2022-08-28"},{"lineNumber":15,"author":{"gitId":"AshiqurRah"},"content":"}","lastModifiedDate":"2022-08-28"}],"authorContributionMap":{"AshiqurRah":15}}]
