{"authorDailyContributionsMap":{"AshiqurRah":[{"date":"2022-08-18","commitResults":[{"hash":"8956c6a8ded74c006f58e7bc8c08c80f116b451b","messageTitle":"Level 1","messageBody":"","tags":["Level-1"],"fileTypesAndContributionMap":{"java":{"insertions":21,"deletions":6}}},{"hash":"de51ddbe5180dad9e1c7b76a26e0404ef81a5495","messageTitle":"Level 2","messageBody":"","tags":["Level-2"],"fileTypesAndContributionMap":{"java":{"insertions":21,"deletions":4}}},{"hash":"c2e79b4717d7996bfb6ad5a7980f53e303b5b56c","messageTitle":"Level 3","messageBody":"","tags":["Level-3"],"fileTypesAndContributionMap":{"java":{"insertions":46,"deletions":4}}},{"hash":"af7afd2a66d32c98e1821c8bba67e788f90bc4dd","messageTitle":"Level 4","messageBody":"","tags":["Level-4"],"fileTypesAndContributionMap":{"java":{"insertions":71,"deletions":3}}}]},{"date":"2022-08-19","commitResults":[{"hash":"c83eada1e5fb086533e503613a647ad1ddfc973d","messageTitle":"Level 5","messageBody":"","tags":["Level-5"],"fileTypesAndContributionMap":{"java":{"insertions":56,"deletions":23}}},{"hash":"ebdfec2e62958310649b74ea3ae3fb0842dda438","messageTitle":"Level 6","messageBody":"","tags":["Level-6"],"fileTypesAndContributionMap":{"java":{"insertions":14,"deletions":0}}}]},{"date":"2022-08-24","commitResults":[{"hash":"bde2387f78495e50f8baf0a81d013a25895b078d","messageTitle":"Minor edits","messageBody":"","fileTypesAndContributionMap":{"java":{"insertions":2,"deletions":1}}}]},{"date":"2022-08-25","commitResults":[{"hash":"b8826a144c0abf3a973065c94f8df14a1cd2870e","messageTitle":"Level 7, Save feature done in branch","messageBody":"","tags":["Level-7"],"fileTypesAndContributionMap":{"txt":{"insertions":0,"deletions":0},"java":{"insertions":75,"deletions":16}}}]},{"date":"2022-08-26","commitResults":[{"hash":"ea8e2dd9799c53f4ce64e86854eecd0f8f85cc2e","messageTitle":"Branch Level 8","messageBody":"","tags":["Level-8"],"fileTypesAndContributionMap":{"java":{"insertions":34,"deletions":5}}}]},{"date":"2022-08-27","commitResults":[{"hash":"c3ee5a6f48d539e229ded94c37451cf3ed7d332e","messageTitle":"A-MoreOOP","messageBody":"","tags":["A-MoreOOP"],"fileTypesAndContributionMap":{"txt":{"insertions":6,"deletions":0},"java":{"insertions":329,"deletions":154}}}]},{"date":"2022-08-28","commitResults":[{"hash":"8002b79f67263d4ec62098e46bfcca1bf4c750f5","messageTitle":"A-Packages","messageBody":"","tags":["A-Packages"],"fileTypesAndContributionMap":{"java":{"insertions":20,"deletions":0}}},{"hash":"baf8dfd7a06e9de1b4d2472fdf621c50e688bf3d","messageTitle":"A-JUnit","messageBody":"","tags":["A-Jar","A-JUnit"],"fileTypesAndContributionMap":{"java":{"insertions":45,"deletions":0}}},{"hash":"9c140634073d252f50468af34db1de186746764d","messageTitle":"A-jar","messageBody":"","fileTypesAndContributionMap":{"gradle":{"insertions":1,"deletions":1}}},{"hash":"61a0d6caa6f6af368c9cdcf72474789e1b20a956","messageTitle":"Minor Edits to Storage","messageBody":"","fileTypesAndContributionMap":{"java":{"insertions":2,"deletions":2}}},{"hash":"72aafe65ce463d1c89594facdfebaae8c687b81d","messageTitle":"A-JavaDoc","messageBody":"","tags":["A-JavaDoc"],"fileTypesAndContributionMap":{"java":{"insertions":150,"deletions":13}}}]}]},"authorFileTypeContributionMap":{"AshiqurRah":{"java":663,"md":0,"fxml":0,"sh":0,"bat":0,"gradle":1,"txt":6}},"authorContributionVariance":{"AshiqurRah":15815.557},"authorDisplayNameMap":{"AshiqurRah":"CS2103T-W09-4 ASHI..AMED"}}
