{"authorDailyContributionsMap":{"ChongCheeKaiClarence":[{"date":"2022-08-14","commitResults":[{"hash":"d2b591c44f527f8ff32d646ef24ffdfcddaaea5b","messageTitle":"Added level 1 work","messageBody":"","tags":["Level-1"],"fileTypesAndContributionMap":{"java":{"insertions":21,"deletions":6}}},{"hash":"7304e3c2d8224443975140020bbaa5216f7aa523","messageTitle":"Added Level 2","messageBody":"","tags":["Level-2"],"fileTypesAndContributionMap":{"java":{"insertions":13,"deletions":1}}}]},{"date":"2022-08-16","commitResults":[{"hash":"695ffb4f693e93d5d15263325989c2af0b3d81ed","messageTitle":"Added task.java and Level 3 work","messageBody":"","tags":["Level-3"],"fileTypesAndContributionMap":{"java":{"insertions":87,"deletions":3}}}]},{"date":"2022-08-17","commitResults":[{"hash":"46308c73276f909f18c8f46983da7a64b7ff80fc","messageTitle":"Added Deadline.java, Event.java, Todo.class and Level 4 work","messageBody":"","tags":["Level-4"],"fileTypesAndContributionMap":{"java":{"insertions":137,"deletions":53}}},{"hash":"5f8f84057480bfe0ed90a41bd8b2cccb2084c325","messageTitle":"edited Input.txt and Expected.txt. A-TextUiTesting done","messageBody":"","tags":["A-TextUiTesting"],"fileTypesAndContributionMap":{"txt":{"insertions":4,"deletions":0},"java":{"insertions":6,"deletions":4}}},{"hash":"57c5f5f947af567ef0bd9337e58d7230a8025cd1","messageTitle":"Added level 5 work","messageBody":"","tags":["Level-5"],"fileTypesAndContributionMap":{"java":{"insertions":74,"deletions":40}}},{"hash":"403d9401c07f1fc105c22fbe6d4b30ea20c58dba","messageTitle":"Added level 6 work","messageBody":"","tags":["Level-6"],"fileTypesAndContributionMap":{"txt":{"insertions":40,"deletions":0},"java":{"insertions":32,"deletions":4}}}]},{"date":"2022-08-18","commitResults":[{"hash":"48adf933bbf3a1974731f66a6facca268521aa3d","messageTitle":"Added enums. Changed names from Deadline, Event and Todo to DeadlineTask, EventTask and TodoTask. Added javadocs.","messageBody":"","tags":["A-Enums"],"fileTypesAndContributionMap":{"txt":{"insertions":8,"deletions":15},"java":{"insertions":235,"deletions":89}}}]},{"date":"2022-08-20","commitResults":[{"hash":"f5b4528af0e16a338510cf4f8f78b024411178c2","messageTitle":"Add checkstyle","messageBody":"","fileTypesAndContributionMap":{"java":{"insertions":135,"deletions":133}}}]},{"date":"2022-08-21","commitResults":[{"hash":"0690feefd28033e07be065f3628e3768a2d5209a","messageTitle":"Add Level 7","messageBody":"","fileTypesAndContributionMap":{"txt":{"insertions":3,"deletions":0},"java":{"insertions":91,"deletions":14}}},{"hash":"eeabc6e4992ab20c75a1d728598e4ac6e45b0cab","messageTitle":"Implement Level 7 with runtest","messageBody":"","tags":["Level-7"],"fileTypesAndContributionMap":{"txt":{"insertions":3,"deletions":3},"java":{"insertions":2,"deletions":0}}},{"hash":"1512cb51bdc3474c735b5586167b7b9d8b591726","messageTitle":"Add Level 8 in branch","messageBody":"","tags":["Level-8"],"fileTypesAndContributionMap":{"java":{"insertions":45,"deletions":6}}},{"hash":"8ad5f5202e5c74f27a96281b8422571e560e3522","messageTitle":"Change save file Strings to match Level 8, add more exception","messageBody":"","fileTypesAndContributionMap":{"txt":{"insertions":2,"deletions":1},"java":{"insertions":50,"deletions":16}}}]},{"date":"2022-08-22","commitResults":[{"hash":"c54db54e788a38788eb471ada3c170692fa0bad8","messageTitle":"Add Use More OOP","messageBody":"","fileTypesAndContributionMap":{"gradle":{"insertions":1,"deletions":0},"txt":{"insertions":3,"deletions":2},"java":{"insertions":442,"deletions":372}}},{"hash":"a880dc8fe378b082afb36f4491ad4953127665ed","messageTitle":"Add packages","messageBody":"","fileTypesAndContributionMap":{"txt":{"insertions":1,"deletions":3},"java":{"insertions":15,"deletions":11}}},{"hash":"bb37015f3c76c680904123a9fdcd71adb5ffa452","messageTitle":"Add JUnit Tests","messageBody":"","fileTypesAndContributionMap":{"txt":{"insertions":0,"deletions":0},"java":{"insertions":96,"deletions":4}}},{"hash":"b5dc51135a8b82cf9e4aa99e9e1c2310c11dde80","messageTitle":"Create a JAR File","messageBody":"","tags":["v1.0"],"fileTypesAndContributionMap":{"gradle":{"insertions":1,"deletions":1}}}]},{"date":"2022-08-23","commitResults":[{"hash":"d22416ed3a45cb062ae1cccea9981dd18664de01","messageTitle":"Add JavaDoc comments","messageBody":"","tags":["A-JavaDoc"],"fileTypesAndContributionMap":{"java":{"insertions":177,"deletions":21}}},{"hash":"eb899ef50b35f19e801a72d13411bc082606358c","messageTitle":"Follow the Coding Standard","messageBody":"","fileTypesAndContributionMap":{"java":{"insertions":30,"deletions":23}}},{"hash":"3f3bf31fba1220f8408f73a76a872ef1344ba7cf","messageTitle":"Add find","messageBody":"","fileTypesAndContributionMap":{"txt":{"insertions":4,"deletions":0},"java":{"insertions":20,"deletions":0}}}]},{"date":"2022-08-24","commitResults":[{"hash":"4aba747e1dfa14dc97eef028bfa207436570aaad","messageTitle":"Add coding standard","messageBody":"","fileTypesAndContributionMap":{"java":{"insertions":28,"deletions":27}}}]},{"date":"2022-09-01","commitResults":[{"hash":"bb34246655af3a4e5fa84bc21286612cdb766c4e","messageTitle":"Add Level 10","messageBody":"","fileTypesAndContributionMap":{"gradle":{"insertions":25,"deletions":0},"txt":{"insertions":5,"deletions":5},"fxml":{"insertions":39,"deletions":0},"java":{"insertions":263,"deletions":77}}},{"hash":"398dd3232e7fb44c380d5258463a8ffe918f4c84","messageTitle":"clean up code","messageBody":"","fileTypesAndContributionMap":{"java":{"insertions":0,"deletions":37}}},{"hash":"6857a4519b004eb319750e0334ef8a126908f54a","messageTitle":"Fix bug where tasks from txt file does not give the right mark symbol","messageBody":"","tags":["Level-9","A-Packages","A-MoreOOP","A-Jar","A-JUnit","A-CodingStandard"],"fileTypesAndContributionMap":{"txt":{"insertions":4,"deletions":5},"java":{"insertions":1,"deletions":1}}}]},{"date":"2022-09-02","commitResults":[{"hash":"014ef0d47964395f00f5500c48ae6c8f4a5d5e35","messageTitle":"Fix bug where GUI does not show the full list","messageBody":"","fileTypesAndContributionMap":{"txt":{"insertions":2,"deletions":1},"fxml":{"insertions":2,"deletions":2}}},{"hash":"1d82550d39cd9da17c30b34ab02063ecfa5c4d1d","messageTitle":"Fix bug where MainWindow was set to java 18 instead of java 11.0.2","messageBody":"","tags":["Level-10"],"fileTypesAndContributionMap":{"fxml":{"insertions":1,"deletions":1}}}]},{"date":"2022-09-03","commitResults":[{"hash":"c9121ecaf0eb5f1ea78fcbaea28ac0408d2bd3b1","messageTitle":"Add CheckStyle","messageBody":"","fileTypesAndContributionMap":{"java":{"insertions":644,"deletions":648}}},{"hash":"afe1c80896bb68a5b8ab82ee1c91bf03e4a1a39a","messageTitle":"Edit javadocs","messageBody":"","tags":["A-CheckStyle"],"fileTypesAndContributionMap":{"java":{"insertions":2,"deletions":31}}}]},{"date":"2022-09-06","commitResults":[{"hash":"7d3d7c5b252c4e3bf2ec9c418fa0bb5aa8023751","messageTitle":"There is no code to handle null.","messageBody":"There is a possibility to getting a null in the parameters.\n\nAdd  Assertion methods.\n\nTo allow us to handle errors and know when a null is produced.\n","fileTypesAndContributionMap":{"gradle":{"insertions":2,"deletions":1},"java":{"insertions":1,"deletions":0}}}]},{"date":"2022-09-07","commitResults":[{"hash":"82d312549eafb8ad76ab2984fbf15d41f2f312fc","messageTitle":"As of now, assumptions are checked with if statements or throwing exceptions.","messageBody":"It is problematic if the assumption does not hold and could\npossibly crash the system.\n\nAdd Assertions\n\nThis will allow our assumption to be checked before proceeding on\nwith running the code.\n\nAssertions ensures that my code fulfils the assumptions I made.\n","tags":["A-Assertions"],"fileTypesAndContributionMap":{"java":{"insertions":45,"deletions":39}}}]},{"date":"2022-09-08","commitResults":[{"hash":"edb80ed45c270667faa96d12cda6822c6b69ec3a","messageTitle":"As of now, the Code Quality guidelines are not met.","messageBody":"It is confusing to read for other developers.\n\nImprove Code Quality.\n\nThe code is now more readable.\n\nNow, the code follows the Code quality guidelines.\n","tags":["A-FullCommitMessage"],"fileTypesAndContributionMap":{"txt":{"insertions":5,"deletions":4},"java":{"insertions":277,"deletions":236}}},{"hash":"a57f96cb497cd02320d6eada34e2a9c510965332","messageTitle":"As of now, there is no way of categorizing the tasks.","messageBody":"It is hard to associate them to each other.\n\nAdd C-Tagging.\n\nNow, we can see how the tasks are associated to each other.\n\nWe can use these tags for relevent find and sort.\n","tags":["BCD-Extension"],"fileTypesAndContributionMap":{"txt":{"insertions":2,"deletions":2},"java":{"insertions":71,"deletions":10}}}]},{"date":"2022-09-09","commitResults":[{"hash":"8f12768b31dff92e7be733130d751d976966a22a","messageTitle":"Remove IO redirection from gradle.yml and Remove print statement in Duke.java","messageBody":"","fileTypesAndContributionMap":{"java":{"insertions":0,"deletions":1}}},{"hash":"20121e0b074054e3b3f0be995362048bcc00fc71","messageTitle":"Update testcases","messageBody":"","tags":["A-CI"],"fileTypesAndContributionMap":{"java":{"insertions":1,"deletions":1}}}]},{"date":"2022-09-13","commitResults":[{"hash":"3dadd080a6a6bf4f33571152fac0b39bf37f2d37","messageTitle":"Improve tag viewing Add user guide","messageBody":"","tags":["A-UserGuide"],"fileTypesAndContributionMap":{"txt":{"insertions":3,"deletions":6},"fxml":{"insertions":20,"deletions":10},"java":{"insertions":31,"deletions":29},"md":{"insertions":176,"deletions":10}}},{"hash":"35ab9982f280cf3d274a008f550de878d6274463","messageTitle":"Fix README, image not rendering","messageBody":"","tags":["A-Release"],"fileTypesAndContributionMap":{"md":{"insertions":1,"deletions":1}}}]},{"date":"2022-09-14","commitResults":[{"hash":"ed7a1bcbf166dea4abd5656b9655097c2545e863","messageTitle":"Update user guide","messageBody":"","fileTypesAndContributionMap":{"txt":{"insertions":1,"deletions":0},"md":{"insertions":22,"deletions":0}}}]},{"date":"2022-09-18","commitResults":[{"hash":"3f4fbf7adf5784a372d5b3c9c0ae610032e60824","messageTitle":"Improve code quality","messageBody":"","fileTypesAndContributionMap":{"java":{"insertions":113,"deletions":37}}},{"hash":"fa622d02d66cce8335312cb0bed0eca72935e44b","messageTitle":"Solve checkstyle error","messageBody":"","fileTypesAndContributionMap":{"java":{"insertions":1,"deletions":1}}}]}]},"authorFileTypeContributionMap":{"ChongCheeKaiClarence":{"java":1261,"md":189,"fxml":49,"sh":0,"bat":0,"gradle":27,"txt":43}},"authorContributionVariance":{"ChongCheeKaiClarence":79452.33},"authorDisplayNameMap":{"ChongCheeKaiClarence":"CS2103T-W15-1 CHON..ENCE"}}
