{"authorDailyContributionsMap":{"deeyonn":[{"date":"2022-08-15","commitResults":[{"hash":"75859fea8454ab5b16b1e871dd2c7b0fe98dc92a","messageTitle":"Add Level-1 implementation","messageBody":"","tags":["Level-1"],"fileTypesAndContributionMap":{"java":{"insertions":56,"deletions":6}}},{"hash":"5fb46982475106213e653cec41d5e4ec6a0df980","messageTitle":"Added Helpers Moved print_line() to Helpers Moved print() to Helpers Modified Duke to use Helpers Added greet()","messageBody":"","fileTypesAndContributionMap":{"java":{"insertions":50,"deletions":34}}},{"hash":"74e6beaf93e9210c1d093718162f726dce2bf39b","messageTitle":"Fixed typos","messageBody":"","fileTypesAndContributionMap":{"java":{"insertions":1,"deletions":1}}},{"hash":"220783952ea6a77430d03cf92b01c7045ea53560","messageTitle":"Added implementation for Level-2 Modified Duke Commented echo() Added add()","messageBody":"","tags":["Level-2"],"fileTypesAndContributionMap":{"java":{"insertions":42,"deletions":9}}}]},{"date":"2022-08-16","commitResults":[{"hash":"fa30226084e705da7e6df3f0d8c88f8f0a4c14b5","messageTitle":"Refactored Helper to DukePrinter","messageBody":"","fileTypesAndContributionMap":{"java":{"insertions":21,"deletions":21}}},{"hash":"35ab15e3f5c845781666eb69f566343c75ee7e34","messageTitle":"Changed Jenny chatbot back to Duke Changed functions in Duke to static","messageBody":"","fileTypesAndContributionMap":{"java":{"insertions":8,"deletions":9}}},{"hash":"41bbb292b3816b1d6f77159af64549c490ca11e2","messageTitle":"Implemented Level-3 Modified Duke logic Moved all printing to DukePrinter Created TaskItem for A-Classes","messageBody":"","tags":["Level-3","A-Classes"],"fileTypesAndContributionMap":{"java":{"insertions":190,"deletions":67}}},{"hash":"2a985d016b0840af06b0ff8f12800f6a150d833d","messageTitle":"Implemented Level-4 Modified Duke logic Modified DukePrinter Created DeadlineTask for A-Inheritance Created TodoTask for A-Inheritance Created EventTask for A-Inheritance","messageBody":"","tags":["Level-4","A-Inheritance"],"fileTypesAndContributionMap":{"java":{"insertions":121,"deletions":13}}},{"hash":"d8eb23dba173723a8e9b9b55e8a6dc9666256e14","messageTitle":"Implemented A-TextUiTesting","messageBody":"","tags":["A-TextUiTesting"],"fileTypesAndContributionMap":{"txt":{"insertions":13,"deletions":0},"java":{"insertions":10,"deletions":12}}}]},{"date":"2022-08-18","commitResults":[{"hash":"181600481c9474da1f9f44bf37971ad0b6a6af76","messageTitle":"Moved DeadlineTask to TaskItems package Moved EventTask to TaskItems package Moved TaskItem to TaskItems package Moved TodoTask to TaskItems package","messageBody":"Created DeadlineTaskException in TaskItems package\nCreated EventTaskException in TaskItems package\nCreated TodoTaskException in TaskItems package\n\nModified Duke logic to implement Level-5\nModified DukePrinter logic implement Level-5\n","tags":["Level-5","A-Exceptions"],"fileTypesAndContributionMap":{"txt":{"insertions":2,"deletions":0},"java":{"insertions":285,"deletions":190}}},{"hash":"af0fe15b9f70028a5a8679ba12ee260558eab2d5","messageTitle":"Modified Duke to implement Level-6 Modified DukePrinter to implement Level-6","messageBody":"","tags":["Level-6","A-Collections"],"fileTypesAndContributionMap":{"txt":{"insertions":15,"deletions":0},"java":{"insertions":24,"deletions":0}}}]},{"date":"2022-08-24","commitResults":[{"hash":"827aeb579eb790b0336b9371f8b0bbb69eb69746","messageTitle":"Refactor Duke.java to Jenny.java","messageBody":"There is no customisation of the application.\n\nWe need to customise the name of the application to have its own flavour.\n\nLet\u0027s refactor the name of the application from Duke to Jenny.\n","fileTypesAndContributionMap":{"java":{"insertions":24,"deletions":24}}},{"hash":"d9e88d7e4e1bee4ab84a5d0efe0a0c4918e5d2c9","messageTitle":"Refactor DukePrinter.java to JennyPrinter.java","messageBody":"There is no customisation of the application.\n\nWe need to customise the name of the application to have its own flavour.\n\nLet\u0027s refactor the name of the application from Duke to Jenny.\n","fileTypesAndContributionMap":{"java":{"insertions":3,"deletions":3}}},{"hash":"c70839cc99a3de4e9afaa267d41164a0e7e7a8ef","messageTitle":"Add JennyStorage.java","messageBody":"There is no implementation for file I/O operations in the Jenny application.\n\nWe need to add this feature to save and load a list of tasks.\n\nLet\u0027s add a class JennyStorage to handle file I/O operations of the Jenny application.\n\nImplementation is currently work in progress.\n","fileTypesAndContributionMap":{"java":{"insertions":82,"deletions":0}}}]},{"date":"2022-08-25","commitResults":[{"hash":"d06bc1510abc9ddb603e12c17e04903ab31439be","messageTitle":"Modify DeadlineJennyTask.java, EventJennyTask.java, JennyTask.java, TodoJennyTask.java","messageBody":"There is no implementation for file I/O operations in the Jenny application.\n\nWe need to add this feature to save and load a list of tasks.\n\nLet\u0027s add a function save() to format data for use in file I/O operations.\n","fileTypesAndContributionMap":{"java":{"insertions":62,"deletions":30}}},{"hash":"77c28353d156c9028da5f801e207920576895677","messageTitle":"Refactor various files related to TaskItem to JennyTask","messageBody":"There is no consistency in the naming of several class files in the application.\n\nWe need to maintain a certain level of consistency for ease of future development.\n\nLet\u0027s refactor these files so that they are more consistent with what they represent.\n","fileTypesAndContributionMap":{"java":{"insertions":62,"deletions":62}}},{"hash":"841ad31b05297c0d4b89c12cbd8cccda3492a2d0","messageTitle":"Refactor various files related to TaskItem to JennyTask","messageBody":"There is no consistency in the naming of several class files in the application.\n\nWe need to maintain a certain level of consistency for ease of future development.\n\nLet\u0027s refactor these files so that they are more consistent with what they represent.\n","fileTypesAndContributionMap":{"java":{"insertions":11,"deletions":11}}},{"hash":"3ebdcea60158008656ad63f5b771fedcb3fdecc4","messageTitle":"Modify JennyBot.java and JennyStorage.java","messageBody":"There is no complete file I/O operation implementation for the JennyBot application.\n\nWe need to improve on the implementation for file I/O operations.\n\nLet\u0027s add functions save() and load() to manage file I/O operations in the JennyBot application.\n","fileTypesAndContributionMap":{"java":{"insertions":95,"deletions":56}}},{"hash":"78dc6738532479cb7bf01f9b156615b444469b55","messageTitle":"Modify JennyBot.java and JennyStorage.java","messageBody":"There is no complete file I/O operation implementation for the JennyBot application.\n\nWe need to improve on the implementation for file I/O operations.\n\nLet\u0027s add functions save() and load() to manage file I/O operations in the JennyBot application.\n","fileTypesAndContributionMap":{"txt":{"insertions":1,"deletions":0}}},{"hash":"0c7935fa6339d113be8676b781e897606f9be743","messageTitle":"Fix line indentations","messageBody":"","fileTypesAndContributionMap":{"java":{"insertions":23,"deletions":19}}},{"hash":"9b9ea099b612db0dace3aa21554d251cd9fec2ce","messageTitle":"Refactor and repackage various files","messageBody":"* JennyTask refactored to AbstractTask, moved to jenny.tasks.\n* DeadlineJennyTask refactored to Deadline, moved to jenny.tasks.\n* EventJennyTask refactored to Event, moved to jenny.tasks.\n* JennyPrinter refactored to Printer, moved to jenny.util.\n* JennyStorage refactored to Storage, moved to jenny.storage.\n* Removed DeadlineJennyTaskException.\n* Removed EventJennyTaskException.\n* Removed TodoJennyTaskException.\n* Added TaskException to replace the 3 above, moved to jenny.exceptions.\n* Moved JennyBot to jenny.\n","fileTypesAndContributionMap":{"java":{"insertions":358,"deletions":346}}},{"hash":"b46e24ba9e043ca8d2459b5baa0b7a73051a9a87","messageTitle":"Add Level-7 implementation","messageBody":"","fileTypesAndContributionMap":{"java":{"insertions":289,"deletions":211},"bat":{"insertions":3,"deletions":3}}},{"hash":"70ba55e7de288b710f8e49c9ce21b236719a0cd2","messageTitle":"Add DateTimeParser","messageBody":"","fileTypesAndContributionMap":{"java":{"insertions":9,"deletions":0}}},{"hash":"fa2e5e36166a0e1a66ad9cc614fe23715137b9a5","messageTitle":"Add DateTimeParser","messageBody":"","fileTypesAndContributionMap":{"java":{"insertions":1,"deletions":0}}},{"hash":"2de8c293f6e608ff83b3c7f7df1b11a0b67cd795","messageTitle":"Modify DateTimeParser","messageBody":"","fileTypesAndContributionMap":{"java":{"insertions":23,"deletions":0}}},{"hash":"9f7f50ad3be45304019763fda478de45c8f39f81","messageTitle":"Merge branch-Level-7 and branch Level-8","messageBody":"","fileTypesAndContributionMap":{"java":{"insertions":2,"deletions":0}}},{"hash":"4b958280c0342ed90d0d656d72374cfbcef51da4","messageTitle":"Merge branch-Level-7 and branch Level-8","messageBody":"","tags":["Level-8","Level-7"],"fileTypesAndContributionMap":{"java":{"insertions":2,"deletions":0}}},{"hash":"de238eb92eeca971119d29281b71907e365ac802","messageTitle":"Rename DateTimeParser to Validator","messageBody":"","fileTypesAndContributionMap":{"java":{"insertions":10,"deletions":8}}},{"hash":"b29b1036e6d3274890b15f3324541c87c2dd0fb6","messageTitle":"Add JennyException","messageBody":"","fileTypesAndContributionMap":{"java":{"insertions":22,"deletions":0}}},{"hash":"854233f3a9eb9027b616123af995b27ea7d8b1f4","messageTitle":"Modify Validator","messageBody":"* Can now parse dates.\n* Throws JennyException on parse failure.\n","fileTypesAndContributionMap":{"java":{"insertions":17,"deletions":23}}}]},{"date":"2022-08-26","commitResults":[{"hash":"65496f10f27449b51355c3e10424cfaa157b341e","messageTitle":"Add A-MoreOOP implementation","messageBody":"* Add AbstractCommand\n* Add ByeCommand\n* Add DeadlineCommand\n* Add DeleteCommand\n* Add EventCommand\n* Add InvalidCommand\n* Add ListCommand\n* Add LoadCommand\n* Add MarkCommand\n* Add SaveCommand\n* Add TodoCommand\n* Add UnmarkCommand\n* Modify AbstractStorage\n* Modify AbstractTask\n* Modify DeadlineTask\n* Modify EventTask\n* Modify JennyBot\n* Modify JennyException\n* Modify Printer\n* Modify TaskStorage\n* Modify TodoTask\n* Modify Validator\n* Add Parser\n* Add UserInterface\n* Moved various files to their respective packages\n","fileTypesAndContributionMap":{"java":{"insertions":606,"deletions":292}}},{"hash":"921ab472a16f10b4d7ad7b90731056646149c465","messageTitle":"Remove unused import packages","messageBody":"","fileTypesAndContributionMap":{"java":{"insertions":1,"deletions":7}}}]},{"date":"2022-08-28","commitResults":[{"hash":"0cf9aec7ce92c18951bfb359f1792e03e2894625","messageTitle":"Add implementation for A-MoreOOP and A-Packages","messageBody":"","tags":["A-Packages","A-MoreOOP"],"fileTypesAndContributionMap":{"java":{"insertions":764,"deletions":389}}},{"hash":"909930bd0234969bc5c5c9ef7ca092df837186b4","messageTitle":"Add JavaDoc for JennyBot","messageBody":"","fileTypesAndContributionMap":{"java":{"insertions":8,"deletions":0}}}]},{"date":"2022-08-30","commitResults":[{"hash":"cf07e704b57887d6e1913a21fba2dc1f3105c4b2","messageTitle":"Add files for A-Gradle","messageBody":"","tags":["A-Gradle"],"fileTypesAndContributionMap":{"gradle":{"insertions":2,"deletions":2}}},{"hash":"1533bccfa1aad3637a1cb1c99eaf9304de0f10bc","messageTitle":"Add files for checkstyle","messageBody":"","fileTypesAndContributionMap":{"gradle":{"insertions":10,"deletions":0}}},{"hash":"4fc8e475787d3dde2e6a5db2edf0011c9fb11558","messageTitle":"Add files for A-JUnit","messageBody":"","tags":["A-JUnit"],"fileTypesAndContributionMap":{"gradle":{"insertions":1,"deletions":1},"java":{"insertions":766,"deletions":0}}},{"hash":"4edc57f9f7e195a482673a99454b32d8e8358c2f","messageTitle":"Modify build.gradle","messageBody":"* Removed duplicate code\n","tags":["A-Jar"],"fileTypesAndContributionMap":{"gradle":{"insertions":1,"deletions":5}}},{"hash":"2996ef8a85944056a8e7460522008d8d57d3430e","messageTitle":"Add implementation for Level-9","messageBody":"* Add FindCommand\n* Add FindCommandTest\n* Modify Parser to use FindCommand\n* Modify Task to have getDescription\n* Modify TaskList to have filter\n","tags":["Level-9"],"fileTypesAndContributionMap":{"java":{"insertions":91,"deletions":5}}},{"hash":"a4336b53c2c26f4dd7e1e4a89014a47c5a81afe7","messageTitle":"Fix Java checkstyle violations","messageBody":"","tags":["A-CodingStandard"],"fileTypesAndContributionMap":{"java":{"insertions":109,"deletions":78},"md":{"insertions":5,"deletions":5}}},{"hash":"bf06fff91197dce32e78d7481d38da6778cc5488","messageTitle":"Add JavaDoc for ByeCommand","messageBody":"","tags":["A-JavaDoc"],"fileTypesAndContributionMap":{"java":{"insertions":26,"deletions":0}}},{"hash":"f5b23b6e4334a6762a67e1de0ef316bc7a455afb","messageTitle":"Fix checkstyle violations","messageBody":"","fileTypesAndContributionMap":{"gradle":{"insertions":1,"deletions":0},"java":{"insertions":23,"deletions":6}}},{"hash":"f757b33277892246fda8c917675bd58d73fe6095","messageTitle":"Modify README.md to use GFMD","messageBody":"","tags":["A-CheckStyle"],"fileTypesAndContributionMap":{"md":{"insertions":74,"deletions":24}}}]}]},"authorFileTypeContributionMap":{"deeyonn":{"java":2373,"md":68,"fxml":0,"sh":0,"bat":2,"gradle":9,"txt":31}},"authorContributionVariance":{"deeyonn":273361.72},"authorDisplayNameMap":{"deeyonn":"CS2103-F14-2 TAN ..DEON"}}
