{"authorDailyContributionsMap":{"KeithPJX":[{"date":"2022-08-15","commitResults":[{"hash":"f1c8660ec0091eec31110bc6652fca7203658b0b","messageTitle":"Change Duke to Gibson","messageBody":"","fileTypesAndContributionMap":{"java":{"insertions":11,"deletions":10}}},{"hash":"57010ab35cce8b85a00121ab64f23a7af17f4d3a","messageTitle":"Add echo and exit functions","messageBody":"","tags":["Level-1"],"fileTypesAndContributionMap":{"java":{"insertions":26,"deletions":2}}},{"hash":"5bbda216330ad345239e31f8780b30d4ca1cf8e0","messageTitle":"Add add and list functions","messageBody":"","tags":["Level-2"],"fileTypesAndContributionMap":{"java":{"insertions":12,"deletions":1}}},{"hash":"cbffd75da2a7f59e00386b6a9d44dfed13f45815","messageTitle":"Add Task class","messageBody":"","fileTypesAndContributionMap":{"java":{"insertions":30,"deletions":4}}},{"hash":"4af090ddf6c65c42ab076c9d735448e5c117268b","messageTitle":"Fix tasks not allowing spaces","messageBody":"","fileTypesAndContributionMap":{"java":{"insertions":2,"deletions":2}}},{"hash":"58b70e7d14400a0da33898ea1697283d2ac35dbf","messageTitle":"Add mark and unmark function","messageBody":"","tags":["Level-3"],"fileTypesAndContributionMap":{"java":{"insertions":34,"deletions":0}}},{"hash":"bcc257fea74b51b3e3e43c3b41e998d7f0fb4ac7","messageTitle":"Task.java: Add \"[T]\" in toString() method","messageBody":"","fileTypesAndContributionMap":{"java":{"insertions":6,"deletions":2}}},{"hash":"ee617955c4e2c1538af9f852065d16b7b6d6e35a","messageTitle":"Add Deadline and Event classes","messageBody":"","fileTypesAndContributionMap":{"java":{"insertions":36,"deletions":0}}},{"hash":"422ba9c3ad9a9f9b3efb846e3c9e212d9cf05202","messageTitle":"Gibson.java: Add todo command","messageBody":"","fileTypesAndContributionMap":{"java":{"insertions":12,"deletions":3}}},{"hash":"97fbaccdb440ce2ebed63dec33895216e50be5f2","messageTitle":"Gibson.java: Add deadline function","messageBody":"","fileTypesAndContributionMap":{"java":{"insertions":43,"deletions":18}}},{"hash":"83a58736274a98c62e401b3409bc278d1da0379a","messageTitle":"Gibson.java: Add event function","messageBody":"","tags":["Level-4"],"fileTypesAndContributionMap":{"java":{"insertions":6,"deletions":0}}},{"hash":"4c52e20a8ad5ee81ac383cdf83494af10c896657","messageTitle":"Gibson.java: Change command not recognized message","messageBody":"","fileTypesAndContributionMap":{"java":{"insertions":1,"deletions":1}}},{"hash":"c7adf5943c69ab52b5b1a0962a5bbd2c7683c5a1","messageTitle":"Add test in /text-ui-test/","messageBody":"","tags":["A-TextUiTesting"],"fileTypesAndContributionMap":{"txt":{"insertions":10,"deletions":0},"bat":{"insertions":1,"deletions":1}}},{"hash":"604b74ea60f2ec37712bb29d6fddcf57a8468f26","messageTitle":"Add numerous exception handling throughout the program","messageBody":"","tags":["Level-5"],"fileTypesAndContributionMap":{"java":{"insertions":83,"deletions":20}}},{"hash":"b5fc5dce3e59aefb172bab32a3cfd72f3058beef","messageTitle":"Gibson.java: Fix bug with subStringBeforeAfterToken() introduced in previous commit","messageBody":"","fileTypesAndContributionMap":{"java":{"insertions":1,"deletions":1}}},{"hash":"90fff5064d95ebb093d43856c3790c44d7763c7a","messageTitle":"Add delete function","messageBody":"","tags":["Level-6"],"fileTypesAndContributionMap":{"java":{"insertions":15,"deletions":1}}},{"hash":"6b24c024d755b571f9195a59082ff4b83c309c05","messageTitle":"Fix IndexOutOfBounds exceptions with mark, unmark, and delete functions","messageBody":"","fileTypesAndContributionMap":{"java":{"insertions":14,"deletions":11}}}]}]},"authorFileTypeContributionMap":{"KeithPJX":{"java":266,"md":0,"fxml":0,"sh":0,"bat":1,"gradle":0,"txt":10}},"authorContributionVariance":{"KeithPJX":33075.0},"authorDisplayNameMap":{"KeithPJX":"KEIT.. XIN"}}
