{"authorDailyContributionsMap":{"liviamil":[{"date":"2022-08-17","commitResults":[{"hash":"6589b169c36178738a8331b2dd0a49df68ead641","messageTitle":"Level-1: Greet, Echo, Exit","messageBody":"","tags":["Level-1"],"fileTypesAndContributionMap":{"java":{"insertions":31,"deletions":0}}},{"hash":"9b87ab9c94890eca8a8a08612d2c80f8cb2d3a1e","messageTitle":"Level-2: Add, List","messageBody":"","tags":["Level-2"],"fileTypesAndContributionMap":{"java":{"insertions":0,"deletions":10}}},{"hash":"6d29ca2bf532e753a8f35b35392af53c376b393b","messageTitle":"Level-2: Add, List (corrected)","messageBody":"","fileTypesAndContributionMap":{"java":{"insertions":23,"deletions":4}}},{"hash":"750104cf1708fa1bfcca08c8889c436f9b4b431f","messageTitle":"Level-3: Mark as Done","messageBody":"","tags":["Level-3"],"fileTypesAndContributionMap":{"java":{"insertions":76,"deletions":6}}}]},{"date":"2022-08-18","commitResults":[{"hash":"ff300c97b3469156a1f4e93b4aab3f0cc3055a64","messageTitle":"Level-4: ToDo, Event, Deadline","messageBody":"","tags":["Level-4"],"fileTypesAndContributionMap":{"java":{"insertions":84,"deletions":14}}},{"hash":"ad47740d0f0cd488dce292f23365a47a56226a42","messageTitle":"Modified Events and Deadline","messageBody":"","fileTypesAndContributionMap":{"java":{"insertions":18,"deletions":6}}},{"hash":"34fa04448508dbc33b133c8ff8f3e0627aff936f","messageTitle":"Fixed scanner","messageBody":"","fileTypesAndContributionMap":{"java":{"insertions":3,"deletions":2}}},{"hash":"ed013389c6a8b83869ebfcfdbad969f2a984c51c","messageTitle":"A-TextUiTesting","messageBody":"","tags":["A-TextUiTesting"],"fileTypesAndContributionMap":{"txt":{"insertions":9,"deletions":0},"bat":{"insertions":2,"deletions":2}}},{"hash":"9d3658cb82b1770e507fe29f41344796a55cd96a","messageTitle":"Level-5: Handle Errors","messageBody":"","tags":["Level-5"],"fileTypesAndContributionMap":{"java":{"insertions":162,"deletions":88}}},{"hash":"5c17c1c12698d52fd7892cc9e999a66daf4cba79","messageTitle":"Level-6: Delete","messageBody":"","tags":["Level-6"],"fileTypesAndContributionMap":{"java":{"insertions":20,"deletions":1}}}]},{"date":"2022-08-24","commitResults":[{"hash":"dbea1c2fbdb72218fae1599472173b9a04276ff3","messageTitle":"Adds Enum and fixes border printing","messageBody":"","fileTypesAndContributionMap":{"java":{"insertions":54,"deletions":60}}}]},{"date":"2022-08-25","commitResults":[{"hash":"453d6fdcb931b3f55eccd7d2286b6d8b016cb646","messageTitle":"Fixes more printing bugs","messageBody":"","tags":["A-Enums"],"fileTypesAndContributionMap":{"java":{"insertions":12,"deletions":17}}},{"hash":"50e5cf06b30c19e2f16b7b8d4a4034aa4d7e06f1","messageTitle":"Adds read file and save file function","messageBody":"","fileTypesAndContributionMap":{"txt":{"insertions":0,"deletions":0},"java":{"insertions":194,"deletions":24}}}]},{"date":"2022-08-26","commitResults":[{"hash":"554e4f9159969c1bd76f8311254bdc72351f153c","messageTitle":"Fixes bugs","messageBody":"","fileTypesAndContributionMap":{"txt":{"insertions":1,"deletions":0},"java":{"insertions":42,"deletions":27}}},{"hash":"d146c04cc223bcb110f2fe4acdaf0a682e974a86","messageTitle":"Fixes NumberFormatException","messageBody":"","tags":["Level-7"],"fileTypesAndContributionMap":{"txt":{"insertions":4,"deletions":0},"java":{"insertions":7,"deletions":26}}}]},{"date":"2022-08-27","commitResults":[{"hash":"763c3786abc2c7b1a343c1ac57c1b627a6b01080","messageTitle":"Adds Dates and Times","messageBody":"","tags":["Level-8"],"fileTypesAndContributionMap":{"java":{"insertions":18,"deletions":0}}},{"hash":"7d954f66863fe23f193cf59fe5d76d0a0a55a8f1","messageTitle":"Merges branch level-7 to master","messageBody":"","fileTypesAndContributionMap":{"java":{"insertions":6,"deletions":0}}},{"hash":"4c5bcfcc940437b96757cd4c78ad59a5a461ff2d","messageTitle":"Merges branch level-8 to master","messageBody":"","fileTypesAndContributionMap":{"java":{"insertions":0,"deletions":2}}}]},{"date":"2022-08-31","commitResults":[{"hash":"7c2264b088c3d7a5c8abcbf0d51f8626861fcd11","messageTitle":"Adds Storage, TaskList, Ui skeleton classes","messageBody":"","fileTypesAndContributionMap":{"java":{"insertions":10,"deletions":0}}}]},{"date":"2022-09-01","commitResults":[{"hash":"3f058c18de969eb8721f7245c22226df6a724cb2","messageTitle":"edits classes","messageBody":"","fileTypesAndContributionMap":{"java":{"insertions":215,"deletions":101}}},{"hash":"2cb1c181c5c7df7155ce12c8254bef10798be05a","messageTitle":"fixes printing","messageBody":"","fileTypesAndContributionMap":{"txt":{"insertions":1,"deletions":4},"java":{"insertions":0,"deletions":1}}}]},{"date":"2022-09-02","commitResults":[{"hash":"bab2888c6fc7c128b0a35fa21838e2b35f333522","messageTitle":"Adds More Classes","messageBody":"","tags":["A-MoreOOP"],"fileTypesAndContributionMap":{"java":{"insertions":396,"deletions":275}}},{"hash":"83fffb6e91e5abf8e35dc04cc30bb9fd83a12775","messageTitle":"organizes into Packages","messageBody":"","fileTypesAndContributionMap":{"java":{"insertions":136,"deletions":56}}},{"hash":"03a9043560caa2285f36ccf8a32728f740e57716","messageTitle":"Relocates Sally.java","messageBody":"","tags":["A-Packages"],"fileTypesAndContributionMap":{"java":{"insertions":9,"deletions":0}}}]},{"date":"2022-09-08","commitResults":[{"hash":"515f04fcb4fd01b27f8d7750657a74574ccf2943","messageTitle":"Adds java docs","messageBody":"","fileTypesAndContributionMap":{"java":{"insertions":21,"deletions":6}}},{"hash":"b7dee3f61b448ee3ab37910a7108b717befd4c19","messageTitle":"Completes class javadocs","messageBody":"","fileTypesAndContributionMap":{"java":{"insertions":79,"deletions":0}}}]}]},"authorFileTypeContributionMap":{"liviamil":{"java":897,"md":0,"fxml":0,"sh":0,"bat":2,"gradle":0,"txt":11}},"authorContributionVariance":{"liviamil":34042.746},"authorDisplayNameMap":{"liviamil":"CS2103T-T08-3 LIVI.. LEO"}}
