[{"path":"src/main/java/Duke.java","fileType":"java","lines":[{"lineNumber":1,"author":{"gitId":"chengda300"},"content":"import java.util.Scanner;","lastModifiedDate":"2022-08-16"},{"lineNumber":2,"author":{"gitId":"chengda300"},"content":"import java.util.ArrayList;","lastModifiedDate":"2022-08-19"},{"lineNumber":3,"author":{"gitId":"chengda300"},"content":"","lastModifiedDate":"2022-08-16"},{"lineNumber":4,"author":{"gitId":"-"},"content":"public class Duke {","lastModifiedDate":"2019-07-29"},{"lineNumber":5,"author":{"gitId":"chengda300"},"content":"    static boolean running \u003d true;","lastModifiedDate":"2022-08-19"},{"lineNumber":6,"author":{"gitId":"chengda300"},"content":"    static ArrayList\u003cTask\u003e tasks \u003d new ArrayList\u003c\u003e();","lastModifiedDate":"2022-08-19"},{"lineNumber":7,"author":{"gitId":"chengda300"},"content":"    static Scanner sc \u003d new Scanner(System.in);","lastModifiedDate":"2022-08-19"},{"lineNumber":8,"author":{"gitId":"chengda300"},"content":"    public void addTodo(String s) {","lastModifiedDate":"2022-08-19"},{"lineNumber":9,"author":{"gitId":"chengda300"},"content":"        Todo t \u003d new Todo(s);","lastModifiedDate":"2022-08-19"},{"lineNumber":10,"author":{"gitId":"chengda300"},"content":"        tasks.add(t);","lastModifiedDate":"2022-08-19"},{"lineNumber":11,"author":{"gitId":"chengda300"},"content":"        System.out.println(\"added: \" + t);","lastModifiedDate":"2022-08-19"},{"lineNumber":12,"author":{"gitId":"chengda300"},"content":"        System.out.println(\"You have \" + tasks.size() + \" tasks in the list now\");","lastModifiedDate":"2022-08-19"},{"lineNumber":13,"author":{"gitId":"chengda300"},"content":"    }","lastModifiedDate":"2022-08-19"},{"lineNumber":14,"author":{"gitId":"chengda300"},"content":"","lastModifiedDate":"2022-08-19"},{"lineNumber":15,"author":{"gitId":"chengda300"},"content":"    public void addDeadline(String s, String by) {","lastModifiedDate":"2022-08-19"},{"lineNumber":16,"author":{"gitId":"chengda300"},"content":"        Deadline t \u003d new Deadline(s, by);","lastModifiedDate":"2022-08-19"},{"lineNumber":17,"author":{"gitId":"chengda300"},"content":"        tasks.add(t);","lastModifiedDate":"2022-08-19"},{"lineNumber":18,"author":{"gitId":"chengda300"},"content":"        System.out.println(\"added: \" + t);","lastModifiedDate":"2022-08-19"},{"lineNumber":19,"author":{"gitId":"chengda300"},"content":"        System.out.println(\"You have \" + tasks.size() + \" tasks in the list now\");","lastModifiedDate":"2022-08-19"},{"lineNumber":20,"author":{"gitId":"chengda300"},"content":"    }","lastModifiedDate":"2022-08-19"},{"lineNumber":21,"author":{"gitId":"chengda300"},"content":"","lastModifiedDate":"2022-08-19"},{"lineNumber":22,"author":{"gitId":"chengda300"},"content":"    public void addEvent(String s, String at) {","lastModifiedDate":"2022-08-19"},{"lineNumber":23,"author":{"gitId":"chengda300"},"content":"        Event t \u003d new Event(s, at);","lastModifiedDate":"2022-08-19"},{"lineNumber":24,"author":{"gitId":"chengda300"},"content":"        tasks.add(t);","lastModifiedDate":"2022-08-19"},{"lineNumber":25,"author":{"gitId":"chengda300"},"content":"        System.out.println(\"added: \" + t);","lastModifiedDate":"2022-08-19"},{"lineNumber":26,"author":{"gitId":"chengda300"},"content":"        System.out.println(\"You have \" + tasks.size() + \" tasks in the list now\");","lastModifiedDate":"2022-08-19"},{"lineNumber":27,"author":{"gitId":"chengda300"},"content":"    }","lastModifiedDate":"2022-08-19"},{"lineNumber":28,"author":{"gitId":"chengda300"},"content":"","lastModifiedDate":"2022-08-19"},{"lineNumber":29,"author":{"gitId":"chengda300"},"content":"    public void getList() {","lastModifiedDate":"2022-08-19"},{"lineNumber":30,"author":{"gitId":"chengda300"},"content":"        for (int i \u003d 0; i \u003c tasks.size(); i++) {","lastModifiedDate":"2022-08-19"},{"lineNumber":31,"author":{"gitId":"chengda300"},"content":"            System.out.println(i + 1 + \".\" + tasks.get(i));","lastModifiedDate":"2022-08-19"},{"lineNumber":32,"author":{"gitId":"chengda300"},"content":"        }","lastModifiedDate":"2022-08-19"},{"lineNumber":33,"author":{"gitId":"chengda300"},"content":"        System.out.println(\"There are \" + tasks.size() + \" tasks in the list.\");","lastModifiedDate":"2022-08-19"},{"lineNumber":34,"author":{"gitId":"chengda300"},"content":"    }","lastModifiedDate":"2022-08-19"},{"lineNumber":35,"author":{"gitId":"chengda300"},"content":"","lastModifiedDate":"2022-08-19"},{"lineNumber":36,"author":{"gitId":"chengda300"},"content":"    public void mark(Task t) {","lastModifiedDate":"2022-08-19"},{"lineNumber":37,"author":{"gitId":"chengda300"},"content":"        t.mark(t);","lastModifiedDate":"2022-08-19"},{"lineNumber":38,"author":{"gitId":"chengda300"},"content":"    }","lastModifiedDate":"2022-08-19"},{"lineNumber":39,"author":{"gitId":"chengda300"},"content":"","lastModifiedDate":"2022-08-19"},{"lineNumber":40,"author":{"gitId":"chengda300"},"content":"    public void unmark(Task t) {","lastModifiedDate":"2022-08-19"},{"lineNumber":41,"author":{"gitId":"chengda300"},"content":"        t.unmark(t);","lastModifiedDate":"2022-08-19"},{"lineNumber":42,"author":{"gitId":"chengda300"},"content":"    }","lastModifiedDate":"2022-08-19"},{"lineNumber":43,"author":{"gitId":"chengda300"},"content":"","lastModifiedDate":"2022-08-19"},{"lineNumber":44,"author":{"gitId":"chengda300"},"content":"    public void delete(int i) {","lastModifiedDate":"2022-08-19"},{"lineNumber":45,"author":{"gitId":"chengda300"},"content":"        Task t \u003d tasks.get(i);","lastModifiedDate":"2022-08-19"},{"lineNumber":46,"author":{"gitId":"chengda300"},"content":"        tasks.remove(i);","lastModifiedDate":"2022-08-19"},{"lineNumber":47,"author":{"gitId":"chengda300"},"content":"        System.out.println(\"I have deleted this task:\\n  \" + t + \"\\n\"","lastModifiedDate":"2022-08-19"},{"lineNumber":48,"author":{"gitId":"chengda300"},"content":"                + \"Now you have \" + tasks.size() + \" tasks on the list.\");","lastModifiedDate":"2022-08-19"},{"lineNumber":49,"author":{"gitId":"chengda300"},"content":"    }","lastModifiedDate":"2022-08-19"},{"lineNumber":50,"author":{"gitId":"chengda300"},"content":"    //@@author chengda300","lastModifiedDate":"2022-08-19"},{"lineNumber":51,"author":{"gitId":"chengda300"},"content":"    //Reused from https://nus-cs2103-ay2223s1.github.io/website/schedule/week2/project.html","lastModifiedDate":"2022-08-19"},{"lineNumber":52,"author":{"gitId":"chengda300"},"content":"    // with minor modifications","lastModifiedDate":"2022-08-19"},{"lineNumber":53,"author":{"gitId":"chengda300"},"content":"    public class Task {","lastModifiedDate":"2022-08-19"},{"lineNumber":54,"author":{"gitId":"chengda300"},"content":"        protected boolean isDone;","lastModifiedDate":"2022-08-19"},{"lineNumber":55,"author":{"gitId":"chengda300"},"content":"        protected String description;","lastModifiedDate":"2022-08-19"},{"lineNumber":56,"author":{"gitId":"chengda300"},"content":"","lastModifiedDate":"2022-08-19"},{"lineNumber":57,"author":{"gitId":"chengda300"},"content":"        public Task(String desc) {","lastModifiedDate":"2022-08-19"},{"lineNumber":58,"author":{"gitId":"chengda300"},"content":"            this.description \u003d desc;","lastModifiedDate":"2022-08-19"},{"lineNumber":59,"author":{"gitId":"chengda300"},"content":"            this.isDone \u003d false;","lastModifiedDate":"2022-08-19"},{"lineNumber":60,"author":{"gitId":"chengda300"},"content":"        }","lastModifiedDate":"2022-08-19"},{"lineNumber":61,"author":{"gitId":"chengda300"},"content":"","lastModifiedDate":"2022-08-19"},{"lineNumber":62,"author":{"gitId":"chengda300"},"content":"        public String getStatusIcon() {","lastModifiedDate":"2022-08-19"},{"lineNumber":63,"author":{"gitId":"chengda300"},"content":"            return isDone ? \"X\" : \" \";","lastModifiedDate":"2022-08-19"},{"lineNumber":64,"author":{"gitId":"chengda300"},"content":"        }","lastModifiedDate":"2022-08-19"},{"lineNumber":65,"author":{"gitId":"chengda300"},"content":"","lastModifiedDate":"2022-08-19"},{"lineNumber":66,"author":{"gitId":"chengda300"},"content":"        public void mark(Task t) {","lastModifiedDate":"2022-08-19"},{"lineNumber":67,"author":{"gitId":"chengda300"},"content":"            t.isDone \u003d true;","lastModifiedDate":"2022-08-19"},{"lineNumber":68,"author":{"gitId":"chengda300"},"content":"            System.out.println(\"Successfully marked this task as done: \" + t);","lastModifiedDate":"2022-08-19"},{"lineNumber":69,"author":{"gitId":"chengda300"},"content":"        }","lastModifiedDate":"2022-08-19"},{"lineNumber":70,"author":{"gitId":"chengda300"},"content":"","lastModifiedDate":"2022-08-19"},{"lineNumber":71,"author":{"gitId":"chengda300"},"content":"        public void unmark(Task t) {","lastModifiedDate":"2022-08-19"},{"lineNumber":72,"author":{"gitId":"chengda300"},"content":"            t.isDone \u003d false;","lastModifiedDate":"2022-08-19"},{"lineNumber":73,"author":{"gitId":"chengda300"},"content":"            System.out.println(\"Successfully marked this task as not done: \" + t);","lastModifiedDate":"2022-08-19"},{"lineNumber":74,"author":{"gitId":"chengda300"},"content":"        }","lastModifiedDate":"2022-08-19"},{"lineNumber":75,"author":{"gitId":"chengda300"},"content":"","lastModifiedDate":"2022-08-19"},{"lineNumber":76,"author":{"gitId":"chengda300"},"content":"        @Override","lastModifiedDate":"2022-08-19"},{"lineNumber":77,"author":{"gitId":"chengda300"},"content":"        public String toString() {","lastModifiedDate":"2022-08-19"},{"lineNumber":78,"author":{"gitId":"chengda300"},"content":"            return \"[\" + this.getStatusIcon() + \"] \" + this.description;","lastModifiedDate":"2022-08-19"},{"lineNumber":79,"author":{"gitId":"chengda300"},"content":"        }","lastModifiedDate":"2022-08-19"},{"lineNumber":80,"author":{"gitId":"chengda300"},"content":"    }","lastModifiedDate":"2022-08-19"},{"lineNumber":81,"author":{"gitId":"chengda300"},"content":"","lastModifiedDate":"2022-08-19"},{"lineNumber":82,"author":{"gitId":"chengda300"},"content":"    public class Deadline extends Task {","lastModifiedDate":"2022-08-19"},{"lineNumber":83,"author":{"gitId":"chengda300"},"content":"","lastModifiedDate":"2022-08-19"},{"lineNumber":84,"author":{"gitId":"chengda300"},"content":"        protected String by;","lastModifiedDate":"2022-08-19"},{"lineNumber":85,"author":{"gitId":"chengda300"},"content":"","lastModifiedDate":"2022-08-19"},{"lineNumber":86,"author":{"gitId":"chengda300"},"content":"        public Deadline(String description, String by) {","lastModifiedDate":"2022-08-19"},{"lineNumber":87,"author":{"gitId":"chengda300"},"content":"            super(description);","lastModifiedDate":"2022-08-19"},{"lineNumber":88,"author":{"gitId":"chengda300"},"content":"            this.by \u003d by;","lastModifiedDate":"2022-08-19"},{"lineNumber":89,"author":{"gitId":"chengda300"},"content":"        }","lastModifiedDate":"2022-08-19"},{"lineNumber":90,"author":{"gitId":"chengda300"},"content":"","lastModifiedDate":"2022-08-19"},{"lineNumber":91,"author":{"gitId":"chengda300"},"content":"        @Override","lastModifiedDate":"2022-08-19"},{"lineNumber":92,"author":{"gitId":"chengda300"},"content":"        public String toString() {","lastModifiedDate":"2022-08-19"},{"lineNumber":93,"author":{"gitId":"chengda300"},"content":"            return \"[D]\" + super.toString() + \" (by: \" + this.by + \")\";","lastModifiedDate":"2022-08-19"},{"lineNumber":94,"author":{"gitId":"chengda300"},"content":"        }","lastModifiedDate":"2022-08-19"},{"lineNumber":95,"author":{"gitId":"chengda300"},"content":"    }","lastModifiedDate":"2022-08-19"},{"lineNumber":96,"author":{"gitId":"chengda300"},"content":"","lastModifiedDate":"2022-08-19"},{"lineNumber":97,"author":{"gitId":"chengda300"},"content":"    public class Todo extends Task {","lastModifiedDate":"2022-08-19"},{"lineNumber":98,"author":{"gitId":"chengda300"},"content":"        public Todo(String description) {","lastModifiedDate":"2022-08-19"},{"lineNumber":99,"author":{"gitId":"chengda300"},"content":"            super(description);","lastModifiedDate":"2022-08-19"},{"lineNumber":100,"author":{"gitId":"chengda300"},"content":"        }","lastModifiedDate":"2022-08-19"},{"lineNumber":101,"author":{"gitId":"chengda300"},"content":"","lastModifiedDate":"2022-08-19"},{"lineNumber":102,"author":{"gitId":"chengda300"},"content":"        @Override","lastModifiedDate":"2022-08-19"},{"lineNumber":103,"author":{"gitId":"chengda300"},"content":"        public String toString() {","lastModifiedDate":"2022-08-19"},{"lineNumber":104,"author":{"gitId":"chengda300"},"content":"            return \"[T]\" + super.toString();","lastModifiedDate":"2022-08-19"},{"lineNumber":105,"author":{"gitId":"chengda300"},"content":"        }","lastModifiedDate":"2022-08-19"},{"lineNumber":106,"author":{"gitId":"chengda300"},"content":"    }","lastModifiedDate":"2022-08-19"},{"lineNumber":107,"author":{"gitId":"chengda300"},"content":"","lastModifiedDate":"2022-08-19"},{"lineNumber":108,"author":{"gitId":"chengda300"},"content":"    public class Event extends Task {","lastModifiedDate":"2022-08-19"},{"lineNumber":109,"author":{"gitId":"chengda300"},"content":"","lastModifiedDate":"2022-08-19"},{"lineNumber":110,"author":{"gitId":"chengda300"},"content":"        protected String at;","lastModifiedDate":"2022-08-19"},{"lineNumber":111,"author":{"gitId":"chengda300"},"content":"","lastModifiedDate":"2022-08-19"},{"lineNumber":112,"author":{"gitId":"chengda300"},"content":"        public Event(String description, String at) {","lastModifiedDate":"2022-08-19"},{"lineNumber":113,"author":{"gitId":"chengda300"},"content":"            super(description);","lastModifiedDate":"2022-08-19"},{"lineNumber":114,"author":{"gitId":"chengda300"},"content":"            this.at \u003d at;","lastModifiedDate":"2022-08-19"},{"lineNumber":115,"author":{"gitId":"chengda300"},"content":"        }","lastModifiedDate":"2022-08-19"},{"lineNumber":116,"author":{"gitId":"chengda300"},"content":"","lastModifiedDate":"2022-08-19"},{"lineNumber":117,"author":{"gitId":"chengda300"},"content":"        @Override","lastModifiedDate":"2022-08-19"},{"lineNumber":118,"author":{"gitId":"chengda300"},"content":"        public String toString() {","lastModifiedDate":"2022-08-19"},{"lineNumber":119,"author":{"gitId":"chengda300"},"content":"            return \"[E]\" + super.toString() + \" (at: \" + this.at + \")\";","lastModifiedDate":"2022-08-19"},{"lineNumber":120,"author":{"gitId":"chengda300"},"content":"        }","lastModifiedDate":"2022-08-19"},{"lineNumber":121,"author":{"gitId":"chengda300"},"content":"    }","lastModifiedDate":"2022-08-19"},{"lineNumber":122,"author":{"gitId":"chengda300"},"content":"    //@@author","lastModifiedDate":"2022-08-19"},{"lineNumber":123,"author":{"gitId":"chengda300"},"content":"","lastModifiedDate":"2022-08-19"},{"lineNumber":124,"author":{"gitId":"chengda300"},"content":"    public class DukeException extends Exception {","lastModifiedDate":"2022-08-19"},{"lineNumber":125,"author":{"gitId":"chengda300"},"content":"        public DukeException(String message) {","lastModifiedDate":"2022-08-19"},{"lineNumber":126,"author":{"gitId":"chengda300"},"content":"            super(message);","lastModifiedDate":"2022-08-19"},{"lineNumber":127,"author":{"gitId":"chengda300"},"content":"        }","lastModifiedDate":"2022-08-19"},{"lineNumber":128,"author":{"gitId":"chengda300"},"content":"","lastModifiedDate":"2022-08-19"},{"lineNumber":129,"author":{"gitId":"chengda300"},"content":"        public class MissingFieldException extends DukeException {","lastModifiedDate":"2022-08-19"},{"lineNumber":130,"author":{"gitId":"chengda300"},"content":"            public MissingFieldException(String message) {","lastModifiedDate":"2022-08-19"},{"lineNumber":131,"author":{"gitId":"chengda300"},"content":"                super(message);","lastModifiedDate":"2022-08-19"},{"lineNumber":132,"author":{"gitId":"chengda300"},"content":"            }","lastModifiedDate":"2022-08-19"},{"lineNumber":133,"author":{"gitId":"chengda300"},"content":"        }","lastModifiedDate":"2022-08-19"},{"lineNumber":134,"author":{"gitId":"chengda300"},"content":"    }","lastModifiedDate":"2022-08-19"},{"lineNumber":135,"author":{"gitId":"chengda300"},"content":"","lastModifiedDate":"2022-08-19"},{"lineNumber":136,"author":{"gitId":"-"},"content":"    public static void main(String[] args) {","lastModifiedDate":"2019-07-29"},{"lineNumber":137,"author":{"gitId":"chengda300"},"content":"        Duke d \u003d new Duke();","lastModifiedDate":"2022-08-19"},{"lineNumber":138,"author":{"gitId":"-"},"content":"        String logo \u003d \" ____            _\\n\"","lastModifiedDate":"2019-07-29"},{"lineNumber":139,"author":{"gitId":"chengda300"},"content":"                + \"|  _ \\\\ _   _  __| | ___\\n\"","lastModifiedDate":"2022-08-16"},{"lineNumber":140,"author":{"gitId":"chengda300"},"content":"                + \"| | | | | | |/ _  |/ _ \\\\\\n\"","lastModifiedDate":"2022-08-16"},{"lineNumber":141,"author":{"gitId":"chengda300"},"content":"                + \"| |_| | |_| | |_| |  __/\\n\"","lastModifiedDate":"2022-08-16"},{"lineNumber":142,"author":{"gitId":"chengda300"},"content":"                + \"|____/ \\\\__,_|\\\\__,_|\\\\___|\\n\";","lastModifiedDate":"2022-08-16"},{"lineNumber":143,"author":{"gitId":"-"},"content":"        System.out.println(\"Hello from\\n\" + logo);","lastModifiedDate":"2019-07-29"},{"lineNumber":144,"author":{"gitId":"chengda300"},"content":"        while (d.running) {","lastModifiedDate":"2022-08-19"},{"lineNumber":145,"author":{"gitId":"chengda300"},"content":"            String input \u003d d.sc.nextLine();","lastModifiedDate":"2022-08-19"},{"lineNumber":146,"author":{"gitId":"chengda300"},"content":"            if (input.equals(\"bye\")) {","lastModifiedDate":"2022-08-16"},{"lineNumber":147,"author":{"gitId":"chengda300"},"content":"                System.out.println(\"Byebye! See you again soon!\");","lastModifiedDate":"2022-08-19"},{"lineNumber":148,"author":{"gitId":"chengda300"},"content":"                d.running \u003d false;","lastModifiedDate":"2022-08-19"},{"lineNumber":149,"author":{"gitId":"chengda300"},"content":"            } else if (input.equals(\"list\")) {","lastModifiedDate":"2022-08-19"},{"lineNumber":150,"author":{"gitId":"chengda300"},"content":"                d.getList();","lastModifiedDate":"2022-08-19"},{"lineNumber":151,"author":{"gitId":"chengda300"},"content":"            } else if (input.startsWith(\"mark\")) {","lastModifiedDate":"2022-08-19"},{"lineNumber":152,"author":{"gitId":"chengda300"},"content":"                try {","lastModifiedDate":"2022-08-19"},{"lineNumber":153,"author":{"gitId":"chengda300"},"content":"                    int index \u003d Integer.parseInt(input.substring(5)) - 1;","lastModifiedDate":"2022-08-19"},{"lineNumber":154,"author":{"gitId":"chengda300"},"content":"                    if (index \u003e\u003d tasks.size() || index \u003c 0) {","lastModifiedDate":"2022-08-19"},{"lineNumber":155,"author":{"gitId":"chengda300"},"content":"                        System.out.println(\"I cannot mark a task that does not exist!\");","lastModifiedDate":"2022-08-19"},{"lineNumber":156,"author":{"gitId":"chengda300"},"content":"                    } else {","lastModifiedDate":"2022-08-19"},{"lineNumber":157,"author":{"gitId":"chengda300"},"content":"                        Task t \u003d tasks.get(index);","lastModifiedDate":"2022-08-19"},{"lineNumber":158,"author":{"gitId":"chengda300"},"content":"                        d.mark(t);","lastModifiedDate":"2022-08-19"},{"lineNumber":159,"author":{"gitId":"chengda300"},"content":"                    }","lastModifiedDate":"2022-08-19"},{"lineNumber":160,"author":{"gitId":"chengda300"},"content":"                } catch (NumberFormatException e) {","lastModifiedDate":"2022-08-19"},{"lineNumber":161,"author":{"gitId":"chengda300"},"content":"                    System.out.println(\"I cannot mark a task that does not exist!\");","lastModifiedDate":"2022-08-19"},{"lineNumber":162,"author":{"gitId":"chengda300"},"content":"                }","lastModifiedDate":"2022-08-19"},{"lineNumber":163,"author":{"gitId":"chengda300"},"content":"            } else if (input.startsWith(\"unmark\")) {","lastModifiedDate":"2022-08-19"},{"lineNumber":164,"author":{"gitId":"chengda300"},"content":"                try {","lastModifiedDate":"2022-08-19"},{"lineNumber":165,"author":{"gitId":"chengda300"},"content":"                    int index \u003d Integer.parseInt(input.substring(7)) - 1;","lastModifiedDate":"2022-08-19"},{"lineNumber":166,"author":{"gitId":"chengda300"},"content":"                    if (index \u003e\u003d tasks.size() || index \u003c 0) {","lastModifiedDate":"2022-08-19"},{"lineNumber":167,"author":{"gitId":"chengda300"},"content":"                        System.out.println(\"I cannot unmark a task that does not exist!\");","lastModifiedDate":"2022-08-19"},{"lineNumber":168,"author":{"gitId":"chengda300"},"content":"                    } else {","lastModifiedDate":"2022-08-19"},{"lineNumber":169,"author":{"gitId":"chengda300"},"content":"                        Task t \u003d tasks.get(index);","lastModifiedDate":"2022-08-19"},{"lineNumber":170,"author":{"gitId":"chengda300"},"content":"                        d.unmark(t);","lastModifiedDate":"2022-08-19"},{"lineNumber":171,"author":{"gitId":"chengda300"},"content":"                    }","lastModifiedDate":"2022-08-19"},{"lineNumber":172,"author":{"gitId":"chengda300"},"content":"                } catch (NumberFormatException e) {","lastModifiedDate":"2022-08-19"},{"lineNumber":173,"author":{"gitId":"chengda300"},"content":"                    System.out.println(\"I cannot unmark a task that does not exist!\");","lastModifiedDate":"2022-08-19"},{"lineNumber":174,"author":{"gitId":"chengda300"},"content":"                }","lastModifiedDate":"2022-08-19"},{"lineNumber":175,"author":{"gitId":"chengda300"},"content":"            } else if (input.startsWith(\"todo\")) {","lastModifiedDate":"2022-08-19"},{"lineNumber":176,"author":{"gitId":"chengda300"},"content":"                if (input.length() \u003c 6) {","lastModifiedDate":"2022-08-19"},{"lineNumber":177,"author":{"gitId":"chengda300"},"content":"                    System.out.println(\"The task is empty! What do you mean exactly?\");","lastModifiedDate":"2022-08-19"},{"lineNumber":178,"author":{"gitId":"chengda300"},"content":"                } else {","lastModifiedDate":"2022-08-16"},{"lineNumber":179,"author":{"gitId":"chengda300"},"content":"                    d.addTodo(input.substring(5));","lastModifiedDate":"2022-08-19"},{"lineNumber":180,"author":{"gitId":"chengda300"},"content":"                }","lastModifiedDate":"2022-08-19"},{"lineNumber":181,"author":{"gitId":"chengda300"},"content":"            } else if (input.startsWith(\"deadline\")) {","lastModifiedDate":"2022-08-19"},{"lineNumber":182,"author":{"gitId":"chengda300"},"content":"                if (! input.contains(\"/by\")) {","lastModifiedDate":"2022-08-19"},{"lineNumber":183,"author":{"gitId":"chengda300"},"content":"                    System.out.println(\"Specify a deadline type task by typing \"","lastModifiedDate":"2022-08-19"},{"lineNumber":184,"author":{"gitId":"chengda300"},"content":"                            + \"deadline \u003ctask\u003e /by \u003cdeadline\u003e\");","lastModifiedDate":"2022-08-19"},{"lineNumber":185,"author":{"gitId":"chengda300"},"content":"                } else if (input.indexOf(\"/by\") \u003c 11) {","lastModifiedDate":"2022-08-19"},{"lineNumber":186,"author":{"gitId":"chengda300"},"content":"                    System.out.println(\"You did not specify a task.\");","lastModifiedDate":"2022-08-19"},{"lineNumber":187,"author":{"gitId":"chengda300"},"content":"                } else if (input.indexOf(\"/by\") + 4 \u003e\u003d input.length()) {","lastModifiedDate":"2022-08-19"},{"lineNumber":188,"author":{"gitId":"chengda300"},"content":"                    System.out.println(\"You did not specify a deadline.\");","lastModifiedDate":"2022-08-19"},{"lineNumber":189,"author":{"gitId":"chengda300"},"content":"                } else {","lastModifiedDate":"2022-08-19"},{"lineNumber":190,"author":{"gitId":"chengda300"},"content":"                    d.addDeadline(input.substring(9, input.indexOf(\"/by\") - 1),","lastModifiedDate":"2022-08-19"},{"lineNumber":191,"author":{"gitId":"chengda300"},"content":"                            input.substring(input.indexOf(\"/by\") + 4));","lastModifiedDate":"2022-08-19"},{"lineNumber":192,"author":{"gitId":"chengda300"},"content":"                }","lastModifiedDate":"2022-08-19"},{"lineNumber":193,"author":{"gitId":"chengda300"},"content":"            } else if (input.startsWith(\"event\")) {","lastModifiedDate":"2022-08-19"},{"lineNumber":194,"author":{"gitId":"chengda300"},"content":"                if (! input.contains(\"/at\")) {","lastModifiedDate":"2022-08-19"},{"lineNumber":195,"author":{"gitId":"chengda300"},"content":"                    System.out.println(\"Specify an event type task by typing \"","lastModifiedDate":"2022-08-19"},{"lineNumber":196,"author":{"gitId":"chengda300"},"content":"                            + \"event \u003ctask\u003e /at \u003ctime\u003e\");","lastModifiedDate":"2022-08-19"},{"lineNumber":197,"author":{"gitId":"chengda300"},"content":"                } else if (input.indexOf(\"/at\") \u003c 8) {","lastModifiedDate":"2022-08-19"},{"lineNumber":198,"author":{"gitId":"chengda300"},"content":"                    System.out.println(\"You did not specify a task.\");","lastModifiedDate":"2022-08-19"},{"lineNumber":199,"author":{"gitId":"chengda300"},"content":"                } else if (input.indexOf(\"/at\") + 4 \u003e\u003d input.length()) {","lastModifiedDate":"2022-08-19"},{"lineNumber":200,"author":{"gitId":"chengda300"},"content":"                    System.out.println(\"You did not specify a deadline.\");","lastModifiedDate":"2022-08-19"},{"lineNumber":201,"author":{"gitId":"chengda300"},"content":"                } else {","lastModifiedDate":"2022-08-19"},{"lineNumber":202,"author":{"gitId":"chengda300"},"content":"                    d.addEvent(input.substring(6, input.indexOf(\"/at\") - 1),","lastModifiedDate":"2022-08-19"},{"lineNumber":203,"author":{"gitId":"chengda300"},"content":"                            input.substring(input.indexOf(\"/at\") + 4));","lastModifiedDate":"2022-08-19"},{"lineNumber":204,"author":{"gitId":"chengda300"},"content":"                }","lastModifiedDate":"2022-08-19"},{"lineNumber":205,"author":{"gitId":"chengda300"},"content":"            } else if (input.startsWith(\"delete\")) {","lastModifiedDate":"2022-08-19"},{"lineNumber":206,"author":{"gitId":"chengda300"},"content":"                try {","lastModifiedDate":"2022-08-19"},{"lineNumber":207,"author":{"gitId":"chengda300"},"content":"                    int index \u003d Integer.parseInt(input.substring(7)) - 1;","lastModifiedDate":"2022-08-19"},{"lineNumber":208,"author":{"gitId":"chengda300"},"content":"                    if (index \u003e\u003d tasks.size() || index \u003c 0) {","lastModifiedDate":"2022-08-19"},{"lineNumber":209,"author":{"gitId":"chengda300"},"content":"                        System.out.println(\"I cannot delete a task that does not exist!\");","lastModifiedDate":"2022-08-19"},{"lineNumber":210,"author":{"gitId":"chengda300"},"content":"                    } else {","lastModifiedDate":"2022-08-19"},{"lineNumber":211,"author":{"gitId":"chengda300"},"content":"                        d.delete(index);","lastModifiedDate":"2022-08-19"},{"lineNumber":212,"author":{"gitId":"chengda300"},"content":"                    }","lastModifiedDate":"2022-08-19"},{"lineNumber":213,"author":{"gitId":"chengda300"},"content":"                } catch (NumberFormatException e) {","lastModifiedDate":"2022-08-19"},{"lineNumber":214,"author":{"gitId":"chengda300"},"content":"                    System.out.println(\"I cannot delete a task that does not exist!\");","lastModifiedDate":"2022-08-19"},{"lineNumber":215,"author":{"gitId":"chengda300"},"content":"                }","lastModifiedDate":"2022-08-19"},{"lineNumber":216,"author":{"gitId":"chengda300"},"content":"            } else {","lastModifiedDate":"2022-08-19"},{"lineNumber":217,"author":{"gitId":"chengda300"},"content":"                System.out.println(\"Sorry, I cannot understand what you mean. I can only understand\"","lastModifiedDate":"2022-08-19"},{"lineNumber":218,"author":{"gitId":"chengda300"},"content":"                        + \"todo, deadline, event, mark, unmark, delete, list, bye\");","lastModifiedDate":"2022-08-19"},{"lineNumber":219,"author":{"gitId":"chengda300"},"content":"            }","lastModifiedDate":"2022-08-16"},{"lineNumber":220,"author":{"gitId":"chengda300"},"content":"        }","lastModifiedDate":"2022-08-16"},{"lineNumber":221,"author":{"gitId":"-"},"content":"    }","lastModifiedDate":"2019-07-29"},{"lineNumber":222,"author":{"gitId":"-"},"content":"}","lastModifiedDate":"2019-07-29"}],"authorContributionMap":{"chengda300":216,"-":6}},{"path":"text-ui-test/input.txt","fileType":"txt","lines":[{"lineNumber":1,"author":{"gitId":"chengda300"},"content":"todo iehrfheo ioerfjo","lastModifiedDate":"2022-08-19"},{"lineNumber":2,"author":{"gitId":"chengda300"},"content":"deadline uehgfiehof eoijdfpwojpo eoifohe /by ihfo43h98f83 93r3 38yh3r9::::Erf3","lastModifiedDate":"2022-08-19"},{"lineNumber":3,"author":{"gitId":"chengda300"},"content":"list","lastModifiedDate":"2022-08-19"},{"lineNumber":4,"author":{"gitId":"chengda300"},"content":"bye","lastModifiedDate":"2022-08-19"}],"authorContributionMap":{"chengda300":4}},{"path":"text-ui-test/runtest.bat","fileType":"bat","lines":[{"lineNumber":1,"author":{"gitId":"-"},"content":"@ECHO OFF","lastModifiedDate":"2020-05-25"},{"lineNumber":2,"author":{"gitId":"-"},"content":"","lastModifiedDate":"2020-05-25"},{"lineNumber":3,"author":{"gitId":"-"},"content":"REM create bin directory if it doesn\u0027t exist","lastModifiedDate":"2020-05-25"},{"lineNumber":4,"author":{"gitId":"-"},"content":"if not exist ..\\bin mkdir ..\\bin","lastModifiedDate":"2020-05-25"},{"lineNumber":5,"author":{"gitId":"-"},"content":"","lastModifiedDate":"2020-05-25"},{"lineNumber":6,"author":{"gitId":"-"},"content":"REM delete output from previous run","lastModifiedDate":"2020-05-25"},{"lineNumber":7,"author":{"gitId":"-"},"content":"if exist ACTUAL.TXT del ACTUAL.TXT","lastModifiedDate":"2020-08-25"},{"lineNumber":8,"author":{"gitId":"-"},"content":"","lastModifiedDate":"2020-05-25"},{"lineNumber":9,"author":{"gitId":"-"},"content":"REM compile the code into the bin folder","lastModifiedDate":"2020-05-25"},{"lineNumber":10,"author":{"gitId":"chengda300"},"content":"javac  -cp C:\\Users\\chengda\\Desktop\\CS2103T\\ip\\src\\main\\java -Xlint:none -d C:\\Users\\chengda\\Desktop\\CS2103T\\ip\\bin C:\\Users\\chengda\\Desktop\\CS2103T\\ip\\src\\main\\java\\*.java","lastModifiedDate":"2022-08-19"},{"lineNumber":11,"author":{"gitId":"-"},"content":"IF ERRORLEVEL 1 (","lastModifiedDate":"2020-05-25"},{"lineNumber":12,"author":{"gitId":"-"},"content":"    echo ********** BUILD FAILURE **********","lastModifiedDate":"2020-05-25"},{"lineNumber":13,"author":{"gitId":"-"},"content":"    exit /b 1","lastModifiedDate":"2020-05-25"},{"lineNumber":14,"author":{"gitId":"-"},"content":")","lastModifiedDate":"2020-05-25"},{"lineNumber":15,"author":{"gitId":"-"},"content":"REM no error here, errorlevel \u003d\u003d 0","lastModifiedDate":"2020-05-25"},{"lineNumber":16,"author":{"gitId":"-"},"content":"","lastModifiedDate":"2020-05-25"},{"lineNumber":17,"author":{"gitId":"-"},"content":"REM run the program, feed commands from input.txt file and redirect the output to the ACTUAL.TXT","lastModifiedDate":"2020-05-25"},{"lineNumber":18,"author":{"gitId":"chengda300"},"content":"java -classpath C:\\Users\\chengda\\Desktop\\CS2103T\\ip\\bin Duke \u003c C:\\Users\\chengda\\Desktop\\CS2103T\\ip\\text-ui-test\\input.txt \u003e C:\\Users\\chengda\\Desktop\\CS2103T\\ip\\text-ui-test\\ACTUAL.TXT","lastModifiedDate":"2022-08-19"},{"lineNumber":19,"author":{"gitId":"-"},"content":"","lastModifiedDate":"2020-05-25"},{"lineNumber":20,"author":{"gitId":"-"},"content":"REM compare the output to the expected output","lastModifiedDate":"2020-05-25"},{"lineNumber":21,"author":{"gitId":"chengda300"},"content":"FC C:\\Users\\chengda\\Desktop\\CS2103T\\ip\\text-ui-test\\ACTUAL.TXT C:\\Users\\chengda\\Desktop\\CS2103T\\ip\\text-ui-test\\EXPECTED.TXT","lastModifiedDate":"2022-08-19"}],"authorContributionMap":{"chengda300":3,"-":18}}]
