{"authorDailyContributionsMap":{"loyhongshenggg":[{"date":"2022-08-17","commitResults":[{"hash":"54a5b8f3e2cc4d0050db025a69870c07223b5782","messageTitle":"Level-1","messageBody":"","tags":["Level-2"],"fileTypesAndContributionMap":{"java":{"insertions":22,"deletions":7}}},{"hash":"312d3bc3868189a099f36095bdd16719d473cc89","messageTitle":"Level-2","messageBody":"","tags":["Level-3"],"fileTypesAndContributionMap":{"java":{"insertions":12,"deletions":1}}},{"hash":"5a0cd98834569f0d0334a5249720897ffe8366c4","messageTitle":"Level-3","messageBody":"","tags":["Level-4"],"fileTypesAndContributionMap":{"java":{"insertions":28,"deletions":3}}},{"hash":"fb85897fbe1818583ebb215cf753bb0db77f1c74","messageTitle":"Level-4","messageBody":"","tags":["A-TextUiTesting"],"fileTypesAndContributionMap":{"java":{"insertions":78,"deletions":2}}},{"hash":"82f09896c9287899c409d5c05354370de5baa10a","messageTitle":"A-TextUiTesting","messageBody":"","tags":["Level-5"],"fileTypesAndContributionMap":{"txt":{"insertions":7,"deletions":0},"java":{"insertions":2,"deletions":2}}},{"hash":"8e2bcbacd6daa57093e18ff6543481b5e1752ba1","messageTitle":"Level-5","messageBody":"","tags":["Level-6"],"fileTypesAndContributionMap":{"java":{"insertions":62,"deletions":15}}},{"hash":"8e00b6c925d47451f22979ef7a23241dcdf13959","messageTitle":"Level-6","messageBody":"","fileTypesAndContributionMap":{"java":{"insertions":23,"deletions":10}}},{"hash":"c5eafd2dd785d5eb65f721bb86511ba0b1a1cfd6","messageTitle":"Level-6","messageBody":"","fileTypesAndContributionMap":{"java":{"insertions":18,"deletions":6}}}]}]},"authorFileTypeContributionMap":{"loyhongshenggg":{"java":206,"md":0,"fxml":0,"sh":0,"bat":0,"gradle":0,"txt":7}},"authorContributionVariance":{"loyhongshenggg":12333.888},"authorDisplayNameMap":{"loyhongshenggg":"LOY ..HENG"}}
