{"authorDailyContributionsMap":{"RussellDash332":[{"date":"2022-08-16","commitResults":[{"hash":"497bc0ad06ef6580374838de53552845202b4e24","messageTitle":"[Level-1] Greet, Echo, Exit","messageBody":"","tags":["Level-1"],"fileTypesAndContributionMap":{"java":{"insertions":14,"deletions":6}}},{"hash":"23b24ed2cb057b101e83bbe754ea7aeeac6511e8","messageTitle":"[Level-2] Add, List","messageBody":"","tags":["Level-2"],"fileTypesAndContributionMap":{"java":{"insertions":8,"deletions":1}}},{"hash":"29720446bd77d2fedcac9b9b7756cbae46cdcd92","messageTitle":"[Level-3] Mark as Done","messageBody":"","tags":["Level-3"],"fileTypesAndContributionMap":{"java":{"insertions":40,"deletions":3}}}]},{"date":"2022-08-17","commitResults":[{"hash":"a8bd3757f0467345da6d749763815739aea63b51","messageTitle":"Add Deadlines class","messageBody":"","fileTypesAndContributionMap":{"java":{"insertions":14,"deletions":0}}},{"hash":"ec2df8a0ddb177ebee96ebbfc749816a4f1eb34c","messageTitle":"Add Events class","messageBody":"","fileTypesAndContributionMap":{"java":{"insertions":14,"deletions":0}}},{"hash":"d803b5bb7b3f2d9d1c9e307e54d8ec3dfb9ee38c","messageTitle":"Add ToDos class","messageBody":"","fileTypesAndContributionMap":{"java":{"insertions":13,"deletions":0}}},{"hash":"2522871521eccdf9e81a0e7b5a301e531449b00c","messageTitle":"[Level-4] ToDo, Event, Deadline","messageBody":"","tags":["Level-4"],"fileTypesAndContributionMap":{"java":{"insertions":20,"deletions":2}}},{"hash":"d71bae2d5625f04275ee97d441681395ca516dee","messageTitle":"Fix Checkstyle issues","messageBody":"","fileTypesAndContributionMap":{"java":{"insertions":3,"deletions":1}}},{"hash":"07503b4c73728bfee8a123b9a780fa30c0ac765a","messageTitle":"Add indentation and horizontal line","messageBody":"","fileTypesAndContributionMap":{"java":{"insertions":24,"deletions":11}}},{"hash":"9dd795933fe562da4becfe14a1ee1f7d2059f31e","messageTitle":"Modify runtest scripts and their permission","messageBody":"","fileTypesAndContributionMap":{"bat":{"insertions":0,"deletions":0},"sh":{"insertions":1,"deletions":1}}},{"hash":"9faee61c17fcb426985708ec6eb8ad685b7347c7","messageTitle":"[A-TextUiTesting] Automated Text UI Testing","messageBody":"","tags":["A-TextUiTesting"],"fileTypesAndContributionMap":{"txt":{"insertions":19,"deletions":0}}}]},{"date":"2022-08-18","commitResults":[{"hash":"8576af502ce810ca626daa2f9f1bb384f7dfdf8c","messageTitle":"Add DukeException class","messageBody":"","fileTypesAndContributionMap":{"java":{"insertions":5,"deletions":0}}},{"hash":"6350b5c06f7b5cfd2da171dd49e2482c422b8b93","messageTitle":"Incorporate DukeException on main code","messageBody":"","fileTypesAndContributionMap":{"java":{"insertions":48,"deletions":41}}},{"hash":"2b52867ab0f01ef6ac84b18abe550435a625f47b","messageTitle":"Modify UI testing","messageBody":"","fileTypesAndContributionMap":{"txt":{"insertions":4,"deletions":1}}},{"hash":"cd9908eeb02d1150296aaf3b3c471b23845f2c0c","messageTitle":"Modify code abstraction to be more concise","messageBody":"","fileTypesAndContributionMap":{"java":{"insertions":94,"deletions":53}}},{"hash":"c41e53de9700df18086abf05268fb1a3d3ddcec7","messageTitle":"Add Javadocs","messageBody":"","fileTypesAndContributionMap":{"java":{"insertions":40,"deletions":1}}},{"hash":"0674c710b61f6849ff6684acda85ab2903671c8f","messageTitle":"[Level-5] Handle Errors","messageBody":"","tags":["Level-5"],"fileTypesAndContributionMap":{"java":{"insertions":1,"deletions":1}}},{"hash":"cd523bc266ce960af98cea6a093dc27f391dbffc","messageTitle":"Modify UI test input and expected result","messageBody":"","fileTypesAndContributionMap":{"txt":{"insertions":24,"deletions":0}}},{"hash":"ddde9763d585598eeeb1b358d4444d427081063b","messageTitle":"[Level-6] Delete","messageBody":"","fileTypesAndContributionMap":{"java":{"insertions":99,"deletions":74}}}]},{"date":"2022-08-20","commitResults":[{"hash":"6e042bdf57066c9b3485c056585569dafc9a9e20","messageTitle":"Modify name and message","messageBody":"","fileTypesAndContributionMap":{"java":{"insertions":17,"deletions":17}}},{"hash":"4ddb71d640e16469ed12dc4f06c4fd785173fdeb","messageTitle":"Handle more input scenarios","messageBody":"","fileTypesAndContributionMap":{"java":{"insertions":33,"deletions":11}}},{"hash":"f4182b57d030720617cb77df054ed6255798dea5","messageTitle":"Modify test case for UI testing","messageBody":"","fileTypesAndContributionMap":{"txt":{"insertions":35,"deletions":35}}}]},{"date":"2022-08-25","commitResults":[{"hash":"913d566548ddf0c4c9dd8ba81e18b91475ebba64","messageTitle":"Add Javadoc comments","messageBody":"","tags":["Level-6"],"fileTypesAndContributionMap":{"java":{"insertions":8,"deletions":0}}},{"hash":"64edcd1f255a6699c080a4aff3f1eb6108233cc8","messageTitle":"[Level-7] Save","messageBody":"","fileTypesAndContributionMap":{"txt":{"insertions":4,"deletions":0},"java":{"insertions":109,"deletions":33}}},{"hash":"a5742172d1ea37dc5ff7bf6f2a99947085b814c0","messageTitle":"Add save functionality","messageBody":"","fileTypesAndContributionMap":{"txt":{"insertions":5,"deletions":4},"java":{"insertions":47,"deletions":4}}},{"hash":"e9aae84890ae168a6e1423d48197028251d2ac68","messageTitle":"[Level-8] Dates and Times","messageBody":"","fileTypesAndContributionMap":{"java":{"insertions":14,"deletions":6}}},{"hash":"08749b2e68ab7cb56fc8a1299f12ee073e2c456e","messageTitle":"Rename Duke to Stashy","messageBody":"","fileTypesAndContributionMap":{"java":{"insertions":30,"deletions":31},"bat":{"insertions":1,"deletions":1},"sh":{"insertions":1,"deletions":1}}}]},{"date":"2022-08-28","commitResults":[{"hash":"2d2c87a8a6f6e463d0e1907119b44ee75798435c","messageTitle":"Modify gitignore","messageBody":"","fileTypesAndContributionMap":{"txt":{"insertions":0,"deletions":5}}},{"hash":"704dbca832a2253fbc5525d5814f3bb74f3b557c","messageTitle":"Add Storage","messageBody":"","fileTypesAndContributionMap":{"java":{"insertions":78,"deletions":0}}},{"hash":"fccf72854933514fa83dbe952424d5ea6a235f82","messageTitle":"Rename ToDo, Event, and Deadline","messageBody":"","fileTypesAndContributionMap":{"java":{"insertions":97,"deletions":67}}},{"hash":"9a84c7aff3cb99c0ca5ceeed5afc770f696f084c","messageTitle":"Add Javadoc comment","messageBody":"","fileTypesAndContributionMap":{"java":{"insertions":1,"deletions":1}}},{"hash":"92132b01165c8b5b192b0e8dd0c35f4960056b4b","messageTitle":"Fix mismatching type","messageBody":"","fileTypesAndContributionMap":{"java":{"insertions":1,"deletions":1}}},{"hash":"e6eee786a381e57789479ae7775d691853dda5ed","messageTitle":"Add UI","messageBody":"","fileTypesAndContributionMap":{"java":{"insertions":99,"deletions":0}}},{"hash":"1fa3ff2cbedf7ac15c693e6b16b3c02a32586782","messageTitle":"Make Task class abstract","messageBody":"","fileTypesAndContributionMap":{"java":{"insertions":3,"deletions":7}}},{"hash":"7f304bb3ba0de9374e0f672dad88eb9f9ffffd49","messageTitle":"Move custom error message to UI","messageBody":"","fileTypesAndContributionMap":{"java":{"insertions":1,"deletions":1}}},{"hash":"5d8de6ec6a8d02b10b5cf64d21d7631c3c7f5613","messageTitle":"Move TaskReader fully to Storage","messageBody":"","fileTypesAndContributionMap":{"java":{"insertions":44,"deletions":110}}},{"hash":"d39553760255619d5645d0bb48dd43d4853f6cee","messageTitle":"Modify Deadline and Event datetime format","messageBody":"","fileTypesAndContributionMap":{"java":{"insertions":2,"deletions":2}}}]},{"date":"2022-08-30","commitResults":[{"hash":"9f3a85849f4a37515b8c2149448ff128c5a41d72","messageTitle":"Modify text UI test","messageBody":"","fileTypesAndContributionMap":{"txt":{"insertions":22,"deletions":0}}},{"hash":"991bef0a71a89558e08e9ef1b439ade05738bd41","messageTitle":"Add Javadoc comment and fix datetime format","messageBody":"","fileTypesAndContributionMap":{"java":{"insertions":31,"deletions":14}}},{"hash":"11c0fa4cc03318d7ca9a0b179aecd85e2e70e1c8","messageTitle":"Change method signatures","messageBody":"","fileTypesAndContributionMap":{"java":{"insertions":5,"deletions":7}}},{"hash":"5d11f5fadea0faefb10e868cfe1267b85b5aec4c","messageTitle":"Allow overloading for Task class","messageBody":"","fileTypesAndContributionMap":{"java":{"insertions":6,"deletions":2}}},{"hash":"428b2dcd7dabcdd78eea8f021beb55c845e384a0","messageTitle":"[A-MoreOOP] Use More OOP","messageBody":"","tags":["A-MoreOOP"],"fileTypesAndContributionMap":{"java":{"insertions":628,"deletions":209}}},{"hash":"3b51b015407657541b61ca3c38cb6ad90d8bc0d4","messageTitle":"Move files to new directories","messageBody":"","fileTypesAndContributionMap":{"java":{"insertions":0,"deletions":0}}},{"hash":"8639186db7efeea74560663c7a542c8d02b002fc","messageTitle":"Rename java directory to stashy","messageBody":"","fileTypesAndContributionMap":{"java":{"insertions":0,"deletions":0},"bat":{"insertions":1,"deletions":1},"sh":{"insertions":1,"deletions":1}}},{"hash":"0c53de63395aa76f147d311f2568c2c2c31531d7","messageTitle":"[A-Packages] Organize into Packages","messageBody":"","tags":["A-Packages"],"fileTypesAndContributionMap":{"java":{"insertions":129,"deletions":5}}},{"hash":"956fd1abb6b83330d3adbc14b7662acfa1ac6df8","messageTitle":"[A-Gradle] Use Gradle","messageBody":"","tags":["A-Gradle"],"fileTypesAndContributionMap":{"gradle":{"insertions":3,"deletions":2}}},{"hash":"5d91bef8963b8757b193d31415ac410fa1e3576b","messageTitle":"Add JUnit methods","messageBody":"","fileTypesAndContributionMap":{"gradle":{"insertions":4,"deletions":2},"txt":{"insertions":2,"deletions":0},"java":{"insertions":108,"deletions":0}}},{"hash":"ee70772d23a75d60e84dabed81727264831a8a8e","messageTitle":"Modify build.gradle","messageBody":"","fileTypesAndContributionMap":{"gradle":{"insertions":1,"deletions":3}}},{"hash":"9a6937686169d57af984feb91737116a851d081a","messageTitle":"Move stashy to java/stashy","messageBody":"","fileTypesAndContributionMap":{"java":{"insertions":84,"deletions":84}}},{"hash":"d07232b12c459c5c0191831900978436ce1ae474","messageTitle":"[A-JUnit] Add JUnit Tests","messageBody":"","tags":["A-JUnit"],"fileTypesAndContributionMap":{"java":{"insertions":78,"deletions":29}}}]}]},"authorFileTypeContributionMap":{"RussellDash332":{"java":1263,"md":0,"fxml":0,"sh":3,"bat":2,"gradle":5,"txt":70}},"authorContributionVariance":{"RussellDash332":119294.75},"authorDisplayNameMap":{"RussellDash332":"CS2103-F09-1 NICH..RANG"}}
