{"authorDailyContributionsMap":{"Yingming23":[{"date":"2022-08-20","commitResults":[{"hash":"ffefa5d062c4ca28dcaccf197782a0b659dc8ade","messageTitle":"Duke.java Add Greet, Echo, Exit","messageBody":"","tags":["Level-1"],"fileTypesAndContributionMap":{"java":{"insertions":21,"deletions":6}}},{"hash":"a6182d03147ae75e32d72e1b0e9b7f61710ef498","messageTitle":"Duke.java Add Add, List","messageBody":"","tags":["Level-2"],"fileTypesAndContributionMap":{"java":{"insertions":11,"deletions":2}}},{"hash":"ea01fe3c14652efc62d6fd10114bb49c10185ab7","messageTitle":"Duke.java Add Mark as Done","messageBody":"","tags":["Level-3"],"fileTypesAndContributionMap":{"java":{"insertions":44,"deletions":3}}},{"hash":"b1c85ffe10cdd228b28a97b8d4211d1f52ab56ab","messageTitle":"Duke.java Add ToDos, Events, Deadlines","messageBody":"","tags":["Level-4"],"fileTypesAndContributionMap":{"java":{"insertions":80,"deletions":13}}}]}]},"authorFileTypeContributionMap":{"Yingming23":{"java":138,"md":0,"fxml":0,"sh":0,"bat":0,"gradle":0,"txt":0}},"authorContributionVariance":{"Yingming23":3200.0},"authorDisplayNameMap":{"Yingming23":"CS2103T-W12-1 LI Y..MING"}}
