[{"path":"src/main/java/Duke.java","fileType":"java","lines":[{"lineNumber":1,"author":{"gitId":"maryjess"},"content":"import duke.Command;","lastModifiedDate":"2022-08-26"},{"lineNumber":2,"author":{"gitId":"maryjess"},"content":"import duke.Parser;","lastModifiedDate":"2022-08-26"},{"lineNumber":3,"author":{"gitId":"maryjess"},"content":"import duke.Storage;","lastModifiedDate":"2022-08-26"},{"lineNumber":4,"author":{"gitId":"maryjess"},"content":"import duke.Task;","lastModifiedDate":"2022-08-26"},{"lineNumber":5,"author":{"gitId":"maryjess"},"content":"import duke.TaskList;","lastModifiedDate":"2022-08-26"},{"lineNumber":6,"author":{"gitId":"maryjess"},"content":"import duke.Ui;","lastModifiedDate":"2022-08-26"},{"lineNumber":7,"author":{"gitId":"maryjess"},"content":"import java.util.Scanner;","lastModifiedDate":"2022-08-17"},{"lineNumber":8,"author":{"gitId":"maryjess"},"content":"import java.nio.file.Path;","lastModifiedDate":"2022-08-25"},{"lineNumber":9,"author":{"gitId":"maryjess"},"content":"import java.nio.file.Paths;","lastModifiedDate":"2022-08-25"},{"lineNumber":10,"author":{"gitId":"maryjess"},"content":"","lastModifiedDate":"2022-08-17"},{"lineNumber":11,"author":{"gitId":"-"},"content":"public class Duke {","lastModifiedDate":"2019-07-29"},{"lineNumber":12,"author":{"gitId":"maryjess"},"content":"    private Storage storage;","lastModifiedDate":"2022-08-26"},{"lineNumber":13,"author":{"gitId":"maryjess"},"content":"    private Ui ui;","lastModifiedDate":"2022-08-26"},{"lineNumber":14,"author":{"gitId":"maryjess"},"content":"    private TaskList tasks;","lastModifiedDate":"2022-08-26"},{"lineNumber":15,"author":{"gitId":"maryjess"},"content":"","lastModifiedDate":"2022-08-26"},{"lineNumber":16,"author":{"gitId":"maryjess"},"content":"    public Duke(Path filePath) {","lastModifiedDate":"2022-08-26"},{"lineNumber":17,"author":{"gitId":"maryjess"},"content":"        ui \u003d new Ui();","lastModifiedDate":"2022-08-26"},{"lineNumber":18,"author":{"gitId":"maryjess"},"content":"        storage \u003d new Storage(filePath);","lastModifiedDate":"2022-08-26"},{"lineNumber":19,"author":{"gitId":"maryjess"},"content":"        try {","lastModifiedDate":"2022-08-25"},{"lineNumber":20,"author":{"gitId":"maryjess"},"content":"            tasks \u003d new TaskList(storage.load());","lastModifiedDate":"2022-08-26"},{"lineNumber":21,"author":{"gitId":"maryjess"},"content":"        } catch (Exception exception) {","lastModifiedDate":"2022-08-26"},{"lineNumber":22,"author":{"gitId":"maryjess"},"content":"            ui.showLoadingError();","lastModifiedDate":"2022-08-26"},{"lineNumber":23,"author":{"gitId":"maryjess"},"content":"        }","lastModifiedDate":"2022-08-25"},{"lineNumber":24,"author":{"gitId":"maryjess"},"content":"        tasks \u003d new TaskList();","lastModifiedDate":"2022-08-26"},{"lineNumber":25,"author":{"gitId":"maryjess"},"content":"    }","lastModifiedDate":"2022-08-25"},{"lineNumber":26,"author":{"gitId":"maryjess"},"content":"","lastModifiedDate":"2022-08-17"},{"lineNumber":27,"author":{"gitId":"maryjess"},"content":"    public void run() {","lastModifiedDate":"2022-08-26"},{"lineNumber":28,"author":{"gitId":"maryjess"},"content":"        ui.showOpeningStatement();","lastModifiedDate":"2022-08-26"},{"lineNumber":29,"author":{"gitId":"maryjess"},"content":"        Scanner scanner \u003d new Scanner(System.in);","lastModifiedDate":"2022-08-17"},{"lineNumber":30,"author":{"gitId":"maryjess"},"content":"        while (scanner.hasNext()) {","lastModifiedDate":"2022-08-17"},{"lineNumber":31,"author":{"gitId":"maryjess"},"content":"            String input \u003d scanner.nextLine();","lastModifiedDate":"2022-08-17"},{"lineNumber":32,"author":{"gitId":"maryjess"},"content":"            if (Parser.parse(input).equals(Command.EXIT)) {","lastModifiedDate":"2022-08-26"},{"lineNumber":33,"author":{"gitId":"maryjess"},"content":"                break;","lastModifiedDate":"2022-08-17"},{"lineNumber":34,"author":{"gitId":"maryjess"},"content":"            } else if (Parser.parse(input).equals(Command.LIST)) {","lastModifiedDate":"2022-08-26"},{"lineNumber":35,"author":{"gitId":"maryjess"},"content":"                ui.showTaskList(tasks);","lastModifiedDate":"2022-08-26"},{"lineNumber":36,"author":{"gitId":"maryjess"},"content":"            } else if (Parser.parse(input).equals(Command.MARK)) {","lastModifiedDate":"2022-08-26"},{"lineNumber":37,"author":{"gitId":"maryjess"},"content":"                int taskIndex \u003d Parser.getTaskIndex(input);","lastModifiedDate":"2022-08-26"},{"lineNumber":38,"author":{"gitId":"maryjess"},"content":"                Task markedTask \u003d tasks.markTask(taskIndex);","lastModifiedDate":"2022-08-26"},{"lineNumber":39,"author":{"gitId":"maryjess"},"content":"                try {","lastModifiedDate":"2022-08-18"},{"lineNumber":40,"author":{"gitId":"maryjess"},"content":"                    ui.showMarkDone(markedTask);","lastModifiedDate":"2022-08-26"},{"lineNumber":41,"author":{"gitId":"maryjess"},"content":"                } catch (StringIndexOutOfBoundsException | NumberFormatException e) {","lastModifiedDate":"2022-08-26"},{"lineNumber":42,"author":{"gitId":"maryjess"},"content":"                    ui.askWhichTask();","lastModifiedDate":"2022-08-26"},{"lineNumber":43,"author":{"gitId":"maryjess"},"content":"                } catch (Exception e) {","lastModifiedDate":"2022-08-26"},{"lineNumber":44,"author":{"gitId":"maryjess"},"content":"                    ui.printException(e);","lastModifiedDate":"2022-08-26"},{"lineNumber":45,"author":{"gitId":"maryjess"},"content":"                } finally {","lastModifiedDate":"2022-08-26"},{"lineNumber":46,"author":{"gitId":"maryjess"},"content":"                    storage.saveData(tasks);","lastModifiedDate":"2022-08-26"},{"lineNumber":47,"author":{"gitId":"maryjess"},"content":"                }","lastModifiedDate":"2022-08-26"},{"lineNumber":48,"author":{"gitId":"maryjess"},"content":"            } else if (Parser.parse(input).equals(Command.UNMARK)) {","lastModifiedDate":"2022-08-26"},{"lineNumber":49,"author":{"gitId":"maryjess"},"content":"                int taskIndex \u003d Parser.getTaskIndex(input);","lastModifiedDate":"2022-08-26"},{"lineNumber":50,"author":{"gitId":"maryjess"},"content":"                Task unmarkedTask \u003d tasks.unmarkTask(taskIndex);","lastModifiedDate":"2022-08-26"},{"lineNumber":51,"author":{"gitId":"maryjess"},"content":"                try {","lastModifiedDate":"2022-08-18"},{"lineNumber":52,"author":{"gitId":"maryjess"},"content":"                    ui.showUnmarkDone(unmarkedTask);","lastModifiedDate":"2022-08-26"},{"lineNumber":53,"author":{"gitId":"maryjess"},"content":"                } catch (StringIndexOutOfBoundsException | NumberFormatException e) {","lastModifiedDate":"2022-08-26"},{"lineNumber":54,"author":{"gitId":"maryjess"},"content":"                    ui.askWhichTask();","lastModifiedDate":"2022-08-26"},{"lineNumber":55,"author":{"gitId":"maryjess"},"content":"                } catch (Exception e) {","lastModifiedDate":"2022-08-26"},{"lineNumber":56,"author":{"gitId":"maryjess"},"content":"                    ui.printException(e);","lastModifiedDate":"2022-08-26"},{"lineNumber":57,"author":{"gitId":"maryjess"},"content":"                } finally {","lastModifiedDate":"2022-08-26"},{"lineNumber":58,"author":{"gitId":"maryjess"},"content":"                    storage.saveData(tasks);","lastModifiedDate":"2022-08-26"},{"lineNumber":59,"author":{"gitId":"maryjess"},"content":"                }","lastModifiedDate":"2022-08-26"},{"lineNumber":60,"author":{"gitId":"maryjess"},"content":"            } else if (Parser.parse(input).equals(Command.DELETE)) {","lastModifiedDate":"2022-08-26"},{"lineNumber":61,"author":{"gitId":"maryjess"},"content":"                try {","lastModifiedDate":"2022-08-18"},{"lineNumber":62,"author":{"gitId":"maryjess"},"content":"                    int taskIndex \u003d Parser.getTaskIndex(input);","lastModifiedDate":"2022-08-26"},{"lineNumber":63,"author":{"gitId":"maryjess"},"content":"                    Task deletedTask \u003d tasks.deleteTask(taskIndex);","lastModifiedDate":"2022-08-26"},{"lineNumber":64,"author":{"gitId":"maryjess"},"content":"                    ui.showDeleteTaskDone(deletedTask, tasks.getNumberOfTasks());","lastModifiedDate":"2022-08-26"},{"lineNumber":65,"author":{"gitId":"maryjess"},"content":"                    storage.saveData(tasks);","lastModifiedDate":"2022-08-26"},{"lineNumber":66,"author":{"gitId":"maryjess"},"content":"                } catch (StringIndexOutOfBoundsException e) {","lastModifiedDate":"2022-08-26"},{"lineNumber":67,"author":{"gitId":"maryjess"},"content":"                    ui.askWhichTask();","lastModifiedDate":"2022-08-26"},{"lineNumber":68,"author":{"gitId":"maryjess"},"content":"                } catch (Exception e) {","lastModifiedDate":"2022-08-26"},{"lineNumber":69,"author":{"gitId":"maryjess"},"content":"                    ui.printException(e);","lastModifiedDate":"2022-08-26"},{"lineNumber":70,"author":{"gitId":"maryjess"},"content":"                }","lastModifiedDate":"2022-08-26"},{"lineNumber":71,"author":{"gitId":"maryjess"},"content":"            } else if (Parser.parse(input).equals(Command.CREATE_EVENT)) {","lastModifiedDate":"2022-08-26"},{"lineNumber":72,"author":{"gitId":"maryjess"},"content":"                Task newTask \u003d Parser.parseTask(input, \"E\");","lastModifiedDate":"2022-08-26"},{"lineNumber":73,"author":{"gitId":"maryjess"},"content":"                tasks.addTask(newTask);","lastModifiedDate":"2022-08-26"},{"lineNumber":74,"author":{"gitId":"maryjess"},"content":"                ui.showAddTaskDone(newTask, tasks.getNumberOfTasks());","lastModifiedDate":"2022-08-26"},{"lineNumber":75,"author":{"gitId":"maryjess"},"content":"                storage.saveData(tasks);","lastModifiedDate":"2022-08-26"},{"lineNumber":76,"author":{"gitId":"maryjess"},"content":"            } else if (Parser.parse(input).equals(Command.CREATE_DEADLINE)) {","lastModifiedDate":"2022-08-26"},{"lineNumber":77,"author":{"gitId":"maryjess"},"content":"                Task newTask \u003d Parser.parseTask(input, \"D\");","lastModifiedDate":"2022-08-26"},{"lineNumber":78,"author":{"gitId":"maryjess"},"content":"                tasks.addTask(newTask);","lastModifiedDate":"2022-08-26"},{"lineNumber":79,"author":{"gitId":"maryjess"},"content":"                ui.showAddTaskDone(newTask, tasks.getNumberOfTasks());","lastModifiedDate":"2022-08-26"},{"lineNumber":80,"author":{"gitId":"maryjess"},"content":"                storage.saveData(tasks);","lastModifiedDate":"2022-08-26"},{"lineNumber":81,"author":{"gitId":"maryjess"},"content":"            } else if (Parser.parse(input).equals(Command.CREATE_TODO)) {","lastModifiedDate":"2022-08-26"},{"lineNumber":82,"author":{"gitId":"maryjess"},"content":"                Task newTask \u003d Parser.parseTask(input, \"T\");","lastModifiedDate":"2022-08-26"},{"lineNumber":83,"author":{"gitId":"maryjess"},"content":"                tasks.addTask(newTask);","lastModifiedDate":"2022-08-26"},{"lineNumber":84,"author":{"gitId":"maryjess"},"content":"                ui.showAddTaskDone(newTask, tasks.getNumberOfTasks());","lastModifiedDate":"2022-08-26"},{"lineNumber":85,"author":{"gitId":"maryjess"},"content":"                storage.saveData(tasks);","lastModifiedDate":"2022-08-26"},{"lineNumber":86,"author":{"gitId":"maryjess"},"content":"            } else if (Parser.parse(input).equals(Command.UNKNOWN)) {","lastModifiedDate":"2022-08-26"},{"lineNumber":87,"author":{"gitId":"maryjess"},"content":"                ui.showUnknownCommand();","lastModifiedDate":"2022-08-26"},{"lineNumber":88,"author":{"gitId":"maryjess"},"content":"            }","lastModifiedDate":"2022-08-26"},{"lineNumber":89,"author":{"gitId":"maryjess"},"content":"        }","lastModifiedDate":"2022-08-26"},{"lineNumber":90,"author":{"gitId":"maryjess"},"content":"        ui.showExitStatement();","lastModifiedDate":"2022-08-26"},{"lineNumber":91,"author":{"gitId":"maryjess"},"content":"        scanner.close();","lastModifiedDate":"2022-08-26"},{"lineNumber":92,"author":{"gitId":"maryjess"},"content":"    }","lastModifiedDate":"2022-08-17"},{"lineNumber":93,"author":{"gitId":"maryjess"},"content":"","lastModifiedDate":"2022-08-17"},{"lineNumber":94,"author":{"gitId":"maryjess"},"content":"","lastModifiedDate":"2022-08-26"},{"lineNumber":95,"author":{"gitId":"-"},"content":"    public static void main(String[] args) {","lastModifiedDate":"2022-08-26"},{"lineNumber":96,"author":{"gitId":"maryjess"},"content":"        String home \u003d System.getProperty(\"user.home\");","lastModifiedDate":"2022-08-26"},{"lineNumber":97,"author":{"gitId":"maryjess"},"content":"        Path path \u003d Paths.get(home, \"data\", \"duke\");","lastModifiedDate":"2022-08-26"},{"lineNumber":98,"author":{"gitId":"maryjess"},"content":"        new Duke(path).run();","lastModifiedDate":"2022-08-26"},{"lineNumber":99,"author":{"gitId":"-"},"content":"    }","lastModifiedDate":"2019-07-29"},{"lineNumber":100,"author":{"gitId":"-"},"content":"}","lastModifiedDate":"2019-07-29"}],"authorContributionMap":{"maryjess":96,"-":4}},{"path":"src/main/java/duke/Command.java","fileType":"java","lines":[{"lineNumber":1,"author":{"gitId":"maryjess"},"content":"package duke;","lastModifiedDate":"2022-08-26"},{"lineNumber":2,"author":{"gitId":"maryjess"},"content":"","lastModifiedDate":"2022-08-26"},{"lineNumber":3,"author":{"gitId":"maryjess"},"content":"public enum Command {","lastModifiedDate":"2022-08-26"},{"lineNumber":4,"author":{"gitId":"maryjess"},"content":"    CREATE_EVENT,","lastModifiedDate":"2022-08-26"},{"lineNumber":5,"author":{"gitId":"maryjess"},"content":"    CREATE_DEADLINE,","lastModifiedDate":"2022-08-26"},{"lineNumber":6,"author":{"gitId":"maryjess"},"content":"    CREATE_TODO,","lastModifiedDate":"2022-08-26"},{"lineNumber":7,"author":{"gitId":"maryjess"},"content":"    DELETE,","lastModifiedDate":"2022-08-26"},{"lineNumber":8,"author":{"gitId":"maryjess"},"content":"    MARK,","lastModifiedDate":"2022-08-26"},{"lineNumber":9,"author":{"gitId":"maryjess"},"content":"    UNMARK,","lastModifiedDate":"2022-08-26"},{"lineNumber":10,"author":{"gitId":"maryjess"},"content":"    LIST,","lastModifiedDate":"2022-08-26"},{"lineNumber":11,"author":{"gitId":"maryjess"},"content":"    EXIT,","lastModifiedDate":"2022-08-26"},{"lineNumber":12,"author":{"gitId":"maryjess"},"content":"    UNKNOWN","lastModifiedDate":"2022-08-26"},{"lineNumber":13,"author":{"gitId":"maryjess"},"content":"}","lastModifiedDate":"2022-08-26"}],"authorContributionMap":{"maryjess":13}},{"path":"src/main/java/duke/Deadline.java","fileType":"java","lines":[{"lineNumber":1,"author":{"gitId":"maryjess"},"content":"package duke;","lastModifiedDate":"2022-08-26"},{"lineNumber":2,"author":{"gitId":"maryjess"},"content":"","lastModifiedDate":"2022-08-26"},{"lineNumber":3,"author":{"gitId":"maryjess"},"content":"import java.time.LocalDateTime;","lastModifiedDate":"2022-08-25"},{"lineNumber":4,"author":{"gitId":"maryjess"},"content":"import java.time.format.DateTimeFormatter;","lastModifiedDate":"2022-08-25"},{"lineNumber":5,"author":{"gitId":"maryjess"},"content":"","lastModifiedDate":"2022-08-25"},{"lineNumber":6,"author":{"gitId":"maryjess"},"content":"public class Deadline extends Task {","lastModifiedDate":"2022-08-18"},{"lineNumber":7,"author":{"gitId":"maryjess"},"content":"    protected LocalDateTime dateTime;","lastModifiedDate":"2022-08-25"},{"lineNumber":8,"author":{"gitId":"maryjess"},"content":"","lastModifiedDate":"2022-08-18"},{"lineNumber":9,"author":{"gitId":"maryjess"},"content":"    public Deadline(LocalDateTime dateTime, String description) {","lastModifiedDate":"2022-08-25"},{"lineNumber":10,"author":{"gitId":"maryjess"},"content":"        super(description, \"D\");","lastModifiedDate":"2022-08-25"},{"lineNumber":11,"author":{"gitId":"maryjess"},"content":"        this.dateTime \u003d dateTime;","lastModifiedDate":"2022-08-18"},{"lineNumber":12,"author":{"gitId":"maryjess"},"content":"    }","lastModifiedDate":"2022-08-18"},{"lineNumber":13,"author":{"gitId":"maryjess"},"content":"","lastModifiedDate":"2022-08-18"},{"lineNumber":14,"author":{"gitId":"maryjess"},"content":"    public Deadline(LocalDateTime dateTime, String description, boolean isDone) {","lastModifiedDate":"2022-08-26"},{"lineNumber":15,"author":{"gitId":"maryjess"},"content":"        super(description, \"D\", isDone);","lastModifiedDate":"2022-08-26"},{"lineNumber":16,"author":{"gitId":"maryjess"},"content":"        this.dateTime \u003d dateTime;","lastModifiedDate":"2022-08-26"},{"lineNumber":17,"author":{"gitId":"maryjess"},"content":"    }","lastModifiedDate":"2022-08-26"},{"lineNumber":18,"author":{"gitId":"maryjess"},"content":"","lastModifiedDate":"2022-08-26"},{"lineNumber":19,"author":{"gitId":"maryjess"},"content":"    public String getDateTime() {","lastModifiedDate":"2022-08-18"},{"lineNumber":20,"author":{"gitId":"maryjess"},"content":"        return \" (by: \" +","lastModifiedDate":"2022-08-25"},{"lineNumber":21,"author":{"gitId":"maryjess"},"content":"                this.dateTime.format(DateTimeFormatter.ofPattern(\"MMM dd yyyy\u0027, \u0027 hh:mm a\")) + \")\";","lastModifiedDate":"2022-08-25"},{"lineNumber":22,"author":{"gitId":"maryjess"},"content":"    }","lastModifiedDate":"2022-08-18"},{"lineNumber":23,"author":{"gitId":"maryjess"},"content":"","lastModifiedDate":"2022-08-18"},{"lineNumber":24,"author":{"gitId":"maryjess"},"content":"    public LocalDateTime getRawDateTime() {","lastModifiedDate":"2022-08-25"},{"lineNumber":25,"author":{"gitId":"maryjess"},"content":"        return this.dateTime;","lastModifiedDate":"2022-08-25"},{"lineNumber":26,"author":{"gitId":"maryjess"},"content":"    }","lastModifiedDate":"2022-08-25"},{"lineNumber":27,"author":{"gitId":"maryjess"},"content":"","lastModifiedDate":"2022-08-25"},{"lineNumber":28,"author":{"gitId":"maryjess"},"content":"    @Override","lastModifiedDate":"2022-08-25"},{"lineNumber":29,"author":{"gitId":"maryjess"},"content":"    public String printText() {","lastModifiedDate":"2022-08-25"},{"lineNumber":30,"author":{"gitId":"maryjess"},"content":"        return super.printText() + \" | \" + this.getDateTime();","lastModifiedDate":"2022-08-26"},{"lineNumber":31,"author":{"gitId":"maryjess"},"content":"    }","lastModifiedDate":"2022-08-25"},{"lineNumber":32,"author":{"gitId":"maryjess"},"content":"","lastModifiedDate":"2022-08-25"},{"lineNumber":33,"author":{"gitId":"maryjess"},"content":"    @Override","lastModifiedDate":"2022-08-18"},{"lineNumber":34,"author":{"gitId":"maryjess"},"content":"    public String toString() {","lastModifiedDate":"2022-08-18"},{"lineNumber":35,"author":{"gitId":"maryjess"},"content":"        return \"[\" + this.getCode() + \"]\" + super.toString() + this.getDateTime();","lastModifiedDate":"2022-08-25"},{"lineNumber":36,"author":{"gitId":"maryjess"},"content":"    }","lastModifiedDate":"2022-08-18"},{"lineNumber":37,"author":{"gitId":"maryjess"},"content":"}","lastModifiedDate":"2022-08-18"}],"authorContributionMap":{"maryjess":37}},{"path":"src/main/java/duke/Event.java","fileType":"java","lines":[{"lineNumber":1,"author":{"gitId":"maryjess"},"content":"package duke;","lastModifiedDate":"2022-08-26"},{"lineNumber":2,"author":{"gitId":"maryjess"},"content":"","lastModifiedDate":"2022-08-26"},{"lineNumber":3,"author":{"gitId":"maryjess"},"content":"import java.time.LocalDateTime;","lastModifiedDate":"2022-08-25"},{"lineNumber":4,"author":{"gitId":"maryjess"},"content":"import java.time.format.DateTimeFormatter;","lastModifiedDate":"2022-08-25"},{"lineNumber":5,"author":{"gitId":"maryjess"},"content":"","lastModifiedDate":"2022-08-25"},{"lineNumber":6,"author":{"gitId":"maryjess"},"content":"public class Event extends Task {","lastModifiedDate":"2022-08-18"},{"lineNumber":7,"author":{"gitId":"maryjess"},"content":"    protected LocalDateTime dateTime;","lastModifiedDate":"2022-08-25"},{"lineNumber":8,"author":{"gitId":"maryjess"},"content":"","lastModifiedDate":"2022-08-18"},{"lineNumber":9,"author":{"gitId":"maryjess"},"content":"    public Event(LocalDateTime dateTime, String description) {","lastModifiedDate":"2022-08-25"},{"lineNumber":10,"author":{"gitId":"maryjess"},"content":"        super(description, \"E\");","lastModifiedDate":"2022-08-25"},{"lineNumber":11,"author":{"gitId":"maryjess"},"content":"        this.dateTime \u003d dateTime;","lastModifiedDate":"2022-08-18"},{"lineNumber":12,"author":{"gitId":"maryjess"},"content":"    }","lastModifiedDate":"2022-08-18"},{"lineNumber":13,"author":{"gitId":"maryjess"},"content":"","lastModifiedDate":"2022-08-18"},{"lineNumber":14,"author":{"gitId":"maryjess"},"content":"    public Event(LocalDateTime dateTime, String description, boolean isDone) {","lastModifiedDate":"2022-08-26"},{"lineNumber":15,"author":{"gitId":"maryjess"},"content":"        super(description, \"E\", isDone);","lastModifiedDate":"2022-08-26"},{"lineNumber":16,"author":{"gitId":"maryjess"},"content":"        this.dateTime \u003d dateTime;","lastModifiedDate":"2022-08-26"},{"lineNumber":17,"author":{"gitId":"maryjess"},"content":"    }","lastModifiedDate":"2022-08-26"},{"lineNumber":18,"author":{"gitId":"maryjess"},"content":"","lastModifiedDate":"2022-08-26"},{"lineNumber":19,"author":{"gitId":"maryjess"},"content":"    public String getDateTime() {","lastModifiedDate":"2022-08-18"},{"lineNumber":20,"author":{"gitId":"maryjess"},"content":"        return \" (at: \" +","lastModifiedDate":"2022-08-25"},{"lineNumber":21,"author":{"gitId":"maryjess"},"content":"                this.dateTime.format(DateTimeFormatter.ofPattern(\"MMM dd yyyy\u0027, \u0027 hh:mm a\")) + \")\";","lastModifiedDate":"2022-08-25"},{"lineNumber":22,"author":{"gitId":"maryjess"},"content":"    }","lastModifiedDate":"2022-08-18"},{"lineNumber":23,"author":{"gitId":"maryjess"},"content":"","lastModifiedDate":"2022-08-18"},{"lineNumber":24,"author":{"gitId":"maryjess"},"content":"    public LocalDateTime getRawDateTime() {","lastModifiedDate":"2022-08-25"},{"lineNumber":25,"author":{"gitId":"maryjess"},"content":"        return this.dateTime;","lastModifiedDate":"2022-08-25"},{"lineNumber":26,"author":{"gitId":"maryjess"},"content":"    }","lastModifiedDate":"2022-08-25"},{"lineNumber":27,"author":{"gitId":"maryjess"},"content":"","lastModifiedDate":"2022-08-25"},{"lineNumber":28,"author":{"gitId":"maryjess"},"content":"    @Override","lastModifiedDate":"2022-08-26"},{"lineNumber":29,"author":{"gitId":"maryjess"},"content":"    public String printText() {","lastModifiedDate":"2022-08-25"},{"lineNumber":30,"author":{"gitId":"maryjess"},"content":"        return super.printText() + \" | \" + this.getDateTime();","lastModifiedDate":"2022-08-26"},{"lineNumber":31,"author":{"gitId":"maryjess"},"content":"    }","lastModifiedDate":"2022-08-25"},{"lineNumber":32,"author":{"gitId":"maryjess"},"content":"","lastModifiedDate":"2022-08-26"},{"lineNumber":33,"author":{"gitId":"maryjess"},"content":"    @Override","lastModifiedDate":"2022-08-18"},{"lineNumber":34,"author":{"gitId":"maryjess"},"content":"    public String toString() {","lastModifiedDate":"2022-08-18"},{"lineNumber":35,"author":{"gitId":"maryjess"},"content":"        return \"[\" + this.getCode() + \"]\" + super.toString() + this.getDateTime();","lastModifiedDate":"2022-08-25"},{"lineNumber":36,"author":{"gitId":"maryjess"},"content":"    }","lastModifiedDate":"2022-08-18"},{"lineNumber":37,"author":{"gitId":"maryjess"},"content":"}","lastModifiedDate":"2022-08-18"}],"authorContributionMap":{"maryjess":37}},{"path":"src/main/java/duke/Parser.java","fileType":"java","lines":[{"lineNumber":1,"author":{"gitId":"maryjess"},"content":"package duke;","lastModifiedDate":"2022-08-26"},{"lineNumber":2,"author":{"gitId":"maryjess"},"content":"","lastModifiedDate":"2022-08-26"},{"lineNumber":3,"author":{"gitId":"maryjess"},"content":"import java.time.LocalDate;","lastModifiedDate":"2022-08-26"},{"lineNumber":4,"author":{"gitId":"maryjess"},"content":"import java.time.LocalDateTime;","lastModifiedDate":"2022-08-26"},{"lineNumber":5,"author":{"gitId":"maryjess"},"content":"import java.time.LocalTime;","lastModifiedDate":"2022-08-26"},{"lineNumber":6,"author":{"gitId":"maryjess"},"content":"import java.time.format.DateTimeFormatter;","lastModifiedDate":"2022-08-26"},{"lineNumber":7,"author":{"gitId":"maryjess"},"content":"import java.time.format.DateTimeParseException;","lastModifiedDate":"2022-08-26"},{"lineNumber":8,"author":{"gitId":"maryjess"},"content":"import java.util.List;","lastModifiedDate":"2022-08-26"},{"lineNumber":9,"author":{"gitId":"maryjess"},"content":"import java.util.stream.Collectors;","lastModifiedDate":"2022-08-26"},{"lineNumber":10,"author":{"gitId":"maryjess"},"content":"import java.util.stream.Stream;","lastModifiedDate":"2022-08-26"},{"lineNumber":11,"author":{"gitId":"maryjess"},"content":"","lastModifiedDate":"2022-08-26"},{"lineNumber":12,"author":{"gitId":"maryjess"},"content":"public class Parser {","lastModifiedDate":"2022-08-26"},{"lineNumber":13,"author":{"gitId":"maryjess"},"content":"    public static Command parse(String input) {","lastModifiedDate":"2022-08-26"},{"lineNumber":14,"author":{"gitId":"maryjess"},"content":"        List\u003cString\u003e inputList \u003d Stream.of(input.split(\" \"))","lastModifiedDate":"2022-08-26"},{"lineNumber":15,"author":{"gitId":"maryjess"},"content":"                .map(e -\u003e new String(e))","lastModifiedDate":"2022-08-26"},{"lineNumber":16,"author":{"gitId":"maryjess"},"content":"                .collect(Collectors.toList());","lastModifiedDate":"2022-08-26"},{"lineNumber":17,"author":{"gitId":"maryjess"},"content":"        String command \u003d inputList.get(0);","lastModifiedDate":"2022-08-26"},{"lineNumber":18,"author":{"gitId":"maryjess"},"content":"        switch (command) {","lastModifiedDate":"2022-08-26"},{"lineNumber":19,"author":{"gitId":"maryjess"},"content":"        case \"event\":","lastModifiedDate":"2022-08-26"},{"lineNumber":20,"author":{"gitId":"maryjess"},"content":"            return Command.CREATE_EVENT;","lastModifiedDate":"2022-08-26"},{"lineNumber":21,"author":{"gitId":"maryjess"},"content":"        case \"deadline\":","lastModifiedDate":"2022-08-26"},{"lineNumber":22,"author":{"gitId":"maryjess"},"content":"            return Command.CREATE_DEADLINE;","lastModifiedDate":"2022-08-26"},{"lineNumber":23,"author":{"gitId":"maryjess"},"content":"        case \"todo\":","lastModifiedDate":"2022-08-26"},{"lineNumber":24,"author":{"gitId":"maryjess"},"content":"            return Command.CREATE_TODO;","lastModifiedDate":"2022-08-26"},{"lineNumber":25,"author":{"gitId":"maryjess"},"content":"        case \"delete\":","lastModifiedDate":"2022-08-26"},{"lineNumber":26,"author":{"gitId":"maryjess"},"content":"            return Command.DELETE;","lastModifiedDate":"2022-08-26"},{"lineNumber":27,"author":{"gitId":"maryjess"},"content":"        case \"mark\":","lastModifiedDate":"2022-08-26"},{"lineNumber":28,"author":{"gitId":"maryjess"},"content":"            return Command.MARK;","lastModifiedDate":"2022-08-26"},{"lineNumber":29,"author":{"gitId":"maryjess"},"content":"        case \"unmark\":","lastModifiedDate":"2022-08-26"},{"lineNumber":30,"author":{"gitId":"maryjess"},"content":"            return Command.UNMARK;","lastModifiedDate":"2022-08-26"},{"lineNumber":31,"author":{"gitId":"maryjess"},"content":"        case \"list\":","lastModifiedDate":"2022-08-26"},{"lineNumber":32,"author":{"gitId":"maryjess"},"content":"            return Command.LIST;","lastModifiedDate":"2022-08-26"},{"lineNumber":33,"author":{"gitId":"maryjess"},"content":"        case \"bye\":","lastModifiedDate":"2022-08-26"},{"lineNumber":34,"author":{"gitId":"maryjess"},"content":"            return Command.EXIT;","lastModifiedDate":"2022-08-26"},{"lineNumber":35,"author":{"gitId":"maryjess"},"content":"        default:","lastModifiedDate":"2022-08-26"},{"lineNumber":36,"author":{"gitId":"maryjess"},"content":"            return Command.UNKNOWN;","lastModifiedDate":"2022-08-26"},{"lineNumber":37,"author":{"gitId":"maryjess"},"content":"        }","lastModifiedDate":"2022-08-26"},{"lineNumber":38,"author":{"gitId":"maryjess"},"content":"    }","lastModifiedDate":"2022-08-26"},{"lineNumber":39,"author":{"gitId":"maryjess"},"content":"","lastModifiedDate":"2022-08-26"},{"lineNumber":40,"author":{"gitId":"maryjess"},"content":"    public static int getTaskIndex(String input) {","lastModifiedDate":"2022-08-26"},{"lineNumber":41,"author":{"gitId":"maryjess"},"content":"        return Integer.parseInt(input.substring(input.length() - 1)) - 1;","lastModifiedDate":"2022-08-26"},{"lineNumber":42,"author":{"gitId":"maryjess"},"content":"    }","lastModifiedDate":"2022-08-26"},{"lineNumber":43,"author":{"gitId":"maryjess"},"content":"","lastModifiedDate":"2022-08-26"},{"lineNumber":44,"author":{"gitId":"maryjess"},"content":"    public static Task parseTask(String input, String code) {","lastModifiedDate":"2022-08-26"},{"lineNumber":45,"author":{"gitId":"maryjess"},"content":"        Task newTask \u003d null;","lastModifiedDate":"2022-08-26"},{"lineNumber":46,"author":{"gitId":"maryjess"},"content":"        if (code \u003d\u003d \"T\") {","lastModifiedDate":"2022-08-26"},{"lineNumber":47,"author":{"gitId":"maryjess"},"content":"            String description \u003d input.substring(5);","lastModifiedDate":"2022-08-26"},{"lineNumber":48,"author":{"gitId":"maryjess"},"content":"            newTask \u003d new ToDo(description);","lastModifiedDate":"2022-08-26"},{"lineNumber":49,"author":{"gitId":"maryjess"},"content":"            return newTask;","lastModifiedDate":"2022-08-26"},{"lineNumber":50,"author":{"gitId":"maryjess"},"content":"        }","lastModifiedDate":"2022-08-26"},{"lineNumber":51,"author":{"gitId":"maryjess"},"content":"        String separator \u003d code \u003d\u003d \"E\" ? \"/at\" : \"/by\";","lastModifiedDate":"2022-08-26"},{"lineNumber":52,"author":{"gitId":"maryjess"},"content":"        int indexOfDateTime \u003d input.indexOf(separator);","lastModifiedDate":"2022-08-26"},{"lineNumber":53,"author":{"gitId":"maryjess"},"content":"        String stringDateTime \u003d input.substring(indexOfDateTime + 4);","lastModifiedDate":"2022-08-26"},{"lineNumber":54,"author":{"gitId":"maryjess"},"content":"        LocalDateTime dateTime \u003d Parser.processDateTime(stringDateTime);","lastModifiedDate":"2022-08-26"},{"lineNumber":55,"author":{"gitId":"maryjess"},"content":"        String description \u003d input.substring(6, indexOfDateTime - 1);","lastModifiedDate":"2022-08-26"},{"lineNumber":56,"author":{"gitId":"maryjess"},"content":"        if (code \u003d\u003d \"E\") {","lastModifiedDate":"2022-08-26"},{"lineNumber":57,"author":{"gitId":"maryjess"},"content":"            newTask \u003d new Event(dateTime, description);","lastModifiedDate":"2022-08-26"},{"lineNumber":58,"author":{"gitId":"maryjess"},"content":"        } else if (code \u003d\u003d \"D\") {","lastModifiedDate":"2022-08-26"},{"lineNumber":59,"author":{"gitId":"maryjess"},"content":"            newTask \u003d new Deadline(dateTime, description);","lastModifiedDate":"2022-08-26"},{"lineNumber":60,"author":{"gitId":"maryjess"},"content":"        }","lastModifiedDate":"2022-08-26"},{"lineNumber":61,"author":{"gitId":"maryjess"},"content":"        return newTask;","lastModifiedDate":"2022-08-26"},{"lineNumber":62,"author":{"gitId":"maryjess"},"content":"    }","lastModifiedDate":"2022-08-26"},{"lineNumber":63,"author":{"gitId":"maryjess"},"content":"","lastModifiedDate":"2022-08-26"},{"lineNumber":64,"author":{"gitId":"maryjess"},"content":"    public static LocalDateTime processDateTime(String stringDateTime) {","lastModifiedDate":"2022-08-26"},{"lineNumber":65,"author":{"gitId":"maryjess"},"content":"        LocalDateTime dateTime \u003d LocalDateTime.now();","lastModifiedDate":"2022-08-26"},{"lineNumber":66,"author":{"gitId":"maryjess"},"content":"        String date \u003d \"None\";","lastModifiedDate":"2022-08-26"},{"lineNumber":67,"author":{"gitId":"maryjess"},"content":"        String time \u003d \"None\";","lastModifiedDate":"2022-08-26"},{"lineNumber":68,"author":{"gitId":"maryjess"},"content":"        if (stringDateTime.length() \u003e 9) {","lastModifiedDate":"2022-08-26"},{"lineNumber":69,"author":{"gitId":"maryjess"},"content":"            date \u003d stringDateTime.substring(0, stringDateTime.indexOf(\" \"));","lastModifiedDate":"2022-08-26"},{"lineNumber":70,"author":{"gitId":"maryjess"},"content":"            time \u003d stringDateTime.substring(stringDateTime.indexOf(\" \") + 1);","lastModifiedDate":"2022-08-26"},{"lineNumber":71,"author":{"gitId":"maryjess"},"content":"        } else if (stringDateTime.length() \u003d\u003d 8) {","lastModifiedDate":"2022-08-26"},{"lineNumber":72,"author":{"gitId":"maryjess"},"content":"            date \u003d stringDateTime;","lastModifiedDate":"2022-08-26"},{"lineNumber":73,"author":{"gitId":"maryjess"},"content":"        } else {","lastModifiedDate":"2022-08-26"},{"lineNumber":74,"author":{"gitId":"maryjess"},"content":"            time \u003d stringDateTime;","lastModifiedDate":"2022-08-26"},{"lineNumber":75,"author":{"gitId":"maryjess"},"content":"        }","lastModifiedDate":"2022-08-26"},{"lineNumber":76,"author":{"gitId":"maryjess"},"content":"        try {","lastModifiedDate":"2022-08-26"},{"lineNumber":77,"author":{"gitId":"maryjess"},"content":"            if (!date.equals(\"None\") \u0026\u0026 !time.equals(\"None\")) {","lastModifiedDate":"2022-08-26"},{"lineNumber":78,"author":{"gitId":"maryjess"},"content":"                DateTimeFormatter formatDate \u003d DateTimeFormatter.ofPattern(\"yyyyMMdd\");","lastModifiedDate":"2022-08-26"},{"lineNumber":79,"author":{"gitId":"maryjess"},"content":"                DateTimeFormatter formatTime \u003d DateTimeFormatter.ofPattern(\"HHmm\");","lastModifiedDate":"2022-08-26"},{"lineNumber":80,"author":{"gitId":"maryjess"},"content":"                LocalDate localDate \u003d LocalDate.parse(date, formatDate);","lastModifiedDate":"2022-08-26"},{"lineNumber":81,"author":{"gitId":"maryjess"},"content":"                LocalTime localTime \u003d LocalTime.parse(time, formatTime);","lastModifiedDate":"2022-08-26"},{"lineNumber":82,"author":{"gitId":"maryjess"},"content":"                return LocalDateTime.of(localDate, localTime);","lastModifiedDate":"2022-08-26"},{"lineNumber":83,"author":{"gitId":"maryjess"},"content":"            } else if (!date.equals(\"None\")) {","lastModifiedDate":"2022-08-26"},{"lineNumber":84,"author":{"gitId":"maryjess"},"content":"                DateTimeFormatter formatDate \u003d DateTimeFormatter.ofPattern(\"yyyyMMdd\");","lastModifiedDate":"2022-08-26"},{"lineNumber":85,"author":{"gitId":"maryjess"},"content":"                DateTimeFormatter formatTime \u003d DateTimeFormatter.ofPattern(\"HHmm\");","lastModifiedDate":"2022-08-26"},{"lineNumber":86,"author":{"gitId":"maryjess"},"content":"                LocalDate localDate \u003d LocalDate.parse(date, formatDate);","lastModifiedDate":"2022-08-26"},{"lineNumber":87,"author":{"gitId":"maryjess"},"content":"                LocalTime localTime \u003d LocalTime.parse(\"0000\", formatTime);","lastModifiedDate":"2022-08-26"},{"lineNumber":88,"author":{"gitId":"maryjess"},"content":"                return LocalDateTime.of(localDate, localTime);","lastModifiedDate":"2022-08-26"},{"lineNumber":89,"author":{"gitId":"maryjess"},"content":"            } else {","lastModifiedDate":"2022-08-26"},{"lineNumber":90,"author":{"gitId":"maryjess"},"content":"                DateTimeFormatter formatTime \u003d DateTimeFormatter.ofPattern(\"HHmm\");","lastModifiedDate":"2022-08-26"},{"lineNumber":91,"author":{"gitId":"maryjess"},"content":"                LocalTime localTime \u003d LocalTime.parse(time, formatTime);","lastModifiedDate":"2022-08-26"},{"lineNumber":92,"author":{"gitId":"maryjess"},"content":"                return LocalDateTime.of(LocalDate.now(), localTime);","lastModifiedDate":"2022-08-26"},{"lineNumber":93,"author":{"gitId":"maryjess"},"content":"            }","lastModifiedDate":"2022-08-26"},{"lineNumber":94,"author":{"gitId":"maryjess"},"content":"        } catch (DateTimeParseException exception) {","lastModifiedDate":"2022-08-26"},{"lineNumber":95,"author":{"gitId":"maryjess"},"content":"            System.out.println(exception);","lastModifiedDate":"2022-08-26"},{"lineNumber":96,"author":{"gitId":"maryjess"},"content":"            System.out.println(\"Please enter date and time in YYYYMMDD HHMM format\");","lastModifiedDate":"2022-08-26"},{"lineNumber":97,"author":{"gitId":"maryjess"},"content":"        }","lastModifiedDate":"2022-08-26"},{"lineNumber":98,"author":{"gitId":"maryjess"},"content":"        return dateTime;","lastModifiedDate":"2022-08-26"},{"lineNumber":99,"author":{"gitId":"maryjess"},"content":"    }","lastModifiedDate":"2022-08-26"},{"lineNumber":100,"author":{"gitId":"maryjess"},"content":"}","lastModifiedDate":"2022-08-26"}],"authorContributionMap":{"maryjess":100}},{"path":"src/main/java/duke/Storage.java","fileType":"java","lines":[{"lineNumber":1,"author":{"gitId":"maryjess"},"content":"package duke;","lastModifiedDate":"2022-08-26"},{"lineNumber":2,"author":{"gitId":"maryjess"},"content":"","lastModifiedDate":"2022-08-26"},{"lineNumber":3,"author":{"gitId":"maryjess"},"content":"import java.util.ArrayList;","lastModifiedDate":"2022-08-26"},{"lineNumber":4,"author":{"gitId":"maryjess"},"content":"import java.io.IOException;","lastModifiedDate":"2022-08-26"},{"lineNumber":5,"author":{"gitId":"maryjess"},"content":"import java.io.File;","lastModifiedDate":"2022-08-26"},{"lineNumber":6,"author":{"gitId":"maryjess"},"content":"import java.io.BufferedReader;","lastModifiedDate":"2022-08-26"},{"lineNumber":7,"author":{"gitId":"maryjess"},"content":"import java.io.FileReader;","lastModifiedDate":"2022-08-26"},{"lineNumber":8,"author":{"gitId":"maryjess"},"content":"import java.io.OutputStream;","lastModifiedDate":"2022-08-26"},{"lineNumber":9,"author":{"gitId":"maryjess"},"content":"import java.io.FileOutputStream;","lastModifiedDate":"2022-08-26"},{"lineNumber":10,"author":{"gitId":"maryjess"},"content":"import java.nio.file.Path;","lastModifiedDate":"2022-08-26"},{"lineNumber":11,"author":{"gitId":"maryjess"},"content":"import java.nio.file.Files;","lastModifiedDate":"2022-08-26"},{"lineNumber":12,"author":{"gitId":"maryjess"},"content":"","lastModifiedDate":"2022-08-26"},{"lineNumber":13,"author":{"gitId":"maryjess"},"content":"public class Storage {","lastModifiedDate":"2022-08-26"},{"lineNumber":14,"author":{"gitId":"maryjess"},"content":"    protected Path filePath;","lastModifiedDate":"2022-08-26"},{"lineNumber":15,"author":{"gitId":"maryjess"},"content":"","lastModifiedDate":"2022-08-26"},{"lineNumber":16,"author":{"gitId":"maryjess"},"content":"    public Storage(Path filePath) {","lastModifiedDate":"2022-08-26"},{"lineNumber":17,"author":{"gitId":"maryjess"},"content":"        this.filePath \u003d filePath;","lastModifiedDate":"2022-08-26"},{"lineNumber":18,"author":{"gitId":"maryjess"},"content":"        try {","lastModifiedDate":"2022-08-26"},{"lineNumber":19,"author":{"gitId":"maryjess"},"content":"            Files.createDirectories(this.filePath);","lastModifiedDate":"2022-08-26"},{"lineNumber":20,"author":{"gitId":"maryjess"},"content":"        } catch (IOException exception) {","lastModifiedDate":"2022-08-26"},{"lineNumber":21,"author":{"gitId":"maryjess"},"content":"            System.out.println(\"Catch exception\");","lastModifiedDate":"2022-08-26"},{"lineNumber":22,"author":{"gitId":"maryjess"},"content":"            System.out.println(exception);","lastModifiedDate":"2022-08-26"},{"lineNumber":23,"author":{"gitId":"maryjess"},"content":"        }","lastModifiedDate":"2022-08-26"},{"lineNumber":24,"author":{"gitId":"maryjess"},"content":"    }","lastModifiedDate":"2022-08-26"},{"lineNumber":25,"author":{"gitId":"maryjess"},"content":"","lastModifiedDate":"2022-08-26"},{"lineNumber":26,"author":{"gitId":"maryjess"},"content":"    public ArrayList\u003cString\u003e load() {","lastModifiedDate":"2022-08-26"},{"lineNumber":27,"author":{"gitId":"maryjess"},"content":"        BufferedReader bufferedReader \u003d null;","lastModifiedDate":"2022-08-26"},{"lineNumber":28,"author":{"gitId":"maryjess"},"content":"        ArrayList\u003cString\u003e result \u003d new ArrayList\u003c\u003e();","lastModifiedDate":"2022-08-26"},{"lineNumber":29,"author":{"gitId":"maryjess"},"content":"        try {","lastModifiedDate":"2022-08-26"},{"lineNumber":30,"author":{"gitId":"maryjess"},"content":"            String currentLine;","lastModifiedDate":"2022-08-26"},{"lineNumber":31,"author":{"gitId":"maryjess"},"content":"            bufferedReader \u003d new BufferedReader(new FileReader(this.filePath.toString()","lastModifiedDate":"2022-08-26"},{"lineNumber":32,"author":{"gitId":"maryjess"},"content":"                    + File.separator + \"task-list.txt\"));","lastModifiedDate":"2022-08-26"},{"lineNumber":33,"author":{"gitId":"maryjess"},"content":"            while ((currentLine \u003d bufferedReader.readLine()) !\u003d null) {","lastModifiedDate":"2022-08-26"},{"lineNumber":34,"author":{"gitId":"maryjess"},"content":"                result.add(currentLine);","lastModifiedDate":"2022-08-26"},{"lineNumber":35,"author":{"gitId":"maryjess"},"content":"            }","lastModifiedDate":"2022-08-26"},{"lineNumber":36,"author":{"gitId":"maryjess"},"content":"        } catch (IOException exception) {","lastModifiedDate":"2022-08-26"},{"lineNumber":37,"author":{"gitId":"maryjess"},"content":"            saveData(new TaskList());","lastModifiedDate":"2022-08-26"},{"lineNumber":38,"author":{"gitId":"maryjess"},"content":"        } finally {","lastModifiedDate":"2022-08-26"},{"lineNumber":39,"author":{"gitId":"maryjess"},"content":"            try {","lastModifiedDate":"2022-08-26"},{"lineNumber":40,"author":{"gitId":"maryjess"},"content":"                if (bufferedReader !\u003d null) {","lastModifiedDate":"2022-08-26"},{"lineNumber":41,"author":{"gitId":"maryjess"},"content":"                    bufferedReader.close();","lastModifiedDate":"2022-08-26"},{"lineNumber":42,"author":{"gitId":"maryjess"},"content":"                }","lastModifiedDate":"2022-08-26"},{"lineNumber":43,"author":{"gitId":"maryjess"},"content":"            } catch (IOException exception) {","lastModifiedDate":"2022-08-26"},{"lineNumber":44,"author":{"gitId":"maryjess"},"content":"                System.out.println(exception);","lastModifiedDate":"2022-08-26"},{"lineNumber":45,"author":{"gitId":"maryjess"},"content":"            }","lastModifiedDate":"2022-08-26"},{"lineNumber":46,"author":{"gitId":"maryjess"},"content":"        }","lastModifiedDate":"2022-08-26"},{"lineNumber":47,"author":{"gitId":"maryjess"},"content":"        return result;","lastModifiedDate":"2022-08-26"},{"lineNumber":48,"author":{"gitId":"maryjess"},"content":"    }","lastModifiedDate":"2022-08-26"},{"lineNumber":49,"author":{"gitId":"maryjess"},"content":"","lastModifiedDate":"2022-08-26"},{"lineNumber":50,"author":{"gitId":"maryjess"},"content":"    public void saveData(TaskList list) {","lastModifiedDate":"2022-08-26"},{"lineNumber":51,"author":{"gitId":"maryjess"},"content":"        ArrayList\u003cString\u003e textArray \u003d list.extractToStringArray();","lastModifiedDate":"2022-08-26"},{"lineNumber":52,"author":{"gitId":"maryjess"},"content":"        try {","lastModifiedDate":"2022-08-26"},{"lineNumber":53,"author":{"gitId":"maryjess"},"content":"            File file \u003d createFile(this.filePath, \"task-list.txt\");","lastModifiedDate":"2022-08-26"},{"lineNumber":54,"author":{"gitId":"maryjess"},"content":"            OutputStream os \u003d new FileOutputStream(file);","lastModifiedDate":"2022-08-26"},{"lineNumber":55,"author":{"gitId":"maryjess"},"content":"            String text \u003d String.join(\"\\n\", textArray);","lastModifiedDate":"2022-08-26"},{"lineNumber":56,"author":{"gitId":"maryjess"},"content":"            byte[] bytes \u003d text.getBytes();","lastModifiedDate":"2022-08-26"},{"lineNumber":57,"author":{"gitId":"maryjess"},"content":"            os.write(bytes);","lastModifiedDate":"2022-08-26"},{"lineNumber":58,"author":{"gitId":"maryjess"},"content":"            os.close();","lastModifiedDate":"2022-08-26"},{"lineNumber":59,"author":{"gitId":"maryjess"},"content":"        } catch (IOException exception) {","lastModifiedDate":"2022-08-26"},{"lineNumber":60,"author":{"gitId":"maryjess"},"content":"            System.out.println(exception);","lastModifiedDate":"2022-08-26"},{"lineNumber":61,"author":{"gitId":"maryjess"},"content":"        }","lastModifiedDate":"2022-08-26"},{"lineNumber":62,"author":{"gitId":"maryjess"},"content":"    }","lastModifiedDate":"2022-08-26"},{"lineNumber":63,"author":{"gitId":"maryjess"},"content":"","lastModifiedDate":"2022-08-26"},{"lineNumber":64,"author":{"gitId":"maryjess"},"content":"    public File createFile(Path path, String filename) {","lastModifiedDate":"2022-08-26"},{"lineNumber":65,"author":{"gitId":"maryjess"},"content":"        File file \u003d new File(path.toString(), filename);","lastModifiedDate":"2022-08-26"},{"lineNumber":66,"author":{"gitId":"maryjess"},"content":"        return file;","lastModifiedDate":"2022-08-26"},{"lineNumber":67,"author":{"gitId":"maryjess"},"content":"    }","lastModifiedDate":"2022-08-26"},{"lineNumber":68,"author":{"gitId":"maryjess"},"content":"}","lastModifiedDate":"2022-08-26"}],"authorContributionMap":{"maryjess":68}},{"path":"src/main/java/duke/Task.java","fileType":"java","lines":[{"lineNumber":1,"author":{"gitId":"maryjess"},"content":"package duke;","lastModifiedDate":"2022-08-26"},{"lineNumber":2,"author":{"gitId":"maryjess"},"content":"","lastModifiedDate":"2022-08-26"},{"lineNumber":3,"author":{"gitId":"maryjess"},"content":"public class Task {","lastModifiedDate":"2022-08-18"},{"lineNumber":4,"author":{"gitId":"maryjess"},"content":"    protected String description;","lastModifiedDate":"2022-08-18"},{"lineNumber":5,"author":{"gitId":"maryjess"},"content":"    protected boolean isDone;","lastModifiedDate":"2022-08-18"},{"lineNumber":6,"author":{"gitId":"maryjess"},"content":"    protected String code;","lastModifiedDate":"2022-08-25"},{"lineNumber":7,"author":{"gitId":"maryjess"},"content":"","lastModifiedDate":"2022-08-18"},{"lineNumber":8,"author":{"gitId":"maryjess"},"content":"    public Task(String description, String code) {","lastModifiedDate":"2022-08-25"},{"lineNumber":9,"author":{"gitId":"maryjess"},"content":"        this.description \u003d description;","lastModifiedDate":"2022-08-18"},{"lineNumber":10,"author":{"gitId":"maryjess"},"content":"        this.code \u003d code;","lastModifiedDate":"2022-08-25"},{"lineNumber":11,"author":{"gitId":"maryjess"},"content":"        setIsDone(false);","lastModifiedDate":"2022-08-18"},{"lineNumber":12,"author":{"gitId":"maryjess"},"content":"    }","lastModifiedDate":"2022-08-18"},{"lineNumber":13,"author":{"gitId":"maryjess"},"content":"","lastModifiedDate":"2022-08-18"},{"lineNumber":14,"author":{"gitId":"maryjess"},"content":"    public Task(String description, String code, boolean isDone) {","lastModifiedDate":"2022-08-26"},{"lineNumber":15,"author":{"gitId":"maryjess"},"content":"        this.description \u003d description;","lastModifiedDate":"2022-08-26"},{"lineNumber":16,"author":{"gitId":"maryjess"},"content":"        this.code \u003d code;","lastModifiedDate":"2022-08-26"},{"lineNumber":17,"author":{"gitId":"maryjess"},"content":"        setIsDone(isDone);","lastModifiedDate":"2022-08-26"},{"lineNumber":18,"author":{"gitId":"maryjess"},"content":"    }","lastModifiedDate":"2022-08-26"},{"lineNumber":19,"author":{"gitId":"maryjess"},"content":"","lastModifiedDate":"2022-08-26"},{"lineNumber":20,"author":{"gitId":"maryjess"},"content":"    public String getStatusIcon() {","lastModifiedDate":"2022-08-18"},{"lineNumber":21,"author":{"gitId":"maryjess"},"content":"        return (isDone ? \"X\" : \" \");","lastModifiedDate":"2022-08-18"},{"lineNumber":22,"author":{"gitId":"maryjess"},"content":"    }","lastModifiedDate":"2022-08-18"},{"lineNumber":23,"author":{"gitId":"maryjess"},"content":"","lastModifiedDate":"2022-08-18"},{"lineNumber":24,"author":{"gitId":"maryjess"},"content":"    public String getDescription() {","lastModifiedDate":"2022-08-18"},{"lineNumber":25,"author":{"gitId":"maryjess"},"content":"        return this.description;","lastModifiedDate":"2022-08-18"},{"lineNumber":26,"author":{"gitId":"maryjess"},"content":"    }","lastModifiedDate":"2022-08-18"},{"lineNumber":27,"author":{"gitId":"maryjess"},"content":"","lastModifiedDate":"2022-08-18"},{"lineNumber":28,"author":{"gitId":"maryjess"},"content":"    public String getCode() {","lastModifiedDate":"2022-08-25"},{"lineNumber":29,"author":{"gitId":"maryjess"},"content":"        return this.code;","lastModifiedDate":"2022-08-25"},{"lineNumber":30,"author":{"gitId":"maryjess"},"content":"    }","lastModifiedDate":"2022-08-25"},{"lineNumber":31,"author":{"gitId":"maryjess"},"content":"","lastModifiedDate":"2022-08-25"},{"lineNumber":32,"author":{"gitId":"maryjess"},"content":"    public void setIsDone(boolean value) {","lastModifiedDate":"2022-08-18"},{"lineNumber":33,"author":{"gitId":"maryjess"},"content":"        this.isDone \u003d value;","lastModifiedDate":"2022-08-18"},{"lineNumber":34,"author":{"gitId":"maryjess"},"content":"    }","lastModifiedDate":"2022-08-18"},{"lineNumber":35,"author":{"gitId":"maryjess"},"content":"","lastModifiedDate":"2022-08-18"},{"lineNumber":36,"author":{"gitId":"maryjess"},"content":"    public void markAsDone() {","lastModifiedDate":"2022-08-18"},{"lineNumber":37,"author":{"gitId":"maryjess"},"content":"        setIsDone(true);","lastModifiedDate":"2022-08-18"},{"lineNumber":38,"author":{"gitId":"maryjess"},"content":"    }","lastModifiedDate":"2022-08-18"},{"lineNumber":39,"author":{"gitId":"maryjess"},"content":"","lastModifiedDate":"2022-08-18"},{"lineNumber":40,"author":{"gitId":"maryjess"},"content":"    public void unmarkAsDone() {","lastModifiedDate":"2022-08-18"},{"lineNumber":41,"author":{"gitId":"maryjess"},"content":"        setIsDone(false);","lastModifiedDate":"2022-08-18"},{"lineNumber":42,"author":{"gitId":"maryjess"},"content":"    }","lastModifiedDate":"2022-08-18"},{"lineNumber":43,"author":{"gitId":"maryjess"},"content":"","lastModifiedDate":"2022-08-18"},{"lineNumber":44,"author":{"gitId":"maryjess"},"content":"    public String printText() {","lastModifiedDate":"2022-08-25"},{"lineNumber":45,"author":{"gitId":"maryjess"},"content":"        return this.getCode() + \" | \" + this.getStatusIcon() + \" | \" + this.getDescription();","lastModifiedDate":"2022-08-25"},{"lineNumber":46,"author":{"gitId":"maryjess"},"content":"    }","lastModifiedDate":"2022-08-25"},{"lineNumber":47,"author":{"gitId":"maryjess"},"content":"","lastModifiedDate":"2022-08-25"},{"lineNumber":48,"author":{"gitId":"maryjess"},"content":"    @Override","lastModifiedDate":"2022-08-18"},{"lineNumber":49,"author":{"gitId":"maryjess"},"content":"    public String toString() {","lastModifiedDate":"2022-08-18"},{"lineNumber":50,"author":{"gitId":"maryjess"},"content":"        return \"[\" + this.getStatusIcon() + \"] \" + this.getDescription();","lastModifiedDate":"2022-08-18"},{"lineNumber":51,"author":{"gitId":"maryjess"},"content":"    }","lastModifiedDate":"2022-08-18"},{"lineNumber":52,"author":{"gitId":"maryjess"},"content":"","lastModifiedDate":"2022-08-25"},{"lineNumber":53,"author":{"gitId":"maryjess"},"content":"}","lastModifiedDate":"2022-08-18"}],"authorContributionMap":{"maryjess":53}},{"path":"src/main/java/duke/TaskList.java","fileType":"java","lines":[{"lineNumber":1,"author":{"gitId":"maryjess"},"content":"package duke;","lastModifiedDate":"2022-08-26"},{"lineNumber":2,"author":{"gitId":"maryjess"},"content":"","lastModifiedDate":"2022-08-26"},{"lineNumber":3,"author":{"gitId":"maryjess"},"content":"import java.time.LocalDateTime;","lastModifiedDate":"2022-08-26"},{"lineNumber":4,"author":{"gitId":"maryjess"},"content":"import java.util.ArrayList;","lastModifiedDate":"2022-08-26"},{"lineNumber":5,"author":{"gitId":"maryjess"},"content":"import java.util.List;","lastModifiedDate":"2022-08-26"},{"lineNumber":6,"author":{"gitId":"maryjess"},"content":"import java.util.stream.Stream;","lastModifiedDate":"2022-08-26"},{"lineNumber":7,"author":{"gitId":"maryjess"},"content":"import java.util.stream.Collectors;","lastModifiedDate":"2022-08-26"},{"lineNumber":8,"author":{"gitId":"maryjess"},"content":"","lastModifiedDate":"2022-08-26"},{"lineNumber":9,"author":{"gitId":"maryjess"},"content":"public class TaskList {","lastModifiedDate":"2022-08-26"},{"lineNumber":10,"author":{"gitId":"maryjess"},"content":"    private ArrayList\u003cTask\u003e list;","lastModifiedDate":"2022-08-26"},{"lineNumber":11,"author":{"gitId":"maryjess"},"content":"","lastModifiedDate":"2022-08-26"},{"lineNumber":12,"author":{"gitId":"maryjess"},"content":"    public TaskList() {","lastModifiedDate":"2022-08-26"},{"lineNumber":13,"author":{"gitId":"maryjess"},"content":"        this.list \u003d new ArrayList\u003c\u003e();","lastModifiedDate":"2022-08-26"},{"lineNumber":14,"author":{"gitId":"maryjess"},"content":"    }","lastModifiedDate":"2022-08-26"},{"lineNumber":15,"author":{"gitId":"maryjess"},"content":"","lastModifiedDate":"2022-08-26"},{"lineNumber":16,"author":{"gitId":"maryjess"},"content":"    public TaskList(ArrayList\u003cString\u003e tasks) {","lastModifiedDate":"2022-08-26"},{"lineNumber":17,"author":{"gitId":"maryjess"},"content":"        this.list \u003d new ArrayList\u003c\u003e();","lastModifiedDate":"2022-08-26"},{"lineNumber":18,"author":{"gitId":"maryjess"},"content":"        Task newTask \u003d null;","lastModifiedDate":"2022-08-26"},{"lineNumber":19,"author":{"gitId":"maryjess"},"content":"        for (String task : tasks) {","lastModifiedDate":"2022-08-26"},{"lineNumber":20,"author":{"gitId":"maryjess"},"content":"            List\u003cString\u003e stringList \u003d Stream","lastModifiedDate":"2022-08-26"},{"lineNumber":21,"author":{"gitId":"maryjess"},"content":"                    .of(task.split(\"\\\\p{Punct}\"))","lastModifiedDate":"2022-08-26"},{"lineNumber":22,"author":{"gitId":"maryjess"},"content":"                    .map(e -\u003e new String(e))","lastModifiedDate":"2022-08-26"},{"lineNumber":23,"author":{"gitId":"maryjess"},"content":"                    .collect(Collectors.toList());","lastModifiedDate":"2022-08-26"},{"lineNumber":24,"author":{"gitId":"maryjess"},"content":"            String description \u003d stringList.get(2);","lastModifiedDate":"2022-08-26"},{"lineNumber":25,"author":{"gitId":"maryjess"},"content":"            boolean isDone \u003d stringList.get(1) \u003d\u003d \"X\" ? true : false;","lastModifiedDate":"2022-08-26"},{"lineNumber":26,"author":{"gitId":"maryjess"},"content":"            if (stringList.size() \u003d\u003d 3) {","lastModifiedDate":"2022-08-26"},{"lineNumber":27,"author":{"gitId":"maryjess"},"content":"                newTask \u003d new ToDo(description, isDone);","lastModifiedDate":"2022-08-26"},{"lineNumber":28,"author":{"gitId":"maryjess"},"content":"            } else {","lastModifiedDate":"2022-08-26"},{"lineNumber":29,"author":{"gitId":"maryjess"},"content":"                String code \u003d stringList.get(0);","lastModifiedDate":"2022-08-26"},{"lineNumber":30,"author":{"gitId":"maryjess"},"content":"                String stringDateTime \u003d stringList.get(3);","lastModifiedDate":"2022-08-26"},{"lineNumber":31,"author":{"gitId":"maryjess"},"content":"                LocalDateTime dateTime \u003d Parser.processDateTime(stringDateTime);","lastModifiedDate":"2022-08-26"},{"lineNumber":32,"author":{"gitId":"maryjess"},"content":"                if (code \u003d\u003d \"E\") {","lastModifiedDate":"2022-08-26"},{"lineNumber":33,"author":{"gitId":"maryjess"},"content":"                    newTask \u003d new Event(dateTime, description, isDone);","lastModifiedDate":"2022-08-26"},{"lineNumber":34,"author":{"gitId":"maryjess"},"content":"                } else {","lastModifiedDate":"2022-08-26"},{"lineNumber":35,"author":{"gitId":"maryjess"},"content":"                    newTask \u003d new Deadline(dateTime, description, isDone);","lastModifiedDate":"2022-08-26"},{"lineNumber":36,"author":{"gitId":"maryjess"},"content":"                }","lastModifiedDate":"2022-08-26"},{"lineNumber":37,"author":{"gitId":"maryjess"},"content":"            }","lastModifiedDate":"2022-08-26"},{"lineNumber":38,"author":{"gitId":"maryjess"},"content":"            this.list.add(newTask);","lastModifiedDate":"2022-08-26"},{"lineNumber":39,"author":{"gitId":"maryjess"},"content":"        }","lastModifiedDate":"2022-08-26"},{"lineNumber":40,"author":{"gitId":"maryjess"},"content":"    }","lastModifiedDate":"2022-08-26"},{"lineNumber":41,"author":{"gitId":"maryjess"},"content":"","lastModifiedDate":"2022-08-26"},{"lineNumber":42,"author":{"gitId":"maryjess"},"content":"    ","lastModifiedDate":"2022-08-26"},{"lineNumber":43,"author":{"gitId":"maryjess"},"content":"","lastModifiedDate":"2022-08-26"},{"lineNumber":44,"author":{"gitId":"maryjess"},"content":"    public ArrayList\u003cString\u003e extractToStringArray() {","lastModifiedDate":"2022-08-26"},{"lineNumber":45,"author":{"gitId":"maryjess"},"content":"        ArrayList\u003cString\u003e textArray \u003d new ArrayList\u003c\u003e();","lastModifiedDate":"2022-08-26"},{"lineNumber":46,"author":{"gitId":"maryjess"},"content":"        for (Task task : this.list) {","lastModifiedDate":"2022-08-26"},{"lineNumber":47,"author":{"gitId":"maryjess"},"content":"            String entry \u003d task.printText();","lastModifiedDate":"2022-08-26"},{"lineNumber":48,"author":{"gitId":"maryjess"},"content":"            textArray.add(entry);","lastModifiedDate":"2022-08-26"},{"lineNumber":49,"author":{"gitId":"maryjess"},"content":"        }","lastModifiedDate":"2022-08-26"},{"lineNumber":50,"author":{"gitId":"maryjess"},"content":"        return textArray;","lastModifiedDate":"2022-08-26"},{"lineNumber":51,"author":{"gitId":"maryjess"},"content":"    }","lastModifiedDate":"2022-08-26"},{"lineNumber":52,"author":{"gitId":"maryjess"},"content":"","lastModifiedDate":"2022-08-26"},{"lineNumber":53,"author":{"gitId":"maryjess"},"content":"    public boolean addTask(Task task) {","lastModifiedDate":"2022-08-26"},{"lineNumber":54,"author":{"gitId":"maryjess"},"content":"        boolean response \u003d this.list.add(task);","lastModifiedDate":"2022-08-26"},{"lineNumber":55,"author":{"gitId":"maryjess"},"content":"        return response;","lastModifiedDate":"2022-08-26"},{"lineNumber":56,"author":{"gitId":"maryjess"},"content":"    }","lastModifiedDate":"2022-08-26"},{"lineNumber":57,"author":{"gitId":"maryjess"},"content":"","lastModifiedDate":"2022-08-26"},{"lineNumber":58,"author":{"gitId":"maryjess"},"content":"    public Task deleteTask(int taskIndex) {","lastModifiedDate":"2022-08-26"},{"lineNumber":59,"author":{"gitId":"maryjess"},"content":"        Task removedTask \u003d this.list.remove(taskIndex);","lastModifiedDate":"2022-08-26"},{"lineNumber":60,"author":{"gitId":"maryjess"},"content":"        return removedTask;","lastModifiedDate":"2022-08-26"},{"lineNumber":61,"author":{"gitId":"maryjess"},"content":"    }","lastModifiedDate":"2022-08-26"},{"lineNumber":62,"author":{"gitId":"maryjess"},"content":"","lastModifiedDate":"2022-08-26"},{"lineNumber":63,"author":{"gitId":"maryjess"},"content":"    public Task markTask(int taskIndex) {","lastModifiedDate":"2022-08-26"},{"lineNumber":64,"author":{"gitId":"maryjess"},"content":"        this.list.get(taskIndex).markAsDone();","lastModifiedDate":"2022-08-26"},{"lineNumber":65,"author":{"gitId":"maryjess"},"content":"        return this.list.get(taskIndex);        ","lastModifiedDate":"2022-08-26"},{"lineNumber":66,"author":{"gitId":"maryjess"},"content":"    }","lastModifiedDate":"2022-08-26"},{"lineNumber":67,"author":{"gitId":"maryjess"},"content":"","lastModifiedDate":"2022-08-26"},{"lineNumber":68,"author":{"gitId":"maryjess"},"content":"    public Task unmarkTask(int taskIndex) {","lastModifiedDate":"2022-08-26"},{"lineNumber":69,"author":{"gitId":"maryjess"},"content":"        this.list.get(taskIndex).unmarkAsDone();","lastModifiedDate":"2022-08-26"},{"lineNumber":70,"author":{"gitId":"maryjess"},"content":"        return this.list.get(taskIndex);","lastModifiedDate":"2022-08-26"},{"lineNumber":71,"author":{"gitId":"maryjess"},"content":"    }","lastModifiedDate":"2022-08-26"},{"lineNumber":72,"author":{"gitId":"maryjess"},"content":"","lastModifiedDate":"2022-08-26"},{"lineNumber":73,"author":{"gitId":"maryjess"},"content":"    public int getNumberOfTasks() {","lastModifiedDate":"2022-08-26"},{"lineNumber":74,"author":{"gitId":"maryjess"},"content":"        return this.list.size();","lastModifiedDate":"2022-08-26"},{"lineNumber":75,"author":{"gitId":"maryjess"},"content":"    }","lastModifiedDate":"2022-08-26"},{"lineNumber":76,"author":{"gitId":"maryjess"},"content":"","lastModifiedDate":"2022-08-26"},{"lineNumber":77,"author":{"gitId":"maryjess"},"content":"    @Override","lastModifiedDate":"2022-08-26"},{"lineNumber":78,"author":{"gitId":"maryjess"},"content":"    public String toString() {","lastModifiedDate":"2022-08-26"},{"lineNumber":79,"author":{"gitId":"maryjess"},"content":"        if (this.list.isEmpty()) {","lastModifiedDate":"2022-08-26"},{"lineNumber":80,"author":{"gitId":"maryjess"},"content":"            return \"[No tasks available]\";","lastModifiedDate":"2022-08-26"},{"lineNumber":81,"author":{"gitId":"maryjess"},"content":"        }","lastModifiedDate":"2022-08-26"},{"lineNumber":82,"author":{"gitId":"maryjess"},"content":"        String result \u003d \"\";","lastModifiedDate":"2022-08-26"},{"lineNumber":83,"author":{"gitId":"maryjess"},"content":"        for (int i \u003d 1; i \u003c\u003d this.list.size(); ++i) {","lastModifiedDate":"2022-08-26"},{"lineNumber":84,"author":{"gitId":"maryjess"},"content":"            String index \u003d String.valueOf(i);","lastModifiedDate":"2022-08-26"},{"lineNumber":85,"author":{"gitId":"maryjess"},"content":"            String details \u003d \". \" + this.list.get(i - 1);","lastModifiedDate":"2022-08-26"},{"lineNumber":86,"author":{"gitId":"maryjess"},"content":"            result +\u003d index + details + \"\\n\";","lastModifiedDate":"2022-08-26"},{"lineNumber":87,"author":{"gitId":"maryjess"},"content":"        }","lastModifiedDate":"2022-08-26"},{"lineNumber":88,"author":{"gitId":"maryjess"},"content":"        return result;","lastModifiedDate":"2022-08-26"},{"lineNumber":89,"author":{"gitId":"maryjess"},"content":"    }","lastModifiedDate":"2022-08-26"},{"lineNumber":90,"author":{"gitId":"maryjess"},"content":"}","lastModifiedDate":"2022-08-26"}],"authorContributionMap":{"maryjess":90}},{"path":"src/main/java/duke/ToDo.java","fileType":"java","lines":[{"lineNumber":1,"author":{"gitId":"maryjess"},"content":"package duke;","lastModifiedDate":"2022-08-26"},{"lineNumber":2,"author":{"gitId":"maryjess"},"content":"","lastModifiedDate":"2022-08-26"},{"lineNumber":3,"author":{"gitId":"maryjess"},"content":"public class ToDo extends Task {","lastModifiedDate":"2022-08-18"},{"lineNumber":4,"author":{"gitId":"maryjess"},"content":"    public ToDo(String description) {","lastModifiedDate":"2022-08-18"},{"lineNumber":5,"author":{"gitId":"maryjess"},"content":"        super(description, \"T\");","lastModifiedDate":"2022-08-25"},{"lineNumber":6,"author":{"gitId":"maryjess"},"content":"    }","lastModifiedDate":"2022-08-18"},{"lineNumber":7,"author":{"gitId":"maryjess"},"content":"","lastModifiedDate":"2022-08-18"},{"lineNumber":8,"author":{"gitId":"maryjess"},"content":"    public ToDo(String description, boolean isDone) {","lastModifiedDate":"2022-08-26"},{"lineNumber":9,"author":{"gitId":"maryjess"},"content":"        super(description, \"T\", isDone);","lastModifiedDate":"2022-08-26"},{"lineNumber":10,"author":{"gitId":"maryjess"},"content":"    }","lastModifiedDate":"2022-08-26"},{"lineNumber":11,"author":{"gitId":"maryjess"},"content":"","lastModifiedDate":"2022-08-26"},{"lineNumber":12,"author":{"gitId":"maryjess"},"content":"    @Override","lastModifiedDate":"2022-08-18"},{"lineNumber":13,"author":{"gitId":"maryjess"},"content":"    public String toString() {","lastModifiedDate":"2022-08-18"},{"lineNumber":14,"author":{"gitId":"maryjess"},"content":"        return \"[\" + this.getCode() + \"]\" + super.toString();","lastModifiedDate":"2022-08-25"},{"lineNumber":15,"author":{"gitId":"maryjess"},"content":"    }","lastModifiedDate":"2022-08-18"},{"lineNumber":16,"author":{"gitId":"maryjess"},"content":"}","lastModifiedDate":"2022-08-18"}],"authorContributionMap":{"maryjess":16}},{"path":"src/main/java/duke/Ui.java","fileType":"java","lines":[{"lineNumber":1,"author":{"gitId":"maryjess"},"content":"package duke;","lastModifiedDate":"2022-08-26"},{"lineNumber":2,"author":{"gitId":"maryjess"},"content":"","lastModifiedDate":"2022-08-26"},{"lineNumber":3,"author":{"gitId":"maryjess"},"content":"public class Ui {","lastModifiedDate":"2022-08-26"},{"lineNumber":4,"author":{"gitId":"maryjess"},"content":"    protected String indent;","lastModifiedDate":"2022-08-26"},{"lineNumber":5,"author":{"gitId":"maryjess"},"content":"    protected String divider;","lastModifiedDate":"2022-08-26"},{"lineNumber":6,"author":{"gitId":"maryjess"},"content":"    protected String logo;","lastModifiedDate":"2022-08-26"},{"lineNumber":7,"author":{"gitId":"maryjess"},"content":"    protected String openingStatement;","lastModifiedDate":"2022-08-26"},{"lineNumber":8,"author":{"gitId":"maryjess"},"content":"    protected String exitStatement;","lastModifiedDate":"2022-08-26"},{"lineNumber":9,"author":{"gitId":"maryjess"},"content":"","lastModifiedDate":"2022-08-26"},{"lineNumber":10,"author":{"gitId":"maryjess"},"content":"    public Ui() {","lastModifiedDate":"2022-08-26"},{"lineNumber":11,"author":{"gitId":"maryjess"},"content":"        this.indent \u003d \"     \";","lastModifiedDate":"2022-08-26"},{"lineNumber":12,"author":{"gitId":"maryjess"},"content":"        this.divider \u003d \"  ____________________________________________________________\\n\";","lastModifiedDate":"2022-08-26"},{"lineNumber":13,"author":{"gitId":"maryjess"},"content":"        this.logo \u003d this.indent + \"____        _        \\n\"","lastModifiedDate":"2022-08-26"},{"lineNumber":14,"author":{"gitId":"maryjess"},"content":"                + this.indent + \"|  _ \\\\ _   _| | _____ \\n\"","lastModifiedDate":"2022-08-26"},{"lineNumber":15,"author":{"gitId":"maryjess"},"content":"                + this.indent + \"| | | | | | | |/ / _ \\\\\\n\"","lastModifiedDate":"2022-08-26"},{"lineNumber":16,"author":{"gitId":"maryjess"},"content":"                + this.indent + \"| |_| | |_| |   \u003c  __/\\n\"","lastModifiedDate":"2022-08-26"},{"lineNumber":17,"author":{"gitId":"maryjess"},"content":"                + this.indent + \"|____/ \\\\__,_|_|\\\\_\\\\___|\\n\\n\";","lastModifiedDate":"2022-08-26"},{"lineNumber":18,"author":{"gitId":"maryjess"},"content":"        this.openingStatement \u003d this.indent + \"Hello! I\u0027m Duke.\\n\"","lastModifiedDate":"2022-08-26"},{"lineNumber":19,"author":{"gitId":"maryjess"},"content":"                + this.indent + \"What can I do for you?\\n\";","lastModifiedDate":"2022-08-26"},{"lineNumber":20,"author":{"gitId":"maryjess"},"content":"        this.exitStatement \u003d this.indent + \"Bye. Hope to see you again soon! :)\\n\";","lastModifiedDate":"2022-08-26"},{"lineNumber":21,"author":{"gitId":"maryjess"},"content":"    }","lastModifiedDate":"2022-08-26"},{"lineNumber":22,"author":{"gitId":"maryjess"},"content":"","lastModifiedDate":"2022-08-26"},{"lineNumber":23,"author":{"gitId":"maryjess"},"content":"    public void showOpeningStatement() {","lastModifiedDate":"2022-08-26"},{"lineNumber":24,"author":{"gitId":"maryjess"},"content":"        System.out.println(this.divider + this.logo + this.openingStatement + this.divider);","lastModifiedDate":"2022-08-26"},{"lineNumber":25,"author":{"gitId":"maryjess"},"content":"    }","lastModifiedDate":"2022-08-26"},{"lineNumber":26,"author":{"gitId":"maryjess"},"content":"","lastModifiedDate":"2022-08-26"},{"lineNumber":27,"author":{"gitId":"maryjess"},"content":"    public void showExitStatement() {","lastModifiedDate":"2022-08-26"},{"lineNumber":28,"author":{"gitId":"maryjess"},"content":"        System.out.println(this.divider + this.exitStatement + this.divider);","lastModifiedDate":"2022-08-26"},{"lineNumber":29,"author":{"gitId":"maryjess"},"content":"    }","lastModifiedDate":"2022-08-26"},{"lineNumber":30,"author":{"gitId":"maryjess"},"content":"","lastModifiedDate":"2022-08-26"},{"lineNumber":31,"author":{"gitId":"maryjess"},"content":"    public void showLoadingError() {","lastModifiedDate":"2022-08-26"},{"lineNumber":32,"author":{"gitId":"maryjess"},"content":"        System.out.println(this.divider + this.indent + \"Oops, there is a loading error!\\n\" + this.divider);","lastModifiedDate":"2022-08-26"},{"lineNumber":33,"author":{"gitId":"maryjess"},"content":"    }","lastModifiedDate":"2022-08-26"},{"lineNumber":34,"author":{"gitId":"maryjess"},"content":"","lastModifiedDate":"2022-08-26"},{"lineNumber":35,"author":{"gitId":"maryjess"},"content":"    public void showTaskList(TaskList tasks) {","lastModifiedDate":"2022-08-26"},{"lineNumber":36,"author":{"gitId":"maryjess"},"content":"        String command \u003d \"Here are the tasks in your list:\\n\";","lastModifiedDate":"2022-08-26"},{"lineNumber":37,"author":{"gitId":"maryjess"},"content":"        System.out.println(this.divider + this.indent + command);","lastModifiedDate":"2022-08-26"},{"lineNumber":38,"author":{"gitId":"maryjess"},"content":"        System.out.println(tasks);","lastModifiedDate":"2022-08-26"},{"lineNumber":39,"author":{"gitId":"maryjess"},"content":"        System.out.println(this.divider);","lastModifiedDate":"2022-08-26"},{"lineNumber":40,"author":{"gitId":"maryjess"},"content":"    }","lastModifiedDate":"2022-08-26"},{"lineNumber":41,"author":{"gitId":"maryjess"},"content":"","lastModifiedDate":"2022-08-26"},{"lineNumber":42,"author":{"gitId":"maryjess"},"content":"    public void showMarkDone(Task task) {","lastModifiedDate":"2022-08-26"},{"lineNumber":43,"author":{"gitId":"maryjess"},"content":"        String command \u003d \"Nice! I\u0027ve marked this task as done:\";","lastModifiedDate":"2022-08-26"},{"lineNumber":44,"author":{"gitId":"maryjess"},"content":"        System.out.println(this.divider + this.indent + command);","lastModifiedDate":"2022-08-26"},{"lineNumber":45,"author":{"gitId":"maryjess"},"content":"        System.out.println(this.indent + this.indent + task + \"\\n\" + this.divider);","lastModifiedDate":"2022-08-26"},{"lineNumber":46,"author":{"gitId":"maryjess"},"content":"    }","lastModifiedDate":"2022-08-26"},{"lineNumber":47,"author":{"gitId":"maryjess"},"content":"","lastModifiedDate":"2022-08-26"},{"lineNumber":48,"author":{"gitId":"maryjess"},"content":"    public void showUnmarkDone(Task task) {","lastModifiedDate":"2022-08-26"},{"lineNumber":49,"author":{"gitId":"maryjess"},"content":"        System.out.println(this.divider + this.indent + \"Okay, I\u0027ve marked this task as not done yet:\\n\");","lastModifiedDate":"2022-08-26"},{"lineNumber":50,"author":{"gitId":"maryjess"},"content":"        System.out.println(this.indent + this.indent + task + \"\\n\" + this.divider);","lastModifiedDate":"2022-08-26"},{"lineNumber":51,"author":{"gitId":"maryjess"},"content":"    }","lastModifiedDate":"2022-08-26"},{"lineNumber":52,"author":{"gitId":"maryjess"},"content":"","lastModifiedDate":"2022-08-26"},{"lineNumber":53,"author":{"gitId":"maryjess"},"content":"    public void showAddTaskDone(Task task, int numberOfTasks) {","lastModifiedDate":"2022-08-26"},{"lineNumber":54,"author":{"gitId":"maryjess"},"content":"        String command \u003d \"Got it. I\u0027ve added this task:\\n\";","lastModifiedDate":"2022-08-26"},{"lineNumber":55,"author":{"gitId":"maryjess"},"content":"        System.out.println(this.divider + this.indent + command);","lastModifiedDate":"2022-08-26"},{"lineNumber":56,"author":{"gitId":"maryjess"},"content":"        System.out.println(this.indent + this.indent + task);","lastModifiedDate":"2022-08-26"},{"lineNumber":57,"author":{"gitId":"maryjess"},"content":"        System.out.println(this.indent + \"Now you have \" + numberOfTasks + \" tasks in your list.\\n\" + this.divider);","lastModifiedDate":"2022-08-26"},{"lineNumber":58,"author":{"gitId":"maryjess"},"content":"    }","lastModifiedDate":"2022-08-26"},{"lineNumber":59,"author":{"gitId":"maryjess"},"content":"","lastModifiedDate":"2022-08-26"},{"lineNumber":60,"author":{"gitId":"maryjess"},"content":"    public void showDeleteTaskDone(Task removedTask, int numberOfTasks) {","lastModifiedDate":"2022-08-26"},{"lineNumber":61,"author":{"gitId":"maryjess"},"content":"        System.out.println(this.divider + this.indent + \"Noted, I\u0027ve removed this task:\");","lastModifiedDate":"2022-08-26"},{"lineNumber":62,"author":{"gitId":"maryjess"},"content":"        System.out.println(this.indent + this.indent + removedTask);","lastModifiedDate":"2022-08-26"},{"lineNumber":63,"author":{"gitId":"maryjess"},"content":"        System.out.println(this.indent + \"Now you have \" + numberOfTasks + \" tasks in your list.\\n\" + this.divider);","lastModifiedDate":"2022-08-26"},{"lineNumber":64,"author":{"gitId":"maryjess"},"content":"    }","lastModifiedDate":"2022-08-26"},{"lineNumber":65,"author":{"gitId":"maryjess"},"content":"","lastModifiedDate":"2022-08-26"},{"lineNumber":66,"author":{"gitId":"maryjess"},"content":"    public void askWhichTask() {","lastModifiedDate":"2022-08-26"},{"lineNumber":67,"author":{"gitId":"maryjess"},"content":"        System.out.println(this.divider + this.indent + \"Wait, which task are you referring to?\\n\" + this.divider);","lastModifiedDate":"2022-08-26"},{"lineNumber":68,"author":{"gitId":"maryjess"},"content":"    }","lastModifiedDate":"2022-08-26"},{"lineNumber":69,"author":{"gitId":"maryjess"},"content":"","lastModifiedDate":"2022-08-26"},{"lineNumber":70,"author":{"gitId":"maryjess"},"content":"    public void showUnknownCommand() {","lastModifiedDate":"2022-08-26"},{"lineNumber":71,"author":{"gitId":"maryjess"},"content":"        System.out.println(this.divider + this.indent + \"Oops, sorry! I don\u0027t know what that means :(\\n\" + this.divider);","lastModifiedDate":"2022-08-26"},{"lineNumber":72,"author":{"gitId":"maryjess"},"content":"    }","lastModifiedDate":"2022-08-26"},{"lineNumber":73,"author":{"gitId":"maryjess"},"content":"","lastModifiedDate":"2022-08-26"},{"lineNumber":74,"author":{"gitId":"maryjess"},"content":"    public void printException(Exception e) {","lastModifiedDate":"2022-08-26"},{"lineNumber":75,"author":{"gitId":"maryjess"},"content":"        System.out.println(this.divider + this.indent + \"Error: \" + e + \"\\n\" + this.divider);","lastModifiedDate":"2022-08-26"},{"lineNumber":76,"author":{"gitId":"maryjess"},"content":"    }","lastModifiedDate":"2022-08-26"},{"lineNumber":77,"author":{"gitId":"maryjess"},"content":"}","lastModifiedDate":"2022-08-26"}],"authorContributionMap":{"maryjess":77}},{"path":"text-ui-test/input.txt","fileType":"txt","lines":[{"lineNumber":1,"author":{"gitId":"maryjess"},"content":"event project meeting /at 1pm","lastModifiedDate":"2022-08-18"},{"lineNumber":2,"author":{"gitId":"maryjess"},"content":"todo do laundry","lastModifiedDate":"2022-08-18"},{"lineNumber":3,"author":{"gitId":"maryjess"},"content":"list","lastModifiedDate":"2022-08-18"},{"lineNumber":4,"author":{"gitId":"maryjess"},"content":"mark 2","lastModifiedDate":"2022-08-18"},{"lineNumber":5,"author":{"gitId":"maryjess"},"content":"list","lastModifiedDate":"2022-08-18"},{"lineNumber":6,"author":{"gitId":"maryjess"},"content":"deadline CS2103 /by 2359 Thursday","lastModifiedDate":"2022-08-18"},{"lineNumber":7,"author":{"gitId":"maryjess"},"content":"deadline PHS3122 /by Friday morning","lastModifiedDate":"2022-08-18"},{"lineNumber":8,"author":{"gitId":"maryjess"},"content":"list","lastModifiedDate":"2022-08-18"},{"lineNumber":9,"author":{"gitId":"maryjess"},"content":"mark 3","lastModifiedDate":"2022-08-18"},{"lineNumber":10,"author":{"gitId":"maryjess"},"content":"event meet with prof /at 2pm","lastModifiedDate":"2022-08-18"},{"lineNumber":11,"author":{"gitId":"maryjess"},"content":"list","lastModifiedDate":"2022-08-18"},{"lineNumber":12,"author":{"gitId":"maryjess"},"content":"unmark 3","lastModifiedDate":"2022-08-18"},{"lineNumber":13,"author":{"gitId":"maryjess"},"content":"list","lastModifiedDate":"2022-08-18"},{"lineNumber":14,"author":{"gitId":"maryjess"},"content":"mark 1","lastModifiedDate":"2022-08-18"},{"lineNumber":15,"author":{"gitId":"maryjess"},"content":"mark 2","lastModifiedDate":"2022-08-18"},{"lineNumber":16,"author":{"gitId":"maryjess"},"content":"mark 3","lastModifiedDate":"2022-08-18"},{"lineNumber":17,"author":{"gitId":"maryjess"},"content":"unmark 2","lastModifiedDate":"2022-08-18"},{"lineNumber":18,"author":{"gitId":"maryjess"},"content":"list","lastModifiedDate":"2022-08-18"},{"lineNumber":19,"author":{"gitId":"maryjess"},"content":"bye","lastModifiedDate":"2022-08-18"}],"authorContributionMap":{"maryjess":19}},{"path":"text-ui-test/runtest.bat","fileType":"bat","lines":[{"lineNumber":1,"author":{"gitId":"-"},"content":"@ECHO OFF","lastModifiedDate":"2020-05-25"},{"lineNumber":2,"author":{"gitId":"-"},"content":"","lastModifiedDate":"2020-05-25"},{"lineNumber":3,"author":{"gitId":"-"},"content":"REM create bin directory if it doesn\u0027t exist","lastModifiedDate":"2020-05-25"},{"lineNumber":4,"author":{"gitId":"-"},"content":"if not exist ..\\bin mkdir ..\\bin","lastModifiedDate":"2020-05-25"},{"lineNumber":5,"author":{"gitId":"-"},"content":"","lastModifiedDate":"2020-05-25"},{"lineNumber":6,"author":{"gitId":"-"},"content":"REM delete output from previous run","lastModifiedDate":"2020-05-25"},{"lineNumber":7,"author":{"gitId":"-"},"content":"if exist ACTUAL.TXT del ACTUAL.TXT","lastModifiedDate":"2020-08-25"},{"lineNumber":8,"author":{"gitId":"-"},"content":"","lastModifiedDate":"2020-05-25"},{"lineNumber":9,"author":{"gitId":"-"},"content":"REM compile the code into the bin folder","lastModifiedDate":"2020-05-25"},{"lineNumber":10,"author":{"gitId":"-"},"content":"javac  -cp ..\\src\\main\\java -Xlint:none -d ..\\bin ..\\src\\main\\java\\*.java","lastModifiedDate":"2020-08-25"},{"lineNumber":11,"author":{"gitId":"-"},"content":"IF ERRORLEVEL 1 (","lastModifiedDate":"2020-05-25"},{"lineNumber":12,"author":{"gitId":"-"},"content":"    echo ********** BUILD FAILURE **********","lastModifiedDate":"2020-05-25"},{"lineNumber":13,"author":{"gitId":"-"},"content":"    exit /b 1","lastModifiedDate":"2020-05-25"},{"lineNumber":14,"author":{"gitId":"-"},"content":")","lastModifiedDate":"2020-05-25"},{"lineNumber":15,"author":{"gitId":"-"},"content":"REM no error here, errorlevel \u003d\u003d 0","lastModifiedDate":"2020-05-25"},{"lineNumber":16,"author":{"gitId":"-"},"content":"","lastModifiedDate":"2020-05-25"},{"lineNumber":17,"author":{"gitId":"-"},"content":"REM run the program, feed commands from input.txt file and redirect the output to the ACTUAL.TXT","lastModifiedDate":"2020-05-25"},{"lineNumber":18,"author":{"gitId":"-"},"content":"java -classpath ..\\bin Duke \u003c input.txt \u003e ACTUAL.TXT","lastModifiedDate":"2020-05-25"},{"lineNumber":19,"author":{"gitId":"-"},"content":"","lastModifiedDate":"2020-05-25"},{"lineNumber":20,"author":{"gitId":"-"},"content":"REM compare the output to the expected output","lastModifiedDate":"2020-05-25"},{"lineNumber":21,"author":{"gitId":"maryjess"},"content":"FC /w ACTUAL.TXT EXPECTED.TXT","lastModifiedDate":"2022-08-18"},{"lineNumber":22,"author":{"gitId":"maryjess"},"content":"","lastModifiedDate":"2022-08-18"},{"lineNumber":23,"author":{"gitId":"maryjess"},"content":"pause","lastModifiedDate":"2022-08-18"},{"lineNumber":24,"author":{"gitId":"maryjess"},"content":"","lastModifiedDate":"2022-08-18"}],"authorContributionMap":{"maryjess":4,"-":20}}]
