{"authorDailyContributionsMap":{"maryjess":[{"date":"2022-08-17","commitResults":[{"hash":"ffa13c0cfdb3a90ec599b56eae5b279f9bd39428","messageTitle":"Create Level-1","messageBody":"","tags":["Level-1"],"fileTypesAndContributionMap":{"java":{"insertions":26,"deletions":6}}},{"hash":"f5254d278a612d894c21b817cec9e2ace646aabb","messageTitle":"Tidy up code","messageBody":"","fileTypesAndContributionMap":{"java":{"insertions":6,"deletions":5}}},{"hash":"fcfe8e043cfd12c23a22681f6a7c7eb89ed6c901","messageTitle":"Create Level-2","messageBody":"","tags":["Level-2"],"fileTypesAndContributionMap":{"java":{"insertions":14,"deletions":1}}}]},{"date":"2022-08-18","commitResults":[{"hash":"d6f1eb3d79fd707efd32da8c9523f5392fe378c5","messageTitle":"Create Level-3","messageBody":"","tags":["Level-3"],"fileTypesAndContributionMap":{"java":{"insertions":51,"deletions":3}}},{"hash":"25b7cccab2ff8caeaa3f0a5f2887c7e9ae82da6d","messageTitle":"Create Level-4","messageBody":"","tags":["Level-4"],"fileTypesAndContributionMap":{"java":{"insertions":68,"deletions":4}}},{"hash":"98886f79e4a0d321dfe0ee5fc35df39c58708335","messageTitle":"Create automated text UI testing","messageBody":"","tags":["A-TextUiTesting"],"fileTypesAndContributionMap":{"txt":{"insertions":19,"deletions":0},"bat":{"insertions":4,"deletions":1}}},{"hash":"77df2ebc65881b585e55274a3ca31d2c715cb531","messageTitle":"Create Level-5","messageBody":"","tags":["Level-5"],"fileTypesAndContributionMap":{"java":{"insertions":40,"deletions":15}}},{"hash":"d2ec62e1b81372354101d9de26f90c1cf40ff5ea","messageTitle":"Create Level-6","messageBody":"","fileTypesAndContributionMap":{"java":{"insertions":13,"deletions":0}}},{"hash":"224563a45239d35bf604367074b3b2c008493187","messageTitle":"Additional error handling","messageBody":"","tags":["Level-6"],"fileTypesAndContributionMap":{"java":{"insertions":16,"deletions":9}}}]},{"date":"2022-08-25","commitResults":[{"hash":"11d78f5587d4ab3ee878630189ea6d05e67e6d2e","messageTitle":"Create Level-7","messageBody":"","fileTypesAndContributionMap":{"java":{"insertions":57,"deletions":7}}},{"hash":"c7f4bb26b446b79261ae0495550bbca495dbe128","messageTitle":"Create Level-8","messageBody":"","fileTypesAndContributionMap":{"java":{"insertions":61,"deletions":9}}},{"hash":"7648fba4cb39872c44c9a5c38e88cab361f66437","messageTitle":"Add get task at specific date","messageBody":"","fileTypesAndContributionMap":{"java":{"insertions":38,"deletions":8}}},{"hash":"32dbe244382aa9ffd668e2e1c61ab7f6bc9da10f","messageTitle":"Handle minor error","messageBody":"","tags":["Level-8"],"fileTypesAndContributionMap":{"java":{"insertions":3,"deletions":0}}}]},{"date":"2022-08-26","commitResults":[{"hash":"b326f07586d3c9c892246fd392ae6e100d232bbd","messageTitle":"Create A-MoreOOP","messageBody":"","tags":["A-MoreOOP","A-Enums"],"fileTypesAndContributionMap":{"java":{"insertions":433,"deletions":202}}}]}]},"authorFileTypeContributionMap":{"maryjess":{"java":563,"md":0,"fxml":0,"sh":0,"bat":4,"gradle":0,"txt":19}},"authorContributionVariance":{"maryjess":27709.973},"authorDisplayNameMap":{"maryjess":"JESS..TIJO"}}
