{"authorDailyContributionsMap":{"johnrhimawan":[{"date":"2022-08-17","commitResults":[{"hash":"7051b6872db9becfef6657991e9a547dd2cb0b85","messageTitle":"Add greet, echo, exit functionality","messageBody":"","tags":["Level-1"],"fileTypesAndContributionMap":{"java":{"insertions":44,"deletions":6}}},{"hash":"78cf80c59e365219968e9439c59cff292674287c","messageTitle":"Add add,list feature","messageBody":"","tags":["Level-2"],"fileTypesAndContributionMap":{"java":{"insertions":31,"deletions":5}}},{"hash":"e591024b749c1d50fdef998dcc3c601a42a0fe94","messageTitle":"Add indentation in displayList","messageBody":"","fileTypesAndContributionMap":{"java":{"insertions":3,"deletions":1}}}]},{"date":"2022-08-18","commitResults":[{"hash":"1038d27a6cc350c171b632b8cda439f3a751b485","messageTitle":"Add mark and unmark feature","messageBody":"","tags":["Level-3"],"fileTypesAndContributionMap":{"java":{"insertions":73,"deletions":19}}},{"hash":"ba97d1add83c1bb26a8cb4d1c918acb57f27d5a0","messageTitle":"Add todo, event, deadline tasks","messageBody":"","tags":["Level-4"],"fileTypesAndContributionMap":{"java":{"insertions":93,"deletions":16}}},{"hash":"d8d0ca4e8c767d3d644461589a1f7cf6eba2d65d","messageTitle":"Add automated text ui testing","messageBody":"","tags":["A-TextUiTesting"],"fileTypesAndContributionMap":{"txt":{"insertions":5,"deletions":0}}},{"hash":"eff707b934416aac62b81f80686c5215254ef289","messageTitle":"Add exception handling","messageBody":"","tags":["Level-5"],"fileTypesAndContributionMap":{"java":{"insertions":122,"deletions":32}}},{"hash":"5ab5a41fe1c89670a1277c3fa932912af86cd416","messageTitle":"Add delete feature","messageBody":"","tags":["Level-6"],"fileTypesAndContributionMap":{"java":{"insertions":30,"deletions":0}}},{"hash":"9d5e3c8b0b2cc9ba63b2d177c5fe446a877e5b73","messageTitle":"Add makeIndent method","messageBody":"","fileTypesAndContributionMap":{"java":{"insertions":19,"deletions":15}}},{"hash":"29183c86bdb86b87646c8240120460bfd1421ea9","messageTitle":"Remove extra space","messageBody":"","fileTypesAndContributionMap":{"java":{"insertions":2,"deletions":2}}},{"hash":"4112e7ea03ebcdd53a8647dc7719b0d577fdcbb5","messageTitle":"Add test case","messageBody":"","fileTypesAndContributionMap":{"txt":{"insertions":9,"deletions":2}}},{"hash":"db474da30deeb9cda358e88d61b3335bf693ebee","messageTitle":"Edit chatbot personality","messageBody":"","fileTypesAndContributionMap":{"java":{"insertions":7,"deletions":7}}}]},{"date":"2022-08-25","commitResults":[{"hash":"46a993a65adae7fdd1964899fee43f08548b6962","messageTitle":"Add write file feature","messageBody":"","tags":["Level-7"],"fileTypesAndContributionMap":{"txt":{"insertions":1,"deletions":0},"java":{"insertions":33,"deletions":0}}}]},{"date":"2022-08-26","commitResults":[{"hash":"131d892bd06e47962abd4a10dac2d808ae853a6d","messageTitle":"Add date format and suitable exception","messageBody":"","tags":["Level-8"],"fileTypesAndContributionMap":{"java":{"insertions":37,"deletions":16}}}]}]},"authorFileTypeContributionMap":{"johnrhimawan":{"java":380,"md":0,"fxml":0,"sh":0,"bat":0,"gradle":0,"txt":13}},"authorContributionVariance":{"johnrhimawan":12720.934},"authorDisplayNameMap":{"johnrhimawan":"CS2103T-T11-2 JOHN..AWAN"}}
