{"authorDailyContributionsMap":{"johnrhimawan":[{"date":"2022-08-17","commitResults":[{"hash":"7051b6872db9becfef6657991e9a547dd2cb0b85","messageTitle":"Add greet, echo, exit functionality","messageBody":"","tags":["Level-1"],"fileTypesAndContributionMap":{"java":{"insertions":44,"deletions":6}}},{"hash":"78cf80c59e365219968e9439c59cff292674287c","messageTitle":"Add add,list feature","messageBody":"","tags":["Level-2"],"fileTypesAndContributionMap":{"java":{"insertions":31,"deletions":5}}},{"hash":"e591024b749c1d50fdef998dcc3c601a42a0fe94","messageTitle":"Add indentation in displayList","messageBody":"","fileTypesAndContributionMap":{"java":{"insertions":3,"deletions":1}}}]},{"date":"2022-08-18","commitResults":[{"hash":"1038d27a6cc350c171b632b8cda439f3a751b485","messageTitle":"Add mark and unmark feature","messageBody":"","tags":["Level-3"],"fileTypesAndContributionMap":{"java":{"insertions":73,"deletions":19}}},{"hash":"ba97d1add83c1bb26a8cb4d1c918acb57f27d5a0","messageTitle":"Add todo, event, deadline tasks","messageBody":"","tags":["Level-4"],"fileTypesAndContributionMap":{"java":{"insertions":93,"deletions":16}}}]}]},"authorFileTypeContributionMap":{"johnrhimawan":{"java":202,"md":0,"fxml":0,"sh":0,"bat":0,"gradle":0,"txt":0}},"authorContributionVariance":{"johnrhimawan":5200.531},"authorDisplayNameMap":{"johnrhimawan":"JOHN..AWAN"}}
