{"authorDailyContributionsMap":{"marcuslowhuiyu":[{"date":"2022-08-18","commitResults":[{"hash":"c980080319d94bbf11ae4659a52e7f9112a0b21a","messageTitle":"Level-1: Greet, Echo, Exit","messageBody":"","tags":["Level-1"],"fileTypesAndContributionMap":{"java":{"insertions":2,"deletions":10}}},{"hash":"27e8a1d0b6add7d6305cf25d18ac77ac69bf3235","messageTitle":"Level-1: Greet, Echo, Exit","messageBody":"","fileTypesAndContributionMap":{"java":{"insertions":40,"deletions":1}}},{"hash":"49e5b50be2bb25ae2a94d95c9416a6f91f6d4437","messageTitle":"Level 2. Add, List","messageBody":"","tags":["Level-2","A-Classes"],"fileTypesAndContributionMap":{"java":{"insertions":28,"deletions":5}}},{"hash":"10c55cc96393c18428258c05bbadc066b5c4d328","messageTitle":"Level 3. Mark as Done","messageBody":"","tags":["Level-3"],"fileTypesAndContributionMap":{"java":{"insertions":38,"deletions":17}}},{"hash":"6a5b269d2a20efcdbabc155da6e61a5210d9ec4d","messageTitle":"Rename events to tasks","messageBody":"","fileTypesAndContributionMap":{"java":{"insertions":4,"deletions":4}}},{"hash":"18683ce174c68b66a45e123298434a6fd373506e","messageTitle":"Level 4. ToDos, Events, Deadlines","messageBody":"","tags":["Level-4","A-Inheritance"],"fileTypesAndContributionMap":{"java":{"insertions":77,"deletions":5}}},{"hash":"30e58ff81d74fa6d30ca03dae041ef909a855cd7","messageTitle":"A-TextUiTesting","messageBody":"","tags":["A-TextUiTesting"],"fileTypesAndContributionMap":{"txt":{"insertions":11,"deletions":0},"java":{"insertions":1,"deletions":1},"bat":{"insertions":1,"deletions":1}}},{"hash":"21d51ce8451e3d8d50d23cfd3e213f50b1ed6a5a","messageTitle":"Level 5. Handle Errors","messageBody":"","tags":["Level-5","A-Exceptions"],"fileTypesAndContributionMap":{"java":{"insertions":71,"deletions":43}}},{"hash":"9122626849abfc862198df346fef1219bee7eba7","messageTitle":"Level 6. Delete","messageBody":"","tags":["Level-6","A-Collections"],"fileTypesAndContributionMap":{"java":{"insertions":7,"deletions":7}}}]},{"date":"2022-08-24","commitResults":[{"hash":"d7f0622ab154e64000d4c72246c9dfa55dac52fd","messageTitle":"Level-7: Save Enabled writing to file after each addition of a task Modified the various tasks to write to the file in proper format Fixed errors with deadline and event","messageBody":"","tags":["Level-7"],"fileTypesAndContributionMap":{"txt":{"insertions":3,"deletions":0},"java":{"insertions":50,"deletions":3}}},{"hash":"75e380f9b512db8b0809905d523d74bc14a5a8ad","messageTitle":"Revert \"Level-7: Save\"","messageBody":"This reverts commit d7f0622ab154e64000d4c72246c9dfa55dac52fd.\n","fileTypesAndContributionMap":{"txt":{"insertions":0,"deletions":3},"java":{"insertions":3,"deletions":50}}},{"hash":"79236c3e4d3428abc1914b314bb942e2c19eca32","messageTitle":"Change for loops to enhanced for loops","messageBody":"","fileTypesAndContributionMap":{"java":{"insertions":4,"deletions":4}}},{"hash":"c714f9a112fa545471f88ae31ab3997185061e06","messageTitle":"Merge branch \u0027branch-Level-7\u0027 of https://github.com/marcuslowhuiyu/ip into branch-Level-7","messageBody":"# Conflicts:\n#\tsrc/main/java/Doris.java\n","fileTypesAndContributionMap":{"java":{"insertions":34,"deletions":11}}}]},{"date":"2022-08-25","commitResults":[{"hash":"d62fa254c87c703da09f133c64ae5965d6e4217f","messageTitle":"Level-8: Dates and Times Add support for localdatetime","messageBody":"","tags":["Level-8"],"fileTypesAndContributionMap":{"txt":{"insertions":1,"deletions":0},"java":{"insertions":28,"deletions":10}}}]},{"date":"2022-08-30","commitResults":[{"hash":"02fcf3fb5ce8956f4485c15d9a228a554899e670","messageTitle":"Refactor code to follow OOP principles","messageBody":"","tags":["A-Packages","A-MoreOOP"],"fileTypesAndContributionMap":{"txt":{"insertions":0,"deletions":1},"java":{"insertions":617,"deletions":222}}}]},{"date":"2022-09-05","commitResults":[{"hash":"39d3252bb8fbfe442affe45902ad7595c42b7936","messageTitle":"Add gradle support","messageBody":"","tags":["A-Gradle"],"fileTypesAndContributionMap":{"gradle":{"insertions":2,"deletions":2},"java":{"insertions":17,"deletions":15}}}]},{"date":"2022-09-14","commitResults":[{"hash":"d7ab693963f287ce72d9de4e1f450c4bf62d589e","messageTitle":"Add JUnit Tests","messageBody":"","tags":["A-Jar","A-JUnit"],"fileTypesAndContributionMap":{"java":{"insertions":37,"deletions":0}}},{"hash":"937fab89aa712341f23f265950fa068b768184da","messageTitle":"Build Jar files","messageBody":"","fileTypesAndContributionMap":{"gradle":{"insertions":14,"deletions":0}}}]}]},"authorFileTypeContributionMap":{"marcuslowhuiyu":{"java":683,"md":0,"fxml":0,"sh":0,"bat":1,"gradle":16,"txt":11}},"authorContributionVariance":{"marcuslowhuiyu":23867.67},"authorDisplayNameMap":{"marcuslowhuiyu":"CS2103T-T15-3 MARC..I YU"}}
