{"authorDailyContributionsMap":{"bryanljx":[{"date":"2022-08-16","commitResults":[{"hash":"cbdb45399bde50056d53a8f9d0bf6accbf5119cf","messageTitle":"Set up skeletal version of Duke","messageBody":"","fileTypesAndContributionMap":{"java":{"insertions":36,"deletions":10}}},{"hash":"e4406e0fa7dd9f81ab32618a901d4474360aaead","messageTitle":"Revert \"Set up skeletal version of Duke\"","messageBody":"This reverts commit cbdb45399bde50056d53a8f9d0bf6accbf5119cf.\n","fileTypesAndContributionMap":{"java":{"insertions":10,"deletions":36}}},{"hash":"295c10ab4886ea522fdcfd58995285b93d2c5303","messageTitle":"Set up skeletal version of Duke","messageBody":"","fileTypesAndContributionMap":{"java":{"insertions":37,"deletions":7}}},{"hash":"e904640d4d9e63cb83b8a6ed49050d124c902b8f","messageTitle":"Revert \"Set up skeletal version of Duke\"","messageBody":"This reverts commit 295c10ab4886ea522fdcfd58995285b93d2c5303.\n","fileTypesAndContributionMap":{"java":{"insertions":7,"deletions":37}}},{"hash":"48e4d08ca4735a96e15590435b9c8289c7aa70bb","messageTitle":"Set up skeletal version of Duke","messageBody":"","tags":["Level-1"],"fileTypesAndContributionMap":{"java":{"insertions":31,"deletions":6}}},{"hash":"b0343fe5f022a678e89b0d1b841c9a75feec268d","messageTitle":"Refactor text formatting to separate class","messageBody":"","fileTypesAndContributionMap":{"java":{"insertions":10,"deletions":0}}},{"hash":"747d7eff95b06b88958e9a8d39723e1a5f0e5764","messageTitle":"Add list that stores/display text entered by user","messageBody":"","tags":["Level-2"],"fileTypesAndContributionMap":{"java":{"insertions":37,"deletions":13}}},{"hash":"2a968a6fe23c765d71eec81240f3cbcd7d37d161","messageTitle":"Add Task that can be marked/unmarked","messageBody":"","fileTypesAndContributionMap":{"java":{"insertions":73,"deletions":23}}},{"hash":"ef2e2c2e8bfb96be6aa99c8024909228e5ad9b5d","messageTitle":"Refactor formatting of multiple lines to new function","messageBody":"","tags":["Level-3","A-Varargs"],"fileTypesAndContributionMap":{"java":{"insertions":19,"deletions":12}}}]},{"date":"2022-08-17","commitResults":[{"hash":"1af53d84f38f5501ec3c3a1a865ab3234e84e8ee","messageTitle":"Tidy variables and return types in Task","messageBody":"","fileTypesAndContributionMap":{"java":{"insertions":8,"deletions":5}}},{"hash":"92f60330b483e97057dba595797bfb5b14b24aa1","messageTitle":"Revert \"Tidy variables and return types in Task\"","messageBody":"This reverts commit 1af53d84f38f5501ec3c3a1a865ab3234e84e8ee.\n","fileTypesAndContributionMap":{"java":{"insertions":5,"deletions":8}}},{"hash":"8d0ffd12c55a5e92887506fbd557a3c102723292","messageTitle":"Add Task subclasses for todo, event, deadline","messageBody":"","fileTypesAndContributionMap":{"java":{"insertions":42,"deletions":8}}},{"hash":"c71124f23a6f2e0d2a2dc34fcb834c527a76abf6","messageTitle":"Update TaskList to match changes to Task","messageBody":"","fileTypesAndContributionMap":{"java":{"insertions":28,"deletions":7}}},{"hash":"4d6e203ee7dc1b7b533f677c2cf5ef7556f13b43","messageTitle":"Update duke to handle todo, event, deadline","messageBody":"","fileTypesAndContributionMap":{"java":{"insertions":44,"deletions":3}}},{"hash":"5aa7417ce18755af41f3ed8398b8ba61b1a6bbb6","messageTitle":"Fix regex to match / instead of \"","messageBody":"","fileTypesAndContributionMap":{"java":{"insertions":4,"deletions":4}}},{"hash":"f06be8e6a8a4f7a2cdb19612efc8af5709fe62e2","messageTitle":"Update comments to match regex change","messageBody":"","tags":["Level-4"],"fileTypesAndContributionMap":{"java":{"insertions":2,"deletions":2}}},{"hash":"5ce35d8ce60d3d30d99fdb4bc88c3968ca93f608","messageTitle":"Update test script and files to automate testing","messageBody":"","tags":["A-TextUiTesting"],"fileTypesAndContributionMap":{"txt":{"insertions":8,"deletions":0},"bat":{"insertions":2,"deletions":0}}},{"hash":"0f14bf5196b06457fc3154195b7ffb5c4b40c0c7","messageTitle":"Add error handling","messageBody":"","tags":["Level-5","A-Enums"],"fileTypesAndContributionMap":{"java":{"insertions":111,"deletions":74}}},{"hash":"41a199b5245ef5a9a8d2c920a7b8ad0b2d279680","messageTitle":"Add delete functionality to TaskList","messageBody":"","tags":["Level-6"],"fileTypesAndContributionMap":{"java":{"insertions":20,"deletions":1}}}]},{"date":"2022-08-25","commitResults":[{"hash":"8a5ae3118edce3de849db847362ec4683467c386","messageTitle":"Add encoding to Tasks classes and group them into task package","messageBody":"","fileTypesAndContributionMap":{"java":{"insertions":39,"deletions":1}}},{"hash":"87f307f3c136e1ee0c447efef8c3c101f7d8f1fa","messageTitle":"Refactor TextFormatter to Ui class placed in util package","messageBody":"","fileTypesAndContributionMap":{"java":{"insertions":11,"deletions":1}}},{"hash":"52cc63213b6959ac31c255c9780ae6f0cc9a75c8","messageTitle":"Refactor and move TaskList to tasklist package","messageBody":"","fileTypesAndContributionMap":{"java":{"insertions":13,"deletions":18}}},{"hash":"1695b301444bf8d94428e8b37da1b0b020ccf1e0","messageTitle":"Refactor DukeException and add unknown task encoding exception","messageBody":"","fileTypesAndContributionMap":{"java":{"insertions":7,"deletions":1}}},{"hash":"ed33f846a79134ef7b3a8c597f6a717239bfd396","messageTitle":"Add storage class","messageBody":"","fileTypesAndContributionMap":{"java":{"insertions":62,"deletions":0}}},{"hash":"308e10598e3addf9a7f4dccaf50729cb4a0c76a9","messageTitle":"Add Parser class to util pkg","messageBody":"","fileTypesAndContributionMap":{"java":{"insertions":78,"deletions":0}}},{"hash":"794e7d0929cbd95ed68b3eec6ba2b1301319724f","messageTitle":"Add Command abstract class","messageBody":"","fileTypesAndContributionMap":{"java":{"insertions":9,"deletions":0}}},{"hash":"2929330b5c480e5e014c78e9c2513a4bf2b9c984","messageTitle":"Move execution logic to relevant Command subclasses","messageBody":"","fileTypesAndContributionMap":{"java":{"insertions":142,"deletions":0}}},{"hash":"9301f1ff4b639e47c469329418f2468c7b732686","messageTitle":"Update Duke to match previous changes","messageBody":"","fileTypesAndContributionMap":{"java":{"insertions":40,"deletions":115}}},{"hash":"c9c36a4abab7a1b17f34da8b0c87992ac5e31e78","messageTitle":"Edit Duke to only parse /by or /at for Deadline and Event respectively","messageBody":"","fileTypesAndContributionMap":{"java":{"insertions":6,"deletions":4}}},{"hash":"c4e868dac5f4519d21ed8227f997aafd45e76962","messageTitle":"Add invalid datetime format exceptions","messageBody":"","fileTypesAndContributionMap":{"java":{"insertions":13,"deletions":1}}},{"hash":"f874ae40b329cfcf1c5512f14551b4b0733665b2","messageTitle":"Add Date classes","messageBody":"","fileTypesAndContributionMap":{"java":{"insertions":85,"deletions":0}}},{"hash":"8d840af53356914bca065007134b1d6ee6d8a116","messageTitle":"Update tasklist and tasks to use date classes","messageBody":"","fileTypesAndContributionMap":{"java":{"insertions":7,"deletions":7}}},{"hash":"e752e41b093c8a4b431d328b7c35cad9e2cfaee4","messageTitle":"Update Duke to match date changes","messageBody":"","tags":["Level-8"],"fileTypesAndContributionMap":{"java":{"insertions":4,"deletions":2}}},{"hash":"df1bf3cf9d6fb5ac93f1f46aa51e01204f89ef4e","messageTitle":"Move date classes to date pkg","messageBody":"","fileTypesAndContributionMap":{"java":{"insertions":64,"deletions":16}}},{"hash":"b934421b5c93e056191d7aa73a879d468e475b75","messageTitle":"Add encoding for Deadline/Event","messageBody":"","fileTypesAndContributionMap":{"java":{"insertions":6,"deletions":2}}},{"hash":"480e5b7d0a39471becb8662cff259ae1cb28bf34","messageTitle":"Fix regression in exception when resolving merge conflict","messageBody":"","fileTypesAndContributionMap":{"java":{"insertions":3,"deletions":3}}},{"hash":"ea5a64bffd32d0be150fac73953b3c71e3cbf23a","messageTitle":"Update Parser to proper parse Deadline/Event","messageBody":"","fileTypesAndContributionMap":{"java":{"insertions":16,"deletions":8}}},{"hash":"caba951f31e3b4c0bc9fef1e2988d98539b721e6","messageTitle":"Fix Storage not creating new save file if dir exists","messageBody":"","fileTypesAndContributionMap":{"java":{"insertions":2,"deletions":1}}}]},{"date":"2022-08-26","commitResults":[{"hash":"b3a1a2fe2492f2aaede193267c1ff1b6074ccb39","messageTitle":"Add stubs for Task class","messageBody":"","fileTypesAndContributionMap":{"java":{"insertions":60,"deletions":0}}},{"hash":"183db00b16734ee8918fe2761f91c782f55d42f0","messageTitle":"Add unit tests for TaskList","messageBody":"","fileTypesAndContributionMap":{"java":{"insertions":91,"deletions":0}}},{"hash":"090246c32877cf12223efa8cd419674a519ac7f2","messageTitle":"Add unit tests for Task subclasses","messageBody":"","tags":["A-JUnit"],"fileTypesAndContributionMap":{"java":{"insertions":123,"deletions":0}}}]},{"date":"2022-08-27","commitResults":[{"hash":"ad95c7642542d849a43b1d875ccd8dd7c1615fa5","messageTitle":"Update build.gradle on main class classname","messageBody":"","fileTypesAndContributionMap":{"gradle":{"insertions":1,"deletions":1}}},{"hash":"5c28d8e59810e254516ce88f58738d61962640cc","messageTitle":"Remove unnecessary println statement","messageBody":"","fileTypesAndContributionMap":{"java":{"insertions":0,"deletions":1}}},{"hash":"42eaf497b0475e0a59627ceb09673f4329013427","messageTitle":"Remove symbol from error messages","messageBody":"","tags":["A-Jar"],"fileTypesAndContributionMap":{"java":{"insertions":6,"deletions":6}}},{"hash":"4274021a0dd54b0612c02d91101d5fb122b1cd78","messageTitle":"Add find functionality to TaskList","messageBody":"","fileTypesAndContributionMap":{"java":{"insertions":17,"deletions":0}}},{"hash":"5c0c0f405bfb27cf21de5688c4818d3ba3cf934b","messageTitle":"Add find command","messageBody":"","fileTypesAndContributionMap":{"java":{"insertions":33,"deletions":0}}},{"hash":"28568987b991dfb976e1bc70194250e72db259d4","messageTitle":"Update Parse to parse find command","messageBody":"","tags":["Level-9"],"fileTypesAndContributionMap":{"java":{"insertions":4,"deletions":0}}},{"hash":"dad6c94785aadcfc3e06fd0578b1fb87e382f0ec","messageTitle":"Set up checkstyle with Gradle","messageBody":"","tags":["A-CheckStyle"],"fileTypesAndContributionMap":{"gradle":{"insertions":5,"deletions":0}}},{"hash":"c5739eab403ac63b2491fcad2ccb3bad6df2078c","messageTitle":"Fix coding style violations","messageBody":"","tags":["A-CodingStandard"],"fileTypesAndContributionMap":{"java":{"insertions":150,"deletions":123}}},{"hash":"7e0f0c2ede2fc18a7335c9f6698553568f6e4d98","messageTitle":"Add javadocs","messageBody":"Note that this branch is done after the A-CodingStandards when auto format on save in intelliJ was set up so there might be some files that were formatted as well.\n","tags":["A-JavaDoc"],"fileTypesAndContributionMap":{"java":{"insertions":498,"deletions":83}}},{"hash":"d3659f7495bd7c4dc89bb907a4e534d3247e3289","messageTitle":"Add javadocs for FindSearchTextCommand","messageBody":"","fileTypesAndContributionMap":{"java":{"insertions":13,"deletions":0}}}]},{"date":"2022-08-29","commitResults":[{"hash":"1d817e141ef18f11709228381ef520f90c849a11","messageTitle":"Add javadocs for Find functions","messageBody":"","fileTypesAndContributionMap":{"java":{"insertions":7,"deletions":3}}},{"hash":"ec31e4cb0caf3b0975dcb5e312b2e629ba446d3e","messageTitle":"Add import for @DisplayName annotation","messageBody":"","fileTypesAndContributionMap":{"java":{"insertions":3,"deletions":0}}}]},{"date":"2022-09-01","commitResults":[{"hash":"1f4342355c062b58c16671235a2714b2b2ade452","messageTitle":"Add javaFX to application","messageBody":"","fileTypesAndContributionMap":{"gradle":{"insertions":6,"deletions":0}}},{"hash":"6791a4f6f88eec6098d071bef0a7106f6da58ed5","messageTitle":"Modify Command classes to store/return output message","messageBody":"","fileTypesAndContributionMap":{"java":{"insertions":17,"deletions":8}}},{"hash":"e960b7d19bc4024ef3a0cb811159a9870ac94c82","messageTitle":"Add gui elements","messageBody":"","fileTypesAndContributionMap":{"java":{"insertions":177,"deletions":0}}},{"hash":"02ea18b497a44826facdff6e318c0a56809b184d","messageTitle":"Update Duke and Ui according to gui changes","messageBody":"","tags":["branch-Level-10","Level-10"],"fileTypesAndContributionMap":{"java":{"insertions":19,"deletions":25}}}]},{"date":"2022-09-07","commitResults":[{"hash":"61e5dec3eb0c27de525e97cb778122c4fc96d39d","messageTitle":"Add equals method for Date Time classes","messageBody":"","fileTypesAndContributionMap":{"java":{"insertions":47,"deletions":0}}},{"hash":"726da86087b624fb0bef4339da38e003956f5c6d","messageTitle":"Add equals method for Task classes","messageBody":"","fileTypesAndContributionMap":{"java":{"insertions":59,"deletions":0}}},{"hash":"fdce8bbbe71734c4f5c0061787dd3e202302a278","messageTitle":"Implement check for duplicated tasks in TaskList","messageBody":"","fileTypesAndContributionMap":{"java":{"insertions":3,"deletions":0}}},{"hash":"49f846a9d542c646a4f4eb9b0af66f44d37ce9a4","messageTitle":"Update AddTaskCommand to account for duplicated tasks","messageBody":"","fileTypesAndContributionMap":{"java":{"insertions":10,"deletions":2}}},{"hash":"e92068881437ee5ff950353611c2de54574de326","messageTitle":"Rectify error in date format for INVALID_EVENT_DATETIME_FORMAT","messageBody":"Date format for event datetime is `yyyy-mm-dd hh:mm:ss hh:mm:ss`,\nnot `yyyy-mm hh:mm:ss hh:mm:ss  hh:mm:ss`. This has been rectified\nin this commit.\n","fileTypesAndContributionMap":{"java":{"insertions":1,"deletions":1}}},{"hash":"a704a9da7951bfb45c4a9fb7762a10cb92a7f73a","messageTitle":"Add assertions after validating args where appropriate","messageBody":"Added validations after validating arguments/format\nfor Todo arguments, EventDateTime, and DeadlineDateTime.\n","fileTypesAndContributionMap":{"java":{"insertions":3,"deletions":0}}},{"hash":"88006fa7c9f3bb1e611edb9836718862f4276180","messageTitle":"Refactor string concatenation to use StringBuilder instead","messageBody":"There were a few cases where String concatenation was used within\na loop instead of StringBuilder, which is not ideal due to\nperformance reasons. This was fixed in this commit.\n","tags":["A-FullCommitMessage"],"fileTypesAndContributionMap":{"java":{"insertions":9,"deletions":9}}},{"hash":"6f82246223423946f91c94fd718b1c5c12663c8f","messageTitle":"Enable assertions in gradle file","messageBody":"","fileTypesAndContributionMap":{"gradle":{"insertions":1,"deletions":0}}}]},{"date":"2022-09-18","commitResults":[{"hash":"ce3cfa90f3cf03f1a13e1491ec2ae7fdbdd5113c","messageTitle":"Update User Guide","messageBody":"","tags":["A-UserGuide","A-Release"],"fileTypesAndContributionMap":{"md":{"insertions":172,"deletions":12}}}]}]},"authorFileTypeContributionMap":{"bryanljx":{"java":1779,"md":172,"fxml":0,"sh":0,"bat":2,"gradle":12,"txt":8}},"authorContributionVariance":{"bryanljx":44973.2},"authorDisplayNameMap":{"bryanljx":"CS2103T-W16-2 BRYA..IANG"}}
