[{"path":"src/main/java/Deadline.java","fileType":"java","lines":[{"lineNumber":1,"author":{"gitId":"MinHeinA"},"content":"import java.time.LocalDateTime;","lastModifiedDate":"2022-08-23"},{"lineNumber":2,"author":{"gitId":"MinHeinA"},"content":"import java.time.format.DateTimeFormatter;","lastModifiedDate":"2022-08-23"},{"lineNumber":3,"author":{"gitId":"MinHeinA"},"content":"import java.time.format.DateTimeParseException;","lastModifiedDate":"2022-08-23"},{"lineNumber":4,"author":{"gitId":"MinHeinA"},"content":"","lastModifiedDate":"2022-08-23"},{"lineNumber":5,"author":{"gitId":"MinHeinA"},"content":"public class Deadline extends Task {","lastModifiedDate":"2022-08-17"},{"lineNumber":6,"author":{"gitId":"MinHeinA"},"content":"    private LocalDateTime endDate;","lastModifiedDate":"2022-08-23"},{"lineNumber":7,"author":{"gitId":"MinHeinA"},"content":"","lastModifiedDate":"2022-08-17"},{"lineNumber":8,"author":{"gitId":"MinHeinA"},"content":"    public Deadline(String taskName, String endDate) throws DukeException{","lastModifiedDate":"2022-08-23"},{"lineNumber":9,"author":{"gitId":"MinHeinA"},"content":"        super(taskName);","lastModifiedDate":"2022-08-17"},{"lineNumber":10,"author":{"gitId":"MinHeinA"},"content":"        try {","lastModifiedDate":"2022-08-23"},{"lineNumber":11,"author":{"gitId":"MinHeinA"},"content":"            this.endDate \u003d LocalDateTime.parse(endDate, DateTimeFormatter.ofPattern(\"dd-MM-yyyy HHmm\"));","lastModifiedDate":"2022-08-23"},{"lineNumber":12,"author":{"gitId":"MinHeinA"},"content":"        } catch (DateTimeParseException dateTimeParseException){","lastModifiedDate":"2022-08-23"},{"lineNumber":13,"author":{"gitId":"MinHeinA"},"content":"            throw new DukeException(\"☹ OOPS!!! Cannot parse date. Enter date according to example, 02-12-2019 1800\");","lastModifiedDate":"2022-08-23"},{"lineNumber":14,"author":{"gitId":"MinHeinA"},"content":"        }","lastModifiedDate":"2022-08-23"},{"lineNumber":15,"author":{"gitId":"MinHeinA"},"content":"    }","lastModifiedDate":"2022-08-17"},{"lineNumber":16,"author":{"gitId":"MinHeinA"},"content":"","lastModifiedDate":"2022-08-17"},{"lineNumber":17,"author":{"gitId":"MinHeinA"},"content":"    @Override","lastModifiedDate":"2022-08-17"},{"lineNumber":18,"author":{"gitId":"MinHeinA"},"content":"    public String toString() {","lastModifiedDate":"2022-08-17"},{"lineNumber":19,"author":{"gitId":"MinHeinA"},"content":"        return \"[D]\" + super.toString() + \" (by: \" + this.endDate.format(DateTimeFormatter.ofPattern(\"MMM dd yyyy\")) + \")\";","lastModifiedDate":"2022-08-23"},{"lineNumber":20,"author":{"gitId":"MinHeinA"},"content":"    }","lastModifiedDate":"2022-08-17"},{"lineNumber":21,"author":{"gitId":"MinHeinA"},"content":"","lastModifiedDate":"2022-08-23"},{"lineNumber":22,"author":{"gitId":"MinHeinA"},"content":"    @Override","lastModifiedDate":"2022-08-23"},{"lineNumber":23,"author":{"gitId":"MinHeinA"},"content":"    public String toFileString() {","lastModifiedDate":"2022-08-23"},{"lineNumber":24,"author":{"gitId":"MinHeinA"},"content":"        return \"D\" + \"|\" + (this.getTaskStatus() ? \"1\" : \"0\") + \"|\" + this.getTaskName() + \"|\"","lastModifiedDate":"2022-08-25"},{"lineNumber":25,"author":{"gitId":"MinHeinA"},"content":"                + this.endDate.format(DateTimeFormatter.ofPattern(\"dd-MM-yyyy HHmm\"));","lastModifiedDate":"2022-08-25"},{"lineNumber":26,"author":{"gitId":"MinHeinA"},"content":"    }","lastModifiedDate":"2022-08-23"},{"lineNumber":27,"author":{"gitId":"MinHeinA"},"content":"}","lastModifiedDate":"2022-08-17"}],"authorContributionMap":{"MinHeinA":27}},{"path":"src/main/java/Duke.java","fileType":"java","lines":[{"lineNumber":1,"author":{"gitId":"-"},"content":"public class Duke {","lastModifiedDate":"2019-07-29"},{"lineNumber":2,"author":{"gitId":"MinHeinA"},"content":"    public Ui ui;","lastModifiedDate":"2022-08-25"},{"lineNumber":3,"author":{"gitId":"MinHeinA"},"content":"    public TaskList taskList;","lastModifiedDate":"2022-08-25"},{"lineNumber":4,"author":{"gitId":"MinHeinA"},"content":"    public Storage storage;","lastModifiedDate":"2022-08-25"},{"lineNumber":5,"author":{"gitId":"MinHeinA"},"content":"","lastModifiedDate":"2022-08-16"},{"lineNumber":6,"author":{"gitId":"MinHeinA"},"content":"    public Duke(String filePath) {","lastModifiedDate":"2022-08-25"},{"lineNumber":7,"author":{"gitId":"MinHeinA"},"content":"        ui \u003d new Ui();","lastModifiedDate":"2022-08-25"},{"lineNumber":8,"author":{"gitId":"MinHeinA"},"content":"        storage \u003d new Storage(filePath);","lastModifiedDate":"2022-08-25"},{"lineNumber":9,"author":{"gitId":"MinHeinA"},"content":"    }","lastModifiedDate":"2022-08-17"},{"lineNumber":10,"author":{"gitId":"MinHeinA"},"content":"","lastModifiedDate":"2022-08-17"},{"lineNumber":11,"author":{"gitId":"MinHeinA"},"content":"    public enum Keyword","lastModifiedDate":"2022-08-17"},{"lineNumber":12,"author":{"gitId":"MinHeinA"},"content":"    {","lastModifiedDate":"2022-08-17"},{"lineNumber":13,"author":{"gitId":"MinHeinA"},"content":"        EXIT(\"bye\"), LIST(\"list\"), TODO(\"todo\"), DEADLINE(\"deadline\"), EVENT(\"event\"), DELETE(\"delete\"), MARK(\"mark\"),","lastModifiedDate":"2022-08-17"},{"lineNumber":14,"author":{"gitId":"MinHeinA"},"content":"        UNMARK(\"unmark\");","lastModifiedDate":"2022-08-17"},{"lineNumber":15,"author":{"gitId":"MinHeinA"},"content":"","lastModifiedDate":"2022-08-17"},{"lineNumber":16,"author":{"gitId":"MinHeinA"},"content":"        private String keyword;","lastModifiedDate":"2022-08-17"},{"lineNumber":17,"author":{"gitId":"MinHeinA"},"content":"","lastModifiedDate":"2022-08-17"},{"lineNumber":18,"author":{"gitId":"MinHeinA"},"content":"        private Keyword(String keyword) {","lastModifiedDate":"2022-08-17"},{"lineNumber":19,"author":{"gitId":"MinHeinA"},"content":"            this.keyword \u003d keyword;","lastModifiedDate":"2022-08-17"},{"lineNumber":20,"author":{"gitId":"MinHeinA"},"content":"        }","lastModifiedDate":"2022-08-17"},{"lineNumber":21,"author":{"gitId":"MinHeinA"},"content":"","lastModifiedDate":"2022-08-17"},{"lineNumber":22,"author":{"gitId":"MinHeinA"},"content":"        public String getKeyword() {","lastModifiedDate":"2022-08-17"},{"lineNumber":23,"author":{"gitId":"MinHeinA"},"content":"            return this.keyword;","lastModifiedDate":"2022-08-17"},{"lineNumber":24,"author":{"gitId":"MinHeinA"},"content":"        }","lastModifiedDate":"2022-08-17"},{"lineNumber":25,"author":{"gitId":"MinHeinA"},"content":"    }","lastModifiedDate":"2022-08-17"},{"lineNumber":26,"author":{"gitId":"MinHeinA"},"content":"","lastModifiedDate":"2022-08-17"},{"lineNumber":27,"author":{"gitId":"MinHeinA"},"content":"    private boolean processUserInput(String userInput) throws DukeException{","lastModifiedDate":"2022-08-25"},{"lineNumber":28,"author":{"gitId":"MinHeinA"},"content":"        String command;","lastModifiedDate":"2022-08-17"},{"lineNumber":29,"author":{"gitId":"MinHeinA"},"content":"        String taskDetails;","lastModifiedDate":"2022-08-17"},{"lineNumber":30,"author":{"gitId":"MinHeinA"},"content":"","lastModifiedDate":"2022-08-16"},{"lineNumber":31,"author":{"gitId":"MinHeinA"},"content":"        if (userInput.isEmpty()) {","lastModifiedDate":"2022-08-17"},{"lineNumber":32,"author":{"gitId":"MinHeinA"},"content":"            throw new DukeException(\"☹ OOPS!!! The user input cannot be empty.\");","lastModifiedDate":"2022-08-17"},{"lineNumber":33,"author":{"gitId":"MinHeinA"},"content":"        }","lastModifiedDate":"2022-08-17"},{"lineNumber":34,"author":{"gitId":"MinHeinA"},"content":"        command \u003d userInput.split(\" \")[0];","lastModifiedDate":"2022-08-16"},{"lineNumber":35,"author":{"gitId":"MinHeinA"},"content":"        if (command.equals(Keyword.EXIT.getKeyword())) {","lastModifiedDate":"2022-08-17"},{"lineNumber":36,"author":{"gitId":"MinHeinA"},"content":"            ui.printFarewellMessage();","lastModifiedDate":"2022-08-25"},{"lineNumber":37,"author":{"gitId":"MinHeinA"},"content":"            return true;","lastModifiedDate":"2022-08-17"},{"lineNumber":38,"author":{"gitId":"MinHeinA"},"content":"        } else if (command.equals(Keyword.LIST.getKeyword())) {","lastModifiedDate":"2022-08-17"},{"lineNumber":39,"author":{"gitId":"MinHeinA"},"content":"            taskList.printTaskList();","lastModifiedDate":"2022-08-25"},{"lineNumber":40,"author":{"gitId":"MinHeinA"},"content":"        } else if (command.equals(Keyword.MARK.getKeyword()) || command.equals(Keyword.UNMARK.getKeyword())) {","lastModifiedDate":"2022-08-17"},{"lineNumber":41,"author":{"gitId":"MinHeinA"},"content":"            if (userInput.split(\" \").length \u003d\u003d 1) {","lastModifiedDate":"2022-08-17"},{"lineNumber":42,"author":{"gitId":"MinHeinA"},"content":"                throw new DukeException(\"☹ OOPS!!! The mark/unmark command cannot have a missing index.\");","lastModifiedDate":"2022-08-17"},{"lineNumber":43,"author":{"gitId":"MinHeinA"},"content":"            }","lastModifiedDate":"2022-08-17"},{"lineNumber":44,"author":{"gitId":"MinHeinA"},"content":"            String index \u003d userInput.split(\" \")[1];","lastModifiedDate":"2022-08-16"},{"lineNumber":45,"author":{"gitId":"MinHeinA"},"content":"            taskList.updateTaskStatus(Integer.parseInt(index), (command.equals(Keyword.MARK.getKeyword()) ? true : false));","lastModifiedDate":"2022-08-25"},{"lineNumber":46,"author":{"gitId":"MinHeinA"},"content":"        } else {","lastModifiedDate":"2022-08-16"},{"lineNumber":47,"author":{"gitId":"MinHeinA"},"content":"            Task task;","lastModifiedDate":"2022-08-17"},{"lineNumber":48,"author":{"gitId":"MinHeinA"},"content":"            if (userInput.split(\" \", 2).length \u003d\u003d 1) {","lastModifiedDate":"2022-08-17"},{"lineNumber":49,"author":{"gitId":"MinHeinA"},"content":"                if (command.equals(Keyword.TODO.getKeyword())) {","lastModifiedDate":"2022-08-17"},{"lineNumber":50,"author":{"gitId":"MinHeinA"},"content":"                    throw new DukeException(\"☹ OOPS!!! The description of a todo cannot be empty.\");","lastModifiedDate":"2022-08-17"},{"lineNumber":51,"author":{"gitId":"MinHeinA"},"content":"                } else if (command.equals(Keyword.EVENT.getKeyword())) {","lastModifiedDate":"2022-08-17"},{"lineNumber":52,"author":{"gitId":"MinHeinA"},"content":"                    throw new DukeException(\"☹ OOPS!!! The description of a event cannot be empty.\");","lastModifiedDate":"2022-08-17"},{"lineNumber":53,"author":{"gitId":"MinHeinA"},"content":"                } else if (command.equals(Keyword.DEADLINE.getKeyword())) {","lastModifiedDate":"2022-08-17"},{"lineNumber":54,"author":{"gitId":"MinHeinA"},"content":"                    throw new DukeException(\"☹ OOPS!!! The description of a deadline cannot be empty.\");","lastModifiedDate":"2022-08-17"},{"lineNumber":55,"author":{"gitId":"MinHeinA"},"content":"                } else if (command.equals(Keyword.DEADLINE.getKeyword())) {","lastModifiedDate":"2022-08-17"},{"lineNumber":56,"author":{"gitId":"MinHeinA"},"content":"                    throw new DukeException(\"☹ OOPS!!! The delete command cannot have a missing index.\");","lastModifiedDate":"2022-08-17"},{"lineNumber":57,"author":{"gitId":"MinHeinA"},"content":"                } else {","lastModifiedDate":"2022-08-17"},{"lineNumber":58,"author":{"gitId":"MinHeinA"},"content":"                    throw new DukeException(\"☹ OOPS!!! I\u0027m sorry, but I don\u0027t know what that means :-(\");","lastModifiedDate":"2022-08-17"},{"lineNumber":59,"author":{"gitId":"MinHeinA"},"content":"                }","lastModifiedDate":"2022-08-17"},{"lineNumber":60,"author":{"gitId":"MinHeinA"},"content":"            }","lastModifiedDate":"2022-08-17"},{"lineNumber":61,"author":{"gitId":"MinHeinA"},"content":"            taskDetails \u003d userInput.split(\" \", 2)[1];","lastModifiedDate":"2022-08-17"},{"lineNumber":62,"author":{"gitId":"MinHeinA"},"content":"            if (command.equals(Keyword.TODO.getKeyword())) {","lastModifiedDate":"2022-08-17"},{"lineNumber":63,"author":{"gitId":"MinHeinA"},"content":"                task \u003d new Todo(taskDetails);","lastModifiedDate":"2022-08-17"},{"lineNumber":64,"author":{"gitId":"MinHeinA"},"content":"                taskList.addTask(task);","lastModifiedDate":"2022-08-25"},{"lineNumber":65,"author":{"gitId":"MinHeinA"},"content":"            } else if (command.equals(Keyword.EVENT.getKeyword())) {","lastModifiedDate":"2022-08-17"},{"lineNumber":66,"author":{"gitId":"MinHeinA"},"content":"                task \u003d new Event(taskDetails.split(\"/\")[0], taskDetails.split(\"/\")[1].split(\" \", 2)[1]);","lastModifiedDate":"2022-08-17"},{"lineNumber":67,"author":{"gitId":"MinHeinA"},"content":"                taskList.addTask(task);","lastModifiedDate":"2022-08-25"},{"lineNumber":68,"author":{"gitId":"MinHeinA"},"content":"            } else if (command.equals(Keyword.DEADLINE.getKeyword())) {","lastModifiedDate":"2022-08-17"},{"lineNumber":69,"author":{"gitId":"MinHeinA"},"content":"                task \u003d new Deadline(taskDetails.split(\"/\")[0], taskDetails.split(\"/\")[1].split(\" \", 2)[1]);","lastModifiedDate":"2022-08-17"},{"lineNumber":70,"author":{"gitId":"MinHeinA"},"content":"                taskList.addTask(task);","lastModifiedDate":"2022-08-25"},{"lineNumber":71,"author":{"gitId":"MinHeinA"},"content":"            }  else if (command.equals(Keyword.DELETE.getKeyword())) {","lastModifiedDate":"2022-08-17"},{"lineNumber":72,"author":{"gitId":"MinHeinA"},"content":"                int taskIndex \u003d Integer.parseInt(taskDetails);","lastModifiedDate":"2022-08-17"},{"lineNumber":73,"author":{"gitId":"MinHeinA"},"content":"                taskList.deleteTask(taskIndex);","lastModifiedDate":"2022-08-25"},{"lineNumber":74,"author":{"gitId":"MinHeinA"},"content":"            } else {","lastModifiedDate":"2022-08-17"},{"lineNumber":75,"author":{"gitId":"MinHeinA"},"content":"                throw new DukeException(\"☹ OOPS!!! I\u0027m sorry, but I don\u0027t know what that means :-(\");","lastModifiedDate":"2022-08-17"},{"lineNumber":76,"author":{"gitId":"MinHeinA"},"content":"            }","lastModifiedDate":"2022-08-17"},{"lineNumber":77,"author":{"gitId":"MinHeinA"},"content":"        }","lastModifiedDate":"2022-08-17"},{"lineNumber":78,"author":{"gitId":"MinHeinA"},"content":"        return false;","lastModifiedDate":"2022-08-17"},{"lineNumber":79,"author":{"gitId":"MinHeinA"},"content":"    }","lastModifiedDate":"2022-08-17"},{"lineNumber":80,"author":{"gitId":"MinHeinA"},"content":"","lastModifiedDate":"2022-08-17"},{"lineNumber":81,"author":{"gitId":"MinHeinA"},"content":"    public void run() {","lastModifiedDate":"2022-08-25"},{"lineNumber":82,"author":{"gitId":"MinHeinA"},"content":"        ui.printGreetingMessage();","lastModifiedDate":"2022-08-25"},{"lineNumber":83,"author":{"gitId":"MinHeinA"},"content":"        taskList \u003d new TaskList(storage.loadTaskList());","lastModifiedDate":"2022-08-25"},{"lineNumber":84,"author":{"gitId":"MinHeinA"},"content":"        String userInput;","lastModifiedDate":"2022-08-17"},{"lineNumber":85,"author":{"gitId":"MinHeinA"},"content":"","lastModifiedDate":"2022-08-17"},{"lineNumber":86,"author":{"gitId":"MinHeinA"},"content":"        while(true) {","lastModifiedDate":"2022-08-17"},{"lineNumber":87,"author":{"gitId":"MinHeinA"},"content":"            userInput \u003d ui.getUserInput();","lastModifiedDate":"2022-08-25"},{"lineNumber":88,"author":{"gitId":"MinHeinA"},"content":"            try {","lastModifiedDate":"2022-08-17"},{"lineNumber":89,"author":{"gitId":"MinHeinA"},"content":"                Boolean exitCommand \u003d processUserInput(userInput);","lastModifiedDate":"2022-08-25"},{"lineNumber":90,"author":{"gitId":"MinHeinA"},"content":"                if (exitCommand) {","lastModifiedDate":"2022-08-17"},{"lineNumber":91,"author":{"gitId":"MinHeinA"},"content":"                    storage.saveTaskList(taskList.getTaskList());","lastModifiedDate":"2022-08-25"},{"lineNumber":92,"author":{"gitId":"MinHeinA"},"content":"                    break;","lastModifiedDate":"2022-08-17"},{"lineNumber":93,"author":{"gitId":"MinHeinA"},"content":"                }","lastModifiedDate":"2022-08-17"},{"lineNumber":94,"author":{"gitId":"MinHeinA"},"content":"            } catch (DukeException exception) {","lastModifiedDate":"2022-08-17"},{"lineNumber":95,"author":{"gitId":"MinHeinA"},"content":"                ui.printMessage(exception.toString());","lastModifiedDate":"2022-08-25"},{"lineNumber":96,"author":{"gitId":"MinHeinA"},"content":"            }","lastModifiedDate":"2022-08-25"},{"lineNumber":97,"author":{"gitId":"MinHeinA"},"content":"        }","lastModifiedDate":"2022-08-16"},{"lineNumber":98,"author":{"gitId":"MinHeinA"},"content":"    }","lastModifiedDate":"2022-08-16"},{"lineNumber":99,"author":{"gitId":"MinHeinA"},"content":"","lastModifiedDate":"2022-08-25"},{"lineNumber":100,"author":{"gitId":"-"},"content":"    public static void main(String[] args) {","lastModifiedDate":"2022-08-25"},{"lineNumber":101,"author":{"gitId":"MinHeinA"},"content":"        Duke duke \u003d new Duke(\"data/duke.txt\");","lastModifiedDate":"2022-08-25"},{"lineNumber":102,"author":{"gitId":"MinHeinA"},"content":"        duke.run();","lastModifiedDate":"2022-08-25"},{"lineNumber":103,"author":{"gitId":"-"},"content":"    }","lastModifiedDate":"2019-07-29"},{"lineNumber":104,"author":{"gitId":"-"},"content":"}","lastModifiedDate":"2019-07-29"}],"authorContributionMap":{"MinHeinA":100,"-":4}},{"path":"src/main/java/DukeException.java","fileType":"java","lines":[{"lineNumber":1,"author":{"gitId":"MinHeinA"},"content":"public class DukeException extends Exception{","lastModifiedDate":"2022-08-17"},{"lineNumber":2,"author":{"gitId":"MinHeinA"},"content":"    public DukeException(String errorMessage) {","lastModifiedDate":"2022-08-17"},{"lineNumber":3,"author":{"gitId":"MinHeinA"},"content":"        super(errorMessage);","lastModifiedDate":"2022-08-17"},{"lineNumber":4,"author":{"gitId":"MinHeinA"},"content":"    }","lastModifiedDate":"2022-08-17"},{"lineNumber":5,"author":{"gitId":"MinHeinA"},"content":"","lastModifiedDate":"2022-08-17"},{"lineNumber":6,"author":{"gitId":"MinHeinA"},"content":"    @Override","lastModifiedDate":"2022-08-17"},{"lineNumber":7,"author":{"gitId":"MinHeinA"},"content":"    public String toString() {","lastModifiedDate":"2022-08-17"},{"lineNumber":8,"author":{"gitId":"MinHeinA"},"content":"        String message \u003d super.getMessage();","lastModifiedDate":"2022-08-17"},{"lineNumber":9,"author":{"gitId":"MinHeinA"},"content":"        return message;","lastModifiedDate":"2022-08-17"},{"lineNumber":10,"author":{"gitId":"MinHeinA"},"content":"    }","lastModifiedDate":"2022-08-17"},{"lineNumber":11,"author":{"gitId":"MinHeinA"},"content":"}","lastModifiedDate":"2022-08-17"}],"authorContributionMap":{"MinHeinA":11}},{"path":"src/main/java/Event.java","fileType":"java","lines":[{"lineNumber":1,"author":{"gitId":"MinHeinA"},"content":"import java.time.LocalDateTime;","lastModifiedDate":"2022-08-23"},{"lineNumber":2,"author":{"gitId":"MinHeinA"},"content":"import java.time.format.DateTimeFormatter;","lastModifiedDate":"2022-08-23"},{"lineNumber":3,"author":{"gitId":"MinHeinA"},"content":"import java.time.format.DateTimeParseException;","lastModifiedDate":"2022-08-23"},{"lineNumber":4,"author":{"gitId":"MinHeinA"},"content":"","lastModifiedDate":"2022-08-23"},{"lineNumber":5,"author":{"gitId":"MinHeinA"},"content":"public class Event extends Task {","lastModifiedDate":"2022-08-17"},{"lineNumber":6,"author":{"gitId":"MinHeinA"},"content":"    private LocalDateTime time;","lastModifiedDate":"2022-08-23"},{"lineNumber":7,"author":{"gitId":"MinHeinA"},"content":"","lastModifiedDate":"2022-08-17"},{"lineNumber":8,"author":{"gitId":"MinHeinA"},"content":"    public Event(String taskName, String time) throws DukeException {","lastModifiedDate":"2022-08-23"},{"lineNumber":9,"author":{"gitId":"MinHeinA"},"content":"        super(taskName);","lastModifiedDate":"2022-08-17"},{"lineNumber":10,"author":{"gitId":"MinHeinA"},"content":"        try {","lastModifiedDate":"2022-08-23"},{"lineNumber":11,"author":{"gitId":"MinHeinA"},"content":"            this.time \u003d LocalDateTime.parse(time, DateTimeFormatter.ofPattern(\"dd-MM-yyyy HHmm\"));","lastModifiedDate":"2022-08-23"},{"lineNumber":12,"author":{"gitId":"MinHeinA"},"content":"        } catch (DateTimeParseException dateTimeParseException){","lastModifiedDate":"2022-08-23"},{"lineNumber":13,"author":{"gitId":"MinHeinA"},"content":"            throw new DukeException(\"☹ OOPS!!! Cannot parse date. Enter date according to example, 02-12-2019 1800\");","lastModifiedDate":"2022-08-23"},{"lineNumber":14,"author":{"gitId":"MinHeinA"},"content":"        }","lastModifiedDate":"2022-08-23"},{"lineNumber":15,"author":{"gitId":"MinHeinA"},"content":"    }","lastModifiedDate":"2022-08-17"},{"lineNumber":16,"author":{"gitId":"MinHeinA"},"content":"","lastModifiedDate":"2022-08-17"},{"lineNumber":17,"author":{"gitId":"MinHeinA"},"content":"    @Override","lastModifiedDate":"2022-08-17"},{"lineNumber":18,"author":{"gitId":"MinHeinA"},"content":"    public String toString() {","lastModifiedDate":"2022-08-17"},{"lineNumber":19,"author":{"gitId":"MinHeinA"},"content":"        return \"[E]\" + super.toString() + \" (at: \"","lastModifiedDate":"2022-08-23"},{"lineNumber":20,"author":{"gitId":"MinHeinA"},"content":"                + this.time.format(DateTimeFormatter.ofPattern(\"MMM dd yyyy\")) + \")\";","lastModifiedDate":"2022-08-23"},{"lineNumber":21,"author":{"gitId":"MinHeinA"},"content":"    }","lastModifiedDate":"2022-08-17"},{"lineNumber":22,"author":{"gitId":"MinHeinA"},"content":"","lastModifiedDate":"2022-08-23"},{"lineNumber":23,"author":{"gitId":"MinHeinA"},"content":"    @Override","lastModifiedDate":"2022-08-23"},{"lineNumber":24,"author":{"gitId":"MinHeinA"},"content":"    public String toFileString() {","lastModifiedDate":"2022-08-23"},{"lineNumber":25,"author":{"gitId":"MinHeinA"},"content":"        return \"E\" + \"|\" + (this.getTaskStatus() ? \"1\" : \"0\") + \"|\" + this.getTaskName() + \"|\"","lastModifiedDate":"2022-08-25"},{"lineNumber":26,"author":{"gitId":"MinHeinA"},"content":"                + this.time.format(DateTimeFormatter.ofPattern(\"dd-MM-yyyy HHmm\"));","lastModifiedDate":"2022-08-25"},{"lineNumber":27,"author":{"gitId":"MinHeinA"},"content":"    }","lastModifiedDate":"2022-08-23"},{"lineNumber":28,"author":{"gitId":"MinHeinA"},"content":"}","lastModifiedDate":"2022-08-17"}],"authorContributionMap":{"MinHeinA":28}},{"path":"src/main/java/Storage.java","fileType":"java","lines":[{"lineNumber":1,"author":{"gitId":"MinHeinA"},"content":"import java.io.File;","lastModifiedDate":"2022-08-25"},{"lineNumber":2,"author":{"gitId":"MinHeinA"},"content":"import java.io.FileNotFoundException;","lastModifiedDate":"2022-08-25"},{"lineNumber":3,"author":{"gitId":"MinHeinA"},"content":"import java.io.FileWriter;","lastModifiedDate":"2022-08-25"},{"lineNumber":4,"author":{"gitId":"MinHeinA"},"content":"import java.io.IOException;","lastModifiedDate":"2022-08-25"},{"lineNumber":5,"author":{"gitId":"MinHeinA"},"content":"import java.util.ArrayList;","lastModifiedDate":"2022-08-25"},{"lineNumber":6,"author":{"gitId":"MinHeinA"},"content":"import java.util.Scanner;","lastModifiedDate":"2022-08-25"},{"lineNumber":7,"author":{"gitId":"MinHeinA"},"content":"","lastModifiedDate":"2022-08-25"},{"lineNumber":8,"author":{"gitId":"MinHeinA"},"content":"public class Storage {","lastModifiedDate":"2022-08-25"},{"lineNumber":9,"author":{"gitId":"MinHeinA"},"content":"","lastModifiedDate":"2022-08-25"},{"lineNumber":10,"author":{"gitId":"MinHeinA"},"content":"    private Ui ui;","lastModifiedDate":"2022-08-25"},{"lineNumber":11,"author":{"gitId":"MinHeinA"},"content":"    private String filePath;","lastModifiedDate":"2022-08-25"},{"lineNumber":12,"author":{"gitId":"MinHeinA"},"content":"","lastModifiedDate":"2022-08-25"},{"lineNumber":13,"author":{"gitId":"MinHeinA"},"content":"    public Storage(String filePath) {","lastModifiedDate":"2022-08-25"},{"lineNumber":14,"author":{"gitId":"MinHeinA"},"content":"        this.ui \u003d new Ui();","lastModifiedDate":"2022-08-25"},{"lineNumber":15,"author":{"gitId":"MinHeinA"},"content":"        this.filePath \u003d filePath;","lastModifiedDate":"2022-08-25"},{"lineNumber":16,"author":{"gitId":"MinHeinA"},"content":"    }","lastModifiedDate":"2022-08-25"},{"lineNumber":17,"author":{"gitId":"MinHeinA"},"content":"","lastModifiedDate":"2022-08-25"},{"lineNumber":18,"author":{"gitId":"MinHeinA"},"content":"    public ArrayList\u003cTask\u003e loadTaskList() {","lastModifiedDate":"2022-08-25"},{"lineNumber":19,"author":{"gitId":"MinHeinA"},"content":"        ArrayList\u003cTask\u003e taskList \u003d new ArrayList\u003c\u003e();","lastModifiedDate":"2022-08-25"},{"lineNumber":20,"author":{"gitId":"MinHeinA"},"content":"        File file;","lastModifiedDate":"2022-08-25"},{"lineNumber":21,"author":{"gitId":"MinHeinA"},"content":"        try {","lastModifiedDate":"2022-08-25"},{"lineNumber":22,"author":{"gitId":"MinHeinA"},"content":"            file \u003d new File(this.filePath);","lastModifiedDate":"2022-08-25"},{"lineNumber":23,"author":{"gitId":"MinHeinA"},"content":"            if (file.isDirectory()) {","lastModifiedDate":"2022-08-25"},{"lineNumber":24,"author":{"gitId":"MinHeinA"},"content":"                throw new DukeException(\"☹ OOPS!!! Invalid file path, path given is a directory\");","lastModifiedDate":"2022-08-25"},{"lineNumber":25,"author":{"gitId":"MinHeinA"},"content":"            }","lastModifiedDate":"2022-08-25"},{"lineNumber":26,"author":{"gitId":"MinHeinA"},"content":"            if (file.exists()) {","lastModifiedDate":"2022-08-25"},{"lineNumber":27,"author":{"gitId":"MinHeinA"},"content":"                try {","lastModifiedDate":"2022-08-25"},{"lineNumber":28,"author":{"gitId":"MinHeinA"},"content":"                    Scanner scanner \u003d new Scanner(file);","lastModifiedDate":"2022-08-25"},{"lineNumber":29,"author":{"gitId":"MinHeinA"},"content":"                    while (scanner.hasNextLine()) {","lastModifiedDate":"2022-08-25"},{"lineNumber":30,"author":{"gitId":"MinHeinA"},"content":"                        String nextLine \u003d scanner.nextLine();","lastModifiedDate":"2022-08-25"},{"lineNumber":31,"author":{"gitId":"MinHeinA"},"content":"                        String[] splitString \u003d nextLine.split(\"\\\\|\");","lastModifiedDate":"2022-08-25"},{"lineNumber":32,"author":{"gitId":"MinHeinA"},"content":"","lastModifiedDate":"2022-08-25"},{"lineNumber":33,"author":{"gitId":"MinHeinA"},"content":"                        Task task;","lastModifiedDate":"2022-08-25"},{"lineNumber":34,"author":{"gitId":"MinHeinA"},"content":"                        switch (splitString[0]) {","lastModifiedDate":"2022-08-25"},{"lineNumber":35,"author":{"gitId":"MinHeinA"},"content":"                            case \"T\":","lastModifiedDate":"2022-08-25"},{"lineNumber":36,"author":{"gitId":"MinHeinA"},"content":"                                task \u003d new Todo(splitString[2]);","lastModifiedDate":"2022-08-25"},{"lineNumber":37,"author":{"gitId":"MinHeinA"},"content":"                                break;","lastModifiedDate":"2022-08-25"},{"lineNumber":38,"author":{"gitId":"MinHeinA"},"content":"                            case \"D\": {","lastModifiedDate":"2022-08-25"},{"lineNumber":39,"author":{"gitId":"MinHeinA"},"content":"                                task \u003d new Deadline(splitString[2], splitString[3]);","lastModifiedDate":"2022-08-25"},{"lineNumber":40,"author":{"gitId":"MinHeinA"},"content":"                                break;","lastModifiedDate":"2022-08-25"},{"lineNumber":41,"author":{"gitId":"MinHeinA"},"content":"                            }","lastModifiedDate":"2022-08-25"},{"lineNumber":42,"author":{"gitId":"MinHeinA"},"content":"                            case \"E\": {","lastModifiedDate":"2022-08-25"},{"lineNumber":43,"author":{"gitId":"MinHeinA"},"content":"                                task \u003d new Event(splitString[2], splitString[3]);","lastModifiedDate":"2022-08-25"},{"lineNumber":44,"author":{"gitId":"MinHeinA"},"content":"                                break;","lastModifiedDate":"2022-08-25"},{"lineNumber":45,"author":{"gitId":"MinHeinA"},"content":"                            }","lastModifiedDate":"2022-08-25"},{"lineNumber":46,"author":{"gitId":"MinHeinA"},"content":"                            default:","lastModifiedDate":"2022-08-25"},{"lineNumber":47,"author":{"gitId":"MinHeinA"},"content":"                                throw new DukeException(\"☹ OOPS!!! Invalid task type found in file!\");","lastModifiedDate":"2022-08-25"},{"lineNumber":48,"author":{"gitId":"MinHeinA"},"content":"                        }","lastModifiedDate":"2022-08-25"},{"lineNumber":49,"author":{"gitId":"MinHeinA"},"content":"","lastModifiedDate":"2022-08-25"},{"lineNumber":50,"author":{"gitId":"MinHeinA"},"content":"                        if ((splitString[1] \u003d\u003d \"1\")) {","lastModifiedDate":"2022-08-25"},{"lineNumber":51,"author":{"gitId":"MinHeinA"},"content":"                            task.setTaskStatus(true);","lastModifiedDate":"2022-08-25"},{"lineNumber":52,"author":{"gitId":"MinHeinA"},"content":"                        } else {","lastModifiedDate":"2022-08-25"},{"lineNumber":53,"author":{"gitId":"MinHeinA"},"content":"                            task.setTaskStatus(false);","lastModifiedDate":"2022-08-25"},{"lineNumber":54,"author":{"gitId":"MinHeinA"},"content":"                        }","lastModifiedDate":"2022-08-25"},{"lineNumber":55,"author":{"gitId":"MinHeinA"},"content":"","lastModifiedDate":"2022-08-25"},{"lineNumber":56,"author":{"gitId":"MinHeinA"},"content":"                        taskList.add(task);","lastModifiedDate":"2022-08-25"},{"lineNumber":57,"author":{"gitId":"MinHeinA"},"content":"                    }","lastModifiedDate":"2022-08-25"},{"lineNumber":58,"author":{"gitId":"MinHeinA"},"content":"                } catch (FileNotFoundException fileNotFoundException) {","lastModifiedDate":"2022-08-25"},{"lineNumber":59,"author":{"gitId":"MinHeinA"},"content":"                    throw new DukeException(\"☹ OOPS!!! File could not be found\");","lastModifiedDate":"2022-08-25"},{"lineNumber":60,"author":{"gitId":"MinHeinA"},"content":"                }","lastModifiedDate":"2022-08-25"},{"lineNumber":61,"author":{"gitId":"MinHeinA"},"content":"            }","lastModifiedDate":"2022-08-25"},{"lineNumber":62,"author":{"gitId":"MinHeinA"},"content":"        } catch (DukeException exception) {","lastModifiedDate":"2022-08-25"},{"lineNumber":63,"author":{"gitId":"MinHeinA"},"content":"            ui.printMessage(exception.toString());","lastModifiedDate":"2022-08-25"},{"lineNumber":64,"author":{"gitId":"MinHeinA"},"content":"        } finally {","lastModifiedDate":"2022-08-25"},{"lineNumber":65,"author":{"gitId":"MinHeinA"},"content":"            return taskList;","lastModifiedDate":"2022-08-25"},{"lineNumber":66,"author":{"gitId":"MinHeinA"},"content":"        }","lastModifiedDate":"2022-08-25"},{"lineNumber":67,"author":{"gitId":"MinHeinA"},"content":"    }","lastModifiedDate":"2022-08-25"},{"lineNumber":68,"author":{"gitId":"MinHeinA"},"content":"","lastModifiedDate":"2022-08-25"},{"lineNumber":69,"author":{"gitId":"MinHeinA"},"content":"    public void saveTaskList(ArrayList\u003cTask\u003e taskList) {","lastModifiedDate":"2022-08-25"},{"lineNumber":70,"author":{"gitId":"MinHeinA"},"content":"        File file;","lastModifiedDate":"2022-08-25"},{"lineNumber":71,"author":{"gitId":"MinHeinA"},"content":"        try {","lastModifiedDate":"2022-08-25"},{"lineNumber":72,"author":{"gitId":"MinHeinA"},"content":"            file \u003d new File(this.filePath);","lastModifiedDate":"2022-08-25"},{"lineNumber":73,"author":{"gitId":"MinHeinA"},"content":"            if (file.isDirectory()) {","lastModifiedDate":"2022-08-25"},{"lineNumber":74,"author":{"gitId":"MinHeinA"},"content":"                throw new DukeException(\"☹ OOPS!!! Invalid file path, path given is a directory\");","lastModifiedDate":"2022-08-25"},{"lineNumber":75,"author":{"gitId":"MinHeinA"},"content":"            }","lastModifiedDate":"2022-08-25"},{"lineNumber":76,"author":{"gitId":"MinHeinA"},"content":"","lastModifiedDate":"2022-08-25"},{"lineNumber":77,"author":{"gitId":"MinHeinA"},"content":"            if (!file.exists()) {","lastModifiedDate":"2022-08-25"},{"lineNumber":78,"author":{"gitId":"MinHeinA"},"content":"                try {","lastModifiedDate":"2022-08-25"},{"lineNumber":79,"author":{"gitId":"MinHeinA"},"content":"                    if (!file.getParentFile().mkdirs()) {","lastModifiedDate":"2022-08-25"},{"lineNumber":80,"author":{"gitId":"MinHeinA"},"content":"                        throw new DukeException(\"☹ OOPS!!! Directory could not be created\");","lastModifiedDate":"2022-08-25"},{"lineNumber":81,"author":{"gitId":"MinHeinA"},"content":"                    }","lastModifiedDate":"2022-08-25"},{"lineNumber":82,"author":{"gitId":"MinHeinA"},"content":"","lastModifiedDate":"2022-08-25"},{"lineNumber":83,"author":{"gitId":"MinHeinA"},"content":"                    if (!file.createNewFile()) {","lastModifiedDate":"2022-08-25"},{"lineNumber":84,"author":{"gitId":"MinHeinA"},"content":"                        throw new DukeException(\"☹ OOPS!!! File could not be created\");","lastModifiedDate":"2022-08-25"},{"lineNumber":85,"author":{"gitId":"MinHeinA"},"content":"                    }","lastModifiedDate":"2022-08-25"},{"lineNumber":86,"author":{"gitId":"MinHeinA"},"content":"                } catch (IOException exception) {","lastModifiedDate":"2022-08-25"},{"lineNumber":87,"author":{"gitId":"MinHeinA"},"content":"                    throw new DukeException(\"☹ OOPS!!! Something went wrong when trying to create file. Error message: \"","lastModifiedDate":"2022-08-25"},{"lineNumber":88,"author":{"gitId":"MinHeinA"},"content":"                            + exception.getMessage());","lastModifiedDate":"2022-08-25"},{"lineNumber":89,"author":{"gitId":"MinHeinA"},"content":"                }","lastModifiedDate":"2022-08-25"},{"lineNumber":90,"author":{"gitId":"MinHeinA"},"content":"            }","lastModifiedDate":"2022-08-25"},{"lineNumber":91,"author":{"gitId":"MinHeinA"},"content":"","lastModifiedDate":"2022-08-25"},{"lineNumber":92,"author":{"gitId":"MinHeinA"},"content":"            try {","lastModifiedDate":"2022-08-25"},{"lineNumber":93,"author":{"gitId":"MinHeinA"},"content":"                FileWriter fileWriter \u003d new FileWriter(file);","lastModifiedDate":"2022-08-25"},{"lineNumber":94,"author":{"gitId":"MinHeinA"},"content":"                for (Task task : taskList) {","lastModifiedDate":"2022-08-25"},{"lineNumber":95,"author":{"gitId":"MinHeinA"},"content":"                    //lineSeparator used to support multiple systems","lastModifiedDate":"2022-08-25"},{"lineNumber":96,"author":{"gitId":"MinHeinA"},"content":"                    fileWriter.write(task.toFileString() + System.lineSeparator());","lastModifiedDate":"2022-08-25"},{"lineNumber":97,"author":{"gitId":"MinHeinA"},"content":"                }","lastModifiedDate":"2022-08-25"},{"lineNumber":98,"author":{"gitId":"MinHeinA"},"content":"                fileWriter.close();","lastModifiedDate":"2022-08-25"},{"lineNumber":99,"author":{"gitId":"MinHeinA"},"content":"            } catch (IOException exception) {","lastModifiedDate":"2022-08-25"},{"lineNumber":100,"author":{"gitId":"MinHeinA"},"content":"                throw new DukeException(\"☹ OOPS!!! Could not be written to file. Error message: \"","lastModifiedDate":"2022-08-25"},{"lineNumber":101,"author":{"gitId":"MinHeinA"},"content":"                        + exception.getMessage());","lastModifiedDate":"2022-08-25"},{"lineNumber":102,"author":{"gitId":"MinHeinA"},"content":"            }","lastModifiedDate":"2022-08-25"},{"lineNumber":103,"author":{"gitId":"MinHeinA"},"content":"","lastModifiedDate":"2022-08-25"},{"lineNumber":104,"author":{"gitId":"MinHeinA"},"content":"        } catch (DukeException exception) {","lastModifiedDate":"2022-08-25"},{"lineNumber":105,"author":{"gitId":"MinHeinA"},"content":"            ui.printMessage(exception.toString());","lastModifiedDate":"2022-08-25"},{"lineNumber":106,"author":{"gitId":"MinHeinA"},"content":"        }","lastModifiedDate":"2022-08-25"},{"lineNumber":107,"author":{"gitId":"MinHeinA"},"content":"    }","lastModifiedDate":"2022-08-25"},{"lineNumber":108,"author":{"gitId":"MinHeinA"},"content":"}","lastModifiedDate":"2022-08-25"}],"authorContributionMap":{"MinHeinA":108}},{"path":"src/main/java/Task.java","fileType":"java","lines":[{"lineNumber":1,"author":{"gitId":"MinHeinA"},"content":"public abstract class Task {","lastModifiedDate":"2022-08-23"},{"lineNumber":2,"author":{"gitId":"MinHeinA"},"content":"    private String taskName;","lastModifiedDate":"2022-08-16"},{"lineNumber":3,"author":{"gitId":"MinHeinA"},"content":"    private boolean isDone;","lastModifiedDate":"2022-08-16"},{"lineNumber":4,"author":{"gitId":"MinHeinA"},"content":"","lastModifiedDate":"2022-08-16"},{"lineNumber":5,"author":{"gitId":"MinHeinA"},"content":"    public Task(String taskName) {","lastModifiedDate":"2022-08-16"},{"lineNumber":6,"author":{"gitId":"MinHeinA"},"content":"        this.taskName \u003d taskName;","lastModifiedDate":"2022-08-16"},{"lineNumber":7,"author":{"gitId":"MinHeinA"},"content":"        this.isDone \u003d false;","lastModifiedDate":"2022-08-16"},{"lineNumber":8,"author":{"gitId":"MinHeinA"},"content":"    }","lastModifiedDate":"2022-08-16"},{"lineNumber":9,"author":{"gitId":"MinHeinA"},"content":"","lastModifiedDate":"2022-08-16"},{"lineNumber":10,"author":{"gitId":"MinHeinA"},"content":"    public void setTaskStatus(boolean isDone) {","lastModifiedDate":"2022-08-16"},{"lineNumber":11,"author":{"gitId":"MinHeinA"},"content":"        this.isDone \u003d isDone;","lastModifiedDate":"2022-08-16"},{"lineNumber":12,"author":{"gitId":"MinHeinA"},"content":"    }","lastModifiedDate":"2022-08-16"},{"lineNumber":13,"author":{"gitId":"MinHeinA"},"content":"","lastModifiedDate":"2022-08-16"},{"lineNumber":14,"author":{"gitId":"MinHeinA"},"content":"    public String getTaskName() {","lastModifiedDate":"2022-08-16"},{"lineNumber":15,"author":{"gitId":"MinHeinA"},"content":"        return this.taskName;","lastModifiedDate":"2022-08-16"},{"lineNumber":16,"author":{"gitId":"MinHeinA"},"content":"    }","lastModifiedDate":"2022-08-16"},{"lineNumber":17,"author":{"gitId":"MinHeinA"},"content":"","lastModifiedDate":"2022-08-16"},{"lineNumber":18,"author":{"gitId":"MinHeinA"},"content":"    public Boolean getTaskStatus() {","lastModifiedDate":"2022-08-16"},{"lineNumber":19,"author":{"gitId":"MinHeinA"},"content":"        return this.isDone;","lastModifiedDate":"2022-08-16"},{"lineNumber":20,"author":{"gitId":"MinHeinA"},"content":"    }","lastModifiedDate":"2022-08-16"},{"lineNumber":21,"author":{"gitId":"MinHeinA"},"content":"","lastModifiedDate":"2022-08-17"},{"lineNumber":22,"author":{"gitId":"MinHeinA"},"content":"    @Override","lastModifiedDate":"2022-08-17"},{"lineNumber":23,"author":{"gitId":"MinHeinA"},"content":"    public String toString() {","lastModifiedDate":"2022-08-17"},{"lineNumber":24,"author":{"gitId":"MinHeinA"},"content":"        return (this.getTaskStatus() ? \"[X]\" : \"[ ]\") + \" \" + this.getTaskName();","lastModifiedDate":"2022-08-17"},{"lineNumber":25,"author":{"gitId":"MinHeinA"},"content":"    }","lastModifiedDate":"2022-08-17"},{"lineNumber":26,"author":{"gitId":"MinHeinA"},"content":"","lastModifiedDate":"2022-08-23"},{"lineNumber":27,"author":{"gitId":"MinHeinA"},"content":"    public abstract String toFileString();","lastModifiedDate":"2022-08-23"},{"lineNumber":28,"author":{"gitId":"MinHeinA"},"content":"}","lastModifiedDate":"2022-08-16"}],"authorContributionMap":{"MinHeinA":28}},{"path":"src/main/java/TaskList.java","fileType":"java","lines":[{"lineNumber":1,"author":{"gitId":"MinHeinA"},"content":"import java.util.ArrayList;","lastModifiedDate":"2022-08-25"},{"lineNumber":2,"author":{"gitId":"MinHeinA"},"content":"","lastModifiedDate":"2022-08-25"},{"lineNumber":3,"author":{"gitId":"MinHeinA"},"content":"public class TaskList {","lastModifiedDate":"2022-08-25"},{"lineNumber":4,"author":{"gitId":"MinHeinA"},"content":"    private final ArrayList\u003cTask\u003e taskList;","lastModifiedDate":"2022-08-25"},{"lineNumber":5,"author":{"gitId":"MinHeinA"},"content":"    private Ui ui;","lastModifiedDate":"2022-08-25"},{"lineNumber":6,"author":{"gitId":"MinHeinA"},"content":"","lastModifiedDate":"2022-08-25"},{"lineNumber":7,"author":{"gitId":"MinHeinA"},"content":"    public TaskList() {","lastModifiedDate":"2022-08-25"},{"lineNumber":8,"author":{"gitId":"MinHeinA"},"content":"        this.taskList \u003d new ArrayList\u003c\u003e();","lastModifiedDate":"2022-08-25"},{"lineNumber":9,"author":{"gitId":"MinHeinA"},"content":"        this.ui \u003d new Ui();","lastModifiedDate":"2022-08-25"},{"lineNumber":10,"author":{"gitId":"MinHeinA"},"content":"    }","lastModifiedDate":"2022-08-25"},{"lineNumber":11,"author":{"gitId":"MinHeinA"},"content":"","lastModifiedDate":"2022-08-25"},{"lineNumber":12,"author":{"gitId":"MinHeinA"},"content":"    public TaskList(ArrayList\u003cTask\u003e taskList) {","lastModifiedDate":"2022-08-25"},{"lineNumber":13,"author":{"gitId":"MinHeinA"},"content":"        this.taskList \u003d taskList;","lastModifiedDate":"2022-08-25"},{"lineNumber":14,"author":{"gitId":"MinHeinA"},"content":"        this.ui \u003d new Ui();","lastModifiedDate":"2022-08-25"},{"lineNumber":15,"author":{"gitId":"MinHeinA"},"content":"    }","lastModifiedDate":"2022-08-25"},{"lineNumber":16,"author":{"gitId":"MinHeinA"},"content":"","lastModifiedDate":"2022-08-25"},{"lineNumber":17,"author":{"gitId":"MinHeinA"},"content":"    public ArrayList\u003cTask\u003e getTaskList() {","lastModifiedDate":"2022-08-25"},{"lineNumber":18,"author":{"gitId":"MinHeinA"},"content":"        return this.taskList;","lastModifiedDate":"2022-08-25"},{"lineNumber":19,"author":{"gitId":"MinHeinA"},"content":"    }","lastModifiedDate":"2022-08-25"},{"lineNumber":20,"author":{"gitId":"MinHeinA"},"content":"","lastModifiedDate":"2022-08-25"},{"lineNumber":21,"author":{"gitId":"MinHeinA"},"content":"    public int getTaskListSize() {","lastModifiedDate":"2022-08-25"},{"lineNumber":22,"author":{"gitId":"MinHeinA"},"content":"        return this.taskList.size();","lastModifiedDate":"2022-08-25"},{"lineNumber":23,"author":{"gitId":"MinHeinA"},"content":"    }","lastModifiedDate":"2022-08-25"},{"lineNumber":24,"author":{"gitId":"MinHeinA"},"content":"","lastModifiedDate":"2022-08-25"},{"lineNumber":25,"author":{"gitId":"MinHeinA"},"content":"    public Task getTaskAtIndex(int index) throws DukeException{","lastModifiedDate":"2022-08-25"},{"lineNumber":26,"author":{"gitId":"MinHeinA"},"content":"        if (index \u003c\u003d 0 || index \u003e getTaskListSize()) {","lastModifiedDate":"2022-08-25"},{"lineNumber":27,"author":{"gitId":"MinHeinA"},"content":"            throw new DukeException(\"☹ OOPS!!! The task index is out of range\");","lastModifiedDate":"2022-08-25"},{"lineNumber":28,"author":{"gitId":"MinHeinA"},"content":"        }","lastModifiedDate":"2022-08-25"},{"lineNumber":29,"author":{"gitId":"MinHeinA"},"content":"        return this.taskList.get(index - 1);","lastModifiedDate":"2022-08-25"},{"lineNumber":30,"author":{"gitId":"MinHeinA"},"content":"    }","lastModifiedDate":"2022-08-25"},{"lineNumber":31,"author":{"gitId":"MinHeinA"},"content":"","lastModifiedDate":"2022-08-25"},{"lineNumber":32,"author":{"gitId":"MinHeinA"},"content":"    public void addTask(Task task) {","lastModifiedDate":"2022-08-25"},{"lineNumber":33,"author":{"gitId":"MinHeinA"},"content":"        this.taskList.add(task);","lastModifiedDate":"2022-08-25"},{"lineNumber":34,"author":{"gitId":"MinHeinA"},"content":"        String message \u003d \"\";","lastModifiedDate":"2022-08-25"},{"lineNumber":35,"author":{"gitId":"MinHeinA"},"content":"        message +\u003d \"Got it. I\u0027ve added this task:\\n\";","lastModifiedDate":"2022-08-25"},{"lineNumber":36,"author":{"gitId":"MinHeinA"},"content":"        message +\u003d \"\\t\" + task.toString() + \"\\n\";","lastModifiedDate":"2022-08-25"},{"lineNumber":37,"author":{"gitId":"MinHeinA"},"content":"        message +\u003d \"Now you have \" + this.taskList.size() + \" tasks in the list.\\n\";","lastModifiedDate":"2022-08-25"},{"lineNumber":38,"author":{"gitId":"MinHeinA"},"content":"        ui.printMessage(message);","lastModifiedDate":"2022-08-25"},{"lineNumber":39,"author":{"gitId":"MinHeinA"},"content":"    }","lastModifiedDate":"2022-08-25"},{"lineNumber":40,"author":{"gitId":"MinHeinA"},"content":"","lastModifiedDate":"2022-08-25"},{"lineNumber":41,"author":{"gitId":"MinHeinA"},"content":"    public void deleteTask(int index) throws DukeException{","lastModifiedDate":"2022-08-25"},{"lineNumber":42,"author":{"gitId":"MinHeinA"},"content":"        if (index \u003c\u003d 0 || index \u003e getTaskListSize()) {","lastModifiedDate":"2022-08-25"},{"lineNumber":43,"author":{"gitId":"MinHeinA"},"content":"            throw new DukeException(\"☹ OOPS!!! The task index is out of range\");","lastModifiedDate":"2022-08-25"},{"lineNumber":44,"author":{"gitId":"MinHeinA"},"content":"        }","lastModifiedDate":"2022-08-25"},{"lineNumber":45,"author":{"gitId":"MinHeinA"},"content":"        index \u003d index - 1;","lastModifiedDate":"2022-08-25"},{"lineNumber":46,"author":{"gitId":"MinHeinA"},"content":"        Task task \u003d this.taskList.remove(index);","lastModifiedDate":"2022-08-25"},{"lineNumber":47,"author":{"gitId":"MinHeinA"},"content":"        String message \u003d \"\";","lastModifiedDate":"2022-08-25"},{"lineNumber":48,"author":{"gitId":"MinHeinA"},"content":"        message +\u003d \"Noted. I\u0027ve removed this task:\\n\";","lastModifiedDate":"2022-08-25"},{"lineNumber":49,"author":{"gitId":"MinHeinA"},"content":"        message +\u003d \"\\t\" + task.toString() + \"\\n\";","lastModifiedDate":"2022-08-25"},{"lineNumber":50,"author":{"gitId":"MinHeinA"},"content":"        message +\u003d \"Now you have \" + taskList.size() + \" tasks in the list.\\n\";","lastModifiedDate":"2022-08-25"},{"lineNumber":51,"author":{"gitId":"MinHeinA"},"content":"        ui.printMessage(message);","lastModifiedDate":"2022-08-25"},{"lineNumber":52,"author":{"gitId":"MinHeinA"},"content":"    }","lastModifiedDate":"2022-08-25"},{"lineNumber":53,"author":{"gitId":"MinHeinA"},"content":"","lastModifiedDate":"2022-08-25"},{"lineNumber":54,"author":{"gitId":"MinHeinA"},"content":"    public void updateTaskStatus(int index, boolean isMark) throws DukeException{","lastModifiedDate":"2022-08-25"},{"lineNumber":55,"author":{"gitId":"MinHeinA"},"content":"        if (index \u003c\u003d 0 || index \u003e getTaskListSize()) {","lastModifiedDate":"2022-08-25"},{"lineNumber":56,"author":{"gitId":"MinHeinA"},"content":"            throw new DukeException(\"☹ OOPS!!! The task index is out of range\");","lastModifiedDate":"2022-08-25"},{"lineNumber":57,"author":{"gitId":"MinHeinA"},"content":"        }","lastModifiedDate":"2022-08-25"},{"lineNumber":58,"author":{"gitId":"MinHeinA"},"content":"        String message \u003d \"\";","lastModifiedDate":"2022-08-25"},{"lineNumber":59,"author":{"gitId":"MinHeinA"},"content":"        index \u003d index - 1;","lastModifiedDate":"2022-08-25"},{"lineNumber":60,"author":{"gitId":"MinHeinA"},"content":"        Task task \u003d this.taskList.get(index);","lastModifiedDate":"2022-08-25"},{"lineNumber":61,"author":{"gitId":"MinHeinA"},"content":"        if (isMark) {","lastModifiedDate":"2022-08-25"},{"lineNumber":62,"author":{"gitId":"MinHeinA"},"content":"            message +\u003d \"Nice! I\u0027ve marked this task as done:\\n\";","lastModifiedDate":"2022-08-25"},{"lineNumber":63,"author":{"gitId":"MinHeinA"},"content":"            task.setTaskStatus(true);","lastModifiedDate":"2022-08-25"},{"lineNumber":64,"author":{"gitId":"MinHeinA"},"content":"        } else {","lastModifiedDate":"2022-08-25"},{"lineNumber":65,"author":{"gitId":"MinHeinA"},"content":"            message +\u003d \"OK, I\u0027ve marked this task as not done yet:\\n\";","lastModifiedDate":"2022-08-25"},{"lineNumber":66,"author":{"gitId":"MinHeinA"},"content":"            task.setTaskStatus(false);","lastModifiedDate":"2022-08-25"},{"lineNumber":67,"author":{"gitId":"MinHeinA"},"content":"        }","lastModifiedDate":"2022-08-25"},{"lineNumber":68,"author":{"gitId":"MinHeinA"},"content":"        this.taskList.set(index, task);","lastModifiedDate":"2022-08-25"},{"lineNumber":69,"author":{"gitId":"MinHeinA"},"content":"        message +\u003d task.toString() + \"\\n\";","lastModifiedDate":"2022-08-25"},{"lineNumber":70,"author":{"gitId":"MinHeinA"},"content":"        ui.printMessage(message);","lastModifiedDate":"2022-08-25"},{"lineNumber":71,"author":{"gitId":"MinHeinA"},"content":"    }","lastModifiedDate":"2022-08-25"},{"lineNumber":72,"author":{"gitId":"MinHeinA"},"content":"","lastModifiedDate":"2022-08-25"},{"lineNumber":73,"author":{"gitId":"MinHeinA"},"content":"    public void printTaskList() {","lastModifiedDate":"2022-08-25"},{"lineNumber":74,"author":{"gitId":"MinHeinA"},"content":"        String message \u003d \"\";","lastModifiedDate":"2022-08-25"},{"lineNumber":75,"author":{"gitId":"MinHeinA"},"content":"        message +\u003d \"Here are the tasks in your list:\\n\";","lastModifiedDate":"2022-08-25"},{"lineNumber":76,"author":{"gitId":"MinHeinA"},"content":"        for (int i \u003d 0; i \u003c taskList.size(); i ++) {","lastModifiedDate":"2022-08-25"},{"lineNumber":77,"author":{"gitId":"MinHeinA"},"content":"            Task task \u003d taskList.get(i);","lastModifiedDate":"2022-08-25"},{"lineNumber":78,"author":{"gitId":"MinHeinA"},"content":"            message +\u003d (i+ 1) + \".\" + task.toString() + \"\\n\";","lastModifiedDate":"2022-08-25"},{"lineNumber":79,"author":{"gitId":"MinHeinA"},"content":"        }","lastModifiedDate":"2022-08-25"},{"lineNumber":80,"author":{"gitId":"MinHeinA"},"content":"        ui.printMessage(message);","lastModifiedDate":"2022-08-25"},{"lineNumber":81,"author":{"gitId":"MinHeinA"},"content":"    }","lastModifiedDate":"2022-08-25"},{"lineNumber":82,"author":{"gitId":"MinHeinA"},"content":"","lastModifiedDate":"2022-08-25"},{"lineNumber":83,"author":{"gitId":"MinHeinA"},"content":"","lastModifiedDate":"2022-08-25"},{"lineNumber":84,"author":{"gitId":"MinHeinA"},"content":"}","lastModifiedDate":"2022-08-25"}],"authorContributionMap":{"MinHeinA":84}},{"path":"src/main/java/Todo.java","fileType":"java","lines":[{"lineNumber":1,"author":{"gitId":"MinHeinA"},"content":"public class Todo extends Task {","lastModifiedDate":"2022-08-17"},{"lineNumber":2,"author":{"gitId":"MinHeinA"},"content":"","lastModifiedDate":"2022-08-17"},{"lineNumber":3,"author":{"gitId":"MinHeinA"},"content":"    public Todo(String taskName) {","lastModifiedDate":"2022-08-17"},{"lineNumber":4,"author":{"gitId":"MinHeinA"},"content":"        super(taskName);","lastModifiedDate":"2022-08-17"},{"lineNumber":5,"author":{"gitId":"MinHeinA"},"content":"    }","lastModifiedDate":"2022-08-17"},{"lineNumber":6,"author":{"gitId":"MinHeinA"},"content":"","lastModifiedDate":"2022-08-17"},{"lineNumber":7,"author":{"gitId":"MinHeinA"},"content":"    @Override","lastModifiedDate":"2022-08-17"},{"lineNumber":8,"author":{"gitId":"MinHeinA"},"content":"    public String toString() {","lastModifiedDate":"2022-08-17"},{"lineNumber":9,"author":{"gitId":"MinHeinA"},"content":"        return \"[T]\" + super.toString();","lastModifiedDate":"2022-08-17"},{"lineNumber":10,"author":{"gitId":"MinHeinA"},"content":"    }","lastModifiedDate":"2022-08-17"},{"lineNumber":11,"author":{"gitId":"MinHeinA"},"content":"","lastModifiedDate":"2022-08-23"},{"lineNumber":12,"author":{"gitId":"MinHeinA"},"content":"    @Override","lastModifiedDate":"2022-08-23"},{"lineNumber":13,"author":{"gitId":"MinHeinA"},"content":"    public String toFileString() {","lastModifiedDate":"2022-08-23"},{"lineNumber":14,"author":{"gitId":"MinHeinA"},"content":"        return \"T\" + \"|\" + (this.getTaskStatus() ? \"1\" : \"0\") + \"|\" + this.getTaskName();","lastModifiedDate":"2022-08-23"},{"lineNumber":15,"author":{"gitId":"MinHeinA"},"content":"    }","lastModifiedDate":"2022-08-23"},{"lineNumber":16,"author":{"gitId":"MinHeinA"},"content":"}","lastModifiedDate":"2022-08-17"}],"authorContributionMap":{"MinHeinA":16}},{"path":"src/main/java/Ui.java","fileType":"java","lines":[{"lineNumber":1,"author":{"gitId":"MinHeinA"},"content":"import java.util.Scanner;","lastModifiedDate":"2022-08-25"},{"lineNumber":2,"author":{"gitId":"MinHeinA"},"content":"","lastModifiedDate":"2022-08-25"},{"lineNumber":3,"author":{"gitId":"MinHeinA"},"content":"public class Ui {","lastModifiedDate":"2022-08-25"},{"lineNumber":4,"author":{"gitId":"MinHeinA"},"content":"    public static final String DIVIDER \u003d \"____________________________________________________________\";","lastModifiedDate":"2022-08-25"},{"lineNumber":5,"author":{"gitId":"MinHeinA"},"content":"","lastModifiedDate":"2022-08-25"},{"lineNumber":6,"author":{"gitId":"MinHeinA"},"content":"    private String greetingMessage \u003d \"Hello! I\u0027m Duke\\nWhat can I do for you?\";","lastModifiedDate":"2022-08-25"},{"lineNumber":7,"author":{"gitId":"MinHeinA"},"content":"    private String farewellMessage \u003d \"Bye. Hope to see you again soon!\";","lastModifiedDate":"2022-08-25"},{"lineNumber":8,"author":{"gitId":"MinHeinA"},"content":"","lastModifiedDate":"2022-08-25"},{"lineNumber":9,"author":{"gitId":"MinHeinA"},"content":"    private final Scanner scanner;","lastModifiedDate":"2022-08-25"},{"lineNumber":10,"author":{"gitId":"MinHeinA"},"content":"","lastModifiedDate":"2022-08-25"},{"lineNumber":11,"author":{"gitId":"MinHeinA"},"content":"    public Ui() {","lastModifiedDate":"2022-08-25"},{"lineNumber":12,"author":{"gitId":"MinHeinA"},"content":"        this.scanner \u003d new Scanner(System.in);","lastModifiedDate":"2022-08-25"},{"lineNumber":13,"author":{"gitId":"MinHeinA"},"content":"    }","lastModifiedDate":"2022-08-25"},{"lineNumber":14,"author":{"gitId":"MinHeinA"},"content":"","lastModifiedDate":"2022-08-25"},{"lineNumber":15,"author":{"gitId":"MinHeinA"},"content":"    public String getUserInput() {","lastModifiedDate":"2022-08-25"},{"lineNumber":16,"author":{"gitId":"MinHeinA"},"content":"        return this.scanner.nextLine();","lastModifiedDate":"2022-08-25"},{"lineNumber":17,"author":{"gitId":"MinHeinA"},"content":"    }","lastModifiedDate":"2022-08-25"},{"lineNumber":18,"author":{"gitId":"MinHeinA"},"content":"","lastModifiedDate":"2022-08-25"},{"lineNumber":19,"author":{"gitId":"MinHeinA"},"content":"    public void printDivider() {","lastModifiedDate":"2022-08-25"},{"lineNumber":20,"author":{"gitId":"MinHeinA"},"content":"        System.out.println(this.DIVIDER);","lastModifiedDate":"2022-08-25"},{"lineNumber":21,"author":{"gitId":"MinHeinA"},"content":"    }","lastModifiedDate":"2022-08-25"},{"lineNumber":22,"author":{"gitId":"MinHeinA"},"content":"","lastModifiedDate":"2022-08-25"},{"lineNumber":23,"author":{"gitId":"MinHeinA"},"content":"    public void printMessage(String... messages) {","lastModifiedDate":"2022-08-25"},{"lineNumber":24,"author":{"gitId":"MinHeinA"},"content":"        printDivider();","lastModifiedDate":"2022-08-25"},{"lineNumber":25,"author":{"gitId":"MinHeinA"},"content":"        for(String message: messages) {","lastModifiedDate":"2022-08-25"},{"lineNumber":26,"author":{"gitId":"MinHeinA"},"content":"            System.out.print(message);","lastModifiedDate":"2022-08-25"},{"lineNumber":27,"author":{"gitId":"MinHeinA"},"content":"        }","lastModifiedDate":"2022-08-25"},{"lineNumber":28,"author":{"gitId":"MinHeinA"},"content":"        printDivider();","lastModifiedDate":"2022-08-25"},{"lineNumber":29,"author":{"gitId":"MinHeinA"},"content":"    }","lastModifiedDate":"2022-08-25"},{"lineNumber":30,"author":{"gitId":"MinHeinA"},"content":"","lastModifiedDate":"2022-08-25"},{"lineNumber":31,"author":{"gitId":"MinHeinA"},"content":"    public void printGreetingMessage() {","lastModifiedDate":"2022-08-25"},{"lineNumber":32,"author":{"gitId":"MinHeinA"},"content":"        printDivider();","lastModifiedDate":"2022-08-25"},{"lineNumber":33,"author":{"gitId":"MinHeinA"},"content":"        System.out.println(this.greetingMessage);","lastModifiedDate":"2022-08-25"},{"lineNumber":34,"author":{"gitId":"MinHeinA"},"content":"        printDivider();","lastModifiedDate":"2022-08-25"},{"lineNumber":35,"author":{"gitId":"MinHeinA"},"content":"    }","lastModifiedDate":"2022-08-25"},{"lineNumber":36,"author":{"gitId":"MinHeinA"},"content":"","lastModifiedDate":"2022-08-25"},{"lineNumber":37,"author":{"gitId":"MinHeinA"},"content":"    public void printFarewellMessage() {","lastModifiedDate":"2022-08-25"},{"lineNumber":38,"author":{"gitId":"MinHeinA"},"content":"        printDivider();","lastModifiedDate":"2022-08-25"},{"lineNumber":39,"author":{"gitId":"MinHeinA"},"content":"        System.out.println(this.farewellMessage);","lastModifiedDate":"2022-08-25"},{"lineNumber":40,"author":{"gitId":"MinHeinA"},"content":"        printDivider();","lastModifiedDate":"2022-08-25"},{"lineNumber":41,"author":{"gitId":"MinHeinA"},"content":"    }","lastModifiedDate":"2022-08-25"},{"lineNumber":42,"author":{"gitId":"MinHeinA"},"content":"}","lastModifiedDate":"2022-08-25"}],"authorContributionMap":{"MinHeinA":42}},{"path":"text-ui-test/input.txt","fileType":"txt","lines":[{"lineNumber":1,"author":{"gitId":"MinHeinA"},"content":"todo borrow book","lastModifiedDate":"2022-08-17"},{"lineNumber":2,"author":{"gitId":"MinHeinA"},"content":"list","lastModifiedDate":"2022-08-17"},{"lineNumber":3,"author":{"gitId":"MinHeinA"},"content":"deadline return book /by Sunday","lastModifiedDate":"2022-08-17"},{"lineNumber":4,"author":{"gitId":"MinHeinA"},"content":"list","lastModifiedDate":"2022-08-17"},{"lineNumber":5,"author":{"gitId":"MinHeinA"},"content":"event project meeting /at Mon 2-4pm","lastModifiedDate":"2022-08-17"},{"lineNumber":6,"author":{"gitId":"MinHeinA"},"content":"list","lastModifiedDate":"2022-08-17"},{"lineNumber":7,"author":{"gitId":"MinHeinA"},"content":"mark 1","lastModifiedDate":"2022-08-17"},{"lineNumber":8,"author":{"gitId":"MinHeinA"},"content":"list","lastModifiedDate":"2022-08-17"},{"lineNumber":9,"author":{"gitId":"MinHeinA"},"content":"unmark 1","lastModifiedDate":"2022-08-17"},{"lineNumber":10,"author":{"gitId":"MinHeinA"},"content":"list","lastModifiedDate":"2022-08-17"},{"lineNumber":11,"author":{"gitId":"MinHeinA"},"content":"bye","lastModifiedDate":"2022-08-17"}],"authorContributionMap":{"MinHeinA":11}}]
