{"authorDailyContributionsMap":{"MinHeinA":[{"date":"2022-08-16","commitResults":[{"hash":"d7fdb1706c6bd6c6794d4488aa4c5bbd5af54d00","messageTitle":"Complete Level 1. Greet, Echo, Exit","messageBody":"Implemented a skeletal version of Duke that starts by greeting the user, simply echos commands entered by the user, and exits when the user types bye\n","tags":["Level-1"],"fileTypesAndContributionMap":{"java":{"insertions":25,"deletions":6}}},{"hash":"42abc6082b90872ff912f3c0195f52ea6599b3d0","messageTitle":"Complete Level 2. Add, List","messageBody":"Added the ability to store whatever text entered by the user and display them back to the user when requested.\n","tags":["Level-2"],"fileTypesAndContributionMap":{"java":{"insertions":18,"deletions":1}}},{"hash":"8df800902fb70f7c34a34ae6245c1fb5c9499d79","messageTitle":"Created Task.java","messageBody":"- Created Task.java and added necessary fields and its getters\n","fileTypesAndContributionMap":{"java":{"insertions":17,"deletions":0}}},{"hash":"6ff69286743ff7ae7a4260eef4ee6427bfb871e0","messageTitle":" Complete Level 3. Mark as Done","messageBody":"- Added the ability to mark tasks as done. Optionally, add the ability to change the status back to not done.\n","tags":["Level-3"],"fileTypesAndContributionMap":{"java":{"insertions":36,"deletions":6}}}]},{"date":"2022-08-17","commitResults":[{"hash":"3a81b2e6385ecc53f4747a5c9312b4b9033f506e","messageTitle":"Added and Implements Deadline, Event and Todo classes","messageBody":"Added and Implemented Deadline, Event and Todo classes that inherits from Task class\n","fileTypesAndContributionMap":{"java":{"insertions":69,"deletions":3}}},{"hash":"db063f84b220623224db0283106670384501960a","messageTitle":"Complete Level 4. ToDos, Events, Deadlines","messageBody":"Completed Level 4 by implementing the necessary logic in Duke.java file.\n- Added: Events, Todo and Deadline tasks\n","tags":["Level-4"],"fileTypesAndContributionMap":{"java":{"insertions":11,"deletions":4}}},{"hash":"6d76f3dd8f2f24707a1196cddbf6a9fc13c20c19","messageTitle":"Complete A-TextUiTesting","messageBody":"Completed A-TextUiTesting\n-Used the input/output redirection technique to semi-automate the testing of Duke.\n","tags":["A-TextUiTesting"],"fileTypesAndContributionMap":{"txt":{"insertions":11,"deletions":0}}},{"hash":"31e65fd0cf0caa3fe43fd2d6b5efb63d6ed91459","messageTitle":"Created and Implemented Duke and Todo exception classes","messageBody":"Created and Implemented Duke and Todo exception classes\n","fileTypesAndContributionMap":{"java":{"insertions":25,"deletions":1}}},{"hash":"911598ea2581dc9aad00ec8ae6490d9a35e932d3","messageTitle":"Complete Level 5. Handle Errors","messageBody":"The program now handles the following errors\n- Unknown commands\n- missing description for tasks (todo, event, deadline)\n- missing index for mark/unmark\n- blank user input\n","tags":["Level-5"],"fileTypesAndContributionMap":{"java":{"insertions":63,"deletions":48}}},{"hash":"467cfa69591cdea60dc14db1a905db35ee958a85","messageTitle":"Complete Level 6. Delete","messageBody":"Added support for deleting tasks from the list.\nThe program now handles the following errors\n- missing index for deletion of task\n- index out of range for deletion of task\n","tags":["Level-6"],"fileTypesAndContributionMap":{"java":{"insertions":26,"deletions":8}}},{"hash":"ac7af0827005a55103a5b4cf1841bf06708ec75e","messageTitle":"Complete A-Enums","messageBody":"Used enums to represent command keywords from user input\n","tags":["A-Enums"],"fileTypesAndContributionMap":{"java":{"insertions":29,"deletions":21}}}]},{"date":"2022-08-23","commitResults":[{"hash":"14b6e61aba4c5282b7ddf11fbcf5836213f891f2","messageTitle":"Complete Level 7. Save","messageBody":"Save the tasks in the hard disk automatically whenever the task list changes. Load the data from the hard disk when Duke starts up. Data file location is [project_root]/data/duke.txt\n","tags":["Level-7"],"fileTypesAndContributionMap":{"java":{"insertions":126,"deletions":11}}},{"hash":"9cf31077b0594b9ed6e7a11f7678657db09cc4ac","messageTitle":"Complete Level 8. Dates and Times","messageBody":"For Deadline and Event tasks, date data provided is now saved as LocalDateTime data. Duke now accepts date time input in dd-MM-yyyy HHmm and output the date data in MMM dd yyyy format.\n","tags":["Level-8"],"fileTypesAndContributionMap":{"java":{"insertions":25,"deletions":8}}}]}]},"authorFileTypeContributionMap":{"MinHeinA":{"java":359,"md":0,"fxml":0,"sh":0,"bat":0,"gradle":0,"txt":11}},"authorContributionVariance":{"MinHeinA":9395.138},"authorDisplayNameMap":{"MinHeinA":"CS2103-W14-2 MIN ..AUNG"}}
