{"authorDailyContributionsMap":{"MinHeinA":[{"date":"2022-08-16","commitResults":[{"hash":"d7fdb1706c6bd6c6794d4488aa4c5bbd5af54d00","messageTitle":"Complete Level 1. Greet, Echo, Exit","messageBody":"Implemented a skeletal version of Duke that starts by greeting the user, simply echos commands entered by the user, and exits when the user types bye\n","tags":["Level-1"],"fileTypesAndContributionMap":{"java":{"insertions":25,"deletions":6}}},{"hash":"42abc6082b90872ff912f3c0195f52ea6599b3d0","messageTitle":"Complete Level 2. Add, List","messageBody":"Added the ability to store whatever text entered by the user and display them back to the user when requested.\n","tags":["Level-2"],"fileTypesAndContributionMap":{"java":{"insertions":18,"deletions":1}}},{"hash":"8df800902fb70f7c34a34ae6245c1fb5c9499d79","messageTitle":"Created Task.java","messageBody":"- Created Task.java and added necessary fields and its getters\n","fileTypesAndContributionMap":{"java":{"insertions":17,"deletions":0}}},{"hash":"6ff69286743ff7ae7a4260eef4ee6427bfb871e0","messageTitle":" Complete Level 3. Mark as Done","messageBody":"- Added the ability to mark tasks as done. Optionally, add the ability to change the status back to not done.\n","tags":["Level-3"],"fileTypesAndContributionMap":{"java":{"insertions":36,"deletions":6}}}]},{"date":"2022-08-17","commitResults":[{"hash":"3a81b2e6385ecc53f4747a5c9312b4b9033f506e","messageTitle":"Added and Implements Deadline, Event and Todo classes","messageBody":"Added and Implemented Deadline, Event and Todo classes that inherits from Task class\n","fileTypesAndContributionMap":{"java":{"insertions":69,"deletions":3}}},{"hash":"db063f84b220623224db0283106670384501960a","messageTitle":"Complete Level 4. ToDos, Events, Deadlines","messageBody":"Completed Level 4 by implementing the necessary logic in Duke.java file.\n- Added: Events, Todo and Deadline tasks\n","tags":["Level-4"],"fileTypesAndContributionMap":{"java":{"insertions":11,"deletions":4}}},{"hash":"6d76f3dd8f2f24707a1196cddbf6a9fc13c20c19","messageTitle":"Complete A-TextUiTesting","messageBody":"Completed A-TextUiTesting\n-Used the input/output redirection technique to semi-automate the testing of Duke.\n","tags":["A-TextUiTesting"],"fileTypesAndContributionMap":{"txt":{"insertions":11,"deletions":0}}},{"hash":"31e65fd0cf0caa3fe43fd2d6b5efb63d6ed91459","messageTitle":"Created and Implemented Duke and Todo exception classes","messageBody":"Created and Implemented Duke and Todo exception classes\n","fileTypesAndContributionMap":{"java":{"insertions":25,"deletions":1}}},{"hash":"911598ea2581dc9aad00ec8ae6490d9a35e932d3","messageTitle":"Complete Level 5. Handle Errors","messageBody":"The program now handles the following errors\n- Unknown commands\n- missing description for tasks (todo, event, deadline)\n- missing index for mark/unmark\n- blank user input\n","tags":["Level-5"],"fileTypesAndContributionMap":{"java":{"insertions":63,"deletions":48}}},{"hash":"467cfa69591cdea60dc14db1a905db35ee958a85","messageTitle":"Complete Level 6. Delete","messageBody":"Added support for deleting tasks from the list.\nThe program now handles the following errors\n- missing index for deletion of task\n- index out of range for deletion of task\n","tags":["Level-6"],"fileTypesAndContributionMap":{"java":{"insertions":26,"deletions":8}}},{"hash":"ac7af0827005a55103a5b4cf1841bf06708ec75e","messageTitle":"Complete A-Enums","messageBody":"Used enums to represent command keywords from user input\n","tags":["A-Enums"],"fileTypesAndContributionMap":{"java":{"insertions":29,"deletions":21}}}]},{"date":"2022-08-23","commitResults":[{"hash":"14b6e61aba4c5282b7ddf11fbcf5836213f891f2","messageTitle":"Complete Level 7. Save","messageBody":"Save the tasks in the hard disk automatically whenever the task list changes. Load the data from the hard disk when Duke starts up. Data file location is [project_root]/data/duke.txt\n","tags":["Level-7"],"fileTypesAndContributionMap":{"java":{"insertions":126,"deletions":11}}},{"hash":"9cf31077b0594b9ed6e7a11f7678657db09cc4ac","messageTitle":"Complete Level 8. Dates and Times","messageBody":"For Deadline and Event tasks, date data provided is now saved as LocalDateTime data. Duke now accepts date time input in dd-MM-yyyy HHmm and output the date data in MMM dd yyyy format.\n","tags":["Level-8"],"fileTypesAndContributionMap":{"java":{"insertions":25,"deletions":8}}}]},{"date":"2022-08-25","commitResults":[{"hash":"fd48503706c40447c7f110e62aeae5782b60c815","messageTitle":"Complete A-MoreOOP","messageBody":"Refactored code to extract out closely related code as class, classes Storage, TaskList and Ui has been refactored from Duke class\n","fileTypesAndContributionMap":{"java":{"insertions":264,"deletions":179}}}]},{"date":"2022-08-26","commitResults":[{"hash":"02069fd4107abb8376e7fb2a94d2c2b3b8c0bd4e","messageTitle":"Compete stretch A-MoreOOP","messageBody":"- Extracted command classes with each command class having its own class that inherit from abstract command class.\n- Rewrote main logic of app to work with changes.\n","tags":["A-MoreOOP"],"fileTypesAndContributionMap":{"java":{"insertions":188,"deletions":79}}}]},{"date":"2022-08-30","commitResults":[{"hash":"8cda51db87cbfab98b1f038383152ee2bfabd3ac","messageTitle":"Complete A-Packages","messageBody":"Organize the classes into suitable java packages.\n","tags":["A-Packages"],"fileTypesAndContributionMap":{"java":{"insertions":98,"deletions":8}}},{"hash":"7c9a732491ce51ec82c50e71c2f2321c534498ab","messageTitle":"Complete A-Gradle","messageBody":"Added gradle support for ip\n","tags":["A-Gradle"],"fileTypesAndContributionMap":{"gradle":{"insertions":5,"deletions":0},"java":{"insertions":1,"deletions":2}}},{"hash":"139066c4c1df4d3da80b3cae6ad0f435d3e0048c","messageTitle":"Complete A-JUnit","messageBody":"Added A-JUnit for the classes Deadline, Event, Todo, Storage and TaskList.\n","tags":["A-JUnit"],"fileTypesAndContributionMap":{"java":{"insertions":161,"deletions":0}}},{"hash":"4a450d65f6696302cf3f503a7b3e53ac028af519","messageTitle":"Complete A-Jar","messageBody":"Configured shadow jar settings in build gradle\n","tags":["A-Jar"],"fileTypesAndContributionMap":{"gradle":{"insertions":1,"deletions":1}}}]},{"date":"2022-08-31","commitResults":[{"hash":"a25958394c0998069bbd4e273ea45edc834c2a58","messageTitle":"Complete A-JavaDoc","messageBody":"Added header comments to at least half of the non-private classes/methods.\n","tags":["A-JavaDoc"],"fileTypesAndContributionMap":{"java":{"insertions":157,"deletions":16}}},{"hash":"24ef96f98db224e82fe0ac59102f0a819dfda415","messageTitle":"Complete A-CodingStandard","messageBody":"Tweaked the code to comply with a coding standard\n","tags":["A-CodingStandard"],"fileTypesAndContributionMap":{"java":{"insertions":10,"deletions":11}}},{"hash":"a70a4e90c8fdc947230665db417d906e5920e13c","messageTitle":"Complete Level-9","messageBody":"Gave users a way to find a task by searching for a keyword.\n","tags":["Level-9"],"fileTypesAndContributionMap":{"java":{"insertions":45,"deletions":7}}},{"hash":"934764ec8b4d60b4dbb8625732aedc9f7c2af0d9","messageTitle":"Complete A-CheckStyle","messageBody":"Configured CheckStyle in gradle and rectified style errors\n","tags":["A-CheckStyle"],"fileTypesAndContributionMap":{"java":{"insertions":68,"deletions":42}}},{"hash":"a9f80519831d886cbdc0640360f88832d0547a6c","messageTitle":"Modify Gradle to add support for JavaFX","messageBody":"Modify Gradle to add support for JavaFX\n","fileTypesAndContributionMap":{"gradle":{"insertions":15,"deletions":0}}}]},{"date":"2022-09-02","commitResults":[{"hash":"7ffde586cb0db1ddc4f18ef606b0e427288c44b2","messageTitle":"Added FXML files and classes for JavaFX","messageBody":"Added the following FXML file\n- MainWindow.fxml\n- DialogBox.fxml\n\nAdded the following classes to prepare duke for JavaFX\n- MainWindow.java\n- Main.java\n- DialogBox.java\n- Launcher.java\n","fileTypesAndContributionMap":{"fxml":{"insertions":35,"deletions":0},"java":{"insertions":164,"deletions":2}}},{"hash":"cfa52e74f783c8389a39f35884606faa37139af0","messageTitle":"Remove smiley emoticon","messageBody":"Removed smiley emoticon as it does not display display properly in JavaFX\n","tags":["A-Varargs"],"fileTypesAndContributionMap":{"java":{"insertions":26,"deletions":21}}},{"hash":"48c762684ded9a90bdd6f3575e25101c8915e40c","messageTitle":"Complete Level-10","messageBody":"- Modified command to return message instead of printing to terminal\n- Added getResponse method that is called by MainWindow\n- Upon bye command detect application will close in 3 seconds\n","tags":["Level-10"],"fileTypesAndContributionMap":{"java":{"insertions":44,"deletions":15}}}]},{"date":"2022-09-08","commitResults":[{"hash":"102bbb0428be659720a4531e5bf5961db3274589","messageTitle":"Abstracted find task function and deleted text based UI class and functions","messageBody":"Abstracted find task function and deleted text based UI class and functions\n","tags":["A-CodeQuality"],"fileTypesAndContributionMap":{"java":{"insertions":25,"deletions":125}}},{"hash":"db8715e2a907c58b100bfd1eb61850100143babe","messageTitle":"Complete A Assertion","messageBody":"Added assertions\n","tags":["A-Assertion"],"fileTypesAndContributionMap":{"java":{"insertions":11,"deletions":3}}}]}]},"authorFileTypeContributionMap":{"MinHeinA":{"java":1113,"md":0,"fxml":35,"sh":0,"bat":0,"gradle":21,"txt":11}},"authorContributionVariance":{"MinHeinA":19115.22},"authorDisplayNameMap":{"MinHeinA":"CS2103-W14-2 MIN ..AUNG"}}
