{"authorDailyContributionsMap":{"jacobkwan":[{"date":"2022-08-19","commitResults":[{"hash":"1c8eb7448a24ac28a07e698c368652cdde35ab5d","messageTitle":"Level 1. Greet, Echo, Exit","messageBody":"","tags":["Level-1"],"fileTypesAndContributionMap":{"java":{"insertions":19,"deletions":6}}},{"hash":"babd4b1da682244694918283dd45ac7ffb1dc475","messageTitle":"Level 2. Add, List","messageBody":"","tags":["Level-2"],"fileTypesAndContributionMap":{"java":{"insertions":47,"deletions":5}}},{"hash":"68a02de90c47d74f11f1a18eb005e5f106af15ea","messageTitle":"add support for marking tasks as done and undone","messageBody":"","tags":["Level-3","A-Classes"],"fileTypesAndContributionMap":{"java":{"insertions":40,"deletions":3}}},{"hash":"0bc83d116769db87f0c19813740f900e75bc1f86","messageTitle":"add support for specific tasks: todos, events, deadlines","messageBody":"","tags":["Level-4","A-Inheritance"],"fileTypesAndContributionMap":{"java":{"insertions":96,"deletions":29}}}]},{"date":"2022-08-20","commitResults":[{"hash":"f065b006b1307bcf074f4db8a53d71fd73b568fb","messageTitle":"support script based text ui testing","messageBody":"","tags":["A-TextUiTesting"],"fileTypesAndContributionMap":{"txt":{"insertions":19,"deletions":0},"java":{"insertions":8,"deletions":5},"sh":{"insertions":0,"deletions":0}}},{"hash":"7cecd6f9c6369e44d4cf1bd1d201431bc852a1ea","messageTitle":"abstract application logic, add basic error handling","messageBody":"","tags":["Level-5","A-Exceptions"],"fileTypesAndContributionMap":{"java":{"insertions":131,"deletions":74}}},{"hash":"7fe17430daa9909eb50aab268a95bce7e8b0652f","messageTitle":"add support for deleting tasks","messageBody":"","tags":["Level-6","A-Enums","A-Collections"],"fileTypesAndContributionMap":{"java":{"insertions":25,"deletions":7}}},{"hash":"63ba9a30bd681f04d1d5f21ee958ce08f6fb0e07","messageTitle":"update test cases to validate error handling and delete functionality","messageBody":"","fileTypesAndContributionMap":{"txt":{"insertions":7,"deletions":2}}}]}]},"authorFileTypeContributionMap":{"jacobkwan":{"java":243,"md":0,"fxml":0,"sh":0,"bat":0,"gradle":0,"txt":24}},"authorContributionVariance":{"jacobkwan":11879.653},"authorDisplayNameMap":{"jacobkwan":"KWAN..ACOB"}}
