{"authorDailyContributionsMap":{"jacobkwan":[{"date":"2022-08-19","commitResults":[{"hash":"1c8eb7448a24ac28a07e698c368652cdde35ab5d","messageTitle":"Level 1. Greet, Echo, Exit","messageBody":"","tags":["Level-1"],"fileTypesAndContributionMap":{"java":{"insertions":19,"deletions":6}}},{"hash":"babd4b1da682244694918283dd45ac7ffb1dc475","messageTitle":"Level 2. Add, List","messageBody":"","tags":["Level-2"],"fileTypesAndContributionMap":{"java":{"insertions":47,"deletions":5}}},{"hash":"68a02de90c47d74f11f1a18eb005e5f106af15ea","messageTitle":"add support for marking tasks as done and undone","messageBody":"","tags":["Level-3","A-Classes"],"fileTypesAndContributionMap":{"java":{"insertions":40,"deletions":3}}},{"hash":"0bc83d116769db87f0c19813740f900e75bc1f86","messageTitle":"add support for specific tasks: todos, events, deadlines","messageBody":"","tags":["Level-4","A-Inheritance"],"fileTypesAndContributionMap":{"java":{"insertions":96,"deletions":29}}}]},{"date":"2022-08-20","commitResults":[{"hash":"f065b006b1307bcf074f4db8a53d71fd73b568fb","messageTitle":"support script based text ui testing","messageBody":"","tags":["A-TextUiTesting"],"fileTypesAndContributionMap":{"txt":{"insertions":19,"deletions":0},"java":{"insertions":8,"deletions":5},"sh":{"insertions":0,"deletions":0}}},{"hash":"7cecd6f9c6369e44d4cf1bd1d201431bc852a1ea","messageTitle":"abstract application logic, add basic error handling","messageBody":"","tags":["Level-5","A-Exceptions"],"fileTypesAndContributionMap":{"java":{"insertions":131,"deletions":74}}},{"hash":"7fe17430daa9909eb50aab268a95bce7e8b0652f","messageTitle":"add support for deleting tasks","messageBody":"","tags":["Level-6","A-Enums","A-Collections"],"fileTypesAndContributionMap":{"java":{"insertions":25,"deletions":7}}},{"hash":"63ba9a30bd681f04d1d5f21ee958ce08f6fb0e07","messageTitle":"update test cases to validate error handling and delete functionality","messageBody":"","fileTypesAndContributionMap":{"txt":{"insertions":7,"deletions":2}}}]},{"date":"2022-08-26","commitResults":[{"hash":"13caec0db558f96d7a821c7d044a92b4a0d5b9c4","messageTitle":"Add support for persisting tasks via txt file","messageBody":"","fileTypesAndContributionMap":{"java":{"insertions":134,"deletions":3}}},{"hash":"2680c3bf001eaeff2234261098b755fb16d4c601","messageTitle":"treat date inputs as LocalDate objects","messageBody":"","fileTypesAndContributionMap":{"java":{"insertions":20,"deletions":10}}},{"hash":"99b59d1379077b537e143b1018384e465e23f31a","messageTitle":"standardise date representation in txt file","messageBody":"","fileTypesAndContributionMap":{"java":{"insertions":12,"deletions":6}}}]},{"date":"2022-08-27","commitResults":[{"hash":"fb1a5d46cad7d9d136b6295fee6db1723745ea5a","messageTitle":"abstract out each command, add helper classes","messageBody":"","tags":["A-MoreOOP"],"fileTypesAndContributionMap":{"java":{"insertions":256,"deletions":168}}}]},{"date":"2022-08-28","commitResults":[{"hash":"fe3f7a24b9201351a2436395e5ff4e0f1c1e0f9f","messageTitle":"separate various classes into their own packages","messageBody":"","tags":["A-Packages"],"fileTypesAndContributionMap":{"java":{"insertions":90,"deletions":0}}},{"hash":"16ab76efa70a36a4efc5d6add9f08531e3ec0154","messageTitle":"import gradle config files and wrapper","messageBody":"","tags":["A-Gradle"],"fileTypesAndContributionMap":{"gradle":{"insertions":41,"deletions":0}}},{"hash":"8c6ee7895bd598460bfffeb36193f307f73d7343","messageTitle":"Add unit tests for Parser and TaskList","messageBody":"","tags":["A-JUnit"],"fileTypesAndContributionMap":{"java":{"insertions":93,"deletions":0}}},{"hash":"e98fd43b447b7bc5b720211c54181a38893e1f90","messageTitle":"fix regression that allowed blank descriptions","messageBody":"","fileTypesAndContributionMap":{"java":{"insertions":9,"deletions":0}}},{"hash":"23881686f6a8266e81879609fe0b3a3875b52d59","messageTitle":"add versioning for jar file","messageBody":"","tags":["A-Jar"],"fileTypesAndContributionMap":{"gradle":{"insertions":1,"deletions":0}}},{"hash":"c103afb2567a457036f494d20b37e414998ab374","messageTitle":"add javadocs for majority of classes","messageBody":"","fileTypesAndContributionMap":{"java":{"insertions":203,"deletions":0}}},{"hash":"3bbaae10c081bee205fd94a0cb8687ed24cf6567","messageTitle":"add support for searching by keyword(s)","messageBody":"","fileTypesAndContributionMap":{"java":{"insertions":48,"deletions":0}}},{"hash":"05bd09901daf248fd4a588ec1436c31ef325dc99","messageTitle":"follow coding standards","messageBody":"","fileTypesAndContributionMap":{"java":{"insertions":95,"deletions":92}}},{"hash":"eb52bb3919d39e935ba9fc3bd48e9c80365f74b4","messageTitle":"format javadocs","messageBody":"","fileTypesAndContributionMap":{"java":{"insertions":23,"deletions":20}}},{"hash":"d3203e8f1f35c5418779bb0bf2c570ed43a10f43","messageTitle":"add javadocs for FindCommand","messageBody":"","fileTypesAndContributionMap":{"java":{"insertions":15,"deletions":0}}},{"hash":"5be4126bbeb072b2beade661f791828b2909b853","messageTitle":"follow naming convention for junit tests","messageBody":"","fileTypesAndContributionMap":{"java":{"insertions":5,"deletions":5}}}]},{"date":"2022-09-02","commitResults":[{"hash":"15d42e17ebc39cbefc87e4f0f059230603e08693","messageTitle":"remove unecessary use of `this` modifier, fix minor typos","messageBody":"","fileTypesAndContributionMap":{"java":{"insertions":7,"deletions":7}}}]},{"date":"2022-09-05","commitResults":[{"hash":"4d71a461e299f68743bb558c11c043c80b6a5d8e","messageTitle":"add basic GUI functionality","messageBody":"","fileTypesAndContributionMap":{"gradle":{"insertions":16,"deletions":1},"fxml":{"insertions":35,"deletions":0},"java":{"insertions":192,"deletions":26}}}]},{"date":"2022-09-10","commitResults":[{"hash":"cd8be2a7e90d3c310ef8d60652756f2492a9de93","messageTitle":"use fx:root for MainWindow instead","messageBody":"","fileTypesAndContributionMap":{"fxml":{"insertions":3,"deletions":3},"java":{"insertions":24,"deletions":17}}},{"hash":"9c9cc972830959a60c09655c8f0cefd2c983a88c","messageTitle":"add checkstyle and fix minor formatting issues","messageBody":"","tags":["A-CheckStyle"],"fileTypesAndContributionMap":{"java":{"insertions":31,"deletions":29}}},{"hash":"d2214cdbde00d45bebd34394c12ee3d59d8bcde3","messageTitle":"add checkstyle to build.gradle","messageBody":"","fileTypesAndContributionMap":{"gradle":{"insertions":5,"deletions":0}}}]},{"date":"2022-09-11","commitResults":[{"hash":"4e0339f313a53a8bf91a488cfc45c0a82c55d7c9","messageTitle":"update jar version","messageBody":"","fileTypesAndContributionMap":{"gradle":{"insertions":1,"deletions":1}}},{"hash":"8c51c102f54b6c8211fddcc8ab6ba8117fd569f6","messageTitle":"add simple assertions","messageBody":"","fileTypesAndContributionMap":{"java":{"insertions":2,"deletions":0}}},{"hash":"563aabc6a19a5c32a73447ffa5b88a888047584e","messageTitle":"Add missing javadocs","messageBody":"There are several methods and classes that are completely missing\njavadocs.\n\nAdding these missing javadocs improves the code quality by improving\ndocumentation.\n\nLet\u0027s add the missing javadocs into our project.\n","tags":["A-FullCommitMessage"],"fileTypesAndContributionMap":{"java":{"insertions":133,"deletions":10}}},{"hash":"02285aaf9fee2825dd7df25aa2b75605864f5756","messageTitle":"Add batch operations for Delete commands","messageBody":"Users are unable to delete multiple tasks in one command.\n\nBatch operations are more user friendly as users often want to operate\non several tasks at one time.\n\nLet\u0027s modify the Delete command to allow users to input comma\nseparated task IDs that they want to delete.\n","fileTypesAndContributionMap":{"java":{"insertions":37,"deletions":14}}},{"hash":"d51cc62785af9ab3793c2840e3f64e9242a58736","messageTitle":"Add batch operations for Mark and Unmark commands","messageBody":"Users are unable to mark multiple tasks as done or undone.\n\nBatch operations improve user experience as users often want to do\nthings as quickly as possible.\n\nLet\u0027s modify Mark and Unmark commands to allow users to input comma\nseparated indices of the tasks they would like to mark as done or\nundone.\n","fileTypesAndContributionMap":{"java":{"insertions":58,"deletions":29}}}]},{"date":"2022-09-15","commitResults":[{"hash":"3b9f95943d3f8dec264c5184d3055d0be316fb11","messageTitle":"Set title for Duke window","messageBody":"","fileTypesAndContributionMap":{"java":{"insertions":1,"deletions":0}}},{"hash":"f72ef48281ea230071c6b0bc039ffb16738d9cb8","messageTitle":"Add User Guide","messageBody":"","tags":["A-UserGuide"],"fileTypesAndContributionMap":{"md":{"insertions":120,"deletions":12}}},{"hash":"35e8c8f0ca1569d1220a07a93614ab5d6425591d","messageTitle":"formatting changes","messageBody":"","fileTypesAndContributionMap":{"md":{"insertions":2,"deletions":1}}},{"hash":"02fdf87a3ebff6d88f5f023f72dfb72f21e5cd12","messageTitle":"change formatting for User Guide","messageBody":"","tags":["A-Release"],"fileTypesAndContributionMap":{"md":{"insertions":52,"deletions":0}}}]}]},"authorFileTypeContributionMap":{"jacobkwan":{"java":1296,"md":163,"fxml":35,"sh":0,"bat":0,"gradle":62,"txt":24}},"authorContributionVariance":{"jacobkwan":25327.416},"authorDisplayNameMap":{"jacobkwan":"CS2103T-T10-3 KWAN..ACOB"}}
