{"authorDailyContributionsMap":{"jacobkwan":[{"date":"2022-08-19","commitResults":[{"hash":"1c8eb7448a24ac28a07e698c368652cdde35ab5d","messageTitle":"Level 1. Greet, Echo, Exit","messageBody":"","tags":["Level-1"],"fileTypesAndContributionMap":{"java":{"insertions":19,"deletions":6}}},{"hash":"babd4b1da682244694918283dd45ac7ffb1dc475","messageTitle":"Level 2. Add, List","messageBody":"","tags":["Level-2"],"fileTypesAndContributionMap":{"java":{"insertions":47,"deletions":5}}},{"hash":"68a02de90c47d74f11f1a18eb005e5f106af15ea","messageTitle":"add support for marking tasks as done and undone","messageBody":"","tags":["Level-3","A-Classes"],"fileTypesAndContributionMap":{"java":{"insertions":40,"deletions":3}}},{"hash":"0bc83d116769db87f0c19813740f900e75bc1f86","messageTitle":"add support for specific tasks: todos, events, deadlines","messageBody":"","tags":["Level-4","A-Inheritance"],"fileTypesAndContributionMap":{"java":{"insertions":96,"deletions":29}}}]},{"date":"2022-08-20","commitResults":[{"hash":"f065b006b1307bcf074f4db8a53d71fd73b568fb","messageTitle":"support script based text ui testing","messageBody":"","tags":["A-TextUiTesting"],"fileTypesAndContributionMap":{"txt":{"insertions":19,"deletions":0},"java":{"insertions":8,"deletions":5},"sh":{"insertions":0,"deletions":0}}},{"hash":"7cecd6f9c6369e44d4cf1bd1d201431bc852a1ea","messageTitle":"abstract application logic, add basic error handling","messageBody":"","tags":["Level-5","A-Exceptions"],"fileTypesAndContributionMap":{"java":{"insertions":131,"deletions":74}}},{"hash":"7fe17430daa9909eb50aab268a95bce7e8b0652f","messageTitle":"add support for deleting tasks","messageBody":"","tags":["Level-6","A-Enums","A-Collections"],"fileTypesAndContributionMap":{"java":{"insertions":25,"deletions":7}}},{"hash":"63ba9a30bd681f04d1d5f21ee958ce08f6fb0e07","messageTitle":"update test cases to validate error handling and delete functionality","messageBody":"","fileTypesAndContributionMap":{"txt":{"insertions":7,"deletions":2}}}]},{"date":"2022-08-26","commitResults":[{"hash":"13caec0db558f96d7a821c7d044a92b4a0d5b9c4","messageTitle":"Add support for persisting tasks via txt file","messageBody":"","fileTypesAndContributionMap":{"java":{"insertions":134,"deletions":3}}},{"hash":"2680c3bf001eaeff2234261098b755fb16d4c601","messageTitle":"treat date inputs as LocalDate objects","messageBody":"","fileTypesAndContributionMap":{"java":{"insertions":20,"deletions":10}}},{"hash":"99b59d1379077b537e143b1018384e465e23f31a","messageTitle":"standardise date representation in txt file","messageBody":"","fileTypesAndContributionMap":{"java":{"insertions":12,"deletions":6}}}]},{"date":"2022-08-27","commitResults":[{"hash":"fb1a5d46cad7d9d136b6295fee6db1723745ea5a","messageTitle":"abstract out each command, add helper classes","messageBody":"","tags":["A-MoreOOP"],"fileTypesAndContributionMap":{"java":{"insertions":256,"deletions":168}}}]},{"date":"2022-08-28","commitResults":[{"hash":"fe3f7a24b9201351a2436395e5ff4e0f1c1e0f9f","messageTitle":"separate various classes into their own packages","messageBody":"","tags":["A-Packages"],"fileTypesAndContributionMap":{"java":{"insertions":90,"deletions":0}}},{"hash":"16ab76efa70a36a4efc5d6add9f08531e3ec0154","messageTitle":"import gradle config files and wrapper","messageBody":"","tags":["A-Gradle"],"fileTypesAndContributionMap":{"gradle":{"insertions":41,"deletions":0}}},{"hash":"8c6ee7895bd598460bfffeb36193f307f73d7343","messageTitle":"Add unit tests for Parser and TaskList","messageBody":"","tags":["A-JUnit"],"fileTypesAndContributionMap":{"java":{"insertions":93,"deletions":0}}},{"hash":"e98fd43b447b7bc5b720211c54181a38893e1f90","messageTitle":"fix regression that allowed blank descriptions","messageBody":"","fileTypesAndContributionMap":{"java":{"insertions":9,"deletions":0}}},{"hash":"23881686f6a8266e81879609fe0b3a3875b52d59","messageTitle":"add versioning for jar file","messageBody":"","tags":["A-Jar"],"fileTypesAndContributionMap":{"gradle":{"insertions":1,"deletions":0}}},{"hash":"c103afb2567a457036f494d20b37e414998ab374","messageTitle":"add javadocs for majority of classes","messageBody":"","fileTypesAndContributionMap":{"java":{"insertions":203,"deletions":0}}},{"hash":"3bbaae10c081bee205fd94a0cb8687ed24cf6567","messageTitle":"add support for searching by keyword(s)","messageBody":"","fileTypesAndContributionMap":{"java":{"insertions":48,"deletions":0}}},{"hash":"05bd09901daf248fd4a588ec1436c31ef325dc99","messageTitle":"follow coding standards","messageBody":"","fileTypesAndContributionMap":{"java":{"insertions":95,"deletions":92}}},{"hash":"eb52bb3919d39e935ba9fc3bd48e9c80365f74b4","messageTitle":"format javadocs","messageBody":"","fileTypesAndContributionMap":{"java":{"insertions":23,"deletions":20}}},{"hash":"d3203e8f1f35c5418779bb0bf2c570ed43a10f43","messageTitle":"add javadocs for FindCommand","messageBody":"","fileTypesAndContributionMap":{"java":{"insertions":15,"deletions":0}}},{"hash":"5be4126bbeb072b2beade661f791828b2909b853","messageTitle":"follow naming convention for junit tests","messageBody":"","fileTypesAndContributionMap":{"java":{"insertions":5,"deletions":5}}}]}]},"authorFileTypeContributionMap":{"jacobkwan":{"java":943,"md":0,"fxml":0,"sh":0,"bat":0,"gradle":42,"txt":24}},"authorContributionVariance":{"jacobkwan":40751.156},"authorDisplayNameMap":{"jacobkwan":"CS2103T-T10-3 KWAN..ACOB"}}
