{"authorDailyContributionsMap":{"wongyewjon":[{"date":"2022-08-20","commitResults":[{"hash":"f47d3f97b5bea1003ee3046621dbde96c0541362","messageTitle":"level 1","messageBody":"","fileTypesAndContributionMap":{"java":{"insertions":21,"deletions":0}}},{"hash":"2b693f2f0cf9a0712234ebb91b32ea5eeeff40e2","messageTitle":"changed Duke skeleton","messageBody":"","fileTypesAndContributionMap":{"java":{"insertions":6,"deletions":3}}},{"hash":"8e2a87e6c8d60ed110282bb7949c1df80373c120","messageTitle":"added a list class","messageBody":"","fileTypesAndContributionMap":{"java":{"insertions":21,"deletions":0}}},{"hash":"cd438720efa66d29f49ebdfd082108c140398593","messageTitle":"changes made","messageBody":"","tags":["Level-2","Level-1"],"fileTypesAndContributionMap":{"java":{"insertions":9,"deletions":3}}},{"hash":"e766ed7c49014c255ff80c68d36cf360d43fc657","messageTitle":"task with ability to mark added","messageBody":"","tags":["Level-3"],"fileTypesAndContributionMap":{"java":{"insertions":60,"deletions":16}}},{"hash":"f42f5aab136cbe07a34d292d53c7e371007bc19f","messageTitle":"Added Control, Todo, Deadline, Event","messageBody":"","tags":["Level-4"],"fileTypesAndContributionMap":{"java":{"insertions":152,"deletions":59}}},{"hash":"26207ce750b47424afd162be572199390b61492a","messageTitle":"test-ui-test","messageBody":"","fileTypesAndContributionMap":{"txt":{"insertions":9,"deletions":0},"java":{"insertions":8,"deletions":5}}},{"hash":"2b0c0d06f57219d5fcc18507b1f9f8b80ac35fdf","messageTitle":"edited some changes","messageBody":"","fileTypesAndContributionMap":{"txt":{"insertions":2,"deletions":2},"java":{"insertions":8,"deletions":12}}},{"hash":"ed0b59b889013446eb08c9e42982fad8aa6b7d0a","messageTitle":"todo change","messageBody":"","fileTypesAndContributionMap":{"java":{"insertions":1,"deletions":1}}},{"hash":"21a7678e266b47ab4821c0b6cd195a99ee266d60","messageTitle":"no message","messageBody":"","fileTypesAndContributionMap":{"txt":{"insertions":2,"deletions":2}}},{"hash":"ff453580e76b8603e77eefd94e704ee4b3dc9033","messageTitle":"text-ui-test","messageBody":"","tags":["A-TextUiTesting"],"fileTypesAndContributionMap":{"java":{"insertions":8,"deletions":21}}},{"hash":"71647dd1adfb60822e48daa46c8e6123160a91bb","messageTitle":"added exceptions","messageBody":"","tags":["Level-5"],"fileTypesAndContributionMap":{"java":{"insertions":76,"deletions":34}}},{"hash":"bc7639f49a050fd9f97ba408dba0c20d53ba98fa","messageTitle":"added delete  function","messageBody":"","tags":["Level-6"],"fileTypesAndContributionMap":{"java":{"insertions":27,"deletions":7}}}]},{"date":"2022-08-26","commitResults":[{"hash":"18c496432541ec499ea443ee10f182b202cb1a7a","messageTitle":"Accept dates in format \"dd/MM/yyyy\" and print in a different format \"MMM dd yyyy\"","messageBody":"","fileTypesAndContributionMap":{"java":{"insertions":14,"deletions":6}}},{"hash":"443a8ebd205db3e177c32992d393004529e1dcfc","messageTitle":"Catches the case of wrong input of date format","messageBody":"","fileTypesAndContributionMap":{"java":{"insertions":14,"deletions":8}}},{"hash":"ff02805d893dac3609b5f416f8289a2a497f1577","messageTitle":"Accept deadline date format as \"dd/mm/yyyy\" and turn it into \"mmm dd yyyy\"","messageBody":"","tags":["Level-8"],"fileTypesAndContributionMap":{"java":{"insertions":22,"deletions":10}}},{"hash":"d5bf949fc1b95c48452d7a8489aaea3b6f78d900","messageTitle":"oop in progress","messageBody":"","fileTypesAndContributionMap":{"java":{"insertions":174,"deletions":3}}}]},{"date":"2022-08-28","commitResults":[{"hash":"be58f1d98eae6baa54af6bda96c6bf035a0008e3","messageTitle":"saving and loading of files in progress","messageBody":"","tags":["Level-7"],"fileTypesAndContributionMap":{"java":{"insertions":165,"deletions":180}}},{"hash":"1b04cbcb7d9136c06d6653fd0c3e571037d23e3d","messageTitle":"storage added","messageBody":"","fileTypesAndContributionMap":{"txt":{"insertions":0,"deletions":0},"java":{"insertions":30,"deletions":13}}},{"hash":"a8474a661479f03d000ffe167460cdbb4b50aac8","messageTitle":"storage fixed","messageBody":"","tags":["A-MoreOOP"],"fileTypesAndContributionMap":{"txt":{"insertions":2,"deletions":0},"java":{"insertions":14,"deletions":29}}},{"hash":"4816fa8f6ea64337c418d3c8998b038e79070f5b","messageTitle":"added into a package called duke","messageBody":"","tags":["A-Packages"],"fileTypesAndContributionMap":{"java":{"insertions":26,"deletions":0}}},{"hash":"0c72b9c3b7a00b7ed291888097bf758d752c4af3","messageTitle":"Used graddle","messageBody":"","tags":["A-Gradle"],"fileTypesAndContributionMap":{"gradle":{"insertions":8,"deletions":1},"txt":{"insertions":2,"deletions":2},"java":{"insertions":2,"deletions":1}}},{"hash":"8611672ba703b80aa932de2f0dfe7e8735b3af24","messageTitle":"junit tests added","messageBody":"","tags":["v0.1","A-JUnit"],"fileTypesAndContributionMap":{"gradle":{"insertions":7,"deletions":5},"txt":{"insertions":5,"deletions":2},"java":{"insertions":129,"deletions":6}}}]},{"date":"2022-08-29","commitResults":[{"hash":"2c219088fcaadd5836cbea728ac2fb2ae22ce9d0","messageTitle":"JavaDocs implemented","messageBody":"","tags":["A-JavaDoc","A-Jar"],"fileTypesAndContributionMap":{"gradle":{"insertions":1,"deletions":1},"java":{"insertions":188,"deletions":151}}},{"hash":"0456e94b64121f78fc8fbc7416c528b26c5fcbad","messageTitle":"Complied with a coding standard","messageBody":"","tags":["A-CodingStandard"],"fileTypesAndContributionMap":{"java":{"insertions":0,"deletions":149}}},{"hash":"b3faeb9967aaab8e47db67d874655e10ba91948d","messageTitle":"Code complied with a coding stardard","messageBody":"","fileTypesAndContributionMap":{"gradle":{"insertions":6,"deletions":0},"java":{"insertions":61,"deletions":62}}},{"hash":"f198962b1bae1be07a28f48cd19e32d85f140fce","messageTitle":"added find tasks using keyword","messageBody":"","fileTypesAndContributionMap":{"txt":{"insertions":1,"deletions":0},"java":{"insertions":36,"deletions":0}}},{"hash":"7bda4d08ded4c0e42f772cfb86b87f9b06764bd6","messageTitle":"minor changes made","messageBody":"","fileTypesAndContributionMap":{"java":{"insertions":11,"deletions":8}}}]},{"date":"2022-09-08","commitResults":[{"hash":"4cb0198ad734d4077f10a0113a3c51484f69d760","messageTitle":"Added GUI","messageBody":"","tags":["Level-10"],"fileTypesAndContributionMap":{"gradle":{"insertions":5,"deletions":0},"txt":{"insertions":1,"deletions":1},"fxml":{"insertions":35,"deletions":0},"java":{"insertions":248,"deletions":76}}}]},{"date":"2022-09-09","commitResults":[{"hash":"1c71e7b5a23abd38c56a760bce703dd5d7f84c11","messageTitle":"Added some assertions","messageBody":"","tags":["A-Assertions"],"fileTypesAndContributionMap":{"java":{"insertions":3,"deletions":0}}}]},{"date":"2022-09-15","commitResults":[{"hash":"49bdeac74c72f54518fb87353e2bbc8d4fb36312","messageTitle":"reviewed checkstyle errors using CI","messageBody":"","fileTypesAndContributionMap":{"java":{"insertions":8,"deletions":9}}},{"hash":"ea3c029aff9044571e3dbfc655ac9a938f432114","messageTitle":"changed checkstyle","messageBody":"","tags":["A-Checkstyle"],"fileTypesAndContributionMap":{"java":{"insertions":11,"deletions":14}}},{"hash":"6e36b8a6b16400a46748d4d48abaed82e1919783","messageTitle":"Parser classes: extract methods in Parser","messageBody":"Parser methods(e.g. ParseTodo, ParseDeadline) have some common\nconditions to check (e.g. isEmptyString()).\n\nThe common conditions across the Parser methods cause code duplication.\n\nExtracting the common conditions into a method allows for better\nreadability of code.\n\nLet\u0027s pull up conditions common to methods into new methods named\nisEmptyString() and isInValidIndex().\n\nExtracting into single method reduces code duplication.\n","tags":["A-FullCommitMessage"],"fileTypesAndContributionMap":{"txt":{"insertions":3,"deletions":2},"java":{"insertions":44,"deletions":33}}}]},{"date":"2022-09-16","commitResults":[{"hash":"27b18d07990ec81711d8acec4ec0216bc829e97a","messageTitle":"Create Enum PriorityLevel class","messageBody":"Tasks have different fixed priority levels.\n\nCreating an Enum class with different levels of enumerations (e.g. LOW,\nMEDIUM, HIGH, URGENT) as these levels are constants to be passed around.\n\nLet\u0027s create an Enum class to allow easier representation of a group of\nlevel constants.\n","tags":["BCD-Extension"],"fileTypesAndContributionMap":{"txt":{"insertions":2,"deletions":6},"java":{"insertions":95,"deletions":43}}},{"hash":"3e9fa890885f256b2314fbd0edfd0e853ab1f3a4","messageTitle":"Added priority schedule","messageBody":"","fileTypesAndContributionMap":{"txt":{"insertions":9,"deletions":2},"java":{"insertions":56,"deletions":47}}},{"hash":"fc9749a2f973648c648d408af010e488dab15e7e","messageTitle":"Improved GUI","messageBody":"","fileTypesAndContributionMap":{"txt":{"insertions":1,"deletions":6},"java":{"insertions":22,"deletions":4}}}]},{"date":"2022-09-17","commitResults":[{"hash":"908219d3da61e0be64f4ce570b794bdf1d235f6b","messageTitle":"Adjusted dialogbox","messageBody":"","fileTypesAndContributionMap":{"txt":{"insertions":4,"deletions":1},"java":{"insertions":2,"deletions":4}}}]},{"date":"2022-09-18","commitResults":[{"hash":"c0cfe1e8be72146507731ab9104e547addfb2cd6","messageTitle":"Improved Gui","messageBody":"","fileTypesAndContributionMap":{"java":{"insertions":12,"deletions":10}}},{"hash":"b434c7b6e5550219e0f11c28c58b3679220407f6","messageTitle":"Added speech bubble","messageBody":"","fileTypesAndContributionMap":{"txt":{"insertions":1,"deletions":1},"fxml":{"insertions":5,"deletions":3},"java":{"insertions":26,"deletions":9}}},{"hash":"5f88fb555794cfabbff5764dc27fd90c3f8c3856","messageTitle":"Added case insensitive and trimmed messages functionality","messageBody":"","fileTypesAndContributionMap":{"txt":{"insertions":1,"deletions":3},"java":{"insertions":26,"deletions":7}}},{"hash":"d11ef29d6755ff34600ebe8197a4aa58175aa58a","messageTitle":"Reviewed Checkstyle","messageBody":"","fileTypesAndContributionMap":{"txt":{"insertions":2,"deletions":2},"java":{"insertions":71,"deletions":36}}},{"hash":"a97eee75e14c98b561b09f999d1a749c3f1dac3d","messageTitle":"Fixed elipses","messageBody":"","fileTypesAndContributionMap":{"txt":{"insertions":3,"deletions":5},"java":{"insertions":5,"deletions":0}}},{"hash":"8deff375e488e110b338d94183438db26cef47c7","messageTitle":"changed the text size and dialogueBox size","messageBody":"","fileTypesAndContributionMap":{"txt":{"insertions":2,"deletions":1},"fxml":{"insertions":2,"deletions":4},"java":{"insertions":2,"deletions":2}}},{"hash":"b81ac8c2c04439421b9ee2a267c1fb5517fc034e","messageTitle":"Added User Guide","messageBody":"","fileTypesAndContributionMap":{"txt":{"insertions":3,"deletions":4},"md":{"insertions":158,"deletions":12}}},{"hash":"cd31633877fed1d98192ab333e2f4fcb1834a926","messageTitle":"Changed some User Guide","messageBody":"","fileTypesAndContributionMap":{"md":{"insertions":1,"deletions":1}}},{"hash":"a45042d8a886c12bf790eca37b0a14ef7db956e9","messageTitle":"Changed some Graddle","messageBody":"","fileTypesAndContributionMap":{"gradle":{"insertions":9,"deletions":2}}},{"hash":"b5c063e08fc17cf230888bf83be34583ef9c38d4","messageTitle":"Fixed checkstyle","messageBody":"","fileTypesAndContributionMap":{"gradle":{"insertions":1,"deletions":1},"java":{"insertions":5,"deletions":4}}},{"hash":"c81d408ff2759b4bd473bc34c71b18b1f43df701","messageTitle":"Editted Ui.png","messageBody":"","fileTypesAndContributionMap":{"txt":{"insertions":4,"deletions":3}}}]}]},"authorFileTypeContributionMap":{"wongyewjon":{"java":1131,"md":156,"fxml":35,"sh":0,"bat":0,"gradle":31,"txt":13}},"authorContributionVariance":{"wongyewjon":36365.074},"authorDisplayNameMap":{"wongyewjon":"CS2103T-W09-2 WONG.. JON"}}
