{"authorDailyContributionsMap":{"Isaaclhy00":[{"date":"2022-08-18","commitResults":[{"hash":"744308d3732e8a18124f0c5696a29def6ecd3058","messageTitle":"level 1-3 I’mplmented","messageBody":"","fileTypesAndContributionMap":{"java":{"insertions":88,"deletions":0}}}]},{"date":"2022-08-21","commitResults":[{"hash":"7448602d5b42e3b2c71618648cc031eb5fcacde6","messageTitle":"level 1-4 Implemented","messageBody":"","fileTypesAndContributionMap":{"java":{"insertions":109,"deletions":41}}}]},{"date":"2022-08-22","commitResults":[{"hash":"1d9771ca952aab3e9aa9b37802210c22fe92441e","messageTitle":"Level 1-6 implmented","messageBody":"","tags":["Level-6","Level-5","Level-4","Level-3","Level-2","Level-1","!Level-3","!Level-2","!Level-1"],"fileTypesAndContributionMap":{"java":{"insertions":138,"deletions":43}}}]},{"date":"2022-08-29","commitResults":[{"hash":"093478db5b4c7febc3923bf5b47bd87033981e8d","messageTitle":"Implemented level 7","messageBody":"","tags":["Level-7"],"fileTypesAndContributionMap":{"txt":{"insertions":0,"deletions":0},"java":{"insertions":747,"deletions":240}}},{"hash":"6a5c41e130535cbea59c46b2b417491126324547","messageTitle":"Implemented Level 8","messageBody":"","tags":["Level-8"],"fileTypesAndContributionMap":{"java":{"insertions":79,"deletions":41}}},{"hash":"18811a340c34e6dedc92cfa852413093b274ccb5","messageTitle":"Implemented More OOP","messageBody":"","tags":["A-Packages","A-MoreOOP"],"fileTypesAndContributionMap":{"java":{"insertions":23,"deletions":14}}},{"hash":"37a9a3734edb0043683667ffbfb8aee68f699e22","messageTitle":"Implemented JUnit","messageBody":"","tags":["A-Jar","A-JUnit"],"fileTypesAndContributionMap":{"java":{"insertions":67,"deletions":3}}}]},{"date":"2022-08-30","commitResults":[{"hash":"e132fece48e96a842cc05642584737cbcd1653a0","messageTitle":"Added JavaDocs","messageBody":"","tags":["A-JavaDoc","A-CodingStandard"],"fileTypesAndContributionMap":{"java":{"insertions":671,"deletions":370},"bat":{"insertions":1,"deletions":1},"md":{"insertions":2,"deletions":2}}},{"hash":"cbba24683b17f0fef5aa57f2003778f3582f8373","messageTitle":"Implemented Find","messageBody":"","tags":["Level-9"],"fileTypesAndContributionMap":{"txt":{"insertions":3,"deletions":0},"java":{"insertions":72,"deletions":10}}},{"hash":"06b2bd6b80fea9e34d7ab3f4d993a6244026d862","messageTitle":"Updated Duke.java","messageBody":"","fileTypesAndContributionMap":{"java":{"insertions":4,"deletions":1}}}]}]},"authorFileTypeContributionMap":{"Isaaclhy00":{"java":1241,"md":2,"fxml":0,"sh":0,"bat":1,"gradle":0,"txt":3}},"authorContributionVariance":{"Isaaclhy00":127670.17},"authorDisplayNameMap":{"Isaaclhy00":"CS2103T-W15-2 ISAA..YANG"}}
