{"authorDailyContributionsMap":{"nmtuan2001":[{"date":"2022-08-16","commitResults":[{"hash":"80e696f52f3e1dc6b8df1ae545c3c02bd893f137","messageTitle":"Greet, Echo, Exit","messageBody":"","tags":["Level-1"],"fileTypesAndContributionMap":{"java":{"insertions":39,"deletions":6}}},{"hash":"f289b3bf3e9208adfd1891c57c0af28029988c30","messageTitle":"Add, List","messageBody":"","tags":["Level-2"],"fileTypesAndContributionMap":{"java":{"insertions":20,"deletions":6}}},{"hash":"b6cda7d6fa653316b695490e5c168e0eafc324e3","messageTitle":"Mark as Done","messageBody":"","tags":["Level-3"],"fileTypesAndContributionMap":{"java":{"insertions":49,"deletions":9}}},{"hash":"fb44c09d62eecf7632b42e7f830d4d76584e547d","messageTitle":"ToDos, Events, Deadlines","messageBody":"","tags":["Level-4"],"fileTypesAndContributionMap":{"java":{"insertions":55,"deletions":12}}},{"hash":"2e7be77d1f2a7678699fb57120c6cfad5db04f8c","messageTitle":"Automated Text UI Testing","messageBody":"","tags":["A-TextUiTesting"],"fileTypesAndContributionMap":{"txt":{"insertions":11,"deletions":0}}},{"hash":"52e4a872ea72d871ef05632eac566e6521fd36c9","messageTitle":"Handle Errors","messageBody":"","tags":["Level-5"],"fileTypesAndContributionMap":{"java":{"insertions":77,"deletions":49}}}]},{"date":"2022-08-25","commitResults":[{"hash":"6a2bbf0f1ec83a0de62016f7c66abc59dbf42a34","messageTitle":"Delete","messageBody":"","tags":["Level-6"],"fileTypesAndContributionMap":{"java":{"insertions":23,"deletions":7}}}]}]},"authorFileTypeContributionMap":{"nmtuan2001":{"java":179,"md":0,"fxml":0,"sh":0,"bat":0,"gradle":0,"txt":11}},"authorContributionVariance":{"nmtuan2001":7312.637},"authorDisplayNameMap":{"nmtuan2001":"NGUY..TUAN"}}
