{"authorDailyContributionsMap":{"KSHan29":[{"date":"2022-08-18","commitResults":[{"hash":"e3deb6938e7e1ee688050f8aadc17b05c58c167d","messageTitle":"Duke Level-1","messageBody":"","tags":["Level-1"],"fileTypesAndContributionMap":{"java":{"insertions":35,"deletions":0}}},{"hash":"30b12fc0c62b3d9d67b245f6c033bdc60460089e","messageTitle":"Level-2","messageBody":"","tags":["Level-2"],"fileTypesAndContributionMap":{"java":{"insertions":31,"deletions":9}}},{"hash":"bb4262b7d94eb0843e8538697191a3eb56d5ef8f","messageTitle":"Level-3","messageBody":"","tags":["Level-3"],"fileTypesAndContributionMap":{"java":{"insertions":65,"deletions":14}}},{"hash":"e78a0d3402335376fe3c0e67e4e38973975f11b0","messageTitle":"Level-4","messageBody":"","tags":["Level-4"],"fileTypesAndContributionMap":{"java":{"insertions":90,"deletions":26}}}]},{"date":"2022-08-19","commitResults":[{"hash":"bd6526ddddf16fa6e299d64a7a0c887cd29a7b07","messageTitle":"Level-5","messageBody":"","fileTypesAndContributionMap":{"txt":{"insertions":8,"deletions":0},"java":{"insertions":75,"deletions":25},"sh":{"insertions":3,"deletions":3}}},{"hash":"35b8c97510a810ac31b5f46fce5cce81524717f0","messageTitle":"Level-6","messageBody":"","fileTypesAndContributionMap":{"java":{"insertions":47,"deletions":27}}},{"hash":"9c08661861db40f40200910d59a0a5fa6cc01fde","messageTitle":"A-TextUiTesting","messageBody":"","fileTypesAndContributionMap":{"txt":{"insertions":5,"deletions":6},"java":{"insertions":15,"deletions":15},"sh":{"insertions":3,"deletions":3}}}]},{"date":"2022-08-22","commitResults":[{"hash":"ef031aaba3c52d28f6f1edc2ec30657ac9093b70","messageTitle":"Fix coding style","messageBody":"","fileTypesAndContributionMap":{"java":{"insertions":26,"deletions":26}}}]},{"date":"2022-08-23","commitResults":[{"hash":"6da1388188cf6a3c7834d356e676c768ddc85443","messageTitle":"Fix deadline bug","messageBody":"","fileTypesAndContributionMap":{"java":{"insertions":12,"deletions":3}}},{"hash":"0b82e3e1c518cd39c26d71621c3d254c30852202","messageTitle":"Update testing inputs and outputs","messageBody":"","fileTypesAndContributionMap":{"txt":{"insertions":6,"deletions":3}}},{"hash":"ad1156bb233ce975031e37b2f0e7e7ceabfc4ccc","messageTitle":"Implement read from disk on start and on add task","messageBody":"","fileTypesAndContributionMap":{"java":{"insertions":107,"deletions":14}}},{"hash":"31cf911405feae0b4339450125b56e39f1f30493","messageTitle":"Fix numbered tasks bug","messageBody":"","tags":["Level-6","Level-5","A-TextUiTesting"],"fileTypesAndContributionMap":{"java":{"insertions":1,"deletions":1}}},{"hash":"437e6caa3e79f5ea94cefc956ec2e7bd62b3f599","messageTitle":"Implement disk read/write for methods except mark/unmark","messageBody":"","fileTypesAndContributionMap":{"txt":{"insertions":13,"deletions":1},"java":{"insertions":46,"deletions":7}}},{"hash":"80acb5f86af928d5cddaa55f8db5ba23727b2b37","messageTitle":"Implement disk write/read for mark and unmark","messageBody":"","tags":["Level-7"],"fileTypesAndContributionMap":{"java":{"insertions":30,"deletions":5}}}]},{"date":"2022-08-25","commitResults":[{"hash":"d9d0baad257b74df9a12176c74900295393deda8","messageTitle":"no message","messageBody":"","fileTypesAndContributionMap":{"java":{"insertions":58,"deletions":14}}},{"hash":"836a3332901fc38ccce580172e8fcd7f2ef27931","messageTitle":"Fix bugs from merge","messageBody":"","fileTypesAndContributionMap":{"java":{"insertions":13,"deletions":8}}},{"hash":"8a784fd9b3a4faa85064dea0e105de41c8ba8485","messageTitle":"Implement more OOP","messageBody":"","fileTypesAndContributionMap":{"java":{"insertions":426,"deletions":345}}},{"hash":"98603b7dd783071169c1a0c6af3351b3684fb5e5","messageTitle":"Place files in package","messageBody":"","tags":["A-Packages"],"fileTypesAndContributionMap":{"java":{"insertions":19,"deletions":11}}}]},{"date":"2022-08-27","commitResults":[{"hash":"9bb169bd1bc9d86266f79198654517b3257e78e6","messageTitle":"A-Gradle","messageBody":"","tags":["A-Gradle"],"fileTypesAndContributionMap":{"gradle":{"insertions":6,"deletions":0},"java":{"insertions":25,"deletions":34}}},{"hash":"e342f00b3b1dddfcf29e5e88b70a213990a59485","messageTitle":"Add unit tests","messageBody":"","tags":["A-JUnit"],"fileTypesAndContributionMap":{"java":{"insertions":66,"deletions":6}}},{"hash":"71e98551b647ca25b26250e7c16176c644fab130","messageTitle":"Add JavaDoc for classes and methods","messageBody":"","tags":["A-JavaDoc"],"fileTypesAndContributionMap":{"java":{"insertions":192,"deletions":0}}},{"hash":"c5e78134f11f6cbe780e666a05dd035a2eb1c120","messageTitle":"Revert \"Add JavaDoc for classes and methods\"","messageBody":"This reverts commit 71e98551b647ca25b26250e7c16176c644fab130.\n","fileTypesAndContributionMap":{"java":{"insertions":0,"deletions":192}}},{"hash":"2135a5df3fa848975a74b3c6a5fe2aec4f5dd127","messageTitle":"Add method Find to search Task list","messageBody":"","tags":["Level-9"],"fileTypesAndContributionMap":{"java":{"insertions":41,"deletions":2}}},{"hash":"dda816bb01ae7e075fc9ded2c80434c6deef4b6f","messageTitle":"Add newline to end of files","messageBody":"","fileTypesAndContributionMap":{"java":{"insertions":3,"deletions":5}}}]},{"date":"2022-08-28","commitResults":[{"hash":"a7c2507a92af3cc6e67c10dc10248f38531f50fc","messageTitle":"Add JavaFx code for build.gradle","messageBody":"","fileTypesAndContributionMap":{"gradle":{"insertions":15,"deletions":0},"java":{"insertions":24,"deletions":1}}},{"hash":"a2544e7001c2a2d1396263627f4f38de64c98046","messageTitle":"Merge with master branch","messageBody":"","fileTypesAndContributionMap":{"java":{"insertions":1,"deletions":1}}},{"hash":"55e8a47e21a6e88de26715c9da8d9d678492d2d4","messageTitle":"Revert \"Merge with master branch\"","messageBody":"This reverts commit a2544e7001c2a2d1396263627f4f38de64c98046.\n","fileTypesAndContributionMap":{"java":{"insertions":1,"deletions":1}}},{"hash":"c1ff69ed05cf96bef329ed407978838a9f9ddf06","messageTitle":"Merge with branch-A-JavaDoc","messageBody":"","fileTypesAndContributionMap":{"java":{"insertions":190,"deletions":1}}},{"hash":"8120621139f3849c2b8fba63118620a6427d8f13","messageTitle":"Add StyleCheck using gradle","messageBody":"","fileTypesAndContributionMap":{"gradle":{"insertions":1,"deletions":1}}},{"hash":"1199fa59c82c417757a9ba44e23938320bc26074","messageTitle":"Revert \"Add StyleCheck using gradle\"","messageBody":"This reverts commit 8120621139f3849c2b8fba63118620a6427d8f13.\n","fileTypesAndContributionMap":{"gradle":{"insertions":1,"deletions":1}}},{"hash":"f7cfb2eb46cd4a144226b1102cea947aed111bdb","messageTitle":"Add CheckStyle","messageBody":"","tags":["A-CheckStyle"],"fileTypesAndContributionMap":{"gradle":{"insertions":0,"deletions":1}}}]},{"date":"2022-08-29","commitResults":[{"hash":"e13ce43b12f77eb1d0d264348ecd26eb33244efa","messageTitle":"Improve OOP","messageBody":"","tags":["A-MoreOOP"],"fileTypesAndContributionMap":{"gradle":{"insertions":2,"deletions":2},"java":{"insertions":675,"deletions":284}}},{"hash":"ca713a89370c1685a3ab6654776bdd46b8aff23b","messageTitle":"Refactor files","messageBody":"","fileTypesAndContributionMap":{"gradle":{"insertions":6,"deletions":0},"java":{"insertions":96,"deletions":20}}}]},{"date":"2022-08-30","commitResults":[{"hash":"16380e38d346b63ba913116a3a8f87af2ba92c80","messageTitle":"Implement JavaFX for Duke GUI","messageBody":"","tags":["Level-10"],"fileTypesAndContributionMap":{"fxml":{"insertions":35,"deletions":0},"java":{"insertions":266,"deletions":132},"bat":{"insertions":1,"deletions":1},"md":{"insertions":2,"deletions":2}}}]},{"date":"2022-09-01","commitResults":[{"hash":"ddd21bd329a58851ac46131cedc7cddd4a6ecdfd","messageTitle":"Update configurations for jar file","messageBody":"","fileTypesAndContributionMap":{"gradle":{"insertions":1,"deletions":1}}}]}]},"authorFileTypeContributionMap":{"KSHan29":{"java":1459,"md":2,"fxml":35,"sh":0,"bat":1,"gradle":27,"txt":22}},"authorContributionVariance":{"KSHan29":93826.2},"authorDisplayNameMap":{"KSHan29":"CS2103T-T17-3 KEE .. HAN"}}
