{"authorDailyContributionsMap":{"nehcuy":[{"date":"2022-08-17","commitResults":[{"hash":"cecc361b422a2a7a62f8fbc6685ad63d8e4f79b8","messageTitle":"Initial commit","messageBody":"","fileTypesAndContributionMap":{"java":{"insertions":45,"deletions":6}}},{"hash":"79c6cb9a47d034e03439dbd604c3ced751da3739","messageTitle":"Level-1","messageBody":"","tags":["Level-1"],"fileTypesAndContributionMap":{"java":{"insertions":40,"deletions":49},"bat":{"insertions":21,"deletions":21},"sh":{"insertions":37,"deletions":37},"md":{"insertions":62,"deletions":62}}},{"hash":"db745e658018e6a791b835d33b083414ba0ad348","messageTitle":"Add new classes and cleared Level-2","messageBody":"","fileTypesAndContributionMap":{"java":{"insertions":72,"deletions":4}}},{"hash":"37e5375df6edf4a04eb98d3ac889a9cc1cf90b03","messageTitle":"Revert \"Add new classes and cleared Level-2\"","messageBody":"This reverts commit db745e658018e6a791b835d33b083414ba0ad348.\n","fileTypesAndContributionMap":{"java":{"insertions":4,"deletions":72}}},{"hash":"3f7a8c1220df8f46ba97bdadf84481dcb593ce28","messageTitle":"Revert \"Revert \"Add new classes and cleared Level-2\"\"","messageBody":"This reverts commit 37e5375df6edf4a04eb98d3ac889a9cc1cf90b03.\n","tags":["Level-2"],"fileTypesAndContributionMap":{"java":{"insertions":72,"deletions":4}}},{"hash":"9fb0658f31be5bfac0aae9c73f7357af4d09c8d0","messageTitle":"Complete Level 3","messageBody":"","tags":["Level-3"],"fileTypesAndContributionMap":{"java":{"insertions":74,"deletions":20}}}]},{"date":"2022-08-18","commitResults":[{"hash":"5d34c6084b5b7a94d6f3b3ada6d67b594e524e37","messageTitle":"Complete Level-4","messageBody":"","tags":["Level-4"],"fileTypesAndContributionMap":{"java":{"insertions":100,"deletions":45}}},{"hash":"df8374bc6a8aa012faae8e979334986030e7933d","messageTitle":"Add test cases","messageBody":"","fileTypesAndContributionMap":{"txt":{"insertions":11,"deletions":0}}},{"hash":"478159e812c593db9b790e7e0d112a7d41fc4433","messageTitle":"Add test case","messageBody":"","tags":["A-TextUiTesting"],"fileTypesAndContributionMap":{"sh":{"insertions":37,"deletions":37}}},{"hash":"d5f60f3c2bb0b23ff41c17312e7484162e0c5d71","messageTitle":"Handle exceptions and complete Level-5","messageBody":"","tags":["Level-5"],"fileTypesAndContributionMap":{"java":{"insertions":94,"deletions":39}}},{"hash":"16f770658d1f1abe38497d3cb8f954bff464fdcf","messageTitle":"Implement task deletion and complete Level-6","messageBody":"","tags":["Level-6"],"fileTypesAndContributionMap":{"java":{"insertions":31,"deletions":4}}},{"hash":"568ed63797b24c36aba8318fca83a25f878679b1","messageTitle":"Edit README.md","messageBody":"","fileTypesAndContributionMap":{"md":{"insertions":31,"deletions":20}}}]},{"date":"2022-08-23","commitResults":[{"hash":"d4410811a9b0eb0f8d431b24571b83be6bdeef20","messageTitle":"Add Javadocs","messageBody":"","fileTypesAndContributionMap":{"java":{"insertions":39,"deletions":5}}}]},{"date":"2022-08-25","commitResults":[{"hash":"c3317b63c2a9cf89ec2ceee875a51d274e005d90","messageTitle":"Redo to follow better OOP","messageBody":"","tags":["A-Packages","A-MoreOOP"],"fileTypesAndContributionMap":{"txt":{"insertions":4,"deletions":0},"java":{"insertions":513,"deletions":325}}},{"hash":"1ae56720b9f6747fa040325c03a22057df7ca923","messageTitle":"Fix wrong Command input issues","messageBody":"","fileTypesAndContributionMap":{"java":{"insertions":118,"deletions":117}}},{"hash":"c5577d2fe605e4012d6adacce3651bce5ae074d5","messageTitle":"Tidy up import statements","messageBody":"","fileTypesAndContributionMap":{"java":{"insertions":6,"deletions":16}}}]},{"date":"2022-08-27","commitResults":[{"hash":"c6cffd71bfa34d256d5a816646b75e8730634bfd","messageTitle":"Complete Level-7","messageBody":"","tags":["Level-7"],"fileTypesAndContributionMap":{"txt":{"insertions":0,"deletions":4},"java":{"insertions":124,"deletions":9}}},{"hash":"8c5c5a3b653483f911c236abd8adc774d78c5512","messageTitle":"Add reformatting of date in event and deadline","messageBody":"","tags":["Level-8"],"fileTypesAndContributionMap":{"java":{"insertions":44,"deletions":16}}},{"hash":"4d87a5254d8773bf52b5b2c4b00674bfe03bc681","messageTitle":"Reorder import statements","messageBody":"","fileTypesAndContributionMap":{"java":{"insertions":12,"deletions":13}}},{"hash":"8148d32ad4b2e9e3690296793578c79ce2c53803","messageTitle":"Complete A-Gradle","messageBody":"","tags":["A-Gradle"],"fileTypesAndContributionMap":{"gradle":{"insertions":41,"deletions":0},"txt":{"insertions":2,"deletions":0},"bat":{"insertions":89,"deletions":0}}},{"hash":"c228b20ad2c5b70267ca8c37e58273a7b173f116","messageTitle":"Complete A-JUnit","messageBody":"","tags":["A-JUnit"],"fileTypesAndContributionMap":{"java":{"insertions":68,"deletions":0}}},{"hash":"af04d9ed4f6b58d4b306ad6b3ef772749c82a567","messageTitle":"Complete A-Jar","messageBody":"","tags":["A-Jar"],"fileTypesAndContributionMap":{"java":{"insertions":3,"deletions":3}}},{"hash":"ab61889d400152e8169f98124f7edcee0dfdcde9","messageTitle":"Tidy up code and complete A-JavaDoc","messageBody":"","tags":["A-JavaDoc"],"fileTypesAndContributionMap":{"txt":{"insertions":0,"deletions":2},"java":{"insertions":322,"deletions":111}}},{"hash":"bdcad9d5f42e2e96e68d89e725e6e732109c51b9","messageTitle":"Update code to follow coding standards","messageBody":"","tags":["A-CodingStandard"],"fileTypesAndContributionMap":{"java":{"insertions":72,"deletions":73}}},{"hash":"52f663e261f86e7b1294780806fd98cc35a6a09e","messageTitle":"Implement \"find\" keyword and complete Level-9","messageBody":"","tags":["Level-9"],"fileTypesAndContributionMap":{"txt":{"insertions":1,"deletions":0},"java":{"insertions":54,"deletions":8}}},{"hash":"53074da3800047b1bdde62e1072e29c1ec1c1b37","messageTitle":"Correct access modifiers to smaller scope","messageBody":"","fileTypesAndContributionMap":{"txt":{"insertions":0,"deletions":3},"java":{"insertions":4,"deletions":6}}},{"hash":"d8395870b162d47d190c36c6c81e218848718576","messageTitle":"Expand import statement to follow coding standards","messageBody":"","fileTypesAndContributionMap":{"java":{"insertions":8,"deletions":1}}},{"hash":"7463365ff08dce6ecbfbf5eb6c789345298f462a","messageTitle":"Fix JUnit test code format","messageBody":"","fileTypesAndContributionMap":{"java":{"insertions":6,"deletions":6}}}]},{"date":"2022-08-31","commitResults":[{"hash":"f0153627401a82277169c66258a30c5fc3a0c8a2","messageTitle":"Add checkstyle","messageBody":"","tags":["A-CheckStyle"],"fileTypesAndContributionMap":{"gradle":{"insertions":5,"deletions":0},"java":{"insertions":52,"deletions":53}}},{"hash":"c7242aca92498866c02e900e154d29be09ea6f4b","messageTitle":"Change Task field modifiers","messageBody":"","fileTypesAndContributionMap":{"txt":{"insertions":2,"deletions":0},"java":{"insertions":48,"deletions":10}}},{"hash":"399191c303028cacad8a6fce6a5110abbe3b8a89","messageTitle":"Include Class Javadocs","messageBody":"","fileTypesAndContributionMap":{"java":{"insertions":91,"deletions":0}}}]},{"date":"2022-09-01","commitResults":[{"hash":"c7f5e97f299bb778f17c09bb2849be5fe0f6ca0a","messageTitle":"Abstract common outputs into Messages class","messageBody":"","fileTypesAndContributionMap":{"txt":{"insertions":1,"deletions":0},"java":{"insertions":88,"deletions":67}}},{"hash":"0395544c7049a169ffb4cf85be946022503dde53","messageTitle":"Rename Javadoc in Messages class","messageBody":"","fileTypesAndContributionMap":{"java":{"insertions":3,"deletions":2}}}]},{"date":"2022-09-09","commitResults":[{"hash":"20e0dc8b09873ad25621d42d91f21e4a0e6a3849","messageTitle":"Add GUI","messageBody":"","fileTypesAndContributionMap":{"gradle":{"insertions":14,"deletions":0},"txt":{"insertions":2,"deletions":1},"fxml":{"insertions":35,"deletions":0},"java":{"insertions":252,"deletions":100}}},{"hash":"e4c1c0b542f2290ca9e60ab9d85ec1e51941a932","messageTitle":"Fix file name error","messageBody":"","fileTypesAndContributionMap":{"fxml":{"insertions":1,"deletions":1}}}]},{"date":"2022-09-10","commitResults":[{"hash":"010cf31d009695e1eb0e80a12addcb586ebb7054","messageTitle":"Improve GUI format","messageBody":"","tags":["Level-10"],"fileTypesAndContributionMap":{"txt":{"insertions":1,"deletions":1},"fxml":{"insertions":20,"deletions":7},"java":{"insertions":39,"deletions":73}}}]},{"date":"2022-09-12","commitResults":[{"hash":"8e7e5ac98e8abdf52a535ec9349fd6af9f2a3de2","messageTitle":"Fix code formatting","messageBody":"Abstracted out unnecessarily long methods into private methods in the\nStorage and AddCommand class.\n\nAlso edited incomplete JavaDocs.\n","tags":["A-FullCommitMessage"],"fileTypesAndContributionMap":{"java":{"insertions":142,"deletions":110}}},{"hash":"5a0676dfffedaad04da1540e2770759c0e7a05ca","messageTitle":"Edit build.gradle","messageBody":"As the main method is moved from the Duke class to the Launcher class,\nmainClassName must be changed accordingly to ensure GUI is run.\n","fileTypesAndContributionMap":{"gradle":{"insertions":1,"deletions":1},"txt":{"insertions":1,"deletions":4}}},{"hash":"c82e50e4f0e4a78d31bc8d4129d3d52432887ccd","messageTitle":"Add assertions","messageBody":"","tags":["A-Assertions"],"fileTypesAndContributionMap":{"gradle":{"insertions":1,"deletions":0},"txt":{"insertions":0,"deletions":1},"java":{"insertions":3,"deletions":0}}},{"hash":"01c1cc9a91aa90d55e5dce37f043ba0aeee682f7","messageTitle":"Remove unnecessary Ui class and text-ui-test folder","messageBody":"","tags":["A-CodeQuality"],"fileTypesAndContributionMap":{"txt":{"insertions":0,"deletions":12},"java":{"insertions":10,"deletions":82},"bat":{"insertions":0,"deletions":21},"sh":{"insertions":0,"deletions":38}}},{"hash":"875f584197922d50f600269bc8b84de5952d98bf","messageTitle":"Complete C-MassOps","messageBody":"Implemented \u0027delete all\u0027 to clear everything in the task list.\n","tags":["BCD-Extension"],"fileTypesAndContributionMap":{"java":{"insertions":20,"deletions":5}}},{"hash":"bf993cc5776d02d2f616b33e0016a6c3f7602a0a","messageTitle":"Make exiting GUI delayed to display goodbye message","messageBody":"","tags":["A-BetterGui"],"fileTypesAndContributionMap":{"txt":{"insertions":1,"deletions":0},"java":{"insertions":17,"deletions":2}}}]},{"date":"2022-09-14","commitResults":[{"hash":"d2d6799971bcfd501642b08ab26a38efe19a51ee","messageTitle":"Improve GUI display","messageBody":"- Add background image\n- Rounded text box displays\n- Made display user and duke images circular\n- Add window icon\n","fileTypesAndContributionMap":{"txt":{"insertions":2,"deletions":1},"fxml":{"insertions":4,"deletions":3},"java":{"insertions":2,"deletions":0}}},{"hash":"37f89f95e485776cb80cb18b20f9ae9fee2406cd","messageTitle":"Fix GUI background image resizing issues","messageBody":"","fileTypesAndContributionMap":{"fxml":{"insertions":5,"deletions":4}}}]},{"date":"2022-09-15","commitResults":[{"hash":"e386825aa31787dd0b540450237b27164d6d39eb","messageTitle":"Implement new delete and mark/unmark feature","messageBody":"Now able to do:\n- mark/unmark all\n- delete all\n- mark/unmark multiple task numbers\n- delete multiple task numbers\n","fileTypesAndContributionMap":{"txt":{"insertions":6,"deletions":0},"java":{"insertions":139,"deletions":74}}},{"hash":"f63f739e2ac55bdc2472108970f51ba2a95d54e3","messageTitle":"Modify duke.txt to rem bot.txt","messageBody":"","tags":["A-Personality"],"fileTypesAndContributionMap":{"txt":{"insertions":4,"deletions":2},"java":{"insertions":1,"deletions":1}}}]},{"date":"2022-09-16","commitResults":[{"hash":"97692a6397cf99b8f80ad88078c8d36a7a67dfeb","messageTitle":"Tweak AddCommand error handling","messageBody":"","fileTypesAndContributionMap":{"txt":{"insertions":1,"deletions":10},"java":{"insertions":7,"deletions":16}}},{"hash":"d4c2f19ff9ee3cd6e6e6286f3d5ec8a7cbefd0a4","messageTitle":"Improve error handling","messageBody":"","tags":["A-MoreErrorHandling"],"fileTypesAndContributionMap":{"java":{"insertions":12,"deletions":4}}},{"hash":"d8bc42ed3de0fc368f32510cc4bb97e4b8a413d7","messageTitle":"Add User Guide","messageBody":"","tags":["A-UserGuide"],"fileTypesAndContributionMap":{"txt":{"insertions":7,"deletions":1},"java":{"insertions":4,"deletions":4},"md":{"insertions":127,"deletions":14}}}]},{"date":"2022-09-18","commitResults":[{"hash":"12db94b0516856cd5627b26b89b0937b4c7b3489","messageTitle":"Prettify GUI","messageBody":"- Add Label borders\n- Change background image\n","fileTypesAndContributionMap":{"txt":{"insertions":0,"deletions":7},"fxml":{"insertions":15,"deletions":10},"java":{"insertions":7,"deletions":3}}},{"hash":"32d24af02071e813ea57d0acd7ad63fd2fa50fc8","messageTitle":"Implement \"clear\" keyword input","messageBody":"- Clears the VBox of all DialogBoxes and clears the page\n","fileTypesAndContributionMap":{"java":{"insertions":36,"deletions":7}}},{"hash":"2b1d9596ba8d7da6e0299a1db6ec5bc84818aa6e","messageTitle":"Update User Guide","messageBody":"","tags":["v1.1"],"fileTypesAndContributionMap":{"md":{"insertions":58,"deletions":41}}},{"hash":"530f8fa61eada6ac98b87501d2e7c23f9bf3e117","messageTitle":"Edit README.md","messageBody":"","fileTypesAndContributionMap":{"md":{"insertions":159,"deletions":35}}},{"hash":"98a33f10c0b601d9981b0985ef0253bec447abff","messageTitle":"Edit README.md","messageBody":"","fileTypesAndContributionMap":{"md":{"insertions":172,"deletions":36}}},{"hash":"307fbedf15a6d49981f539efb850f648a12d079d","messageTitle":"Edit README.md","messageBody":"","fileTypesAndContributionMap":{"md":{"insertions":2,"deletions":2}}}]}]},"authorFileTypeContributionMap":{"nehcuy":{"java":1344,"md":322,"fxml":55,"sh":0,"bat":0,"gradle":23,"txt":0}},"authorContributionVariance":{"nehcuy":83111.28},"authorDisplayNameMap":{"nehcuy":"CS2103T-W16-3 HUAN..CHEN"}}
