{"authorDailyContributionsMap":{"optionalemon":[{"date":"2022-08-18","commitResults":[{"hash":"ba6f4dfdce027696b8c9052a08fa9ac3b0e0eb45","messageTitle":"level 1","messageBody":"","tags":["Level-1"],"fileTypesAndContributionMap":{"java":{"insertions":25,"deletions":6}}},{"hash":"fac41ff90c67edffd13623c1b4ef56b17b3e8d3e","messageTitle":"level 2","messageBody":"","tags":["Level-2"],"fileTypesAndContributionMap":{"java":{"insertions":20,"deletions":6}}},{"hash":"e8d6c191b2d9222f6a40729a91d6ffee8350083d","messageTitle":"level 3","messageBody":"","tags":["Level-3"],"fileTypesAndContributionMap":{"java":{"insertions":47,"deletions":15}}},{"hash":"117bda9258bce8345f750045b4e2f5663d73d242","messageTitle":"level 4","messageBody":"","tags":["Level-4"],"fileTypesAndContributionMap":{"java":{"insertions":75,"deletions":11}}},{"hash":"4a119b6dc35fb65db7c81b6311d1e322592004b5","messageTitle":"automated text ui testing","messageBody":"","tags":["A-TextUiTesting"],"fileTypesAndContributionMap":{"txt":{"insertions":13,"deletions":0}}},{"hash":"62e53cbf62b1c04137eef096d30756c3692829de","messageTitle":"level 5","messageBody":"","tags":["Level-5"],"fileTypesAndContributionMap":{"java":{"insertions":45,"deletions":15}}},{"hash":"5b08667cb6bd09ac172c5520193c99174c2fbf2f","messageTitle":"level 6","messageBody":"","tags":["Level-6"],"fileTypesAndContributionMap":{"java":{"insertions":16,"deletions":4}}}]},{"date":"2022-08-24","commitResults":[{"hash":"396ba8193b8e63774555056713342e3d07115f17","messageTitle":"level 7","messageBody":"","tags":["Level-7"],"fileTypesAndContributionMap":{"java":{"insertions":76,"deletions":4}}},{"hash":"bdd27eb2066be149f41d680cf3229fe3cffd5630","messageTitle":"level 8","messageBody":"","tags":["Level-8"],"fileTypesAndContributionMap":{"java":{"insertions":23,"deletions":7}}}]},{"date":"2022-08-25","commitResults":[{"hash":"dc0a6068569caf34decfcad971bd420f2cc032c9","messageTitle":"basic structure with moreOOP","messageBody":"","fileTypesAndContributionMap":{"java":{"insertions":264,"deletions":169}}}]},{"date":"2022-08-31","commitResults":[{"hash":"168841e5b1b6671f7cecf88c57e52820ef1030f2","messageTitle":"OOP class modified","messageBody":"","tags":["A-MoreOOP"],"fileTypesAndContributionMap":{"java":{"insertions":150,"deletions":26}}},{"hash":"f90849c680c4c73eec0c1bb05d05775a4efd1529","messageTitle":"apply package format","messageBody":"","tags":["A-Packages"],"fileTypesAndContributionMap":{"java":{"insertions":96,"deletions":7}}},{"hash":"17022926e7795c7071724fc95a381c8dd7dd2958","messageTitle":"set up gradle","messageBody":"","tags":["A-Gradle"],"fileTypesAndContributionMap":{"gradle":{"insertions":2,"deletions":2}}},{"hash":"a688f0c2f6800f8a3ceaf2d4ac5aaff882e715a4","messageTitle":"add junit tests","messageBody":"","tags":["A-JUnit"],"fileTypesAndContributionMap":{"java":{"insertions":53,"deletions":0}}},{"hash":"2f916b5cd15fde9df46f70589fe8e97323b052a0","messageTitle":"fix datetime format bug","messageBody":"","tags":["A-Jar"],"fileTypesAndContributionMap":{"java":{"insertions":10,"deletions":10}}}]}]},"authorFileTypeContributionMap":{"optionalemon":{"java":622,"md":0,"fxml":0,"sh":0,"bat":0,"gradle":2,"txt":13}},"authorContributionVariance":{"optionalemon":17174.426},"authorDisplayNameMap":{"optionalemon":"CS2103T-T12-1 XU Y..U YI"}}
