{"authorDailyContributionsMap":{"ngquyduc":[{"date":"2022-08-18","commitResults":[{"hash":"3d402ebba73446410826c45539957166b7b9048a","messageTitle":"finish Level 1. Greet, Echo, Exit","messageBody":"","tags":["Level-1"],"fileTypesAndContributionMap":{"java":{"insertions":38,"deletions":6}}},{"hash":"2f9583e43a0ca2eed82dff86f00054bf0859320a","messageTitle":"finish Level 2. Add, List","messageBody":"","tags":["Level-2"],"fileTypesAndContributionMap":{"java":{"insertions":12,"deletions":0}}},{"hash":"04b5a6639a0ce6d66beaf557200c2c7d9e523d3a","messageTitle":"finish Level 3. Mark as Done","messageBody":"","tags":["Level-3"],"fileTypesAndContributionMap":{"java":{"insertions":48,"deletions":5}}},{"hash":"dee1563c8a7225a594a860311544052153b0ff4d","messageTitle":"finish Level 4. ToDos, Events, Deadlines","messageBody":"","tags":["Level-4"],"fileTypesAndContributionMap":{"java":{"insertions":71,"deletions":4}}},{"hash":"c66ffb54f2eca78cb380f8074e6453bf3e5802b8","messageTitle":"finish A-TextUiTesting: Automated Text UI Testing","messageBody":"","tags":["A-TextUiTesting"],"fileTypesAndContributionMap":{"txt":{"insertions":11,"deletions":0}}},{"hash":"f5b9d22cd906882a233d909baa970479a46cdbc9","messageTitle":"finish Level 5. Handle Errors","messageBody":"","tags":["Level-5"],"fileTypesAndContributionMap":{"java":{"insertions":67,"deletions":12}}},{"hash":"c122bcb5544eb241cf36fbc24370823b8ecc27c0","messageTitle":"finish Level 6. Delete","messageBody":"","tags":["Level-6"],"fileTypesAndContributionMap":{"java":{"insertions":14,"deletions":2}}}]}]},"authorFileTypeContributionMap":{"ngquyduc":{"java":227,"md":0,"fxml":0,"sh":0,"bat":0,"gradle":0,"txt":11}},"authorContributionVariance":{"ngquyduc":10297.959},"authorDisplayNameMap":{"ngquyduc":"NGUY.. DUC"}}
