[{"path":"src/main/java/DateTime.java","fileType":"java","lines":[{"lineNumber":1,"author":{"gitId":"deepimpactmir"},"content":"import java.time.LocalDateTime;","lastModifiedDate":"2022-08-23"},{"lineNumber":2,"author":{"gitId":"deepimpactmir"},"content":"import java.time.format.DateTimeFormatter;","lastModifiedDate":"2022-08-23"},{"lineNumber":3,"author":{"gitId":"deepimpactmir"},"content":"import java.time.format.DateTimeFormatterBuilder;","lastModifiedDate":"2022-08-23"},{"lineNumber":4,"author":{"gitId":"deepimpactmir"},"content":"import java.time.format.DateTimeParseException;","lastModifiedDate":"2022-08-23"},{"lineNumber":5,"author":{"gitId":"deepimpactmir"},"content":"import java.time.temporal.ChronoField;","lastModifiedDate":"2022-08-23"},{"lineNumber":6,"author":{"gitId":"deepimpactmir"},"content":"","lastModifiedDate":"2022-08-23"},{"lineNumber":7,"author":{"gitId":"deepimpactmir"},"content":"public class DateTime {","lastModifiedDate":"2022-08-23"},{"lineNumber":8,"author":{"gitId":"deepimpactmir"},"content":"    private static final DateTimeFormatter formatter \u003d new DateTimeFormatterBuilder().appendPattern(\"yyyy-MM-dd\")","lastModifiedDate":"2022-08-23"},{"lineNumber":9,"author":{"gitId":"deepimpactmir"},"content":"            .optionalStart().appendPattern(\" HHmm\").optionalEnd().parseDefaulting(ChronoField.HOUR_OF_DAY, 0)","lastModifiedDate":"2022-08-23"},{"lineNumber":10,"author":{"gitId":"deepimpactmir"},"content":"            .parseDefaulting(ChronoField.MINUTE_OF_HOUR, 0).toFormatter();","lastModifiedDate":"2022-08-23"},{"lineNumber":11,"author":{"gitId":"deepimpactmir"},"content":"    private String input;","lastModifiedDate":"2022-08-23"},{"lineNumber":12,"author":{"gitId":"deepimpactmir"},"content":"    private LocalDateTime dateTime;","lastModifiedDate":"2022-08-23"},{"lineNumber":13,"author":{"gitId":"deepimpactmir"},"content":"","lastModifiedDate":"2022-08-23"},{"lineNumber":14,"author":{"gitId":"deepimpactmir"},"content":"    public DateTime(String input) {","lastModifiedDate":"2022-08-23"},{"lineNumber":15,"author":{"gitId":"deepimpactmir"},"content":"        this.input \u003d input;","lastModifiedDate":"2022-08-23"},{"lineNumber":16,"author":{"gitId":"deepimpactmir"},"content":"        try {","lastModifiedDate":"2022-08-23"},{"lineNumber":17,"author":{"gitId":"deepimpactmir"},"content":"            dateTime \u003d LocalDateTime.parse(input, formatter);","lastModifiedDate":"2022-08-23"},{"lineNumber":18,"author":{"gitId":"deepimpactmir"},"content":"        } catch (DateTimeParseException e) {","lastModifiedDate":"2022-08-23"},{"lineNumber":19,"author":{"gitId":"deepimpactmir"},"content":"            e.printStackTrace();","lastModifiedDate":"2022-08-23"},{"lineNumber":20,"author":{"gitId":"deepimpactmir"},"content":"        }","lastModifiedDate":"2022-08-23"},{"lineNumber":21,"author":{"gitId":"deepimpactmir"},"content":"    }","lastModifiedDate":"2022-08-23"},{"lineNumber":22,"author":{"gitId":"deepimpactmir"},"content":"","lastModifiedDate":"2022-08-23"},{"lineNumber":23,"author":{"gitId":"deepimpactmir"},"content":"    public String toString() {","lastModifiedDate":"2022-08-23"},{"lineNumber":24,"author":{"gitId":"deepimpactmir"},"content":"        return dateTime.format(DateTimeFormatter.ofPattern(\"MMM dd yyyy HHmm\"));","lastModifiedDate":"2022-08-23"},{"lineNumber":25,"author":{"gitId":"deepimpactmir"},"content":"    }","lastModifiedDate":"2022-08-23"},{"lineNumber":26,"author":{"gitId":"deepimpactmir"},"content":"}","lastModifiedDate":"2022-08-23"}],"authorContributionMap":{"deepimpactmir":26}},{"path":"src/main/java/Deadline.java","fileType":"java","lines":[{"lineNumber":1,"author":{"gitId":"deepimpactmir"},"content":"public class Deadline extends Task {","lastModifiedDate":"2022-08-18"},{"lineNumber":2,"author":{"gitId":"deepimpactmir"},"content":"  private DateTime dateTime;","lastModifiedDate":"2022-08-23"},{"lineNumber":3,"author":{"gitId":"deepimpactmir"},"content":"","lastModifiedDate":"2022-08-18"},{"lineNumber":4,"author":{"gitId":"deepimpactmir"},"content":"  public Deadline(String description, Boolean isDone, String by) {","lastModifiedDate":"2022-08-22"},{"lineNumber":5,"author":{"gitId":"deepimpactmir"},"content":"    super(description, isDone);","lastModifiedDate":"2022-08-22"},{"lineNumber":6,"author":{"gitId":"deepimpactmir"},"content":"    this.by \u003d by;","lastModifiedDate":"2022-08-22"},{"lineNumber":7,"author":{"gitId":"deepimpactmir"},"content":"  }","lastModifiedDate":"2022-08-22"},{"lineNumber":8,"author":{"gitId":"deepimpactmir"},"content":"","lastModifiedDate":"2022-08-22"},{"lineNumber":9,"author":{"gitId":"deepimpactmir"},"content":"  public Deadline(String description, String by) {","lastModifiedDate":"2022-08-18"},{"lineNumber":10,"author":{"gitId":"deepimpactmir"},"content":"    super(description);","lastModifiedDate":"2022-08-18"},{"lineNumber":11,"author":{"gitId":"deepimpactmir"},"content":"    this.dateTime \u003d new DateTime(by);","lastModifiedDate":"2022-08-23"},{"lineNumber":12,"author":{"gitId":"deepimpactmir"},"content":"  }","lastModifiedDate":"2022-08-18"},{"lineNumber":13,"author":{"gitId":"deepimpactmir"},"content":"","lastModifiedDate":"2022-08-18"},{"lineNumber":14,"author":{"gitId":"deepimpactmir"},"content":"  @Override","lastModifiedDate":"2022-08-18"},{"lineNumber":15,"author":{"gitId":"deepimpactmir"},"content":"  public String toString() {","lastModifiedDate":"2022-08-18"},{"lineNumber":16,"author":{"gitId":"deepimpactmir"},"content":"    return String.format(\"[D]%s (by: %s)\", super.toString(), this.dateTime.toString());","lastModifiedDate":"2022-08-23"},{"lineNumber":17,"author":{"gitId":"deepimpactmir"},"content":"  }","lastModifiedDate":"2022-08-18"},{"lineNumber":18,"author":{"gitId":"deepimpactmir"},"content":"","lastModifiedDate":"2022-08-22"},{"lineNumber":19,"author":{"gitId":"deepimpactmir"},"content":"  @Override","lastModifiedDate":"2022-08-22"},{"lineNumber":20,"author":{"gitId":"deepimpactmir"},"content":"  public String[] getPrintRepresentation() {","lastModifiedDate":"2022-08-22"},{"lineNumber":21,"author":{"gitId":"deepimpactmir"},"content":"    String[] strArray \u003d super.getPrintRepresentation();","lastModifiedDate":"2022-08-22"},{"lineNumber":22,"author":{"gitId":"deepimpactmir"},"content":"    return new String[]{\"Deadline\", strArray[1], strArray[2], this.by};","lastModifiedDate":"2022-08-22"},{"lineNumber":23,"author":{"gitId":"deepimpactmir"},"content":"  }","lastModifiedDate":"2022-08-22"},{"lineNumber":24,"author":{"gitId":"deepimpactmir"},"content":"}","lastModifiedDate":"2022-08-18"}],"authorContributionMap":{"deepimpactmir":24}},{"path":"src/main/java/Duke.java","fileType":"java","lines":[{"lineNumber":1,"author":{"gitId":"deepimpactmir"},"content":"import java.io.BufferedReader;","lastModifiedDate":"2022-08-18"},{"lineNumber":2,"author":{"gitId":"deepimpactmir"},"content":"import java.io.IOException;","lastModifiedDate":"2022-08-18"},{"lineNumber":3,"author":{"gitId":"deepimpactmir"},"content":"import java.io.InputStreamReader;","lastModifiedDate":"2022-08-18"},{"lineNumber":4,"author":{"gitId":"deepimpactmir"},"content":"import java.util.ArrayList;","lastModifiedDate":"2022-08-18"},{"lineNumber":5,"author":{"gitId":"deepimpactmir"},"content":"import java.util.stream.IntStream;","lastModifiedDate":"2022-08-18"},{"lineNumber":6,"author":{"gitId":"deepimpactmir"},"content":"","lastModifiedDate":"2022-08-18"},{"lineNumber":7,"author":{"gitId":"deepimpactmir"},"content":"class Duke {","lastModifiedDate":"2022-08-18"},{"lineNumber":8,"author":{"gitId":"deepimpactmir"},"content":"  private static ArrayList\u003cTask\u003e taskList;","lastModifiedDate":"2022-08-18"},{"lineNumber":9,"author":{"gitId":"deepimpactmir"},"content":"","lastModifiedDate":"2022-08-18"},{"lineNumber":10,"author":{"gitId":"deepimpactmir"},"content":"  public static void greet() {","lastModifiedDate":"2022-08-18"},{"lineNumber":11,"author":{"gitId":"deepimpactmir"},"content":"    String logo \u003d \" ____        _        \\n\" + \"|  _ \\\\ _   _| | _____ \\n\" + \"| | | | | | | |/ / _ \\\\\\n\"","lastModifiedDate":"2022-08-22"},{"lineNumber":12,"author":{"gitId":"deepimpactmir"},"content":"        + \"| |_| | |_| |   \u003c  __/\\n\" + \"|____/ \\\\__,_|_|\\\\_\\\\___|\\n\";","lastModifiedDate":"2022-08-22"},{"lineNumber":13,"author":{"gitId":"-"},"content":"    System.out.println(\"Hello from\\n\" + logo);","lastModifiedDate":"2019-07-29"},{"lineNumber":14,"author":{"gitId":"deepimpactmir"},"content":"  }","lastModifiedDate":"2022-08-18"},{"lineNumber":15,"author":{"gitId":"deepimpactmir"},"content":"","lastModifiedDate":"2022-08-18"},{"lineNumber":16,"author":{"gitId":"deepimpactmir"},"content":"  public static void exitMessage() {","lastModifiedDate":"2022-08-18"},{"lineNumber":17,"author":{"gitId":"deepimpactmir"},"content":"    Duke.printMessage(\"Bye. Hope to see you again soon!\");","lastModifiedDate":"2022-08-18"},{"lineNumber":18,"author":{"gitId":"deepimpactmir"},"content":"  }","lastModifiedDate":"2022-08-18"},{"lineNumber":19,"author":{"gitId":"deepimpactmir"},"content":"","lastModifiedDate":"2022-08-18"},{"lineNumber":20,"author":{"gitId":"deepimpactmir"},"content":"  public static void printMessage(String[] strArray) {","lastModifiedDate":"2022-08-18"},{"lineNumber":21,"author":{"gitId":"deepimpactmir"},"content":"    System.out.println(\"_______________________________________________________\");","lastModifiedDate":"2022-08-18"},{"lineNumber":22,"author":{"gitId":"deepimpactmir"},"content":"    System.out.println(\"\\tHere are the tasks in your list:\");","lastModifiedDate":"2022-08-18"},{"lineNumber":23,"author":{"gitId":"deepimpactmir"},"content":"    for (String str : strArray) {","lastModifiedDate":"2022-08-18"},{"lineNumber":24,"author":{"gitId":"deepimpactmir"},"content":"      System.out.println(\"\\t\" + str);","lastModifiedDate":"2022-08-18"},{"lineNumber":25,"author":{"gitId":"-"},"content":"    }","lastModifiedDate":"2022-08-18"},{"lineNumber":26,"author":{"gitId":"deepimpactmir"},"content":"    System.out.println(\"_______________________________________________________\");","lastModifiedDate":"2022-08-18"},{"lineNumber":27,"author":{"gitId":"deepimpactmir"},"content":"  }","lastModifiedDate":"2022-08-18"},{"lineNumber":28,"author":{"gitId":"deepimpactmir"},"content":"","lastModifiedDate":"2022-08-18"},{"lineNumber":29,"author":{"gitId":"deepimpactmir"},"content":"  public static void printMessage(String str) {","lastModifiedDate":"2022-08-18"},{"lineNumber":30,"author":{"gitId":"deepimpactmir"},"content":"    System.out.println(\"_______________________________________________________\" + \"\\n\\t\" + str + \"\\n\"","lastModifiedDate":"2022-08-22"},{"lineNumber":31,"author":{"gitId":"deepimpactmir"},"content":"        + \"_______________________________________________________\");","lastModifiedDate":"2022-08-22"},{"lineNumber":32,"author":{"gitId":"deepimpactmir"},"content":"  }","lastModifiedDate":"2022-08-18"},{"lineNumber":33,"author":{"gitId":"deepimpactmir"},"content":"","lastModifiedDate":"2022-08-18"},{"lineNumber":34,"author":{"gitId":"deepimpactmir"},"content":"  public static String wrapMessage(String str, String taskDescription) {","lastModifiedDate":"2022-08-18"},{"lineNumber":35,"author":{"gitId":"deepimpactmir"},"content":"    return String","lastModifiedDate":"2022-08-22"},{"lineNumber":36,"author":{"gitId":"deepimpactmir"},"content":"        .format(str + \"\\n\\t\\t\" + taskDescription + \"\\n\\tNow you have \" + taskList.size() + \" tasks in the list.\");","lastModifiedDate":"2022-08-22"},{"lineNumber":37,"author":{"gitId":"deepimpactmir"},"content":"  }","lastModifiedDate":"2022-08-18"},{"lineNumber":38,"author":{"gitId":"deepimpactmir"},"content":"","lastModifiedDate":"2022-08-18"},{"lineNumber":39,"author":{"gitId":"deepimpactmir"},"content":"  public static void main(String[] args) {","lastModifiedDate":"2022-08-18"},{"lineNumber":40,"author":{"gitId":"deepimpactmir"},"content":"    BufferedReader reader \u003d new BufferedReader(new InputStreamReader(System.in));","lastModifiedDate":"2022-08-18"},{"lineNumber":41,"author":{"gitId":"deepimpactmir"},"content":"    Storage storage \u003d new Storage();","lastModifiedDate":"2022-08-22"},{"lineNumber":42,"author":{"gitId":"deepimpactmir"},"content":"    try {","lastModifiedDate":"2022-08-22"},{"lineNumber":43,"author":{"gitId":"deepimpactmir"},"content":"      taskList \u003d storage.readFile();","lastModifiedDate":"2022-08-22"},{"lineNumber":44,"author":{"gitId":"deepimpactmir"},"content":"    } catch (DukeException e) {","lastModifiedDate":"2022-08-22"},{"lineNumber":45,"author":{"gitId":"deepimpactmir"},"content":"      e.printStackTrace();","lastModifiedDate":"2022-08-22"},{"lineNumber":46,"author":{"gitId":"deepimpactmir"},"content":"    }","lastModifiedDate":"2022-08-22"},{"lineNumber":47,"author":{"gitId":"deepimpactmir"},"content":"    String input \u003d \"\";","lastModifiedDate":"2022-08-18"},{"lineNumber":48,"author":{"gitId":"deepimpactmir"},"content":"","lastModifiedDate":"2022-08-18"},{"lineNumber":49,"author":{"gitId":"deepimpactmir"},"content":"    Duke.greet();","lastModifiedDate":"2022-08-18"},{"lineNumber":50,"author":{"gitId":"deepimpactmir"},"content":"","lastModifiedDate":"2022-08-18"},{"lineNumber":51,"author":{"gitId":"deepimpactmir"},"content":"    while (!input.equals(\"bye\")) {","lastModifiedDate":"2022-08-18"},{"lineNumber":52,"author":{"gitId":"deepimpactmir"},"content":"      try {","lastModifiedDate":"2022-08-18"},{"lineNumber":53,"author":{"gitId":"deepimpactmir"},"content":"        input \u003d reader.readLine();","lastModifiedDate":"2022-08-18"},{"lineNumber":54,"author":{"gitId":"deepimpactmir"},"content":"        if (input \u003d\u003d null || input.equals(\"bye\")) {","lastModifiedDate":"2022-08-18"},{"lineNumber":55,"author":{"gitId":"deepimpactmir"},"content":"          reader.close();","lastModifiedDate":"2022-08-18"},{"lineNumber":56,"author":{"gitId":"deepimpactmir"},"content":"          break;","lastModifiedDate":"2022-08-18"},{"lineNumber":57,"author":{"gitId":"deepimpactmir"},"content":"        }","lastModifiedDate":"2022-08-18"},{"lineNumber":58,"author":{"gitId":"deepimpactmir"},"content":"","lastModifiedDate":"2022-08-18"},{"lineNumber":59,"author":{"gitId":"deepimpactmir"},"content":"        String[] inputArray \u003d input.split(\" \", 2);","lastModifiedDate":"2022-08-18"},{"lineNumber":60,"author":{"gitId":"deepimpactmir"},"content":"","lastModifiedDate":"2022-08-18"},{"lineNumber":61,"author":{"gitId":"deepimpactmir"},"content":"        switch (inputArray[0]) {","lastModifiedDate":"2022-08-18"},{"lineNumber":62,"author":{"gitId":"deepimpactmir"},"content":"        case \"list\": {","lastModifiedDate":"2022-08-18"},{"lineNumber":63,"author":{"gitId":"deepimpactmir"},"content":"          String[] strArray \u003d IntStream.range(0, taskList.size())","lastModifiedDate":"2022-08-18"},{"lineNumber":64,"author":{"gitId":"deepimpactmir"},"content":"              .mapToObj(i -\u003e String.format(\"%d.%s\", i + 1, taskList.get(i).toString())).toArray(String[]::new);","lastModifiedDate":"2022-08-22"},{"lineNumber":65,"author":{"gitId":"deepimpactmir"},"content":"          Duke.printMessage(strArray);","lastModifiedDate":"2022-08-18"},{"lineNumber":66,"author":{"gitId":"deepimpactmir"},"content":"          break;","lastModifiedDate":"2022-08-18"},{"lineNumber":67,"author":{"gitId":"deepimpactmir"},"content":"        }","lastModifiedDate":"2022-08-22"},{"lineNumber":68,"author":{"gitId":"deepimpactmir"},"content":"        case \"mark\": {","lastModifiedDate":"2022-08-18"},{"lineNumber":69,"author":{"gitId":"deepimpactmir"},"content":"          try {","lastModifiedDate":"2022-08-21"},{"lineNumber":70,"author":{"gitId":"deepimpactmir"},"content":"            Task task \u003d taskList.get(Integer.parseInt(inputArray[1]) - 1);","lastModifiedDate":"2022-08-18"},{"lineNumber":71,"author":{"gitId":"deepimpactmir"},"content":"            task.markAsDone();","lastModifiedDate":"2022-08-18"},{"lineNumber":72,"author":{"gitId":"deepimpactmir"},"content":"            Duke.printMessage(String.format(\"Nice! I\u0027ve marked this task as done:\\n\\t\\t %s\", task.toString()));","lastModifiedDate":"2022-08-18"},{"lineNumber":73,"author":{"gitId":"deepimpactmir"},"content":"          } catch (NumberFormatException | ArrayIndexOutOfBoundsException e) {","lastModifiedDate":"2022-08-21"},{"lineNumber":74,"author":{"gitId":"deepimpactmir"},"content":"            Duke.printMessage(\"Please use the format: mark \u003cinteger\u003e\");","lastModifiedDate":"2022-08-21"},{"lineNumber":75,"author":{"gitId":"deepimpactmir"},"content":"          } catch (IndexOutOfBoundsException e) {","lastModifiedDate":"2022-08-21"},{"lineNumber":76,"author":{"gitId":"deepimpactmir"},"content":"            Duke.printMessage(\"Invalid task index\");","lastModifiedDate":"2022-08-21"},{"lineNumber":77,"author":{"gitId":"deepimpactmir"},"content":"          }","lastModifiedDate":"2022-08-21"},{"lineNumber":78,"author":{"gitId":"deepimpactmir"},"content":"          break;","lastModifiedDate":"2022-08-18"},{"lineNumber":79,"author":{"gitId":"deepimpactmir"},"content":"        }","lastModifiedDate":"2022-08-22"},{"lineNumber":80,"author":{"gitId":"deepimpactmir"},"content":"        case \"unmark\": {","lastModifiedDate":"2022-08-18"},{"lineNumber":81,"author":{"gitId":"deepimpactmir"},"content":"          try {","lastModifiedDate":"2022-08-21"},{"lineNumber":82,"author":{"gitId":"deepimpactmir"},"content":"            Task task \u003d taskList.get(Integer.parseInt(inputArray[1]) - 1);","lastModifiedDate":"2022-08-18"},{"lineNumber":83,"author":{"gitId":"deepimpactmir"},"content":"            task.markNotDone();","lastModifiedDate":"2022-08-18"},{"lineNumber":84,"author":{"gitId":"deepimpactmir"},"content":"            Duke.printMessage(String.format(\"OK, I\u0027ve marked this task as not done yet:\\n\\t\\t %s\", task.toString()));","lastModifiedDate":"2022-08-18"},{"lineNumber":85,"author":{"gitId":"deepimpactmir"},"content":"          } catch (NumberFormatException | ArrayIndexOutOfBoundsException e) {","lastModifiedDate":"2022-08-21"},{"lineNumber":86,"author":{"gitId":"deepimpactmir"},"content":"            Duke.printMessage(\"Please use the format: unmark \u003cinteger\u003e\");","lastModifiedDate":"2022-08-21"},{"lineNumber":87,"author":{"gitId":"deepimpactmir"},"content":"          } catch (IndexOutOfBoundsException e) {","lastModifiedDate":"2022-08-21"},{"lineNumber":88,"author":{"gitId":"deepimpactmir"},"content":"            Duke.printMessage(\"Invalid task index\");","lastModifiedDate":"2022-08-21"},{"lineNumber":89,"author":{"gitId":"deepimpactmir"},"content":"          }","lastModifiedDate":"2022-08-21"},{"lineNumber":90,"author":{"gitId":"deepimpactmir"},"content":"          break;","lastModifiedDate":"2022-08-18"},{"lineNumber":91,"author":{"gitId":"deepimpactmir"},"content":"        }","lastModifiedDate":"2022-08-22"},{"lineNumber":92,"author":{"gitId":"deepimpactmir"},"content":"        case \"todo\": {","lastModifiedDate":"2022-08-18"},{"lineNumber":93,"author":{"gitId":"deepimpactmir"},"content":"          try {","lastModifiedDate":"2022-08-21"},{"lineNumber":94,"author":{"gitId":"deepimpactmir"},"content":"            String withoutPrefix \u003d inputArray[1];","lastModifiedDate":"2022-08-18"},{"lineNumber":95,"author":{"gitId":"deepimpactmir"},"content":"            Todo todo \u003d new Todo(withoutPrefix);","lastModifiedDate":"2022-08-18"},{"lineNumber":96,"author":{"gitId":"deepimpactmir"},"content":"            taskList.add(todo);","lastModifiedDate":"2022-08-18"},{"lineNumber":97,"author":{"gitId":"deepimpactmir"},"content":"            Duke.printMessage(wrapMessage(\"Got it. I\u0027ve added this task:\", todo.toString()));","lastModifiedDate":"2022-08-18"},{"lineNumber":98,"author":{"gitId":"deepimpactmir"},"content":"          } catch (ArrayIndexOutOfBoundsException e) {","lastModifiedDate":"2022-08-21"},{"lineNumber":99,"author":{"gitId":"deepimpactmir"},"content":"            Duke.printMessage(\"The description of a todo cannot be empty.\");","lastModifiedDate":"2022-08-21"},{"lineNumber":100,"author":{"gitId":"deepimpactmir"},"content":"          }","lastModifiedDate":"2022-08-21"},{"lineNumber":101,"author":{"gitId":"deepimpactmir"},"content":"          break;","lastModifiedDate":"2022-08-18"},{"lineNumber":102,"author":{"gitId":"deepimpactmir"},"content":"        }","lastModifiedDate":"2022-08-22"},{"lineNumber":103,"author":{"gitId":"deepimpactmir"},"content":"        case \"deadline\": {","lastModifiedDate":"2022-08-18"},{"lineNumber":104,"author":{"gitId":"deepimpactmir"},"content":"          try {","lastModifiedDate":"2022-08-21"},{"lineNumber":105,"author":{"gitId":"deepimpactmir"},"content":"            String withoutPrefix \u003d inputArray[1];","lastModifiedDate":"2022-08-18"},{"lineNumber":106,"author":{"gitId":"deepimpactmir"},"content":"            String[] strArray \u003d withoutPrefix.split(\"/\");","lastModifiedDate":"2022-08-18"},{"lineNumber":107,"author":{"gitId":"deepimpactmir"},"content":"            Deadline deadline \u003d new Deadline(strArray[0].strip(), strArray[1].split(\" \", 2)[1]);","lastModifiedDate":"2022-08-18"},{"lineNumber":108,"author":{"gitId":"deepimpactmir"},"content":"            taskList.add(deadline);","lastModifiedDate":"2022-08-18"},{"lineNumber":109,"author":{"gitId":"deepimpactmir"},"content":"            Duke.printMessage(wrapMessage(\"Got it. I\u0027ve added this task:\", deadline.toString()));","lastModifiedDate":"2022-08-18"},{"lineNumber":110,"author":{"gitId":"deepimpactmir"},"content":"          } catch (ArrayIndexOutOfBoundsException e) {","lastModifiedDate":"2022-08-21"},{"lineNumber":111,"author":{"gitId":"deepimpactmir"},"content":"            if (inputArray.length \u003d\u003d 1) {","lastModifiedDate":"2022-08-21"},{"lineNumber":112,"author":{"gitId":"deepimpactmir"},"content":"              Duke.printMessage(\"The description of a deadline cannot be empty.\");","lastModifiedDate":"2022-08-21"},{"lineNumber":113,"author":{"gitId":"deepimpactmir"},"content":"            } else {","lastModifiedDate":"2022-08-21"},{"lineNumber":114,"author":{"gitId":"deepimpactmir"},"content":"              Duke.printMessage(\"Please specify a day, date, or time\");","lastModifiedDate":"2022-08-21"},{"lineNumber":115,"author":{"gitId":"deepimpactmir"},"content":"            }","lastModifiedDate":"2022-08-21"},{"lineNumber":116,"author":{"gitId":"deepimpactmir"},"content":"          }","lastModifiedDate":"2022-08-21"},{"lineNumber":117,"author":{"gitId":"deepimpactmir"},"content":"          break;","lastModifiedDate":"2022-08-18"},{"lineNumber":118,"author":{"gitId":"deepimpactmir"},"content":"        }","lastModifiedDate":"2022-08-22"},{"lineNumber":119,"author":{"gitId":"deepimpactmir"},"content":"        case \"event\": {","lastModifiedDate":"2022-08-18"},{"lineNumber":120,"author":{"gitId":"deepimpactmir"},"content":"          try {","lastModifiedDate":"2022-08-21"},{"lineNumber":121,"author":{"gitId":"deepimpactmir"},"content":"            String withoutPrefix \u003d inputArray[1];","lastModifiedDate":"2022-08-18"},{"lineNumber":122,"author":{"gitId":"deepimpactmir"},"content":"            String[] strArray \u003d withoutPrefix.split(\"/\");","lastModifiedDate":"2022-08-18"},{"lineNumber":123,"author":{"gitId":"deepimpactmir"},"content":"            Event event \u003d new Event(strArray[0].strip(), strArray[1].split(\" \", 2)[1]);","lastModifiedDate":"2022-08-18"},{"lineNumber":124,"author":{"gitId":"deepimpactmir"},"content":"            taskList.add(event);","lastModifiedDate":"2022-08-18"},{"lineNumber":125,"author":{"gitId":"deepimpactmir"},"content":"            Duke.printMessage(wrapMessage(\"Got it. I\u0027ve added this task:\", event.toString()));","lastModifiedDate":"2022-08-18"},{"lineNumber":126,"author":{"gitId":"deepimpactmir"},"content":"          } catch (ArrayIndexOutOfBoundsException e) {","lastModifiedDate":"2022-08-21"},{"lineNumber":127,"author":{"gitId":"deepimpactmir"},"content":"            if (inputArray.length \u003d\u003d 1) {","lastModifiedDate":"2022-08-21"},{"lineNumber":128,"author":{"gitId":"deepimpactmir"},"content":"              Duke.printMessage(\"The description of a event cannot be empty.\");","lastModifiedDate":"2022-08-21"},{"lineNumber":129,"author":{"gitId":"deepimpactmir"},"content":"            } else {","lastModifiedDate":"2022-08-21"},{"lineNumber":130,"author":{"gitId":"deepimpactmir"},"content":"              Duke.printMessage(\"Please specify a day, date, or time\");","lastModifiedDate":"2022-08-21"},{"lineNumber":131,"author":{"gitId":"deepimpactmir"},"content":"            }","lastModifiedDate":"2022-08-21"},{"lineNumber":132,"author":{"gitId":"deepimpactmir"},"content":"          }","lastModifiedDate":"2022-08-21"},{"lineNumber":133,"author":{"gitId":"deepimpactmir"},"content":"          break;","lastModifiedDate":"2022-08-18"},{"lineNumber":134,"author":{"gitId":"deepimpactmir"},"content":"        }","lastModifiedDate":"2022-08-22"},{"lineNumber":135,"author":{"gitId":"deepimpactmir"},"content":"        case \"delete\": {","lastModifiedDate":"2022-08-18"},{"lineNumber":136,"author":{"gitId":"deepimpactmir"},"content":"          try {","lastModifiedDate":"2022-08-21"},{"lineNumber":137,"author":{"gitId":"deepimpactmir"},"content":"            String withoutPrefix \u003d inputArray[1];","lastModifiedDate":"2022-08-18"},{"lineNumber":138,"author":{"gitId":"deepimpactmir"},"content":"            int index \u003d Integer.parseInt(withoutPrefix);","lastModifiedDate":"2022-08-18"},{"lineNumber":139,"author":{"gitId":"deepimpactmir"},"content":"            Task task \u003d taskList.get(index - 1);","lastModifiedDate":"2022-08-18"},{"lineNumber":140,"author":{"gitId":"deepimpactmir"},"content":"            taskList.remove(index - 1);","lastModifiedDate":"2022-08-18"},{"lineNumber":141,"author":{"gitId":"deepimpactmir"},"content":"            Duke.printMessage(wrapMessage(\"Noted. I\u0027ve removed this task:\", task.toString()));","lastModifiedDate":"2022-08-18"},{"lineNumber":142,"author":{"gitId":"deepimpactmir"},"content":"          } catch (NumberFormatException | ArrayIndexOutOfBoundsException e) {","lastModifiedDate":"2022-08-21"},{"lineNumber":143,"author":{"gitId":"deepimpactmir"},"content":"            Duke.printMessage(\"Please use the format: delete \u003cinteger\u003e\");","lastModifiedDate":"2022-08-21"},{"lineNumber":144,"author":{"gitId":"deepimpactmir"},"content":"          } catch (IndexOutOfBoundsException e) {","lastModifiedDate":"2022-08-21"},{"lineNumber":145,"author":{"gitId":"deepimpactmir"},"content":"            Duke.printMessage(\"Invalid task index\");","lastModifiedDate":"2022-08-21"},{"lineNumber":146,"author":{"gitId":"deepimpactmir"},"content":"          }","lastModifiedDate":"2022-08-21"},{"lineNumber":147,"author":{"gitId":"deepimpactmir"},"content":"          break;","lastModifiedDate":"2022-08-18"},{"lineNumber":148,"author":{"gitId":"deepimpactmir"},"content":"        }","lastModifiedDate":"2022-08-22"},{"lineNumber":149,"author":{"gitId":"deepimpactmir"},"content":"        default:","lastModifiedDate":"2022-08-18"},{"lineNumber":150,"author":{"gitId":"deepimpactmir"},"content":"          Duke.printMessage(\"I\u0027m sorry, but I don\u0027t know what that means :-(\");","lastModifiedDate":"2022-08-21"},{"lineNumber":151,"author":{"gitId":"deepimpactmir"},"content":"        }","lastModifiedDate":"2022-08-18"},{"lineNumber":152,"author":{"gitId":"deepimpactmir"},"content":"      } catch (IOException e) {","lastModifiedDate":"2022-08-18"},{"lineNumber":153,"author":{"gitId":"deepimpactmir"},"content":"      }","lastModifiedDate":"2022-08-18"},{"lineNumber":154,"author":{"gitId":"deepimpactmir"},"content":"    }","lastModifiedDate":"2022-08-18"},{"lineNumber":155,"author":{"gitId":"deepimpactmir"},"content":"    try {","lastModifiedDate":"2022-08-22"},{"lineNumber":156,"author":{"gitId":"deepimpactmir"},"content":"      storage.saveFile(taskList);","lastModifiedDate":"2022-08-22"},{"lineNumber":157,"author":{"gitId":"deepimpactmir"},"content":"    } catch (DukeException e) {","lastModifiedDate":"2022-08-22"},{"lineNumber":158,"author":{"gitId":"deepimpactmir"},"content":"      e.printStackTrace();","lastModifiedDate":"2022-08-22"},{"lineNumber":159,"author":{"gitId":"deepimpactmir"},"content":"    }","lastModifiedDate":"2022-08-22"},{"lineNumber":160,"author":{"gitId":"deepimpactmir"},"content":"    Duke.exitMessage();","lastModifiedDate":"2022-08-18"},{"lineNumber":161,"author":{"gitId":"-"},"content":"  }","lastModifiedDate":"2019-07-29"},{"lineNumber":162,"author":{"gitId":"-"},"content":"}","lastModifiedDate":"2019-07-29"}],"authorContributionMap":{"-":4,"deepimpactmir":158}},{"path":"src/main/java/DukeException.java","fileType":"java","lines":[{"lineNumber":1,"author":{"gitId":"deepimpactmir"},"content":"public class DukeException extends Exception {","lastModifiedDate":"2022-08-22"},{"lineNumber":2,"author":{"gitId":"deepimpactmir"},"content":"    public DukeException (String message) {","lastModifiedDate":"2022-08-22"},{"lineNumber":3,"author":{"gitId":"deepimpactmir"},"content":"        super(message);","lastModifiedDate":"2022-08-22"},{"lineNumber":4,"author":{"gitId":"deepimpactmir"},"content":"    }","lastModifiedDate":"2022-08-22"},{"lineNumber":5,"author":{"gitId":"deepimpactmir"},"content":"}","lastModifiedDate":"2022-08-22"}],"authorContributionMap":{"deepimpactmir":5}},{"path":"src/main/java/Event.java","fileType":"java","lines":[{"lineNumber":1,"author":{"gitId":"deepimpactmir"},"content":"public class Event extends Task {","lastModifiedDate":"2022-08-18"},{"lineNumber":2,"author":{"gitId":"deepimpactmir"},"content":"  private DateTime dateTime;","lastModifiedDate":"2022-08-23"},{"lineNumber":3,"author":{"gitId":"deepimpactmir"},"content":"","lastModifiedDate":"2022-08-18"},{"lineNumber":4,"author":{"gitId":"deepimpactmir"},"content":"  public Event(String description, boolean isDone, String by) {","lastModifiedDate":"2022-08-22"},{"lineNumber":5,"author":{"gitId":"deepimpactmir"},"content":"    super(description, isDone);","lastModifiedDate":"2022-08-22"},{"lineNumber":6,"author":{"gitId":"deepimpactmir"},"content":"    this.by \u003d by;","lastModifiedDate":"2022-08-22"},{"lineNumber":7,"author":{"gitId":"deepimpactmir"},"content":"  }","lastModifiedDate":"2022-08-22"},{"lineNumber":8,"author":{"gitId":"deepimpactmir"},"content":"","lastModifiedDate":"2022-08-22"},{"lineNumber":9,"author":{"gitId":"deepimpactmir"},"content":"  public Event(String description, String by) {","lastModifiedDate":"2022-08-18"},{"lineNumber":10,"author":{"gitId":"deepimpactmir"},"content":"    super(description);","lastModifiedDate":"2022-08-18"},{"lineNumber":11,"author":{"gitId":"deepimpactmir"},"content":"    this.dateTime \u003d new DateTime(by);","lastModifiedDate":"2022-08-23"},{"lineNumber":12,"author":{"gitId":"deepimpactmir"},"content":"  }","lastModifiedDate":"2022-08-18"},{"lineNumber":13,"author":{"gitId":"deepimpactmir"},"content":"","lastModifiedDate":"2022-08-18"},{"lineNumber":14,"author":{"gitId":"deepimpactmir"},"content":"  @Override","lastModifiedDate":"2022-08-18"},{"lineNumber":15,"author":{"gitId":"deepimpactmir"},"content":"  public String toString() {","lastModifiedDate":"2022-08-18"},{"lineNumber":16,"author":{"gitId":"deepimpactmir"},"content":"    return String.format(\"[E]%s (at: %s)\", super.toString(), this.dateTime.toString());","lastModifiedDate":"2022-08-23"},{"lineNumber":17,"author":{"gitId":"deepimpactmir"},"content":"  }","lastModifiedDate":"2022-08-18"},{"lineNumber":18,"author":{"gitId":"deepimpactmir"},"content":"","lastModifiedDate":"2022-08-22"},{"lineNumber":19,"author":{"gitId":"deepimpactmir"},"content":"  @Override","lastModifiedDate":"2022-08-22"},{"lineNumber":20,"author":{"gitId":"deepimpactmir"},"content":"  public String[] getPrintRepresentation() {","lastModifiedDate":"2022-08-22"},{"lineNumber":21,"author":{"gitId":"deepimpactmir"},"content":"    String[] strArray \u003d super.getPrintRepresentation();","lastModifiedDate":"2022-08-22"},{"lineNumber":22,"author":{"gitId":"deepimpactmir"},"content":"    return new String[]{\"Event\", strArray[1], strArray[2], this.by};","lastModifiedDate":"2022-08-22"},{"lineNumber":23,"author":{"gitId":"deepimpactmir"},"content":"  }","lastModifiedDate":"2022-08-22"},{"lineNumber":24,"author":{"gitId":"deepimpactmir"},"content":"}","lastModifiedDate":"2022-08-18"}],"authorContributionMap":{"deepimpactmir":24}},{"path":"src/main/java/Storage.java","fileType":"java","lines":[{"lineNumber":1,"author":{"gitId":"deepimpactmir"},"content":"import java.io.BufferedReader;","lastModifiedDate":"2022-08-22"},{"lineNumber":2,"author":{"gitId":"deepimpactmir"},"content":"import java.io.File;","lastModifiedDate":"2022-08-22"},{"lineNumber":3,"author":{"gitId":"deepimpactmir"},"content":"import java.io.FileNotFoundException;","lastModifiedDate":"2022-08-22"},{"lineNumber":4,"author":{"gitId":"deepimpactmir"},"content":"import java.io.FileReader;","lastModifiedDate":"2022-08-22"},{"lineNumber":5,"author":{"gitId":"deepimpactmir"},"content":"import java.io.IOException;","lastModifiedDate":"2022-08-22"},{"lineNumber":6,"author":{"gitId":"deepimpactmir"},"content":"import java.io.PrintWriter;","lastModifiedDate":"2022-08-22"},{"lineNumber":7,"author":{"gitId":"deepimpactmir"},"content":"import java.util.ArrayList;","lastModifiedDate":"2022-08-22"},{"lineNumber":8,"author":{"gitId":"deepimpactmir"},"content":"import java.util.Arrays;","lastModifiedDate":"2022-08-22"},{"lineNumber":9,"author":{"gitId":"deepimpactmir"},"content":"","lastModifiedDate":"2022-08-22"},{"lineNumber":10,"author":{"gitId":"deepimpactmir"},"content":"public class Storage {","lastModifiedDate":"2022-08-22"},{"lineNumber":11,"author":{"gitId":"deepimpactmir"},"content":"  private static final String FILEPATH \u003d \"./data/duke.txt\";","lastModifiedDate":"2022-08-22"},{"lineNumber":12,"author":{"gitId":"deepimpactmir"},"content":"  private static final String SEPARATOR \u003d \",\";","lastModifiedDate":"2022-08-22"},{"lineNumber":13,"author":{"gitId":"deepimpactmir"},"content":"","lastModifiedDate":"2022-08-22"},{"lineNumber":14,"author":{"gitId":"deepimpactmir"},"content":"  private File file;","lastModifiedDate":"2022-08-22"},{"lineNumber":15,"author":{"gitId":"deepimpactmir"},"content":"","lastModifiedDate":"2022-08-22"},{"lineNumber":16,"author":{"gitId":"deepimpactmir"},"content":"  public Storage() {","lastModifiedDate":"2022-08-22"},{"lineNumber":17,"author":{"gitId":"deepimpactmir"},"content":"    this.file \u003d new File(FILEPATH);","lastModifiedDate":"2022-08-22"},{"lineNumber":18,"author":{"gitId":"deepimpactmir"},"content":"  }","lastModifiedDate":"2022-08-22"},{"lineNumber":19,"author":{"gitId":"deepimpactmir"},"content":"","lastModifiedDate":"2022-08-22"},{"lineNumber":20,"author":{"gitId":"deepimpactmir"},"content":"  public void createFile() throws DukeException {","lastModifiedDate":"2022-08-22"},{"lineNumber":21,"author":{"gitId":"deepimpactmir"},"content":"    if (!file.exists()) {","lastModifiedDate":"2022-08-22"},{"lineNumber":22,"author":{"gitId":"deepimpactmir"},"content":"      try {","lastModifiedDate":"2022-08-22"},{"lineNumber":23,"author":{"gitId":"deepimpactmir"},"content":"        file.getParentFile().mkdir();","lastModifiedDate":"2022-08-22"},{"lineNumber":24,"author":{"gitId":"deepimpactmir"},"content":"        file.createNewFile();","lastModifiedDate":"2022-08-22"},{"lineNumber":25,"author":{"gitId":"deepimpactmir"},"content":"      } catch (IOException e) {","lastModifiedDate":"2022-08-22"},{"lineNumber":26,"author":{"gitId":"deepimpactmir"},"content":"        throw new DukeException(\"I/O error\");","lastModifiedDate":"2022-08-22"},{"lineNumber":27,"author":{"gitId":"deepimpactmir"},"content":"      } catch (SecurityException e) {","lastModifiedDate":"2022-08-22"},{"lineNumber":28,"author":{"gitId":"deepimpactmir"},"content":"        throw new DukeException(\"Cannot write. No permissions\");","lastModifiedDate":"2022-08-22"},{"lineNumber":29,"author":{"gitId":"deepimpactmir"},"content":"      } catch (Exception e) {","lastModifiedDate":"2022-08-22"},{"lineNumber":30,"author":{"gitId":"deepimpactmir"},"content":"        throw new DukeException(\"Exception. Don\u0027t know the specific type\");","lastModifiedDate":"2022-08-22"},{"lineNumber":31,"author":{"gitId":"deepimpactmir"},"content":"      }","lastModifiedDate":"2022-08-22"},{"lineNumber":32,"author":{"gitId":"deepimpactmir"},"content":"    }","lastModifiedDate":"2022-08-22"},{"lineNumber":33,"author":{"gitId":"deepimpactmir"},"content":"  }","lastModifiedDate":"2022-08-22"},{"lineNumber":34,"author":{"gitId":"deepimpactmir"},"content":"","lastModifiedDate":"2022-08-22"},{"lineNumber":35,"author":{"gitId":"deepimpactmir"},"content":"  public void saveFile(ArrayList\u003cTask\u003e tasks) throws DukeException {","lastModifiedDate":"2022-08-22"},{"lineNumber":36,"author":{"gitId":"deepimpactmir"},"content":"    createFile();","lastModifiedDate":"2022-08-22"},{"lineNumber":37,"author":{"gitId":"deepimpactmir"},"content":"    PrintWriter writer;","lastModifiedDate":"2022-08-22"},{"lineNumber":38,"author":{"gitId":"deepimpactmir"},"content":"    try {","lastModifiedDate":"2022-08-22"},{"lineNumber":39,"author":{"gitId":"deepimpactmir"},"content":"      writer \u003d new PrintWriter(file);","lastModifiedDate":"2022-08-22"},{"lineNumber":40,"author":{"gitId":"deepimpactmir"},"content":"    } catch (FileNotFoundException e) {","lastModifiedDate":"2022-08-22"},{"lineNumber":41,"author":{"gitId":"deepimpactmir"},"content":"      throw new DukeException(\"File not found\");","lastModifiedDate":"2022-08-22"},{"lineNumber":42,"author":{"gitId":"deepimpactmir"},"content":"    } catch (Exception e) {","lastModifiedDate":"2022-08-22"},{"lineNumber":43,"author":{"gitId":"deepimpactmir"},"content":"      throw new DukeException(\"Exception. Don\u0027t know the specific type\");","lastModifiedDate":"2022-08-22"},{"lineNumber":44,"author":{"gitId":"deepimpactmir"},"content":"    }","lastModifiedDate":"2022-08-22"},{"lineNumber":45,"author":{"gitId":"deepimpactmir"},"content":"    for (Task task : tasks) {","lastModifiedDate":"2022-08-22"},{"lineNumber":46,"author":{"gitId":"deepimpactmir"},"content":"      String[] data \u003d task.getPrintRepresentation();","lastModifiedDate":"2022-08-22"},{"lineNumber":47,"author":{"gitId":"deepimpactmir"},"content":"      writer.println(Arrays.stream(data).reduce(\"\", (x, y) -\u003e x + SEPARATOR + y).substring(1));","lastModifiedDate":"2022-08-22"},{"lineNumber":48,"author":{"gitId":"deepimpactmir"},"content":"    }","lastModifiedDate":"2022-08-22"},{"lineNumber":49,"author":{"gitId":"deepimpactmir"},"content":"    writer.close();","lastModifiedDate":"2022-08-22"},{"lineNumber":50,"author":{"gitId":"deepimpactmir"},"content":"  }","lastModifiedDate":"2022-08-22"},{"lineNumber":51,"author":{"gitId":"deepimpactmir"},"content":"","lastModifiedDate":"2022-08-22"},{"lineNumber":52,"author":{"gitId":"deepimpactmir"},"content":"  public ArrayList\u003cTask\u003e readFile() throws DukeException {","lastModifiedDate":"2022-08-22"},{"lineNumber":53,"author":{"gitId":"deepimpactmir"},"content":"    createFile();","lastModifiedDate":"2022-08-22"},{"lineNumber":54,"author":{"gitId":"deepimpactmir"},"content":"    ArrayList\u003cTask\u003e tasks \u003d new ArrayList\u003c\u003e();","lastModifiedDate":"2022-08-22"},{"lineNumber":55,"author":{"gitId":"deepimpactmir"},"content":"    BufferedReader reader;","lastModifiedDate":"2022-08-22"},{"lineNumber":56,"author":{"gitId":"deepimpactmir"},"content":"","lastModifiedDate":"2022-08-22"},{"lineNumber":57,"author":{"gitId":"deepimpactmir"},"content":"    try {","lastModifiedDate":"2022-08-22"},{"lineNumber":58,"author":{"gitId":"deepimpactmir"},"content":"      FileReader fr \u003d new FileReader(this.file);","lastModifiedDate":"2022-08-22"},{"lineNumber":59,"author":{"gitId":"deepimpactmir"},"content":"      reader \u003d new BufferedReader(fr);","lastModifiedDate":"2022-08-22"},{"lineNumber":60,"author":{"gitId":"deepimpactmir"},"content":"      String line;","lastModifiedDate":"2022-08-22"},{"lineNumber":61,"author":{"gitId":"deepimpactmir"},"content":"","lastModifiedDate":"2022-08-22"},{"lineNumber":62,"author":{"gitId":"deepimpactmir"},"content":"      while ((line \u003d reader.readLine()) !\u003d null) {","lastModifiedDate":"2022-08-22"},{"lineNumber":63,"author":{"gitId":"deepimpactmir"},"content":"        String[] strArray \u003d line.split(\",\");","lastModifiedDate":"2022-08-22"},{"lineNumber":64,"author":{"gitId":"deepimpactmir"},"content":"        switch (strArray[0]) {","lastModifiedDate":"2022-08-22"},{"lineNumber":65,"author":{"gitId":"deepimpactmir"},"content":"        case \"Todo\": {","lastModifiedDate":"2022-08-22"},{"lineNumber":66,"author":{"gitId":"deepimpactmir"},"content":"          Task task \u003d new Todo(strArray[1], Boolean.parseBoolean(strArray[2]));","lastModifiedDate":"2022-08-22"},{"lineNumber":67,"author":{"gitId":"deepimpactmir"},"content":"          tasks.add(task);","lastModifiedDate":"2022-08-22"},{"lineNumber":68,"author":{"gitId":"deepimpactmir"},"content":"          break;","lastModifiedDate":"2022-08-22"},{"lineNumber":69,"author":{"gitId":"deepimpactmir"},"content":"        }","lastModifiedDate":"2022-08-22"},{"lineNumber":70,"author":{"gitId":"deepimpactmir"},"content":"        case \"Event\": {","lastModifiedDate":"2022-08-22"},{"lineNumber":71,"author":{"gitId":"deepimpactmir"},"content":"          Task task \u003d new Event(strArray[1], Boolean.parseBoolean(strArray[2]), strArray[3]);","lastModifiedDate":"2022-08-22"},{"lineNumber":72,"author":{"gitId":"deepimpactmir"},"content":"          tasks.add(task);","lastModifiedDate":"2022-08-22"},{"lineNumber":73,"author":{"gitId":"deepimpactmir"},"content":"          break;","lastModifiedDate":"2022-08-22"},{"lineNumber":74,"author":{"gitId":"deepimpactmir"},"content":"        }","lastModifiedDate":"2022-08-22"},{"lineNumber":75,"author":{"gitId":"deepimpactmir"},"content":"        case \"Deadline\": {","lastModifiedDate":"2022-08-22"},{"lineNumber":76,"author":{"gitId":"deepimpactmir"},"content":"          Task task \u003d new Deadline(strArray[1], Boolean.parseBoolean(strArray[2]), strArray[3]);","lastModifiedDate":"2022-08-22"},{"lineNumber":77,"author":{"gitId":"deepimpactmir"},"content":"          tasks.add(task);","lastModifiedDate":"2022-08-22"},{"lineNumber":78,"author":{"gitId":"deepimpactmir"},"content":"          break;","lastModifiedDate":"2022-08-22"},{"lineNumber":79,"author":{"gitId":"deepimpactmir"},"content":"        }","lastModifiedDate":"2022-08-22"},{"lineNumber":80,"author":{"gitId":"deepimpactmir"},"content":"        default:","lastModifiedDate":"2022-08-22"},{"lineNumber":81,"author":{"gitId":"deepimpactmir"},"content":"        }","lastModifiedDate":"2022-08-22"},{"lineNumber":82,"author":{"gitId":"deepimpactmir"},"content":"      }","lastModifiedDate":"2022-08-22"},{"lineNumber":83,"author":{"gitId":"deepimpactmir"},"content":"      reader.close();","lastModifiedDate":"2022-08-22"},{"lineNumber":84,"author":{"gitId":"deepimpactmir"},"content":"    } catch (Exception e) {","lastModifiedDate":"2022-08-22"},{"lineNumber":85,"author":{"gitId":"deepimpactmir"},"content":"      throw new DukeException(\"Error\");","lastModifiedDate":"2022-08-22"},{"lineNumber":86,"author":{"gitId":"deepimpactmir"},"content":"    }","lastModifiedDate":"2022-08-22"},{"lineNumber":87,"author":{"gitId":"deepimpactmir"},"content":"    return tasks;","lastModifiedDate":"2022-08-22"},{"lineNumber":88,"author":{"gitId":"deepimpactmir"},"content":"  }","lastModifiedDate":"2022-08-22"},{"lineNumber":89,"author":{"gitId":"deepimpactmir"},"content":"}","lastModifiedDate":"2022-08-22"}],"authorContributionMap":{"deepimpactmir":89}},{"path":"src/main/java/Task.java","fileType":"java","lines":[{"lineNumber":1,"author":{"gitId":"deepimpactmir"},"content":"/**","lastModifiedDate":"2022-08-18"},{"lineNumber":2,"author":{"gitId":"deepimpactmir"},"content":" * Stores the description of a task and whether it is done.","lastModifiedDate":"2022-08-18"},{"lineNumber":3,"author":{"gitId":"deepimpactmir"},"content":" */","lastModifiedDate":"2022-08-18"},{"lineNumber":4,"author":{"gitId":"deepimpactmir"},"content":"public class Task {","lastModifiedDate":"2022-08-18"},{"lineNumber":5,"author":{"gitId":"deepimpactmir"},"content":"  private static final String DONE \u003d \"X\";","lastModifiedDate":"2022-08-18"},{"lineNumber":6,"author":{"gitId":"deepimpactmir"},"content":"  private static final String NOT_DONE \u003d \" \";","lastModifiedDate":"2022-08-18"},{"lineNumber":7,"author":{"gitId":"deepimpactmir"},"content":"  private String description;","lastModifiedDate":"2022-08-18"},{"lineNumber":8,"author":{"gitId":"deepimpactmir"},"content":"  private boolean isDone;","lastModifiedDate":"2022-08-18"},{"lineNumber":9,"author":{"gitId":"deepimpactmir"},"content":"","lastModifiedDate":"2022-08-18"},{"lineNumber":10,"author":{"gitId":"deepimpactmir"},"content":"  public Task(String description) {","lastModifiedDate":"2022-08-18"},{"lineNumber":11,"author":{"gitId":"deepimpactmir"},"content":"    this.description \u003d description;","lastModifiedDate":"2022-08-18"},{"lineNumber":12,"author":{"gitId":"deepimpactmir"},"content":"    this.isDone \u003d false;","lastModifiedDate":"2022-08-18"},{"lineNumber":13,"author":{"gitId":"deepimpactmir"},"content":"  }","lastModifiedDate":"2022-08-18"},{"lineNumber":14,"author":{"gitId":"deepimpactmir"},"content":"","lastModifiedDate":"2022-08-18"},{"lineNumber":15,"author":{"gitId":"deepimpactmir"},"content":"  public Task(String description, boolean isDone) {","lastModifiedDate":"2022-08-22"},{"lineNumber":16,"author":{"gitId":"deepimpactmir"},"content":"    this.description \u003d description;","lastModifiedDate":"2022-08-22"},{"lineNumber":17,"author":{"gitId":"deepimpactmir"},"content":"    this.isDone \u003d isDone;","lastModifiedDate":"2022-08-22"},{"lineNumber":18,"author":{"gitId":"deepimpactmir"},"content":"  }","lastModifiedDate":"2022-08-22"},{"lineNumber":19,"author":{"gitId":"deepimpactmir"},"content":"","lastModifiedDate":"2022-08-22"},{"lineNumber":20,"author":{"gitId":"deepimpactmir"},"content":"  public String getStatusIcon() {","lastModifiedDate":"2022-08-18"},{"lineNumber":21,"author":{"gitId":"deepimpactmir"},"content":"    return (isDone ? DONE : NOT_DONE);","lastModifiedDate":"2022-08-18"},{"lineNumber":22,"author":{"gitId":"deepimpactmir"},"content":"  }","lastModifiedDate":"2022-08-18"},{"lineNumber":23,"author":{"gitId":"deepimpactmir"},"content":"","lastModifiedDate":"2022-08-18"},{"lineNumber":24,"author":{"gitId":"deepimpactmir"},"content":"  public void markAsDone() {","lastModifiedDate":"2022-08-18"},{"lineNumber":25,"author":{"gitId":"deepimpactmir"},"content":"    this.isDone \u003d true;","lastModifiedDate":"2022-08-18"},{"lineNumber":26,"author":{"gitId":"deepimpactmir"},"content":"  }","lastModifiedDate":"2022-08-18"},{"lineNumber":27,"author":{"gitId":"deepimpactmir"},"content":"","lastModifiedDate":"2022-08-18"},{"lineNumber":28,"author":{"gitId":"deepimpactmir"},"content":"  public void markNotDone() {","lastModifiedDate":"2022-08-18"},{"lineNumber":29,"author":{"gitId":"deepimpactmir"},"content":"    this.isDone \u003d false;","lastModifiedDate":"2022-08-18"},{"lineNumber":30,"author":{"gitId":"deepimpactmir"},"content":"  }","lastModifiedDate":"2022-08-18"},{"lineNumber":31,"author":{"gitId":"deepimpactmir"},"content":"","lastModifiedDate":"2022-08-18"},{"lineNumber":32,"author":{"gitId":"deepimpactmir"},"content":"  public String toString() {","lastModifiedDate":"2022-08-18"},{"lineNumber":33,"author":{"gitId":"deepimpactmir"},"content":"    return String.format(\"[%s] %s\", this.getStatusIcon(), description);","lastModifiedDate":"2022-08-18"},{"lineNumber":34,"author":{"gitId":"deepimpactmir"},"content":"  }","lastModifiedDate":"2022-08-18"},{"lineNumber":35,"author":{"gitId":"deepimpactmir"},"content":"","lastModifiedDate":"2022-08-22"},{"lineNumber":36,"author":{"gitId":"deepimpactmir"},"content":"  public String[] getPrintRepresentation() {","lastModifiedDate":"2022-08-22"},{"lineNumber":37,"author":{"gitId":"deepimpactmir"},"content":"    return new String[]{\"Task\", description, String.valueOf(isDone)};","lastModifiedDate":"2022-08-22"},{"lineNumber":38,"author":{"gitId":"deepimpactmir"},"content":"  }","lastModifiedDate":"2022-08-22"},{"lineNumber":39,"author":{"gitId":"deepimpactmir"},"content":"}","lastModifiedDate":"2022-08-18"}],"authorContributionMap":{"deepimpactmir":39}},{"path":"src/main/java/Todo.java","fileType":"java","lines":[{"lineNumber":1,"author":{"gitId":"deepimpactmir"},"content":"public class Todo extends Task {","lastModifiedDate":"2022-08-18"},{"lineNumber":2,"author":{"gitId":"deepimpactmir"},"content":"  public Todo(String description, boolean isDone) {","lastModifiedDate":"2022-08-22"},{"lineNumber":3,"author":{"gitId":"deepimpactmir"},"content":"    super(description, isDone);","lastModifiedDate":"2022-08-22"},{"lineNumber":4,"author":{"gitId":"deepimpactmir"},"content":"  }","lastModifiedDate":"2022-08-22"},{"lineNumber":5,"author":{"gitId":"deepimpactmir"},"content":"","lastModifiedDate":"2022-08-22"},{"lineNumber":6,"author":{"gitId":"deepimpactmir"},"content":"  public Todo(String description) {","lastModifiedDate":"2022-08-18"},{"lineNumber":7,"author":{"gitId":"deepimpactmir"},"content":"    super(description);","lastModifiedDate":"2022-08-18"},{"lineNumber":8,"author":{"gitId":"deepimpactmir"},"content":"  }","lastModifiedDate":"2022-08-18"},{"lineNumber":9,"author":{"gitId":"deepimpactmir"},"content":"","lastModifiedDate":"2022-08-18"},{"lineNumber":10,"author":{"gitId":"deepimpactmir"},"content":"  @Override","lastModifiedDate":"2022-08-18"},{"lineNumber":11,"author":{"gitId":"deepimpactmir"},"content":"  public String toString() {","lastModifiedDate":"2022-08-18"},{"lineNumber":12,"author":{"gitId":"deepimpactmir"},"content":"    return String.format(\"[T]%s\", super.toString());","lastModifiedDate":"2022-08-18"},{"lineNumber":13,"author":{"gitId":"deepimpactmir"},"content":"  }","lastModifiedDate":"2022-08-18"},{"lineNumber":14,"author":{"gitId":"deepimpactmir"},"content":"","lastModifiedDate":"2022-08-22"},{"lineNumber":15,"author":{"gitId":"deepimpactmir"},"content":"  @Override","lastModifiedDate":"2022-08-22"},{"lineNumber":16,"author":{"gitId":"deepimpactmir"},"content":"  public String[] getPrintRepresentation() {","lastModifiedDate":"2022-08-22"},{"lineNumber":17,"author":{"gitId":"deepimpactmir"},"content":"    String[] strArray \u003d super.getPrintRepresentation();","lastModifiedDate":"2022-08-22"},{"lineNumber":18,"author":{"gitId":"deepimpactmir"},"content":"    return new String[]{\"Todo\", strArray[1], strArray[2]};","lastModifiedDate":"2022-08-22"},{"lineNumber":19,"author":{"gitId":"deepimpactmir"},"content":"  }","lastModifiedDate":"2022-08-22"},{"lineNumber":20,"author":{"gitId":"deepimpactmir"},"content":"}","lastModifiedDate":"2022-08-18"}],"authorContributionMap":{"deepimpactmir":20}},{"path":"text-ui-test/input.txt","fileType":"txt","lines":[{"lineNumber":1,"author":{"gitId":"deepimpactmir"},"content":"todo","lastModifiedDate":"2022-08-21"},{"lineNumber":2,"author":{"gitId":"deepimpactmir"},"content":"deadline","lastModifiedDate":"2022-08-21"},{"lineNumber":3,"author":{"gitId":"deepimpactmir"},"content":"event","lastModifiedDate":"2022-08-21"},{"lineNumber":4,"author":{"gitId":"deepimpactmir"},"content":"mark","lastModifiedDate":"2022-08-21"},{"lineNumber":5,"author":{"gitId":"deepimpactmir"},"content":"unmark","lastModifiedDate":"2022-08-21"},{"lineNumber":6,"author":{"gitId":"deepimpactmir"},"content":"delete","lastModifiedDate":"2022-08-21"},{"lineNumber":7,"author":{"gitId":"deepimpactmir"},"content":"todo borrow book","lastModifiedDate":"2022-08-18"},{"lineNumber":8,"author":{"gitId":"deepimpactmir"},"content":"list","lastModifiedDate":"2022-08-18"},{"lineNumber":9,"author":{"gitId":"deepimpactmir"},"content":"deadline return book /by Sunday","lastModifiedDate":"2022-08-18"},{"lineNumber":10,"author":{"gitId":"deepimpactmir"},"content":"list","lastModifiedDate":"2022-08-21"},{"lineNumber":11,"author":{"gitId":"deepimpactmir"},"content":"event project meeting /at Mon 2-4pm","lastModifiedDate":"2022-08-18"},{"lineNumber":12,"author":{"gitId":"deepimpactmir"},"content":"list","lastModifiedDate":"2022-08-21"},{"lineNumber":13,"author":{"gitId":"deepimpactmir"},"content":"mark 1","lastModifiedDate":"2022-08-21"},{"lineNumber":14,"author":{"gitId":"deepimpactmir"},"content":"list","lastModifiedDate":"2022-08-21"},{"lineNumber":15,"author":{"gitId":"deepimpactmir"},"content":"mark 2","lastModifiedDate":"2022-08-21"},{"lineNumber":16,"author":{"gitId":"deepimpactmir"},"content":"list","lastModifiedDate":"2022-08-21"},{"lineNumber":17,"author":{"gitId":"deepimpactmir"},"content":"unmark 1","lastModifiedDate":"2022-08-21"},{"lineNumber":18,"author":{"gitId":"deepimpactmir"},"content":"list","lastModifiedDate":"2022-08-21"},{"lineNumber":19,"author":{"gitId":"deepimpactmir"},"content":"delete 3","lastModifiedDate":"2022-08-21"},{"lineNumber":20,"author":{"gitId":"deepimpactmir"},"content":"delete 3","lastModifiedDate":"2022-08-21"},{"lineNumber":21,"author":{"gitId":"deepimpactmir"},"content":"mark 3","lastModifiedDate":"2022-08-21"},{"lineNumber":22,"author":{"gitId":"deepimpactmir"},"content":"unmark 3","lastModifiedDate":"2022-08-21"},{"lineNumber":23,"author":{"gitId":"deepimpactmir"},"content":"list","lastModifiedDate":"2022-08-21"}],"authorContributionMap":{"deepimpactmir":23}}]
