{"authorDailyContributionsMap":{"deepimpactmir":[{"date":"2022-08-18","commitResults":[{"hash":"8ed428dcc0283d61ab88412a3dc12bafff49666e","messageTitle":"Level 1 of Duke","messageBody":"","tags":["Level-1"],"fileTypesAndContributionMap":{"java":{"insertions":31,"deletions":7}}},{"hash":"671d3acfc30f87fde9c287c742c73c47c72fd068","messageTitle":"Level-2","messageBody":"","tags":["Level-2"],"fileTypesAndContributionMap":{"java":{"insertions":20,"deletions":4}}},{"hash":"aa45af9364cf6463e895e2f87b7bdfe8d2223c5e","messageTitle":"Refactored main in Duke and completed Level-3","messageBody":"","tags":["Level-3"],"fileTypesAndContributionMap":{"java":{"insertions":83,"deletions":19}}},{"hash":"5183f4060e5aa402d49a6d74b9372d774c09df34","messageTitle":"Level-3 with some refactoring","messageBody":"","fileTypesAndContributionMap":{"java":{"insertions":68,"deletions":3}}},{"hash":"d49dd60b5a838a9418e750ecaa996187b81dd9ce","messageTitle":"Level-4 Corrected","messageBody":"","tags":["Level-4"],"fileTypesAndContributionMap":{"java":{"insertions":5,"deletions":6}}},{"hash":"54c12516a988710bf38e609c5718c2f4d5487962","messageTitle":"Added Automated Text UI Testing","messageBody":"","tags":["A-TextUiTesting"],"fileTypesAndContributionMap":{"txt":{"insertions":4,"deletions":0},"sh":{"insertions":0,"deletions":0}}},{"hash":"c7d28eabf83b0b1130ba72369ee370130dd6f1b0","messageTitle":"Level 5 Minimal","messageBody":"","tags":["Level-5"],"fileTypesAndContributionMap":{"java":{"insertions":5,"deletions":2}}},{"hash":"a258e0caa5b62210bd8365d918380366552a8310","messageTitle":"Naive implementation of Level-6","messageBody":"","tags":["Level-6"],"fileTypesAndContributionMap":{"java":{"insertions":13,"deletions":5}}}]},{"date":"2022-08-21","commitResults":[{"hash":"2c2b29694c440bbbceb2fdc38495684c35455a20","messageTitle":"Handle more exceptions","messageBody":"","fileTypesAndContributionMap":{"java":{"insertions":63,"deletions":29}}},{"hash":"1f13fde0f5ccaa7e0047b0ee902dfb6441660ddb","messageTitle":"Add new test cases","messageBody":"","fileTypesAndContributionMap":{"txt":{"insertions":19,"deletions":0}}}]},{"date":"2022-08-22","commitResults":[{"hash":"c0293bd82a67754f450b5a41b9253827f924cb2a","messageTitle":"Add capability to save and load tasks","messageBody":"","tags":["Level-7"],"fileTypesAndContributionMap":{"java":{"insertions":233,"deletions":93}}}]},{"date":"2022-08-23","commitResults":[{"hash":"35fef95b5033bd917e5976a760732b84a5c312b2","messageTitle":"Add datetime functionality","messageBody":"","tags":["Level-8"],"fileTypesAndContributionMap":{"java":{"insertions":32,"deletions":6}}}]},{"date":"2022-08-24","commitResults":[{"hash":"b5c5f43c80a843d6672fdab089d7130f7f752269","messageTitle":"Add Ui to deal with interactions with the user","messageBody":"","fileTypesAndContributionMap":{"java":{"insertions":64,"deletions":58}}},{"hash":"33e241c973f7f9cf361d2a40ec4aa718e36f7982","messageTitle":"Rework Ui and clean up main in Duke","messageBody":"","fileTypesAndContributionMap":{"java":{"insertions":163,"deletions":119}}}]},{"date":"2022-08-25","commitResults":[{"hash":"46bf64b2045d9bbc8d825b73128b6fe2cf32991a","messageTitle":"Add Parser to handle user input","messageBody":"","fileTypesAndContributionMap":{"java":{"insertions":113,"deletions":102}}},{"hash":"b5d3e351ecbebfab837fd69559fd6502f23ea76f","messageTitle":"Add TaskList class for more OOP","messageBody":"","tags":["A-MoreOOP"],"fileTypesAndContributionMap":{"java":{"insertions":39,"deletions":10}}},{"hash":"4ae8cc430312f37d421e7d2c9bea5a3b40ca81b8","messageTitle":"Package files into duke and duke.task","messageBody":"","tags":["A-Packages"],"fileTypesAndContributionMap":{"java":{"insertions":51,"deletions":12}}}]}]},"authorFileTypeContributionMap":{"deepimpactmir":{"java":516,"md":0,"fxml":0,"sh":0,"bat":0,"gradle":0,"txt":23}},"authorContributionVariance":{"deepimpactmir":22081.598},"authorDisplayNameMap":{"deepimpactmir":"TOH ..REMY"}}
