[{"path":"build.gradle","fileType":"gradle","lines":[{"lineNumber":1,"author":{"gitId":"-"},"content":"plugins {","lastModifiedDate":"2020-05-25"},{"lineNumber":2,"author":{"gitId":"-"},"content":"    id \u0027java\u0027","lastModifiedDate":"2020-05-25"},{"lineNumber":3,"author":{"gitId":"-"},"content":"    id \u0027application\u0027","lastModifiedDate":"2020-05-25"},{"lineNumber":4,"author":{"gitId":"-"},"content":"    id \u0027com.github.johnrengelman.shadow\u0027 version \u00275.1.0\u0027","lastModifiedDate":"2020-05-25"},{"lineNumber":5,"author":{"gitId":"-"},"content":"}","lastModifiedDate":"2020-05-25"},{"lineNumber":6,"author":{"gitId":"-"},"content":"","lastModifiedDate":"2020-05-25"},{"lineNumber":7,"author":{"gitId":"-"},"content":"repositories {","lastModifiedDate":"2020-05-25"},{"lineNumber":8,"author":{"gitId":"-"},"content":"    mavenCentral()","lastModifiedDate":"2020-05-25"},{"lineNumber":9,"author":{"gitId":"-"},"content":"}","lastModifiedDate":"2020-05-25"},{"lineNumber":10,"author":{"gitId":"-"},"content":"","lastModifiedDate":"2020-05-25"},{"lineNumber":11,"author":{"gitId":"-"},"content":"dependencies {","lastModifiedDate":"2020-05-25"},{"lineNumber":12,"author":{"gitId":"GenFusion122"},"content":"    testCompile (\u0027org.junit.jupiter:junit-jupiter:5.6.0\u0027)","lastModifiedDate":"2022-08-24"},{"lineNumber":13,"author":{"gitId":"-"},"content":"    testImplementation group: \u0027org.junit.jupiter\u0027, name: \u0027junit-jupiter-api\u0027, version: \u00275.5.0\u0027","lastModifiedDate":"2020-05-25"},{"lineNumber":14,"author":{"gitId":"-"},"content":"    testRuntimeOnly group: \u0027org.junit.jupiter\u0027, name: \u0027junit-jupiter-engine\u0027, version: \u00275.5.0\u0027","lastModifiedDate":"2020-05-25"},{"lineNumber":15,"author":{"gitId":"-"},"content":"}","lastModifiedDate":"2020-05-25"},{"lineNumber":16,"author":{"gitId":"-"},"content":"","lastModifiedDate":"2020-05-25"},{"lineNumber":17,"author":{"gitId":"-"},"content":"test {","lastModifiedDate":"2020-05-25"},{"lineNumber":18,"author":{"gitId":"-"},"content":"    useJUnitPlatform()","lastModifiedDate":"2020-05-25"},{"lineNumber":19,"author":{"gitId":"-"},"content":"","lastModifiedDate":"2020-05-25"},{"lineNumber":20,"author":{"gitId":"-"},"content":"    testLogging {","lastModifiedDate":"2020-05-25"},{"lineNumber":21,"author":{"gitId":"GenFusion122"},"content":"        events (\"passed\", \"skipped\", \"failed\")","lastModifiedDate":"2022-08-24"},{"lineNumber":22,"author":{"gitId":"-"},"content":"","lastModifiedDate":"2020-05-25"},{"lineNumber":23,"author":{"gitId":"-"},"content":"        showExceptions true","lastModifiedDate":"2020-05-25"},{"lineNumber":24,"author":{"gitId":"-"},"content":"        exceptionFormat \"full\"","lastModifiedDate":"2020-05-25"},{"lineNumber":25,"author":{"gitId":"-"},"content":"        showCauses true","lastModifiedDate":"2020-05-25"},{"lineNumber":26,"author":{"gitId":"-"},"content":"        showStackTraces true","lastModifiedDate":"2020-05-25"},{"lineNumber":27,"author":{"gitId":"-"},"content":"        showStandardStreams \u003d false","lastModifiedDate":"2020-05-25"},{"lineNumber":28,"author":{"gitId":"-"},"content":"    }","lastModifiedDate":"2020-05-25"},{"lineNumber":29,"author":{"gitId":"-"},"content":"}","lastModifiedDate":"2020-05-25"},{"lineNumber":30,"author":{"gitId":"-"},"content":"","lastModifiedDate":"2020-05-25"},{"lineNumber":31,"author":{"gitId":"-"},"content":"application {","lastModifiedDate":"2020-05-25"},{"lineNumber":32,"author":{"gitId":"-"},"content":"    mainClassName \u003d \"seedu.duke.Duke\"","lastModifiedDate":"2020-05-25"},{"lineNumber":33,"author":{"gitId":"-"},"content":"}","lastModifiedDate":"2020-05-25"},{"lineNumber":34,"author":{"gitId":"-"},"content":"","lastModifiedDate":"2020-05-25"},{"lineNumber":35,"author":{"gitId":"-"},"content":"shadowJar {","lastModifiedDate":"2020-05-25"},{"lineNumber":36,"author":{"gitId":"-"},"content":"    archiveBaseName \u003d \"duke\"","lastModifiedDate":"2020-05-25"},{"lineNumber":37,"author":{"gitId":"-"},"content":"    archiveClassifier \u003d null","lastModifiedDate":"2020-05-25"},{"lineNumber":38,"author":{"gitId":"-"},"content":"}","lastModifiedDate":"2020-05-25"},{"lineNumber":39,"author":{"gitId":"-"},"content":"","lastModifiedDate":"2020-05-25"},{"lineNumber":40,"author":{"gitId":"-"},"content":"run{","lastModifiedDate":"2020-05-25"},{"lineNumber":41,"author":{"gitId":"-"},"content":"    standardInput \u003d System.in","lastModifiedDate":"2020-05-25"},{"lineNumber":42,"author":{"gitId":"-"},"content":"}","lastModifiedDate":"2020-05-25"}],"authorContributionMap":{"GenFusion122":2,"-":40}},{"path":"data/duck.txt","fileType":"txt","lines":[{"lineNumber":1,"author":{"gitId":"GenFusion122"},"content":"T;asd;0","lastModifiedDate":"2022-08-24"},{"lineNumber":2,"author":{"gitId":"GenFusion122"},"content":"E;asd;10/10/0010 2100;1","lastModifiedDate":"2022-08-24"},{"lineNumber":3,"author":{"gitId":"GenFusion122"},"content":"T;asd;0","lastModifiedDate":"2022-08-24"},{"lineNumber":4,"author":{"gitId":"GenFusion122"},"content":"E;asd;10/10/0010 1010;0","lastModifiedDate":"2022-08-24"}],"authorContributionMap":{"GenFusion122":4}},{"path":"src/main/java/Commands/AddCommand.java","fileType":"java","lines":[{"lineNumber":1,"author":{"gitId":"GenFusion122"},"content":"package Commands;","lastModifiedDate":"2022-08-24"},{"lineNumber":2,"author":{"gitId":"GenFusion122"},"content":"import Models.Todo;","lastModifiedDate":"2022-08-24"},{"lineNumber":3,"author":{"gitId":"GenFusion122"},"content":"import Duck.TaskList;","lastModifiedDate":"2022-08-24"},{"lineNumber":4,"author":{"gitId":"GenFusion122"},"content":"import Duck.Storage;","lastModifiedDate":"2022-08-24"},{"lineNumber":5,"author":{"gitId":"GenFusion122"},"content":"import Duck.UI;","lastModifiedDate":"2022-08-24"},{"lineNumber":6,"author":{"gitId":"GenFusion122"},"content":"","lastModifiedDate":"2022-08-24"},{"lineNumber":7,"author":{"gitId":"GenFusion122"},"content":"public class AddCommand extends Commands{","lastModifiedDate":"2022-08-24"},{"lineNumber":8,"author":{"gitId":"GenFusion122"},"content":"    private Todo item;","lastModifiedDate":"2022-08-24"},{"lineNumber":9,"author":{"gitId":"GenFusion122"},"content":"    public AddCommand(Todo item) {","lastModifiedDate":"2022-08-24"},{"lineNumber":10,"author":{"gitId":"GenFusion122"},"content":"        this.item \u003d item;","lastModifiedDate":"2022-08-24"},{"lineNumber":11,"author":{"gitId":"GenFusion122"},"content":"    }","lastModifiedDate":"2022-08-24"},{"lineNumber":12,"author":{"gitId":"GenFusion122"},"content":"    @Override","lastModifiedDate":"2022-08-24"},{"lineNumber":13,"author":{"gitId":"GenFusion122"},"content":"    public void execute(TaskList\u003cTodo\u003e list, Storage storage) {","lastModifiedDate":"2022-08-24"},{"lineNumber":14,"author":{"gitId":"GenFusion122"},"content":"        list.addToList(item);","lastModifiedDate":"2022-08-24"},{"lineNumber":15,"author":{"gitId":"GenFusion122"},"content":"        UI.addNewItemMessage(item);","lastModifiedDate":"2022-08-24"},{"lineNumber":16,"author":{"gitId":"GenFusion122"},"content":"    }","lastModifiedDate":"2022-08-24"},{"lineNumber":17,"author":{"gitId":"GenFusion122"},"content":"","lastModifiedDate":"2022-08-24"},{"lineNumber":18,"author":{"gitId":"GenFusion122"},"content":"    @Override","lastModifiedDate":"2022-08-24"},{"lineNumber":19,"author":{"gitId":"GenFusion122"},"content":"    public boolean isExit() {","lastModifiedDate":"2022-08-24"},{"lineNumber":20,"author":{"gitId":"GenFusion122"},"content":"        return false;","lastModifiedDate":"2022-08-24"},{"lineNumber":21,"author":{"gitId":"GenFusion122"},"content":"    }","lastModifiedDate":"2022-08-24"},{"lineNumber":22,"author":{"gitId":"GenFusion122"},"content":"}","lastModifiedDate":"2022-08-24"}],"authorContributionMap":{"GenFusion122":22}},{"path":"src/main/java/Commands/Commands.java","fileType":"java","lines":[{"lineNumber":1,"author":{"gitId":"GenFusion122"},"content":"package Commands;","lastModifiedDate":"2022-08-24"},{"lineNumber":2,"author":{"gitId":"GenFusion122"},"content":"import Models.Todo;","lastModifiedDate":"2022-08-24"},{"lineNumber":3,"author":{"gitId":"GenFusion122"},"content":"import Duck.TaskList;","lastModifiedDate":"2022-08-24"},{"lineNumber":4,"author":{"gitId":"GenFusion122"},"content":"import Duck.Storage;","lastModifiedDate":"2022-08-24"},{"lineNumber":5,"author":{"gitId":"GenFusion122"},"content":"","lastModifiedDate":"2022-08-24"},{"lineNumber":6,"author":{"gitId":"GenFusion122"},"content":"public abstract class Commands {","lastModifiedDate":"2022-08-24"},{"lineNumber":7,"author":{"gitId":"GenFusion122"},"content":"","lastModifiedDate":"2022-08-24"},{"lineNumber":8,"author":{"gitId":"GenFusion122"},"content":"    public Commands(){","lastModifiedDate":"2022-08-24"},{"lineNumber":9,"author":{"gitId":"GenFusion122"},"content":"    }","lastModifiedDate":"2022-08-24"},{"lineNumber":10,"author":{"gitId":"GenFusion122"},"content":"    abstract public void execute(TaskList\u003cTodo\u003e list, Storage storage) throws IndexOutOfBoundsException;","lastModifiedDate":"2022-08-24"},{"lineNumber":11,"author":{"gitId":"GenFusion122"},"content":"    abstract public boolean isExit();","lastModifiedDate":"2022-08-24"},{"lineNumber":12,"author":{"gitId":"GenFusion122"},"content":"}","lastModifiedDate":"2022-08-24"}],"authorContributionMap":{"GenFusion122":12}},{"path":"src/main/java/Commands/DeleteCommand.java","fileType":"java","lines":[{"lineNumber":1,"author":{"gitId":"GenFusion122"},"content":"package Commands;","lastModifiedDate":"2022-08-24"},{"lineNumber":2,"author":{"gitId":"GenFusion122"},"content":"import Models.Todo;","lastModifiedDate":"2022-08-24"},{"lineNumber":3,"author":{"gitId":"GenFusion122"},"content":"import Duck.TaskList;","lastModifiedDate":"2022-08-24"},{"lineNumber":4,"author":{"gitId":"GenFusion122"},"content":"import Duck.Storage;","lastModifiedDate":"2022-08-24"},{"lineNumber":5,"author":{"gitId":"GenFusion122"},"content":"import Duck.UI;","lastModifiedDate":"2022-08-24"},{"lineNumber":6,"author":{"gitId":"GenFusion122"},"content":"","lastModifiedDate":"2022-08-24"},{"lineNumber":7,"author":{"gitId":"GenFusion122"},"content":"public class DeleteCommand extends Commands{","lastModifiedDate":"2022-08-24"},{"lineNumber":8,"author":{"gitId":"GenFusion122"},"content":"    private int index;","lastModifiedDate":"2022-08-24"},{"lineNumber":9,"author":{"gitId":"GenFusion122"},"content":"    public DeleteCommand(int index){","lastModifiedDate":"2022-08-24"},{"lineNumber":10,"author":{"gitId":"GenFusion122"},"content":"        this.index \u003d index;","lastModifiedDate":"2022-08-24"},{"lineNumber":11,"author":{"gitId":"GenFusion122"},"content":"    }","lastModifiedDate":"2022-08-24"},{"lineNumber":12,"author":{"gitId":"GenFusion122"},"content":"","lastModifiedDate":"2022-08-24"},{"lineNumber":13,"author":{"gitId":"GenFusion122"},"content":"    @Override","lastModifiedDate":"2022-08-24"},{"lineNumber":14,"author":{"gitId":"GenFusion122"},"content":"    public void execute(TaskList\u003cTodo\u003e list, Storage storage)  {","lastModifiedDate":"2022-08-24"},{"lineNumber":15,"author":{"gitId":"GenFusion122"},"content":"        Todo item \u003d list.removeFromList(index);","lastModifiedDate":"2022-08-24"},{"lineNumber":16,"author":{"gitId":"GenFusion122"},"content":"        UI.deleteItemMessage(item);","lastModifiedDate":"2022-08-24"},{"lineNumber":17,"author":{"gitId":"GenFusion122"},"content":"    }","lastModifiedDate":"2022-08-24"},{"lineNumber":18,"author":{"gitId":"GenFusion122"},"content":"","lastModifiedDate":"2022-08-24"},{"lineNumber":19,"author":{"gitId":"GenFusion122"},"content":"    @Override","lastModifiedDate":"2022-08-24"},{"lineNumber":20,"author":{"gitId":"GenFusion122"},"content":"    public boolean isExit() {","lastModifiedDate":"2022-08-24"},{"lineNumber":21,"author":{"gitId":"GenFusion122"},"content":"        return false;","lastModifiedDate":"2022-08-24"},{"lineNumber":22,"author":{"gitId":"GenFusion122"},"content":"    }","lastModifiedDate":"2022-08-24"},{"lineNumber":23,"author":{"gitId":"GenFusion122"},"content":"}","lastModifiedDate":"2022-08-24"}],"authorContributionMap":{"GenFusion122":23}},{"path":"src/main/java/Commands/ErrorCommand.java","fileType":"java","lines":[{"lineNumber":1,"author":{"gitId":"GenFusion122"},"content":"package Commands;","lastModifiedDate":"2022-08-24"},{"lineNumber":2,"author":{"gitId":"GenFusion122"},"content":"import Models.Todo;","lastModifiedDate":"2022-08-24"},{"lineNumber":3,"author":{"gitId":"GenFusion122"},"content":"import Duck.TaskList;","lastModifiedDate":"2022-08-24"},{"lineNumber":4,"author":{"gitId":"GenFusion122"},"content":"import Duck.Storage;","lastModifiedDate":"2022-08-24"},{"lineNumber":5,"author":{"gitId":"GenFusion122"},"content":"","lastModifiedDate":"2022-08-24"},{"lineNumber":6,"author":{"gitId":"GenFusion122"},"content":"public class ErrorCommand extends Commands{","lastModifiedDate":"2022-08-24"},{"lineNumber":7,"author":{"gitId":"GenFusion122"},"content":"    public ErrorCommand(){","lastModifiedDate":"2022-08-24"},{"lineNumber":8,"author":{"gitId":"GenFusion122"},"content":"","lastModifiedDate":"2022-08-24"},{"lineNumber":9,"author":{"gitId":"GenFusion122"},"content":"    }","lastModifiedDate":"2022-08-24"},{"lineNumber":10,"author":{"gitId":"GenFusion122"},"content":"    @Override","lastModifiedDate":"2022-08-24"},{"lineNumber":11,"author":{"gitId":"GenFusion122"},"content":"    public void execute(TaskList\u003cTodo\u003e list, Storage storage) {","lastModifiedDate":"2022-08-24"},{"lineNumber":12,"author":{"gitId":"GenFusion122"},"content":"        //do nothing","lastModifiedDate":"2022-08-24"},{"lineNumber":13,"author":{"gitId":"GenFusion122"},"content":"    }","lastModifiedDate":"2022-08-24"},{"lineNumber":14,"author":{"gitId":"GenFusion122"},"content":"","lastModifiedDate":"2022-08-24"},{"lineNumber":15,"author":{"gitId":"GenFusion122"},"content":"    @Override","lastModifiedDate":"2022-08-24"},{"lineNumber":16,"author":{"gitId":"GenFusion122"},"content":"    public boolean isExit() {","lastModifiedDate":"2022-08-24"},{"lineNumber":17,"author":{"gitId":"GenFusion122"},"content":"        return false;","lastModifiedDate":"2022-08-24"},{"lineNumber":18,"author":{"gitId":"GenFusion122"},"content":"    }","lastModifiedDate":"2022-08-24"},{"lineNumber":19,"author":{"gitId":"GenFusion122"},"content":"}","lastModifiedDate":"2022-08-24"}],"authorContributionMap":{"GenFusion122":19}},{"path":"src/main/java/Commands/ExitCommand.java","fileType":"java","lines":[{"lineNumber":1,"author":{"gitId":"GenFusion122"},"content":"package Commands;","lastModifiedDate":"2022-08-24"},{"lineNumber":2,"author":{"gitId":"GenFusion122"},"content":"import Models.Todo;","lastModifiedDate":"2022-08-24"},{"lineNumber":3,"author":{"gitId":"GenFusion122"},"content":"import Duck.TaskList;","lastModifiedDate":"2022-08-24"},{"lineNumber":4,"author":{"gitId":"GenFusion122"},"content":"import Duck.Storage;","lastModifiedDate":"2022-08-24"},{"lineNumber":5,"author":{"gitId":"GenFusion122"},"content":"","lastModifiedDate":"2022-08-24"},{"lineNumber":6,"author":{"gitId":"GenFusion122"},"content":"public class ExitCommand extends Commands{","lastModifiedDate":"2022-08-24"},{"lineNumber":7,"author":{"gitId":"GenFusion122"},"content":"    public ExitCommand(){","lastModifiedDate":"2022-08-24"},{"lineNumber":8,"author":{"gitId":"GenFusion122"},"content":"    }","lastModifiedDate":"2022-08-24"},{"lineNumber":9,"author":{"gitId":"GenFusion122"},"content":"    @Override","lastModifiedDate":"2022-08-24"},{"lineNumber":10,"author":{"gitId":"GenFusion122"},"content":"    public void execute(TaskList\u003cTodo\u003e list, Storage storage) {","lastModifiedDate":"2022-08-24"},{"lineNumber":11,"author":{"gitId":"GenFusion122"},"content":"        storage.writeListToFile(list);","lastModifiedDate":"2022-08-24"},{"lineNumber":12,"author":{"gitId":"GenFusion122"},"content":"    }","lastModifiedDate":"2022-08-24"},{"lineNumber":13,"author":{"gitId":"GenFusion122"},"content":"    @Override","lastModifiedDate":"2022-08-24"},{"lineNumber":14,"author":{"gitId":"GenFusion122"},"content":"    public boolean isExit() {","lastModifiedDate":"2022-08-24"},{"lineNumber":15,"author":{"gitId":"GenFusion122"},"content":"        return true;","lastModifiedDate":"2022-08-24"},{"lineNumber":16,"author":{"gitId":"GenFusion122"},"content":"    }","lastModifiedDate":"2022-08-24"},{"lineNumber":17,"author":{"gitId":"GenFusion122"},"content":"}","lastModifiedDate":"2022-08-24"}],"authorContributionMap":{"GenFusion122":17}},{"path":"src/main/java/Commands/ListCommand.java","fileType":"java","lines":[{"lineNumber":1,"author":{"gitId":"GenFusion122"},"content":"package Commands;","lastModifiedDate":"2022-08-24"},{"lineNumber":2,"author":{"gitId":"GenFusion122"},"content":"import Models.Todo;","lastModifiedDate":"2022-08-24"},{"lineNumber":3,"author":{"gitId":"GenFusion122"},"content":"import Duck.TaskList;","lastModifiedDate":"2022-08-24"},{"lineNumber":4,"author":{"gitId":"GenFusion122"},"content":"import Duck.Storage;","lastModifiedDate":"2022-08-24"},{"lineNumber":5,"author":{"gitId":"GenFusion122"},"content":"","lastModifiedDate":"2022-08-24"},{"lineNumber":6,"author":{"gitId":"GenFusion122"},"content":"public class ListCommand extends Commands{","lastModifiedDate":"2022-08-24"},{"lineNumber":7,"author":{"gitId":"GenFusion122"},"content":"    public ListCommand() {}","lastModifiedDate":"2022-08-24"},{"lineNumber":8,"author":{"gitId":"GenFusion122"},"content":"","lastModifiedDate":"2022-08-24"},{"lineNumber":9,"author":{"gitId":"GenFusion122"},"content":"    @Override","lastModifiedDate":"2022-08-24"},{"lineNumber":10,"author":{"gitId":"GenFusion122"},"content":"    public void execute(TaskList\u003cTodo\u003e list, Storage storage) throws IndexOutOfBoundsException {","lastModifiedDate":"2022-08-24"},{"lineNumber":11,"author":{"gitId":"GenFusion122"},"content":"        list.printList();","lastModifiedDate":"2022-08-24"},{"lineNumber":12,"author":{"gitId":"GenFusion122"},"content":"    }","lastModifiedDate":"2022-08-24"},{"lineNumber":13,"author":{"gitId":"GenFusion122"},"content":"","lastModifiedDate":"2022-08-24"},{"lineNumber":14,"author":{"gitId":"GenFusion122"},"content":"    @Override","lastModifiedDate":"2022-08-24"},{"lineNumber":15,"author":{"gitId":"GenFusion122"},"content":"    public boolean isExit() {","lastModifiedDate":"2022-08-24"},{"lineNumber":16,"author":{"gitId":"GenFusion122"},"content":"        return false;","lastModifiedDate":"2022-08-24"},{"lineNumber":17,"author":{"gitId":"GenFusion122"},"content":"    }","lastModifiedDate":"2022-08-24"},{"lineNumber":18,"author":{"gitId":"GenFusion122"},"content":"}","lastModifiedDate":"2022-08-24"}],"authorContributionMap":{"GenFusion122":18}},{"path":"src/main/java/Commands/MarkCommand.java","fileType":"java","lines":[{"lineNumber":1,"author":{"gitId":"GenFusion122"},"content":"package Commands;","lastModifiedDate":"2022-08-24"},{"lineNumber":2,"author":{"gitId":"GenFusion122"},"content":"import Models.Todo;","lastModifiedDate":"2022-08-24"},{"lineNumber":3,"author":{"gitId":"GenFusion122"},"content":"import Duck.TaskList;","lastModifiedDate":"2022-08-24"},{"lineNumber":4,"author":{"gitId":"GenFusion122"},"content":"import Duck.Storage;","lastModifiedDate":"2022-08-24"},{"lineNumber":5,"author":{"gitId":"GenFusion122"},"content":"import Duck.UI;","lastModifiedDate":"2022-08-24"},{"lineNumber":6,"author":{"gitId":"GenFusion122"},"content":"","lastModifiedDate":"2022-08-24"},{"lineNumber":7,"author":{"gitId":"GenFusion122"},"content":"public class MarkCommand extends Commands{","lastModifiedDate":"2022-08-24"},{"lineNumber":8,"author":{"gitId":"GenFusion122"},"content":"    private int index;","lastModifiedDate":"2022-08-24"},{"lineNumber":9,"author":{"gitId":"GenFusion122"},"content":"    public MarkCommand(int index){","lastModifiedDate":"2022-08-24"},{"lineNumber":10,"author":{"gitId":"GenFusion122"},"content":"        this.index \u003d index;","lastModifiedDate":"2022-08-24"},{"lineNumber":11,"author":{"gitId":"GenFusion122"},"content":"    }","lastModifiedDate":"2022-08-24"},{"lineNumber":12,"author":{"gitId":"GenFusion122"},"content":"","lastModifiedDate":"2022-08-24"},{"lineNumber":13,"author":{"gitId":"GenFusion122"},"content":"    @Override","lastModifiedDate":"2022-08-24"},{"lineNumber":14,"author":{"gitId":"GenFusion122"},"content":"    public void execute(TaskList\u003cTodo\u003e list, Storage storage) {","lastModifiedDate":"2022-08-24"},{"lineNumber":15,"author":{"gitId":"GenFusion122"},"content":"        Todo item \u003d list.get(index);","lastModifiedDate":"2022-08-24"},{"lineNumber":16,"author":{"gitId":"GenFusion122"},"content":"        item.completeTask();","lastModifiedDate":"2022-08-24"},{"lineNumber":17,"author":{"gitId":"GenFusion122"},"content":"        UI.markItemMessage(item);","lastModifiedDate":"2022-08-24"},{"lineNumber":18,"author":{"gitId":"GenFusion122"},"content":"    }","lastModifiedDate":"2022-08-24"},{"lineNumber":19,"author":{"gitId":"GenFusion122"},"content":"","lastModifiedDate":"2022-08-24"},{"lineNumber":20,"author":{"gitId":"GenFusion122"},"content":"    @Override","lastModifiedDate":"2022-08-24"},{"lineNumber":21,"author":{"gitId":"GenFusion122"},"content":"    public boolean isExit() {","lastModifiedDate":"2022-08-24"},{"lineNumber":22,"author":{"gitId":"GenFusion122"},"content":"        return false;","lastModifiedDate":"2022-08-24"},{"lineNumber":23,"author":{"gitId":"GenFusion122"},"content":"    }","lastModifiedDate":"2022-08-24"},{"lineNumber":24,"author":{"gitId":"GenFusion122"},"content":"}","lastModifiedDate":"2022-08-24"}],"authorContributionMap":{"GenFusion122":24}},{"path":"src/main/java/Commands/UnmarkCommand.java","fileType":"java","lines":[{"lineNumber":1,"author":{"gitId":"GenFusion122"},"content":"package Commands;","lastModifiedDate":"2022-08-24"},{"lineNumber":2,"author":{"gitId":"GenFusion122"},"content":"import Models.Todo;","lastModifiedDate":"2022-08-24"},{"lineNumber":3,"author":{"gitId":"GenFusion122"},"content":"import Duck.TaskList;","lastModifiedDate":"2022-08-24"},{"lineNumber":4,"author":{"gitId":"GenFusion122"},"content":"import Duck.Storage;","lastModifiedDate":"2022-08-24"},{"lineNumber":5,"author":{"gitId":"GenFusion122"},"content":"import Duck.UI;","lastModifiedDate":"2022-08-24"},{"lineNumber":6,"author":{"gitId":"GenFusion122"},"content":"","lastModifiedDate":"2022-08-24"},{"lineNumber":7,"author":{"gitId":"GenFusion122"},"content":"public class UnmarkCommand extends Commands {","lastModifiedDate":"2022-08-24"},{"lineNumber":8,"author":{"gitId":"GenFusion122"},"content":"    private int index;","lastModifiedDate":"2022-08-24"},{"lineNumber":9,"author":{"gitId":"GenFusion122"},"content":"    public UnmarkCommand(int index){","lastModifiedDate":"2022-08-24"},{"lineNumber":10,"author":{"gitId":"GenFusion122"},"content":"        this.index \u003d index;","lastModifiedDate":"2022-08-24"},{"lineNumber":11,"author":{"gitId":"GenFusion122"},"content":"    }","lastModifiedDate":"2022-08-24"},{"lineNumber":12,"author":{"gitId":"GenFusion122"},"content":"","lastModifiedDate":"2022-08-24"},{"lineNumber":13,"author":{"gitId":"GenFusion122"},"content":"    @Override","lastModifiedDate":"2022-08-24"},{"lineNumber":14,"author":{"gitId":"GenFusion122"},"content":"    public void execute(TaskList\u003cTodo\u003e list, Storage storage) {","lastModifiedDate":"2022-08-24"},{"lineNumber":15,"author":{"gitId":"GenFusion122"},"content":"        Todo item \u003d list.get(index);","lastModifiedDate":"2022-08-24"},{"lineNumber":16,"author":{"gitId":"GenFusion122"},"content":"        item.unCompleteTask();","lastModifiedDate":"2022-08-24"},{"lineNumber":17,"author":{"gitId":"GenFusion122"},"content":"        UI.unmarkItemMessage(item);","lastModifiedDate":"2022-08-24"},{"lineNumber":18,"author":{"gitId":"GenFusion122"},"content":"    }","lastModifiedDate":"2022-08-24"},{"lineNumber":19,"author":{"gitId":"GenFusion122"},"content":"","lastModifiedDate":"2022-08-24"},{"lineNumber":20,"author":{"gitId":"GenFusion122"},"content":"    @Override","lastModifiedDate":"2022-08-24"},{"lineNumber":21,"author":{"gitId":"GenFusion122"},"content":"    public boolean isExit() {","lastModifiedDate":"2022-08-24"},{"lineNumber":22,"author":{"gitId":"GenFusion122"},"content":"        return false;","lastModifiedDate":"2022-08-24"},{"lineNumber":23,"author":{"gitId":"GenFusion122"},"content":"    }","lastModifiedDate":"2022-08-24"},{"lineNumber":24,"author":{"gitId":"GenFusion122"},"content":"}","lastModifiedDate":"2022-08-24"}],"authorContributionMap":{"GenFusion122":24}},{"path":"src/main/java/Duck/Duck.java","fileType":"java","lines":[{"lineNumber":1,"author":{"gitId":"GenFusion122"},"content":"package Duck;","lastModifiedDate":"2022-08-24"},{"lineNumber":2,"author":{"gitId":"GenFusion122"},"content":"import Models.Todo;","lastModifiedDate":"2022-08-24"},{"lineNumber":3,"author":{"gitId":"GenFusion122"},"content":"import Commands.Commands;","lastModifiedDate":"2022-08-24"},{"lineNumber":4,"author":{"gitId":"GenFusion122"},"content":"import java.io.*;","lastModifiedDate":"2022-08-22"},{"lineNumber":5,"author":{"gitId":"GenFusion122"},"content":"import java.nio.file.Path;","lastModifiedDate":"2022-08-22"},{"lineNumber":6,"author":{"gitId":"GenFusion122"},"content":"import java.text.ParseException;","lastModifiedDate":"2022-08-22"},{"lineNumber":7,"author":{"gitId":"GenFusion122"},"content":"import java.text.SimpleDateFormat;","lastModifiedDate":"2022-08-22"},{"lineNumber":8,"author":{"gitId":"GenFusion122"},"content":"import java.time.LocalDateTime;","lastModifiedDate":"2022-08-24"},{"lineNumber":9,"author":{"gitId":"GenFusion122"},"content":"import java.util.ArrayList;","lastModifiedDate":"2022-08-17"},{"lineNumber":10,"author":{"gitId":"GenFusion122"},"content":"import java.util.Scanner;","lastModifiedDate":"2022-08-17"},{"lineNumber":11,"author":{"gitId":"GenFusion122"},"content":"import java.util.Date;","lastModifiedDate":"2022-08-24"},{"lineNumber":12,"author":{"gitId":"GenFusion122"},"content":"","lastModifiedDate":"2022-08-17"},{"lineNumber":13,"author":{"gitId":"GenFusion122"},"content":"public class Duck {","lastModifiedDate":"2022-08-17"},{"lineNumber":14,"author":{"gitId":"GenFusion122"},"content":"    private Storage storage;","lastModifiedDate":"2022-08-24"},{"lineNumber":15,"author":{"gitId":"GenFusion122"},"content":"    private TaskList\u003cTodo\u003e list;","lastModifiedDate":"2022-08-24"},{"lineNumber":16,"author":{"gitId":"GenFusion122"},"content":"    /**","lastModifiedDate":"2022-08-18"},{"lineNumber":17,"author":{"gitId":"GenFusion122"},"content":"     * main function for running the Duck bot","lastModifiedDate":"2022-08-18"},{"lineNumber":18,"author":{"gitId":"GenFusion122"},"content":"     * Works by parsing through the user input and splitting it at first by whitespace","lastModifiedDate":"2022-08-18"},{"lineNumber":19,"author":{"gitId":"GenFusion122"},"content":"     * This allows the bot to read the command and go down the appropriate case","lastModifiedDate":"2022-08-18"},{"lineNumber":20,"author":{"gitId":"GenFusion122"},"content":"     * It also allows the program to keep track of the arguments the user gives","lastModifiedDate":"2022-08-18"},{"lineNumber":21,"author":{"gitId":"GenFusion122"},"content":"     * It also handles possible invalid inputs given by the user","lastModifiedDate":"2022-08-18"},{"lineNumber":22,"author":{"gitId":"GenFusion122"},"content":"     * **/","lastModifiedDate":"2022-08-18"},{"lineNumber":23,"author":{"gitId":"GenFusion122"},"content":"    public static void main(String[] args) {","lastModifiedDate":"2022-08-24"},{"lineNumber":24,"author":{"gitId":"GenFusion122"},"content":"        Duck d \u003d new Duck();","lastModifiedDate":"2022-08-24"},{"lineNumber":25,"author":{"gitId":"GenFusion122"},"content":"        d.run();","lastModifiedDate":"2022-08-24"},{"lineNumber":26,"author":{"gitId":"GenFusion122"},"content":"    }","lastModifiedDate":"2022-08-22"},{"lineNumber":27,"author":{"gitId":"GenFusion122"},"content":"","lastModifiedDate":"2022-08-22"},{"lineNumber":28,"author":{"gitId":"GenFusion122"},"content":"    public Duck() {","lastModifiedDate":"2022-08-24"},{"lineNumber":29,"author":{"gitId":"GenFusion122"},"content":"        try {","lastModifiedDate":"2022-08-24"},{"lineNumber":30,"author":{"gitId":"GenFusion122"},"content":"            this.storage \u003d new Storage(\"data\", \"duck.txt\");","lastModifiedDate":"2022-08-24"},{"lineNumber":31,"author":{"gitId":"GenFusion122"},"content":"            this.list \u003d new TaskList\u003cTodo\u003e(storage.readFromFile());","lastModifiedDate":"2022-08-24"},{"lineNumber":32,"author":{"gitId":"GenFusion122"},"content":"        }","lastModifiedDate":"2022-08-22"},{"lineNumber":33,"author":{"gitId":"GenFusion122"},"content":"        catch (IOException e) {","lastModifiedDate":"2022-08-24"},{"lineNumber":34,"author":{"gitId":"GenFusion122"},"content":"            System.out.println(\"Error! File not found!\");","lastModifiedDate":"2022-08-24"},{"lineNumber":35,"author":{"gitId":"GenFusion122"},"content":"        }","lastModifiedDate":"2022-08-22"},{"lineNumber":36,"author":{"gitId":"GenFusion122"},"content":"    }","lastModifiedDate":"2022-08-22"},{"lineNumber":37,"author":{"gitId":"GenFusion122"},"content":"    public void run() {","lastModifiedDate":"2022-08-24"},{"lineNumber":38,"author":{"gitId":"GenFusion122"},"content":"        UI.printWelcomeMessage();","lastModifiedDate":"2022-08-24"},{"lineNumber":39,"author":{"gitId":"GenFusion122"},"content":"        Scanner scanner \u003d new Scanner(System.in);","lastModifiedDate":"2022-08-17"},{"lineNumber":40,"author":{"gitId":"GenFusion122"},"content":"        String userInput \u003d \"\";","lastModifiedDate":"2022-08-24"},{"lineNumber":41,"author":{"gitId":"GenFusion122"},"content":"        boolean isExitCommand \u003d false;","lastModifiedDate":"2022-08-24"},{"lineNumber":42,"author":{"gitId":"GenFusion122"},"content":"        while (!isExitCommand) {","lastModifiedDate":"2022-08-24"},{"lineNumber":43,"author":{"gitId":"GenFusion122"},"content":"            userInput \u003d scanner.nextLine();","lastModifiedDate":"2022-08-24"},{"lineNumber":44,"author":{"gitId":"GenFusion122"},"content":"            Commands c \u003d Parser.parseText(userInput);","lastModifiedDate":"2022-08-24"},{"lineNumber":45,"author":{"gitId":"GenFusion122"},"content":"            try {","lastModifiedDate":"2022-08-22"},{"lineNumber":46,"author":{"gitId":"GenFusion122"},"content":"                c.execute(list, storage);","lastModifiedDate":"2022-08-24"},{"lineNumber":47,"author":{"gitId":"GenFusion122"},"content":"            } catch (IndexOutOfBoundsException e) {","lastModifiedDate":"2022-08-24"},{"lineNumber":48,"author":{"gitId":"GenFusion122"},"content":"                System.out.println(\"Items do not exist! Or List is empty!\");","lastModifiedDate":"2022-08-24"},{"lineNumber":49,"author":{"gitId":"GenFusion122"},"content":"            }","lastModifiedDate":"2022-08-22"},{"lineNumber":50,"author":{"gitId":"GenFusion122"},"content":"            isExitCommand \u003d c.isExit();","lastModifiedDate":"2022-08-24"},{"lineNumber":51,"author":{"gitId":"GenFusion122"},"content":"        }","lastModifiedDate":"2022-08-17"},{"lineNumber":52,"author":{"gitId":"GenFusion122"},"content":"        UI.printClosingMessage();","lastModifiedDate":"2022-08-24"},{"lineNumber":53,"author":{"gitId":"GenFusion122"},"content":"    }","lastModifiedDate":"2022-08-17"},{"lineNumber":54,"author":{"gitId":"GenFusion122"},"content":"","lastModifiedDate":"2022-08-22"},{"lineNumber":55,"author":{"gitId":"GenFusion122"},"content":"    public static String dateToStringConverter(Date date) {","lastModifiedDate":"2022-08-24"},{"lineNumber":56,"author":{"gitId":"GenFusion122"},"content":"        SimpleDateFormat dateFormatter \u003d new SimpleDateFormat(\"dd/MM/yyyy HHmm\");","lastModifiedDate":"2022-08-22"},{"lineNumber":57,"author":{"gitId":"GenFusion122"},"content":"        return dateFormatter.format(date);","lastModifiedDate":"2022-08-24"},{"lineNumber":58,"author":{"gitId":"GenFusion122"},"content":"    }","lastModifiedDate":"2022-08-17"},{"lineNumber":59,"author":{"gitId":"GenFusion122"},"content":"    public static Date dateStorageConverter(String date) throws ParseException {","lastModifiedDate":"2022-08-24"},{"lineNumber":60,"author":{"gitId":"GenFusion122"},"content":"        SimpleDateFormat dateFormatter \u003d new SimpleDateFormat(\"dd/MM/yyyy HHmm\");","lastModifiedDate":"2022-08-24"},{"lineNumber":61,"author":{"gitId":"GenFusion122"},"content":"        return dateFormatter.parse(date);","lastModifiedDate":"2022-08-24"},{"lineNumber":62,"author":{"gitId":"GenFusion122"},"content":"    }","lastModifiedDate":"2022-08-24"},{"lineNumber":63,"author":{"gitId":"GenFusion122"},"content":"","lastModifiedDate":"2022-08-22"},{"lineNumber":64,"author":{"gitId":"-"},"content":"}","lastModifiedDate":"2019-07-29"}],"authorContributionMap":{"GenFusion122":63,"-":1}},{"path":"src/main/java/Duck/Parser.java","fileType":"java","lines":[{"lineNumber":1,"author":{"gitId":"GenFusion122"},"content":"package Duck;","lastModifiedDate":"2022-08-24"},{"lineNumber":2,"author":{"gitId":"GenFusion122"},"content":"import Commands.Commands;","lastModifiedDate":"2022-08-24"},{"lineNumber":3,"author":{"gitId":"GenFusion122"},"content":"import Commands.ExitCommand;","lastModifiedDate":"2022-08-24"},{"lineNumber":4,"author":{"gitId":"GenFusion122"},"content":"import Commands.ListCommand;","lastModifiedDate":"2022-08-24"},{"lineNumber":5,"author":{"gitId":"GenFusion122"},"content":"import Commands.AddCommand;","lastModifiedDate":"2022-08-24"},{"lineNumber":6,"author":{"gitId":"GenFusion122"},"content":"import Commands.MarkCommand;","lastModifiedDate":"2022-08-24"},{"lineNumber":7,"author":{"gitId":"GenFusion122"},"content":"import Commands.UnmarkCommand;","lastModifiedDate":"2022-08-24"},{"lineNumber":8,"author":{"gitId":"GenFusion122"},"content":"import Commands.DeleteCommand;","lastModifiedDate":"2022-08-24"},{"lineNumber":9,"author":{"gitId":"GenFusion122"},"content":"import Commands.ErrorCommand;","lastModifiedDate":"2022-08-24"},{"lineNumber":10,"author":{"gitId":"GenFusion122"},"content":"import Models.Todo;","lastModifiedDate":"2022-08-24"},{"lineNumber":11,"author":{"gitId":"GenFusion122"},"content":"import Models.Event;","lastModifiedDate":"2022-08-24"},{"lineNumber":12,"author":{"gitId":"GenFusion122"},"content":"import Models.Deadline;","lastModifiedDate":"2022-08-24"},{"lineNumber":13,"author":{"gitId":"GenFusion122"},"content":"import Quackceptions.UnallowedCharacterException;","lastModifiedDate":"2022-08-24"},{"lineNumber":14,"author":{"gitId":"GenFusion122"},"content":"","lastModifiedDate":"2022-08-24"},{"lineNumber":15,"author":{"gitId":"GenFusion122"},"content":"import java.text.ParseException;","lastModifiedDate":"2022-08-24"},{"lineNumber":16,"author":{"gitId":"GenFusion122"},"content":"","lastModifiedDate":"2022-08-24"},{"lineNumber":17,"author":{"gitId":"GenFusion122"},"content":"","lastModifiedDate":"2022-08-24"},{"lineNumber":18,"author":{"gitId":"GenFusion122"},"content":"public class Parser {","lastModifiedDate":"2022-08-24"},{"lineNumber":19,"author":{"gitId":"GenFusion122"},"content":"","lastModifiedDate":"2022-08-24"},{"lineNumber":20,"author":{"gitId":"GenFusion122"},"content":"    public static Commands parseText(String input)  {","lastModifiedDate":"2022-08-24"},{"lineNumber":21,"author":{"gitId":"GenFusion122"},"content":"        try {","lastModifiedDate":"2022-08-24"},{"lineNumber":22,"author":{"gitId":"GenFusion122"},"content":"            if (input.contains(\";\")) throw new UnallowedCharacterException(\";\");","lastModifiedDate":"2022-08-24"},{"lineNumber":23,"author":{"gitId":"GenFusion122"},"content":"            else if (input.toUpperCase().equals(\"BYE\")) return new ExitCommand();","lastModifiedDate":"2022-08-24"},{"lineNumber":24,"author":{"gitId":"GenFusion122"},"content":"            else if (input.toUpperCase().equals(\"LIST\")) return new ListCommand();","lastModifiedDate":"2022-08-24"},{"lineNumber":25,"author":{"gitId":"GenFusion122"},"content":"            else {","lastModifiedDate":"2022-08-24"},{"lineNumber":26,"author":{"gitId":"GenFusion122"},"content":"                String[] arr \u003d input.split(\" \", 2);","lastModifiedDate":"2022-08-24"},{"lineNumber":27,"author":{"gitId":"GenFusion122"},"content":"                String command \u003d arr[0];","lastModifiedDate":"2022-08-24"},{"lineNumber":28,"author":{"gitId":"GenFusion122"},"content":"                String arguments \u003d arr[1];","lastModifiedDate":"2022-08-24"},{"lineNumber":29,"author":{"gitId":"GenFusion122"},"content":"                switch (command.toUpperCase()) {","lastModifiedDate":"2022-08-24"},{"lineNumber":30,"author":{"gitId":"GenFusion122"},"content":"                    case \"TODO\":","lastModifiedDate":"2022-08-24"},{"lineNumber":31,"author":{"gitId":"GenFusion122"},"content":"                        Todo newTodo \u003d new Todo(arguments, false);","lastModifiedDate":"2022-08-24"},{"lineNumber":32,"author":{"gitId":"GenFusion122"},"content":"                        return new AddCommand(newTodo);","lastModifiedDate":"2022-08-24"},{"lineNumber":33,"author":{"gitId":"GenFusion122"},"content":"                    case \"DEADLINE\":","lastModifiedDate":"2022-08-24"},{"lineNumber":34,"author":{"gitId":"GenFusion122"},"content":"                        String[] deadlineArgs \u003d arguments.split(\"/by\");","lastModifiedDate":"2022-08-24"},{"lineNumber":35,"author":{"gitId":"GenFusion122"},"content":"                        Deadline newDeadline \u003d new Deadline(deadlineArgs[0].trim(), false, Duck.dateStorageConverter(deadlineArgs[1].trim()));","lastModifiedDate":"2022-08-24"},{"lineNumber":36,"author":{"gitId":"GenFusion122"},"content":"                        return new AddCommand(newDeadline);","lastModifiedDate":"2022-08-24"},{"lineNumber":37,"author":{"gitId":"GenFusion122"},"content":"                    case \"EVENT\":","lastModifiedDate":"2022-08-24"},{"lineNumber":38,"author":{"gitId":"GenFusion122"},"content":"                        String[] eventArgs \u003d arguments.split(\"/at\");","lastModifiedDate":"2022-08-24"},{"lineNumber":39,"author":{"gitId":"GenFusion122"},"content":"                        Event newEvent \u003d new Event(eventArgs[0].trim(), false, Duck.dateStorageConverter(eventArgs[1].trim()));","lastModifiedDate":"2022-08-24"},{"lineNumber":40,"author":{"gitId":"GenFusion122"},"content":"                        return new AddCommand(newEvent);","lastModifiedDate":"2022-08-24"},{"lineNumber":41,"author":{"gitId":"GenFusion122"},"content":"                    case \"MARK\":","lastModifiedDate":"2022-08-24"},{"lineNumber":42,"author":{"gitId":"GenFusion122"},"content":"                        return new MarkCommand(Integer.parseInt(arguments) - 1);","lastModifiedDate":"2022-08-24"},{"lineNumber":43,"author":{"gitId":"GenFusion122"},"content":"                    case \"UNMARK\":","lastModifiedDate":"2022-08-24"},{"lineNumber":44,"author":{"gitId":"GenFusion122"},"content":"                        return new UnmarkCommand(Integer.parseInt(arguments) - 1);","lastModifiedDate":"2022-08-24"},{"lineNumber":45,"author":{"gitId":"GenFusion122"},"content":"                    case \"DELETE\":","lastModifiedDate":"2022-08-24"},{"lineNumber":46,"author":{"gitId":"GenFusion122"},"content":"                        return new DeleteCommand(Integer.parseInt(arguments) - 1);","lastModifiedDate":"2022-08-24"},{"lineNumber":47,"author":{"gitId":"GenFusion122"},"content":"                    default:","lastModifiedDate":"2022-08-24"},{"lineNumber":48,"author":{"gitId":"GenFusion122"},"content":"                        UI.unrecognizedCommandMessage();","lastModifiedDate":"2022-08-24"},{"lineNumber":49,"author":{"gitId":"GenFusion122"},"content":"                        break;","lastModifiedDate":"2022-08-24"},{"lineNumber":50,"author":{"gitId":"GenFusion122"},"content":"                }","lastModifiedDate":"2022-08-24"},{"lineNumber":51,"author":{"gitId":"GenFusion122"},"content":"            }","lastModifiedDate":"2022-08-24"},{"lineNumber":52,"author":{"gitId":"GenFusion122"},"content":"        } catch (ArrayIndexOutOfBoundsException a) {","lastModifiedDate":"2022-08-24"},{"lineNumber":53,"author":{"gitId":"GenFusion122"},"content":"            if (input.toUpperCase().contains(\"TODO\") ||","lastModifiedDate":"2022-08-24"},{"lineNumber":54,"author":{"gitId":"GenFusion122"},"content":"                    input.toUpperCase().contains(\"DEADLINE\") ||","lastModifiedDate":"2022-08-24"},{"lineNumber":55,"author":{"gitId":"GenFusion122"},"content":"                    input.toUpperCase().contains(\"EVENT\")) {","lastModifiedDate":"2022-08-24"},{"lineNumber":56,"author":{"gitId":"GenFusion122"},"content":"                System.out.println(\"Quack!!!!! \" + input.toUpperCase() + \" Arguments are missing!\");","lastModifiedDate":"2022-08-24"},{"lineNumber":57,"author":{"gitId":"GenFusion122"},"content":"            } else {","lastModifiedDate":"2022-08-24"},{"lineNumber":58,"author":{"gitId":"GenFusion122"},"content":"                System.out.println(\"Speak properly! Quack!\");","lastModifiedDate":"2022-08-24"},{"lineNumber":59,"author":{"gitId":"GenFusion122"},"content":"            }","lastModifiedDate":"2022-08-24"},{"lineNumber":60,"author":{"gitId":"GenFusion122"},"content":"        } catch (NumberFormatException n) {","lastModifiedDate":"2022-08-24"},{"lineNumber":61,"author":{"gitId":"GenFusion122"},"content":"            System.out.println(\"Invalid Arguments! Dummy!\");","lastModifiedDate":"2022-08-24"},{"lineNumber":62,"author":{"gitId":"GenFusion122"},"content":"        } catch (UnallowedCharacterException e) {","lastModifiedDate":"2022-08-24"},{"lineNumber":63,"author":{"gitId":"GenFusion122"},"content":"            System.out.println(\"Character: \" + e.getMessage() + \" is not allowed! Quack!!\");","lastModifiedDate":"2022-08-24"},{"lineNumber":64,"author":{"gitId":"GenFusion122"},"content":"        } catch (ParseException e) {","lastModifiedDate":"2022-08-24"},{"lineNumber":65,"author":{"gitId":"GenFusion122"},"content":"            System.out.println(\"Wrong date time format! Quack! (use: dd/MM/yyyy HHmm) \");","lastModifiedDate":"2022-08-24"},{"lineNumber":66,"author":{"gitId":"GenFusion122"},"content":"        }","lastModifiedDate":"2022-08-24"},{"lineNumber":67,"author":{"gitId":"GenFusion122"},"content":"        return new ErrorCommand();","lastModifiedDate":"2022-08-24"},{"lineNumber":68,"author":{"gitId":"GenFusion122"},"content":"    }","lastModifiedDate":"2022-08-24"},{"lineNumber":69,"author":{"gitId":"GenFusion122"},"content":"","lastModifiedDate":"2022-08-24"},{"lineNumber":70,"author":{"gitId":"GenFusion122"},"content":"}","lastModifiedDate":"2022-08-24"}],"authorContributionMap":{"GenFusion122":70}},{"path":"src/main/java/Duck/Storage.java","fileType":"java","lines":[{"lineNumber":1,"author":{"gitId":"GenFusion122"},"content":"package Duck;","lastModifiedDate":"2022-08-24"},{"lineNumber":2,"author":{"gitId":"GenFusion122"},"content":"import java.io.*;","lastModifiedDate":"2022-08-24"},{"lineNumber":3,"author":{"gitId":"GenFusion122"},"content":"import java.nio.file.Path;","lastModifiedDate":"2022-08-24"},{"lineNumber":4,"author":{"gitId":"GenFusion122"},"content":"import java.text.ParseException;","lastModifiedDate":"2022-08-24"},{"lineNumber":5,"author":{"gitId":"GenFusion122"},"content":"import java.util.ArrayList;","lastModifiedDate":"2022-08-24"},{"lineNumber":6,"author":{"gitId":"GenFusion122"},"content":"import java.util.List;","lastModifiedDate":"2022-08-24"},{"lineNumber":7,"author":{"gitId":"GenFusion122"},"content":"import Models.Deadline;","lastModifiedDate":"2022-08-24"},{"lineNumber":8,"author":{"gitId":"GenFusion122"},"content":"import Models.Event;","lastModifiedDate":"2022-08-24"},{"lineNumber":9,"author":{"gitId":"GenFusion122"},"content":"import Models.Todo;","lastModifiedDate":"2022-08-24"},{"lineNumber":10,"author":{"gitId":"GenFusion122"},"content":"","lastModifiedDate":"2022-08-24"},{"lineNumber":11,"author":{"gitId":"GenFusion122"},"content":"public class Storage {","lastModifiedDate":"2022-08-24"},{"lineNumber":12,"author":{"gitId":"GenFusion122"},"content":"    File duckTxt;","lastModifiedDate":"2022-08-24"},{"lineNumber":13,"author":{"gitId":"GenFusion122"},"content":"    public Storage(String path, String filename) throws IOException {","lastModifiedDate":"2022-08-24"},{"lineNumber":14,"author":{"gitId":"GenFusion122"},"content":"        java.nio.file.Path filePath \u003d java.nio.file.Paths.get(path);","lastModifiedDate":"2022-08-24"},{"lineNumber":15,"author":{"gitId":"GenFusion122"},"content":"        File duckTxt \u003d new File(String.valueOf(path), filename);","lastModifiedDate":"2022-08-24"},{"lineNumber":16,"author":{"gitId":"GenFusion122"},"content":"        if (!java.nio.file.Files.exists(Path.of(path + filename))) {","lastModifiedDate":"2022-08-24"},{"lineNumber":17,"author":{"gitId":"GenFusion122"},"content":"            duckTxt.getParentFile().mkdirs();","lastModifiedDate":"2022-08-24"},{"lineNumber":18,"author":{"gitId":"GenFusion122"},"content":"            duckTxt.createNewFile();","lastModifiedDate":"2022-08-24"},{"lineNumber":19,"author":{"gitId":"GenFusion122"},"content":"        }","lastModifiedDate":"2022-08-24"},{"lineNumber":20,"author":{"gitId":"GenFusion122"},"content":"        this.duckTxt \u003d duckTxt;","lastModifiedDate":"2022-08-24"},{"lineNumber":21,"author":{"gitId":"GenFusion122"},"content":"    }","lastModifiedDate":"2022-08-24"},{"lineNumber":22,"author":{"gitId":"GenFusion122"},"content":"    public List\u003cTodo\u003e readFromFile() {","lastModifiedDate":"2022-08-24"},{"lineNumber":23,"author":{"gitId":"GenFusion122"},"content":"        ArrayList\u003cTodo\u003e list \u003d new ArrayList\u003c\u003e();","lastModifiedDate":"2022-08-24"},{"lineNumber":24,"author":{"gitId":"GenFusion122"},"content":"        try (BufferedReader reader \u003d new BufferedReader(new FileReader(duckTxt))) {","lastModifiedDate":"2022-08-24"},{"lineNumber":25,"author":{"gitId":"GenFusion122"},"content":"            String line;","lastModifiedDate":"2022-08-24"},{"lineNumber":26,"author":{"gitId":"GenFusion122"},"content":"            String[] readerArray;","lastModifiedDate":"2022-08-24"},{"lineNumber":27,"author":{"gitId":"GenFusion122"},"content":"            while ((line \u003d reader.readLine()) !\u003d null) {","lastModifiedDate":"2022-08-24"},{"lineNumber":28,"author":{"gitId":"GenFusion122"},"content":"                readerArray \u003d line.split(\";\");","lastModifiedDate":"2022-08-24"},{"lineNumber":29,"author":{"gitId":"GenFusion122"},"content":"                switch (readerArray[0]) {","lastModifiedDate":"2022-08-24"},{"lineNumber":30,"author":{"gitId":"GenFusion122"},"content":"                case (\"T\"):","lastModifiedDate":"2022-08-24"},{"lineNumber":31,"author":{"gitId":"GenFusion122"},"content":"                    list.add(new Todo(readerArray[1], readerArray[2].equals(\"1\")));","lastModifiedDate":"2022-08-24"},{"lineNumber":32,"author":{"gitId":"GenFusion122"},"content":"                    break;","lastModifiedDate":"2022-08-24"},{"lineNumber":33,"author":{"gitId":"GenFusion122"},"content":"                case (\"D\"):","lastModifiedDate":"2022-08-24"},{"lineNumber":34,"author":{"gitId":"GenFusion122"},"content":"                    list.add(new Deadline(readerArray[1], readerArray[3].equals(\"1\"), Duck.dateStorageConverter(readerArray[2])));","lastModifiedDate":"2022-08-24"},{"lineNumber":35,"author":{"gitId":"GenFusion122"},"content":"                    break;","lastModifiedDate":"2022-08-24"},{"lineNumber":36,"author":{"gitId":"GenFusion122"},"content":"                case (\"E\"):","lastModifiedDate":"2022-08-24"},{"lineNumber":37,"author":{"gitId":"GenFusion122"},"content":"                    list.add(new Event(readerArray[1], readerArray[3].equals(\"1\"), Duck.dateStorageConverter(readerArray[2])));","lastModifiedDate":"2022-08-24"},{"lineNumber":38,"author":{"gitId":"GenFusion122"},"content":"                    break;","lastModifiedDate":"2022-08-24"},{"lineNumber":39,"author":{"gitId":"GenFusion122"},"content":"                }","lastModifiedDate":"2022-08-24"},{"lineNumber":40,"author":{"gitId":"GenFusion122"},"content":"            }","lastModifiedDate":"2022-08-24"},{"lineNumber":41,"author":{"gitId":"GenFusion122"},"content":"            return list;","lastModifiedDate":"2022-08-24"},{"lineNumber":42,"author":{"gitId":"GenFusion122"},"content":"        } catch (ParseException e) {","lastModifiedDate":"2022-08-24"},{"lineNumber":43,"author":{"gitId":"GenFusion122"},"content":"            System.out.println(\"uh oh something went wrong in reading the file, try deleting it\");","lastModifiedDate":"2022-08-24"},{"lineNumber":44,"author":{"gitId":"GenFusion122"},"content":"        } catch (IOException e) {","lastModifiedDate":"2022-08-24"},{"lineNumber":45,"author":{"gitId":"GenFusion122"},"content":"            e.printStackTrace();","lastModifiedDate":"2022-08-24"},{"lineNumber":46,"author":{"gitId":"GenFusion122"},"content":"        }","lastModifiedDate":"2022-08-24"},{"lineNumber":47,"author":{"gitId":"GenFusion122"},"content":"        return null;","lastModifiedDate":"2022-08-24"},{"lineNumber":48,"author":{"gitId":"GenFusion122"},"content":"    }","lastModifiedDate":"2022-08-24"},{"lineNumber":49,"author":{"gitId":"GenFusion122"},"content":"    public void writeListToFile(TaskList\u003cTodo\u003e list){","lastModifiedDate":"2022-08-24"},{"lineNumber":50,"author":{"gitId":"GenFusion122"},"content":"        try {","lastModifiedDate":"2022-08-24"},{"lineNumber":51,"author":{"gitId":"GenFusion122"},"content":"            FileWriter writer \u003d new FileWriter(this.duckTxt, false);","lastModifiedDate":"2022-08-24"},{"lineNumber":52,"author":{"gitId":"GenFusion122"},"content":"            for(int i \u003d 0; i \u003c list.size(); i++){","lastModifiedDate":"2022-08-24"},{"lineNumber":53,"author":{"gitId":"GenFusion122"},"content":"                list.get(i).writeToFile(writer);","lastModifiedDate":"2022-08-24"},{"lineNumber":54,"author":{"gitId":"GenFusion122"},"content":"            }","lastModifiedDate":"2022-08-24"},{"lineNumber":55,"author":{"gitId":"GenFusion122"},"content":"            writer.close();","lastModifiedDate":"2022-08-24"},{"lineNumber":56,"author":{"gitId":"GenFusion122"},"content":"        }","lastModifiedDate":"2022-08-24"},{"lineNumber":57,"author":{"gitId":"GenFusion122"},"content":"        catch (ParseException e) {","lastModifiedDate":"2022-08-24"},{"lineNumber":58,"author":{"gitId":"GenFusion122"},"content":"            System.out.println(\"Parse Exception at WriteListToFile!\");","lastModifiedDate":"2022-08-24"},{"lineNumber":59,"author":{"gitId":"GenFusion122"},"content":"        }","lastModifiedDate":"2022-08-24"},{"lineNumber":60,"author":{"gitId":"GenFusion122"},"content":"        catch (IOException e) {","lastModifiedDate":"2022-08-24"},{"lineNumber":61,"author":{"gitId":"GenFusion122"},"content":"            System.out.println(\"IOException at WriteListToFile!\");","lastModifiedDate":"2022-08-24"},{"lineNumber":62,"author":{"gitId":"GenFusion122"},"content":"        }","lastModifiedDate":"2022-08-24"},{"lineNumber":63,"author":{"gitId":"GenFusion122"},"content":"","lastModifiedDate":"2022-08-24"},{"lineNumber":64,"author":{"gitId":"GenFusion122"},"content":"    }","lastModifiedDate":"2022-08-24"},{"lineNumber":65,"author":{"gitId":"GenFusion122"},"content":"","lastModifiedDate":"2022-08-24"},{"lineNumber":66,"author":{"gitId":"GenFusion122"},"content":"","lastModifiedDate":"2022-08-24"},{"lineNumber":67,"author":{"gitId":"GenFusion122"},"content":"}","lastModifiedDate":"2022-08-24"}],"authorContributionMap":{"GenFusion122":67}},{"path":"src/main/java/Duck/TaskList.java","fileType":"java","lines":[{"lineNumber":1,"author":{"gitId":"GenFusion122"},"content":"package Duck;","lastModifiedDate":"2022-08-24"},{"lineNumber":2,"author":{"gitId":"GenFusion122"},"content":"import java.util.List;","lastModifiedDate":"2022-08-24"},{"lineNumber":3,"author":{"gitId":"GenFusion122"},"content":"","lastModifiedDate":"2022-08-24"},{"lineNumber":4,"author":{"gitId":"GenFusion122"},"content":"public class TaskList\u003cT\u003e {","lastModifiedDate":"2022-08-24"},{"lineNumber":5,"author":{"gitId":"GenFusion122"},"content":"    private List\u003cT\u003e list;","lastModifiedDate":"2022-08-24"},{"lineNumber":6,"author":{"gitId":"GenFusion122"},"content":"","lastModifiedDate":"2022-08-24"},{"lineNumber":7,"author":{"gitId":"GenFusion122"},"content":"    public TaskList(List\u003cT\u003e list){","lastModifiedDate":"2022-08-24"},{"lineNumber":8,"author":{"gitId":"GenFusion122"},"content":"        this.list \u003d list;","lastModifiedDate":"2022-08-24"},{"lineNumber":9,"author":{"gitId":"GenFusion122"},"content":"    }","lastModifiedDate":"2022-08-24"},{"lineNumber":10,"author":{"gitId":"GenFusion122"},"content":"","lastModifiedDate":"2022-08-24"},{"lineNumber":11,"author":{"gitId":"GenFusion122"},"content":"","lastModifiedDate":"2022-08-24"},{"lineNumber":12,"author":{"gitId":"GenFusion122"},"content":"    public void addToList(T item) {","lastModifiedDate":"2022-08-24"},{"lineNumber":13,"author":{"gitId":"GenFusion122"},"content":"        list.add(item);","lastModifiedDate":"2022-08-24"},{"lineNumber":14,"author":{"gitId":"GenFusion122"},"content":"    }","lastModifiedDate":"2022-08-24"},{"lineNumber":15,"author":{"gitId":"GenFusion122"},"content":"    public T removeFromList(int index) {","lastModifiedDate":"2022-08-24"},{"lineNumber":16,"author":{"gitId":"GenFusion122"},"content":"        return list.remove(index);","lastModifiedDate":"2022-08-24"},{"lineNumber":17,"author":{"gitId":"GenFusion122"},"content":"    }","lastModifiedDate":"2022-08-24"},{"lineNumber":18,"author":{"gitId":"GenFusion122"},"content":"    public T get(int index) {","lastModifiedDate":"2022-08-24"},{"lineNumber":19,"author":{"gitId":"GenFusion122"},"content":"        return list.get(index);","lastModifiedDate":"2022-08-24"},{"lineNumber":20,"author":{"gitId":"GenFusion122"},"content":"    }","lastModifiedDate":"2022-08-24"},{"lineNumber":21,"author":{"gitId":"GenFusion122"},"content":"    public int size() {","lastModifiedDate":"2022-08-24"},{"lineNumber":22,"author":{"gitId":"GenFusion122"},"content":"        return list.size();","lastModifiedDate":"2022-08-24"},{"lineNumber":23,"author":{"gitId":"GenFusion122"},"content":"    }","lastModifiedDate":"2022-08-24"},{"lineNumber":24,"author":{"gitId":"GenFusion122"},"content":"    public void printList() throws IndexOutOfBoundsException {","lastModifiedDate":"2022-08-24"},{"lineNumber":25,"author":{"gitId":"GenFusion122"},"content":"        if (list.size() \u003d\u003d 0) {","lastModifiedDate":"2022-08-24"},{"lineNumber":26,"author":{"gitId":"GenFusion122"},"content":"            throw new IndexOutOfBoundsException();","lastModifiedDate":"2022-08-24"},{"lineNumber":27,"author":{"gitId":"GenFusion122"},"content":"        }","lastModifiedDate":"2022-08-24"},{"lineNumber":28,"author":{"gitId":"GenFusion122"},"content":"        for (int i \u003d 0; i \u003c list.size(); i++) {","lastModifiedDate":"2022-08-24"},{"lineNumber":29,"author":{"gitId":"GenFusion122"},"content":"            System.out.println(i + 1 + \". \" + list.get(i));","lastModifiedDate":"2022-08-24"},{"lineNumber":30,"author":{"gitId":"GenFusion122"},"content":"        }","lastModifiedDate":"2022-08-24"},{"lineNumber":31,"author":{"gitId":"GenFusion122"},"content":"    }","lastModifiedDate":"2022-08-24"},{"lineNumber":32,"author":{"gitId":"GenFusion122"},"content":"","lastModifiedDate":"2022-08-24"},{"lineNumber":33,"author":{"gitId":"GenFusion122"},"content":"}","lastModifiedDate":"2022-08-24"}],"authorContributionMap":{"GenFusion122":33}},{"path":"src/main/java/Duck/UI.java","fileType":"java","lines":[{"lineNumber":1,"author":{"gitId":"GenFusion122"},"content":"package Duck;","lastModifiedDate":"2022-08-24"},{"lineNumber":2,"author":{"gitId":"GenFusion122"},"content":"import Models.Todo;","lastModifiedDate":"2022-08-24"},{"lineNumber":3,"author":{"gitId":"GenFusion122"},"content":"","lastModifiedDate":"2022-08-24"},{"lineNumber":4,"author":{"gitId":"GenFusion122"},"content":"","lastModifiedDate":"2022-08-24"},{"lineNumber":5,"author":{"gitId":"GenFusion122"},"content":"public class UI {","lastModifiedDate":"2022-08-24"},{"lineNumber":6,"author":{"gitId":"GenFusion122"},"content":"    public static void printWelcomeMessage() {","lastModifiedDate":"2022-08-24"},{"lineNumber":7,"author":{"gitId":"GenFusion122"},"content":"        System.out.println(\"Hello! Got any grapes?\");","lastModifiedDate":"2022-08-24"},{"lineNumber":8,"author":{"gitId":"GenFusion122"},"content":"    }","lastModifiedDate":"2022-08-24"},{"lineNumber":9,"author":{"gitId":"GenFusion122"},"content":"    public static void addNewItemMessage(Todo item) {","lastModifiedDate":"2022-08-24"},{"lineNumber":10,"author":{"gitId":"GenFusion122"},"content":"        System.out.println(\"Quack! Added new item: \" + item);","lastModifiedDate":"2022-08-24"},{"lineNumber":11,"author":{"gitId":"GenFusion122"},"content":"    }","lastModifiedDate":"2022-08-24"},{"lineNumber":12,"author":{"gitId":"GenFusion122"},"content":"    public static void markItemMessage(Todo item) {","lastModifiedDate":"2022-08-24"},{"lineNumber":13,"author":{"gitId":"GenFusion122"},"content":"        System.out.println(\"Quack, marked! \" + item);","lastModifiedDate":"2022-08-24"},{"lineNumber":14,"author":{"gitId":"GenFusion122"},"content":"    }","lastModifiedDate":"2022-08-24"},{"lineNumber":15,"author":{"gitId":"GenFusion122"},"content":"    public static void unmarkItemMessage(Todo item) {","lastModifiedDate":"2022-08-24"},{"lineNumber":16,"author":{"gitId":"GenFusion122"},"content":"        System.out.println(\"Quack, unmarked! \" + item);","lastModifiedDate":"2022-08-24"},{"lineNumber":17,"author":{"gitId":"GenFusion122"},"content":"    }","lastModifiedDate":"2022-08-24"},{"lineNumber":18,"author":{"gitId":"GenFusion122"},"content":"    public static void deleteItemMessage(Todo item) {","lastModifiedDate":"2022-08-24"},{"lineNumber":19,"author":{"gitId":"GenFusion122"},"content":"        System.out.println(\"Quack, deleted! \" + item);","lastModifiedDate":"2022-08-24"},{"lineNumber":20,"author":{"gitId":"GenFusion122"},"content":"    }","lastModifiedDate":"2022-08-24"},{"lineNumber":21,"author":{"gitId":"GenFusion122"},"content":"    public static void unrecognizedCommandMessage() {","lastModifiedDate":"2022-08-24"},{"lineNumber":22,"author":{"gitId":"GenFusion122"},"content":"        System.out.println(\"Quack!?! What does that even mean!?!?!\");","lastModifiedDate":"2022-08-24"},{"lineNumber":23,"author":{"gitId":"GenFusion122"},"content":"    }","lastModifiedDate":"2022-08-24"},{"lineNumber":24,"author":{"gitId":"GenFusion122"},"content":"    public static void printClosingMessage() {","lastModifiedDate":"2022-08-24"},{"lineNumber":25,"author":{"gitId":"GenFusion122"},"content":"        System.out.println(\"Quackbye!\");","lastModifiedDate":"2022-08-24"},{"lineNumber":26,"author":{"gitId":"GenFusion122"},"content":"    }","lastModifiedDate":"2022-08-24"},{"lineNumber":27,"author":{"gitId":"GenFusion122"},"content":"","lastModifiedDate":"2022-08-24"},{"lineNumber":28,"author":{"gitId":"GenFusion122"},"content":"}","lastModifiedDate":"2022-08-24"}],"authorContributionMap":{"GenFusion122":28}},{"path":"src/main/java/Models/Deadline.java","fileType":"java","lines":[{"lineNumber":1,"author":{"gitId":"GenFusion122"},"content":"package Models;","lastModifiedDate":"2022-08-24"},{"lineNumber":2,"author":{"gitId":"GenFusion122"},"content":"import java.io.IOException;","lastModifiedDate":"2022-08-22"},{"lineNumber":3,"author":{"gitId":"GenFusion122"},"content":"import java.text.ParseException;","lastModifiedDate":"2022-08-24"},{"lineNumber":4,"author":{"gitId":"GenFusion122"},"content":"import java.text.SimpleDateFormat;","lastModifiedDate":"2022-08-22"},{"lineNumber":5,"author":{"gitId":"GenFusion122"},"content":"import java.util.Date;","lastModifiedDate":"2022-08-22"},{"lineNumber":6,"author":{"gitId":"GenFusion122"},"content":"import java.io.FileWriter;","lastModifiedDate":"2022-08-24"},{"lineNumber":7,"author":{"gitId":"GenFusion122"},"content":"import Duck.Duck;","lastModifiedDate":"2022-08-24"},{"lineNumber":8,"author":{"gitId":"GenFusion122"},"content":"","lastModifiedDate":"2022-08-22"},{"lineNumber":9,"author":{"gitId":"GenFusion122"},"content":"public class Deadline extends Todo{","lastModifiedDate":"2022-08-17"},{"lineNumber":10,"author":{"gitId":"GenFusion122"},"content":"    private Date date;","lastModifiedDate":"2022-08-22"},{"lineNumber":11,"author":{"gitId":"GenFusion122"},"content":"    public Deadline(String title, boolean completed, Date date) {","lastModifiedDate":"2022-08-24"},{"lineNumber":12,"author":{"gitId":"GenFusion122"},"content":"        super(title, completed);","lastModifiedDate":"2022-08-22"},{"lineNumber":13,"author":{"gitId":"GenFusion122"},"content":"        this.date \u003d date;","lastModifiedDate":"2022-08-17"},{"lineNumber":14,"author":{"gitId":"GenFusion122"},"content":"    }","lastModifiedDate":"2022-08-17"},{"lineNumber":15,"author":{"gitId":"GenFusion122"},"content":"","lastModifiedDate":"2022-08-22"},{"lineNumber":16,"author":{"gitId":"GenFusion122"},"content":"    @Override","lastModifiedDate":"2022-08-22"},{"lineNumber":17,"author":{"gitId":"GenFusion122"},"content":"    public void writeToFile(FileWriter writer) throws IOException, ParseException {","lastModifiedDate":"2022-08-24"},{"lineNumber":18,"author":{"gitId":"GenFusion122"},"content":"        writer.write(String.format(\"D;%s;%s;%d\\n\", this.title, Duck.dateToStringConverter(this.date), this.completed ? 1 : 0));","lastModifiedDate":"2022-08-24"},{"lineNumber":19,"author":{"gitId":"GenFusion122"},"content":"    }","lastModifiedDate":"2022-08-22"},{"lineNumber":20,"author":{"gitId":"GenFusion122"},"content":"    public String toString() {","lastModifiedDate":"2022-08-17"},{"lineNumber":21,"author":{"gitId":"GenFusion122"},"content":"        return String.format(\"%s (by: %s)\", super.toString().replace(\"[T]\", \"[D]\"),","lastModifiedDate":"2022-08-22"},{"lineNumber":22,"author":{"gitId":"GenFusion122"},"content":"                new SimpleDateFormat(\"MMM dd yyyy HH:mm\").format(this.date));","lastModifiedDate":"2022-08-22"},{"lineNumber":23,"author":{"gitId":"GenFusion122"},"content":"    }","lastModifiedDate":"2022-08-17"},{"lineNumber":24,"author":{"gitId":"GenFusion122"},"content":"}","lastModifiedDate":"2022-08-17"}],"authorContributionMap":{"GenFusion122":24}},{"path":"src/main/java/Models/Event.java","fileType":"java","lines":[{"lineNumber":1,"author":{"gitId":"GenFusion122"},"content":"package Models;","lastModifiedDate":"2022-08-24"},{"lineNumber":2,"author":{"gitId":"GenFusion122"},"content":"import java.io.FileWriter;","lastModifiedDate":"2022-08-22"},{"lineNumber":3,"author":{"gitId":"GenFusion122"},"content":"import java.io.IOException;","lastModifiedDate":"2022-08-22"},{"lineNumber":4,"author":{"gitId":"GenFusion122"},"content":"import java.text.ParseException;","lastModifiedDate":"2022-08-24"},{"lineNumber":5,"author":{"gitId":"GenFusion122"},"content":"import java.text.SimpleDateFormat;","lastModifiedDate":"2022-08-22"},{"lineNumber":6,"author":{"gitId":"GenFusion122"},"content":"import java.util.Date;","lastModifiedDate":"2022-08-22"},{"lineNumber":7,"author":{"gitId":"GenFusion122"},"content":"import Duck.Duck;","lastModifiedDate":"2022-08-24"},{"lineNumber":8,"author":{"gitId":"GenFusion122"},"content":"","lastModifiedDate":"2022-08-22"},{"lineNumber":9,"author":{"gitId":"GenFusion122"},"content":"public class Event extends Todo{","lastModifiedDate":"2022-08-17"},{"lineNumber":10,"author":{"gitId":"GenFusion122"},"content":"    private Date date;","lastModifiedDate":"2022-08-22"},{"lineNumber":11,"author":{"gitId":"GenFusion122"},"content":"    public Event(String title, boolean completed, Date date) {","lastModifiedDate":"2022-08-24"},{"lineNumber":12,"author":{"gitId":"GenFusion122"},"content":"        super(title, completed);","lastModifiedDate":"2022-08-22"},{"lineNumber":13,"author":{"gitId":"GenFusion122"},"content":"        this.date \u003d date;","lastModifiedDate":"2022-08-17"},{"lineNumber":14,"author":{"gitId":"GenFusion122"},"content":"    }","lastModifiedDate":"2022-08-17"},{"lineNumber":15,"author":{"gitId":"GenFusion122"},"content":"    @Override","lastModifiedDate":"2022-08-22"},{"lineNumber":16,"author":{"gitId":"GenFusion122"},"content":"    public void writeToFile(FileWriter writer) throws IOException, ParseException {","lastModifiedDate":"2022-08-24"},{"lineNumber":17,"author":{"gitId":"GenFusion122"},"content":"        writer.write(String.format(\"E;%s;%s;%d\\n\", this.title, Duck.dateToStringConverter(this.date), this.completed ? 1 : 0));","lastModifiedDate":"2022-08-24"},{"lineNumber":18,"author":{"gitId":"GenFusion122"},"content":"    }","lastModifiedDate":"2022-08-22"},{"lineNumber":19,"author":{"gitId":"GenFusion122"},"content":"","lastModifiedDate":"2022-08-22"},{"lineNumber":20,"author":{"gitId":"GenFusion122"},"content":"    public String toString() {","lastModifiedDate":"2022-08-17"},{"lineNumber":21,"author":{"gitId":"GenFusion122"},"content":"        return String.format(\"%s (at: %s)\", super.toString().replace(\"[T]\", \"[E]\"),","lastModifiedDate":"2022-08-22"},{"lineNumber":22,"author":{"gitId":"GenFusion122"},"content":"                new SimpleDateFormat(\"MMM dd yyyy HH:mm\").format(this.date));","lastModifiedDate":"2022-08-22"},{"lineNumber":23,"author":{"gitId":"GenFusion122"},"content":"    }","lastModifiedDate":"2022-08-17"},{"lineNumber":24,"author":{"gitId":"GenFusion122"},"content":"","lastModifiedDate":"2022-08-22"},{"lineNumber":25,"author":{"gitId":"GenFusion122"},"content":"}","lastModifiedDate":"2022-08-17"}],"authorContributionMap":{"GenFusion122":25}},{"path":"src/main/java/Models/Todo.java","fileType":"java","lines":[{"lineNumber":1,"author":{"gitId":"GenFusion122"},"content":"package Models;","lastModifiedDate":"2022-08-24"},{"lineNumber":2,"author":{"gitId":"GenFusion122"},"content":"import java.io.BufferedWriter;","lastModifiedDate":"2022-08-22"},{"lineNumber":3,"author":{"gitId":"GenFusion122"},"content":"import java.io.FileWriter;","lastModifiedDate":"2022-08-22"},{"lineNumber":4,"author":{"gitId":"GenFusion122"},"content":"import java.io.IOException;","lastModifiedDate":"2022-08-22"},{"lineNumber":5,"author":{"gitId":"GenFusion122"},"content":"import java.text.ParseException;","lastModifiedDate":"2022-08-24"},{"lineNumber":6,"author":{"gitId":"GenFusion122"},"content":"","lastModifiedDate":"2022-08-22"},{"lineNumber":7,"author":{"gitId":"GenFusion122"},"content":"public class Todo {","lastModifiedDate":"2022-08-17"},{"lineNumber":8,"author":{"gitId":"GenFusion122"},"content":"","lastModifiedDate":"2022-08-18"},{"lineNumber":9,"author":{"gitId":"GenFusion122"},"content":"    protected final String title;","lastModifiedDate":"2022-08-22"},{"lineNumber":10,"author":{"gitId":"GenFusion122"},"content":"    protected boolean completed;","lastModifiedDate":"2022-08-22"},{"lineNumber":11,"author":{"gitId":"GenFusion122"},"content":"","lastModifiedDate":"2022-08-17"},{"lineNumber":12,"author":{"gitId":"GenFusion122"},"content":"    public Todo(String title, boolean completed) {","lastModifiedDate":"2022-08-22"},{"lineNumber":13,"author":{"gitId":"GenFusion122"},"content":"        this.title \u003d title;","lastModifiedDate":"2022-08-17"},{"lineNumber":14,"author":{"gitId":"GenFusion122"},"content":"        this.completed \u003d completed;","lastModifiedDate":"2022-08-22"},{"lineNumber":15,"author":{"gitId":"GenFusion122"},"content":"    }","lastModifiedDate":"2022-08-17"},{"lineNumber":16,"author":{"gitId":"GenFusion122"},"content":"    /**","lastModifiedDate":"2022-08-18"},{"lineNumber":17,"author":{"gitId":"GenFusion122"},"content":"     * @return String where string is the objects title","lastModifiedDate":"2022-08-18"},{"lineNumber":18,"author":{"gitId":"GenFusion122"},"content":"     **/","lastModifiedDate":"2022-08-18"},{"lineNumber":19,"author":{"gitId":"GenFusion122"},"content":"    public String getTitle() {","lastModifiedDate":"2022-08-17"},{"lineNumber":20,"author":{"gitId":"GenFusion122"},"content":"        return title;","lastModifiedDate":"2022-08-17"},{"lineNumber":21,"author":{"gitId":"GenFusion122"},"content":"    }","lastModifiedDate":"2022-08-17"},{"lineNumber":22,"author":{"gitId":"GenFusion122"},"content":"    /**","lastModifiedDate":"2022-08-18"},{"lineNumber":23,"author":{"gitId":"GenFusion122"},"content":"     * @return boolean where boolean is the object\u0027s completion status","lastModifiedDate":"2022-08-18"},{"lineNumber":24,"author":{"gitId":"GenFusion122"},"content":"     **/","lastModifiedDate":"2022-08-18"},{"lineNumber":25,"author":{"gitId":"GenFusion122"},"content":"    public boolean isCompleted() {","lastModifiedDate":"2022-08-17"},{"lineNumber":26,"author":{"gitId":"GenFusion122"},"content":"        return completed;","lastModifiedDate":"2022-08-17"},{"lineNumber":27,"author":{"gitId":"GenFusion122"},"content":"    }","lastModifiedDate":"2022-08-17"},{"lineNumber":28,"author":{"gitId":"GenFusion122"},"content":"    /**","lastModifiedDate":"2022-08-18"},{"lineNumber":29,"author":{"gitId":"GenFusion122"},"content":"     * sets the object to completed","lastModifiedDate":"2022-08-18"},{"lineNumber":30,"author":{"gitId":"GenFusion122"},"content":"     **/","lastModifiedDate":"2022-08-18"},{"lineNumber":31,"author":{"gitId":"GenFusion122"},"content":"    public void completeTask() {","lastModifiedDate":"2022-08-17"},{"lineNumber":32,"author":{"gitId":"GenFusion122"},"content":"        this.completed \u003d true;","lastModifiedDate":"2022-08-17"},{"lineNumber":33,"author":{"gitId":"GenFusion122"},"content":"    }","lastModifiedDate":"2022-08-17"},{"lineNumber":34,"author":{"gitId":"GenFusion122"},"content":"    /**","lastModifiedDate":"2022-08-18"},{"lineNumber":35,"author":{"gitId":"GenFusion122"},"content":"     * sets the object to uncompleted","lastModifiedDate":"2022-08-18"},{"lineNumber":36,"author":{"gitId":"GenFusion122"},"content":"     **/","lastModifiedDate":"2022-08-18"},{"lineNumber":37,"author":{"gitId":"GenFusion122"},"content":"    public void unCompleteTask() {","lastModifiedDate":"2022-08-17"},{"lineNumber":38,"author":{"gitId":"GenFusion122"},"content":"        this.completed \u003d false;","lastModifiedDate":"2022-08-17"},{"lineNumber":39,"author":{"gitId":"GenFusion122"},"content":"    }","lastModifiedDate":"2022-08-17"},{"lineNumber":40,"author":{"gitId":"GenFusion122"},"content":"","lastModifiedDate":"2022-08-22"},{"lineNumber":41,"author":{"gitId":"GenFusion122"},"content":"    public void writeToFile(FileWriter writer) throws IOException, ParseException {","lastModifiedDate":"2022-08-24"},{"lineNumber":42,"author":{"gitId":"GenFusion122"},"content":"        writer.write(String.format(\"T;%s;%d\\n\", this.title, this.completed ? 1 : 0));","lastModifiedDate":"2022-08-22"},{"lineNumber":43,"author":{"gitId":"GenFusion122"},"content":"    }","lastModifiedDate":"2022-08-22"},{"lineNumber":44,"author":{"gitId":"GenFusion122"},"content":"    public String toString() {","lastModifiedDate":"2022-08-17"},{"lineNumber":45,"author":{"gitId":"GenFusion122"},"content":"        String s \u003d completed ? \"[X]\" : \"[ ]\";","lastModifiedDate":"2022-08-17"},{"lineNumber":46,"author":{"gitId":"GenFusion122"},"content":"        return String.format(\"[T] %s %s\",s , this.title);","lastModifiedDate":"2022-08-17"},{"lineNumber":47,"author":{"gitId":"GenFusion122"},"content":"    }","lastModifiedDate":"2022-08-17"},{"lineNumber":48,"author":{"gitId":"GenFusion122"},"content":"}","lastModifiedDate":"2022-08-17"}],"authorContributionMap":{"GenFusion122":48}},{"path":"src/main/java/Quackceptions/UnallowedCharacterException.java","fileType":"java","lines":[{"lineNumber":1,"author":{"gitId":"GenFusion122"},"content":"package Quackceptions;","lastModifiedDate":"2022-08-24"},{"lineNumber":2,"author":{"gitId":"GenFusion122"},"content":"public class UnallowedCharacterException extends Exception{","lastModifiedDate":"2022-08-22"},{"lineNumber":3,"author":{"gitId":"GenFusion122"},"content":"    public UnallowedCharacterException(String message) {","lastModifiedDate":"2022-08-22"},{"lineNumber":4,"author":{"gitId":"GenFusion122"},"content":"        super(message);","lastModifiedDate":"2022-08-22"},{"lineNumber":5,"author":{"gitId":"GenFusion122"},"content":"    }","lastModifiedDate":"2022-08-22"},{"lineNumber":6,"author":{"gitId":"GenFusion122"},"content":"}","lastModifiedDate":"2022-08-22"}],"authorContributionMap":{"GenFusion122":6}},{"path":"src/test/java/Commands/AddCommandTest.java","fileType":"java","lines":[{"lineNumber":1,"author":{"gitId":"GenFusion122"},"content":"package Commands;","lastModifiedDate":"2022-08-24"},{"lineNumber":2,"author":{"gitId":"GenFusion122"},"content":"import Duck.Storage;","lastModifiedDate":"2022-08-24"},{"lineNumber":3,"author":{"gitId":"GenFusion122"},"content":"import Duck.TaskList;","lastModifiedDate":"2022-08-24"},{"lineNumber":4,"author":{"gitId":"GenFusion122"},"content":"import Models.Todo;","lastModifiedDate":"2022-08-24"},{"lineNumber":5,"author":{"gitId":"GenFusion122"},"content":"import org.junit.jupiter.api.Test;","lastModifiedDate":"2022-08-24"},{"lineNumber":6,"author":{"gitId":"GenFusion122"},"content":"","lastModifiedDate":"2022-08-24"},{"lineNumber":7,"author":{"gitId":"GenFusion122"},"content":"import java.io.IOException;","lastModifiedDate":"2022-08-24"},{"lineNumber":8,"author":{"gitId":"GenFusion122"},"content":"import java.util.ArrayList;","lastModifiedDate":"2022-08-24"},{"lineNumber":9,"author":{"gitId":"GenFusion122"},"content":"import java.util.List;","lastModifiedDate":"2022-08-24"},{"lineNumber":10,"author":{"gitId":"GenFusion122"},"content":"","lastModifiedDate":"2022-08-24"},{"lineNumber":11,"author":{"gitId":"GenFusion122"},"content":"import static org.junit.jupiter.api.Assertions.assertEquals;","lastModifiedDate":"2022-08-24"},{"lineNumber":12,"author":{"gitId":"GenFusion122"},"content":"","lastModifiedDate":"2022-08-24"},{"lineNumber":13,"author":{"gitId":"GenFusion122"},"content":"public class AddCommandTest {","lastModifiedDate":"2022-08-24"},{"lineNumber":14,"author":{"gitId":"GenFusion122"},"content":"    @Test","lastModifiedDate":"2022-08-24"},{"lineNumber":15,"author":{"gitId":"GenFusion122"},"content":"    public void executeTest() throws IOException {","lastModifiedDate":"2022-08-24"},{"lineNumber":16,"author":{"gitId":"GenFusion122"},"content":"        List\u003cTodo\u003e list \u003d new ArrayList\u003c\u003e(); //fake list from file","lastModifiedDate":"2022-08-24"},{"lineNumber":17,"author":{"gitId":"GenFusion122"},"content":"        TaskList\u003cTodo\u003e taskList \u003d new TaskList\u003c\u003e(list);","lastModifiedDate":"2022-08-24"},{"lineNumber":18,"author":{"gitId":"GenFusion122"},"content":"        Todo t \u003d new Todo(\"title\", false);","lastModifiedDate":"2022-08-24"},{"lineNumber":19,"author":{"gitId":"GenFusion122"},"content":"        Commands c \u003d new AddCommand(t);","lastModifiedDate":"2022-08-24"},{"lineNumber":20,"author":{"gitId":"GenFusion122"},"content":"        c.execute(taskList, new Storage(\"data\", \"duck.txt\"));","lastModifiedDate":"2022-08-24"},{"lineNumber":21,"author":{"gitId":"GenFusion122"},"content":"        assertEquals(1, taskList.size());","lastModifiedDate":"2022-08-24"},{"lineNumber":22,"author":{"gitId":"GenFusion122"},"content":"    }","lastModifiedDate":"2022-08-24"},{"lineNumber":23,"author":{"gitId":"GenFusion122"},"content":"}","lastModifiedDate":"2022-08-24"}],"authorContributionMap":{"GenFusion122":23}},{"path":"src/test/java/Commands/DeleteCommandTest.java","fileType":"java","lines":[{"lineNumber":1,"author":{"gitId":"GenFusion122"},"content":"package Commands;","lastModifiedDate":"2022-08-24"},{"lineNumber":2,"author":{"gitId":"GenFusion122"},"content":"import Duck.Storage;","lastModifiedDate":"2022-08-24"},{"lineNumber":3,"author":{"gitId":"GenFusion122"},"content":"import Duck.TaskList;","lastModifiedDate":"2022-08-24"},{"lineNumber":4,"author":{"gitId":"GenFusion122"},"content":"import Models.Todo;","lastModifiedDate":"2022-08-24"},{"lineNumber":5,"author":{"gitId":"GenFusion122"},"content":"import org.junit.jupiter.api.Test;","lastModifiedDate":"2022-08-24"},{"lineNumber":6,"author":{"gitId":"GenFusion122"},"content":"","lastModifiedDate":"2022-08-24"},{"lineNumber":7,"author":{"gitId":"GenFusion122"},"content":"import java.io.IOException;","lastModifiedDate":"2022-08-24"},{"lineNumber":8,"author":{"gitId":"GenFusion122"},"content":"import java.util.ArrayList;","lastModifiedDate":"2022-08-24"},{"lineNumber":9,"author":{"gitId":"GenFusion122"},"content":"import java.util.List;","lastModifiedDate":"2022-08-24"},{"lineNumber":10,"author":{"gitId":"GenFusion122"},"content":"","lastModifiedDate":"2022-08-24"},{"lineNumber":11,"author":{"gitId":"GenFusion122"},"content":"import static org.junit.jupiter.api.Assertions.assertEquals;","lastModifiedDate":"2022-08-24"},{"lineNumber":12,"author":{"gitId":"GenFusion122"},"content":"","lastModifiedDate":"2022-08-24"},{"lineNumber":13,"author":{"gitId":"GenFusion122"},"content":"public class DeleteCommandTest {","lastModifiedDate":"2022-08-24"},{"lineNumber":14,"author":{"gitId":"GenFusion122"},"content":"    @Test","lastModifiedDate":"2022-08-24"},{"lineNumber":15,"author":{"gitId":"GenFusion122"},"content":"    public void executeTest() throws IOException {","lastModifiedDate":"2022-08-24"},{"lineNumber":16,"author":{"gitId":"GenFusion122"},"content":"        List\u003cTodo\u003e list \u003d new ArrayList\u003c\u003e(); //fake list from file","lastModifiedDate":"2022-08-24"},{"lineNumber":17,"author":{"gitId":"GenFusion122"},"content":"        TaskList\u003cTodo\u003e taskList \u003d new TaskList\u003c\u003e(list);","lastModifiedDate":"2022-08-24"},{"lineNumber":18,"author":{"gitId":"GenFusion122"},"content":"        Storage s \u003d new Storage(\"data\", \"duck.txt\");","lastModifiedDate":"2022-08-24"},{"lineNumber":19,"author":{"gitId":"GenFusion122"},"content":"","lastModifiedDate":"2022-08-24"},{"lineNumber":20,"author":{"gitId":"GenFusion122"},"content":"        Todo t \u003d new Todo(\"title\", false);","lastModifiedDate":"2022-08-24"},{"lineNumber":21,"author":{"gitId":"GenFusion122"},"content":"        Commands c \u003d new AddCommand(t);","lastModifiedDate":"2022-08-24"},{"lineNumber":22,"author":{"gitId":"GenFusion122"},"content":"        c.execute(taskList, s);","lastModifiedDate":"2022-08-24"},{"lineNumber":23,"author":{"gitId":"GenFusion122"},"content":"        assertEquals(1, taskList.size());","lastModifiedDate":"2022-08-24"},{"lineNumber":24,"author":{"gitId":"GenFusion122"},"content":"","lastModifiedDate":"2022-08-24"},{"lineNumber":25,"author":{"gitId":"GenFusion122"},"content":"        c \u003d new DeleteCommand(0);","lastModifiedDate":"2022-08-24"},{"lineNumber":26,"author":{"gitId":"GenFusion122"},"content":"        c.execute(taskList, s);","lastModifiedDate":"2022-08-24"},{"lineNumber":27,"author":{"gitId":"GenFusion122"},"content":"        assertEquals(0, taskList.size());","lastModifiedDate":"2022-08-24"},{"lineNumber":28,"author":{"gitId":"GenFusion122"},"content":"    }","lastModifiedDate":"2022-08-24"},{"lineNumber":29,"author":{"gitId":"GenFusion122"},"content":"}","lastModifiedDate":"2022-08-24"}],"authorContributionMap":{"GenFusion122":29}},{"path":"src/test/java/Models/TodoTest.java","fileType":"java","lines":[{"lineNumber":1,"author":{"gitId":"GenFusion122"},"content":"package Models;","lastModifiedDate":"2022-08-24"},{"lineNumber":2,"author":{"gitId":"GenFusion122"},"content":"import org.junit.jupiter.api.Test;","lastModifiedDate":"2022-08-24"},{"lineNumber":3,"author":{"gitId":"GenFusion122"},"content":"import static org.junit.jupiter.api.Assertions.assertEquals;","lastModifiedDate":"2022-08-24"},{"lineNumber":4,"author":{"gitId":"GenFusion122"},"content":"","lastModifiedDate":"2022-08-24"},{"lineNumber":5,"author":{"gitId":"GenFusion122"},"content":"public class TodoTest {","lastModifiedDate":"2022-08-24"},{"lineNumber":6,"author":{"gitId":"GenFusion122"},"content":"    @Test","lastModifiedDate":"2022-08-24"},{"lineNumber":7,"author":{"gitId":"GenFusion122"},"content":"    public void creationTest(){","lastModifiedDate":"2022-08-24"},{"lineNumber":8,"author":{"gitId":"GenFusion122"},"content":"        Todo t \u003d new Todo(\"aTitle\", false);","lastModifiedDate":"2022-08-24"},{"lineNumber":9,"author":{"gitId":"GenFusion122"},"content":"        assertEquals(\"aTitle\", t.getTitle());","lastModifiedDate":"2022-08-24"},{"lineNumber":10,"author":{"gitId":"GenFusion122"},"content":"    }","lastModifiedDate":"2022-08-24"},{"lineNumber":11,"author":{"gitId":"GenFusion122"},"content":"","lastModifiedDate":"2022-08-24"},{"lineNumber":12,"author":{"gitId":"GenFusion122"},"content":"    @Test","lastModifiedDate":"2022-08-24"},{"lineNumber":13,"author":{"gitId":"GenFusion122"},"content":"    public void stringTest(){","lastModifiedDate":"2022-08-24"},{"lineNumber":14,"author":{"gitId":"GenFusion122"},"content":"        Todo t \u003d new Todo(\"aTitle\", false);","lastModifiedDate":"2022-08-24"},{"lineNumber":15,"author":{"gitId":"GenFusion122"},"content":"        assertEquals(\"[T] [ ] aTitle\", t.toString());","lastModifiedDate":"2022-08-24"},{"lineNumber":16,"author":{"gitId":"GenFusion122"},"content":"    }","lastModifiedDate":"2022-08-24"},{"lineNumber":17,"author":{"gitId":"GenFusion122"},"content":"}","lastModifiedDate":"2022-08-24"}],"authorContributionMap":{"GenFusion122":17}},{"path":"text-ui-test/input.txt","fileType":"txt","lines":[{"lineNumber":1,"author":{"gitId":"GenFusion122"},"content":"list","lastModifiedDate":"2022-08-22"},{"lineNumber":2,"author":{"gitId":"GenFusion122"},"content":"todo item before tmr","lastModifiedDate":"2022-08-22"},{"lineNumber":3,"author":{"gitId":"GenFusion122"},"content":"event birthday today","lastModifiedDate":"2022-08-22"},{"lineNumber":4,"author":{"gitId":"GenFusion122"},"content":"event birthday /at today","lastModifiedDate":"2022-08-22"},{"lineNumber":5,"author":{"gitId":"GenFusion122"},"content":"list","lastModifiedDate":"2022-08-22"},{"lineNumber":6,"author":{"gitId":"GenFusion122"},"content":"delete 2","lastModifiedDate":"2022-08-22"},{"lineNumber":7,"author":{"gitId":"GenFusion122"},"content":"mark 1","lastModifiedDate":"2022-08-22"},{"lineNumber":8,"author":{"gitId":"GenFusion122"},"content":"bye","lastModifiedDate":"2022-08-17"},{"lineNumber":9,"author":{"gitId":"GenFusion122"},"content":"","lastModifiedDate":"2022-08-22"}],"authorContributionMap":{"GenFusion122":9}},{"path":"text-ui-test/runtest.bat","fileType":"bat","lines":[{"lineNumber":1,"author":{"gitId":"-"},"content":"@ECHO OFF","lastModifiedDate":"2020-05-25"},{"lineNumber":2,"author":{"gitId":"-"},"content":"","lastModifiedDate":"2020-05-25"},{"lineNumber":3,"author":{"gitId":"-"},"content":"REM create bin directory if it doesn\u0027t exist","lastModifiedDate":"2020-05-25"},{"lineNumber":4,"author":{"gitId":"-"},"content":"if not exist ..\\bin mkdir ..\\bin","lastModifiedDate":"2020-05-25"},{"lineNumber":5,"author":{"gitId":"-"},"content":"","lastModifiedDate":"2020-05-25"},{"lineNumber":6,"author":{"gitId":"-"},"content":"REM delete output from previous run","lastModifiedDate":"2020-05-25"},{"lineNumber":7,"author":{"gitId":"-"},"content":"if exist ACTUAL.TXT del ACTUAL.TXT","lastModifiedDate":"2020-08-25"},{"lineNumber":8,"author":{"gitId":"-"},"content":"","lastModifiedDate":"2020-05-25"},{"lineNumber":9,"author":{"gitId":"-"},"content":"REM compile the code into the bin folder","lastModifiedDate":"2020-05-25"},{"lineNumber":10,"author":{"gitId":"-"},"content":"javac  -cp ..\\src\\main\\java -Xlint:none -d ..\\bin ..\\src\\main\\java\\*.java","lastModifiedDate":"2020-08-25"},{"lineNumber":11,"author":{"gitId":"-"},"content":"IF ERRORLEVEL 1 (","lastModifiedDate":"2020-05-25"},{"lineNumber":12,"author":{"gitId":"-"},"content":"    echo ********** BUILD FAILURE **********","lastModifiedDate":"2020-05-25"},{"lineNumber":13,"author":{"gitId":"-"},"content":"    exit /b 1","lastModifiedDate":"2020-05-25"},{"lineNumber":14,"author":{"gitId":"-"},"content":")","lastModifiedDate":"2020-05-25"},{"lineNumber":15,"author":{"gitId":"-"},"content":"REM no error here, errorlevel \u003d\u003d 0","lastModifiedDate":"2020-05-25"},{"lineNumber":16,"author":{"gitId":"-"},"content":"","lastModifiedDate":"2020-05-25"},{"lineNumber":17,"author":{"gitId":"-"},"content":"REM run the program, feed commands from input.txt file and redirect the output to the ACTUAL.TXT","lastModifiedDate":"2020-05-25"},{"lineNumber":18,"author":{"gitId":"GenFusion122"},"content":"java -classpath ..\\bin Duck \u003c input.txt \u003e ACTUAL.TXT","lastModifiedDate":"2022-08-17"},{"lineNumber":19,"author":{"gitId":"-"},"content":"","lastModifiedDate":"2020-05-25"},{"lineNumber":20,"author":{"gitId":"-"},"content":"REM compare the output to the expected output","lastModifiedDate":"2020-05-25"},{"lineNumber":21,"author":{"gitId":"-"},"content":"FC ACTUAL.TXT EXPECTED.TXT","lastModifiedDate":"2020-05-25"},{"lineNumber":22,"author":{"gitId":"GenFusion122"},"content":"pause","lastModifiedDate":"2022-08-17"}],"authorContributionMap":{"GenFusion122":2,"-":20}}]
