{"authorDailyContributionsMap":{"GenFusion122":[{"date":"2022-08-17","commitResults":[{"hash":"7aecdd9a3539edc2f2a47ca719fbe5c4fffd1db1","messageTitle":"testing commit","messageBody":"","tags":["Level-1"],"fileTypesAndContributionMap":{"txt":{"insertions":0,"deletions":0}}},{"hash":"720301b8199aae42233681da651a1b97d6fa08f1","messageTitle":"Renamed Duke to Duck Completed Level-1","messageBody":"","fileTypesAndContributionMap":{"txt":{"insertions":0,"deletions":0},"java":{"insertions":1,"deletions":1}}},{"hash":"c3b8a78dff1a656d130e63421e349ac59968d967","messageTitle":"Forgot to stage Duck.java","messageBody":"","tags":["Level-2"],"fileTypesAndContributionMap":{"java":{"insertions":10,"deletions":6}}},{"hash":"b024ee9a98e60b7f1461bf2b45c5b8e3ebf07744","messageTitle":"Completed Level-2","messageBody":"","tags":["Level-3"],"fileTypesAndContributionMap":{"java":{"insertions":10,"deletions":2}}},{"hash":"5f0393a466bff660f3342677990deb7034f05d57","messageTitle":"Completed Level-3","messageBody":"","tags":["Level-4"],"fileTypesAndContributionMap":{"java":{"insertions":42,"deletions":4}}},{"hash":"8d90d1d91b9328affcbdb3fa79948e97476bde16","messageTitle":"Completed level-4","messageBody":"","tags":["Level-5"],"fileTypesAndContributionMap":{"java":{"insertions":76,"deletions":9}}},{"hash":"d1adc7d99addd59f703eecbea8670f315a99fdd8","messageTitle":"Completed Level-5","messageBody":"","tags":["Level-6"],"fileTypesAndContributionMap":{"txt":{"insertions":2,"deletions":0},"java":{"insertions":14,"deletions":2},"bat":{"insertions":2,"deletions":1}}},{"hash":"f52fa2ea16a2474d5027b382bd2917515ab3da0d","messageTitle":"Completed Level-6","messageBody":"","fileTypesAndContributionMap":{"java":{"insertions":8,"deletions":20}}}]},{"date":"2022-08-18","commitResults":[{"hash":"a2aa6ab431b62ab4064ee607eeb5684761a349f4","messageTitle":"added some comments as documentation","messageBody":"","tags":["A-TextUiTesting"],"fileTypesAndContributionMap":{"java":{"insertions":29,"deletions":4}}}]},{"date":"2022-08-22","commitResults":[{"hash":"7861ac9d51026dccd05f27a3189a8d60f297acd6","messageTitle":"Added Automated test cases","messageBody":"","tags":["Level-8","Level-7"],"fileTypesAndContributionMap":{"txt":{"insertions":9,"deletions":2},"java":{"insertions":56,"deletions":52}}},{"hash":"a3b8fcf61c529ab8fa26d29fecafec6ae4b5c390","messageTitle":"Completed Level-7 Implemented a file save/load feature Created an UnallowedCharacterException, to catch unallowed characters in user input","messageBody":"","fileTypesAndContributionMap":{"txt":{"insertions":0,"deletions":0},"java":{"insertions":127,"deletions":69}}},{"hash":"ea73f30a8862ddbb1ee02da635f18deb58396982","messageTitle":"Added some minor trimming to program","messageBody":"","fileTypesAndContributionMap":{"txt":{"insertions":3,"deletions":0},"java":{"insertions":2,"deletions":3}}},{"hash":"4f8e53b2cbe1fec3e7a2465126f729aa2bfaf120","messageTitle":"Completed Level-8 Added date time to each object, rather than String","messageBody":"","fileTypesAndContributionMap":{"java":{"insertions":61,"deletions":47}}}]},{"date":"2022-08-24","commitResults":[{"hash":"3cc81685020fb54902e108ff4e25b8d6611fd524","messageTitle":"Grouped everything into packages","messageBody":"","fileTypesAndContributionMap":{"txt":{"insertions":4,"deletions":0},"java":{"insertions":78,"deletions":6}}},{"hash":"a05acd6220be5938fadf1e2876b9c1c63b2e8baf","messageTitle":"completed A-JUnit","messageBody":"","tags":["A-Jar"],"fileTypesAndContributionMap":{"gradle":{"insertions":2,"deletions":1},"java":{"insertions":70,"deletions":1}}}]},{"date":"2022-08-25","commitResults":[{"hash":"07348ad53a793ee6e6d0c2ee3ea611848f4b05c8","messageTitle":"Minor Changes to Gradle","messageBody":"","fileTypesAndContributionMap":{"gradle":{"insertions":2,"deletions":2},"java":{"insertions":0,"deletions":1}}},{"hash":"3cf29cdfa69a169a0634500a8b525524d73dd5da","messageTitle":"Added Javadocs to all functions","messageBody":"","fileTypesAndContributionMap":{"java":{"insertions":226,"deletions":24}}}]}]},"authorFileTypeContributionMap":{"GenFusion122":{"java":793,"md":0,"fxml":0,"sh":0,"bat":2,"gradle":4,"txt":13}},"authorContributionVariance":{"GenFusion122":16942.78},"authorDisplayNameMap":{"GenFusion122":"JUST..DODO"}}
