[{"path":"src/main/java/Deadline.java","fileType":"java","lines":[{"lineNumber":1,"author":{"gitId":"wxy1203"},"content":"public class Deadline extends Task {","lastModifiedDate":"2022-08-18"},{"lineNumber":2,"author":{"gitId":"wxy1203"},"content":"    protected String by;","lastModifiedDate":"2022-08-18"},{"lineNumber":3,"author":{"gitId":"wxy1203"},"content":"","lastModifiedDate":"2022-08-18"},{"lineNumber":4,"author":{"gitId":"wxy1203"},"content":"    public Deadline(String description, String by) {","lastModifiedDate":"2022-08-18"},{"lineNumber":5,"author":{"gitId":"wxy1203"},"content":"        super(description);","lastModifiedDate":"2022-08-18"},{"lineNumber":6,"author":{"gitId":"wxy1203"},"content":"        this.by \u003d by;","lastModifiedDate":"2022-08-18"},{"lineNumber":7,"author":{"gitId":"wxy1203"},"content":"    }","lastModifiedDate":"2022-08-18"},{"lineNumber":8,"author":{"gitId":"wxy1203"},"content":"","lastModifiedDate":"2022-08-18"},{"lineNumber":9,"author":{"gitId":"wxy1203"},"content":"    @Override","lastModifiedDate":"2022-08-18"},{"lineNumber":10,"author":{"gitId":"wxy1203"},"content":"    public String toString() {","lastModifiedDate":"2022-08-18"},{"lineNumber":11,"author":{"gitId":"wxy1203"},"content":"        return \"[D]\" + super.toString() + \" (by: \" + by + \")\";","lastModifiedDate":"2022-08-18"},{"lineNumber":12,"author":{"gitId":"wxy1203"},"content":"    }","lastModifiedDate":"2022-08-18"},{"lineNumber":13,"author":{"gitId":"wxy1203"},"content":"}","lastModifiedDate":"2022-08-18"}],"authorContributionMap":{"wxy1203":13}},{"path":"src/main/java/Duke.java","fileType":"java","lines":[{"lineNumber":1,"author":{"gitId":"wxy1203"},"content":"import java.util.Scanner;","lastModifiedDate":"2022-08-18"},{"lineNumber":2,"author":{"gitId":"wxy1203"},"content":"import java.io.*;","lastModifiedDate":"2022-08-18"},{"lineNumber":3,"author":{"gitId":"wxy1203"},"content":"import java.util.*;","lastModifiedDate":"2022-08-18"},{"lineNumber":4,"author":{"gitId":"wxy1203"},"content":"","lastModifiedDate":"2022-08-18"},{"lineNumber":5,"author":{"gitId":"-"},"content":"public class Duke {","lastModifiedDate":"2019-07-29"},{"lineNumber":6,"author":{"gitId":"wxy1203"},"content":"","lastModifiedDate":"2022-08-18"},{"lineNumber":7,"author":{"gitId":"-"},"content":"    public static void main(String[] args) {","lastModifiedDate":"2019-07-29"},{"lineNumber":8,"author":{"gitId":"wxy1203"},"content":"        //start dialog","lastModifiedDate":"2022-08-18"},{"lineNumber":9,"author":{"gitId":"wxy1203"},"content":"        start();","lastModifiedDate":"2022-08-18"},{"lineNumber":10,"author":{"gitId":"wxy1203"},"content":"        Scanner scanner \u003d new Scanner(System.in);","lastModifiedDate":"2022-08-18"},{"lineNumber":11,"author":{"gitId":"wxy1203"},"content":"        String command \u003d scanner.next();","lastModifiedDate":"2022-08-18"},{"lineNumber":12,"author":{"gitId":"wxy1203"},"content":"","lastModifiedDate":"2022-08-18"},{"lineNumber":13,"author":{"gitId":"wxy1203"},"content":"        ArrayList\u003cTask\u003e taskList \u003d new ArrayList\u003cTask\u003e();","lastModifiedDate":"2022-08-18"},{"lineNumber":14,"author":{"gitId":"wxy1203"},"content":"","lastModifiedDate":"2022-08-18"},{"lineNumber":15,"author":{"gitId":"wxy1203"},"content":"        while (true) {","lastModifiedDate":"2022-08-18"},{"lineNumber":16,"author":{"gitId":"wxy1203"},"content":"            //bye dialog","lastModifiedDate":"2022-08-18"},{"lineNumber":17,"author":{"gitId":"wxy1203"},"content":"            if (command.equals(\"bye\")) {","lastModifiedDate":"2022-08-18"},{"lineNumber":18,"author":{"gitId":"wxy1203"},"content":"                bye();","lastModifiedDate":"2022-08-18"},{"lineNumber":19,"author":{"gitId":"wxy1203"},"content":"                break;","lastModifiedDate":"2022-08-18"},{"lineNumber":20,"author":{"gitId":"wxy1203"},"content":"            }","lastModifiedDate":"2022-08-18"},{"lineNumber":21,"author":{"gitId":"wxy1203"},"content":"            //show the todoList","lastModifiedDate":"2022-08-18"},{"lineNumber":22,"author":{"gitId":"wxy1203"},"content":"            else if (command.equals(\"list\")) {","lastModifiedDate":"2022-08-18"},{"lineNumber":23,"author":{"gitId":"wxy1203"},"content":"                System.out.println(\"    ____________________________________________________________\");","lastModifiedDate":"2022-08-18"},{"lineNumber":24,"author":{"gitId":"wxy1203"},"content":"                System.out.println(\"    Here are the tasks in your list:\");","lastModifiedDate":"2022-08-18"},{"lineNumber":25,"author":{"gitId":"wxy1203"},"content":"                for (int i \u003d 0; i \u003c taskList.size(); i++) {","lastModifiedDate":"2022-08-18"},{"lineNumber":26,"author":{"gitId":"wxy1203"},"content":"                    System.out.println(\"    \" + (i+1) + \". \" + taskList.get(i).toString());","lastModifiedDate":"2022-08-18"},{"lineNumber":27,"author":{"gitId":"wxy1203"},"content":"                }","lastModifiedDate":"2022-08-18"},{"lineNumber":28,"author":{"gitId":"wxy1203"},"content":"                System.out.println(\"    ____________________________________________________________\");","lastModifiedDate":"2022-08-18"},{"lineNumber":29,"author":{"gitId":"wxy1203"},"content":"                command \u003d scanner.next();","lastModifiedDate":"2022-08-18"},{"lineNumber":30,"author":{"gitId":"wxy1203"},"content":"            }","lastModifiedDate":"2022-08-18"},{"lineNumber":31,"author":{"gitId":"wxy1203"},"content":"            else if (command.equals(\"mark\")) {","lastModifiedDate":"2022-08-18"},{"lineNumber":32,"author":{"gitId":"wxy1203"},"content":"                command \u003d scanner.next();","lastModifiedDate":"2022-08-18"},{"lineNumber":33,"author":{"gitId":"wxy1203"},"content":"                System.out.println(\"    ____________________________________________________________\");","lastModifiedDate":"2022-08-18"},{"lineNumber":34,"author":{"gitId":"wxy1203"},"content":"                System.out.println(\"    Nice! I\u0027ve marked this task as done:\");","lastModifiedDate":"2022-08-18"},{"lineNumber":35,"author":{"gitId":"wxy1203"},"content":"                int i \u003d Integer.parseInt(command) - 1;","lastModifiedDate":"2022-08-18"},{"lineNumber":36,"author":{"gitId":"wxy1203"},"content":"                Task t \u003d taskList.get(i);","lastModifiedDate":"2022-08-18"},{"lineNumber":37,"author":{"gitId":"wxy1203"},"content":"                t.markAsDone();","lastModifiedDate":"2022-08-18"},{"lineNumber":38,"author":{"gitId":"wxy1203"},"content":"                System.out.println(\"    \" + t.toString());","lastModifiedDate":"2022-08-18"},{"lineNumber":39,"author":{"gitId":"wxy1203"},"content":"                System.out.println(\"    ____________________________________________________________\");","lastModifiedDate":"2022-08-18"},{"lineNumber":40,"author":{"gitId":"wxy1203"},"content":"                command \u003d scanner.next();","lastModifiedDate":"2022-08-18"},{"lineNumber":41,"author":{"gitId":"wxy1203"},"content":"            }","lastModifiedDate":"2022-08-18"},{"lineNumber":42,"author":{"gitId":"wxy1203"},"content":"            else if (command.equals(\"unmark\")) {","lastModifiedDate":"2022-08-18"},{"lineNumber":43,"author":{"gitId":"wxy1203"},"content":"                command \u003d scanner.next();","lastModifiedDate":"2022-08-18"},{"lineNumber":44,"author":{"gitId":"wxy1203"},"content":"                System.out.println(\"    ____________________________________________________________\");","lastModifiedDate":"2022-08-18"},{"lineNumber":45,"author":{"gitId":"wxy1203"},"content":"                System.out.println(\"    OK, I\u0027ve marked this task as not done yet:\");","lastModifiedDate":"2022-08-18"},{"lineNumber":46,"author":{"gitId":"wxy1203"},"content":"                int i \u003d Integer.parseInt(command) - 1;","lastModifiedDate":"2022-08-18"},{"lineNumber":47,"author":{"gitId":"wxy1203"},"content":"                Task t \u003d taskList.get(i);","lastModifiedDate":"2022-08-18"},{"lineNumber":48,"author":{"gitId":"wxy1203"},"content":"                t.markAsUnDone();","lastModifiedDate":"2022-08-18"},{"lineNumber":49,"author":{"gitId":"wxy1203"},"content":"                System.out.println(\"    \" + t.toString());","lastModifiedDate":"2022-08-18"},{"lineNumber":50,"author":{"gitId":"wxy1203"},"content":"                System.out.println(\"    ____________________________________________________________\");","lastModifiedDate":"2022-08-18"},{"lineNumber":51,"author":{"gitId":"wxy1203"},"content":"                command \u003d scanner.next();","lastModifiedDate":"2022-08-18"},{"lineNumber":52,"author":{"gitId":"wxy1203"},"content":"","lastModifiedDate":"2022-08-18"},{"lineNumber":53,"author":{"gitId":"wxy1203"},"content":"            }","lastModifiedDate":"2022-08-19"},{"lineNumber":54,"author":{"gitId":"wxy1203"},"content":"            else if (command.equals(delete)) {","lastModifiedDate":"2022-08-19"},{"lineNumber":55,"author":{"gitId":"wxy1203"},"content":"                command \u003d scanner.next();","lastModifiedDate":"2022-08-19"},{"lineNumber":56,"author":{"gitId":"wxy1203"},"content":"                System.out.println(\"    ____________________________________________________________\");","lastModifiedDate":"2022-08-19"},{"lineNumber":57,"author":{"gitId":"wxy1203"},"content":"                System.out.println(\"    Noted. I\u0027ve removed this task:\");","lastModifiedDate":"2022-08-19"},{"lineNumber":58,"author":{"gitId":"wxy1203"},"content":"                int i \u003d Integer.parseInt(command) - 1;","lastModifiedDate":"2022-08-19"},{"lineNumber":59,"author":{"gitId":"wxy1203"},"content":"                Task t \u003d taskList.get(i);","lastModifiedDate":"2022-08-19"},{"lineNumber":60,"author":{"gitId":"wxy1203"},"content":"                t.markAsUnDone();","lastModifiedDate":"2022-08-19"},{"lineNumber":61,"author":{"gitId":"wxy1203"},"content":"                System.out.println(\"    \" + t.toString());","lastModifiedDate":"2022-08-19"},{"lineNumber":62,"author":{"gitId":"wxy1203"},"content":"                int num \u003d taskList.size();","lastModifiedDate":"2022-08-19"},{"lineNumber":63,"author":{"gitId":"wxy1203"},"content":"                System.out.println(\"    Now you have \" + num + \" tasks in the list.\");","lastModifiedDate":"2022-08-19"},{"lineNumber":64,"author":{"gitId":"wxy1203"},"content":"                System.out.println(\"    ____________________________________________________________\");","lastModifiedDate":"2022-08-19"},{"lineNumber":65,"author":{"gitId":"wxy1203"},"content":"                command \u003d scanner.next();","lastModifiedDate":"2022-08-19"},{"lineNumber":66,"author":{"gitId":"wxy1203"},"content":"","lastModifiedDate":"2022-08-19"},{"lineNumber":67,"author":{"gitId":"wxy1203"},"content":"            }","lastModifiedDate":"2022-08-18"},{"lineNumber":68,"author":{"gitId":"wxy1203"},"content":"            else if (command.equals(\"todo\")) {","lastModifiedDate":"2022-08-18"},{"lineNumber":69,"author":{"gitId":"wxy1203"},"content":"                command \u003d scanner.nextLine();","lastModifiedDate":"2022-08-18"},{"lineNumber":70,"author":{"gitId":"wxy1203"},"content":"                System.out.println(\"    ____________________________________________________________\");","lastModifiedDate":"2022-08-18"},{"lineNumber":71,"author":{"gitId":"wxy1203"},"content":"                System.out.println(\"    Got it. I\u0027ve added this task:\");","lastModifiedDate":"2022-08-18"},{"lineNumber":72,"author":{"gitId":"wxy1203"},"content":"                Todo t \u003d new Todo(command);","lastModifiedDate":"2022-08-18"},{"lineNumber":73,"author":{"gitId":"wxy1203"},"content":"                taskList.add(t);","lastModifiedDate":"2022-08-18"},{"lineNumber":74,"author":{"gitId":"wxy1203"},"content":"                System.out.println(\"     \" + t.toString());","lastModifiedDate":"2022-08-18"},{"lineNumber":75,"author":{"gitId":"wxy1203"},"content":"                int num \u003d taskList.size();","lastModifiedDate":"2022-08-18"},{"lineNumber":76,"author":{"gitId":"wxy1203"},"content":"                System.out.println(\"    Now you have \" + num + \" tasks in the list.\");","lastModifiedDate":"2022-08-18"},{"lineNumber":77,"author":{"gitId":"wxy1203"},"content":"                System.out.println(\"    ____________________________________________________________\");","lastModifiedDate":"2022-08-18"},{"lineNumber":78,"author":{"gitId":"wxy1203"},"content":"                command \u003d scanner.next();","lastModifiedDate":"2022-08-18"},{"lineNumber":79,"author":{"gitId":"wxy1203"},"content":"            }","lastModifiedDate":"2022-08-18"},{"lineNumber":80,"author":{"gitId":"wxy1203"},"content":"            else if (command.equals(\"deadline\")) {","lastModifiedDate":"2022-08-18"},{"lineNumber":81,"author":{"gitId":"wxy1203"},"content":"                command \u003d scanner.nextLine();","lastModifiedDate":"2022-08-18"},{"lineNumber":82,"author":{"gitId":"wxy1203"},"content":"                int i \u003d command.indexOf(\u0027/\u0027);","lastModifiedDate":"2022-08-18"},{"lineNumber":83,"author":{"gitId":"wxy1203"},"content":"                String des \u003d command.substring(0, i);","lastModifiedDate":"2022-08-18"},{"lineNumber":84,"author":{"gitId":"wxy1203"},"content":"                String by \u003d command.substring(i+4);","lastModifiedDate":"2022-08-18"},{"lineNumber":85,"author":{"gitId":"wxy1203"},"content":"                System.out.println(\"    ____________________________________________________________\");","lastModifiedDate":"2022-08-18"},{"lineNumber":86,"author":{"gitId":"wxy1203"},"content":"                System.out.println(\"    Got it. I\u0027ve added this task:\");","lastModifiedDate":"2022-08-18"},{"lineNumber":87,"author":{"gitId":"wxy1203"},"content":"                Deadline d \u003d new Deadline(des, by);","lastModifiedDate":"2022-08-18"},{"lineNumber":88,"author":{"gitId":"wxy1203"},"content":"                taskList.add(d);","lastModifiedDate":"2022-08-18"},{"lineNumber":89,"author":{"gitId":"wxy1203"},"content":"                System.out.println(\"     \" + d.toString());","lastModifiedDate":"2022-08-18"},{"lineNumber":90,"author":{"gitId":"wxy1203"},"content":"                int num \u003d taskList.size();","lastModifiedDate":"2022-08-18"},{"lineNumber":91,"author":{"gitId":"wxy1203"},"content":"                System.out.println(\"    Now you have \" + num + \" tasks in the list.\");","lastModifiedDate":"2022-08-18"},{"lineNumber":92,"author":{"gitId":"wxy1203"},"content":"                System.out.println(\"    ____________________________________________________________\");","lastModifiedDate":"2022-08-18"},{"lineNumber":93,"author":{"gitId":"wxy1203"},"content":"                command \u003d scanner.next();","lastModifiedDate":"2022-08-18"},{"lineNumber":94,"author":{"gitId":"wxy1203"},"content":"            }","lastModifiedDate":"2022-08-18"},{"lineNumber":95,"author":{"gitId":"wxy1203"},"content":"            else if (command.equals(\"event\")) {","lastModifiedDate":"2022-08-18"},{"lineNumber":96,"author":{"gitId":"wxy1203"},"content":"                command \u003d scanner.nextLine();","lastModifiedDate":"2022-08-18"},{"lineNumber":97,"author":{"gitId":"wxy1203"},"content":"                int i \u003d command.indexOf(\u0027/\u0027);","lastModifiedDate":"2022-08-18"},{"lineNumber":98,"author":{"gitId":"wxy1203"},"content":"                String des \u003d command.substring(0, i);","lastModifiedDate":"2022-08-18"},{"lineNumber":99,"author":{"gitId":"wxy1203"},"content":"                String at \u003d command.substring(i+4);","lastModifiedDate":"2022-08-18"},{"lineNumber":100,"author":{"gitId":"wxy1203"},"content":"                System.out.println(\"    ____________________________________________________________\");","lastModifiedDate":"2022-08-18"},{"lineNumber":101,"author":{"gitId":"wxy1203"},"content":"                System.out.println(\"    Got it. I\u0027ve added this task:\");","lastModifiedDate":"2022-08-18"},{"lineNumber":102,"author":{"gitId":"wxy1203"},"content":"                Event e \u003d new Event(des, at);","lastModifiedDate":"2022-08-18"},{"lineNumber":103,"author":{"gitId":"wxy1203"},"content":"                taskList.add(e);","lastModifiedDate":"2022-08-18"},{"lineNumber":104,"author":{"gitId":"wxy1203"},"content":"                System.out.println(\"     \" + e.toString());","lastModifiedDate":"2022-08-18"},{"lineNumber":105,"author":{"gitId":"wxy1203"},"content":"                int num \u003d taskList.size();","lastModifiedDate":"2022-08-18"},{"lineNumber":106,"author":{"gitId":"wxy1203"},"content":"                System.out.println(\"    Now you have \" + num + \" tasks in the list.\");","lastModifiedDate":"2022-08-18"},{"lineNumber":107,"author":{"gitId":"wxy1203"},"content":"                System.out.println(\"    ____________________________________________________________\");","lastModifiedDate":"2022-08-18"},{"lineNumber":108,"author":{"gitId":"wxy1203"},"content":"                command \u003d scanner.next();","lastModifiedDate":"2022-08-18"},{"lineNumber":109,"author":{"gitId":"wxy1203"},"content":"            }","lastModifiedDate":"2022-08-18"},{"lineNumber":110,"author":{"gitId":"wxy1203"},"content":"            else {","lastModifiedDate":"2022-08-18"},{"lineNumber":111,"author":{"gitId":"wxy1203"},"content":"//                System.out.println(\"    ____________________________________________________________\\n\" +","lastModifiedDate":"2022-08-18"},{"lineNumber":112,"author":{"gitId":"wxy1203"},"content":"//                        \"     added: \" +","lastModifiedDate":"2022-08-18"},{"lineNumber":113,"author":{"gitId":"wxy1203"},"content":"//                        command +","lastModifiedDate":"2022-08-18"},{"lineNumber":114,"author":{"gitId":"wxy1203"},"content":"//                        \"\\n    ____________________________________________________________\");","lastModifiedDate":"2022-08-18"},{"lineNumber":115,"author":{"gitId":"wxy1203"},"content":"//                Task t \u003d new Task(command);","lastModifiedDate":"2022-08-18"},{"lineNumber":116,"author":{"gitId":"wxy1203"},"content":"//                todoList.add(t);","lastModifiedDate":"2022-08-18"},{"lineNumber":117,"author":{"gitId":"wxy1203"},"content":"//                command \u003d scanner.next();","lastModifiedDate":"2022-08-18"},{"lineNumber":118,"author":{"gitId":"wxy1203"},"content":"            }","lastModifiedDate":"2022-08-18"},{"lineNumber":119,"author":{"gitId":"wxy1203"},"content":"        }","lastModifiedDate":"2022-08-18"},{"lineNumber":120,"author":{"gitId":"wxy1203"},"content":"","lastModifiedDate":"2022-08-18"},{"lineNumber":121,"author":{"gitId":"wxy1203"},"content":"","lastModifiedDate":"2022-08-18"},{"lineNumber":122,"author":{"gitId":"wxy1203"},"content":"","lastModifiedDate":"2022-08-18"},{"lineNumber":123,"author":{"gitId":"wxy1203"},"content":"    }","lastModifiedDate":"2022-08-18"},{"lineNumber":124,"author":{"gitId":"wxy1203"},"content":"","lastModifiedDate":"2022-08-18"},{"lineNumber":125,"author":{"gitId":"wxy1203"},"content":"    public static void start() {","lastModifiedDate":"2022-08-18"},{"lineNumber":126,"author":{"gitId":"-"},"content":"        String logo \u003d \" ____        _        \\n\"","lastModifiedDate":"2019-07-29"},{"lineNumber":127,"author":{"gitId":"-"},"content":"                + \"|  _ \\\\ _   _| | _____ \\n\"","lastModifiedDate":"2019-07-29"},{"lineNumber":128,"author":{"gitId":"-"},"content":"                + \"| | | | | | | |/ / _ \\\\\\n\"","lastModifiedDate":"2019-07-29"},{"lineNumber":129,"author":{"gitId":"-"},"content":"                + \"| |_| | |_| |   \u003c  __/\\n\"","lastModifiedDate":"2019-07-29"},{"lineNumber":130,"author":{"gitId":"-"},"content":"                + \"|____/ \\\\__,_|_|\\\\_\\\\___|\\n\";","lastModifiedDate":"2019-07-29"},{"lineNumber":131,"author":{"gitId":"wxy1203"},"content":"        //System.out.println(\"Hello from\\n\" + logo);","lastModifiedDate":"2022-08-18"},{"lineNumber":132,"author":{"gitId":"wxy1203"},"content":"        System.out.println(\"    ____________________________________________________________\\n\" +","lastModifiedDate":"2022-08-18"},{"lineNumber":133,"author":{"gitId":"wxy1203"},"content":"                \"     Hola! I\u0027m Ashy (//●⁰౪⁰●)//\\n\" +","lastModifiedDate":"2022-08-18"},{"lineNumber":134,"author":{"gitId":"wxy1203"},"content":"                \"     What can I do for you? my darling~\\n\" +","lastModifiedDate":"2022-08-18"},{"lineNumber":135,"author":{"gitId":"wxy1203"},"content":"                \"    ____________________________________________________________\");","lastModifiedDate":"2022-08-18"},{"lineNumber":136,"author":{"gitId":"wxy1203"},"content":"    }","lastModifiedDate":"2022-08-18"},{"lineNumber":137,"author":{"gitId":"wxy1203"},"content":"","lastModifiedDate":"2022-08-18"},{"lineNumber":138,"author":{"gitId":"wxy1203"},"content":"    public static void bye() {","lastModifiedDate":"2022-08-18"},{"lineNumber":139,"author":{"gitId":"wxy1203"},"content":"        System.out.println(\"    ____________________________________________________________\\n\" +","lastModifiedDate":"2022-08-18"},{"lineNumber":140,"author":{"gitId":"wxy1203"},"content":"                \"     Byeeee~ Hope to see you again soon (•͈⌔•͈⑅)\\n\" +","lastModifiedDate":"2022-08-18"},{"lineNumber":141,"author":{"gitId":"wxy1203"},"content":"                \"    ____________________________________________________________\");","lastModifiedDate":"2022-08-18"},{"lineNumber":142,"author":{"gitId":"-"},"content":"    }","lastModifiedDate":"2019-07-29"},{"lineNumber":143,"author":{"gitId":"wxy1203"},"content":"","lastModifiedDate":"2022-08-18"},{"lineNumber":144,"author":{"gitId":"-"},"content":"}","lastModifiedDate":"2019-07-29"}],"authorContributionMap":{"wxy1203":135,"-":9}},{"path":"src/main/java/DukeException.java","fileType":"java","lines":[{"lineNumber":1,"author":{"gitId":"wxy1203"},"content":"public class DukeException extends Exception {","lastModifiedDate":"2022-08-19"},{"lineNumber":2,"author":{"gitId":"wxy1203"},"content":"","lastModifiedDate":"2022-08-19"},{"lineNumber":3,"author":{"gitId":"wxy1203"},"content":"    private String detail;","lastModifiedDate":"2022-08-19"},{"lineNumber":4,"author":{"gitId":"wxy1203"},"content":"    private int errorType;","lastModifiedDate":"2022-08-19"},{"lineNumber":5,"author":{"gitId":"wxy1203"},"content":"","lastModifiedDate":"2022-08-19"},{"lineNumber":6,"author":{"gitId":"wxy1203"},"content":"    public DukeException(int i) {","lastModifiedDate":"2022-08-19"},{"lineNumber":7,"author":{"gitId":"wxy1203"},"content":"        this.errorType \u003d i;","lastModifiedDate":"2022-08-19"},{"lineNumber":8,"author":{"gitId":"wxy1203"},"content":"    }","lastModifiedDate":"2022-08-19"},{"lineNumber":9,"author":{"gitId":"wxy1203"},"content":"","lastModifiedDate":"2022-08-19"},{"lineNumber":10,"author":{"gitId":"wxy1203"},"content":"    @Override","lastModifiedDate":"2022-08-19"},{"lineNumber":11,"author":{"gitId":"wxy1203"},"content":"    public String toString() {","lastModifiedDate":"2022-08-19"},{"lineNumber":12,"author":{"gitId":"wxy1203"},"content":"        if (this.errorType \u003d\u003d 0) {","lastModifiedDate":"2022-08-19"},{"lineNumber":13,"author":{"gitId":"wxy1203"},"content":"            return \"    ____________________________________________________________\\n\" +","lastModifiedDate":"2022-08-19"},{"lineNumber":14,"author":{"gitId":"wxy1203"},"content":"                    \"     ☹ OOPS!!! The description of a todo cannot be empty.\\n\" +","lastModifiedDate":"2022-08-19"},{"lineNumber":15,"author":{"gitId":"wxy1203"},"content":"                    \"    ____________________________________________________________\";","lastModifiedDate":"2022-08-19"},{"lineNumber":16,"author":{"gitId":"wxy1203"},"content":"        }","lastModifiedDate":"2022-08-19"},{"lineNumber":17,"author":{"gitId":"wxy1203"},"content":"        else if (this.errorType \u003d\u003d 1) {","lastModifiedDate":"2022-08-19"},{"lineNumber":18,"author":{"gitId":"wxy1203"},"content":"            return \"    ____________________________________________________________\\n\" +","lastModifiedDate":"2022-08-19"},{"lineNumber":19,"author":{"gitId":"wxy1203"},"content":"                    \"     ☹ OOPS!!! The description of a deadline cannot be empty.\\n\" +","lastModifiedDate":"2022-08-19"},{"lineNumber":20,"author":{"gitId":"wxy1203"},"content":"                    \"    ____________________________________________________________\";","lastModifiedDate":"2022-08-19"},{"lineNumber":21,"author":{"gitId":"wxy1203"},"content":"        }","lastModifiedDate":"2022-08-19"},{"lineNumber":22,"author":{"gitId":"wxy1203"},"content":"        else if (this.errorType \u003d\u003d 2) {","lastModifiedDate":"2022-08-19"},{"lineNumber":23,"author":{"gitId":"wxy1203"},"content":"            return \"    ____________________________________________________________\\n\" +","lastModifiedDate":"2022-08-19"},{"lineNumber":24,"author":{"gitId":"wxy1203"},"content":"                    \"     ☹ OOPS!!! The description of an event cannot be empty.\\n\" +","lastModifiedDate":"2022-08-19"},{"lineNumber":25,"author":{"gitId":"wxy1203"},"content":"                    \"    ____________________________________________________________\";","lastModifiedDate":"2022-08-19"},{"lineNumber":26,"author":{"gitId":"wxy1203"},"content":"        }","lastModifiedDate":"2022-08-19"},{"lineNumber":27,"author":{"gitId":"wxy1203"},"content":"        return \"    ____________________________________________________________\\n\" +","lastModifiedDate":"2022-08-19"},{"lineNumber":28,"author":{"gitId":"wxy1203"},"content":"                \"     ☹ OOPS!!! I\u0027m sorry, but I don\u0027t know what that means :-(\\n\" +","lastModifiedDate":"2022-08-19"},{"lineNumber":29,"author":{"gitId":"wxy1203"},"content":"                \"    ____________________________________________________________\";","lastModifiedDate":"2022-08-19"},{"lineNumber":30,"author":{"gitId":"wxy1203"},"content":"    }","lastModifiedDate":"2022-08-19"},{"lineNumber":31,"author":{"gitId":"wxy1203"},"content":"}","lastModifiedDate":"2022-08-19"}],"authorContributionMap":{"wxy1203":31}},{"path":"src/main/java/Event.java","fileType":"java","lines":[{"lineNumber":1,"author":{"gitId":"wxy1203"},"content":"public class Event extends Task {","lastModifiedDate":"2022-08-18"},{"lineNumber":2,"author":{"gitId":"wxy1203"},"content":"    protected String at;","lastModifiedDate":"2022-08-18"},{"lineNumber":3,"author":{"gitId":"wxy1203"},"content":"","lastModifiedDate":"2022-08-18"},{"lineNumber":4,"author":{"gitId":"wxy1203"},"content":"    public Event(String description, String at) {","lastModifiedDate":"2022-08-18"},{"lineNumber":5,"author":{"gitId":"wxy1203"},"content":"        super(description);","lastModifiedDate":"2022-08-18"},{"lineNumber":6,"author":{"gitId":"wxy1203"},"content":"        this.at \u003d at;","lastModifiedDate":"2022-08-18"},{"lineNumber":7,"author":{"gitId":"wxy1203"},"content":"    }","lastModifiedDate":"2022-08-18"},{"lineNumber":8,"author":{"gitId":"wxy1203"},"content":"","lastModifiedDate":"2022-08-18"},{"lineNumber":9,"author":{"gitId":"wxy1203"},"content":"    @Override","lastModifiedDate":"2022-08-18"},{"lineNumber":10,"author":{"gitId":"wxy1203"},"content":"    public String toString() {","lastModifiedDate":"2022-08-18"},{"lineNumber":11,"author":{"gitId":"wxy1203"},"content":"        return \"[E]\" + super.toString() + \" (at: \" + at + \")\";","lastModifiedDate":"2022-08-18"},{"lineNumber":12,"author":{"gitId":"wxy1203"},"content":"    }","lastModifiedDate":"2022-08-18"},{"lineNumber":13,"author":{"gitId":"wxy1203"},"content":"}","lastModifiedDate":"2022-08-18"}],"authorContributionMap":{"wxy1203":13}},{"path":"src/main/java/Task.java","fileType":"java","lines":[{"lineNumber":1,"author":{"gitId":"wxy1203"},"content":"public class Task {","lastModifiedDate":"2022-08-18"},{"lineNumber":2,"author":{"gitId":"wxy1203"},"content":"","lastModifiedDate":"2022-08-18"},{"lineNumber":3,"author":{"gitId":"wxy1203"},"content":"    protected String description;","lastModifiedDate":"2022-08-18"},{"lineNumber":4,"author":{"gitId":"wxy1203"},"content":"    protected boolean isDone;","lastModifiedDate":"2022-08-18"},{"lineNumber":5,"author":{"gitId":"wxy1203"},"content":"","lastModifiedDate":"2022-08-18"},{"lineNumber":6,"author":{"gitId":"wxy1203"},"content":"    public Task(String description) {","lastModifiedDate":"2022-08-18"},{"lineNumber":7,"author":{"gitId":"wxy1203"},"content":"        this.description \u003d description;","lastModifiedDate":"2022-08-18"},{"lineNumber":8,"author":{"gitId":"wxy1203"},"content":"        this.isDone \u003d false;","lastModifiedDate":"2022-08-18"},{"lineNumber":9,"author":{"gitId":"wxy1203"},"content":"    }","lastModifiedDate":"2022-08-18"},{"lineNumber":10,"author":{"gitId":"wxy1203"},"content":"","lastModifiedDate":"2022-08-18"},{"lineNumber":11,"author":{"gitId":"wxy1203"},"content":"    public String getStatusIcon() {","lastModifiedDate":"2022-08-18"},{"lineNumber":12,"author":{"gitId":"wxy1203"},"content":"        return (isDone ? \"X\" : \" \"); // mark done task with X","lastModifiedDate":"2022-08-18"},{"lineNumber":13,"author":{"gitId":"wxy1203"},"content":"    }","lastModifiedDate":"2022-08-18"},{"lineNumber":14,"author":{"gitId":"wxy1203"},"content":"","lastModifiedDate":"2022-08-18"},{"lineNumber":15,"author":{"gitId":"wxy1203"},"content":"    public void markAsDone() {","lastModifiedDate":"2022-08-18"},{"lineNumber":16,"author":{"gitId":"wxy1203"},"content":"        this.isDone \u003d true;","lastModifiedDate":"2022-08-18"},{"lineNumber":17,"author":{"gitId":"wxy1203"},"content":"    }","lastModifiedDate":"2022-08-18"},{"lineNumber":18,"author":{"gitId":"wxy1203"},"content":"","lastModifiedDate":"2022-08-18"},{"lineNumber":19,"author":{"gitId":"wxy1203"},"content":"    public void markAsUnDone() {","lastModifiedDate":"2022-08-18"},{"lineNumber":20,"author":{"gitId":"wxy1203"},"content":"        this.isDone \u003d false;","lastModifiedDate":"2022-08-18"},{"lineNumber":21,"author":{"gitId":"wxy1203"},"content":"    }","lastModifiedDate":"2022-08-18"},{"lineNumber":22,"author":{"gitId":"wxy1203"},"content":"","lastModifiedDate":"2022-08-18"},{"lineNumber":23,"author":{"gitId":"wxy1203"},"content":"    public String getDescription() {","lastModifiedDate":"2022-08-18"},{"lineNumber":24,"author":{"gitId":"wxy1203"},"content":"        return this.description;","lastModifiedDate":"2022-08-18"},{"lineNumber":25,"author":{"gitId":"wxy1203"},"content":"    }","lastModifiedDate":"2022-08-18"},{"lineNumber":26,"author":{"gitId":"wxy1203"},"content":"","lastModifiedDate":"2022-08-18"},{"lineNumber":27,"author":{"gitId":"wxy1203"},"content":"    public String toString() {","lastModifiedDate":"2022-08-18"},{"lineNumber":28,"author":{"gitId":"wxy1203"},"content":"        return \"[\" + this.getStatusIcon() + \"] \" + this.getDescription();","lastModifiedDate":"2022-08-18"},{"lineNumber":29,"author":{"gitId":"wxy1203"},"content":"    }","lastModifiedDate":"2022-08-18"},{"lineNumber":30,"author":{"gitId":"wxy1203"},"content":"}","lastModifiedDate":"2022-08-18"}],"authorContributionMap":{"wxy1203":30}},{"path":"src/main/java/Todo.java","fileType":"java","lines":[{"lineNumber":1,"author":{"gitId":"wxy1203"},"content":"public class Todo extends Task {","lastModifiedDate":"2022-08-18"},{"lineNumber":2,"author":{"gitId":"wxy1203"},"content":"","lastModifiedDate":"2022-08-18"},{"lineNumber":3,"author":{"gitId":"wxy1203"},"content":"    public Todo(String description) {","lastModifiedDate":"2022-08-18"},{"lineNumber":4,"author":{"gitId":"wxy1203"},"content":"        super(description);","lastModifiedDate":"2022-08-18"},{"lineNumber":5,"author":{"gitId":"wxy1203"},"content":"    }","lastModifiedDate":"2022-08-18"},{"lineNumber":6,"author":{"gitId":"wxy1203"},"content":"","lastModifiedDate":"2022-08-18"},{"lineNumber":7,"author":{"gitId":"wxy1203"},"content":"    @Override","lastModifiedDate":"2022-08-18"},{"lineNumber":8,"author":{"gitId":"wxy1203"},"content":"    public String toString() {","lastModifiedDate":"2022-08-18"},{"lineNumber":9,"author":{"gitId":"wxy1203"},"content":"        return \"[T]\" + super.toString();","lastModifiedDate":"2022-08-18"},{"lineNumber":10,"author":{"gitId":"wxy1203"},"content":"    }","lastModifiedDate":"2022-08-18"},{"lineNumber":11,"author":{"gitId":"wxy1203"},"content":"}","lastModifiedDate":"2022-08-18"}],"authorContributionMap":{"wxy1203":11}}]
