[{"path":"src/main/java/Actionable.java","fileType":"java","lines":[{"lineNumber":1,"author":{"gitId":"Hongyi6328"},"content":"public interface Actionable {","lastModifiedDate":"2022-08-18"},{"lineNumber":2,"author":{"gitId":"Hongyi6328"},"content":"    public void takeAction();","lastModifiedDate":"2022-08-18"},{"lineNumber":3,"author":{"gitId":"Hongyi6328"},"content":"}","lastModifiedDate":"2022-08-18"}],"authorContributionMap":{"Hongyi6328":3}},{"path":"src/main/java/Command.java","fileType":"java","lines":[{"lineNumber":1,"author":{"gitId":"Hongyi6328"},"content":"public abstract class Command implements Actionable {","lastModifiedDate":"2022-08-18"},{"lineNumber":2,"author":{"gitId":"Hongyi6328"},"content":"","lastModifiedDate":"2022-08-18"},{"lineNumber":3,"author":{"gitId":"Hongyi6328"},"content":"    CommandType commandType;","lastModifiedDate":"2022-08-18"},{"lineNumber":4,"author":{"gitId":"Hongyi6328"},"content":"","lastModifiedDate":"2022-08-18"},{"lineNumber":5,"author":{"gitId":"Hongyi6328"},"content":"    Command(CommandType commandType) {","lastModifiedDate":"2022-08-18"},{"lineNumber":6,"author":{"gitId":"Hongyi6328"},"content":"        this.commandType \u003d commandType;","lastModifiedDate":"2022-08-18"},{"lineNumber":7,"author":{"gitId":"Hongyi6328"},"content":"    }","lastModifiedDate":"2022-08-18"},{"lineNumber":8,"author":{"gitId":"Hongyi6328"},"content":"}","lastModifiedDate":"2022-08-18"}],"authorContributionMap":{"Hongyi6328":8}},{"path":"src/main/java/CommandParser.java","fileType":"java","lines":[{"lineNumber":1,"author":{"gitId":"Hongyi6328"},"content":"import java.util.HashMap;","lastModifiedDate":"2022-08-18"},{"lineNumber":2,"author":{"gitId":"Hongyi6328"},"content":"import java.util.Map;","lastModifiedDate":"2022-08-18"},{"lineNumber":3,"author":{"gitId":"Hongyi6328"},"content":"","lastModifiedDate":"2022-08-18"},{"lineNumber":4,"author":{"gitId":"Hongyi6328"},"content":"public class CommandParser {","lastModifiedDate":"2022-08-18"},{"lineNumber":5,"author":{"gitId":"Hongyi6328"},"content":"","lastModifiedDate":"2022-08-18"},{"lineNumber":6,"author":{"gitId":"Hongyi6328"},"content":"    private static final String DELIMITER \u003d \"/\";","lastModifiedDate":"2022-08-21"},{"lineNumber":7,"author":{"gitId":"Hongyi6328"},"content":"    private static final String BY_DATE_DELIMITER \u003d \"/by\";","lastModifiedDate":"2022-08-19"},{"lineNumber":8,"author":{"gitId":"Hongyi6328"},"content":"    private static final String AT_DATE_DELIMITER \u003d \"/at\";","lastModifiedDate":"2022-08-19"},{"lineNumber":9,"author":{"gitId":"Hongyi6328"},"content":"","lastModifiedDate":"2022-08-19"},{"lineNumber":10,"author":{"gitId":"Hongyi6328"},"content":"    static int getIndexOfFirstOccurrence(String input, String pattern) {","lastModifiedDate":"2022-08-21"},{"lineNumber":11,"author":{"gitId":"Hongyi6328"},"content":"        int indexOfFirstOccurrence \u003d input.indexOf(pattern);","lastModifiedDate":"2022-08-21"},{"lineNumber":12,"author":{"gitId":"Hongyi6328"},"content":"        if (indexOfFirstOccurrence \u003d\u003d -1) {","lastModifiedDate":"2022-08-21"},{"lineNumber":13,"author":{"gitId":"Hongyi6328"},"content":"            indexOfFirstOccurrence \u003d input.length();","lastModifiedDate":"2022-08-21"},{"lineNumber":14,"author":{"gitId":"Hongyi6328"},"content":"        }","lastModifiedDate":"2022-08-18"},{"lineNumber":15,"author":{"gitId":"Hongyi6328"},"content":"        return indexOfFirstOccurrence;","lastModifiedDate":"2022-08-21"},{"lineNumber":16,"author":{"gitId":"Hongyi6328"},"content":"    }","lastModifiedDate":"2022-08-18"},{"lineNumber":17,"author":{"gitId":"Hongyi6328"},"content":"","lastModifiedDate":"2022-08-21"},{"lineNumber":18,"author":{"gitId":"Hongyi6328"},"content":"    static int getIndexOfFirstWhiteSpace(String input) {","lastModifiedDate":"2022-08-21"},{"lineNumber":19,"author":{"gitId":"Hongyi6328"},"content":"        return getIndexOfFirstOccurrence(input, \" \");","lastModifiedDate":"2022-08-21"},{"lineNumber":20,"author":{"gitId":"Hongyi6328"},"content":"    }","lastModifiedDate":"2022-08-21"},{"lineNumber":21,"author":{"gitId":"Hongyi6328"},"content":"","lastModifiedDate":"2022-08-21"},{"lineNumber":22,"author":{"gitId":"Hongyi6328"},"content":"    static int getIndexOfFirstDelimiter(String input) {","lastModifiedDate":"2022-08-21"},{"lineNumber":23,"author":{"gitId":"Hongyi6328"},"content":"        return getIndexOfFirstOccurrence(input, DELIMITER);","lastModifiedDate":"2022-08-21"},{"lineNumber":24,"author":{"gitId":"Hongyi6328"},"content":"    }","lastModifiedDate":"2022-08-18"},{"lineNumber":25,"author":{"gitId":"Hongyi6328"},"content":"","lastModifiedDate":"2022-08-18"},{"lineNumber":26,"author":{"gitId":"Hongyi6328"},"content":"    static String getFirstWord(String input) {","lastModifiedDate":"2022-08-18"},{"lineNumber":27,"author":{"gitId":"Hongyi6328"},"content":"        int indexOfFirstWhiteSpace \u003d getIndexOfFirstWhiteSpace(input);","lastModifiedDate":"2022-08-18"},{"lineNumber":28,"author":{"gitId":"Hongyi6328"},"content":"        return input.substring(0, indexOfFirstWhiteSpace);","lastModifiedDate":"2022-08-18"},{"lineNumber":29,"author":{"gitId":"Hongyi6328"},"content":"    }","lastModifiedDate":"2022-08-18"},{"lineNumber":30,"author":{"gitId":"Hongyi6328"},"content":"","lastModifiedDate":"2022-08-18"},{"lineNumber":31,"author":{"gitId":"Hongyi6328"},"content":"    static String getByDate(String input) {","lastModifiedDate":"2022-08-19"},{"lineNumber":32,"author":{"gitId":"Hongyi6328"},"content":"        int indexOfDelimiter \u003d input.indexOf(BY_DATE_DELIMITER);","lastModifiedDate":"2022-08-19"},{"lineNumber":33,"author":{"gitId":"Hongyi6328"},"content":"        if (indexOfDelimiter \u003d\u003d -1) {","lastModifiedDate":"2022-08-19"},{"lineNumber":34,"author":{"gitId":"Hongyi6328"},"content":"            return null;","lastModifiedDate":"2022-08-19"},{"lineNumber":35,"author":{"gitId":"Hongyi6328"},"content":"        }","lastModifiedDate":"2022-08-19"},{"lineNumber":36,"author":{"gitId":"Hongyi6328"},"content":"        return input.substring(indexOfDelimiter + BY_DATE_DELIMITER.length(), input.length());","lastModifiedDate":"2022-08-19"},{"lineNumber":37,"author":{"gitId":"Hongyi6328"},"content":"    }","lastModifiedDate":"2022-08-19"},{"lineNumber":38,"author":{"gitId":"Hongyi6328"},"content":"","lastModifiedDate":"2022-08-19"},{"lineNumber":39,"author":{"gitId":"Hongyi6328"},"content":"    static String getAtDate(String input) {","lastModifiedDate":"2022-08-19"},{"lineNumber":40,"author":{"gitId":"Hongyi6328"},"content":"        int indexOfDelimiter \u003d input.indexOf(AT_DATE_DELIMITER);","lastModifiedDate":"2022-08-19"},{"lineNumber":41,"author":{"gitId":"Hongyi6328"},"content":"        if (indexOfDelimiter \u003d\u003d -1) {","lastModifiedDate":"2022-08-19"},{"lineNumber":42,"author":{"gitId":"Hongyi6328"},"content":"            return null;","lastModifiedDate":"2022-08-19"},{"lineNumber":43,"author":{"gitId":"Hongyi6328"},"content":"        }","lastModifiedDate":"2022-08-19"},{"lineNumber":44,"author":{"gitId":"Hongyi6328"},"content":"        return input.substring(indexOfDelimiter + AT_DATE_DELIMITER.length(), input.length());","lastModifiedDate":"2022-08-19"},{"lineNumber":45,"author":{"gitId":"Hongyi6328"},"content":"    }","lastModifiedDate":"2022-08-19"},{"lineNumber":46,"author":{"gitId":"Hongyi6328"},"content":"","lastModifiedDate":"2022-08-19"},{"lineNumber":47,"author":{"gitId":"Hongyi6328"},"content":"    static String getTaskTitle(String input) {","lastModifiedDate":"2022-08-19"},{"lineNumber":48,"author":{"gitId":"Hongyi6328"},"content":"        int indexOfStart \u003d getIndexOfFirstWhiteSpace(input);","lastModifiedDate":"2022-08-21"},{"lineNumber":49,"author":{"gitId":"Hongyi6328"},"content":"        int indexOfEnd \u003d indexOfStart","lastModifiedDate":"2022-08-21"},{"lineNumber":50,"author":{"gitId":"Hongyi6328"},"content":"                + getIndexOfFirstDelimiter(input.substring(indexOfStart + 1, input.length()))","lastModifiedDate":"2022-08-21"},{"lineNumber":51,"author":{"gitId":"Hongyi6328"},"content":"                + 1;","lastModifiedDate":"2022-08-19"},{"lineNumber":52,"author":{"gitId":"Hongyi6328"},"content":"        return input.substring(indexOfStart + 1, indexOfEnd);","lastModifiedDate":"2022-08-21"},{"lineNumber":53,"author":{"gitId":"Hongyi6328"},"content":"    }","lastModifiedDate":"2022-08-21"},{"lineNumber":54,"author":{"gitId":"Hongyi6328"},"content":"","lastModifiedDate":"2022-08-21"},{"lineNumber":55,"author":{"gitId":"Hongyi6328"},"content":"    static int getTaskIndexFromCommand(String input) {","lastModifiedDate":"2022-08-21"},{"lineNumber":56,"author":{"gitId":"Hongyi6328"},"content":"        int indexOfFirstWhiteSpace \u003d CommandParser.getIndexOfFirstWhiteSpace(input);","lastModifiedDate":"2022-08-21"},{"lineNumber":57,"author":{"gitId":"Hongyi6328"},"content":"        String tailSubString \u003d input.substring(indexOfFirstWhiteSpace, input.length());","lastModifiedDate":"2022-08-21"},{"lineNumber":58,"author":{"gitId":"Hongyi6328"},"content":"        tailSubString \u003d tailSubString.replace(\" \", \"\");","lastModifiedDate":"2022-08-21"},{"lineNumber":59,"author":{"gitId":"Hongyi6328"},"content":"        if (tailSubString.isEmpty()) {","lastModifiedDate":"2022-08-21"},{"lineNumber":60,"author":{"gitId":"Hongyi6328"},"content":"            return -1;","lastModifiedDate":"2022-08-21"},{"lineNumber":61,"author":{"gitId":"Hongyi6328"},"content":"        }","lastModifiedDate":"2022-08-21"},{"lineNumber":62,"author":{"gitId":"Hongyi6328"},"content":"        int taskIndex \u003d -1;","lastModifiedDate":"2022-08-21"},{"lineNumber":63,"author":{"gitId":"Hongyi6328"},"content":"        try {","lastModifiedDate":"2022-08-21"},{"lineNumber":64,"author":{"gitId":"Hongyi6328"},"content":"            taskIndex \u003d Integer.parseInt(tailSubString) - 1; // Minus 1 because user input indices start from 1","lastModifiedDate":"2022-08-21"},{"lineNumber":65,"author":{"gitId":"Hongyi6328"},"content":"        } catch (NumberFormatException ex) {","lastModifiedDate":"2022-08-21"},{"lineNumber":66,"author":{"gitId":"Hongyi6328"},"content":"            // No need to do anything, because the output will be -1","lastModifiedDate":"2022-08-21"},{"lineNumber":67,"author":{"gitId":"Hongyi6328"},"content":"            // which will be handled in the higher layer","lastModifiedDate":"2022-08-21"},{"lineNumber":68,"author":{"gitId":"Hongyi6328"},"content":"        }","lastModifiedDate":"2022-08-21"},{"lineNumber":69,"author":{"gitId":"Hongyi6328"},"content":"        return taskIndex;","lastModifiedDate":"2022-08-21"},{"lineNumber":70,"author":{"gitId":"Hongyi6328"},"content":"    }","lastModifiedDate":"2022-08-19"},{"lineNumber":71,"author":{"gitId":"Hongyi6328"},"content":"","lastModifiedDate":"2022-08-19"},{"lineNumber":72,"author":{"gitId":"Hongyi6328"},"content":"    private Map\u003cString, CommandType\u003e commandTypeMap;","lastModifiedDate":"2022-08-18"},{"lineNumber":73,"author":{"gitId":"Hongyi6328"},"content":"","lastModifiedDate":"2022-08-18"},{"lineNumber":74,"author":{"gitId":"Hongyi6328"},"content":"    CommandParser() {","lastModifiedDate":"2022-08-18"},{"lineNumber":75,"author":{"gitId":"Hongyi6328"},"content":"        commandTypeMap \u003d new HashMap\u003c\u003e();","lastModifiedDate":"2022-08-18"},{"lineNumber":76,"author":{"gitId":"Hongyi6328"},"content":"        CommandType[] commandTypes \u003d CommandType.class.getEnumConstants();","lastModifiedDate":"2022-08-18"},{"lineNumber":77,"author":{"gitId":"Hongyi6328"},"content":"        for (CommandType type: commandTypes) {","lastModifiedDate":"2022-08-18"},{"lineNumber":78,"author":{"gitId":"Hongyi6328"},"content":"            commandTypeMap.put(type.getCommandString(), type);","lastModifiedDate":"2022-08-18"},{"lineNumber":79,"author":{"gitId":"Hongyi6328"},"content":"        }","lastModifiedDate":"2022-08-18"},{"lineNumber":80,"author":{"gitId":"Hongyi6328"},"content":"    }","lastModifiedDate":"2022-08-18"},{"lineNumber":81,"author":{"gitId":"Hongyi6328"},"content":"","lastModifiedDate":"2022-08-18"},{"lineNumber":82,"author":{"gitId":"Hongyi6328"},"content":"    Actionable parse(String commandString) {","lastModifiedDate":"2022-08-18"},{"lineNumber":83,"author":{"gitId":"Hongyi6328"},"content":"        return new Command(CommandType.EXIT) {","lastModifiedDate":"2022-08-18"},{"lineNumber":84,"author":{"gitId":"Hongyi6328"},"content":"            @Override","lastModifiedDate":"2022-08-18"},{"lineNumber":85,"author":{"gitId":"Hongyi6328"},"content":"            public void takeAction() {","lastModifiedDate":"2022-08-18"},{"lineNumber":86,"author":{"gitId":"Hongyi6328"},"content":"","lastModifiedDate":"2022-08-18"},{"lineNumber":87,"author":{"gitId":"Hongyi6328"},"content":"            }","lastModifiedDate":"2022-08-18"},{"lineNumber":88,"author":{"gitId":"Hongyi6328"},"content":"        };","lastModifiedDate":"2022-08-18"},{"lineNumber":89,"author":{"gitId":"Hongyi6328"},"content":"    }","lastModifiedDate":"2022-08-18"},{"lineNumber":90,"author":{"gitId":"Hongyi6328"},"content":"}","lastModifiedDate":"2022-08-18"}],"authorContributionMap":{"Hongyi6328":90}},{"path":"src/main/java/CommandType.java","fileType":"java","lines":[{"lineNumber":1,"author":{"gitId":"Hongyi6328"},"content":"public enum CommandType {","lastModifiedDate":"2022-08-18"},{"lineNumber":2,"author":{"gitId":"Hongyi6328"},"content":"    EXIT(\"bye\");","lastModifiedDate":"2022-08-18"},{"lineNumber":3,"author":{"gitId":"Hongyi6328"},"content":"","lastModifiedDate":"2022-08-18"},{"lineNumber":4,"author":{"gitId":"Hongyi6328"},"content":"","lastModifiedDate":"2022-08-18"},{"lineNumber":5,"author":{"gitId":"Hongyi6328"},"content":"","lastModifiedDate":"2022-08-18"},{"lineNumber":6,"author":{"gitId":"Hongyi6328"},"content":"","lastModifiedDate":"2022-08-18"},{"lineNumber":7,"author":{"gitId":"Hongyi6328"},"content":"","lastModifiedDate":"2022-08-18"},{"lineNumber":8,"author":{"gitId":"Hongyi6328"},"content":"    private String commandString;","lastModifiedDate":"2022-08-18"},{"lineNumber":9,"author":{"gitId":"Hongyi6328"},"content":"","lastModifiedDate":"2022-08-18"},{"lineNumber":10,"author":{"gitId":"Hongyi6328"},"content":"    CommandType(String commandString) {","lastModifiedDate":"2022-08-18"},{"lineNumber":11,"author":{"gitId":"Hongyi6328"},"content":"        this.commandString \u003d commandString;","lastModifiedDate":"2022-08-18"},{"lineNumber":12,"author":{"gitId":"Hongyi6328"},"content":"    }","lastModifiedDate":"2022-08-18"},{"lineNumber":13,"author":{"gitId":"Hongyi6328"},"content":"","lastModifiedDate":"2022-08-18"},{"lineNumber":14,"author":{"gitId":"Hongyi6328"},"content":"    String getCommandString() {","lastModifiedDate":"2022-08-18"},{"lineNumber":15,"author":{"gitId":"Hongyi6328"},"content":"        return commandString;","lastModifiedDate":"2022-08-18"},{"lineNumber":16,"author":{"gitId":"Hongyi6328"},"content":"    }","lastModifiedDate":"2022-08-18"},{"lineNumber":17,"author":{"gitId":"Hongyi6328"},"content":"}","lastModifiedDate":"2022-08-18"}],"authorContributionMap":{"Hongyi6328":17}},{"path":"src/main/java/DeadlineTask.java","fileType":"java","lines":[{"lineNumber":1,"author":{"gitId":"Hongyi6328"},"content":"public class DeadlineTask extends Task {","lastModifiedDate":"2022-08-18"},{"lineNumber":2,"author":{"gitId":"Hongyi6328"},"content":"","lastModifiedDate":"2022-08-18"},{"lineNumber":3,"author":{"gitId":"Hongyi6328"},"content":"    private static final String LABEL \u003d \"D\";","lastModifiedDate":"2022-08-21"},{"lineNumber":4,"author":{"gitId":"Hongyi6328"},"content":"","lastModifiedDate":"2022-08-21"},{"lineNumber":5,"author":{"gitId":"Hongyi6328"},"content":"    private String deadline;","lastModifiedDate":"2022-08-21"},{"lineNumber":6,"author":{"gitId":"Hongyi6328"},"content":"","lastModifiedDate":"2022-08-18"},{"lineNumber":7,"author":{"gitId":"Hongyi6328"},"content":"    protected DeadlineTask(String taskTitle, String deadline) {","lastModifiedDate":"2022-08-18"},{"lineNumber":8,"author":{"gitId":"Hongyi6328"},"content":"        super(taskTitle, TaskType.DEADLINE);","lastModifiedDate":"2022-08-18"},{"lineNumber":9,"author":{"gitId":"Hongyi6328"},"content":"        this.deadline \u003d deadline;","lastModifiedDate":"2022-08-18"},{"lineNumber":10,"author":{"gitId":"Hongyi6328"},"content":"    }","lastModifiedDate":"2022-08-18"},{"lineNumber":11,"author":{"gitId":"Hongyi6328"},"content":"","lastModifiedDate":"2022-08-21"},{"lineNumber":12,"author":{"gitId":"Hongyi6328"},"content":"    @Override","lastModifiedDate":"2022-08-21"},{"lineNumber":13,"author":{"gitId":"Hongyi6328"},"content":"    public String toString() {","lastModifiedDate":"2022-08-21"},{"lineNumber":14,"author":{"gitId":"Hongyi6328"},"content":"        return super.getStringRepresentation(LABEL);","lastModifiedDate":"2022-08-21"},{"lineNumber":15,"author":{"gitId":"Hongyi6328"},"content":"    }","lastModifiedDate":"2022-08-21"},{"lineNumber":16,"author":{"gitId":"Hongyi6328"},"content":"}","lastModifiedDate":"2022-08-18"}],"authorContributionMap":{"Hongyi6328":16}},{"path":"src/main/java/Duke.java","fileType":"java","lines":[{"lineNumber":1,"author":{"gitId":"Hongyi6328"},"content":"import java.util.ArrayList;","lastModifiedDate":"2022-08-21"},{"lineNumber":2,"author":{"gitId":"Hongyi6328"},"content":"import java.util.List;","lastModifiedDate":"2022-08-18"},{"lineNumber":3,"author":{"gitId":"Hongyi6328"},"content":"import java.util.Scanner;","lastModifiedDate":"2022-08-18"},{"lineNumber":4,"author":{"gitId":"Hongyi6328"},"content":"","lastModifiedDate":"2022-08-18"},{"lineNumber":5,"author":{"gitId":"-"},"content":"public class Duke {","lastModifiedDate":"2019-07-29"},{"lineNumber":6,"author":{"gitId":"Hongyi6328"},"content":"","lastModifiedDate":"2022-08-18"},{"lineNumber":7,"author":{"gitId":"Hongyi6328"},"content":"    private static final String GREETING_MESSAGE \u003d \"Hi there! I\u0027 am Duke, your personal time manager.\"","lastModifiedDate":"2022-08-18"},{"lineNumber":8,"author":{"gitId":"Hongyi6328"},"content":"            + \"\\nWhat can I help you?\";","lastModifiedDate":"2022-08-18"},{"lineNumber":9,"author":{"gitId":"Hongyi6328"},"content":"    private static final String EXIT_OUTPUT_STRING \u003d \"Bye! See you next time!\";","lastModifiedDate":"2022-08-18"},{"lineNumber":10,"author":{"gitId":"Hongyi6328"},"content":"    private static final String EXIT_COMMAND_STRING \u003d \"bye\";","lastModifiedDate":"2022-08-18"},{"lineNumber":11,"author":{"gitId":"Hongyi6328"},"content":"    private static final String DISPLAY_LIST_COMMAND_STRING \u003d \"list\";","lastModifiedDate":"2022-08-18"},{"lineNumber":12,"author":{"gitId":"Hongyi6328"},"content":"    private static final String MARK_DONE_COMMAND_STRING \u003d \"mark\";","lastModifiedDate":"2022-08-18"},{"lineNumber":13,"author":{"gitId":"Hongyi6328"},"content":"    private static final String MARK_DONE_OUTPUT_STRING \u003d \"Good to hear that! I have marked this as done: \";","lastModifiedDate":"2022-08-18"},{"lineNumber":14,"author":{"gitId":"Hongyi6328"},"content":"    private static final String MARK_DONE_ERROR_STRING \u003d \"Oops! Do check the index range, and the format should be \\\"mark \u003cindex\u003e\\\"\";","lastModifiedDate":"2022-08-18"},{"lineNumber":15,"author":{"gitId":"Hongyi6328"},"content":"    private static final String MARK_UNDONE_COMMAND_STRING \u003d \"unmark\";","lastModifiedDate":"2022-08-18"},{"lineNumber":16,"author":{"gitId":"Hongyi6328"},"content":"    private static final String MARK_UNDONE_OUTPUT_STRING \u003d \"Sure, I have marked this as not done yet\";","lastModifiedDate":"2022-08-18"},{"lineNumber":17,"author":{"gitId":"Hongyi6328"},"content":"    private static final String MARK_UNDONE_ERROR_STRING \u003d \"Oops! Do check the index range, and the format should be \\\"unmark \u003cindex\u003e\\\"\";","lastModifiedDate":"2022-08-18"},{"lineNumber":18,"author":{"gitId":"Hongyi6328"},"content":"    private static final String GENERAL_ERROR_STRING \u003d \"Sorry, I don\u0027t understand that!\";","lastModifiedDate":"2022-08-18"},{"lineNumber":19,"author":{"gitId":"Hongyi6328"},"content":"    private static final String DELETE_COMMAND_STRING \u003d \"delete\";","lastModifiedDate":"2022-08-18"},{"lineNumber":20,"author":{"gitId":"Hongyi6328"},"content":"    private static final String DELETE_ERROR_STRING \u003d \"Oops! Do check the index range, and the format should be \\\"delete \u003cindex\u003e\\\"\";","lastModifiedDate":"2022-08-18"},{"lineNumber":21,"author":{"gitId":"Hongyi6328"},"content":"    private static final String DELETE_OUTPUT_STRING \u003d \"Sure, I have removed this task from the list: \";","lastModifiedDate":"2022-08-18"},{"lineNumber":22,"author":{"gitId":"Hongyi6328"},"content":"","lastModifiedDate":"2022-08-18"},{"lineNumber":23,"author":{"gitId":"Hongyi6328"},"content":"","lastModifiedDate":"2022-08-18"},{"lineNumber":24,"author":{"gitId":"Hongyi6328"},"content":"    List\u003cTask\u003e taskList;","lastModifiedDate":"2022-08-18"},{"lineNumber":25,"author":{"gitId":"Hongyi6328"},"content":"","lastModifiedDate":"2022-08-18"},{"lineNumber":26,"author":{"gitId":"Hongyi6328"},"content":"    Duke() {","lastModifiedDate":"2022-08-18"},{"lineNumber":27,"author":{"gitId":"Hongyi6328"},"content":"        this.taskList \u003d new ArrayList\u003c\u003e();","lastModifiedDate":"2022-08-21"},{"lineNumber":28,"author":{"gitId":"Hongyi6328"},"content":"    }","lastModifiedDate":"2022-08-18"},{"lineNumber":29,"author":{"gitId":"Hongyi6328"},"content":"","lastModifiedDate":"2022-08-18"},{"lineNumber":30,"author":{"gitId":"-"},"content":"    public static void main(String[] args) {","lastModifiedDate":"2019-07-29"},{"lineNumber":31,"author":{"gitId":"Hongyi6328"},"content":"        Duke chatBox \u003d new Duke();","lastModifiedDate":"2022-08-18"},{"lineNumber":32,"author":{"gitId":"Hongyi6328"},"content":"        chatBox.greet();","lastModifiedDate":"2022-08-18"},{"lineNumber":33,"author":{"gitId":"Hongyi6328"},"content":"        chatBox.standBy();","lastModifiedDate":"2022-08-18"},{"lineNumber":34,"author":{"gitId":"Hongyi6328"},"content":"    }","lastModifiedDate":"2022-08-18"},{"lineNumber":35,"author":{"gitId":"Hongyi6328"},"content":"","lastModifiedDate":"2022-08-18"},{"lineNumber":36,"author":{"gitId":"Hongyi6328"},"content":"    private void greet() {","lastModifiedDate":"2022-08-18"},{"lineNumber":37,"author":{"gitId":"Hongyi6328"},"content":"        System.out.println(GREETING_MESSAGE);","lastModifiedDate":"2022-08-18"},{"lineNumber":38,"author":{"gitId":"Hongyi6328"},"content":"    }","lastModifiedDate":"2022-08-18"},{"lineNumber":39,"author":{"gitId":"Hongyi6328"},"content":"","lastModifiedDate":"2022-08-18"},{"lineNumber":40,"author":{"gitId":"Hongyi6328"},"content":"    private String getListInfo() {","lastModifiedDate":"2022-08-18"},{"lineNumber":41,"author":{"gitId":"Hongyi6328"},"content":"        int len \u003d taskList.size();","lastModifiedDate":"2022-08-18"},{"lineNumber":42,"author":{"gitId":"Hongyi6328"},"content":"        StringBuilder stringBuilder \u003d new StringBuilder();","lastModifiedDate":"2022-08-18"},{"lineNumber":43,"author":{"gitId":"Hongyi6328"},"content":"        for (int i \u003d 0; i \u003c len; i++) {","lastModifiedDate":"2022-08-18"},{"lineNumber":44,"author":{"gitId":"Hongyi6328"},"content":"            stringBuilder","lastModifiedDate":"2022-08-18"},{"lineNumber":45,"author":{"gitId":"Hongyi6328"},"content":"                    .append(i + 1)","lastModifiedDate":"2022-08-21"},{"lineNumber":46,"author":{"gitId":"Hongyi6328"},"content":"                    .append(\". \")","lastModifiedDate":"2022-08-18"},{"lineNumber":47,"author":{"gitId":"Hongyi6328"},"content":"                    .append(taskList.get(i))","lastModifiedDate":"2022-08-18"},{"lineNumber":48,"author":{"gitId":"Hongyi6328"},"content":"                    .append(\u0027\\n\u0027);","lastModifiedDate":"2022-08-18"},{"lineNumber":49,"author":{"gitId":"Hongyi6328"},"content":"        }","lastModifiedDate":"2022-08-18"},{"lineNumber":50,"author":{"gitId":"Hongyi6328"},"content":"        return stringBuilder.toString();","lastModifiedDate":"2022-08-18"},{"lineNumber":51,"author":{"gitId":"Hongyi6328"},"content":"    }","lastModifiedDate":"2022-08-18"},{"lineNumber":52,"author":{"gitId":"Hongyi6328"},"content":"","lastModifiedDate":"2022-08-18"},{"lineNumber":53,"author":{"gitId":"Hongyi6328"},"content":"    private String addNewTask(String input) {","lastModifiedDate":"2022-08-18"},{"lineNumber":54,"author":{"gitId":"Hongyi6328"},"content":"        Task newTask \u003d Task.valueOf(input);","lastModifiedDate":"2022-08-18"},{"lineNumber":55,"author":{"gitId":"Hongyi6328"},"content":"        if (newTask \u003d\u003d null) {","lastModifiedDate":"2022-08-18"},{"lineNumber":56,"author":{"gitId":"Hongyi6328"},"content":"            return GENERAL_ERROR_STRING;","lastModifiedDate":"2022-08-18"},{"lineNumber":57,"author":{"gitId":"Hongyi6328"},"content":"        }","lastModifiedDate":"2022-08-18"},{"lineNumber":58,"author":{"gitId":"Hongyi6328"},"content":"        taskList.add(newTask);","lastModifiedDate":"2022-08-18"},{"lineNumber":59,"author":{"gitId":"Hongyi6328"},"content":"        return \"added: \" + newTask.toString();","lastModifiedDate":"2022-08-18"},{"lineNumber":60,"author":{"gitId":"Hongyi6328"},"content":"    }","lastModifiedDate":"2022-08-18"},{"lineNumber":61,"author":{"gitId":"Hongyi6328"},"content":"","lastModifiedDate":"2022-08-18"},{"lineNumber":62,"author":{"gitId":"Hongyi6328"},"content":"    private String markTaskDone(int index) {","lastModifiedDate":"2022-08-18"},{"lineNumber":63,"author":{"gitId":"Hongyi6328"},"content":"        if (index \u003c 0 || index \u003e\u003d taskList.size()) {","lastModifiedDate":"2022-08-18"},{"lineNumber":64,"author":{"gitId":"Hongyi6328"},"content":"            return MARK_DONE_ERROR_STRING; // error message","lastModifiedDate":"2022-08-18"},{"lineNumber":65,"author":{"gitId":"Hongyi6328"},"content":"        } else {","lastModifiedDate":"2022-08-18"},{"lineNumber":66,"author":{"gitId":"Hongyi6328"},"content":"            Task targetTask \u003d taskList.get(index);","lastModifiedDate":"2022-08-18"},{"lineNumber":67,"author":{"gitId":"Hongyi6328"},"content":"            targetTask.markDone();","lastModifiedDate":"2022-08-18"},{"lineNumber":68,"author":{"gitId":"Hongyi6328"},"content":"            return MARK_DONE_OUTPUT_STRING","lastModifiedDate":"2022-08-18"},{"lineNumber":69,"author":{"gitId":"Hongyi6328"},"content":"                    + \"\\n    \"","lastModifiedDate":"2022-08-18"},{"lineNumber":70,"author":{"gitId":"Hongyi6328"},"content":"                    + targetTask;","lastModifiedDate":"2022-08-18"},{"lineNumber":71,"author":{"gitId":"Hongyi6328"},"content":"        }","lastModifiedDate":"2022-08-18"},{"lineNumber":72,"author":{"gitId":"Hongyi6328"},"content":"    }","lastModifiedDate":"2022-08-18"},{"lineNumber":73,"author":{"gitId":"Hongyi6328"},"content":"","lastModifiedDate":"2022-08-18"},{"lineNumber":74,"author":{"gitId":"Hongyi6328"},"content":"    private String markTaskUndone(int index) {","lastModifiedDate":"2022-08-18"},{"lineNumber":75,"author":{"gitId":"Hongyi6328"},"content":"        if (index \u003c 0 || index \u003e\u003d taskList.size()) {","lastModifiedDate":"2022-08-18"},{"lineNumber":76,"author":{"gitId":"Hongyi6328"},"content":"            return MARK_UNDONE_ERROR_STRING; // error message","lastModifiedDate":"2022-08-18"},{"lineNumber":77,"author":{"gitId":"Hongyi6328"},"content":"        } else {","lastModifiedDate":"2022-08-18"},{"lineNumber":78,"author":{"gitId":"Hongyi6328"},"content":"            Task targetTask \u003d taskList.get(index);","lastModifiedDate":"2022-08-18"},{"lineNumber":79,"author":{"gitId":"Hongyi6328"},"content":"            targetTask.markUndone();","lastModifiedDate":"2022-08-18"},{"lineNumber":80,"author":{"gitId":"Hongyi6328"},"content":"            return MARK_UNDONE_OUTPUT_STRING","lastModifiedDate":"2022-08-18"},{"lineNumber":81,"author":{"gitId":"Hongyi6328"},"content":"                    + \"\\n    \"","lastModifiedDate":"2022-08-18"},{"lineNumber":82,"author":{"gitId":"Hongyi6328"},"content":"                    + targetTask;","lastModifiedDate":"2022-08-18"},{"lineNumber":83,"author":{"gitId":"Hongyi6328"},"content":"        }","lastModifiedDate":"2022-08-18"},{"lineNumber":84,"author":{"gitId":"Hongyi6328"},"content":"    }","lastModifiedDate":"2022-08-18"},{"lineNumber":85,"author":{"gitId":"Hongyi6328"},"content":"","lastModifiedDate":"2022-08-18"},{"lineNumber":86,"author":{"gitId":"Hongyi6328"},"content":"    private String deleteTask(int index) {","lastModifiedDate":"2022-08-18"},{"lineNumber":87,"author":{"gitId":"Hongyi6328"},"content":"        if (index \u003c 0 || index \u003e\u003d taskList.size()) {","lastModifiedDate":"2022-08-18"},{"lineNumber":88,"author":{"gitId":"Hongyi6328"},"content":"            return DELETE_ERROR_STRING; // error message","lastModifiedDate":"2022-08-18"},{"lineNumber":89,"author":{"gitId":"Hongyi6328"},"content":"        } else {","lastModifiedDate":"2022-08-18"},{"lineNumber":90,"author":{"gitId":"Hongyi6328"},"content":"            Task removedTask \u003d taskList.remove(index);","lastModifiedDate":"2022-08-18"},{"lineNumber":91,"author":{"gitId":"Hongyi6328"},"content":"            return DELETE_OUTPUT_STRING","lastModifiedDate":"2022-08-18"},{"lineNumber":92,"author":{"gitId":"Hongyi6328"},"content":"                    + \"\\n    \"","lastModifiedDate":"2022-08-18"},{"lineNumber":93,"author":{"gitId":"Hongyi6328"},"content":"                    + removedTask;","lastModifiedDate":"2022-08-18"},{"lineNumber":94,"author":{"gitId":"Hongyi6328"},"content":"        }","lastModifiedDate":"2022-08-18"},{"lineNumber":95,"author":{"gitId":"Hongyi6328"},"content":"    }","lastModifiedDate":"2022-08-18"},{"lineNumber":96,"author":{"gitId":"Hongyi6328"},"content":"","lastModifiedDate":"2022-08-18"},{"lineNumber":97,"author":{"gitId":"Hongyi6328"},"content":"    private void standBy() {","lastModifiedDate":"2022-08-18"},{"lineNumber":98,"author":{"gitId":"Hongyi6328"},"content":"        Scanner scanner \u003d new Scanner(System.in);","lastModifiedDate":"2022-08-18"},{"lineNumber":99,"author":{"gitId":"Hongyi6328"},"content":"        boolean quited \u003d false;","lastModifiedDate":"2022-08-18"},{"lineNumber":100,"author":{"gitId":"Hongyi6328"},"content":"        String output \u003d \"\";","lastModifiedDate":"2022-08-18"},{"lineNumber":101,"author":{"gitId":"Hongyi6328"},"content":"","lastModifiedDate":"2022-08-18"},{"lineNumber":102,"author":{"gitId":"Hongyi6328"},"content":"        while (!quited) {","lastModifiedDate":"2022-08-18"},{"lineNumber":103,"author":{"gitId":"Hongyi6328"},"content":"            String nextLine \u003d scanner.nextLine();","lastModifiedDate":"2022-08-18"},{"lineNumber":104,"author":{"gitId":"Hongyi6328"},"content":"            if (nextLine.isEmpty()) {","lastModifiedDate":"2022-08-18"},{"lineNumber":105,"author":{"gitId":"Hongyi6328"},"content":"                continue;","lastModifiedDate":"2022-08-18"},{"lineNumber":106,"author":{"gitId":"Hongyi6328"},"content":"            }","lastModifiedDate":"2022-08-18"},{"lineNumber":107,"author":{"gitId":"Hongyi6328"},"content":"","lastModifiedDate":"2022-08-18"},{"lineNumber":108,"author":{"gitId":"Hongyi6328"},"content":"            boolean commandFetched \u003d true;","lastModifiedDate":"2022-08-18"},{"lineNumber":109,"author":{"gitId":"Hongyi6328"},"content":"","lastModifiedDate":"2022-08-18"},{"lineNumber":110,"author":{"gitId":"Hongyi6328"},"content":"            String firstWord \u003d CommandParser.getFirstWord(nextLine);","lastModifiedDate":"2022-08-18"},{"lineNumber":111,"author":{"gitId":"Hongyi6328"},"content":"            int index \u003d CommandParser.getTaskIndexFromCommand(nextLine);","lastModifiedDate":"2022-08-21"},{"lineNumber":112,"author":{"gitId":"Hongyi6328"},"content":"            switch (firstWord) {","lastModifiedDate":"2022-08-18"},{"lineNumber":113,"author":{"gitId":"Hongyi6328"},"content":"            case (MARK_DONE_COMMAND_STRING):","lastModifiedDate":"2022-08-18"},{"lineNumber":114,"author":{"gitId":"Hongyi6328"},"content":"                output \u003d markTaskDone(index);","lastModifiedDate":"2022-08-18"},{"lineNumber":115,"author":{"gitId":"Hongyi6328"},"content":"                break;","lastModifiedDate":"2022-08-18"},{"lineNumber":116,"author":{"gitId":"Hongyi6328"},"content":"","lastModifiedDate":"2022-08-18"},{"lineNumber":117,"author":{"gitId":"Hongyi6328"},"content":"            case (MARK_UNDONE_COMMAND_STRING):","lastModifiedDate":"2022-08-18"},{"lineNumber":118,"author":{"gitId":"Hongyi6328"},"content":"                output \u003d markTaskUndone(index);","lastModifiedDate":"2022-08-18"},{"lineNumber":119,"author":{"gitId":"Hongyi6328"},"content":"                break;","lastModifiedDate":"2022-08-18"},{"lineNumber":120,"author":{"gitId":"Hongyi6328"},"content":"","lastModifiedDate":"2022-08-18"},{"lineNumber":121,"author":{"gitId":"Hongyi6328"},"content":"            case (DELETE_COMMAND_STRING):","lastModifiedDate":"2022-08-18"},{"lineNumber":122,"author":{"gitId":"Hongyi6328"},"content":"                output \u003d deleteTask(index);","lastModifiedDate":"2022-08-18"},{"lineNumber":123,"author":{"gitId":"Hongyi6328"},"content":"                break;","lastModifiedDate":"2022-08-18"},{"lineNumber":124,"author":{"gitId":"Hongyi6328"},"content":"","lastModifiedDate":"2022-08-18"},{"lineNumber":125,"author":{"gitId":"Hongyi6328"},"content":"            default:","lastModifiedDate":"2022-08-18"},{"lineNumber":126,"author":{"gitId":"Hongyi6328"},"content":"                commandFetched \u003d false;","lastModifiedDate":"2022-08-18"},{"lineNumber":127,"author":{"gitId":"Hongyi6328"},"content":"                break;","lastModifiedDate":"2022-08-18"},{"lineNumber":128,"author":{"gitId":"Hongyi6328"},"content":"            }","lastModifiedDate":"2022-08-18"},{"lineNumber":129,"author":{"gitId":"Hongyi6328"},"content":"","lastModifiedDate":"2022-08-18"},{"lineNumber":130,"author":{"gitId":"Hongyi6328"},"content":"            if (!commandFetched) {","lastModifiedDate":"2022-08-18"},{"lineNumber":131,"author":{"gitId":"Hongyi6328"},"content":"                switch (nextLine) {","lastModifiedDate":"2022-08-18"},{"lineNumber":132,"author":{"gitId":"Hongyi6328"},"content":"                case (EXIT_COMMAND_STRING):","lastModifiedDate":"2022-08-18"},{"lineNumber":133,"author":{"gitId":"Hongyi6328"},"content":"                    output \u003d EXIT_OUTPUT_STRING;","lastModifiedDate":"2022-08-18"},{"lineNumber":134,"author":{"gitId":"Hongyi6328"},"content":"                    quited \u003d true;","lastModifiedDate":"2022-08-18"},{"lineNumber":135,"author":{"gitId":"Hongyi6328"},"content":"                    break;","lastModifiedDate":"2022-08-18"},{"lineNumber":136,"author":{"gitId":"Hongyi6328"},"content":"","lastModifiedDate":"2022-08-18"},{"lineNumber":137,"author":{"gitId":"Hongyi6328"},"content":"                case (DISPLAY_LIST_COMMAND_STRING):","lastModifiedDate":"2022-08-18"},{"lineNumber":138,"author":{"gitId":"Hongyi6328"},"content":"                    output \u003d getListInfo();","lastModifiedDate":"2022-08-18"},{"lineNumber":139,"author":{"gitId":"Hongyi6328"},"content":"                    break;","lastModifiedDate":"2022-08-18"},{"lineNumber":140,"author":{"gitId":"Hongyi6328"},"content":"","lastModifiedDate":"2022-08-18"},{"lineNumber":141,"author":{"gitId":"Hongyi6328"},"content":"                default:","lastModifiedDate":"2022-08-18"},{"lineNumber":142,"author":{"gitId":"Hongyi6328"},"content":"                    output \u003d addNewTask(nextLine);","lastModifiedDate":"2022-08-18"},{"lineNumber":143,"author":{"gitId":"Hongyi6328"},"content":"                    commandFetched \u003d false;","lastModifiedDate":"2022-08-18"},{"lineNumber":144,"author":{"gitId":"Hongyi6328"},"content":"                    break;","lastModifiedDate":"2022-08-18"},{"lineNumber":145,"author":{"gitId":"Hongyi6328"},"content":"                }","lastModifiedDate":"2022-08-18"},{"lineNumber":146,"author":{"gitId":"Hongyi6328"},"content":"            }","lastModifiedDate":"2022-08-18"},{"lineNumber":147,"author":{"gitId":"Hongyi6328"},"content":"","lastModifiedDate":"2022-08-18"},{"lineNumber":148,"author":{"gitId":"Hongyi6328"},"content":"            System.out.println(OutputFormatter.formatOutput(output));","lastModifiedDate":"2022-08-18"},{"lineNumber":149,"author":{"gitId":"Hongyi6328"},"content":"        }","lastModifiedDate":"2022-08-18"},{"lineNumber":150,"author":{"gitId":"-"},"content":"    }","lastModifiedDate":"2019-07-29"},{"lineNumber":151,"author":{"gitId":"-"},"content":"}","lastModifiedDate":"2019-07-29"}],"authorContributionMap":{"Hongyi6328":147,"-":4}},{"path":"src/main/java/EventTask.java","fileType":"java","lines":[{"lineNumber":1,"author":{"gitId":"Hongyi6328"},"content":"public class EventTask extends Task {","lastModifiedDate":"2022-08-19"},{"lineNumber":2,"author":{"gitId":"Hongyi6328"},"content":"","lastModifiedDate":"2022-08-18"},{"lineNumber":3,"author":{"gitId":"Hongyi6328"},"content":"    private static final String LABEL \u003d \"E\";","lastModifiedDate":"2022-08-21"},{"lineNumber":4,"author":{"gitId":"Hongyi6328"},"content":"","lastModifiedDate":"2022-08-21"},{"lineNumber":5,"author":{"gitId":"Hongyi6328"},"content":"    private String dateTime;","lastModifiedDate":"2022-08-21"},{"lineNumber":6,"author":{"gitId":"Hongyi6328"},"content":"","lastModifiedDate":"2022-08-18"},{"lineNumber":7,"author":{"gitId":"Hongyi6328"},"content":"    protected EventTask(String taskTitle, String dateTime) {","lastModifiedDate":"2022-08-19"},{"lineNumber":8,"author":{"gitId":"Hongyi6328"},"content":"        super(taskTitle, TaskType.EVENT);","lastModifiedDate":"2022-08-18"},{"lineNumber":9,"author":{"gitId":"Hongyi6328"},"content":"        this.dateTime \u003d dateTime;","lastModifiedDate":"2022-08-18"},{"lineNumber":10,"author":{"gitId":"Hongyi6328"},"content":"    }","lastModifiedDate":"2022-08-18"},{"lineNumber":11,"author":{"gitId":"Hongyi6328"},"content":"","lastModifiedDate":"2022-08-21"},{"lineNumber":12,"author":{"gitId":"Hongyi6328"},"content":"    @Override","lastModifiedDate":"2022-08-21"},{"lineNumber":13,"author":{"gitId":"Hongyi6328"},"content":"    public String toString() {","lastModifiedDate":"2022-08-21"},{"lineNumber":14,"author":{"gitId":"Hongyi6328"},"content":"        return super.getStringRepresentation(LABEL);","lastModifiedDate":"2022-08-21"},{"lineNumber":15,"author":{"gitId":"Hongyi6328"},"content":"    }","lastModifiedDate":"2022-08-21"},{"lineNumber":16,"author":{"gitId":"Hongyi6328"},"content":"}","lastModifiedDate":"2022-08-18"}],"authorContributionMap":{"Hongyi6328":16}},{"path":"src/main/java/ExceptionActionable.java","fileType":"java","lines":[{"lineNumber":1,"author":{"gitId":"Hongyi6328"},"content":"public interface ExceptionActionable extends Actionable {","lastModifiedDate":"2022-08-18"},{"lineNumber":2,"author":{"gitId":"Hongyi6328"},"content":"}","lastModifiedDate":"2022-08-18"}],"authorContributionMap":{"Hongyi6328":2}},{"path":"src/main/java/OutputFormatter.java","fileType":"java","lines":[{"lineNumber":1,"author":{"gitId":"Hongyi6328"},"content":"public class OutputFormatter {","lastModifiedDate":"2022-08-18"},{"lineNumber":2,"author":{"gitId":"Hongyi6328"},"content":"    private static final String HORIZONTAL_BAR \u003d \"-------------------------\";","lastModifiedDate":"2022-08-18"},{"lineNumber":3,"author":{"gitId":"Hongyi6328"},"content":"","lastModifiedDate":"2022-08-18"},{"lineNumber":4,"author":{"gitId":"Hongyi6328"},"content":"    public static String formatOutput(String output) {","lastModifiedDate":"2022-08-18"},{"lineNumber":5,"author":{"gitId":"Hongyi6328"},"content":"        return HORIZONTAL_BAR + \u0027\\n\u0027 + output + \u0027\\n\u0027 + HORIZONTAL_BAR + \u0027\\n\u0027 + \u0027\\n\u0027;","lastModifiedDate":"2022-08-18"},{"lineNumber":6,"author":{"gitId":"Hongyi6328"},"content":"    }","lastModifiedDate":"2022-08-18"},{"lineNumber":7,"author":{"gitId":"Hongyi6328"},"content":"}","lastModifiedDate":"2022-08-18"}],"authorContributionMap":{"Hongyi6328":7}},{"path":"src/main/java/Task.java","fileType":"java","lines":[{"lineNumber":1,"author":{"gitId":"Hongyi6328"},"content":"public abstract class Task {","lastModifiedDate":"2022-08-18"},{"lineNumber":2,"author":{"gitId":"Hongyi6328"},"content":"","lastModifiedDate":"2022-08-18"},{"lineNumber":3,"author":{"gitId":"Hongyi6328"},"content":"    private static final String TODO_TASK_COMMAND_STRING \u003d \"todo\";","lastModifiedDate":"2022-08-19"},{"lineNumber":4,"author":{"gitId":"Hongyi6328"},"content":"    private static final String EVENT_TASK_COMMAND_STRING \u003d \"event\";","lastModifiedDate":"2022-08-19"},{"lineNumber":5,"author":{"gitId":"Hongyi6328"},"content":"    private static final String DEADLINE_TASK_COMMAND_STRING \u003d \"deadline\";","lastModifiedDate":"2022-08-19"},{"lineNumber":6,"author":{"gitId":"Hongyi6328"},"content":"","lastModifiedDate":"2022-08-19"},{"lineNumber":7,"author":{"gitId":"Hongyi6328"},"content":"    // TODO: Try to combine the string literals in line with TaskType","lastModifiedDate":"2022-08-19"},{"lineNumber":8,"author":{"gitId":"Hongyi6328"},"content":"","lastModifiedDate":"2022-08-19"},{"lineNumber":9,"author":{"gitId":"Hongyi6328"},"content":"    public static Task valueOf(String input) {","lastModifiedDate":"2022-08-18"},{"lineNumber":10,"author":{"gitId":"Hongyi6328"},"content":"        String firstWord \u003d CommandParser.getFirstWord(input);","lastModifiedDate":"2022-08-19"},{"lineNumber":11,"author":{"gitId":"Hongyi6328"},"content":"","lastModifiedDate":"2022-08-19"},{"lineNumber":12,"author":{"gitId":"Hongyi6328"},"content":"        String taskTitle \u003d \"\";","lastModifiedDate":"2022-08-19"},{"lineNumber":13,"author":{"gitId":"Hongyi6328"},"content":"        String dateTime \u003d \"\";","lastModifiedDate":"2022-08-19"},{"lineNumber":14,"author":{"gitId":"Hongyi6328"},"content":"        switch (firstWord) {","lastModifiedDate":"2022-08-19"},{"lineNumber":15,"author":{"gitId":"Hongyi6328"},"content":"        case (TODO_TASK_COMMAND_STRING):","lastModifiedDate":"2022-08-19"},{"lineNumber":16,"author":{"gitId":"Hongyi6328"},"content":"            taskTitle \u003d CommandParser.getTaskTitle(input);","lastModifiedDate":"2022-08-19"},{"lineNumber":17,"author":{"gitId":"Hongyi6328"},"content":"            return new ToDoTask(taskTitle);","lastModifiedDate":"2022-08-19"},{"lineNumber":18,"author":{"gitId":"Hongyi6328"},"content":"","lastModifiedDate":"2022-08-19"},{"lineNumber":19,"author":{"gitId":"Hongyi6328"},"content":"        case (EVENT_TASK_COMMAND_STRING):","lastModifiedDate":"2022-08-19"},{"lineNumber":20,"author":{"gitId":"Hongyi6328"},"content":"            taskTitle \u003d CommandParser.getTaskTitle(input);","lastModifiedDate":"2022-08-19"},{"lineNumber":21,"author":{"gitId":"Hongyi6328"},"content":"            dateTime \u003d CommandParser.getByDate(input);","lastModifiedDate":"2022-08-19"},{"lineNumber":22,"author":{"gitId":"Hongyi6328"},"content":"            return new EventTask(taskTitle, dateTime);","lastModifiedDate":"2022-08-19"},{"lineNumber":23,"author":{"gitId":"Hongyi6328"},"content":"","lastModifiedDate":"2022-08-19"},{"lineNumber":24,"author":{"gitId":"Hongyi6328"},"content":"        case (DEADLINE_TASK_COMMAND_STRING):","lastModifiedDate":"2022-08-19"},{"lineNumber":25,"author":{"gitId":"Hongyi6328"},"content":"            taskTitle \u003d CommandParser.getTaskTitle(input);","lastModifiedDate":"2022-08-19"},{"lineNumber":26,"author":{"gitId":"Hongyi6328"},"content":"            dateTime \u003d CommandParser.getAtDate(input);","lastModifiedDate":"2022-08-19"},{"lineNumber":27,"author":{"gitId":"Hongyi6328"},"content":"            return new DeadlineTask(taskTitle, dateTime);","lastModifiedDate":"2022-08-19"},{"lineNumber":28,"author":{"gitId":"Hongyi6328"},"content":"","lastModifiedDate":"2022-08-19"},{"lineNumber":29,"author":{"gitId":"Hongyi6328"},"content":"        default:","lastModifiedDate":"2022-08-19"},{"lineNumber":30,"author":{"gitId":"Hongyi6328"},"content":"            return null;","lastModifiedDate":"2022-08-19"},{"lineNumber":31,"author":{"gitId":"Hongyi6328"},"content":"        }","lastModifiedDate":"2022-08-19"},{"lineNumber":32,"author":{"gitId":"Hongyi6328"},"content":"    }","lastModifiedDate":"2022-08-18"},{"lineNumber":33,"author":{"gitId":"Hongyi6328"},"content":"","lastModifiedDate":"2022-08-18"},{"lineNumber":34,"author":{"gitId":"Hongyi6328"},"content":"    protected String taskTitle;","lastModifiedDate":"2022-08-18"},{"lineNumber":35,"author":{"gitId":"Hongyi6328"},"content":"    protected boolean done;","lastModifiedDate":"2022-08-18"},{"lineNumber":36,"author":{"gitId":"Hongyi6328"},"content":"    protected TaskType taskType;","lastModifiedDate":"2022-08-18"},{"lineNumber":37,"author":{"gitId":"Hongyi6328"},"content":"","lastModifiedDate":"2022-08-18"},{"lineNumber":38,"author":{"gitId":"Hongyi6328"},"content":"    protected Task(String taskTitle, TaskType taskType) {","lastModifiedDate":"2022-08-18"},{"lineNumber":39,"author":{"gitId":"Hongyi6328"},"content":"        this(taskTitle, false, taskType);","lastModifiedDate":"2022-08-18"},{"lineNumber":40,"author":{"gitId":"Hongyi6328"},"content":"    }","lastModifiedDate":"2022-08-18"},{"lineNumber":41,"author":{"gitId":"Hongyi6328"},"content":"","lastModifiedDate":"2022-08-18"},{"lineNumber":42,"author":{"gitId":"Hongyi6328"},"content":"    protected Task(String taskTitle, boolean done, TaskType taskType) {","lastModifiedDate":"2022-08-18"},{"lineNumber":43,"author":{"gitId":"Hongyi6328"},"content":"        this.taskTitle \u003d taskTitle;","lastModifiedDate":"2022-08-18"},{"lineNumber":44,"author":{"gitId":"Hongyi6328"},"content":"        this.done \u003d done;","lastModifiedDate":"2022-08-18"},{"lineNumber":45,"author":{"gitId":"Hongyi6328"},"content":"        this.taskType \u003d taskType;","lastModifiedDate":"2022-08-18"},{"lineNumber":46,"author":{"gitId":"Hongyi6328"},"content":"    }","lastModifiedDate":"2022-08-18"},{"lineNumber":47,"author":{"gitId":"Hongyi6328"},"content":"","lastModifiedDate":"2022-08-18"},{"lineNumber":48,"author":{"gitId":"Hongyi6328"},"content":"    void markDone() {","lastModifiedDate":"2022-08-18"},{"lineNumber":49,"author":{"gitId":"Hongyi6328"},"content":"        done \u003d true;","lastModifiedDate":"2022-08-21"},{"lineNumber":50,"author":{"gitId":"Hongyi6328"},"content":"    }","lastModifiedDate":"2022-08-18"},{"lineNumber":51,"author":{"gitId":"Hongyi6328"},"content":"","lastModifiedDate":"2022-08-18"},{"lineNumber":52,"author":{"gitId":"Hongyi6328"},"content":"    void markUndone() {","lastModifiedDate":"2022-08-18"},{"lineNumber":53,"author":{"gitId":"Hongyi6328"},"content":"        done \u003d false;","lastModifiedDate":"2022-08-21"},{"lineNumber":54,"author":{"gitId":"Hongyi6328"},"content":"    }","lastModifiedDate":"2022-08-18"},{"lineNumber":55,"author":{"gitId":"Hongyi6328"},"content":"","lastModifiedDate":"2022-08-18"},{"lineNumber":56,"author":{"gitId":"Hongyi6328"},"content":"    protected String getStringRepresentation(String label) {","lastModifiedDate":"2022-08-21"},{"lineNumber":57,"author":{"gitId":"Hongyi6328"},"content":"        return \"[\"","lastModifiedDate":"2022-08-18"},{"lineNumber":58,"author":{"gitId":"Hongyi6328"},"content":"                + (done ? \"X\" : \" \")","lastModifiedDate":"2022-08-18"},{"lineNumber":59,"author":{"gitId":"Hongyi6328"},"content":"                + \"] \"","lastModifiedDate":"2022-08-18"},{"lineNumber":60,"author":{"gitId":"Hongyi6328"},"content":"                + \"[\"","lastModifiedDate":"2022-08-21"},{"lineNumber":61,"author":{"gitId":"Hongyi6328"},"content":"                + label","lastModifiedDate":"2022-08-21"},{"lineNumber":62,"author":{"gitId":"Hongyi6328"},"content":"                + \"] \"","lastModifiedDate":"2022-08-21"},{"lineNumber":63,"author":{"gitId":"Hongyi6328"},"content":"                + taskTitle;","lastModifiedDate":"2022-08-18"},{"lineNumber":64,"author":{"gitId":"Hongyi6328"},"content":"    }","lastModifiedDate":"2022-08-18"},{"lineNumber":65,"author":{"gitId":"Hongyi6328"},"content":"}","lastModifiedDate":"2022-08-18"}],"authorContributionMap":{"Hongyi6328":65}},{"path":"src/main/java/TaskType.java","fileType":"java","lines":[{"lineNumber":1,"author":{"gitId":"Hongyi6328"},"content":"public enum TaskType {","lastModifiedDate":"2022-08-18"},{"lineNumber":2,"author":{"gitId":"Hongyi6328"},"content":"    TODO(\"todo\"),","lastModifiedDate":"2022-08-18"},{"lineNumber":3,"author":{"gitId":"Hongyi6328"},"content":"    EVENT(\"event\"),","lastModifiedDate":"2022-08-18"},{"lineNumber":4,"author":{"gitId":"Hongyi6328"},"content":"    DEADLINE(\"deadline\");","lastModifiedDate":"2022-08-18"},{"lineNumber":5,"author":{"gitId":"Hongyi6328"},"content":"","lastModifiedDate":"2022-08-18"},{"lineNumber":6,"author":{"gitId":"Hongyi6328"},"content":"    private final String stringRepresentation;","lastModifiedDate":"2022-08-19"},{"lineNumber":7,"author":{"gitId":"Hongyi6328"},"content":"    TaskType(String stringRepresentation) {","lastModifiedDate":"2022-08-18"},{"lineNumber":8,"author":{"gitId":"Hongyi6328"},"content":"        this.stringRepresentation \u003d stringRepresentation;","lastModifiedDate":"2022-08-18"},{"lineNumber":9,"author":{"gitId":"Hongyi6328"},"content":"    }","lastModifiedDate":"2022-08-18"},{"lineNumber":10,"author":{"gitId":"Hongyi6328"},"content":"","lastModifiedDate":"2022-08-18"},{"lineNumber":11,"author":{"gitId":"Hongyi6328"},"content":"    @Override","lastModifiedDate":"2022-08-18"},{"lineNumber":12,"author":{"gitId":"Hongyi6328"},"content":"    public String toString() {","lastModifiedDate":"2022-08-18"},{"lineNumber":13,"author":{"gitId":"Hongyi6328"},"content":"        return stringRepresentation;","lastModifiedDate":"2022-08-18"},{"lineNumber":14,"author":{"gitId":"Hongyi6328"},"content":"    }","lastModifiedDate":"2022-08-18"},{"lineNumber":15,"author":{"gitId":"Hongyi6328"},"content":"}","lastModifiedDate":"2022-08-18"}],"authorContributionMap":{"Hongyi6328":15}},{"path":"src/main/java/ToDoTask.java","fileType":"java","lines":[{"lineNumber":1,"author":{"gitId":"Hongyi6328"},"content":"public class ToDoTask extends Task {","lastModifiedDate":"2022-08-18"},{"lineNumber":2,"author":{"gitId":"Hongyi6328"},"content":"","lastModifiedDate":"2022-08-18"},{"lineNumber":3,"author":{"gitId":"Hongyi6328"},"content":"    private static final String LABEL \u003d \"T\";","lastModifiedDate":"2022-08-21"},{"lineNumber":4,"author":{"gitId":"Hongyi6328"},"content":"","lastModifiedDate":"2022-08-21"},{"lineNumber":5,"author":{"gitId":"Hongyi6328"},"content":"    protected ToDoTask(String taskTitle) {","lastModifiedDate":"2022-08-18"},{"lineNumber":6,"author":{"gitId":"Hongyi6328"},"content":"        super(taskTitle, TaskType.TODO);","lastModifiedDate":"2022-08-18"},{"lineNumber":7,"author":{"gitId":"Hongyi6328"},"content":"    }","lastModifiedDate":"2022-08-18"},{"lineNumber":8,"author":{"gitId":"Hongyi6328"},"content":"","lastModifiedDate":"2022-08-21"},{"lineNumber":9,"author":{"gitId":"Hongyi6328"},"content":"    @Override","lastModifiedDate":"2022-08-21"},{"lineNumber":10,"author":{"gitId":"Hongyi6328"},"content":"    public String toString() {","lastModifiedDate":"2022-08-21"},{"lineNumber":11,"author":{"gitId":"Hongyi6328"},"content":"        return super.getStringRepresentation(LABEL);","lastModifiedDate":"2022-08-21"},{"lineNumber":12,"author":{"gitId":"Hongyi6328"},"content":"    }","lastModifiedDate":"2022-08-21"},{"lineNumber":13,"author":{"gitId":"Hongyi6328"},"content":"}","lastModifiedDate":"2022-08-18"}],"authorContributionMap":{"Hongyi6328":13}}]
