{"authorDailyContributionsMap":{"Hongyi6328":[{"date":"2022-08-18","commitResults":[{"hash":"bd892f8e2d54f2a64f2efc23c9e18400a3821c3b","messageTitle":"Complete Level-1","messageBody":"","tags":["Level-2"],"fileTypesAndContributionMap":{"java":{"insertions":15,"deletions":0}}},{"hash":"3b88ec68e63a8395c7f967f25345c4c908b1a037","messageTitle":"Complete Level-2","messageBody":"","fileTypesAndContributionMap":{"java":{"insertions":142,"deletions":12}}},{"hash":"5bdf241fb47b9ffafbc1f5346b458f710c91b9f8","messageTitle":"Modify Duke.java","messageBody":"We try not to use that many classes by this time.\n","tags":["Level-3"],"fileTypesAndContributionMap":{"java":{"insertions":42,"deletions":52}}},{"hash":"c3227cacfd82e36551511dd9b9e0849b5137a5fd","messageTitle":"Complete Level-3","messageBody":"","tags":["Level-4"],"fileTypesAndContributionMap":{"java":{"insertions":83,"deletions":1}}},{"hash":"e9796851a4d5f565220b42aac173a5eb9c46059f","messageTitle":"Add Level-4, error handling","messageBody":"","tags":["A-Enums"],"fileTypesAndContributionMap":{"java":{"insertions":2,"deletions":2}}},{"hash":"a08dfc373f15c3ea403acd4ad4bdece1f8cdfaa5","messageTitle":"Add command fetcher","messageBody":"","tags":["Level-5"],"fileTypesAndContributionMap":{"java":{"insertions":49,"deletions":24}}},{"hash":"5c3be38858b283b1841f6410eeeac1eb509d490c","messageTitle":"Complete Level 5","messageBody":"","tags":["Level-6"],"fileTypesAndContributionMap":{"java":{"insertions":54,"deletions":28}}},{"hash":"5e38be55c39a6c10c295554633d40eaeb9543e68","messageTitle":"Add the delete function","messageBody":"","fileTypesAndContributionMap":{"java":{"insertions":22,"deletions":4}}},{"hash":"c8aeacb93d26d5baec91d3544b8c2cca88bf206c","messageTitle":"Add 3 subclasses: TodoTask, DeadlineTask, and EventTask","messageBody":"","tags":["A-TextUiTesting"],"fileTypesAndContributionMap":{"java":{"insertions":24,"deletions":0}}}]},{"date":"2022-08-19","commitResults":[{"hash":"e5df599f3b2ddc86712331a5276e1f97411896bb","messageTitle":"Complete A-TextUiTesting","messageBody":"","tags":["Level-1"],"fileTypesAndContributionMap":{"java":{"insertions":58,"deletions":4}}}]},{"date":"2022-08-21","commitResults":[{"hash":"fa149ce857f6d916841904a82bba570cf64983b4","messageTitle":"Improve string representations of different tasks","messageBody":"","fileTypesAndContributionMap":{"java":{"insertions":30,"deletions":8}}},{"hash":"de499de19b63805baaaf7a1e39ea4f6b141a9259","messageTitle":"Rectify the index system such that indices are more in common sense","messageBody":"","fileTypesAndContributionMap":{"java":{"insertions":39,"deletions":32}}}]},{"date":"2022-08-22","commitResults":[{"hash":"d6c7c73749921fa0800585ce4981f8ad77ada837","messageTitle":"Create packages","messageBody":"","fileTypesAndContributionMap":{"java":{"insertions":0,"deletions":0}}},{"hash":"154c531a52099efb91c1d74ff4ef130a6ddb2def","messageTitle":"Create packages","messageBody":"","fileTypesAndContributionMap":{"java":{"insertions":50,"deletions":35},"md":{"insertions":2,"deletions":2}}},{"hash":"cb0dca51a3ab03539391ec1734ccaf4c8dea4dfd","messageTitle":"Fix some minor bugs","messageBody":"","fileTypesAndContributionMap":{"java":{"insertions":23,"deletions":12}}}]},{"date":"2022-08-24","commitResults":[{"hash":"164202a1a406f2f58d653e8623b761a1ff0451ac","messageTitle":"Fix some bugs","messageBody":"","fileTypesAndContributionMap":{"java":{"insertions":127,"deletions":57}}},{"hash":"025d39d57a794324970b77705190d79dff859a22","messageTitle":"Add more exception classes","messageBody":"","fileTypesAndContributionMap":{"java":{"insertions":102,"deletions":33}}}]},{"date":"2022-08-25","commitResults":[{"hash":"c874adc1ab00f335f834d287cd93e64e428255b5","messageTitle":"Add a save function","messageBody":"","tags":["Level-7"],"fileTypesAndContributionMap":{"java":{"insertions":74,"deletions":2}}},{"hash":"55d15bb9f5dccf897de4583c607ef869d10b0c72","messageTitle":"Add a DateTimeFormatter","messageBody":"","fileTypesAndContributionMap":{"java":{"insertions":68,"deletions":24}}},{"hash":"a1c14d3c1e75af7d1a4ab2019621e9b748b471b2","messageTitle":"Resolve conflicts between master and branch-Level-8","messageBody":"","fileTypesAndContributionMap":{"java":{"insertions":8,"deletions":8}}},{"hash":"4e8eaa00de56ccaf8060a0d8fe7c12ee45d3aabd","messageTitle":"Resolve conflicts between master and branch-Level-8","messageBody":"","fileTypesAndContributionMap":{"java":{"insertions":4,"deletions":2}}},{"hash":"773411d9a339f88ff6fd6560e7721a18b5e8af6e","messageTitle":"Resolve conflicts between master and branch-Level-8","messageBody":"","fileTypesAndContributionMap":{"java":{"insertions":7,"deletions":7}}},{"hash":"3caaf867c453c3d0ca697ab30633c18733d6cf8f","messageTitle":"Add packages","messageBody":"","tags":["A-MoreOOP"],"fileTypesAndContributionMap":{"java":{"insertions":5,"deletions":5}}},{"hash":"e6239d3b2b468029631e952483a91672cfb4b286","messageTitle":"Add More OOP","messageBody":"","fileTypesAndContributionMap":{"java":{"insertions":179,"deletions":145}}},{"hash":"464f8d8ad2e975e5a28051cf330eec0c8f4a3b2e","messageTitle":"Fix some bugs","messageBody":"","fileTypesAndContributionMap":{"java":{"insertions":56,"deletions":38}}},{"hash":"b582098c15ef858162d3ac6fe8b1e5aa985ec7a7","messageTitle":"Add unit test cases","messageBody":"","tags":["v0.1","A-Jar","A-JUnit"],"fileTypesAndContributionMap":{"java":{"insertions":46,"deletions":0}}},{"hash":"42fdc0588dbe8b1db78d96eccc3e4b2e40ba2deb","messageTitle":"Release a jar file","messageBody":"","fileTypesAndContributionMap":{"java":{"insertions":11,"deletions":10}}},{"hash":"53c6b009b36130b93bfe6537f44d31df98f636bb","messageTitle":"Remove unused variables","messageBody":"","fileTypesAndContributionMap":{"java":{"insertions":0,"deletions":1}}},{"hash":"69f4de8eb5977aa1b23ffe06c9c67a658c1acb7f","messageTitle":"Add Level 9","messageBody":"","fileTypesAndContributionMap":{"java":{"insertions":45,"deletions":3}}},{"hash":"5e5e03f25a7212520971d21c0ec081d91ab5f78f","messageTitle":"Reconstruct the code","messageBody":"","fileTypesAndContributionMap":{"java":{"insertions":95,"deletions":61}}},{"hash":"14950c2cfe1918fb1d4a788fb5798cca4a77a50c","messageTitle":"Reconstruct classes","messageBody":"","fileTypesAndContributionMap":{"java":{"insertions":238,"deletions":5}}},{"hash":"fbe3d40ce393eb3a6f52c7e948885b25ed801a21","messageTitle":"Add JavaDoc","messageBody":"","fileTypesAndContributionMap":{"java":{"insertions":70,"deletions":0}}}]},{"date":"2022-08-26","commitResults":[{"hash":"fc19d0aaf8d87b5daa0ff63970e249bf6a362811","messageTitle":"Fix some bugs","messageBody":"","fileTypesAndContributionMap":{"java":{"insertions":90,"deletions":24}}},{"hash":"1962de2b4ac890bff960d5b852b58051b8b4c3fa","messageTitle":"Fix some bugs","messageBody":"","fileTypesAndContributionMap":{"java":{"insertions":138,"deletions":116}}},{"hash":"705540285622df933202045f50f95ea9c7f2ae8d","messageTitle":"Reorganise code and classes","messageBody":"","tags":["v1.0"],"fileTypesAndContributionMap":{"java":{"insertions":249,"deletions":268}}},{"hash":"20a42d44e5dae7e4a39ab1eb25be35e962af21ce","messageTitle":"Add checkstyle config","messageBody":"","fileTypesAndContributionMap":{"gradle":{"insertions":6,"deletions":0},"txt":{"insertions":1,"deletions":0},"java":{"insertions":22,"deletions":11}}},{"hash":"a4619fbd2dfb19cc4f6f64084b28c0475103a6fc","messageTitle":"Check code style","messageBody":"","fileTypesAndContributionMap":{"java":{"insertions":98,"deletions":174}}},{"hash":"f9a8e176545ba1af202f75355c3f25d3c38fbf88","messageTitle":"Add more JavaDoc","messageBody":"","fileTypesAndContributionMap":{"java":{"insertions":186,"deletions":36}}},{"hash":"291b9b81cb1695fabc26b6cd5dd4d4ae5ed0d615","messageTitle":"Add more JavaDoc","messageBody":"","fileTypesAndContributionMap":{"java":{"insertions":63,"deletions":13}}}]},{"date":"2022-08-27","commitResults":[{"hash":"f662fab726b80358e9c13f24a889d491797e7f75","messageTitle":"Add more JavaDoc","messageBody":"","fileTypesAndContributionMap":{"java":{"insertions":222,"deletions":9}}},{"hash":"c58d1ab9441a20968ebc6ca1d72b8f88d8fc3259","messageTitle":"Optmize imports and disable wildcard imports","messageBody":"","fileTypesAndContributionMap":{"java":{"insertions":23,"deletions":3}}},{"hash":"5546e4a28ec572bb3efbd6be9f86a7f3d3464374","messageTitle":"Fix some bugs","messageBody":"","fileTypesAndContributionMap":{"txt":{"insertions":1,"deletions":1},"java":{"insertions":18,"deletions":17},"bat":{"insertions":1,"deletions":2}}},{"hash":"1fffb7a853024f18ab5cd45cb6d15886d9b87ad2","messageTitle":"Add more tests","messageBody":"","fileTypesAndContributionMap":{"txt":{"insertions":33,"deletions":1},"java":{"insertions":1,"deletions":1}}}]},{"date":"2022-08-31","commitResults":[{"hash":"8fc40fcca233d25a19801b5f04f06eba257a6bd3","messageTitle":"Refine code to follow conventions","messageBody":"","tags":["A-CheckStyle"],"fileTypesAndContributionMap":{"java":{"insertions":34,"deletions":50},"md":{"insertions":2,"deletions":2}}}]},{"date":"2022-09-01","commitResults":[{"hash":"eff03158145910bab3a4fa57bf7c1e27640bb142","messageTitle":"Finish checkstyle configuration","messageBody":"","fileTypesAndContributionMap":{"txt":{"insertions":0,"deletions":1}}},{"hash":"5e9d3b4b58f0b1634793bc75c3e854dace51833d","messageTitle":"Improve code quality","messageBody":"","tags":["Level-10"],"fileTypesAndContributionMap":{"java":{"insertions":24,"deletions":24}}},{"hash":"a28bc87db307e8444391ea2770ced2a70c9b4ce6","messageTitle":"Add JavaFX","messageBody":"","fileTypesAndContributionMap":{"gradle":{"insertions":16,"deletions":0},"java":{"insertions":26,"deletions":1}}},{"hash":"3241d763d478e64e85798f4f27c73aa4ed498f08","messageTitle":"Build a better GUI","messageBody":"","fileTypesAndContributionMap":{"java":{"insertions":99,"deletions":7}}},{"hash":"9837a4ade326e37537fca670ed0e2801691af98d","messageTitle":"Add more powerful GUI features","messageBody":"","tags":["A-Varargs"],"fileTypesAndContributionMap":{"java":{"insertions":98,"deletions":1}}},{"hash":"c8a50c60fa3ac2d4565e7442394ca4d30e1335af","messageTitle":"Add varargs syntax sugar","messageBody":"","fileTypesAndContributionMap":{"fxml":{"insertions":35,"deletions":0},"java":{"insertions":3,"deletions":3}}},{"hash":"223c40b40c6b5084c27bd256a351334527519e7f","messageTitle":"Correct coding standard violations","messageBody":"","fileTypesAndContributionMap":{"java":{"insertions":1,"deletions":1}}},{"hash":"2a394550468921a68b0373d62a9bf82702d32146","messageTitle":"Change Ui class name to CliUi","messageBody":"","fileTypesAndContributionMap":{"java":{"insertions":69,"deletions":69}}}]},{"date":"2022-09-02","commitResults":[{"hash":"d7ecaaadb9684c0e77c2633ade6f2f1c8347a3b7","messageTitle":"Catch up commits from branch-Level-10","messageBody":"","fileTypesAndContributionMap":{"java":{"insertions":0,"deletions":2}}}]}]},"authorFileTypeContributionMap":{"Hongyi6328":{"java":1794,"md":0,"fxml":35,"sh":0,"bat":1,"gradle":22,"txt":32}},"authorContributionVariance":{"Hongyi6328":157516.61},"authorDisplayNameMap":{"Hongyi6328":"CS2103T-T09-2 HUAN..NGYI"}}
