{"authorDailyContributionsMap":{"Thing1Thing2":[{"date":"2022-08-13","commitResults":[{"hash":"0673395102f3b26cf68c397585b8cff9ccfeb49a","messageTitle":"Greet,Echo,Exit","messageBody":"","fileTypesAndContributionMap":{"java":{"insertions":19,"deletions":0}}},{"hash":"a4efbbed752802b27b7200f219e92b231b110a71","messageTitle":"Change logo","messageBody":"","fileTypesAndContributionMap":{"java":{"insertions":7,"deletions":5}}},{"hash":"4a4b40b126438f1b53f3455f2f800ce6ec097c12","messageTitle":"Added greetUser() and handleInput() methods","messageBody":"","tags":["Level-1"],"fileTypesAndContributionMap":{"java":{"insertions":25,"deletions":19}}},{"hash":"05e320e86268d0ed8707104cbe1f3a60464e076f","messageTitle":"Added ArrayList to store user input history","messageBody":"","fileTypesAndContributionMap":{"java":{"insertions":5,"deletions":1}}},{"hash":"431f476dec2bf2a37d59e288e2d72bf3240d5c07","messageTitle":"Outline addToHistory() and showHistory()","messageBody":"","fileTypesAndContributionMap":{"java":{"insertions":15,"deletions":0}}},{"hash":"c737dd96b67c03d81174af0bc10b973c030a388e","messageTitle":"Define addToHistory() and showHistory() body","messageBody":"","fileTypesAndContributionMap":{"java":{"insertions":5,"deletions":5}}},{"hash":"0be8202b49bee9d70387bedf936754b8d2df6d66","messageTitle":"handleChange(): manage history","messageBody":"","fileTypesAndContributionMap":{"java":{"insertions":5,"deletions":3}}},{"hash":"a1d6ecfb8198531a09eb7f676a54a0f1930c9660","messageTitle":"Add border to list","messageBody":"","tags":["Level-2"],"fileTypesAndContributionMap":{"java":{"insertions":2,"deletions":0}}},{"hash":"74f824b9a3dd5c0d29ad45da363ce4ee14306a58","messageTitle":"Define Task class","messageBody":"","fileTypesAndContributionMap":{"java":{"insertions":21,"deletions":0}}},{"hash":"ab1a04302743c78923c71d1271b9b3bb78ae8d13","messageTitle":"Task: define markAsDone() and markAsNotDone()","messageBody":"","fileTypesAndContributionMap":{"java":{"insertions":8,"deletions":0}}},{"hash":"06712280babd4f0ebda3c0a0b8ae12cf2efe2914","messageTitle":"Task: define markAsDone() and markAsNotDone() body","messageBody":"","fileTypesAndContributionMap":{"java":{"insertions":2,"deletions":2}}},{"hash":"a5f1744df5366cf6633ed61545da66674c9ad22e","messageTitle":"Redefine userInputHistory to ArrayList\u003cTask\u003e","messageBody":"","fileTypesAndContributionMap":{"java":{"insertions":1,"deletions":1}}},{"hash":"c78adb8886c3e8c1a0467404ab67281c433f803f","messageTitle":"addToHistory() handle Task addition","messageBody":"","fileTypesAndContributionMap":{"java":{"insertions":2,"deletions":1}}},{"hash":"4cb6b166dd77ffd7a8e279bb4cbb64a921c10f00","messageTitle":"Remove static declaration of methods","messageBody":"","fileTypesAndContributionMap":{"java":{"insertions":4,"deletions":4}}},{"hash":"c3a9566fa6b818d356b915698fd0d27f1368548a","messageTitle":"showHistory() employs getStatus() to print list","messageBody":"","fileTypesAndContributionMap":{"java":{"insertions":8,"deletions":1}}},{"hash":"0a748bf84364cebb697d5a24a76cea32dbd75a97","messageTitle":"change method header","messageBody":"","fileTypesAndContributionMap":{"java":{"insertions":4,"deletions":4}}},{"hash":"242f8a065db77aedc4acd9d76c8b292be46ccc9a","messageTitle":"Make Task Class static","messageBody":"","fileTypesAndContributionMap":{"java":{"insertions":1,"deletions":1}}},{"hash":"42dbc8eff4504b5faef091c7db4013b7387d0b96","messageTitle":"Create markTask() and unmarkTask()","messageBody":"","fileTypesAndContributionMap":{"java":{"insertions":22,"deletions":1}}},{"hash":"cadce57e2b0d6f8c58b5e91bc512dc80c3957653","messageTitle":"Add indexing to showHistory()","messageBody":"","fileTypesAndContributionMap":{"java":{"insertions":7,"deletions":2}}},{"hash":"74bd539b4be6bd8dcb86ec8f274e0d661c8ea12f","messageTitle":"Define getTaskNumber()","messageBody":"","fileTypesAndContributionMap":{"java":{"insertions":12,"deletions":0}}},{"hash":"f30b32563add3837fd815128fc4c4ce35826fcd4","messageTitle":"Fix newline additions","messageBody":"","fileTypesAndContributionMap":{"java":{"insertions":17,"deletions":12}}},{"hash":"b6dbf1a83f8ac71f6ca724ce64023a503c6dfd3f","messageTitle":"\u003e\u003e symbol distinguishes user input","messageBody":"","tags":["Level-3"],"fileTypesAndContributionMap":{"java":{"insertions":1,"deletions":1}}},{"hash":"ed293ad5437ce90ea801ab845c427ffff05394d6","messageTitle":"Correct check mark symbol","messageBody":"","fileTypesAndContributionMap":{"java":{"insertions":3,"deletions":2}}},{"hash":"606d0640d73da50d1f1f148f91fb7cacfa009924","messageTitle":"Change greetMessage logo format","messageBody":"","fileTypesAndContributionMap":{"java":{"insertions":2,"deletions":1}}}]},{"date":"2022-08-14","commitResults":[{"hash":"2ef068ab177616d2fa1f2c000b586c3eb1389b58","messageTitle":"Add toString() method to Task","messageBody":"","fileTypesAndContributionMap":{"java":{"insertions":18,"deletions":16}}},{"hash":"307c5da0a128c74863c6c87fa483309edfaf1041","messageTitle":"Handle nextLine() exception","messageBody":"","fileTypesAndContributionMap":{"java":{"insertions":14,"deletions":5}}},{"hash":"bfca9703ac04255ce5d1c6ff98f81fe3cc28e95f","messageTitle":"Create Deadline Class","messageBody":"","fileTypesAndContributionMap":{"java":{"insertions":14,"deletions":0}}},{"hash":"88d37eb4d8ea9ab6676a47eba285325d4f03c597","messageTitle":"Create Task and Deadline class files","messageBody":"","fileTypesAndContributionMap":{"java":{"insertions":49,"deletions":51}}},{"hash":"469762b02bf6ad6621db1ee440d37b99f94a4e69","messageTitle":"Define toString() (Deadline, Task, Event)","messageBody":"","fileTypesAndContributionMap":{"java":{"insertions":34,"deletions":3}}},{"hash":"af4091e5b0949baf844bf67fc8240cc9100120a0","messageTitle":"Redefine addToHistory -\u003e addTaskToHistory","messageBody":"","fileTypesAndContributionMap":{"java":{"insertions":9,"deletions":5}}},{"hash":"96de2b4dc00f9b606c729c8408b8e701bc6c4afd","messageTitle":"Created addEventToHistory() and handleEvent()","messageBody":"","fileTypesAndContributionMap":{"java":{"insertions":21,"deletions":2}}},{"hash":"9d020ee6a5aa08743306521dc0fa195c60123da2","messageTitle":"Connect AddEventToHistory and handleEvent","messageBody":"","fileTypesAndContributionMap":{"java":{"insertions":13,"deletions":2}}},{"hash":"822ff8081db66712ec24085ef06c81e889739d5b","messageTitle":"Connect AddDeadlineToHistory and handleDeadline","messageBody":"","fileTypesAndContributionMap":{"java":{"insertions":38,"deletions":12}}},{"hash":"b06f79c49799d5023cb5c52cd87c4d6d1ba6018f","messageTitle":"Add newline to unmarkTask","messageBody":"","tags":["Level-4"],"fileTypesAndContributionMap":{"java":{"insertions":2,"deletions":1}}},{"hash":"16186043a669d713aa95505677a0801c656156b2","messageTitle":"Create 2 test cases","messageBody":"","fileTypesAndContributionMap":{"txt":{"insertions":4,"deletions":0},"java":{"insertions":1,"deletions":1},"bat":{"insertions":16,"deletions":16},"sh":{"insertions":0,"deletions":38}}},{"hash":"404071f9af9035d0d88e38242fbd1a264e96f769","messageTitle":"Add Input2, Input3, Input4 test cases","messageBody":"","fileTypesAndContributionMap":{"txt":{"insertions":10,"deletions":0},"bat":{"insertions":5,"deletions":2}}},{"hash":"78e3d5eed1a938c5057a0b2b2445dc60a6ac407e","messageTitle":"Add Input5 test case","messageBody":"","tags":["A-TextUiTesting"],"fileTypesAndContributionMap":{"txt":{"insertions":7,"deletions":0},"bat":{"insertions":2,"deletions":1}}},{"hash":"8088753536715c6cfb320b49d708007af10e11c1","messageTitle":"Create DukeException class","messageBody":"","fileTypesAndContributionMap":{"java":{"insertions":5,"deletions":1}}}]},{"date":"2022-08-15","commitResults":[{"hash":"c1bbdb5df56598cdaa433e9c1b750ff37950fcb8","messageTitle":"Create getDate() and getDescription()","messageBody":"","fileTypesAndContributionMap":{"java":{"insertions":60,"deletions":10}}},{"hash":"e827f9d29136be16ed02d65d45c0a5d7de769636","messageTitle":"Define getDate() body","messageBody":"","fileTypesAndContributionMap":{"java":{"insertions":43,"deletions":8}}},{"hash":"5631087086212e150e0d6d92a60df5137bda5f5f","messageTitle":"Redefine handleTask bodies","messageBody":"","fileTypesAndContributionMap":{"java":{"insertions":13,"deletions":36}}},{"hash":"61f2280c9bb389404b0063c05e0572e53c85703e","messageTitle":"Define getDescription() body","messageBody":"","fileTypesAndContributionMap":{"java":{"insertions":11,"deletions":3}}},{"hash":"72b35985d2af53481e6b1946ae049b999d0f961f","messageTitle":"Marking error fixes","messageBody":"","tags":["Level-5"],"fileTypesAndContributionMap":{"java":{"insertions":26,"deletions":11}}},{"hash":"4e4421ee52386306b0cc205bfcc20d5b277af11c","messageTitle":"Create enums","messageBody":"","fileTypesAndContributionMap":{"java":{"insertions":2,"deletions":0}}},{"hash":"5173026c9b8454257660a9105d827daab0870e7a","messageTitle":"Create getCommand()","messageBody":"","fileTypesAndContributionMap":{"java":{"insertions":14,"deletions":2}}},{"hash":"6744144c254f7701f3c0c3534304dd29fd96427e","messageTitle":"Move to switch statement","messageBody":"","fileTypesAndContributionMap":{"java":{"insertions":43,"deletions":26}}},{"hash":"9a558eb649207e6a856e5917b0366eb1484041ed","messageTitle":"Finish shift to switch","messageBody":"","tags":["A-Enums"],"fileTypesAndContributionMap":{"java":{"insertions":21,"deletions":16}}}]},{"date":"2022-08-18","commitResults":[{"hash":"b4cd92fefe16ea4295c85fc17f938818e264cee1","messageTitle":"Add deleteTask","messageBody":"","fileTypesAndContributionMap":{"java":{"insertions":15,"deletions":1}}},{"hash":"cf75b2c0b4e3c2ed95dbbfdbb1aec55b50f0fba8","messageTitle":"Throw DukeException deleteTask","messageBody":"","fileTypesAndContributionMap":{"java":{"insertions":11,"deletions":2}}},{"hash":"a57f71b64aa7b3234d099e54def328cb87def900","messageTitle":"Remove handleDelete","messageBody":"","fileTypesAndContributionMap":{"java":{"insertions":1,"deletions":5}}},{"hash":"c8f53ab275fe6543e0bb968191b57add5b578216","messageTitle":"Add missing break","messageBody":"","tags":["Level-6","A-Collections"],"fileTypesAndContributionMap":{"java":{"insertions":4,"deletions":7}}}]},{"date":"2022-08-20","commitResults":[{"hash":"325cbbdfe8ebd9b908791d862a10ffe31421d84d","messageTitle":"Create UserInputHistory class","messageBody":"","fileTypesAndContributionMap":{"java":{"insertions":2,"deletions":0}}},{"hash":"c6766ba6e184c81024d0a220862702c4872ca328","messageTitle":"UserInputHistory class: move Duke methods here","messageBody":"","fileTypesAndContributionMap":{"java":{"insertions":93,"deletions":89}}},{"hash":"5d89d2a295cab7c2e2889c639133a3242a944b67","messageTitle":"Shift to separate UserInputHistory class","messageBody":"","fileTypesAndContributionMap":{"java":{"insertions":54,"deletions":45}}},{"hash":"600e466290614ac833f746206b242725c5a2444f","messageTitle":"UserInputHistory class: complete shift","messageBody":"","fileTypesAndContributionMap":{"java":{"insertions":13,"deletions":12}}},{"hash":"7a3288f5833a59d7c3e5358ab1778bdbe0102a89","messageTitle":"Duke class: Remove import ArrayList","messageBody":"","fileTypesAndContributionMap":{"java":{"insertions":0,"deletions":1}}}]}]},"authorFileTypeContributionMap":{"Thing1Thing2":{"java":409,"md":0,"fxml":0,"sh":0,"bat":8,"gradle":0,"txt":21}},"authorContributionVariance":{"Thing1Thing2":27647.582},"authorDisplayNameMap":{"Thing1Thing2":"TINA..RWAL"}}
