{"authorDailyContributionsMap":{"Ugholaf":[{"date":"2022-08-17","commitResults":[{"hash":"b4d01f0016e456ea1c816fbcd09715913cf11aa4","messageTitle":"Add echo and exit","messageBody":"","tags":["Level-1"],"fileTypesAndContributionMap":{"java":{"insertions":46,"deletions":2}}},{"hash":"ce3897304b4fbf57583eb900e55b3136334f585f","messageTitle":"Include add and list feature","messageBody":"","tags":["Level-2"],"fileTypesAndContributionMap":{"java":{"insertions":23,"deletions":3}}},{"hash":"2bc1be56d3d7ca49c9b66f00fe1bc038cb5e8379","messageTitle":"Create Task class","messageBody":"","fileTypesAndContributionMap":{"java":{"insertions":26,"deletions":0}}},{"hash":"2c6d2533d43d851dfbae0157457dde90b52ef463","messageTitle":"Add mark and unmark feature","messageBody":"","tags":["Level-3"],"fileTypesAndContributionMap":{"java":{"insertions":69,"deletions":15}}}]},{"date":"2022-08-18","commitResults":[{"hash":"55f85083a1fef8ddd099a52334e42dc425ebc23b","messageTitle":"Refactor executeCommand method","messageBody":"","fileTypesAndContributionMap":{"java":{"insertions":24,"deletions":35}}},{"hash":"c30debd82a67b5ba159180222c2ac23af78524b9","messageTitle":"Create Todo, Event and Deadline class","messageBody":"","fileTypesAndContributionMap":{"java":{"insertions":36,"deletions":0}}},{"hash":"48679699cc123b8696640988af2884cf61881295","messageTitle":"Add support for tracking Todos, Events and Deadlines","messageBody":"","tags":["Level-4"],"fileTypesAndContributionMap":{"java":{"insertions":45,"deletions":8}}},{"hash":"849b74529ebf14c410dbaa2c3afae752a9a6f7d2","messageTitle":"Create DukeException class","messageBody":"","fileTypesAndContributionMap":{"java":{"insertions":5,"deletions":0}}},{"hash":"9991e460a500ace24ee4f3480385d509314139fe","messageTitle":"Use DukeException to handle errors","messageBody":"","tags":["Level-5"],"fileTypesAndContributionMap":{"java":{"insertions":103,"deletions":63}}},{"hash":"76cd1ad96be641c1634a16ff56e8917803960c28","messageTitle":"Add delete tasks feature","messageBody":"","tags":["Level-6"],"fileTypesAndContributionMap":{"java":{"insertions":28,"deletions":3}}},{"hash":"cf894ac946d39ed76d354aac91776b33a753469c","messageTitle":"Update error message","messageBody":"","fileTypesAndContributionMap":{"java":{"insertions":13,"deletions":13}}},{"hash":"405a09b20c5aa987a1be5117a5c2ecc76dcf9e4f","messageTitle":"Update test files","messageBody":"","tags":["A-TextUiTesting"],"fileTypesAndContributionMap":{"txt":{"insertions":15,"deletions":0}}},{"hash":"a269b9e5db6a2ba75ded0bd84d415936f23797b7","messageTitle":"Add TaskType Enum","messageBody":"","fileTypesAndContributionMap":{"java":{"insertions":14,"deletions":0}}},{"hash":"f6a638c3c023da3a474168e78aaea55c55ce4dcc","messageTitle":"Refactor methods to add new tasks","messageBody":"","tags":["Level-7","A-Enums"],"fileTypesAndContributionMap":{"java":{"insertions":35,"deletions":35}}}]},{"date":"2022-08-25","commitResults":[{"hash":"33fff72a7fa61899d1edf660d721aa0b0137803d","messageTitle":"Add Storage class and save tasks to disk","messageBody":"","fileTypesAndContributionMap":{"java":{"insertions":151,"deletions":5}}}]},{"date":"2022-09-03","commitResults":[{"hash":"7af11239bc3f6c8316200f249bd95dbf4238831e","messageTitle":"Add Dates and Times to tasks","messageBody":"","fileTypesAndContributionMap":{"java":{"insertions":73,"deletions":68}}},{"hash":"41d10c78f540c4caa151eebf835e771eaacb8910","messageTitle":"Create TextUi, Parser, TaskList and Command classes","messageBody":"","tags":["A-MoreOOP"],"fileTypesAndContributionMap":{"java":{"insertions":435,"deletions":235}}}]},{"date":"2022-09-08","commitResults":[{"hash":"f9fdaa7480533b0e6199796f858b53781aee3a3c","messageTitle":"Divide classes into packages","messageBody":"","tags":["A-Packages"],"fileTypesAndContributionMap":{"txt":{"insertions":4,"deletions":3},"java":{"insertions":135,"deletions":25},"bat":{"insertions":3,"deletions":3},"sh":{"insertions":3,"deletions":3}}},{"hash":"ffc572c3c6d78c2a0fb618c79d33accbc96bbf95","messageTitle":"Add JUnit Tests","messageBody":"","tags":["A-JUnit"],"fileTypesAndContributionMap":{"java":{"insertions":77,"deletions":0}}},{"hash":"a945dd7ccf1d6451f0bfc0652184959dbecb1ecc","messageTitle":"Fix mainClassName","messageBody":"","tags":["A-Jar"],"fileTypesAndContributionMap":{"gradle":{"insertions":1,"deletions":1}}}]},{"date":"2022-09-10","commitResults":[{"hash":"75fe77dcfd4d5e9925a7882b1a32d6d48fbcf2dc","messageTitle":"Add JavaDoc comments","messageBody":"","tags":["A-JavaDoc"],"fileTypesAndContributionMap":{"java":{"insertions":332,"deletions":6}}},{"hash":"c3fb9c41dd92279b141fcaa0d3c96d3f4ef6753a","messageTitle":"Adhere to coding standard","messageBody":"","tags":["A-CodingStandard"],"fileTypesAndContributionMap":{"java":{"insertions":120,"deletions":88}}},{"hash":"b301e872614e8b8736fc6c51b4ccdc629fc39eb9","messageTitle":"Add FindCommand for user to search task by keyword","messageBody":"","tags":["Level-9"],"fileTypesAndContributionMap":{"java":{"insertions":65,"deletions":9}}},{"hash":"f5f87a0cc7d7aadc65f0f60d0ee96c43e94b38b9","messageTitle":"Fix error in reading user input","messageBody":"","fileTypesAndContributionMap":{"java":{"insertions":10,"deletions":1}}},{"hash":"3426337114fcf6b79d858ffc3a00c92c8fe593b9","messageTitle":"Change the access method of prepareFindCommand","messageBody":"","fileTypesAndContributionMap":{"java":{"insertions":1,"deletions":1}}},{"hash":"209120455d5cd40992a1698d4852154e70fd1cc2","messageTitle":"Refactor ListCommand and add JavaDoc","messageBody":"","fileTypesAndContributionMap":{"java":{"insertions":27,"deletions":12}}},{"hash":"35cf129b407faca36b634892196b5c156044f739","messageTitle":"Standardize naming for taskList","messageBody":"","fileTypesAndContributionMap":{"java":{"insertions":64,"deletions":64}}},{"hash":"9bfcbf236bc74612dc1eaf7c663ca359bb664d75","messageTitle":"Add JavaDoc for FindCommand","messageBody":"","fileTypesAndContributionMap":{"java":{"insertions":13,"deletions":0}}},{"hash":"de221c465e35e71ff478661322c1ee8f27338c2c","messageTitle":"Add checkstyle and fix checkstyle errors","messageBody":"","tags":["A-CheckStyle"],"fileTypesAndContributionMap":{"gradle":{"insertions":5,"deletions":0},"java":{"insertions":66,"deletions":50}}}]},{"date":"2022-09-11","commitResults":[{"hash":"a4838474e9f138b31d4670d49634425da9036517","messageTitle":"Add GUI","messageBody":"","tags":["Level-10"],"fileTypesAndContributionMap":{"gradle":{"insertions":15,"deletions":0},"fxml":{"insertions":39,"deletions":0},"java":{"insertions":341,"deletions":202}}}]},{"date":"2022-09-13","commitResults":[{"hash":"a2610f9e7529b0c0d7cac1594445532f77f0646b","messageTitle":"Add assertions","messageBody":"Use assertions to verify the correctness of various Task and Duke classes.\n\nAll tasks should have a description.\nThe getResponse method in Duke should never get an empty input.\n\nAdd assertions to Task constructors to ensure the description is not empty.\nAdd assertion to getResponse method in Duke to ensure the input is not empty.\n\nThis will ensure the classes behave as expected during runtime.","tags":["A-Assertions"],"fileTypesAndContributionMap":{"java":{"insertions":9,"deletions":0}}},{"hash":"e462b6c87fe97ccd73b9e8e642afdf61acb301e2","messageTitle":"Minimize code duplication in Parser class","messageBody":"The prepareMarkCommand and prepareUnmarkCommand methods have very similar code and logic.\n\nRemove code duplication to improve the code quality.\n\nTo remove code duplication, extract out the duplicated code blocks into separate method.","tags":["A-FullCommitMessage","A-CodeQuality"],"fileTypesAndContributionMap":{"java":{"insertions":7,"deletions":15}}},{"hash":"618f66fe48375dc36e02ae475f7ce8bb941ea43e","messageTitle":"Use streams for findTask method","messageBody":"The findTask method in TaskList class is currently done by iterating through for loops to find the matching tasks.\n\nUse streams and filter method to filter out the matching task.\n\n","tags":["A-Streams"],"fileTypesAndContributionMap":{"java":{"insertions":10,"deletions":14}}},{"hash":"3cc763eb935376ca8baa9db468d7dfc38fb2963f","messageTitle":"Fix code style error","messageBody":"","fileTypesAndContributionMap":{"java":{"insertions":5,"deletions":3}}},{"hash":"2b4d957c3e4f6eb9c0f326ab47021b9cd3a27257","messageTitle":"Add friendlier and shorter command syntax","messageBody":"","tags":["BCD-Extension"],"fileTypesAndContributionMap":{"java":{"insertions":17,"deletions":0}}}]},{"date":"2022-09-14","commitResults":[{"hash":"6b6e3a8fd6e8ccce23d8c5f3d566168b77d0a525","messageTitle":"Add border radius to text box","messageBody":"","tags":["A-BetterGui"],"fileTypesAndContributionMap":{"fxml":{"insertions":7,"deletions":4}}},{"hash":"b935b85a4b51c3734a14bcc787ce3256dda0ff23","messageTitle":"Add colour to GUI","messageBody":"","tags":["A-Personality"],"fileTypesAndContributionMap":{"fxml":{"insertions":7,"deletions":7}}},{"hash":"1c95d0dba2f418048e16e70a73aa747a5b5ff748","messageTitle":"Add duke image and title to the title bar","messageBody":"","fileTypesAndContributionMap":{"java":{"insertions":5,"deletions":0}}},{"hash":"3cba79089676e80a8f0c34058e31ec2fdf08ca68","messageTitle":"Fix display error","messageBody":"","fileTypesAndContributionMap":{"fxml":{"insertions":5,"deletions":5},"java":{"insertions":1,"deletions":1}}}]},{"date":"2022-09-15","commitResults":[{"hash":"7b257697c0173319eb65f2b1cab4b42257e3b466","messageTitle":"Add a User Guide","messageBody":"","tags":["A-UserGuide"],"fileTypesAndContributionMap":{"md":{"insertions":206,"deletions":11}}},{"hash":"c096a06858563850688298c28e0b8f49e05114d3","messageTitle":"Update User Guide","messageBody":"","fileTypesAndContributionMap":{"md":{"insertions":12,"deletions":6}}},{"hash":"000db15e9b580ded5412a83d0971060d26a40aad","messageTitle":"Fix GUI display error","messageBody":"","fileTypesAndContributionMap":{"fxml":{"insertions":12,"deletions":6}}},{"hash":"26a62abe1677de3daaffa6fad0167214f011d50b","messageTitle":"Update mainClassName in build.gradle","messageBody":"","fileTypesAndContributionMap":{"gradle":{"insertions":1,"deletions":1}}},{"hash":"4d809a4bcb6ddb6feedfc52ba9d0287ffcc6d888","messageTitle":"Fix GUI text overflow error","messageBody":"","tags":["A-Release"],"fileTypesAndContributionMap":{"fxml":{"insertions":1,"deletions":1}}},{"hash":"8ebe467350518cd559d3d0ffb720ca9dd4523b9e","messageTitle":"Fix User Guide format","messageBody":"","fileTypesAndContributionMap":{"md":{"insertions":8,"deletions":0}}}]}]},"authorFileTypeContributionMap":{"Ugholaf":{"java":1463,"md":209,"fxml":48,"sh":3,"bat":3,"gradle":21,"txt":16}},"authorContributionVariance":{"Ugholaf":54350.008},"authorDisplayNameMap":{"Ugholaf":"CS2103T-W15-1 WU C..GJUN"}}
