{"authorDailyContributionsMap":{"sugiyem":[{"date":"2022-08-13","commitResults":[{"hash":"c4fd3db6bd6fb58267bdc49ad773afe3e3cbf288","messageTitle":"Level 1 - Implement Greet, Echo, Exit","messageBody":"","tags":["Level-1"],"fileTypesAndContributionMap":{"java":{"insertions":50,"deletions":1}}},{"hash":"77df29a48651e53b8a4ea8e72d029d05e276cb22","messageTitle":"Level 2 - Implement Add, List","messageBody":"","tags":["Level-2"],"fileTypesAndContributionMap":{"java":{"insertions":44,"deletions":5}}},{"hash":"52133e89be569537958735add48e5b4894287d0f","messageTitle":"Level 3 - Implement Mark, Unmark","messageBody":"","tags":["Level-3","A-Classes"],"fileTypesAndContributionMap":{"java":{"insertions":54,"deletions":6}}},{"hash":"1493bd558aadc16cba598b69354aa7d0bf8f110e","messageTitle":"Level 4 - Implement ToDo, Event, Deadline","messageBody":"","tags":["Level-4","A-Inheritance"],"fileTypesAndContributionMap":{"java":{"insertions":115,"deletions":27}}},{"hash":"5b1fdd556991ece7c6326d880896353acadb4106","messageTitle":"A-TextUiTesting - Update input.txt and EXPECTED.txt","messageBody":"","tags":["A-TextUiTesting"],"fileTypesAndContributionMap":{"txt":{"insertions":12,"deletions":0}}}]},{"date":"2022-08-14","commitResults":[{"hash":"06c2fb56deb6c97124131585b759ad582b3ed0b3","messageTitle":"Level 5 - Handle error \u0026 implement Exception","messageBody":"","tags":["Level-5","A-Exceptions"],"fileTypesAndContributionMap":{"java":{"insertions":101,"deletions":14}}},{"hash":"23e18c931e09e0c6621991d668e5adb0dbeedc38","messageTitle":"Level 6 - Implement Delete","messageBody":"","tags":["Level-6","A-Collections"],"fileTypesAndContributionMap":{"java":{"insertions":18,"deletions":0}}}]},{"date":"2022-08-16","commitResults":[{"hash":"e991babf354906652c1251de2627c5c68fd58277","messageTitle":"Refactor code and use enums","messageBody":"","tags":["A-Enums"],"fileTypesAndContributionMap":{"java":{"insertions":167,"deletions":129}}},{"hash":"a04a897f168be712701c48ba59240aeb3438a904","messageTitle":"Update input.txt and EXPECTED.txt in test folder","messageBody":"","fileTypesAndContributionMap":{"txt":{"insertions":4,"deletions":0}}}]},{"date":"2022-08-20","commitResults":[{"hash":"2fed8097b41bb464fb0a857ce9f7ac85aec75216","messageTitle":"Add save functionality","messageBody":"","tags":["Level-7"],"fileTypesAndContributionMap":{"java":{"insertions":171,"deletions":63}}},{"hash":"eef403ed424e815ec399c28fd4242b8a5dd70433","messageTitle":"Add basic date handling","messageBody":"","tags":["Level-8"],"fileTypesAndContributionMap":{"java":{"insertions":40,"deletions":8}}},{"hash":"464db78dbef338715415273bc4a95a20870f0ef2","messageTitle":"Fix date object and storage incompatibility","messageBody":"","fileTypesAndContributionMap":{"java":{"insertions":14,"deletions":9}}},{"hash":"ca7171119e0eba7b1be095908c5833f8e3ba93d2","messageTitle":"Add TaskList class","messageBody":"","fileTypesAndContributionMap":{"java":{"insertions":68,"deletions":0}}},{"hash":"8a4b0e92f4bc8ef3fb5b58d7c8643bd953ec40ca","messageTitle":"Modify CommandHandler and Storage to use TaskList","messageBody":"","fileTypesAndContributionMap":{"java":{"insertions":61,"deletions":111}}},{"hash":"c97b7b7cb07eae63c8e4ae35ecc63cfdab7cc43a","messageTitle":"Add Ui class","messageBody":"","fileTypesAndContributionMap":{"java":{"insertions":61,"deletions":0}}},{"hash":"b6b88943d73250b045070667f7624c837e10ec7a","messageTitle":"Modify CommandHandler to use Ui object","messageBody":"","fileTypesAndContributionMap":{"java":{"insertions":54,"deletions":10}}},{"hash":"d13b91fd9016b24103b0b62de1fb05b2bed0705a","messageTitle":"Update the internal structure of Duke and Parser class","messageBody":"","tags":["A-MoreOOP"],"fileTypesAndContributionMap":{"java":{"insertions":76,"deletions":70}}},{"hash":"6d252a8264a8d7c1375335d7d06c9bbb640ab21d","messageTitle":"Delete unused Printer class","messageBody":"","fileTypesAndContributionMap":{"java":{"insertions":0,"deletions":9}}},{"hash":"fb8bf5a9f3a1771e24b24e8ec3fbf8a201263a8f","messageTitle":"Change CommandException\u0027s name to DukeException","messageBody":"","fileTypesAndContributionMap":{"java":{"insertions":47,"deletions":0}}},{"hash":"ee625b999df8284906b6379c37d7fc436f9df6fc","messageTitle":"Add duke packages","messageBody":"","tags":["A-Packages"],"fileTypesAndContributionMap":{"java":{"insertions":71,"deletions":108}}}]}]},"authorFileTypeContributionMap":{"sugiyem":{"java":648,"md":0,"fxml":0,"sh":0,"bat":0,"gradle":0,"txt":16}},"authorContributionVariance":{"sugiyem":105742.84},"authorDisplayNameMap":{"sugiyem":"CS2103T-W17-4 FARR..ALIM"}}
