[{"path":"build.gradle","fileType":"gradle","lines":[{"lineNumber":1,"author":{"gitId":"-"},"content":"    plugins {","lastModifiedDate":"2020-05-25"},{"lineNumber":2,"author":{"gitId":"-"},"content":"    id \u0027java\u0027","lastModifiedDate":"2020-05-25"},{"lineNumber":3,"author":{"gitId":"-"},"content":"    id \u0027application\u0027","lastModifiedDate":"2020-05-25"},{"lineNumber":4,"author":{"gitId":"-"},"content":"    id \u0027com.github.johnrengelman.shadow\u0027 version \u00275.1.0\u0027","lastModifiedDate":"2020-05-25"},{"lineNumber":5,"author":{"gitId":"-"},"content":"}","lastModifiedDate":"2020-05-25"},{"lineNumber":6,"author":{"gitId":"-"},"content":"","lastModifiedDate":"2020-05-25"},{"lineNumber":7,"author":{"gitId":"-"},"content":"repositories {","lastModifiedDate":"2020-05-25"},{"lineNumber":8,"author":{"gitId":"-"},"content":"    mavenCentral()","lastModifiedDate":"2020-05-25"},{"lineNumber":9,"author":{"gitId":"-"},"content":"}","lastModifiedDate":"2020-05-25"},{"lineNumber":10,"author":{"gitId":"-"},"content":"","lastModifiedDate":"2020-05-25"},{"lineNumber":11,"author":{"gitId":"JordanChua"},"content":"    test {","lastModifiedDate":"2022-08-24"},{"lineNumber":12,"author":{"gitId":"JordanChua"},"content":"        useJUnitPlatform()","lastModifiedDate":"2022-08-24"},{"lineNumber":13,"author":{"gitId":"JordanChua"},"content":"    }","lastModifiedDate":"2022-08-24"},{"lineNumber":14,"author":{"gitId":"-"},"content":"dependencies {","lastModifiedDate":"2020-05-25"},{"lineNumber":15,"author":{"gitId":"-"},"content":"    testImplementation group: \u0027org.junit.jupiter\u0027, name: \u0027junit-jupiter-api\u0027, version: \u00275.5.0\u0027","lastModifiedDate":"2020-05-25"},{"lineNumber":16,"author":{"gitId":"-"},"content":"    testRuntimeOnly group: \u0027org.junit.jupiter\u0027, name: \u0027junit-jupiter-engine\u0027, version: \u00275.5.0\u0027","lastModifiedDate":"2020-05-25"},{"lineNumber":17,"author":{"gitId":"-"},"content":"}","lastModifiedDate":"2020-05-25"},{"lineNumber":18,"author":{"gitId":"-"},"content":"","lastModifiedDate":"2020-05-25"},{"lineNumber":19,"author":{"gitId":"-"},"content":"test {","lastModifiedDate":"2020-05-25"},{"lineNumber":20,"author":{"gitId":"-"},"content":"    useJUnitPlatform()","lastModifiedDate":"2020-05-25"},{"lineNumber":21,"author":{"gitId":"-"},"content":"","lastModifiedDate":"2020-05-25"},{"lineNumber":22,"author":{"gitId":"-"},"content":"    testLogging {","lastModifiedDate":"2020-05-25"},{"lineNumber":23,"author":{"gitId":"-"},"content":"        events \"passed\", \"skipped\", \"failed\"","lastModifiedDate":"2020-05-25"},{"lineNumber":24,"author":{"gitId":"-"},"content":"","lastModifiedDate":"2020-05-25"},{"lineNumber":25,"author":{"gitId":"-"},"content":"        showExceptions true","lastModifiedDate":"2020-05-25"},{"lineNumber":26,"author":{"gitId":"-"},"content":"        exceptionFormat \"full\"","lastModifiedDate":"2020-05-25"},{"lineNumber":27,"author":{"gitId":"-"},"content":"        showCauses true","lastModifiedDate":"2020-05-25"},{"lineNumber":28,"author":{"gitId":"-"},"content":"        showStackTraces true","lastModifiedDate":"2020-05-25"},{"lineNumber":29,"author":{"gitId":"-"},"content":"        showStandardStreams \u003d false","lastModifiedDate":"2020-05-25"},{"lineNumber":30,"author":{"gitId":"-"},"content":"    }","lastModifiedDate":"2020-05-25"},{"lineNumber":31,"author":{"gitId":"-"},"content":"}","lastModifiedDate":"2020-05-25"},{"lineNumber":32,"author":{"gitId":"-"},"content":"","lastModifiedDate":"2020-05-25"},{"lineNumber":33,"author":{"gitId":"-"},"content":"application {","lastModifiedDate":"2020-05-25"},{"lineNumber":34,"author":{"gitId":"-"},"content":"    mainClassName \u003d \"seedu.duke.Duke\"","lastModifiedDate":"2020-05-25"},{"lineNumber":35,"author":{"gitId":"-"},"content":"}","lastModifiedDate":"2020-05-25"},{"lineNumber":36,"author":{"gitId":"-"},"content":"","lastModifiedDate":"2020-05-25"},{"lineNumber":37,"author":{"gitId":"-"},"content":"shadowJar {","lastModifiedDate":"2020-05-25"},{"lineNumber":38,"author":{"gitId":"-"},"content":"    archiveBaseName \u003d \"duke\"","lastModifiedDate":"2020-05-25"},{"lineNumber":39,"author":{"gitId":"-"},"content":"    archiveClassifier \u003d null","lastModifiedDate":"2020-05-25"},{"lineNumber":40,"author":{"gitId":"-"},"content":"}","lastModifiedDate":"2020-05-25"},{"lineNumber":41,"author":{"gitId":"-"},"content":"","lastModifiedDate":"2020-05-25"},{"lineNumber":42,"author":{"gitId":"-"},"content":"run{","lastModifiedDate":"2020-05-25"},{"lineNumber":43,"author":{"gitId":"-"},"content":"    standardInput \u003d System.in","lastModifiedDate":"2020-05-25"},{"lineNumber":44,"author":{"gitId":"-"},"content":"}","lastModifiedDate":"2020-05-25"}],"authorContributionMap":{"JordanChua":3,"-":41}},{"path":"src/main/data/duke.txt","fileType":"txt","lines":[{"lineNumber":1,"author":{"gitId":"JordanChua"},"content":"D|1|return book|by 27/08/2022 1500","lastModifiedDate":"2022-08-31"},{"lineNumber":2,"author":{"gitId":"JordanChua"},"content":"E|0|project meeting|at 25/08/2022 1800","lastModifiedDate":"2022-08-24"},{"lineNumber":3,"author":{"gitId":"JordanChua"},"content":"T|1|join sports club","lastModifiedDate":"2022-08-24"},{"lineNumber":4,"author":{"gitId":"JordanChua"},"content":"D|0|2103 project|by 26/08/2022 2359","lastModifiedDate":"2022-08-24"},{"lineNumber":5,"author":{"gitId":"JordanChua"},"content":"D|0|3230 assignment|by 29/08/2022 1900","lastModifiedDate":"2022-08-24"}],"authorContributionMap":{"JordanChua":5}},{"path":"src/main/java/duke/Deadline.java","fileType":"java","lines":[{"lineNumber":1,"author":{"gitId":"JordanChua"},"content":"package duke;","lastModifiedDate":"2022-08-24"},{"lineNumber":2,"author":{"gitId":"JordanChua"},"content":"","lastModifiedDate":"2022-08-24"},{"lineNumber":3,"author":{"gitId":"JordanChua"},"content":"import java.io.File;","lastModifiedDate":"2022-08-22"},{"lineNumber":4,"author":{"gitId":"JordanChua"},"content":"import java.io.FileWriter;","lastModifiedDate":"2022-08-22"},{"lineNumber":5,"author":{"gitId":"JordanChua"},"content":"import java.io.IOException;","lastModifiedDate":"2022-08-22"},{"lineNumber":6,"author":{"gitId":"JordanChua"},"content":"","lastModifiedDate":"2022-08-25"},{"lineNumber":7,"author":{"gitId":"JordanChua"},"content":"import java.time.LocalDate;","lastModifiedDate":"2022-08-23"},{"lineNumber":8,"author":{"gitId":"JordanChua"},"content":"import java.time.LocalDateTime;","lastModifiedDate":"2022-08-23"},{"lineNumber":9,"author":{"gitId":"JordanChua"},"content":"import java.time.format.DateTimeFormatter;","lastModifiedDate":"2022-08-23"},{"lineNumber":10,"author":{"gitId":"JordanChua"},"content":"import java.time.temporal.ChronoUnit;","lastModifiedDate":"2022-08-23"},{"lineNumber":11,"author":{"gitId":"JordanChua"},"content":"","lastModifiedDate":"2022-08-25"},{"lineNumber":12,"author":{"gitId":"JordanChua"},"content":"public class Deadline extends Task  {","lastModifiedDate":"2022-08-18"},{"lineNumber":13,"author":{"gitId":"JordanChua"},"content":"    private LocalDateTime deadline;","lastModifiedDate":"2022-08-23"},{"lineNumber":14,"author":{"gitId":"JordanChua"},"content":"","lastModifiedDate":"2022-08-18"},{"lineNumber":15,"author":{"gitId":"JordanChua"},"content":"    public Deadline(String description, LocalDateTime deadline) {","lastModifiedDate":"2022-08-23"},{"lineNumber":16,"author":{"gitId":"JordanChua"},"content":"        super(description);","lastModifiedDate":"2022-08-18"},{"lineNumber":17,"author":{"gitId":"JordanChua"},"content":"        this.deadline \u003d deadline;","lastModifiedDate":"2022-08-18"},{"lineNumber":18,"author":{"gitId":"JordanChua"},"content":"    }","lastModifiedDate":"2022-08-18"},{"lineNumber":19,"author":{"gitId":"JordanChua"},"content":"","lastModifiedDate":"2022-08-18"},{"lineNumber":20,"author":{"gitId":"JordanChua"},"content":"    LocalDateTime getTime() {","lastModifiedDate":"2022-08-23"},{"lineNumber":21,"author":{"gitId":"JordanChua"},"content":"        return this.deadline;","lastModifiedDate":"2022-08-23"},{"lineNumber":22,"author":{"gitId":"JordanChua"},"content":"    }","lastModifiedDate":"2022-08-23"},{"lineNumber":23,"author":{"gitId":"JordanChua"},"content":"","lastModifiedDate":"2022-08-23"},{"lineNumber":24,"author":{"gitId":"JordanChua"},"content":"    /** Returns formatted String to write back to our data","lastModifiedDate":"2022-08-25"},{"lineNumber":25,"author":{"gitId":"JordanChua"},"content":"     *","lastModifiedDate":"2022-08-25"},{"lineNumber":26,"author":{"gitId":"JordanChua"},"content":"     * @return String to save to our stored data","lastModifiedDate":"2022-08-25"},{"lineNumber":27,"author":{"gitId":"JordanChua"},"content":"     */","lastModifiedDate":"2022-08-25"},{"lineNumber":28,"author":{"gitId":"JordanChua"},"content":"    @Override","lastModifiedDate":"2022-08-22"},{"lineNumber":29,"author":{"gitId":"JordanChua"},"content":"    String writeToFile() {","lastModifiedDate":"2022-08-22"},{"lineNumber":30,"author":{"gitId":"JordanChua"},"content":"        return \"D|\" + super.writeToFile() + \"|by \"","lastModifiedDate":"2022-08-25"},{"lineNumber":31,"author":{"gitId":"JordanChua"},"content":"                + deadline.format(DateTimeFormatter.ofPattern(\"dd/MM/yyyy HHmm\"));","lastModifiedDate":"2022-08-25"},{"lineNumber":32,"author":{"gitId":"JordanChua"},"content":"    }","lastModifiedDate":"2022-08-22"},{"lineNumber":33,"author":{"gitId":"JordanChua"},"content":"","lastModifiedDate":"2022-08-24"},{"lineNumber":34,"author":{"gitId":"JordanChua"},"content":"    @Override","lastModifiedDate":"2022-08-18"},{"lineNumber":35,"author":{"gitId":"JordanChua"},"content":"    public String toString() {","lastModifiedDate":"2022-08-18"},{"lineNumber":36,"author":{"gitId":"JordanChua"},"content":"        return \"[D]\" + super.toString() + \" (\"","lastModifiedDate":"2022-08-25"},{"lineNumber":37,"author":{"gitId":"JordanChua"},"content":"                + deadline.format(DateTimeFormatter.ofPattern(\"yyyy-MM-dd HH:mm\")) + \")\";","lastModifiedDate":"2022-08-25"},{"lineNumber":38,"author":{"gitId":"JordanChua"},"content":"    }","lastModifiedDate":"2022-08-18"},{"lineNumber":39,"author":{"gitId":"JordanChua"},"content":"}","lastModifiedDate":"2022-08-18"}],"authorContributionMap":{"JordanChua":39}},{"path":"src/main/java/duke/Duke.java","fileType":"java","lines":[{"lineNumber":1,"author":{"gitId":"JordanChua"},"content":"package duke;","lastModifiedDate":"2022-08-24"},{"lineNumber":2,"author":{"gitId":"JordanChua"},"content":"","lastModifiedDate":"2022-08-24"},{"lineNumber":3,"author":{"gitId":"JordanChua"},"content":"import java.time.LocalDateTime;","lastModifiedDate":"2022-08-23"},{"lineNumber":4,"author":{"gitId":"JordanChua"},"content":"","lastModifiedDate":"2022-08-22"},{"lineNumber":5,"author":{"gitId":"JordanChua"},"content":"/**","lastModifiedDate":"2022-08-25"},{"lineNumber":6,"author":{"gitId":"JordanChua"},"content":" * Entry point of the Duke application.","lastModifiedDate":"2022-08-25"},{"lineNumber":7,"author":{"gitId":"JordanChua"},"content":" * Initializes the application and starts the interaction with the user.","lastModifiedDate":"2022-08-25"},{"lineNumber":8,"author":{"gitId":"JordanChua"},"content":" */","lastModifiedDate":"2022-08-25"},{"lineNumber":9,"author":{"gitId":"JordanChua"},"content":"","lastModifiedDate":"2022-08-25"},{"lineNumber":10,"author":{"gitId":"-"},"content":"public class Duke {","lastModifiedDate":"2019-07-29"},{"lineNumber":11,"author":{"gitId":"JordanChua"},"content":"    private Storage storage;","lastModifiedDate":"2022-08-24"},{"lineNumber":12,"author":{"gitId":"JordanChua"},"content":"    private TaskList tasks;","lastModifiedDate":"2022-08-24"},{"lineNumber":13,"author":{"gitId":"JordanChua"},"content":"    private Ui ui;","lastModifiedDate":"2022-08-24"},{"lineNumber":14,"author":{"gitId":"JordanChua"},"content":"","lastModifiedDate":"2022-08-22"},{"lineNumber":15,"author":{"gitId":"JordanChua"},"content":"    public Duke(String filePath) {","lastModifiedDate":"2022-08-24"},{"lineNumber":16,"author":{"gitId":"JordanChua"},"content":"        ui \u003d new Ui();","lastModifiedDate":"2022-08-24"},{"lineNumber":17,"author":{"gitId":"JordanChua"},"content":"        storage \u003d new Storage(filePath);","lastModifiedDate":"2022-08-24"},{"lineNumber":18,"author":{"gitId":"JordanChua"},"content":"        try {","lastModifiedDate":"2022-08-22"},{"lineNumber":19,"author":{"gitId":"JordanChua"},"content":"            tasks \u003d new TaskList(storage.load());","lastModifiedDate":"2022-08-24"},{"lineNumber":20,"author":{"gitId":"JordanChua"},"content":"        } catch (DukeException e) {","lastModifiedDate":"2022-08-24"},{"lineNumber":21,"author":{"gitId":"JordanChua"},"content":"            ui.showError(e);","lastModifiedDate":"2022-08-24"},{"lineNumber":22,"author":{"gitId":"JordanChua"},"content":"            tasks \u003d new TaskList();","lastModifiedDate":"2022-08-24"},{"lineNumber":23,"author":{"gitId":"JordanChua"},"content":"        }","lastModifiedDate":"2022-08-22"},{"lineNumber":24,"author":{"gitId":"JordanChua"},"content":"    }","lastModifiedDate":"2022-08-22"},{"lineNumber":25,"author":{"gitId":"JordanChua"},"content":"","lastModifiedDate":"2022-08-22"},{"lineNumber":26,"author":{"gitId":"JordanChua"},"content":"    /** for purpose of testing StorageTest */","lastModifiedDate":"2022-08-25"},{"lineNumber":27,"author":{"gitId":"JordanChua"},"content":"    TaskList getTaskList() {","lastModifiedDate":"2022-08-24"},{"lineNumber":28,"author":{"gitId":"JordanChua"},"content":"        return this.tasks;","lastModifiedDate":"2022-08-24"},{"lineNumber":29,"author":{"gitId":"JordanChua"},"content":"    }","lastModifiedDate":"2022-08-24"},{"lineNumber":30,"author":{"gitId":"JordanChua"},"content":"","lastModifiedDate":"2022-08-24"},{"lineNumber":31,"author":{"gitId":"JordanChua"},"content":"    /**","lastModifiedDate":"2022-08-25"},{"lineNumber":32,"author":{"gitId":"JordanChua"},"content":"     * Executes the programme with data from storage if it exists","lastModifiedDate":"2022-08-25"},{"lineNumber":33,"author":{"gitId":"JordanChua"},"content":"     * If the data does not exist, create a new file to store our data","lastModifiedDate":"2022-08-25"},{"lineNumber":34,"author":{"gitId":"JordanChua"},"content":"     * Exit the programme only when the bye command is given","lastModifiedDate":"2022-08-25"},{"lineNumber":35,"author":{"gitId":"JordanChua"},"content":"     */","lastModifiedDate":"2022-08-25"},{"lineNumber":36,"author":{"gitId":"JordanChua"},"content":"    public void run() {","lastModifiedDate":"2022-08-24"},{"lineNumber":37,"author":{"gitId":"JordanChua"},"content":"        ui.showWelcome();","lastModifiedDate":"2022-08-24"},{"lineNumber":38,"author":{"gitId":"JordanChua"},"content":"        tasks.printTasks();","lastModifiedDate":"2022-08-24"},{"lineNumber":39,"author":{"gitId":"JordanChua"},"content":"        boolean isExit \u003d false;","lastModifiedDate":"2022-08-24"},{"lineNumber":40,"author":{"gitId":"JordanChua"},"content":"        while (!isExit) {","lastModifiedDate":"2022-08-24"},{"lineNumber":41,"author":{"gitId":"JordanChua"},"content":"            try {","lastModifiedDate":"2022-08-22"},{"lineNumber":42,"author":{"gitId":"JordanChua"},"content":"                String fullCommand \u003d ui.readCommand();","lastModifiedDate":"2022-08-24"},{"lineNumber":43,"author":{"gitId":"JordanChua"},"content":"                ui.printLine();","lastModifiedDate":"2022-08-24"},{"lineNumber":44,"author":{"gitId":"JordanChua"},"content":"","lastModifiedDate":"2022-08-25"},{"lineNumber":45,"author":{"gitId":"JordanChua"},"content":"                //we get the commandType to know how to process the command","lastModifiedDate":"2022-08-25"},{"lineNumber":46,"author":{"gitId":"JordanChua"},"content":"                String commandType \u003d Parser.getCommandType(fullCommand);","lastModifiedDate":"2022-08-24"},{"lineNumber":47,"author":{"gitId":"JordanChua"},"content":"","lastModifiedDate":"2022-08-25"},{"lineNumber":48,"author":{"gitId":"JordanChua"},"content":"                if (commandType.equals(\"EXIT\")) {","lastModifiedDate":"2022-08-24"},{"lineNumber":49,"author":{"gitId":"JordanChua"},"content":"                    System.out.println(\"Bye. Hope to see you again soon!\");","lastModifiedDate":"2022-08-24"},{"lineNumber":50,"author":{"gitId":"JordanChua"},"content":"                    isExit \u003d true;","lastModifiedDate":"2022-08-24"},{"lineNumber":51,"author":{"gitId":"JordanChua"},"content":"                } else if (commandType.equals(\"PRINT\")) {","lastModifiedDate":"2022-08-24"},{"lineNumber":52,"author":{"gitId":"JordanChua"},"content":"                    tasks.printTasks();","lastModifiedDate":"2022-08-24"},{"lineNumber":53,"author":{"gitId":"JordanChua"},"content":"                } else if (commandType.equals(\"UPDATE\")) {","lastModifiedDate":"2022-08-24"},{"lineNumber":54,"author":{"gitId":"JordanChua"},"content":"                    int[] arr \u003d Parser.parseUpdateCommand(fullCommand);","lastModifiedDate":"2022-08-24"},{"lineNumber":55,"author":{"gitId":"JordanChua"},"content":"","lastModifiedDate":"2022-08-25"},{"lineNumber":56,"author":{"gitId":"JordanChua"},"content":"                    //mark/unmark the task depending on the integer in the first entry of our array","lastModifiedDate":"2022-08-25"},{"lineNumber":57,"author":{"gitId":"JordanChua"},"content":"                    if (arr[0] \u003d\u003d 1) {","lastModifiedDate":"2022-08-24"},{"lineNumber":58,"author":{"gitId":"JordanChua"},"content":"                        tasks.mark(arr[1]);","lastModifiedDate":"2022-08-24"},{"lineNumber":59,"author":{"gitId":"JordanChua"},"content":"                    } else {","lastModifiedDate":"2022-08-18"},{"lineNumber":60,"author":{"gitId":"JordanChua"},"content":"                        tasks.unmark(arr[1]);","lastModifiedDate":"2022-08-24"},{"lineNumber":61,"author":{"gitId":"JordanChua"},"content":"                    }","lastModifiedDate":"2022-08-24"},{"lineNumber":62,"author":{"gitId":"JordanChua"},"content":"                } else if (commandType.equals(\"DELETE\")) {","lastModifiedDate":"2022-08-24"},{"lineNumber":63,"author":{"gitId":"JordanChua"},"content":"                    int taskIndex \u003d Parser.getDeleteNum(fullCommand);","lastModifiedDate":"2022-08-24"},{"lineNumber":64,"author":{"gitId":"JordanChua"},"content":"                    tasks.delete(taskIndex);","lastModifiedDate":"2022-08-24"},{"lineNumber":65,"author":{"gitId":"JordanChua"},"content":"                } else if (commandType.equals(\"ADD\")){","lastModifiedDate":"2022-08-24"},{"lineNumber":66,"author":{"gitId":"JordanChua"},"content":"                    if (fullCommand.startsWith(\"todo\")) {","lastModifiedDate":"2022-08-24"},{"lineNumber":67,"author":{"gitId":"JordanChua"},"content":"                        String task \u003d fullCommand.substring(5);","lastModifiedDate":"2022-08-24"},{"lineNumber":68,"author":{"gitId":"JordanChua"},"content":"                        tasks.add(new Todo(task));","lastModifiedDate":"2022-08-24"},{"lineNumber":69,"author":{"gitId":"JordanChua"},"content":"                    } else {","lastModifiedDate":"2022-08-24"},{"lineNumber":70,"author":{"gitId":"JordanChua"},"content":"                        LocalDateTime dateTime \u003d Parser.parseDateTime(fullCommand);","lastModifiedDate":"2022-08-24"},{"lineNumber":71,"author":{"gitId":"JordanChua"},"content":"                        if (fullCommand.startsWith(\"deadline\")) {","lastModifiedDate":"2022-08-24"},{"lineNumber":72,"author":{"gitId":"JordanChua"},"content":"                            tasks.add(new Deadline(fullCommand.substring(9, fullCommand.indexOf(\"/\"))","lastModifiedDate":"2022-08-25"},{"lineNumber":73,"author":{"gitId":"JordanChua"},"content":"                                    , dateTime));","lastModifiedDate":"2022-08-25"},{"lineNumber":74,"author":{"gitId":"JordanChua"},"content":"                        } else {","lastModifiedDate":"2022-08-24"},{"lineNumber":75,"author":{"gitId":"JordanChua"},"content":"                            tasks.add(new Event(fullCommand.substring(6, fullCommand.indexOf(\"/\"))","lastModifiedDate":"2022-08-25"},{"lineNumber":76,"author":{"gitId":"JordanChua"},"content":"                                    , dateTime));","lastModifiedDate":"2022-08-25"},{"lineNumber":77,"author":{"gitId":"JordanChua"},"content":"                        }","lastModifiedDate":"2022-08-23"},{"lineNumber":78,"author":{"gitId":"JordanChua"},"content":"                    }","lastModifiedDate":"2022-08-23"},{"lineNumber":79,"author":{"gitId":"JordanChua"},"content":"                } else if (commandType.equals(\"FIND\")) {","lastModifiedDate":"2022-08-25"},{"lineNumber":80,"author":{"gitId":"JordanChua"},"content":"                    Parser.parseFindCommand(fullCommand, tasks);","lastModifiedDate":"2022-08-25"},{"lineNumber":81,"author":{"gitId":"JordanChua"},"content":"                } else {","lastModifiedDate":"2022-08-18"},{"lineNumber":82,"author":{"gitId":"JordanChua"},"content":"                    Parser.printUpcomingTasks(tasks);","lastModifiedDate":"2022-08-25"},{"lineNumber":83,"author":{"gitId":"JordanChua"},"content":"                }","lastModifiedDate":"2022-08-18"},{"lineNumber":84,"author":{"gitId":"JordanChua"},"content":"                storage.save(tasks);","lastModifiedDate":"2022-08-24"},{"lineNumber":85,"author":{"gitId":"JordanChua"},"content":"            } catch (DukeException e){","lastModifiedDate":"2022-08-24"},{"lineNumber":86,"author":{"gitId":"JordanChua"},"content":"                ui.showError(e);","lastModifiedDate":"2022-08-24"},{"lineNumber":87,"author":{"gitId":"JordanChua"},"content":"            } finally {","lastModifiedDate":"2022-08-24"},{"lineNumber":88,"author":{"gitId":"JordanChua"},"content":"                ui.printLine();","lastModifiedDate":"2022-08-24"},{"lineNumber":89,"author":{"gitId":"JordanChua"},"content":"            }","lastModifiedDate":"2022-08-18"},{"lineNumber":90,"author":{"gitId":"JordanChua"},"content":"        }","lastModifiedDate":"2022-08-22"},{"lineNumber":91,"author":{"gitId":"JordanChua"},"content":"        System.exit(0);","lastModifiedDate":"2022-08-25"},{"lineNumber":92,"author":{"gitId":"JordanChua"},"content":"    }","lastModifiedDate":"2022-08-18"},{"lineNumber":93,"author":{"gitId":"JordanChua"},"content":"    public static void main(String[] args)  {","lastModifiedDate":"2022-08-24"},{"lineNumber":94,"author":{"gitId":"JordanChua"},"content":"        new Duke(\"./src/main/data/duke.txt\").run();","lastModifiedDate":"2022-08-24"},{"lineNumber":95,"author":{"gitId":"-"},"content":"    }","lastModifiedDate":"2019-07-29"},{"lineNumber":96,"author":{"gitId":"-"},"content":"}","lastModifiedDate":"2019-07-29"}],"authorContributionMap":{"JordanChua":93,"-":3}},{"path":"src/main/java/duke/DukeException.java","fileType":"java","lines":[{"lineNumber":1,"author":{"gitId":"JordanChua"},"content":"package duke;","lastModifiedDate":"2022-08-24"},{"lineNumber":2,"author":{"gitId":"JordanChua"},"content":"","lastModifiedDate":"2022-08-24"},{"lineNumber":3,"author":{"gitId":"JordanChua"},"content":"/**","lastModifiedDate":"2022-08-25"},{"lineNumber":4,"author":{"gitId":"JordanChua"},"content":" * Custom Exception class to print the different errors that can occur when running our programme","lastModifiedDate":"2022-08-25"},{"lineNumber":5,"author":{"gitId":"JordanChua"},"content":" */","lastModifiedDate":"2022-08-25"},{"lineNumber":6,"author":{"gitId":"JordanChua"},"content":"public class DukeException extends Exception{","lastModifiedDate":"2022-08-18"},{"lineNumber":7,"author":{"gitId":"JordanChua"},"content":"    public DukeException(String str) {","lastModifiedDate":"2022-08-18"},{"lineNumber":8,"author":{"gitId":"JordanChua"},"content":"        super(str);","lastModifiedDate":"2022-08-18"},{"lineNumber":9,"author":{"gitId":"JordanChua"},"content":"    }","lastModifiedDate":"2022-08-18"},{"lineNumber":10,"author":{"gitId":"JordanChua"},"content":"}","lastModifiedDate":"2022-08-18"}],"authorContributionMap":{"JordanChua":10}},{"path":"src/main/java/duke/Event.java","fileType":"java","lines":[{"lineNumber":1,"author":{"gitId":"JordanChua"},"content":"package duke;","lastModifiedDate":"2022-08-24"},{"lineNumber":2,"author":{"gitId":"JordanChua"},"content":"","lastModifiedDate":"2022-08-24"},{"lineNumber":3,"author":{"gitId":"JordanChua"},"content":"import java.io.File;","lastModifiedDate":"2022-08-22"},{"lineNumber":4,"author":{"gitId":"JordanChua"},"content":"import java.io.FileWriter;","lastModifiedDate":"2022-08-22"},{"lineNumber":5,"author":{"gitId":"JordanChua"},"content":"import java.io.IOException;","lastModifiedDate":"2022-08-22"},{"lineNumber":6,"author":{"gitId":"JordanChua"},"content":"","lastModifiedDate":"2022-08-25"},{"lineNumber":7,"author":{"gitId":"JordanChua"},"content":"import java.time.LocalDate;","lastModifiedDate":"2022-08-23"},{"lineNumber":8,"author":{"gitId":"JordanChua"},"content":"import java.time.LocalDateTime;","lastModifiedDate":"2022-08-23"},{"lineNumber":9,"author":{"gitId":"JordanChua"},"content":"import java.time.format.DateTimeFormatter;","lastModifiedDate":"2022-08-23"},{"lineNumber":10,"author":{"gitId":"JordanChua"},"content":"import java.time.temporal.ChronoUnit;","lastModifiedDate":"2022-08-23"},{"lineNumber":11,"author":{"gitId":"JordanChua"},"content":"","lastModifiedDate":"2022-08-25"},{"lineNumber":12,"author":{"gitId":"JordanChua"},"content":"public class Event extends Task{","lastModifiedDate":"2022-08-18"},{"lineNumber":13,"author":{"gitId":"JordanChua"},"content":"    private LocalDateTime time;","lastModifiedDate":"2022-08-23"},{"lineNumber":14,"author":{"gitId":"JordanChua"},"content":"","lastModifiedDate":"2022-08-18"},{"lineNumber":15,"author":{"gitId":"JordanChua"},"content":"    public Event(String description, LocalDateTime time) {","lastModifiedDate":"2022-08-23"},{"lineNumber":16,"author":{"gitId":"JordanChua"},"content":"        super(description);","lastModifiedDate":"2022-08-18"},{"lineNumber":17,"author":{"gitId":"JordanChua"},"content":"        this.time \u003d time;","lastModifiedDate":"2022-08-18"},{"lineNumber":18,"author":{"gitId":"JordanChua"},"content":"    }","lastModifiedDate":"2022-08-18"},{"lineNumber":19,"author":{"gitId":"JordanChua"},"content":"","lastModifiedDate":"2022-08-18"},{"lineNumber":20,"author":{"gitId":"JordanChua"},"content":"    LocalDateTime getTime() {","lastModifiedDate":"2022-08-23"},{"lineNumber":21,"author":{"gitId":"JordanChua"},"content":"        return this.time;","lastModifiedDate":"2022-08-23"},{"lineNumber":22,"author":{"gitId":"JordanChua"},"content":"    }","lastModifiedDate":"2022-08-23"},{"lineNumber":23,"author":{"gitId":"JordanChua"},"content":"","lastModifiedDate":"2022-08-23"},{"lineNumber":24,"author":{"gitId":"JordanChua"},"content":"    /** Returns formatted String to write back to our data","lastModifiedDate":"2022-08-25"},{"lineNumber":25,"author":{"gitId":"JordanChua"},"content":"     *","lastModifiedDate":"2022-08-25"},{"lineNumber":26,"author":{"gitId":"JordanChua"},"content":"     * @return String to save to our stored data","lastModifiedDate":"2022-08-25"},{"lineNumber":27,"author":{"gitId":"JordanChua"},"content":"     */","lastModifiedDate":"2022-08-25"},{"lineNumber":28,"author":{"gitId":"JordanChua"},"content":"    @Override","lastModifiedDate":"2022-08-22"},{"lineNumber":29,"author":{"gitId":"JordanChua"},"content":"    String writeToFile() {","lastModifiedDate":"2022-08-22"},{"lineNumber":30,"author":{"gitId":"JordanChua"},"content":"        return \"E|\" + super.writeToFile() + \"|at \"","lastModifiedDate":"2022-08-25"},{"lineNumber":31,"author":{"gitId":"JordanChua"},"content":"                + time.format(DateTimeFormatter.ofPattern(\"dd/MM/yyyy HHmm\"));","lastModifiedDate":"2022-08-25"},{"lineNumber":32,"author":{"gitId":"JordanChua"},"content":"    }","lastModifiedDate":"2022-08-22"},{"lineNumber":33,"author":{"gitId":"JordanChua"},"content":"","lastModifiedDate":"2022-08-22"},{"lineNumber":34,"author":{"gitId":"JordanChua"},"content":"    @Override","lastModifiedDate":"2022-08-18"},{"lineNumber":35,"author":{"gitId":"JordanChua"},"content":"    public String toString() {","lastModifiedDate":"2022-08-18"},{"lineNumber":36,"author":{"gitId":"JordanChua"},"content":"        return \"[E]\" + super.toString() + \" (\"","lastModifiedDate":"2022-08-25"},{"lineNumber":37,"author":{"gitId":"JordanChua"},"content":"                + time.format(DateTimeFormatter.ofPattern(\"yyyy-MM-dd HH:mm\")) + \")\";","lastModifiedDate":"2022-08-25"},{"lineNumber":38,"author":{"gitId":"JordanChua"},"content":"    }","lastModifiedDate":"2022-08-18"},{"lineNumber":39,"author":{"gitId":"JordanChua"},"content":"}","lastModifiedDate":"2022-08-18"}],"authorContributionMap":{"JordanChua":39}},{"path":"src/main/java/duke/Parser.java","fileType":"java","lines":[{"lineNumber":1,"author":{"gitId":"JordanChua"},"content":"package duke;","lastModifiedDate":"2022-08-24"},{"lineNumber":2,"author":{"gitId":"JordanChua"},"content":"","lastModifiedDate":"2022-08-24"},{"lineNumber":3,"author":{"gitId":"JordanChua"},"content":"import java.time.LocalDate;","lastModifiedDate":"2022-08-24"},{"lineNumber":4,"author":{"gitId":"JordanChua"},"content":"import java.time.LocalDateTime;","lastModifiedDate":"2022-08-24"},{"lineNumber":5,"author":{"gitId":"JordanChua"},"content":"import java.time.LocalTime;","lastModifiedDate":"2022-08-24"},{"lineNumber":6,"author":{"gitId":"JordanChua"},"content":"import java.time.format.DateTimeFormatter;","lastModifiedDate":"2022-08-24"},{"lineNumber":7,"author":{"gitId":"JordanChua"},"content":"import java.time.temporal.ChronoUnit;","lastModifiedDate":"2022-08-24"},{"lineNumber":8,"author":{"gitId":"JordanChua"},"content":"","lastModifiedDate":"2022-08-24"},{"lineNumber":9,"author":{"gitId":"JordanChua"},"content":"public class Parser {","lastModifiedDate":"2022-08-24"},{"lineNumber":10,"author":{"gitId":"JordanChua"},"content":"","lastModifiedDate":"2022-08-25"},{"lineNumber":11,"author":{"gitId":"JordanChua"},"content":"    /**","lastModifiedDate":"2022-08-25"},{"lineNumber":12,"author":{"gitId":"JordanChua"},"content":"     * Returns a String that characterises the type of command the user has input","lastModifiedDate":"2022-08-25"},{"lineNumber":13,"author":{"gitId":"JordanChua"},"content":"     * If the command is not of a certain format for some inputs, DukeException is thrown","lastModifiedDate":"2022-08-25"},{"lineNumber":14,"author":{"gitId":"JordanChua"},"content":"     *","lastModifiedDate":"2022-08-25"},{"lineNumber":15,"author":{"gitId":"JordanChua"},"content":"     * @param input","lastModifiedDate":"2022-08-25"},{"lineNumber":16,"author":{"gitId":"JordanChua"},"content":"     * @return command type","lastModifiedDate":"2022-08-25"},{"lineNumber":17,"author":{"gitId":"JordanChua"},"content":"     * @throws DukeException if todo command has no description or the command is not meaningful","lastModifiedDate":"2022-08-25"},{"lineNumber":18,"author":{"gitId":"JordanChua"},"content":"     */","lastModifiedDate":"2022-08-25"},{"lineNumber":19,"author":{"gitId":"JordanChua"},"content":"    static String getCommandType(String input) throws DukeException {","lastModifiedDate":"2022-08-24"},{"lineNumber":20,"author":{"gitId":"JordanChua"},"content":"        if (input.equals(\"bye\")) {","lastModifiedDate":"2022-08-24"},{"lineNumber":21,"author":{"gitId":"JordanChua"},"content":"            return \"EXIT\";","lastModifiedDate":"2022-08-24"},{"lineNumber":22,"author":{"gitId":"JordanChua"},"content":"        } else if (input.equals(\"list\")) {","lastModifiedDate":"2022-08-24"},{"lineNumber":23,"author":{"gitId":"JordanChua"},"content":"            return \"PRINT\";","lastModifiedDate":"2022-08-24"},{"lineNumber":24,"author":{"gitId":"JordanChua"},"content":"        } else if (input.startsWith(\"mark\") | input.startsWith(\"unmark\")) {","lastModifiedDate":"2022-08-24"},{"lineNumber":25,"author":{"gitId":"JordanChua"},"content":"            return \"UPDATE\";","lastModifiedDate":"2022-08-24"},{"lineNumber":26,"author":{"gitId":"JordanChua"},"content":"        } else if (input.startsWith(\"delete\")) {","lastModifiedDate":"2022-08-24"},{"lineNumber":27,"author":{"gitId":"JordanChua"},"content":"            return \"DELETE\";","lastModifiedDate":"2022-08-24"},{"lineNumber":28,"author":{"gitId":"JordanChua"},"content":"        } else if (input.replaceAll(\" \", \"\").equals(\"todo\")) {","lastModifiedDate":"2022-08-24"},{"lineNumber":29,"author":{"gitId":"JordanChua"},"content":"            throw new DukeException(\"☹ OOPS!!! The description of a todo cannot be empty.\");","lastModifiedDate":"2022-08-24"},{"lineNumber":30,"author":{"gitId":"JordanChua"},"content":"        } else if (input.startsWith(\"todo\") | input.startsWith(\"deadline\") | input.startsWith(\"event\")) {","lastModifiedDate":"2022-08-24"},{"lineNumber":31,"author":{"gitId":"JordanChua"},"content":"            return \"ADD\";","lastModifiedDate":"2022-08-24"},{"lineNumber":32,"author":{"gitId":"JordanChua"},"content":"        } else if (input.equals(\"upcoming tasks\")) {","lastModifiedDate":"2022-08-24"},{"lineNumber":33,"author":{"gitId":"JordanChua"},"content":"            return \"UPCOMING\";","lastModifiedDate":"2022-08-24"},{"lineNumber":34,"author":{"gitId":"JordanChua"},"content":"        } else if (input.startsWith(\"find\")) {","lastModifiedDate":"2022-08-25"},{"lineNumber":35,"author":{"gitId":"JordanChua"},"content":"            return \"FIND\";","lastModifiedDate":"2022-08-25"},{"lineNumber":36,"author":{"gitId":"JordanChua"},"content":"        } else {","lastModifiedDate":"2022-08-24"},{"lineNumber":37,"author":{"gitId":"JordanChua"},"content":"            throw new DukeException(\"☹ OOPS!!! I\u0027m sorry, but I don\u0027t know what that means :-(\");","lastModifiedDate":"2022-08-24"},{"lineNumber":38,"author":{"gitId":"JordanChua"},"content":"        }","lastModifiedDate":"2022-08-24"},{"lineNumber":39,"author":{"gitId":"JordanChua"},"content":"    }","lastModifiedDate":"2022-08-24"},{"lineNumber":40,"author":{"gitId":"JordanChua"},"content":"","lastModifiedDate":"2022-08-24"},{"lineNumber":41,"author":{"gitId":"JordanChua"},"content":"    /** Return an int array after parsing the mark or unmark command","lastModifiedDate":"2022-08-25"},{"lineNumber":42,"author":{"gitId":"JordanChua"},"content":"     * The first integer will determine if its a mark or unmark command","lastModifiedDate":"2022-08-25"},{"lineNumber":43,"author":{"gitId":"JordanChua"},"content":"     * The second integer is the task index","lastModifiedDate":"2022-08-25"},{"lineNumber":44,"author":{"gitId":"JordanChua"},"content":"     *","lastModifiedDate":"2022-08-25"},{"lineNumber":45,"author":{"gitId":"JordanChua"},"content":"     * @param command mark/unmark command","lastModifiedDate":"2022-08-25"},{"lineNumber":46,"author":{"gitId":"JordanChua"},"content":"     * @return integer array containing task index","lastModifiedDate":"2022-08-25"},{"lineNumber":47,"author":{"gitId":"JordanChua"},"content":"     */","lastModifiedDate":"2022-08-25"},{"lineNumber":48,"author":{"gitId":"JordanChua"},"content":"","lastModifiedDate":"2022-08-25"},{"lineNumber":49,"author":{"gitId":"JordanChua"},"content":"    static int[] parseUpdateCommand(String command) {","lastModifiedDate":"2022-08-24"},{"lineNumber":50,"author":{"gitId":"JordanChua"},"content":"        String[] parsedCommand \u003d command.split(\"\\\\s+\");","lastModifiedDate":"2022-08-24"},{"lineNumber":51,"author":{"gitId":"JordanChua"},"content":"        if (command.startsWith(\"mark\")) {","lastModifiedDate":"2022-08-24"},{"lineNumber":52,"author":{"gitId":"JordanChua"},"content":"            return new int[]{1, Integer.valueOf(parsedCommand[1])};","lastModifiedDate":"2022-08-24"},{"lineNumber":53,"author":{"gitId":"JordanChua"},"content":"        }","lastModifiedDate":"2022-08-24"},{"lineNumber":54,"author":{"gitId":"JordanChua"},"content":"        return new int[]{2, Integer.valueOf(parsedCommand[1])};","lastModifiedDate":"2022-08-24"},{"lineNumber":55,"author":{"gitId":"JordanChua"},"content":"    }","lastModifiedDate":"2022-08-24"},{"lineNumber":56,"author":{"gitId":"JordanChua"},"content":"","lastModifiedDate":"2022-08-24"},{"lineNumber":57,"author":{"gitId":"JordanChua"},"content":"    /** Returns index of task to delete","lastModifiedDate":"2022-08-25"},{"lineNumber":58,"author":{"gitId":"JordanChua"},"content":"     *","lastModifiedDate":"2022-08-25"},{"lineNumber":59,"author":{"gitId":"JordanChua"},"content":"     * @param deleteCommand","lastModifiedDate":"2022-08-25"},{"lineNumber":60,"author":{"gitId":"JordanChua"},"content":"     * @return task index","lastModifiedDate":"2022-08-25"},{"lineNumber":61,"author":{"gitId":"JordanChua"},"content":"     */","lastModifiedDate":"2022-08-25"},{"lineNumber":62,"author":{"gitId":"JordanChua"},"content":"    static int getDeleteNum(String deleteCommand) {","lastModifiedDate":"2022-08-24"},{"lineNumber":63,"author":{"gitId":"JordanChua"},"content":"        String[] parsedCommand \u003d deleteCommand.split(\"\\\\s+\");","lastModifiedDate":"2022-08-24"},{"lineNumber":64,"author":{"gitId":"JordanChua"},"content":"        return Integer.valueOf(parsedCommand[1]);","lastModifiedDate":"2022-08-24"},{"lineNumber":65,"author":{"gitId":"JordanChua"},"content":"    }","lastModifiedDate":"2022-08-24"},{"lineNumber":66,"author":{"gitId":"JordanChua"},"content":"","lastModifiedDate":"2022-08-24"},{"lineNumber":67,"author":{"gitId":"JordanChua"},"content":"    /** Returns date and time of a deadline or event command","lastModifiedDate":"2022-08-25"},{"lineNumber":68,"author":{"gitId":"JordanChua"},"content":"     * If the date and time is not of correct format, DukeException is thrown","lastModifiedDate":"2022-08-25"},{"lineNumber":69,"author":{"gitId":"JordanChua"},"content":"     *","lastModifiedDate":"2022-08-25"},{"lineNumber":70,"author":{"gitId":"JordanChua"},"content":"     * @param command event/deadline command","lastModifiedDate":"2022-08-25"},{"lineNumber":71,"author":{"gitId":"JordanChua"},"content":"     * @return LocalDateTime of event/deadline","lastModifiedDate":"2022-08-25"},{"lineNumber":72,"author":{"gitId":"JordanChua"},"content":"     * @throws DukeException if date and time is not formatted correctly","lastModifiedDate":"2022-08-25"},{"lineNumber":73,"author":{"gitId":"JordanChua"},"content":"     */","lastModifiedDate":"2022-08-25"},{"lineNumber":74,"author":{"gitId":"JordanChua"},"content":"    static LocalDateTime parseDateTime(String command) throws DukeException{","lastModifiedDate":"2022-08-24"},{"lineNumber":75,"author":{"gitId":"JordanChua"},"content":"        try {","lastModifiedDate":"2022-08-24"},{"lineNumber":76,"author":{"gitId":"JordanChua"},"content":"            // Splits the date and time into a String array","lastModifiedDate":"2022-08-25"},{"lineNumber":77,"author":{"gitId":"JordanChua"},"content":"            String dateTime \u003d command.substring(command.indexOf(\"/\") + 1);","lastModifiedDate":"2022-08-24"},{"lineNumber":78,"author":{"gitId":"JordanChua"},"content":"            String[] splitTime \u003d dateTime.split(\"\\\\s+\");","lastModifiedDate":"2022-08-24"},{"lineNumber":79,"author":{"gitId":"JordanChua"},"content":"","lastModifiedDate":"2022-08-25"},{"lineNumber":80,"author":{"gitId":"JordanChua"},"content":"            //parses the data and time based on a fixed format","lastModifiedDate":"2022-08-25"},{"lineNumber":81,"author":{"gitId":"JordanChua"},"content":"            LocalDate date \u003d LocalDate.parse(splitTime[1], DateTimeFormatter.ofPattern(\"dd/MM/yyyy\"));","lastModifiedDate":"2022-08-24"},{"lineNumber":82,"author":{"gitId":"JordanChua"},"content":"            LocalTime time \u003d LocalTime.parse(splitTime[2], DateTimeFormatter.ofPattern(\"HHmm\"));","lastModifiedDate":"2022-08-24"},{"lineNumber":83,"author":{"gitId":"JordanChua"},"content":"","lastModifiedDate":"2022-08-25"},{"lineNumber":84,"author":{"gitId":"JordanChua"},"content":"            return LocalDateTime.of(date, time);","lastModifiedDate":"2022-08-24"},{"lineNumber":85,"author":{"gitId":"JordanChua"},"content":"        } catch (Exception e) {","lastModifiedDate":"2022-08-24"},{"lineNumber":86,"author":{"gitId":"JordanChua"},"content":"            throw new DukeException(\"Date and Time is not of correct format!\");","lastModifiedDate":"2022-08-24"},{"lineNumber":87,"author":{"gitId":"JordanChua"},"content":"        }","lastModifiedDate":"2022-08-24"},{"lineNumber":88,"author":{"gitId":"JordanChua"},"content":"    }","lastModifiedDate":"2022-08-24"},{"lineNumber":89,"author":{"gitId":"JordanChua"},"content":"","lastModifiedDate":"2022-08-24"},{"lineNumber":90,"author":{"gitId":"JordanChua"},"content":"    /**","lastModifiedDate":"2022-08-25"},{"lineNumber":91,"author":{"gitId":"JordanChua"},"content":"     * Prints the task with the keyword in their description","lastModifiedDate":"2022-08-25"},{"lineNumber":92,"author":{"gitId":"JordanChua"},"content":"     * Otherwise print an error message that keyword does not exist","lastModifiedDate":"2022-08-25"},{"lineNumber":93,"author":{"gitId":"JordanChua"},"content":"     *","lastModifiedDate":"2022-08-25"},{"lineNumber":94,"author":{"gitId":"JordanChua"},"content":"     * @param command the user input","lastModifiedDate":"2022-08-25"},{"lineNumber":95,"author":{"gitId":"JordanChua"},"content":"     * @param tasks","lastModifiedDate":"2022-08-25"},{"lineNumber":96,"author":{"gitId":"JordanChua"},"content":"     * @throws DukeException if keyword cannot be found in our task list","lastModifiedDate":"2022-08-25"},{"lineNumber":97,"author":{"gitId":"JordanChua"},"content":"     */","lastModifiedDate":"2022-08-25"},{"lineNumber":98,"author":{"gitId":"JordanChua"},"content":"    static void parseFindCommand(String command, TaskList tasks) throws DukeException{","lastModifiedDate":"2022-08-25"},{"lineNumber":99,"author":{"gitId":"JordanChua"},"content":"        try {","lastModifiedDate":"2022-08-25"},{"lineNumber":100,"author":{"gitId":"JordanChua"},"content":"            String keyword \u003d command.substring(5);","lastModifiedDate":"2022-08-25"},{"lineNumber":101,"author":{"gitId":"JordanChua"},"content":"            tasks.findTasks(keyword);","lastModifiedDate":"2022-08-25"},{"lineNumber":102,"author":{"gitId":"JordanChua"},"content":"        } catch (DukeException e) {","lastModifiedDate":"2022-08-25"},{"lineNumber":103,"author":{"gitId":"JordanChua"},"content":"            System.out.println(e.getMessage());","lastModifiedDate":"2022-08-25"},{"lineNumber":104,"author":{"gitId":"JordanChua"},"content":"        }","lastModifiedDate":"2022-08-25"},{"lineNumber":105,"author":{"gitId":"JordanChua"},"content":"    }","lastModifiedDate":"2022-08-25"},{"lineNumber":106,"author":{"gitId":"JordanChua"},"content":"","lastModifiedDate":"2022-08-25"},{"lineNumber":107,"author":{"gitId":"JordanChua"},"content":"    static void printUpcomingTasks(TaskList tasks) {","lastModifiedDate":"2022-08-25"},{"lineNumber":108,"author":{"gitId":"JordanChua"},"content":"        LocalDateTime dateTime \u003d LocalDateTime.now();","lastModifiedDate":"2022-08-24"},{"lineNumber":109,"author":{"gitId":"JordanChua"},"content":"        for (Task task : tasks.getTasks()) {","lastModifiedDate":"2022-08-24"},{"lineNumber":110,"author":{"gitId":"JordanChua"},"content":"            if (task instanceof Deadline) {","lastModifiedDate":"2022-08-24"},{"lineNumber":111,"author":{"gitId":"JordanChua"},"content":"                //we specify that the task is of the Deadline class by type casting","lastModifiedDate":"2022-08-25"},{"lineNumber":112,"author":{"gitId":"JordanChua"},"content":"                Deadline deadline \u003d (Deadline) task;","lastModifiedDate":"2022-08-24"},{"lineNumber":113,"author":{"gitId":"JordanChua"},"content":"","lastModifiedDate":"2022-08-25"},{"lineNumber":114,"author":{"gitId":"JordanChua"},"content":"                if (deadline.getTime().isBefore(dateTime.plusWeeks(1))) {","lastModifiedDate":"2022-08-24"},{"lineNumber":115,"author":{"gitId":"JordanChua"},"content":"                    System.out.println(deadline);","lastModifiedDate":"2022-08-24"},{"lineNumber":116,"author":{"gitId":"JordanChua"},"content":"                }","lastModifiedDate":"2022-08-24"},{"lineNumber":117,"author":{"gitId":"JordanChua"},"content":"            } else if (task instanceof Event) {","lastModifiedDate":"2022-08-24"},{"lineNumber":118,"author":{"gitId":"JordanChua"},"content":"                //we specify that the task is of the Event class by type casting","lastModifiedDate":"2022-08-25"},{"lineNumber":119,"author":{"gitId":"JordanChua"},"content":"                Event event \u003d (Event) task;","lastModifiedDate":"2022-08-24"},{"lineNumber":120,"author":{"gitId":"JordanChua"},"content":"","lastModifiedDate":"2022-08-25"},{"lineNumber":121,"author":{"gitId":"JordanChua"},"content":"                if (event.getTime().isBefore(dateTime.plusWeeks(1))) {","lastModifiedDate":"2022-08-24"},{"lineNumber":122,"author":{"gitId":"JordanChua"},"content":"                    System.out.println(event);","lastModifiedDate":"2022-08-24"},{"lineNumber":123,"author":{"gitId":"JordanChua"},"content":"                }","lastModifiedDate":"2022-08-24"},{"lineNumber":124,"author":{"gitId":"JordanChua"},"content":"            }","lastModifiedDate":"2022-08-24"},{"lineNumber":125,"author":{"gitId":"JordanChua"},"content":"        }","lastModifiedDate":"2022-08-24"},{"lineNumber":126,"author":{"gitId":"JordanChua"},"content":"    }","lastModifiedDate":"2022-08-24"},{"lineNumber":127,"author":{"gitId":"JordanChua"},"content":"}","lastModifiedDate":"2022-08-24"}],"authorContributionMap":{"JordanChua":127}},{"path":"src/main/java/duke/Storage.java","fileType":"java","lines":[{"lineNumber":1,"author":{"gitId":"JordanChua"},"content":"package duke;","lastModifiedDate":"2022-08-24"},{"lineNumber":2,"author":{"gitId":"JordanChua"},"content":"","lastModifiedDate":"2022-08-24"},{"lineNumber":3,"author":{"gitId":"JordanChua"},"content":"import java.io.File;","lastModifiedDate":"2022-08-24"},{"lineNumber":4,"author":{"gitId":"JordanChua"},"content":"import java.io.FileNotFoundException;","lastModifiedDate":"2022-08-24"},{"lineNumber":5,"author":{"gitId":"JordanChua"},"content":"import java.io.IOException;","lastModifiedDate":"2022-08-24"},{"lineNumber":6,"author":{"gitId":"JordanChua"},"content":"import java.io.PrintWriter;","lastModifiedDate":"2022-08-24"},{"lineNumber":7,"author":{"gitId":"JordanChua"},"content":"","lastModifiedDate":"2022-08-25"},{"lineNumber":8,"author":{"gitId":"JordanChua"},"content":"import java.time.LocalDate;","lastModifiedDate":"2022-08-24"},{"lineNumber":9,"author":{"gitId":"JordanChua"},"content":"import java.time.LocalDateTime;","lastModifiedDate":"2022-08-24"},{"lineNumber":10,"author":{"gitId":"JordanChua"},"content":"import java.time.LocalTime;","lastModifiedDate":"2022-08-24"},{"lineNumber":11,"author":{"gitId":"JordanChua"},"content":"import java.time.format.DateTimeFormatter;","lastModifiedDate":"2022-08-24"},{"lineNumber":12,"author":{"gitId":"JordanChua"},"content":"","lastModifiedDate":"2022-08-25"},{"lineNumber":13,"author":{"gitId":"JordanChua"},"content":"import java.util.ArrayList;","lastModifiedDate":"2022-08-24"},{"lineNumber":14,"author":{"gitId":"JordanChua"},"content":"import java.util.List;","lastModifiedDate":"2022-08-24"},{"lineNumber":15,"author":{"gitId":"JordanChua"},"content":"import java.util.Scanner;","lastModifiedDate":"2022-08-24"},{"lineNumber":16,"author":{"gitId":"JordanChua"},"content":"","lastModifiedDate":"2022-08-24"},{"lineNumber":17,"author":{"gitId":"JordanChua"},"content":"/**","lastModifiedDate":"2022-08-25"},{"lineNumber":18,"author":{"gitId":"JordanChua"},"content":" *  Loads our stored data and saves updated tasks into the file","lastModifiedDate":"2022-08-25"},{"lineNumber":19,"author":{"gitId":"JordanChua"},"content":" *  Handles exceptions where the file does not exist and creates a new file to write into","lastModifiedDate":"2022-08-25"},{"lineNumber":20,"author":{"gitId":"JordanChua"},"content":" */","lastModifiedDate":"2022-08-25"},{"lineNumber":21,"author":{"gitId":"JordanChua"},"content":"public class Storage {","lastModifiedDate":"2022-08-24"},{"lineNumber":22,"author":{"gitId":"JordanChua"},"content":"    private String pathFile;","lastModifiedDate":"2022-08-24"},{"lineNumber":23,"author":{"gitId":"JordanChua"},"content":"","lastModifiedDate":"2022-08-24"},{"lineNumber":24,"author":{"gitId":"JordanChua"},"content":"    Storage(String pathFile) {","lastModifiedDate":"2022-08-24"},{"lineNumber":25,"author":{"gitId":"JordanChua"},"content":"        this.pathFile \u003d pathFile;","lastModifiedDate":"2022-08-24"},{"lineNumber":26,"author":{"gitId":"JordanChua"},"content":"    }","lastModifiedDate":"2022-08-24"},{"lineNumber":27,"author":{"gitId":"JordanChua"},"content":"","lastModifiedDate":"2022-08-24"},{"lineNumber":28,"author":{"gitId":"JordanChua"},"content":"    List\u003cTask\u003e load() throws DukeException {","lastModifiedDate":"2022-08-24"},{"lineNumber":29,"author":{"gitId":"JordanChua"},"content":"        List\u003cTask\u003e tasks \u003d new ArrayList\u003cTask\u003e();","lastModifiedDate":"2022-08-24"},{"lineNumber":30,"author":{"gitId":"JordanChua"},"content":"        try {","lastModifiedDate":"2022-08-24"},{"lineNumber":31,"author":{"gitId":"JordanChua"},"content":"            File taskFile \u003d new File(pathFile);","lastModifiedDate":"2022-08-24"},{"lineNumber":32,"author":{"gitId":"JordanChua"},"content":"            Scanner taskReader \u003d new Scanner(taskFile);","lastModifiedDate":"2022-08-24"},{"lineNumber":33,"author":{"gitId":"JordanChua"},"content":"            while (taskReader.hasNextLine()) {","lastModifiedDate":"2022-08-24"},{"lineNumber":34,"author":{"gitId":"JordanChua"},"content":"                // we first read the input from our stored file and parse it into a string array","lastModifiedDate":"2022-08-25"},{"lineNumber":35,"author":{"gitId":"JordanChua"},"content":"                String data \u003d taskReader.nextLine();","lastModifiedDate":"2022-08-24"},{"lineNumber":36,"author":{"gitId":"JordanChua"},"content":"                String[] parts \u003d data.split(\"\\\\|\");","lastModifiedDate":"2022-08-24"},{"lineNumber":37,"author":{"gitId":"JordanChua"},"content":"","lastModifiedDate":"2022-08-25"},{"lineNumber":38,"author":{"gitId":"JordanChua"},"content":"                //we then assign variables to each part of our input","lastModifiedDate":"2022-08-25"},{"lineNumber":39,"author":{"gitId":"JordanChua"},"content":"                // The task type specifies the class it belongs to","lastModifiedDate":"2022-08-25"},{"lineNumber":40,"author":{"gitId":"JordanChua"},"content":"                //Status tells us if the task is done or not","lastModifiedDate":"2022-08-25"},{"lineNumber":41,"author":{"gitId":"JordanChua"},"content":"                String taskType \u003d parts[0];","lastModifiedDate":"2022-08-24"},{"lineNumber":42,"author":{"gitId":"JordanChua"},"content":"                int status \u003d Integer.valueOf(parts[1]);","lastModifiedDate":"2022-08-24"},{"lineNumber":43,"author":{"gitId":"JordanChua"},"content":"                String task \u003d parts[2];","lastModifiedDate":"2022-08-24"},{"lineNumber":44,"author":{"gitId":"JordanChua"},"content":"","lastModifiedDate":"2022-08-25"},{"lineNumber":45,"author":{"gitId":"JordanChua"},"content":"                // if the task is a deadline or event, we must also include the date and time","lastModifiedDate":"2022-08-25"},{"lineNumber":46,"author":{"gitId":"JordanChua"},"content":"                if (taskType.equals(\"D\") | taskType.equals(\"E\")) {","lastModifiedDate":"2022-08-24"},{"lineNumber":47,"author":{"gitId":"JordanChua"},"content":"                    String dateTime \u003d parts[3];","lastModifiedDate":"2022-08-24"},{"lineNumber":48,"author":{"gitId":"JordanChua"},"content":"                    if (taskType.equals(\"D\")) {","lastModifiedDate":"2022-08-24"},{"lineNumber":49,"author":{"gitId":"JordanChua"},"content":"                        // assign the date and time separately to local variables","lastModifiedDate":"2022-08-25"},{"lineNumber":50,"author":{"gitId":"JordanChua"},"content":"                        String[] splitTime \u003d dateTime.split(\"\\\\s+\");","lastModifiedDate":"2022-08-24"},{"lineNumber":51,"author":{"gitId":"JordanChua"},"content":"                        LocalDate date \u003d LocalDate.parse(splitTime[1]","lastModifiedDate":"2022-08-25"},{"lineNumber":52,"author":{"gitId":"JordanChua"},"content":"                                , DateTimeFormatter.ofPattern(\"dd/MM/yyyy\"));","lastModifiedDate":"2022-08-25"},{"lineNumber":53,"author":{"gitId":"JordanChua"},"content":"                        LocalTime time \u003d LocalTime.parse(splitTime[2]","lastModifiedDate":"2022-08-25"},{"lineNumber":54,"author":{"gitId":"JordanChua"},"content":"                                , DateTimeFormatter.ofPattern(\"HHmm\"));","lastModifiedDate":"2022-08-25"},{"lineNumber":55,"author":{"gitId":"JordanChua"},"content":"","lastModifiedDate":"2022-08-25"},{"lineNumber":56,"author":{"gitId":"JordanChua"},"content":"                        //create a new deadline to add to our task list","lastModifiedDate":"2022-08-25"},{"lineNumber":57,"author":{"gitId":"JordanChua"},"content":"                        Deadline newDeadline \u003d new Deadline(task, LocalDateTime.of(date, time));","lastModifiedDate":"2022-08-24"},{"lineNumber":58,"author":{"gitId":"JordanChua"},"content":"                        tasks.add(newDeadline);","lastModifiedDate":"2022-08-24"},{"lineNumber":59,"author":{"gitId":"JordanChua"},"content":"","lastModifiedDate":"2022-08-25"},{"lineNumber":60,"author":{"gitId":"JordanChua"},"content":"                        // mark our task depending on the status","lastModifiedDate":"2022-08-25"},{"lineNumber":61,"author":{"gitId":"JordanChua"},"content":"                        if (status \u003d\u003d 1) {","lastModifiedDate":"2022-08-24"},{"lineNumber":62,"author":{"gitId":"JordanChua"},"content":"                            newDeadline.mark();","lastModifiedDate":"2022-08-24"},{"lineNumber":63,"author":{"gitId":"JordanChua"},"content":"                        }","lastModifiedDate":"2022-08-24"},{"lineNumber":64,"author":{"gitId":"JordanChua"},"content":"                    } else {","lastModifiedDate":"2022-08-24"},{"lineNumber":65,"author":{"gitId":"JordanChua"},"content":"                        //again assign the date and time separately to local variables","lastModifiedDate":"2022-08-25"},{"lineNumber":66,"author":{"gitId":"JordanChua"},"content":"                        String[] splitTime \u003d dateTime.split(\"\\\\s+\");","lastModifiedDate":"2022-08-24"},{"lineNumber":67,"author":{"gitId":"JordanChua"},"content":"                        LocalDate date \u003d LocalDate.parse(splitTime[1]","lastModifiedDate":"2022-08-25"},{"lineNumber":68,"author":{"gitId":"JordanChua"},"content":"                                , DateTimeFormatter.ofPattern(\"dd/MM/yyyy\"));","lastModifiedDate":"2022-08-25"},{"lineNumber":69,"author":{"gitId":"JordanChua"},"content":"                        LocalTime time \u003d LocalTime.parse(splitTime[2]","lastModifiedDate":"2022-08-25"},{"lineNumber":70,"author":{"gitId":"JordanChua"},"content":"                                , DateTimeFormatter.ofPattern(\"HHmm\"));","lastModifiedDate":"2022-08-25"},{"lineNumber":71,"author":{"gitId":"JordanChua"},"content":"","lastModifiedDate":"2022-08-25"},{"lineNumber":72,"author":{"gitId":"JordanChua"},"content":"                        //create a new event to add to our task list","lastModifiedDate":"2022-08-25"},{"lineNumber":73,"author":{"gitId":"JordanChua"},"content":"                        Event newEvent \u003d new Event(task, LocalDateTime.of(date, time));","lastModifiedDate":"2022-08-24"},{"lineNumber":74,"author":{"gitId":"JordanChua"},"content":"                        tasks.add(newEvent);","lastModifiedDate":"2022-08-24"},{"lineNumber":75,"author":{"gitId":"JordanChua"},"content":"","lastModifiedDate":"2022-08-25"},{"lineNumber":76,"author":{"gitId":"JordanChua"},"content":"                        // mark our task depending on the status","lastModifiedDate":"2022-08-25"},{"lineNumber":77,"author":{"gitId":"JordanChua"},"content":"                        if (status \u003d\u003d 1) {","lastModifiedDate":"2022-08-24"},{"lineNumber":78,"author":{"gitId":"JordanChua"},"content":"                            newEvent.mark();","lastModifiedDate":"2022-08-24"},{"lineNumber":79,"author":{"gitId":"JordanChua"},"content":"                        }","lastModifiedDate":"2022-08-24"},{"lineNumber":80,"author":{"gitId":"JordanChua"},"content":"                    }","lastModifiedDate":"2022-08-24"},{"lineNumber":81,"author":{"gitId":"JordanChua"},"content":"                } else {","lastModifiedDate":"2022-08-25"},{"lineNumber":82,"author":{"gitId":"JordanChua"},"content":"                    Task newTask \u003d new Todo(task);","lastModifiedDate":"2022-08-24"},{"lineNumber":83,"author":{"gitId":"JordanChua"},"content":"                    tasks.add(newTask);","lastModifiedDate":"2022-08-24"},{"lineNumber":84,"author":{"gitId":"JordanChua"},"content":"","lastModifiedDate":"2022-08-25"},{"lineNumber":85,"author":{"gitId":"JordanChua"},"content":"                    // mark our task depending on the status","lastModifiedDate":"2022-08-25"},{"lineNumber":86,"author":{"gitId":"JordanChua"},"content":"                    if (status \u003d\u003d 1) {","lastModifiedDate":"2022-08-24"},{"lineNumber":87,"author":{"gitId":"JordanChua"},"content":"                        newTask.mark();","lastModifiedDate":"2022-08-24"},{"lineNumber":88,"author":{"gitId":"JordanChua"},"content":"                    }","lastModifiedDate":"2022-08-24"},{"lineNumber":89,"author":{"gitId":"JordanChua"},"content":"                }","lastModifiedDate":"2022-08-24"},{"lineNumber":90,"author":{"gitId":"JordanChua"},"content":"            }","lastModifiedDate":"2022-08-24"},{"lineNumber":91,"author":{"gitId":"JordanChua"},"content":"            taskReader.close();","lastModifiedDate":"2022-08-24"},{"lineNumber":92,"author":{"gitId":"JordanChua"},"content":"            return tasks;","lastModifiedDate":"2022-08-24"},{"lineNumber":93,"author":{"gitId":"JordanChua"},"content":"        } catch (FileNotFoundException e) {","lastModifiedDate":"2022-08-24"},{"lineNumber":94,"author":{"gitId":"JordanChua"},"content":"            throw new DukeException(\"File Not Found!\");","lastModifiedDate":"2022-08-24"},{"lineNumber":95,"author":{"gitId":"JordanChua"},"content":"        }","lastModifiedDate":"2022-08-24"},{"lineNumber":96,"author":{"gitId":"JordanChua"},"content":"    }","lastModifiedDate":"2022-08-24"},{"lineNumber":97,"author":{"gitId":"JordanChua"},"content":"","lastModifiedDate":"2022-08-24"},{"lineNumber":98,"author":{"gitId":"JordanChua"},"content":"    //here after reading each input we write back to our file to update our task list","lastModifiedDate":"2022-08-24"},{"lineNumber":99,"author":{"gitId":"JordanChua"},"content":"    // To do this we manually overwrite our current file content","lastModifiedDate":"2022-08-24"},{"lineNumber":100,"author":{"gitId":"JordanChua"},"content":"    // by passing our updated TaskList as our argument","lastModifiedDate":"2022-08-24"},{"lineNumber":101,"author":{"gitId":"JordanChua"},"content":"    void save(TaskList tasks) throws DukeException {","lastModifiedDate":"2022-08-24"},{"lineNumber":102,"author":{"gitId":"JordanChua"},"content":"        try {","lastModifiedDate":"2022-08-24"},{"lineNumber":103,"author":{"gitId":"JordanChua"},"content":"            PrintWriter prw \u003d new PrintWriter(new File(pathFile));","lastModifiedDate":"2022-08-24"},{"lineNumber":104,"author":{"gitId":"JordanChua"},"content":"            for (Task task : tasks.getTasks()) {","lastModifiedDate":"2022-08-24"},{"lineNumber":105,"author":{"gitId":"JordanChua"},"content":"                prw.println(task.writeToFile());","lastModifiedDate":"2022-08-24"},{"lineNumber":106,"author":{"gitId":"JordanChua"},"content":"            }","lastModifiedDate":"2022-08-24"},{"lineNumber":107,"author":{"gitId":"JordanChua"},"content":"            prw.close();","lastModifiedDate":"2022-08-24"},{"lineNumber":108,"author":{"gitId":"JordanChua"},"content":"        } catch (Exception E) {","lastModifiedDate":"2022-08-24"},{"lineNumber":109,"author":{"gitId":"JordanChua"},"content":"            System.out.println(\"File cannot be written to!\");","lastModifiedDate":"2022-08-24"},{"lineNumber":110,"author":{"gitId":"JordanChua"},"content":"        }","lastModifiedDate":"2022-08-24"},{"lineNumber":111,"author":{"gitId":"JordanChua"},"content":"    }","lastModifiedDate":"2022-08-24"},{"lineNumber":112,"author":{"gitId":"JordanChua"},"content":"}","lastModifiedDate":"2022-08-24"}],"authorContributionMap":{"JordanChua":112}},{"path":"src/main/java/duke/Task.java","fileType":"java","lines":[{"lineNumber":1,"author":{"gitId":"JordanChua"},"content":"package duke;","lastModifiedDate":"2022-08-24"},{"lineNumber":2,"author":{"gitId":"JordanChua"},"content":"","lastModifiedDate":"2022-08-24"},{"lineNumber":3,"author":{"gitId":"JordanChua"},"content":"import java.io.File;","lastModifiedDate":"2022-08-22"},{"lineNumber":4,"author":{"gitId":"JordanChua"},"content":"import java.io.FileWriter;","lastModifiedDate":"2022-08-22"},{"lineNumber":5,"author":{"gitId":"JordanChua"},"content":"import java.io.IOException;","lastModifiedDate":"2022-08-22"},{"lineNumber":6,"author":{"gitId":"JordanChua"},"content":"","lastModifiedDate":"2022-08-22"},{"lineNumber":7,"author":{"gitId":"JordanChua"},"content":"/**","lastModifiedDate":"2022-08-25"},{"lineNumber":8,"author":{"gitId":"JordanChua"},"content":" * Parent class for todo, Event and Deadline to inherit from","lastModifiedDate":"2022-08-25"},{"lineNumber":9,"author":{"gitId":"JordanChua"},"content":" */","lastModifiedDate":"2022-08-25"},{"lineNumber":10,"author":{"gitId":"JordanChua"},"content":"public class Task {","lastModifiedDate":"2022-08-18"},{"lineNumber":11,"author":{"gitId":"JordanChua"},"content":"    private boolean isDone;","lastModifiedDate":"2022-08-18"},{"lineNumber":12,"author":{"gitId":"JordanChua"},"content":"    private String name;","lastModifiedDate":"2022-08-18"},{"lineNumber":13,"author":{"gitId":"JordanChua"},"content":"","lastModifiedDate":"2022-08-18"},{"lineNumber":14,"author":{"gitId":"JordanChua"},"content":"    Task(String name) {","lastModifiedDate":"2022-08-18"},{"lineNumber":15,"author":{"gitId":"JordanChua"},"content":"        this.name \u003d name;","lastModifiedDate":"2022-08-18"},{"lineNumber":16,"author":{"gitId":"JordanChua"},"content":"        this.isDone \u003d false;","lastModifiedDate":"2022-08-18"},{"lineNumber":17,"author":{"gitId":"JordanChua"},"content":"    }","lastModifiedDate":"2022-08-18"},{"lineNumber":18,"author":{"gitId":"JordanChua"},"content":"","lastModifiedDate":"2022-08-18"},{"lineNumber":19,"author":{"gitId":"JordanChua"},"content":"    public String getDescription() {","lastModifiedDate":"2022-08-22"},{"lineNumber":20,"author":{"gitId":"JordanChua"},"content":"        int status \u003d isDone ? 1 : 0;","lastModifiedDate":"2022-08-22"},{"lineNumber":21,"author":{"gitId":"JordanChua"},"content":"        return status + \" | \" + this.name;","lastModifiedDate":"2022-08-22"},{"lineNumber":22,"author":{"gitId":"JordanChua"},"content":"    }","lastModifiedDate":"2022-08-22"},{"lineNumber":23,"author":{"gitId":"JordanChua"},"content":"","lastModifiedDate":"2022-08-22"},{"lineNumber":24,"author":{"gitId":"JordanChua"},"content":"    /**","lastModifiedDate":"2022-08-25"},{"lineNumber":25,"author":{"gitId":"JordanChua"},"content":"     *  Marks task done with X","lastModifiedDate":"2022-08-25"},{"lineNumber":26,"author":{"gitId":"JordanChua"},"content":"     * @return status of task with X or \" \"","lastModifiedDate":"2022-08-25"},{"lineNumber":27,"author":{"gitId":"JordanChua"},"content":"     */","lastModifiedDate":"2022-08-25"},{"lineNumber":28,"author":{"gitId":"JordanChua"},"content":"    public String getStatusIcon() {","lastModifiedDate":"2022-08-18"},{"lineNumber":29,"author":{"gitId":"JordanChua"},"content":"        return (isDone ? \"X\" : \" \");","lastModifiedDate":"2022-08-25"},{"lineNumber":30,"author":{"gitId":"JordanChua"},"content":"    }","lastModifiedDate":"2022-08-18"},{"lineNumber":31,"author":{"gitId":"JordanChua"},"content":"","lastModifiedDate":"2022-08-18"},{"lineNumber":32,"author":{"gitId":"JordanChua"},"content":"    /**","lastModifiedDate":"2022-08-25"},{"lineNumber":33,"author":{"gitId":"JordanChua"},"content":"     * Updates boolean isDone depending on the status of the task","lastModifiedDate":"2022-08-25"},{"lineNumber":34,"author":{"gitId":"JordanChua"},"content":"     */","lastModifiedDate":"2022-08-25"},{"lineNumber":35,"author":{"gitId":"JordanChua"},"content":"    void mark() {","lastModifiedDate":"2022-08-18"},{"lineNumber":36,"author":{"gitId":"JordanChua"},"content":"        this.isDone \u003d true;","lastModifiedDate":"2022-08-18"},{"lineNumber":37,"author":{"gitId":"JordanChua"},"content":"    }","lastModifiedDate":"2022-08-18"},{"lineNumber":38,"author":{"gitId":"JordanChua"},"content":"","lastModifiedDate":"2022-08-18"},{"lineNumber":39,"author":{"gitId":"JordanChua"},"content":"    /**","lastModifiedDate":"2022-08-25"},{"lineNumber":40,"author":{"gitId":"JordanChua"},"content":"     * Updates boolean isDone depending on the status of the task","lastModifiedDate":"2022-08-25"},{"lineNumber":41,"author":{"gitId":"JordanChua"},"content":"     */","lastModifiedDate":"2022-08-25"},{"lineNumber":42,"author":{"gitId":"JordanChua"},"content":"    void unmark() {","lastModifiedDate":"2022-08-18"},{"lineNumber":43,"author":{"gitId":"JordanChua"},"content":"        this.isDone \u003d false;","lastModifiedDate":"2022-08-18"},{"lineNumber":44,"author":{"gitId":"JordanChua"},"content":"    }","lastModifiedDate":"2022-08-18"},{"lineNumber":45,"author":{"gitId":"JordanChua"},"content":"","lastModifiedDate":"2022-08-18"},{"lineNumber":46,"author":{"gitId":"JordanChua"},"content":"    /** Returns formatted String to write back to our data","lastModifiedDate":"2022-08-25"},{"lineNumber":47,"author":{"gitId":"JordanChua"},"content":"     *","lastModifiedDate":"2022-08-25"},{"lineNumber":48,"author":{"gitId":"JordanChua"},"content":"     * @return String to save to our stored data","lastModifiedDate":"2022-08-25"},{"lineNumber":49,"author":{"gitId":"JordanChua"},"content":"     */","lastModifiedDate":"2022-08-25"},{"lineNumber":50,"author":{"gitId":"JordanChua"},"content":"    String writeToFile() {","lastModifiedDate":"2022-08-22"},{"lineNumber":51,"author":{"gitId":"JordanChua"},"content":"        int status \u003d isDone ? 1 : 0;","lastModifiedDate":"2022-08-22"},{"lineNumber":52,"author":{"gitId":"JordanChua"},"content":"        return status + \"|\" + this.name;","lastModifiedDate":"2022-08-22"},{"lineNumber":53,"author":{"gitId":"JordanChua"},"content":"    }","lastModifiedDate":"2022-08-22"},{"lineNumber":54,"author":{"gitId":"JordanChua"},"content":"","lastModifiedDate":"2022-08-22"},{"lineNumber":55,"author":{"gitId":"JordanChua"},"content":"    @Override","lastModifiedDate":"2022-08-18"},{"lineNumber":56,"author":{"gitId":"JordanChua"},"content":"    public String toString() {","lastModifiedDate":"2022-08-18"},{"lineNumber":57,"author":{"gitId":"JordanChua"},"content":"        return \"[\" + this.getStatusIcon() + \"] \" + this.name;","lastModifiedDate":"2022-08-18"},{"lineNumber":58,"author":{"gitId":"JordanChua"},"content":"    }","lastModifiedDate":"2022-08-18"},{"lineNumber":59,"author":{"gitId":"JordanChua"},"content":"}","lastModifiedDate":"2022-08-18"}],"authorContributionMap":{"JordanChua":59}},{"path":"src/main/java/duke/TaskList.java","fileType":"java","lines":[{"lineNumber":1,"author":{"gitId":"JordanChua"},"content":"package duke;","lastModifiedDate":"2022-08-24"},{"lineNumber":2,"author":{"gitId":"JordanChua"},"content":"","lastModifiedDate":"2022-08-24"},{"lineNumber":3,"author":{"gitId":"JordanChua"},"content":"import java.util.List;","lastModifiedDate":"2022-08-24"},{"lineNumber":4,"author":{"gitId":"JordanChua"},"content":"import java.util.ArrayList;","lastModifiedDate":"2022-08-24"},{"lineNumber":5,"author":{"gitId":"JordanChua"},"content":"","lastModifiedDate":"2022-08-24"},{"lineNumber":6,"author":{"gitId":"JordanChua"},"content":"/**","lastModifiedDate":"2022-08-25"},{"lineNumber":7,"author":{"gitId":"JordanChua"},"content":" *  Contains the task list that is generated from our stored data, or newly created","lastModifiedDate":"2022-08-25"},{"lineNumber":8,"author":{"gitId":"JordanChua"},"content":" *  Has operations to update the status of our tasks or add/delete them","lastModifiedDate":"2022-08-25"},{"lineNumber":9,"author":{"gitId":"JordanChua"},"content":" */","lastModifiedDate":"2022-08-25"},{"lineNumber":10,"author":{"gitId":"JordanChua"},"content":"public class TaskList {","lastModifiedDate":"2022-08-24"},{"lineNumber":11,"author":{"gitId":"JordanChua"},"content":"    private int numOfTasks;","lastModifiedDate":"2022-08-24"},{"lineNumber":12,"author":{"gitId":"JordanChua"},"content":"    private static List\u003cTask\u003e tasks;","lastModifiedDate":"2022-08-24"},{"lineNumber":13,"author":{"gitId":"JordanChua"},"content":"    private String indent \u003d \"    \";","lastModifiedDate":"2022-08-24"},{"lineNumber":14,"author":{"gitId":"JordanChua"},"content":"","lastModifiedDate":"2022-08-24"},{"lineNumber":15,"author":{"gitId":"JordanChua"},"content":"    public TaskList() {","lastModifiedDate":"2022-08-24"},{"lineNumber":16,"author":{"gitId":"JordanChua"},"content":"        this.numOfTasks \u003d 0;","lastModifiedDate":"2022-08-24"},{"lineNumber":17,"author":{"gitId":"JordanChua"},"content":"        this.tasks \u003d new ArrayList\u003cTask\u003e();","lastModifiedDate":"2022-08-24"},{"lineNumber":18,"author":{"gitId":"JordanChua"},"content":"    }","lastModifiedDate":"2022-08-24"},{"lineNumber":19,"author":{"gitId":"JordanChua"},"content":"","lastModifiedDate":"2022-08-24"},{"lineNumber":20,"author":{"gitId":"JordanChua"},"content":"    public TaskList(List\u003cTask\u003e taskList) {","lastModifiedDate":"2022-08-24"},{"lineNumber":21,"author":{"gitId":"JordanChua"},"content":"        this.numOfTasks \u003d taskList.size();","lastModifiedDate":"2022-08-24"},{"lineNumber":22,"author":{"gitId":"JordanChua"},"content":"        this.tasks \u003d taskList;","lastModifiedDate":"2022-08-24"},{"lineNumber":23,"author":{"gitId":"JordanChua"},"content":"    }","lastModifiedDate":"2022-08-24"},{"lineNumber":24,"author":{"gitId":"JordanChua"},"content":"","lastModifiedDate":"2022-08-24"},{"lineNumber":25,"author":{"gitId":"JordanChua"},"content":"    List\u003cTask\u003e getTasks() {","lastModifiedDate":"2022-08-24"},{"lineNumber":26,"author":{"gitId":"JordanChua"},"content":"        return this.tasks;","lastModifiedDate":"2022-08-24"},{"lineNumber":27,"author":{"gitId":"JordanChua"},"content":"    }","lastModifiedDate":"2022-08-24"},{"lineNumber":28,"author":{"gitId":"JordanChua"},"content":"","lastModifiedDate":"2022-08-24"},{"lineNumber":29,"author":{"gitId":"JordanChua"},"content":"    void add(Task task) {","lastModifiedDate":"2022-08-24"},{"lineNumber":30,"author":{"gitId":"JordanChua"},"content":"        tasks.add(task);","lastModifiedDate":"2022-08-24"},{"lineNumber":31,"author":{"gitId":"JordanChua"},"content":"        System.out.println(indent + \"Got it. I\u0027ve added this task:\");","lastModifiedDate":"2022-08-24"},{"lineNumber":32,"author":{"gitId":"JordanChua"},"content":"        System.out.println(\"    \" + task);","lastModifiedDate":"2022-08-24"},{"lineNumber":33,"author":{"gitId":"JordanChua"},"content":"        numOfTasks +\u003d 1;","lastModifiedDate":"2022-08-24"},{"lineNumber":34,"author":{"gitId":"JordanChua"},"content":"        System.out.println(indent + \"Now you have \" + numOfTasks + \" tasks in the list\");","lastModifiedDate":"2022-08-24"},{"lineNumber":35,"author":{"gitId":"JordanChua"},"content":"    }","lastModifiedDate":"2022-08-24"},{"lineNumber":36,"author":{"gitId":"JordanChua"},"content":"","lastModifiedDate":"2022-08-24"},{"lineNumber":37,"author":{"gitId":"JordanChua"},"content":"    void delete(int taskIndex) {","lastModifiedDate":"2022-08-24"},{"lineNumber":38,"author":{"gitId":"JordanChua"},"content":"        numOfTasks -\u003d 1;","lastModifiedDate":"2022-08-24"},{"lineNumber":39,"author":{"gitId":"JordanChua"},"content":"        System.out.println(\"Noted. I\u0027ve removed this task:\");","lastModifiedDate":"2022-08-24"},{"lineNumber":40,"author":{"gitId":"JordanChua"},"content":"        System.out.println(\"      \" + tasks.get(taskIndex - 1));","lastModifiedDate":"2022-08-24"},{"lineNumber":41,"author":{"gitId":"JordanChua"},"content":"        System.out.println(indent + \"Now you have \" + numOfTasks + \" tasks in the list\");","lastModifiedDate":"2022-08-24"},{"lineNumber":42,"author":{"gitId":"JordanChua"},"content":"        tasks.remove(taskIndex - 1);","lastModifiedDate":"2022-08-24"},{"lineNumber":43,"author":{"gitId":"JordanChua"},"content":"    }","lastModifiedDate":"2022-08-24"},{"lineNumber":44,"author":{"gitId":"JordanChua"},"content":"","lastModifiedDate":"2022-08-24"},{"lineNumber":45,"author":{"gitId":"JordanChua"},"content":"    void mark(int taskIndex) {","lastModifiedDate":"2022-08-24"},{"lineNumber":46,"author":{"gitId":"JordanChua"},"content":"        Task task \u003d tasks.get(taskIndex - 1);","lastModifiedDate":"2022-08-24"},{"lineNumber":47,"author":{"gitId":"JordanChua"},"content":"        task.mark();","lastModifiedDate":"2022-08-24"},{"lineNumber":48,"author":{"gitId":"JordanChua"},"content":"        System.out.println(indent + \"Nice! I\u0027ve marked this task as done:\");","lastModifiedDate":"2022-08-24"},{"lineNumber":49,"author":{"gitId":"JordanChua"},"content":"        System.out.println(\"      \" + task);","lastModifiedDate":"2022-08-24"},{"lineNumber":50,"author":{"gitId":"JordanChua"},"content":"    }","lastModifiedDate":"2022-08-24"},{"lineNumber":51,"author":{"gitId":"JordanChua"},"content":"","lastModifiedDate":"2022-08-24"},{"lineNumber":52,"author":{"gitId":"JordanChua"},"content":"    void unmark(int taskIndex) {","lastModifiedDate":"2022-08-24"},{"lineNumber":53,"author":{"gitId":"JordanChua"},"content":"        Task task \u003d tasks.get(taskIndex - 1);","lastModifiedDate":"2022-08-24"},{"lineNumber":54,"author":{"gitId":"JordanChua"},"content":"        task.unmark();","lastModifiedDate":"2022-08-24"},{"lineNumber":55,"author":{"gitId":"JordanChua"},"content":"        System.out.println(indent + \"Ok, I\u0027ve marked this task as not done yet:\");","lastModifiedDate":"2022-08-24"},{"lineNumber":56,"author":{"gitId":"JordanChua"},"content":"        System.out.println(\"      \" + task);","lastModifiedDate":"2022-08-24"},{"lineNumber":57,"author":{"gitId":"JordanChua"},"content":"    }","lastModifiedDate":"2022-08-24"},{"lineNumber":58,"author":{"gitId":"JordanChua"},"content":"","lastModifiedDate":"2022-08-24"},{"lineNumber":59,"author":{"gitId":"JordanChua"},"content":"    void printTasks() {","lastModifiedDate":"2022-08-24"},{"lineNumber":60,"author":{"gitId":"JordanChua"},"content":"        for (int j \u003d 0; j \u003c numOfTasks; j++) {","lastModifiedDate":"2022-08-24"},{"lineNumber":61,"author":{"gitId":"JordanChua"},"content":"            int taskNum \u003d j + 1;","lastModifiedDate":"2022-08-24"},{"lineNumber":62,"author":{"gitId":"JordanChua"},"content":"            System.out.println(indent + taskNum + \". \" + tasks.get(j));","lastModifiedDate":"2022-08-24"},{"lineNumber":63,"author":{"gitId":"JordanChua"},"content":"        }","lastModifiedDate":"2022-08-24"},{"lineNumber":64,"author":{"gitId":"JordanChua"},"content":"    }","lastModifiedDate":"2022-08-25"},{"lineNumber":65,"author":{"gitId":"JordanChua"},"content":"","lastModifiedDate":"2022-08-24"},{"lineNumber":66,"author":{"gitId":"JordanChua"},"content":"    /**","lastModifiedDate":"2022-08-25"},{"lineNumber":67,"author":{"gitId":"JordanChua"},"content":"     * Prints out all the tasks in our task list associated with the given keyword by the user","lastModifiedDate":"2022-08-25"},{"lineNumber":68,"author":{"gitId":"JordanChua"},"content":"     *","lastModifiedDate":"2022-08-25"},{"lineNumber":69,"author":{"gitId":"JordanChua"},"content":"     * @param keyword input user is trying to find","lastModifiedDate":"2022-08-25"},{"lineNumber":70,"author":{"gitId":"JordanChua"},"content":"     * @throws DukeException if none of our tasks description contains the keyword","lastModifiedDate":"2022-08-25"},{"lineNumber":71,"author":{"gitId":"JordanChua"},"content":"     */","lastModifiedDate":"2022-08-25"},{"lineNumber":72,"author":{"gitId":"JordanChua"},"content":"    void findTasks(String keyword) throws DukeException{","lastModifiedDate":"2022-08-25"},{"lineNumber":73,"author":{"gitId":"JordanChua"},"content":"        // initiate a boolean variable to check if the keyword exists in our task list","lastModifiedDate":"2022-08-25"},{"lineNumber":74,"author":{"gitId":"JordanChua"},"content":"        boolean isFindable \u003d false;","lastModifiedDate":"2022-08-25"},{"lineNumber":75,"author":{"gitId":"JordanChua"},"content":"        for (Task task : tasks) {","lastModifiedDate":"2022-08-25"},{"lineNumber":76,"author":{"gitId":"JordanChua"},"content":"            if (task.getDescription().contains(keyword)) {","lastModifiedDate":"2022-08-25"},{"lineNumber":77,"author":{"gitId":"JordanChua"},"content":"                System.out.println(task);","lastModifiedDate":"2022-08-25"},{"lineNumber":78,"author":{"gitId":"JordanChua"},"content":"                isFindable \u003d true;","lastModifiedDate":"2022-08-25"},{"lineNumber":79,"author":{"gitId":"JordanChua"},"content":"            }","lastModifiedDate":"2022-08-25"},{"lineNumber":80,"author":{"gitId":"JordanChua"},"content":"        }","lastModifiedDate":"2022-08-25"},{"lineNumber":81,"author":{"gitId":"JordanChua"},"content":"","lastModifiedDate":"2022-08-25"},{"lineNumber":82,"author":{"gitId":"JordanChua"},"content":"        //Throw a DukeException that there exist no such keyword if we cannot find it in our task list","lastModifiedDate":"2022-08-25"},{"lineNumber":83,"author":{"gitId":"JordanChua"},"content":"        if (!isFindable) {","lastModifiedDate":"2022-08-25"},{"lineNumber":84,"author":{"gitId":"JordanChua"},"content":"            throw new DukeException(\"There exists no such keyword in the task list!\");","lastModifiedDate":"2022-08-25"},{"lineNumber":85,"author":{"gitId":"JordanChua"},"content":"        }","lastModifiedDate":"2022-08-25"},{"lineNumber":86,"author":{"gitId":"JordanChua"},"content":"    }","lastModifiedDate":"2022-08-24"},{"lineNumber":87,"author":{"gitId":"JordanChua"},"content":"}","lastModifiedDate":"2022-08-24"}],"authorContributionMap":{"JordanChua":87}},{"path":"src/main/java/duke/Todo.java","fileType":"java","lines":[{"lineNumber":1,"author":{"gitId":"JordanChua"},"content":"package duke;","lastModifiedDate":"2022-08-24"},{"lineNumber":2,"author":{"gitId":"JordanChua"},"content":"","lastModifiedDate":"2022-08-24"},{"lineNumber":3,"author":{"gitId":"JordanChua"},"content":"import java.io.File;","lastModifiedDate":"2022-08-22"},{"lineNumber":4,"author":{"gitId":"JordanChua"},"content":"import java.io.FileWriter;","lastModifiedDate":"2022-08-22"},{"lineNumber":5,"author":{"gitId":"JordanChua"},"content":"import java.io.IOException;","lastModifiedDate":"2022-08-22"},{"lineNumber":6,"author":{"gitId":"JordanChua"},"content":"","lastModifiedDate":"2022-08-22"},{"lineNumber":7,"author":{"gitId":"JordanChua"},"content":"public class Todo extends Task{","lastModifiedDate":"2022-08-18"},{"lineNumber":8,"author":{"gitId":"JordanChua"},"content":"","lastModifiedDate":"2022-08-18"},{"lineNumber":9,"author":{"gitId":"JordanChua"},"content":"    public Todo(String description) {","lastModifiedDate":"2022-08-18"},{"lineNumber":10,"author":{"gitId":"JordanChua"},"content":"        super(description);","lastModifiedDate":"2022-08-18"},{"lineNumber":11,"author":{"gitId":"JordanChua"},"content":"    }","lastModifiedDate":"2022-08-18"},{"lineNumber":12,"author":{"gitId":"JordanChua"},"content":"","lastModifiedDate":"2022-08-18"},{"lineNumber":13,"author":{"gitId":"JordanChua"},"content":"    /** Returns formatted String to write back to our data","lastModifiedDate":"2022-08-25"},{"lineNumber":14,"author":{"gitId":"JordanChua"},"content":"     *","lastModifiedDate":"2022-08-25"},{"lineNumber":15,"author":{"gitId":"JordanChua"},"content":"     * @return String to save to our stored data","lastModifiedDate":"2022-08-25"},{"lineNumber":16,"author":{"gitId":"JordanChua"},"content":"     */","lastModifiedDate":"2022-08-25"},{"lineNumber":17,"author":{"gitId":"JordanChua"},"content":"    @Override","lastModifiedDate":"2022-08-22"},{"lineNumber":18,"author":{"gitId":"JordanChua"},"content":"    String writeToFile() {","lastModifiedDate":"2022-08-22"},{"lineNumber":19,"author":{"gitId":"JordanChua"},"content":"        return \"T|\" + super.writeToFile();","lastModifiedDate":"2022-08-22"},{"lineNumber":20,"author":{"gitId":"JordanChua"},"content":"    }","lastModifiedDate":"2022-08-22"},{"lineNumber":21,"author":{"gitId":"JordanChua"},"content":"","lastModifiedDate":"2022-08-22"},{"lineNumber":22,"author":{"gitId":"JordanChua"},"content":"    @Override","lastModifiedDate":"2022-08-18"},{"lineNumber":23,"author":{"gitId":"JordanChua"},"content":"    public String toString() {","lastModifiedDate":"2022-08-18"},{"lineNumber":24,"author":{"gitId":"JordanChua"},"content":"        return \"[T]\" + super.toString();","lastModifiedDate":"2022-08-18"},{"lineNumber":25,"author":{"gitId":"JordanChua"},"content":"    }","lastModifiedDate":"2022-08-18"},{"lineNumber":26,"author":{"gitId":"JordanChua"},"content":"}","lastModifiedDate":"2022-08-18"}],"authorContributionMap":{"JordanChua":26}},{"path":"src/main/java/duke/Ui.java","fileType":"java","lines":[{"lineNumber":1,"author":{"gitId":"JordanChua"},"content":"package duke;","lastModifiedDate":"2022-08-24"},{"lineNumber":2,"author":{"gitId":"JordanChua"},"content":"","lastModifiedDate":"2022-08-24"},{"lineNumber":3,"author":{"gitId":"JordanChua"},"content":"import java.util.Scanner;","lastModifiedDate":"2022-08-24"},{"lineNumber":4,"author":{"gitId":"JordanChua"},"content":"","lastModifiedDate":"2022-08-24"},{"lineNumber":5,"author":{"gitId":"JordanChua"},"content":"/**","lastModifiedDate":"2022-08-25"},{"lineNumber":6,"author":{"gitId":"JordanChua"},"content":" * Represents an interface that interacts with the user by printing the necessary messages","lastModifiedDate":"2022-08-25"},{"lineNumber":7,"author":{"gitId":"JordanChua"},"content":" */","lastModifiedDate":"2022-08-25"},{"lineNumber":8,"author":{"gitId":"JordanChua"},"content":"public class Ui {","lastModifiedDate":"2022-08-24"},{"lineNumber":9,"author":{"gitId":"JordanChua"},"content":"","lastModifiedDate":"2022-08-24"},{"lineNumber":10,"author":{"gitId":"JordanChua"},"content":"    void showWelcome() {","lastModifiedDate":"2022-08-24"},{"lineNumber":11,"author":{"gitId":"JordanChua"},"content":"        String logo \u003d \" ____        _        \\n\"","lastModifiedDate":"2022-08-24"},{"lineNumber":12,"author":{"gitId":"JordanChua"},"content":"                + \"|  _ \\\\ _   _| | _____ \\n\"","lastModifiedDate":"2022-08-24"},{"lineNumber":13,"author":{"gitId":"JordanChua"},"content":"                + \"| | | | | | | |/ / _ \\\\\\n\"","lastModifiedDate":"2022-08-24"},{"lineNumber":14,"author":{"gitId":"JordanChua"},"content":"                + \"| |_| | |_| |   \u003c  __/\\n\"","lastModifiedDate":"2022-08-24"},{"lineNumber":15,"author":{"gitId":"JordanChua"},"content":"                + \"|____/ \\\\__,_|_|\\\\_\\\\___|\\n\";","lastModifiedDate":"2022-08-24"},{"lineNumber":16,"author":{"gitId":"JordanChua"},"content":"        System.out.println(\"Hello from\\n\" + logo);","lastModifiedDate":"2022-08-24"},{"lineNumber":17,"author":{"gitId":"JordanChua"},"content":"        printLine();","lastModifiedDate":"2022-08-24"},{"lineNumber":18,"author":{"gitId":"JordanChua"},"content":"        System.out.println(\"    Hello! I\u0027m Duke\");","lastModifiedDate":"2022-08-24"},{"lineNumber":19,"author":{"gitId":"JordanChua"},"content":"        System.out.println(\"    What can I do for you?\");","lastModifiedDate":"2022-08-24"},{"lineNumber":20,"author":{"gitId":"JordanChua"},"content":"        printLine();","lastModifiedDate":"2022-08-24"},{"lineNumber":21,"author":{"gitId":"JordanChua"},"content":"    }","lastModifiedDate":"2022-08-24"},{"lineNumber":22,"author":{"gitId":"JordanChua"},"content":"","lastModifiedDate":"2022-08-24"},{"lineNumber":23,"author":{"gitId":"JordanChua"},"content":"    void printLine() {","lastModifiedDate":"2022-08-24"},{"lineNumber":24,"author":{"gitId":"JordanChua"},"content":"        System.out.println(\"-------------------------------------------------\");","lastModifiedDate":"2022-08-24"},{"lineNumber":25,"author":{"gitId":"JordanChua"},"content":"    }","lastModifiedDate":"2022-08-24"},{"lineNumber":26,"author":{"gitId":"JordanChua"},"content":"","lastModifiedDate":"2022-08-24"},{"lineNumber":27,"author":{"gitId":"JordanChua"},"content":"","lastModifiedDate":"2022-08-24"},{"lineNumber":28,"author":{"gitId":"JordanChua"},"content":"    String readCommand() {","lastModifiedDate":"2022-08-24"},{"lineNumber":29,"author":{"gitId":"JordanChua"},"content":"        Scanner sc \u003d new Scanner(System.in);","lastModifiedDate":"2022-08-24"},{"lineNumber":30,"author":{"gitId":"JordanChua"},"content":"        return sc.nextLine();","lastModifiedDate":"2022-08-24"},{"lineNumber":31,"author":{"gitId":"JordanChua"},"content":"    }","lastModifiedDate":"2022-08-24"},{"lineNumber":32,"author":{"gitId":"JordanChua"},"content":"","lastModifiedDate":"2022-08-24"},{"lineNumber":33,"author":{"gitId":"JordanChua"},"content":"    void showError(Exception e){","lastModifiedDate":"2022-08-24"},{"lineNumber":34,"author":{"gitId":"JordanChua"},"content":"        System.out.println(e.getMessage());","lastModifiedDate":"2022-08-24"},{"lineNumber":35,"author":{"gitId":"JordanChua"},"content":"    }","lastModifiedDate":"2022-08-24"},{"lineNumber":36,"author":{"gitId":"JordanChua"},"content":"","lastModifiedDate":"2022-08-24"},{"lineNumber":37,"author":{"gitId":"JordanChua"},"content":"}","lastModifiedDate":"2022-08-24"}],"authorContributionMap":{"JordanChua":37}},{"path":"src/test/dummyinputs/dummytest1.txt","fileType":"txt","lines":[{"lineNumber":1,"author":{"gitId":"JordanChua"},"content":"T|0|2103 project","lastModifiedDate":"2022-08-24"}],"authorContributionMap":{"JordanChua":1}},{"path":"src/test/java/duke/ParserTest.java","fileType":"java","lines":[{"lineNumber":1,"author":{"gitId":"JordanChua"},"content":"package duke;","lastModifiedDate":"2022-08-24"},{"lineNumber":2,"author":{"gitId":"JordanChua"},"content":"","lastModifiedDate":"2022-08-24"},{"lineNumber":3,"author":{"gitId":"JordanChua"},"content":"import org.junit.jupiter.api.Test;","lastModifiedDate":"2022-08-24"},{"lineNumber":4,"author":{"gitId":"JordanChua"},"content":"","lastModifiedDate":"2022-08-24"},{"lineNumber":5,"author":{"gitId":"JordanChua"},"content":"import java.time.LocalDateTime;","lastModifiedDate":"2022-08-24"},{"lineNumber":6,"author":{"gitId":"JordanChua"},"content":"import java.time.format.DateTimeFormatter;","lastModifiedDate":"2022-08-24"},{"lineNumber":7,"author":{"gitId":"JordanChua"},"content":"","lastModifiedDate":"2022-08-24"},{"lineNumber":8,"author":{"gitId":"JordanChua"},"content":"import static org.junit.jupiter.api.Assertions.assertEquals;","lastModifiedDate":"2022-08-24"},{"lineNumber":9,"author":{"gitId":"JordanChua"},"content":"","lastModifiedDate":"2022-08-24"},{"lineNumber":10,"author":{"gitId":"JordanChua"},"content":"public class ParserTest {","lastModifiedDate":"2022-08-24"},{"lineNumber":11,"author":{"gitId":"JordanChua"},"content":"","lastModifiedDate":"2022-08-24"},{"lineNumber":12,"author":{"gitId":"JordanChua"},"content":"    @Test","lastModifiedDate":"2022-08-24"},{"lineNumber":13,"author":{"gitId":"JordanChua"},"content":"    void test1() throws DukeException {","lastModifiedDate":"2022-08-24"},{"lineNumber":14,"author":{"gitId":"JordanChua"},"content":"        try {","lastModifiedDate":"2022-08-24"},{"lineNumber":15,"author":{"gitId":"JordanChua"},"content":"            String commandType \u003d Parser.getCommandType(\"todo   \");","lastModifiedDate":"2022-08-24"},{"lineNumber":16,"author":{"gitId":"JordanChua"},"content":"        } catch (DukeException e) {","lastModifiedDate":"2022-08-24"},{"lineNumber":17,"author":{"gitId":"JordanChua"},"content":"            assertEquals(e.getMessage(), \"☹ OOPS!!! The description of a todo cannot be empty.\");","lastModifiedDate":"2022-08-24"},{"lineNumber":18,"author":{"gitId":"JordanChua"},"content":"        }","lastModifiedDate":"2022-08-24"},{"lineNumber":19,"author":{"gitId":"JordanChua"},"content":"    }","lastModifiedDate":"2022-08-24"},{"lineNumber":20,"author":{"gitId":"JordanChua"},"content":"","lastModifiedDate":"2022-08-24"},{"lineNumber":21,"author":{"gitId":"JordanChua"},"content":"    @Test","lastModifiedDate":"2022-08-24"},{"lineNumber":22,"author":{"gitId":"JordanChua"},"content":"    void test2() {","lastModifiedDate":"2022-08-24"},{"lineNumber":23,"author":{"gitId":"JordanChua"},"content":"        try {","lastModifiedDate":"2022-08-24"},{"lineNumber":24,"author":{"gitId":"JordanChua"},"content":"            String commandType \u003d Parser.getCommandType(\"idk what to type\");","lastModifiedDate":"2022-08-24"},{"lineNumber":25,"author":{"gitId":"JordanChua"},"content":"        } catch (DukeException e) {","lastModifiedDate":"2022-08-24"},{"lineNumber":26,"author":{"gitId":"JordanChua"},"content":"            assertEquals(e.getMessage(), \"☹ OOPS!!! I\u0027m sorry, but I don\u0027t know what that means :-(\");","lastModifiedDate":"2022-08-24"},{"lineNumber":27,"author":{"gitId":"JordanChua"},"content":"        }","lastModifiedDate":"2022-08-24"},{"lineNumber":28,"author":{"gitId":"JordanChua"},"content":"    }","lastModifiedDate":"2022-08-24"},{"lineNumber":29,"author":{"gitId":"JordanChua"},"content":"","lastModifiedDate":"2022-08-24"},{"lineNumber":30,"author":{"gitId":"JordanChua"},"content":"    @Test","lastModifiedDate":"2022-08-24"},{"lineNumber":31,"author":{"gitId":"JordanChua"},"content":"    void test3() {","lastModifiedDate":"2022-08-24"},{"lineNumber":32,"author":{"gitId":"JordanChua"},"content":"        try {","lastModifiedDate":"2022-08-24"},{"lineNumber":33,"author":{"gitId":"JordanChua"},"content":"            String commandType \u003d Parser.getCommandType(\"deadline submit project/by 22/2/22 17:00\");","lastModifiedDate":"2022-08-24"},{"lineNumber":34,"author":{"gitId":"JordanChua"},"content":"        } catch (DukeException e) {","lastModifiedDate":"2022-08-24"},{"lineNumber":35,"author":{"gitId":"JordanChua"},"content":"            assertEquals(e.getMessage(), \"Date and Time is not of correct format!\");","lastModifiedDate":"2022-08-24"},{"lineNumber":36,"author":{"gitId":"JordanChua"},"content":"        }","lastModifiedDate":"2022-08-24"},{"lineNumber":37,"author":{"gitId":"JordanChua"},"content":"    }","lastModifiedDate":"2022-08-24"},{"lineNumber":38,"author":{"gitId":"JordanChua"},"content":"","lastModifiedDate":"2022-08-24"},{"lineNumber":39,"author":{"gitId":"JordanChua"},"content":"    @Test","lastModifiedDate":"2022-08-24"},{"lineNumber":40,"author":{"gitId":"JordanChua"},"content":"    void test4() throws DukeException {","lastModifiedDate":"2022-08-24"},{"lineNumber":41,"author":{"gitId":"JordanChua"},"content":"        LocalDateTime dateTime \u003d Parser.parseDateTime(\"event proj meeting/at 25/08/2022 2000\");","lastModifiedDate":"2022-08-24"},{"lineNumber":42,"author":{"gitId":"JordanChua"},"content":"        assertEquals(dateTime.format(DateTimeFormatter.ofPattern(\"dd/MM/yyyy HHmm\")), \"25/08/2022 2000\");","lastModifiedDate":"2022-08-24"},{"lineNumber":43,"author":{"gitId":"JordanChua"},"content":"    }","lastModifiedDate":"2022-08-24"},{"lineNumber":44,"author":{"gitId":"JordanChua"},"content":"}","lastModifiedDate":"2022-08-24"}],"authorContributionMap":{"JordanChua":44}},{"path":"src/test/java/duke/StorageTest.java","fileType":"java","lines":[{"lineNumber":1,"author":{"gitId":"JordanChua"},"content":"package duke;","lastModifiedDate":"2022-08-24"},{"lineNumber":2,"author":{"gitId":"JordanChua"},"content":"","lastModifiedDate":"2022-08-24"},{"lineNumber":3,"author":{"gitId":"JordanChua"},"content":"import org.junit.jupiter.api.Test;","lastModifiedDate":"2022-08-24"},{"lineNumber":4,"author":{"gitId":"JordanChua"},"content":"import java.util.List;","lastModifiedDate":"2022-08-24"},{"lineNumber":5,"author":{"gitId":"JordanChua"},"content":"","lastModifiedDate":"2022-08-24"},{"lineNumber":6,"author":{"gitId":"JordanChua"},"content":"import static org.junit.jupiter.api.Assertions.assertEquals;","lastModifiedDate":"2022-08-24"},{"lineNumber":7,"author":{"gitId":"JordanChua"},"content":"","lastModifiedDate":"2022-08-24"},{"lineNumber":8,"author":{"gitId":"JordanChua"},"content":"public class StorageTest {","lastModifiedDate":"2022-08-24"},{"lineNumber":9,"author":{"gitId":"JordanChua"},"content":"    @Test","lastModifiedDate":"2022-08-24"},{"lineNumber":10,"author":{"gitId":"JordanChua"},"content":"    void test1() throws DukeException {","lastModifiedDate":"2022-08-24"},{"lineNumber":11,"author":{"gitId":"JordanChua"},"content":"        Storage dummyStorage \u003d new Storage(\"./src/test/dummyinputs/dummytest1.txt\");","lastModifiedDate":"2022-08-24"},{"lineNumber":12,"author":{"gitId":"JordanChua"},"content":"        List\u003cTask\u003e tasks \u003d dummyStorage.load();","lastModifiedDate":"2022-08-24"},{"lineNumber":13,"author":{"gitId":"JordanChua"},"content":"    }","lastModifiedDate":"2022-08-24"},{"lineNumber":14,"author":{"gitId":"JordanChua"},"content":"","lastModifiedDate":"2022-08-24"},{"lineNumber":15,"author":{"gitId":"JordanChua"},"content":"    @Test","lastModifiedDate":"2022-08-24"},{"lineNumber":16,"author":{"gitId":"JordanChua"},"content":"    void test2() throws DukeException {","lastModifiedDate":"2022-08-24"},{"lineNumber":17,"author":{"gitId":"JordanChua"},"content":"        try {","lastModifiedDate":"2022-08-24"},{"lineNumber":18,"author":{"gitId":"JordanChua"},"content":"            Storage dummyStorage \u003d new Storage(\"./src/test/dummyinputs/wrongfile.txt\");","lastModifiedDate":"2022-08-24"},{"lineNumber":19,"author":{"gitId":"JordanChua"},"content":"            List\u003cTask\u003e tasks \u003d dummyStorage.load();","lastModifiedDate":"2022-08-24"},{"lineNumber":20,"author":{"gitId":"JordanChua"},"content":"        } catch (DukeException e ) {","lastModifiedDate":"2022-08-24"},{"lineNumber":21,"author":{"gitId":"JordanChua"},"content":"            assertEquals(e.getMessage(), \"File Not Found!\");","lastModifiedDate":"2022-08-24"},{"lineNumber":22,"author":{"gitId":"JordanChua"},"content":"        }","lastModifiedDate":"2022-08-24"},{"lineNumber":23,"author":{"gitId":"JordanChua"},"content":"    }","lastModifiedDate":"2022-08-24"},{"lineNumber":24,"author":{"gitId":"JordanChua"},"content":"}","lastModifiedDate":"2022-08-24"}],"authorContributionMap":{"JordanChua":24}},{"path":"text-ui-test/input.txt","fileType":"txt","lines":[{"lineNumber":1,"author":{"gitId":"JordanChua"},"content":"todo read book","lastModifiedDate":"2022-08-18"},{"lineNumber":2,"author":{"gitId":"JordanChua"},"content":"deadline return book /by June 6th","lastModifiedDate":"2022-08-18"},{"lineNumber":3,"author":{"gitId":"JordanChua"},"content":"mark 1","lastModifiedDate":"2022-08-18"},{"lineNumber":4,"author":{"gitId":"JordanChua"},"content":"list","lastModifiedDate":"2022-08-18"}],"authorContributionMap":{"JordanChua":4}},{"path":"text-ui-test/runtest.bat","fileType":"bat","lines":[{"lineNumber":1,"author":{"gitId":"-"},"content":"@ECHO OFF","lastModifiedDate":"2020-05-25"},{"lineNumber":2,"author":{"gitId":"-"},"content":"","lastModifiedDate":"2020-05-25"},{"lineNumber":3,"author":{"gitId":"-"},"content":"      REM create bin directory if it doesn\u0027t exist","lastModifiedDate":"2020-05-25"},{"lineNumber":4,"author":{"gitId":"-"},"content":"      if not exist ..\\bin mkdir ..\\bin","lastModifiedDate":"2020-05-25"},{"lineNumber":5,"author":{"gitId":"-"},"content":"","lastModifiedDate":"2020-05-25"},{"lineNumber":6,"author":{"gitId":"-"},"content":"      REM delete output from previous run","lastModifiedDate":"2020-05-25"},{"lineNumber":7,"author":{"gitId":"JordanChua"},"content":"      del ACTUAL.TXT","lastModifiedDate":"2022-08-18"},{"lineNumber":8,"author":{"gitId":"-"},"content":"","lastModifiedDate":"2020-05-25"},{"lineNumber":9,"author":{"gitId":"-"},"content":"      REM compile the code into the bin folder","lastModifiedDate":"2020-05-25"},{"lineNumber":10,"author":{"gitId":"-"},"content":"      javac  -cp ..\\src\\main\\java -Xlint:none -d ..\\bin ..\\src\\main\\java\\*.java","lastModifiedDate":"2020-08-25"},{"lineNumber":11,"author":{"gitId":"-"},"content":"      IF ERRORLEVEL 1 (","lastModifiedDate":"2020-05-25"},{"lineNumber":12,"author":{"gitId":"-"},"content":"          echo ********** BUILD FAILURE **********","lastModifiedDate":"2020-05-25"},{"lineNumber":13,"author":{"gitId":"-"},"content":"          exit /b 1","lastModifiedDate":"2020-05-25"},{"lineNumber":14,"author":{"gitId":"-"},"content":"      )","lastModifiedDate":"2020-05-25"},{"lineNumber":15,"author":{"gitId":"-"},"content":"      REM no error here, errorlevel \u003d\u003d 0","lastModifiedDate":"2020-05-25"},{"lineNumber":16,"author":{"gitId":"-"},"content":"","lastModifiedDate":"2020-05-25"},{"lineNumber":17,"author":{"gitId":"-"},"content":"      REM run the program, feed commands from input.txt file and redirect the output to the ACTUAL.TXT","lastModifiedDate":"2020-05-25"},{"lineNumber":18,"author":{"gitId":"-"},"content":"      java -classpath ..\\bin Duke \u003c input.txt \u003e ACTUAL.TXT","lastModifiedDate":"2020-05-25"},{"lineNumber":19,"author":{"gitId":"-"},"content":"","lastModifiedDate":"2020-05-25"},{"lineNumber":20,"author":{"gitId":"-"},"content":"      REM compare the output to the expected output","lastModifiedDate":"2020-05-25"},{"lineNumber":21,"author":{"gitId":"-"},"content":"      FC ACTUAL.TXT EXPECTED.TXT","lastModifiedDate":"2020-05-25"}],"authorContributionMap":{"JordanChua":1,"-":20}}]
