{"authorDailyContributionsMap":{"JordanChua":[{"date":"2022-08-18","commitResults":[{"hash":"8d450f6d4572968916ab991b94c4369b345e0b31","messageTitle":"Level-1","messageBody":"","fileTypesAndContributionMap":{"java":{"insertions":36,"deletions":0}}},{"hash":"0aa10da2ef9ba64ef4cf65cb9eb72be5fdd98f3d","messageTitle":"Revert \"Level-1\"","messageBody":"This reverts commit 8d450f6d4572968916ab991b94c4369b345e0b31.\n","fileTypesAndContributionMap":{"java":{"insertions":0,"deletions":36}}},{"hash":"438be2160684ec37562e5949b0889c9252d93f7d","messageTitle":"Level-1","messageBody":"","tags":["Level-1"],"fileTypesAndContributionMap":{"java":{"insertions":36,"deletions":0}}},{"hash":"d827c3a6f3f56fd468bf160b956e29379151ce3f","messageTitle":"Level-2","messageBody":"","tags":["Level-2"],"fileTypesAndContributionMap":{"java":{"insertions":11,"deletions":1}}},{"hash":"d443e36ae58fb2fdcbbd241f1fe0935aa7e9ae6f","messageTitle":"Level-3","messageBody":"","tags":["Level-3"],"fileTypesAndContributionMap":{"java":{"insertions":44,"deletions":20}}},{"hash":"9752b4ca7cccbf146b69ab7ebe4e374eb4532be7","messageTitle":"Level-4","messageBody":"","tags":["Level-4"],"fileTypesAndContributionMap":{"java":{"insertions":58,"deletions":3}}},{"hash":"261cd0ac5e2058850bbef88b87d31e3e000beedf","messageTitle":"A-TextUiTesting","messageBody":"","tags":["A-TextUiTesting"],"fileTypesAndContributionMap":{"txt":{"insertions":4,"deletions":0},"java":{"insertions":10,"deletions":0},"bat":{"insertions":15,"deletions":15}}},{"hash":"04f6fb8b17446742618cfb875ef09c5d3d8712cc","messageTitle":"Level-5","messageBody":"","tags":["Level-5"],"fileTypesAndContributionMap":{"java":{"insertions":12,"deletions":11}}},{"hash":"96a691832e275b70e2ff1229925bea1d396b047d","messageTitle":"Level-6","messageBody":"","tags":["Level-6"],"fileTypesAndContributionMap":{"java":{"insertions":19,"deletions":11}}}]}]},"authorFileTypeContributionMap":{"JordanChua":{"java":145,"md":0,"fxml":0,"sh":0,"bat":1,"gradle":0,"txt":4}},"authorContributionVariance":{"JordanChua":14322.122},"authorDisplayNameMap":{"JordanChua":"CHUA..RDAN"}}
