[{"path":"src/main/java/Deadline.java","fileType":"java","lines":[{"lineNumber":1,"author":{"gitId":"turretDive"},"content":"public class Deadline extends Task {","lastModifiedDate":"2022-08-18"},{"lineNumber":2,"author":{"gitId":"turretDive"},"content":"    protected String by;","lastModifiedDate":"2022-08-18"},{"lineNumber":3,"author":{"gitId":"turretDive"},"content":"","lastModifiedDate":"2022-08-18"},{"lineNumber":4,"author":{"gitId":"turretDive"},"content":"    /**","lastModifiedDate":"2022-08-24"},{"lineNumber":5,"author":{"gitId":"turretDive"},"content":"     * Constructs a Deadline task.","lastModifiedDate":"2022-08-24"},{"lineNumber":6,"author":{"gitId":"turretDive"},"content":"     *","lastModifiedDate":"2022-08-24"},{"lineNumber":7,"author":{"gitId":"turretDive"},"content":"     * @param description Description of the Deadline task.","lastModifiedDate":"2022-08-24"},{"lineNumber":8,"author":{"gitId":"turretDive"},"content":"     * @param by Date the Deadline task is due by.","lastModifiedDate":"2022-08-24"},{"lineNumber":9,"author":{"gitId":"turretDive"},"content":"     */","lastModifiedDate":"2022-08-24"},{"lineNumber":10,"author":{"gitId":"turretDive"},"content":"    public Deadline(String description, String by) {","lastModifiedDate":"2022-08-18"},{"lineNumber":11,"author":{"gitId":"turretDive"},"content":"        super(description);","lastModifiedDate":"2022-08-18"},{"lineNumber":12,"author":{"gitId":"turretDive"},"content":"        this.by \u003d by;","lastModifiedDate":"2022-08-18"},{"lineNumber":13,"author":{"gitId":"turretDive"},"content":"    }","lastModifiedDate":"2022-08-18"},{"lineNumber":14,"author":{"gitId":"turretDive"},"content":"","lastModifiedDate":"2022-08-18"},{"lineNumber":15,"author":{"gitId":"turretDive"},"content":"    /**","lastModifiedDate":"2022-08-24"},{"lineNumber":16,"author":{"gitId":"turretDive"},"content":"     * Shows the Deadline task description and the date it is due by.","lastModifiedDate":"2022-08-24"},{"lineNumber":17,"author":{"gitId":"turretDive"},"content":"     *","lastModifiedDate":"2022-08-24"},{"lineNumber":18,"author":{"gitId":"turretDive"},"content":"     * @return String with the Deadline task description and date it is due by.","lastModifiedDate":"2022-08-24"},{"lineNumber":19,"author":{"gitId":"turretDive"},"content":"     */","lastModifiedDate":"2022-08-24"},{"lineNumber":20,"author":{"gitId":"turretDive"},"content":"    @Override","lastModifiedDate":"2022-08-18"},{"lineNumber":21,"author":{"gitId":"turretDive"},"content":"    public String toString() {","lastModifiedDate":"2022-08-18"},{"lineNumber":22,"author":{"gitId":"turretDive"},"content":"        return \"[D]\" + super.toString() + \" (by: \" + by + \")\";","lastModifiedDate":"2022-08-18"},{"lineNumber":23,"author":{"gitId":"turretDive"},"content":"    }","lastModifiedDate":"2022-08-18"},{"lineNumber":24,"author":{"gitId":"turretDive"},"content":"}","lastModifiedDate":"2022-08-18"}],"authorContributionMap":{"turretDive":24}},{"path":"src/main/java/Duke.java","fileType":"java","lines":[{"lineNumber":1,"author":{"gitId":"turretDive"},"content":"import java.sql.SQLOutput;","lastModifiedDate":"2022-08-18"},{"lineNumber":2,"author":{"gitId":"turretDive"},"content":"import java.util.Scanner;","lastModifiedDate":"2022-08-18"},{"lineNumber":3,"author":{"gitId":"turretDive"},"content":"import java.util.ArrayList;","lastModifiedDate":"2022-08-18"},{"lineNumber":4,"author":{"gitId":"turretDive"},"content":"","lastModifiedDate":"2022-08-18"},{"lineNumber":5,"author":{"gitId":"-"},"content":"public class Duke {","lastModifiedDate":"2019-07-29"},{"lineNumber":6,"author":{"gitId":"turretDive"},"content":"    private static Scanner input \u003d new Scanner(System.in);  // Create a Scanner object","lastModifiedDate":"2022-08-24"},{"lineNumber":7,"author":{"gitId":"turretDive"},"content":"    private static ArrayList\u003cTask\u003e list \u003d new ArrayList\u003c\u003e(); // list of user input","lastModifiedDate":"2022-08-24"},{"lineNumber":8,"author":{"gitId":"turretDive"},"content":"    private static int size \u003d 0;","lastModifiedDate":"2022-08-24"},{"lineNumber":9,"author":{"gitId":"turretDive"},"content":"","lastModifiedDate":"2022-08-18"},{"lineNumber":10,"author":{"gitId":"turretDive"},"content":"    /**","lastModifiedDate":"2022-08-24"},{"lineNumber":11,"author":{"gitId":"turretDive"},"content":"     * Parses an input sentence into different words/arguments separated by space.","lastModifiedDate":"2022-08-24"},{"lineNumber":12,"author":{"gitId":"turretDive"},"content":"     *","lastModifiedDate":"2022-08-24"},{"lineNumber":13,"author":{"gitId":"turretDive"},"content":"     * @param input Input of the user to be parsed.","lastModifiedDate":"2022-08-24"},{"lineNumber":14,"author":{"gitId":"turretDive"},"content":"     * @return String array of words/arguments.","lastModifiedDate":"2022-08-24"},{"lineNumber":15,"author":{"gitId":"turretDive"},"content":"     */","lastModifiedDate":"2022-08-24"},{"lineNumber":16,"author":{"gitId":"turretDive"},"content":"    public static String[] parse(String input) {","lastModifiedDate":"2022-08-24"},{"lineNumber":17,"author":{"gitId":"turretDive"},"content":"        return input.split(\" \");","lastModifiedDate":"2022-08-24"},{"lineNumber":18,"author":{"gitId":"turretDive"},"content":"    }","lastModifiedDate":"2022-08-24"},{"lineNumber":19,"author":{"gitId":"turretDive"},"content":"","lastModifiedDate":"2022-08-24"},{"lineNumber":20,"author":{"gitId":"turretDive"},"content":"    /**","lastModifiedDate":"2022-08-24"},{"lineNumber":21,"author":{"gitId":"turretDive"},"content":"     * Outputs the goodbye messages.","lastModifiedDate":"2022-08-24"},{"lineNumber":22,"author":{"gitId":"turretDive"},"content":"     */","lastModifiedDate":"2022-08-24"},{"lineNumber":23,"author":{"gitId":"turretDive"},"content":"    public static void bye() {","lastModifiedDate":"2022-08-24"},{"lineNumber":24,"author":{"gitId":"turretDive"},"content":"        System.out.println(\"Bye. Hope to see you again soon!\");","lastModifiedDate":"2022-08-24"},{"lineNumber":25,"author":{"gitId":"turretDive"},"content":"    }","lastModifiedDate":"2022-08-24"},{"lineNumber":26,"author":{"gitId":"turretDive"},"content":"","lastModifiedDate":"2022-08-24"},{"lineNumber":27,"author":{"gitId":"turretDive"},"content":"    /**","lastModifiedDate":"2022-08-24"},{"lineNumber":28,"author":{"gitId":"turretDive"},"content":"     * Returns true if input is within scope of the program.","lastModifiedDate":"2022-08-24"},{"lineNumber":29,"author":{"gitId":"turretDive"},"content":"     *","lastModifiedDate":"2022-08-24"},{"lineNumber":30,"author":{"gitId":"turretDive"},"content":"     * @param in Input of the user.","lastModifiedDate":"2022-08-24"},{"lineNumber":31,"author":{"gitId":"turretDive"},"content":"     * @return True if input is within scope of the program, false otherwise.","lastModifiedDate":"2022-08-24"},{"lineNumber":32,"author":{"gitId":"turretDive"},"content":"     */","lastModifiedDate":"2022-08-24"},{"lineNumber":33,"author":{"gitId":"turretDive"},"content":"    public static boolean withinScope(String in) {","lastModifiedDate":"2022-08-24"},{"lineNumber":34,"author":{"gitId":"turretDive"},"content":"        return (in.startsWith(\"list\") || in.startsWith(\"mark\") || in.startsWith(\"unmark\") || in.startsWith(\"deadline\")","lastModifiedDate":"2022-08-24"},{"lineNumber":35,"author":{"gitId":"turretDive"},"content":"                || in.startsWith(\"event\") || in.startsWith(\"todo\") || in.startsWith(\"delete\"));","lastModifiedDate":"2022-08-24"},{"lineNumber":36,"author":{"gitId":"turretDive"},"content":"    }","lastModifiedDate":"2022-08-24"},{"lineNumber":37,"author":{"gitId":"turretDive"},"content":"","lastModifiedDate":"2022-08-24"},{"lineNumber":38,"author":{"gitId":"turretDive"},"content":"    /**","lastModifiedDate":"2022-08-24"},{"lineNumber":39,"author":{"gitId":"turretDive"},"content":"     * Lists the inputs of the user.","lastModifiedDate":"2022-08-24"},{"lineNumber":40,"author":{"gitId":"turretDive"},"content":"     */","lastModifiedDate":"2022-08-24"},{"lineNumber":41,"author":{"gitId":"turretDive"},"content":"    public static void list() {","lastModifiedDate":"2022-08-24"},{"lineNumber":42,"author":{"gitId":"turretDive"},"content":"        int count \u003d 1;","lastModifiedDate":"2022-08-18"},{"lineNumber":43,"author":{"gitId":"turretDive"},"content":"        System.out.println(\"Here are the tasks in your list:\");","lastModifiedDate":"2022-08-18"},{"lineNumber":44,"author":{"gitId":"turretDive"},"content":"        for (Task tasks : list) {","lastModifiedDate":"2022-08-18"},{"lineNumber":45,"author":{"gitId":"turretDive"},"content":"            System.out.println(count + \". \" + tasks.toString());","lastModifiedDate":"2022-08-18"},{"lineNumber":46,"author":{"gitId":"turretDive"},"content":"            count +\u003d 1;","lastModifiedDate":"2022-08-18"},{"lineNumber":47,"author":{"gitId":"turretDive"},"content":"        }","lastModifiedDate":"2022-08-18"},{"lineNumber":48,"author":{"gitId":"turretDive"},"content":"    }","lastModifiedDate":"2022-08-24"},{"lineNumber":49,"author":{"gitId":"turretDive"},"content":"","lastModifiedDate":"2022-08-24"},{"lineNumber":50,"author":{"gitId":"turretDive"},"content":"    /**","lastModifiedDate":"2022-08-24"},{"lineNumber":51,"author":{"gitId":"turretDive"},"content":"     * Deletes a task.","lastModifiedDate":"2022-08-24"},{"lineNumber":52,"author":{"gitId":"turretDive"},"content":"     *","lastModifiedDate":"2022-08-24"},{"lineNumber":53,"author":{"gitId":"turretDive"},"content":"     * @param in Input of the user.","lastModifiedDate":"2022-08-24"},{"lineNumber":54,"author":{"gitId":"turretDive"},"content":"     */","lastModifiedDate":"2022-08-24"},{"lineNumber":55,"author":{"gitId":"turretDive"},"content":"    public static void delete(String in) {","lastModifiedDate":"2022-08-24"},{"lineNumber":56,"author":{"gitId":"turretDive"},"content":"        char n \u003d in.charAt(7);","lastModifiedDate":"2022-08-18"},{"lineNumber":57,"author":{"gitId":"turretDive"},"content":"        int number \u003d Character.getNumericValue(n) - 1;","lastModifiedDate":"2022-08-18"},{"lineNumber":58,"author":{"gitId":"turretDive"},"content":"        System.out.println(\"Noted. I\u0027ve removed this task:\");","lastModifiedDate":"2022-08-18"},{"lineNumber":59,"author":{"gitId":"turretDive"},"content":"        System.out.println(\"  \" + list.get(number).toString());","lastModifiedDate":"2022-08-18"},{"lineNumber":60,"author":{"gitId":"turretDive"},"content":"        list.remove(number);","lastModifiedDate":"2022-08-18"},{"lineNumber":61,"author":{"gitId":"turretDive"},"content":"        size -\u003d 1;","lastModifiedDate":"2022-08-18"},{"lineNumber":62,"author":{"gitId":"turretDive"},"content":"        System.out.println(\"Now you have \" + size + \" tasks in the list\");","lastModifiedDate":"2022-08-18"},{"lineNumber":63,"author":{"gitId":"turretDive"},"content":"    }","lastModifiedDate":"2022-08-24"},{"lineNumber":64,"author":{"gitId":"turretDive"},"content":"","lastModifiedDate":"2022-08-24"},{"lineNumber":65,"author":{"gitId":"turretDive"},"content":"    /**","lastModifiedDate":"2022-08-24"},{"lineNumber":66,"author":{"gitId":"turretDive"},"content":"     * Unmarks a task.","lastModifiedDate":"2022-08-24"},{"lineNumber":67,"author":{"gitId":"turretDive"},"content":"     *","lastModifiedDate":"2022-08-24"},{"lineNumber":68,"author":{"gitId":"turretDive"},"content":"     * @param in Input of the user.","lastModifiedDate":"2022-08-24"},{"lineNumber":69,"author":{"gitId":"turretDive"},"content":"     */","lastModifiedDate":"2022-08-24"},{"lineNumber":70,"author":{"gitId":"turretDive"},"content":"    public static void unmark(String in) {","lastModifiedDate":"2022-08-24"},{"lineNumber":71,"author":{"gitId":"turretDive"},"content":"        char n \u003d in.charAt(7);","lastModifiedDate":"2022-08-18"},{"lineNumber":72,"author":{"gitId":"turretDive"},"content":"        int number \u003d Character.getNumericValue(n) - 1;","lastModifiedDate":"2022-08-18"},{"lineNumber":73,"author":{"gitId":"turretDive"},"content":"        Task t \u003d list.get(number);","lastModifiedDate":"2022-08-18"},{"lineNumber":74,"author":{"gitId":"turretDive"},"content":"        t.markAsUndone();","lastModifiedDate":"2022-08-18"},{"lineNumber":75,"author":{"gitId":"turretDive"},"content":"        System.out.println(\"OK, I\u0027ve marked this task as not done yet:\");","lastModifiedDate":"2022-08-18"},{"lineNumber":76,"author":{"gitId":"turretDive"},"content":"        System.out.println(t.toString());","lastModifiedDate":"2022-08-18"},{"lineNumber":77,"author":{"gitId":"turretDive"},"content":"    }","lastModifiedDate":"2022-08-24"},{"lineNumber":78,"author":{"gitId":"turretDive"},"content":"","lastModifiedDate":"2022-08-24"},{"lineNumber":79,"author":{"gitId":"turretDive"},"content":"    /**","lastModifiedDate":"2022-08-24"},{"lineNumber":80,"author":{"gitId":"turretDive"},"content":"     * Marks a task.","lastModifiedDate":"2022-08-24"},{"lineNumber":81,"author":{"gitId":"turretDive"},"content":"     *","lastModifiedDate":"2022-08-24"},{"lineNumber":82,"author":{"gitId":"turretDive"},"content":"     * @param in Input of the user.","lastModifiedDate":"2022-08-24"},{"lineNumber":83,"author":{"gitId":"turretDive"},"content":"     */","lastModifiedDate":"2022-08-24"},{"lineNumber":84,"author":{"gitId":"turretDive"},"content":"    public static void mark(String in) {","lastModifiedDate":"2022-08-24"},{"lineNumber":85,"author":{"gitId":"turretDive"},"content":"        char n \u003d in.charAt(5);","lastModifiedDate":"2022-08-18"},{"lineNumber":86,"author":{"gitId":"turretDive"},"content":"        int number \u003d Character.getNumericValue(n) - 1;","lastModifiedDate":"2022-08-18"},{"lineNumber":87,"author":{"gitId":"turretDive"},"content":"        Task t \u003d list.get(number);","lastModifiedDate":"2022-08-18"},{"lineNumber":88,"author":{"gitId":"turretDive"},"content":"        t.markAsDone();","lastModifiedDate":"2022-08-18"},{"lineNumber":89,"author":{"gitId":"turretDive"},"content":"        System.out.println(\"Nice! I\u0027ve marked this task as done:\");","lastModifiedDate":"2022-08-18"},{"lineNumber":90,"author":{"gitId":"turretDive"},"content":"        System.out.println(t.toString());","lastModifiedDate":"2022-08-18"},{"lineNumber":91,"author":{"gitId":"turretDive"},"content":"    }","lastModifiedDate":"2022-08-24"},{"lineNumber":92,"author":{"gitId":"turretDive"},"content":"","lastModifiedDate":"2022-08-24"},{"lineNumber":93,"author":{"gitId":"turretDive"},"content":"    /**","lastModifiedDate":"2022-08-24"},{"lineNumber":94,"author":{"gitId":"turretDive"},"content":"     * Adds a deadline event to the list.","lastModifiedDate":"2022-08-24"},{"lineNumber":95,"author":{"gitId":"turretDive"},"content":"     *","lastModifiedDate":"2022-08-24"},{"lineNumber":96,"author":{"gitId":"turretDive"},"content":"     * @param in Input of the user.","lastModifiedDate":"2022-08-24"},{"lineNumber":97,"author":{"gitId":"turretDive"},"content":"     * @throws DukeException An exception unique to Duke.","lastModifiedDate":"2022-08-24"},{"lineNumber":98,"author":{"gitId":"turretDive"},"content":"     */","lastModifiedDate":"2022-08-24"},{"lineNumber":99,"author":{"gitId":"turretDive"},"content":"    public static void deadline(String in) throws DukeException {","lastModifiedDate":"2022-08-24"},{"lineNumber":100,"author":{"gitId":"turretDive"},"content":"        String deadLine \u003d in.replaceFirst(\"deadline\", \"\");","lastModifiedDate":"2022-08-18"},{"lineNumber":101,"author":{"gitId":"turretDive"},"content":"        if (deadLine.trim().isEmpty()) {","lastModifiedDate":"2022-08-18"},{"lineNumber":102,"author":{"gitId":"turretDive"},"content":"            throw new DukeException(\"☹ OOPS!!! The description of a deadline cannot be empty.\");","lastModifiedDate":"2022-08-18"},{"lineNumber":103,"author":{"gitId":"turretDive"},"content":"        } else {","lastModifiedDate":"2022-08-18"},{"lineNumber":104,"author":{"gitId":"turretDive"},"content":"            String[] aStr \u003d deadLine.split(\"/by\", 2);","lastModifiedDate":"2022-08-18"},{"lineNumber":105,"author":{"gitId":"turretDive"},"content":"            String desc \u003d aStr[0];","lastModifiedDate":"2022-08-18"},{"lineNumber":106,"author":{"gitId":"turretDive"},"content":"            String by \u003d aStr[1];","lastModifiedDate":"2022-08-18"},{"lineNumber":107,"author":{"gitId":"turretDive"},"content":"            Deadline d \u003d new Deadline(desc, by);","lastModifiedDate":"2022-08-18"},{"lineNumber":108,"author":{"gitId":"turretDive"},"content":"            list.add(d);","lastModifiedDate":"2022-08-18"},{"lineNumber":109,"author":{"gitId":"turretDive"},"content":"            size +\u003d 1;","lastModifiedDate":"2022-08-18"},{"lineNumber":110,"author":{"gitId":"turretDive"},"content":"            System.out.println(\"Got it. I\u0027ve added this task:\");","lastModifiedDate":"2022-08-18"},{"lineNumber":111,"author":{"gitId":"turretDive"},"content":"            System.out.println(\"  \" + d.toString());","lastModifiedDate":"2022-08-18"},{"lineNumber":112,"author":{"gitId":"turretDive"},"content":"            System.out.println(\"Now you have \" + size + \" tasks in the list\");","lastModifiedDate":"2022-08-18"},{"lineNumber":113,"author":{"gitId":"turretDive"},"content":"        }","lastModifiedDate":"2022-08-18"},{"lineNumber":114,"author":{"gitId":"turretDive"},"content":"    }","lastModifiedDate":"2022-08-24"},{"lineNumber":115,"author":{"gitId":"turretDive"},"content":"","lastModifiedDate":"2022-08-24"},{"lineNumber":116,"author":{"gitId":"turretDive"},"content":"    /**","lastModifiedDate":"2022-08-24"},{"lineNumber":117,"author":{"gitId":"turretDive"},"content":"     * Adds an event task to the list.","lastModifiedDate":"2022-08-24"},{"lineNumber":118,"author":{"gitId":"turretDive"},"content":"     *","lastModifiedDate":"2022-08-24"},{"lineNumber":119,"author":{"gitId":"turretDive"},"content":"     * @param in Input of the user.","lastModifiedDate":"2022-08-24"},{"lineNumber":120,"author":{"gitId":"turretDive"},"content":"     * @throws DukeException An exception unique to Duke.","lastModifiedDate":"2022-08-24"},{"lineNumber":121,"author":{"gitId":"turretDive"},"content":"     */","lastModifiedDate":"2022-08-24"},{"lineNumber":122,"author":{"gitId":"turretDive"},"content":"    public static void event(String in) throws DukeException {","lastModifiedDate":"2022-08-24"},{"lineNumber":123,"author":{"gitId":"turretDive"},"content":"        String event \u003d in.replaceFirst(\"event\", \"\");","lastModifiedDate":"2022-08-18"},{"lineNumber":124,"author":{"gitId":"turretDive"},"content":"        if (event.trim().isEmpty()) {","lastModifiedDate":"2022-08-18"},{"lineNumber":125,"author":{"gitId":"turretDive"},"content":"            throw new DukeException(\"☹ OOPS!!! The description of an event cannot be empty.\");","lastModifiedDate":"2022-08-18"},{"lineNumber":126,"author":{"gitId":"turretDive"},"content":"        } else {","lastModifiedDate":"2022-08-18"},{"lineNumber":127,"author":{"gitId":"turretDive"},"content":"            String[] aStr \u003d event.split(\"/at\", 2);","lastModifiedDate":"2022-08-18"},{"lineNumber":128,"author":{"gitId":"turretDive"},"content":"            String desc \u003d aStr[0];","lastModifiedDate":"2022-08-18"},{"lineNumber":129,"author":{"gitId":"turretDive"},"content":"            String by \u003d aStr[1];","lastModifiedDate":"2022-08-18"},{"lineNumber":130,"author":{"gitId":"turretDive"},"content":"            Event e \u003d new Event(desc, by);","lastModifiedDate":"2022-08-18"},{"lineNumber":131,"author":{"gitId":"turretDive"},"content":"            list.add(e);","lastModifiedDate":"2022-08-18"},{"lineNumber":132,"author":{"gitId":"turretDive"},"content":"            size +\u003d 1;","lastModifiedDate":"2022-08-18"},{"lineNumber":133,"author":{"gitId":"turretDive"},"content":"            System.out.println(\"Got it. I\u0027ve added this task:\");","lastModifiedDate":"2022-08-18"},{"lineNumber":134,"author":{"gitId":"turretDive"},"content":"            System.out.println(\"  \" + e.toString());","lastModifiedDate":"2022-08-18"},{"lineNumber":135,"author":{"gitId":"turretDive"},"content":"            System.out.println(\"Now you have \" + size + \" tasks in the list\");","lastModifiedDate":"2022-08-18"},{"lineNumber":136,"author":{"gitId":"turretDive"},"content":"        }","lastModifiedDate":"2022-08-18"},{"lineNumber":137,"author":{"gitId":"turretDive"},"content":"    }","lastModifiedDate":"2022-08-24"},{"lineNumber":138,"author":{"gitId":"turretDive"},"content":"","lastModifiedDate":"2022-08-24"},{"lineNumber":139,"author":{"gitId":"turretDive"},"content":"    /**","lastModifiedDate":"2022-08-24"},{"lineNumber":140,"author":{"gitId":"turretDive"},"content":"     * Adds a to-do task to the list.","lastModifiedDate":"2022-08-24"},{"lineNumber":141,"author":{"gitId":"turretDive"},"content":"     *","lastModifiedDate":"2022-08-24"},{"lineNumber":142,"author":{"gitId":"turretDive"},"content":"     * @param in Input of the user.","lastModifiedDate":"2022-08-24"},{"lineNumber":143,"author":{"gitId":"turretDive"},"content":"     * @throws DukeException An exception unique to Duke.","lastModifiedDate":"2022-08-24"},{"lineNumber":144,"author":{"gitId":"turretDive"},"content":"     */","lastModifiedDate":"2022-08-24"},{"lineNumber":145,"author":{"gitId":"turretDive"},"content":"    public static void todo(String in) throws DukeException {","lastModifiedDate":"2022-08-24"},{"lineNumber":146,"author":{"gitId":"turretDive"},"content":"        String todo \u003d in.replaceFirst(\"todo\", \"\");","lastModifiedDate":"2022-08-18"},{"lineNumber":147,"author":{"gitId":"turretDive"},"content":"        if (todo.trim().isEmpty()) {","lastModifiedDate":"2022-08-18"},{"lineNumber":148,"author":{"gitId":"turretDive"},"content":"            throw new DukeException(\"☹ OOPS!!! The description of a deadline cannot be empty.\");","lastModifiedDate":"2022-08-18"},{"lineNumber":149,"author":{"gitId":"turretDive"},"content":"        } else {","lastModifiedDate":"2022-08-18"},{"lineNumber":150,"author":{"gitId":"turretDive"},"content":"            Todo t \u003d new Todo(todo);","lastModifiedDate":"2022-08-18"},{"lineNumber":151,"author":{"gitId":"turretDive"},"content":"            list.add(t);","lastModifiedDate":"2022-08-18"},{"lineNumber":152,"author":{"gitId":"turretDive"},"content":"            size +\u003d 1;","lastModifiedDate":"2022-08-18"},{"lineNumber":153,"author":{"gitId":"turretDive"},"content":"            System.out.println(\"Got it. I\u0027ve added this task:\");  // Output user input","lastModifiedDate":"2022-08-18"},{"lineNumber":154,"author":{"gitId":"turretDive"},"content":"            System.out.println(\"  \" + t.toString());","lastModifiedDate":"2022-08-18"},{"lineNumber":155,"author":{"gitId":"turretDive"},"content":"            System.out.println(\"Now you have \" + size + \" tasks in the list\");","lastModifiedDate":"2022-08-18"},{"lineNumber":156,"author":{"gitId":"turretDive"},"content":"        }","lastModifiedDate":"2022-08-18"},{"lineNumber":157,"author":{"gitId":"turretDive"},"content":"    }","lastModifiedDate":"2022-08-18"},{"lineNumber":158,"author":{"gitId":"turretDive"},"content":"","lastModifiedDate":"2022-08-24"},{"lineNumber":159,"author":{"gitId":"turretDive"},"content":"","lastModifiedDate":"2022-08-24"},{"lineNumber":160,"author":{"gitId":"turretDive"},"content":"","lastModifiedDate":"2022-08-24"},{"lineNumber":161,"author":{"gitId":"-"},"content":"    public static void main(String[] args) {","lastModifiedDate":"2022-08-24"},{"lineNumber":162,"author":{"gitId":"-"},"content":"        String logo \u003d \" ____        _        \\n\"","lastModifiedDate":"2022-08-24"},{"lineNumber":163,"author":{"gitId":"-"},"content":"                + \"|  _ \\\\ _   _| | _____ \\n\"","lastModifiedDate":"2022-08-24"},{"lineNumber":164,"author":{"gitId":"-"},"content":"                + \"| | | | | | | |/ / _ \\\\\\n\"","lastModifiedDate":"2022-08-24"},{"lineNumber":165,"author":{"gitId":"-"},"content":"                + \"| |_| | |_| |   \u003c  __/\\n\"","lastModifiedDate":"2022-08-24"},{"lineNumber":166,"author":{"gitId":"-"},"content":"                + \"|____/ \\\\__,_|_|\\\\_\\\\___|\\n\";","lastModifiedDate":"2022-08-24"},{"lineNumber":167,"author":{"gitId":"-"},"content":"        System.out.println(\"Hello from\\n\" + logo);","lastModifiedDate":"2022-08-24"},{"lineNumber":168,"author":{"gitId":"turretDive"},"content":"        System.out.println(\"What may I do for you?\");","lastModifiedDate":"2022-08-24"},{"lineNumber":169,"author":{"gitId":"turretDive"},"content":"","lastModifiedDate":"2022-08-24"},{"lineNumber":170,"author":{"gitId":"turretDive"},"content":"        while (input.hasNextLine()) {","lastModifiedDate":"2022-08-24"},{"lineNumber":171,"author":{"gitId":"turretDive"},"content":"            String in \u003d input.nextLine();  // Read user input","lastModifiedDate":"2022-08-24"},{"lineNumber":172,"author":{"gitId":"turretDive"},"content":"            try {","lastModifiedDate":"2022-08-24"},{"lineNumber":173,"author":{"gitId":"turretDive"},"content":"                if (in.equals(\"bye\")) {","lastModifiedDate":"2022-08-24"},{"lineNumber":174,"author":{"gitId":"turretDive"},"content":"                    bye();","lastModifiedDate":"2022-08-24"},{"lineNumber":175,"author":{"gitId":"turretDive"},"content":"                    break;","lastModifiedDate":"2022-08-24"},{"lineNumber":176,"author":{"gitId":"turretDive"},"content":"                } else if (!withinScope(in)) {","lastModifiedDate":"2022-08-24"},{"lineNumber":177,"author":{"gitId":"turretDive"},"content":"                    throw new DukeException(\"☹ OOPS!!! I\u0027m sorry, but I don\u0027t know what that means :-( \");","lastModifiedDate":"2022-08-24"},{"lineNumber":178,"author":{"gitId":"turretDive"},"content":"                } else if (in.equals(\"list\")) {","lastModifiedDate":"2022-08-24"},{"lineNumber":179,"author":{"gitId":"turretDive"},"content":"                    list();","lastModifiedDate":"2022-08-24"},{"lineNumber":180,"author":{"gitId":"turretDive"},"content":"                } else if (in.startsWith(\"delete\")) {","lastModifiedDate":"2022-08-24"},{"lineNumber":181,"author":{"gitId":"turretDive"},"content":"                    delete(in);","lastModifiedDate":"2022-08-24"},{"lineNumber":182,"author":{"gitId":"turretDive"},"content":"                } else if (in.startsWith(\"unmark\")) {","lastModifiedDate":"2022-08-24"},{"lineNumber":183,"author":{"gitId":"turretDive"},"content":"                    unmark(in);","lastModifiedDate":"2022-08-24"},{"lineNumber":184,"author":{"gitId":"turretDive"},"content":"                } else if (in.startsWith(\"mark\")) {","lastModifiedDate":"2022-08-24"},{"lineNumber":185,"author":{"gitId":"turretDive"},"content":"                    mark(in);","lastModifiedDate":"2022-08-24"},{"lineNumber":186,"author":{"gitId":"turretDive"},"content":"                } else if (in.startsWith(\"deadline\")) {","lastModifiedDate":"2022-08-24"},{"lineNumber":187,"author":{"gitId":"turretDive"},"content":"                    deadline(in);","lastModifiedDate":"2022-08-24"},{"lineNumber":188,"author":{"gitId":"turretDive"},"content":"                } else if (in.startsWith(\"event\")) {","lastModifiedDate":"2022-08-24"},{"lineNumber":189,"author":{"gitId":"turretDive"},"content":"                    event(in);","lastModifiedDate":"2022-08-24"},{"lineNumber":190,"author":{"gitId":"turretDive"},"content":"                } else {","lastModifiedDate":"2022-08-24"},{"lineNumber":191,"author":{"gitId":"turretDive"},"content":"                    todo(in);","lastModifiedDate":"2022-08-24"},{"lineNumber":192,"author":{"gitId":"turretDive"},"content":"                }","lastModifiedDate":"2022-08-24"},{"lineNumber":193,"author":{"gitId":"turretDive"},"content":"            } catch (DukeException e) {","lastModifiedDate":"2022-08-18"},{"lineNumber":194,"author":{"gitId":"turretDive"},"content":"                System.out.println(e.toString());","lastModifiedDate":"2022-08-18"},{"lineNumber":195,"author":{"gitId":"turretDive"},"content":"            }","lastModifiedDate":"2022-08-18"},{"lineNumber":196,"author":{"gitId":"turretDive"},"content":"        }","lastModifiedDate":"2022-08-18"},{"lineNumber":197,"author":{"gitId":"-"},"content":"    }","lastModifiedDate":"2019-07-29"},{"lineNumber":198,"author":{"gitId":"-"},"content":"}","lastModifiedDate":"2019-07-29"},{"lineNumber":199,"author":{"gitId":"turretDive"},"content":"","lastModifiedDate":"2022-08-18"}],"authorContributionMap":{"turretDive":189,"-":10}},{"path":"src/main/java/DukeException.java","fileType":"java","lines":[{"lineNumber":1,"author":{"gitId":"turretDive"},"content":"public class DukeException extends Exception {","lastModifiedDate":"2022-08-18"},{"lineNumber":2,"author":{"gitId":"turretDive"},"content":"    private String message;","lastModifiedDate":"2022-08-18"},{"lineNumber":3,"author":{"gitId":"turretDive"},"content":"","lastModifiedDate":"2022-08-18"},{"lineNumber":4,"author":{"gitId":"turretDive"},"content":"    public DukeException(String message) {","lastModifiedDate":"2022-08-18"},{"lineNumber":5,"author":{"gitId":"turretDive"},"content":"        super(message);","lastModifiedDate":"2022-08-18"},{"lineNumber":6,"author":{"gitId":"turretDive"},"content":"        this.message \u003d message;","lastModifiedDate":"2022-08-18"},{"lineNumber":7,"author":{"gitId":"turretDive"},"content":"    }","lastModifiedDate":"2022-08-18"},{"lineNumber":8,"author":{"gitId":"turretDive"},"content":"","lastModifiedDate":"2022-08-18"},{"lineNumber":9,"author":{"gitId":"turretDive"},"content":"    public String toString() {","lastModifiedDate":"2022-08-18"},{"lineNumber":10,"author":{"gitId":"turretDive"},"content":"        return message;","lastModifiedDate":"2022-08-18"},{"lineNumber":11,"author":{"gitId":"turretDive"},"content":"    }","lastModifiedDate":"2022-08-18"},{"lineNumber":12,"author":{"gitId":"turretDive"},"content":"}","lastModifiedDate":"2022-08-18"}],"authorContributionMap":{"turretDive":12}},{"path":"src/main/java/Event.java","fileType":"java","lines":[{"lineNumber":1,"author":{"gitId":"turretDive"},"content":"public class Event extends Task {","lastModifiedDate":"2022-08-18"},{"lineNumber":2,"author":{"gitId":"turretDive"},"content":"    protected String at;","lastModifiedDate":"2022-08-18"},{"lineNumber":3,"author":{"gitId":"turretDive"},"content":"","lastModifiedDate":"2022-08-18"},{"lineNumber":4,"author":{"gitId":"turretDive"},"content":"    /**","lastModifiedDate":"2022-08-24"},{"lineNumber":5,"author":{"gitId":"turretDive"},"content":"     * Constructs an Event task.","lastModifiedDate":"2022-08-24"},{"lineNumber":6,"author":{"gitId":"turretDive"},"content":"     *","lastModifiedDate":"2022-08-24"},{"lineNumber":7,"author":{"gitId":"turretDive"},"content":"     * @param description Description of the Event task.","lastModifiedDate":"2022-08-24"},{"lineNumber":8,"author":{"gitId":"turretDive"},"content":"     * @param at Date the Event task occurs at.","lastModifiedDate":"2022-08-24"},{"lineNumber":9,"author":{"gitId":"turretDive"},"content":"     */","lastModifiedDate":"2022-08-24"},{"lineNumber":10,"author":{"gitId":"turretDive"},"content":"    public Event(String description, String at) {","lastModifiedDate":"2022-08-18"},{"lineNumber":11,"author":{"gitId":"turretDive"},"content":"        super(description);","lastModifiedDate":"2022-08-18"},{"lineNumber":12,"author":{"gitId":"turretDive"},"content":"        this.at \u003d at;","lastModifiedDate":"2022-08-18"},{"lineNumber":13,"author":{"gitId":"turretDive"},"content":"    }","lastModifiedDate":"2022-08-18"},{"lineNumber":14,"author":{"gitId":"turretDive"},"content":"","lastModifiedDate":"2022-08-18"},{"lineNumber":15,"author":{"gitId":"turretDive"},"content":"    /**","lastModifiedDate":"2022-08-24"},{"lineNumber":16,"author":{"gitId":"turretDive"},"content":"     * Shows the Event task description and the date it occurs at.","lastModifiedDate":"2022-08-24"},{"lineNumber":17,"author":{"gitId":"turretDive"},"content":"     *","lastModifiedDate":"2022-08-24"},{"lineNumber":18,"author":{"gitId":"turretDive"},"content":"     * @return String with the Event task description and the date it occurs at.","lastModifiedDate":"2022-08-24"},{"lineNumber":19,"author":{"gitId":"turretDive"},"content":"     */","lastModifiedDate":"2022-08-24"},{"lineNumber":20,"author":{"gitId":"turretDive"},"content":"    @Override","lastModifiedDate":"2022-08-18"},{"lineNumber":21,"author":{"gitId":"turretDive"},"content":"    public String toString() {","lastModifiedDate":"2022-08-18"},{"lineNumber":22,"author":{"gitId":"turretDive"},"content":"        return \"[E]\" + super.toString() + \" (at: \" + at + \")\";","lastModifiedDate":"2022-08-18"},{"lineNumber":23,"author":{"gitId":"turretDive"},"content":"    }","lastModifiedDate":"2022-08-18"},{"lineNumber":24,"author":{"gitId":"turretDive"},"content":"}","lastModifiedDate":"2022-08-18"}],"authorContributionMap":{"turretDive":24}},{"path":"src/main/java/Task.java","fileType":"java","lines":[{"lineNumber":1,"author":{"gitId":"turretDive"},"content":"public class Task {","lastModifiedDate":"2022-08-18"},{"lineNumber":2,"author":{"gitId":"turretDive"},"content":"    protected String description;","lastModifiedDate":"2022-08-18"},{"lineNumber":3,"author":{"gitId":"turretDive"},"content":"    protected boolean isDone;","lastModifiedDate":"2022-08-18"},{"lineNumber":4,"author":{"gitId":"turretDive"},"content":"","lastModifiedDate":"2022-08-18"},{"lineNumber":5,"author":{"gitId":"turretDive"},"content":"    /**","lastModifiedDate":"2022-08-24"},{"lineNumber":6,"author":{"gitId":"turretDive"},"content":"     * Constructs Task with its description.","lastModifiedDate":"2022-08-24"},{"lineNumber":7,"author":{"gitId":"turretDive"},"content":"     *","lastModifiedDate":"2022-08-24"},{"lineNumber":8,"author":{"gitId":"turretDive"},"content":"     * @param description Description of the task.","lastModifiedDate":"2022-08-24"},{"lineNumber":9,"author":{"gitId":"turretDive"},"content":"     */","lastModifiedDate":"2022-08-24"},{"lineNumber":10,"author":{"gitId":"turretDive"},"content":"    public Task(String description) {","lastModifiedDate":"2022-08-18"},{"lineNumber":11,"author":{"gitId":"turretDive"},"content":"        this.description \u003d description;","lastModifiedDate":"2022-08-18"},{"lineNumber":12,"author":{"gitId":"turretDive"},"content":"        this.isDone \u003d false;","lastModifiedDate":"2022-08-18"},{"lineNumber":13,"author":{"gitId":"turretDive"},"content":"    }","lastModifiedDate":"2022-08-18"},{"lineNumber":14,"author":{"gitId":"turretDive"},"content":"","lastModifiedDate":"2022-08-18"},{"lineNumber":15,"author":{"gitId":"turretDive"},"content":"    /**","lastModifiedDate":"2022-08-24"},{"lineNumber":16,"author":{"gitId":"turretDive"},"content":"     * Gets the status of the task.","lastModifiedDate":"2022-08-24"},{"lineNumber":17,"author":{"gitId":"turretDive"},"content":"     *","lastModifiedDate":"2022-08-24"},{"lineNumber":18,"author":{"gitId":"turretDive"},"content":"     * @return The status of the task.","lastModifiedDate":"2022-08-24"},{"lineNumber":19,"author":{"gitId":"turretDive"},"content":"     */","lastModifiedDate":"2022-08-24"},{"lineNumber":20,"author":{"gitId":"turretDive"},"content":"    public String getStatusIcon() {","lastModifiedDate":"2022-08-18"},{"lineNumber":21,"author":{"gitId":"turretDive"},"content":"        return (isDone ? \"X\" : \" \" ); // mark done task with X","lastModifiedDate":"2022-08-18"},{"lineNumber":22,"author":{"gitId":"turretDive"},"content":"    }","lastModifiedDate":"2022-08-18"},{"lineNumber":23,"author":{"gitId":"turretDive"},"content":"","lastModifiedDate":"2022-08-18"},{"lineNumber":24,"author":{"gitId":"turretDive"},"content":"    /**","lastModifiedDate":"2022-08-24"},{"lineNumber":25,"author":{"gitId":"turretDive"},"content":"     * Marks task as done.","lastModifiedDate":"2022-08-24"},{"lineNumber":26,"author":{"gitId":"turretDive"},"content":"     */","lastModifiedDate":"2022-08-24"},{"lineNumber":27,"author":{"gitId":"turretDive"},"content":"    public void markAsDone() {","lastModifiedDate":"2022-08-18"},{"lineNumber":28,"author":{"gitId":"turretDive"},"content":"        this.isDone \u003d true;","lastModifiedDate":"2022-08-18"},{"lineNumber":29,"author":{"gitId":"turretDive"},"content":"    }","lastModifiedDate":"2022-08-18"},{"lineNumber":30,"author":{"gitId":"turretDive"},"content":"","lastModifiedDate":"2022-08-18"},{"lineNumber":31,"author":{"gitId":"turretDive"},"content":"    /**","lastModifiedDate":"2022-08-24"},{"lineNumber":32,"author":{"gitId":"turretDive"},"content":"     * Marks task as not done.","lastModifiedDate":"2022-08-24"},{"lineNumber":33,"author":{"gitId":"turretDive"},"content":"     */","lastModifiedDate":"2022-08-24"},{"lineNumber":34,"author":{"gitId":"turretDive"},"content":"    public void markAsUndone() {","lastModifiedDate":"2022-08-18"},{"lineNumber":35,"author":{"gitId":"turretDive"},"content":"        this.isDone \u003d false;","lastModifiedDate":"2022-08-18"},{"lineNumber":36,"author":{"gitId":"turretDive"},"content":"    }","lastModifiedDate":"2022-08-18"},{"lineNumber":37,"author":{"gitId":"turretDive"},"content":"","lastModifiedDate":"2022-08-18"},{"lineNumber":38,"author":{"gitId":"turretDive"},"content":"    /**","lastModifiedDate":"2022-08-24"},{"lineNumber":39,"author":{"gitId":"turretDive"},"content":"     * Returns the description of the task.","lastModifiedDate":"2022-08-24"},{"lineNumber":40,"author":{"gitId":"turretDive"},"content":"     *","lastModifiedDate":"2022-08-24"},{"lineNumber":41,"author":{"gitId":"turretDive"},"content":"     * @return Description of the task.","lastModifiedDate":"2022-08-24"},{"lineNumber":42,"author":{"gitId":"turretDive"},"content":"     */","lastModifiedDate":"2022-08-24"},{"lineNumber":43,"author":{"gitId":"turretDive"},"content":"    public String getDescription() {","lastModifiedDate":"2022-08-18"},{"lineNumber":44,"author":{"gitId":"turretDive"},"content":"        return this.description;","lastModifiedDate":"2022-08-18"},{"lineNumber":45,"author":{"gitId":"turretDive"},"content":"    }","lastModifiedDate":"2022-08-18"},{"lineNumber":46,"author":{"gitId":"turretDive"},"content":"","lastModifiedDate":"2022-08-18"},{"lineNumber":47,"author":{"gitId":"turretDive"},"content":"    /**","lastModifiedDate":"2022-08-24"},{"lineNumber":48,"author":{"gitId":"turretDive"},"content":"     * Shows the description and status of the task.","lastModifiedDate":"2022-08-24"},{"lineNumber":49,"author":{"gitId":"turretDive"},"content":"     *","lastModifiedDate":"2022-08-24"},{"lineNumber":50,"author":{"gitId":"turretDive"},"content":"     * @return String with the description and status of the task.","lastModifiedDate":"2022-08-24"},{"lineNumber":51,"author":{"gitId":"turretDive"},"content":"     */","lastModifiedDate":"2022-08-24"},{"lineNumber":52,"author":{"gitId":"turretDive"},"content":"    @Override","lastModifiedDate":"2022-08-24"},{"lineNumber":53,"author":{"gitId":"turretDive"},"content":"    public String toString() {","lastModifiedDate":"2022-08-18"},{"lineNumber":54,"author":{"gitId":"turretDive"},"content":"        return \"[\" + this.getStatusIcon() + \"]\" + this.getDescription() ;","lastModifiedDate":"2022-08-18"},{"lineNumber":55,"author":{"gitId":"turretDive"},"content":"    }","lastModifiedDate":"2022-08-18"},{"lineNumber":56,"author":{"gitId":"turretDive"},"content":"}","lastModifiedDate":"2022-08-18"}],"authorContributionMap":{"turretDive":56}},{"path":"src/main/java/Todo.java","fileType":"java","lines":[{"lineNumber":1,"author":{"gitId":"turretDive"},"content":"public class Todo extends Task {","lastModifiedDate":"2022-08-18"},{"lineNumber":2,"author":{"gitId":"turretDive"},"content":"    /**","lastModifiedDate":"2022-08-24"},{"lineNumber":3,"author":{"gitId":"turretDive"},"content":"     * Constructs a to-do task.","lastModifiedDate":"2022-08-24"},{"lineNumber":4,"author":{"gitId":"turretDive"},"content":"     *","lastModifiedDate":"2022-08-24"},{"lineNumber":5,"author":{"gitId":"turretDive"},"content":"     * @param description Description of the to-do task.","lastModifiedDate":"2022-08-24"},{"lineNumber":6,"author":{"gitId":"turretDive"},"content":"     */","lastModifiedDate":"2022-08-24"},{"lineNumber":7,"author":{"gitId":"turretDive"},"content":"    public Todo(String description) {","lastModifiedDate":"2022-08-18"},{"lineNumber":8,"author":{"gitId":"turretDive"},"content":"        super(description);","lastModifiedDate":"2022-08-18"},{"lineNumber":9,"author":{"gitId":"turretDive"},"content":"    }","lastModifiedDate":"2022-08-18"},{"lineNumber":10,"author":{"gitId":"turretDive"},"content":"","lastModifiedDate":"2022-08-18"},{"lineNumber":11,"author":{"gitId":"turretDive"},"content":"    /**","lastModifiedDate":"2022-08-24"},{"lineNumber":12,"author":{"gitId":"turretDive"},"content":"     * Shows the to-do task description.","lastModifiedDate":"2022-08-24"},{"lineNumber":13,"author":{"gitId":"turretDive"},"content":"     *","lastModifiedDate":"2022-08-24"},{"lineNumber":14,"author":{"gitId":"turretDive"},"content":"     * @return String with the to-do task description.","lastModifiedDate":"2022-08-24"},{"lineNumber":15,"author":{"gitId":"turretDive"},"content":"     */","lastModifiedDate":"2022-08-24"},{"lineNumber":16,"author":{"gitId":"turretDive"},"content":"    @Override","lastModifiedDate":"2022-08-18"},{"lineNumber":17,"author":{"gitId":"turretDive"},"content":"    public String toString() {","lastModifiedDate":"2022-08-18"},{"lineNumber":18,"author":{"gitId":"turretDive"},"content":"        return \"[T]\" + super.toString();","lastModifiedDate":"2022-08-18"},{"lineNumber":19,"author":{"gitId":"turretDive"},"content":"    }","lastModifiedDate":"2022-08-18"},{"lineNumber":20,"author":{"gitId":"turretDive"},"content":"}","lastModifiedDate":"2022-08-18"}],"authorContributionMap":{"turretDive":20}},{"path":"text-ui-test/input.txt","fileType":"txt","lines":[{"lineNumber":1,"author":{"gitId":"turretDive"},"content":"todo borrow book","lastModifiedDate":"2022-08-18"},{"lineNumber":2,"author":{"gitId":"turretDive"},"content":"todo buy bread","lastModifiedDate":"2022-08-18"}],"authorContributionMap":{"turretDive":2}},{"path":"text-ui-test/runtest.bat","fileType":"bat","lines":[{"lineNumber":1,"author":{"gitId":"-"},"content":"@ECHO OFF","lastModifiedDate":"2020-05-25"},{"lineNumber":2,"author":{"gitId":"-"},"content":"","lastModifiedDate":"2020-05-25"},{"lineNumber":3,"author":{"gitId":"-"},"content":"REM create bin directory if it doesn\u0027t exist","lastModifiedDate":"2020-05-25"},{"lineNumber":4,"author":{"gitId":"turretDive"},"content":"if not exist C:\\Users\\apang\\Downloads\\ip\\bin mkdir C:\\Users\\apang\\Downloads\\ip\\bin","lastModifiedDate":"2022-08-18"},{"lineNumber":5,"author":{"gitId":"-"},"content":"","lastModifiedDate":"2020-05-25"},{"lineNumber":6,"author":{"gitId":"-"},"content":"REM delete output from previous run","lastModifiedDate":"2020-05-25"},{"lineNumber":7,"author":{"gitId":"-"},"content":"if exist ACTUAL.TXT del ACTUAL.TXT","lastModifiedDate":"2020-08-25"},{"lineNumber":8,"author":{"gitId":"-"},"content":"","lastModifiedDate":"2020-05-25"},{"lineNumber":9,"author":{"gitId":"-"},"content":"REM compile the code into the bin folder","lastModifiedDate":"2020-05-25"},{"lineNumber":10,"author":{"gitId":"turretDive"},"content":"javac  -cp C:\\Users\\apang\\Downloads\\ip\\src\\main\\java -Xlint:none -d ..\\bin ..\\src\\main\\java\\*.java","lastModifiedDate":"2022-08-18"},{"lineNumber":11,"author":{"gitId":"-"},"content":"IF ERRORLEVEL 1 (","lastModifiedDate":"2020-05-25"},{"lineNumber":12,"author":{"gitId":"-"},"content":"    echo ********** BUILD FAILURE **********","lastModifiedDate":"2020-05-25"},{"lineNumber":13,"author":{"gitId":"-"},"content":"    exit /b 1","lastModifiedDate":"2020-05-25"},{"lineNumber":14,"author":{"gitId":"-"},"content":")","lastModifiedDate":"2020-05-25"},{"lineNumber":15,"author":{"gitId":"-"},"content":"REM no error here, errorlevel \u003d\u003d 0","lastModifiedDate":"2020-05-25"},{"lineNumber":16,"author":{"gitId":"-"},"content":"","lastModifiedDate":"2020-05-25"},{"lineNumber":17,"author":{"gitId":"-"},"content":"REM run the program, feed commands from input.txt file and redirect the output to the ACTUAL.TXT","lastModifiedDate":"2020-05-25"},{"lineNumber":18,"author":{"gitId":"turretDive"},"content":"java -classpath C:\\Users\\apang\\Downloads\\ip\\bin Duke \u003c input.txt \u003e ACTUAL.TXT","lastModifiedDate":"2022-08-18"},{"lineNumber":19,"author":{"gitId":"-"},"content":"","lastModifiedDate":"2020-05-25"},{"lineNumber":20,"author":{"gitId":"-"},"content":"REM compare the output to the expected output","lastModifiedDate":"2020-05-25"},{"lineNumber":21,"author":{"gitId":"-"},"content":"FC ACTUAL.TXT EXPECTED.TXT","lastModifiedDate":"2020-05-25"}],"authorContributionMap":{"turretDive":3,"-":18}}]
