{"authorDailyContributionsMap":{"turretDive":[{"date":"2022-08-18","commitResults":[{"hash":"8ee4404aba6b557b1f9bc31a009f9ba50e0afe33","messageTitle":"Level-1. Greet, Echo, Exit","messageBody":"","tags":["Level-1"],"fileTypesAndContributionMap":{"java":{"insertions":14,"deletions":0}}},{"hash":"27eb2444467cdd11791f74494cbd45ea9dc5aa47","messageTitle":"Level-1","messageBody":"","fileTypesAndContributionMap":{"java":{"insertions":2,"deletions":1}}},{"hash":"7a9f2271bb8f8744bb4510fe61349c04e7409284","messageTitle":"Level-1","messageBody":"","fileTypesAndContributionMap":{"java":{"insertions":1,"deletions":1}}},{"hash":"229ed4d55b199712a8e72ad710ac23e211fd9338","messageTitle":"Level 2. Add, List","messageBody":"","tags":["Level-2"],"fileTypesAndContributionMap":{"java":{"insertions":11,"deletions":2}}},{"hash":"b63fba9c1c7abb47a3663f4896e3e9a13261f1e6","messageTitle":"Level 3. Mark as Done","messageBody":"","tags":["Level-3"],"fileTypesAndContributionMap":{"java":{"insertions":45,"deletions":4}}},{"hash":"5e31ed69226b4c32b0d3521836de00c9f14c1d60","messageTitle":"Level 4. ToDos, Events, Deadlines","messageBody":"","tags":["Level-4"],"fileTypesAndContributionMap":{"java":{"insertions":74,"deletions":5}}},{"hash":"e446d7392fccbb650798ac58af8cbf671225ea33","messageTitle":"Test using the I/O redirection technique","messageBody":"","tags":["A-TextUiTesting"],"fileTypesAndContributionMap":{"txt":{"insertions":1,"deletions":0},"bat":{"insertions":3,"deletions":3}}},{"hash":"545bcb08905c32c35dcdb92a6670eb391e545132","messageTitle":"Level 5. Handle Errors","messageBody":"","tags":["Level-6","Level-5"],"fileTypesAndContributionMap":{"java":{"insertions":94,"deletions":54}}},{"hash":"62e11668a2c0b79a7eb01b97891280202c5bc49a","messageTitle":"fixed Text-ui bug","messageBody":"","fileTypesAndContributionMap":{"txt":{"insertions":1,"deletions":0},"java":{"insertions":3,"deletions":3}}},{"hash":"02823fc4c9fabe8dd02695dd439fd232f743526c","messageTitle":"fixed startsWith() bug","messageBody":"","fileTypesAndContributionMap":{"java":{"insertions":4,"deletions":4}}}]},{"date":"2022-08-24","commitResults":[{"hash":"b8cb7a6cf4b19be96d207f908592522373cddc4f","messageTitle":"Add more oop","messageBody":"","fileTypesAndContributionMap":{"java":{"insertions":224,"deletions":73}}}]},{"date":"2022-08-27","commitResults":[{"hash":"7da7cc4dec7edef8e3014a0fcf7cfae28643d384","messageTitle":"Level-7","messageBody":"","fileTypesAndContributionMap":{"txt":{"insertions":4,"deletions":0},"java":{"insertions":68,"deletions":24}}},{"hash":"ade20ea3ba7efad8f1ae30384ee53a6bd84862a6","messageTitle":"Level-8","messageBody":"","fileTypesAndContributionMap":{"java":{"insertions":25,"deletions":10}}}]},{"date":"2022-08-28","commitResults":[{"hash":"28b57e9f261208fa846df5e10926cbb4e626f501","messageTitle":"A-MoreOOP","messageBody":"","fileTypesAndContributionMap":{"txt":{"insertions":2,"deletions":4},"java":{"insertions":494,"deletions":308},"md":{"insertions":2,"deletions":2}}}]}]},"authorFileTypeContributionMap":{"turretDive":{"java":580,"md":2,"fxml":0,"sh":0,"bat":3,"gradle":0,"txt":4}},"authorContributionVariance":{"turretDive":42859.99},"authorDisplayNameMap":{"turretDive":"CS2103T-T08-3 AARO.. JUN"}}
