{"authorDailyContributionsMap":{"ketamethane":[{"date":"2022-08-17","commitResults":[{"hash":"74c9797e3d49d27fa52d809a4aff09c840d946a6","messageTitle":"Add Level-1","messageBody":"","tags":["Level-1"],"fileTypesAndContributionMap":{"java":{"insertions":23,"deletions":6}}},{"hash":"b34b42cd670847b24f208ca18997aeb188374e5c","messageTitle":"Add level-2","messageBody":"","tags":["Level-2"],"fileTypesAndContributionMap":{"java":{"insertions":23,"deletions":2}}},{"hash":"00c50ac65b0d38f6af8eaa386ac6e24606313ba5","messageTitle":"Add Level-3","messageBody":"","tags":["Level-3"],"fileTypesAndContributionMap":{"java":{"insertions":64,"deletions":9}}}]},{"date":"2022-08-18","commitResults":[{"hash":"dc13ae079b6deb2d992cc47af65a374875ed523b","messageTitle":"Add Level-4","messageBody":"","tags":["Level-4"],"fileTypesAndContributionMap":{"java":{"insertions":83,"deletions":6}}},{"hash":"03192da08dd2893416ac0bb83165eb9b3962e366","messageTitle":"Add level-5 and level-6","messageBody":"","tags":["Level-6","Level-5"],"fileTypesAndContributionMap":{"java":{"insertions":52,"deletions":4}}},{"hash":"0f8f256980794b25acd2e9b44372ac39ac288222","messageTitle":"Add A-TextUiTesting","messageBody":"","tags":["A-TextUiTesting"],"fileTypesAndContributionMap":{"txt":{"insertions":8,"deletions":0},"java":{"insertions":57,"deletions":53}}}]},{"date":"2022-08-25","commitResults":[{"hash":"ea3deadae861e035c4e9da10599fb91a1fee7145","messageTitle":"Add Level-7","messageBody":"","tags":["Level-7"],"fileTypesAndContributionMap":{"txt":{"insertions":5,"deletions":0},"java":{"insertions":151,"deletions":6}}},{"hash":"e76bde8ae53843f68439d58eee68304d4f50294f","messageTitle":"Add Level-8","messageBody":"","tags":["Level-8"],"fileTypesAndContributionMap":{"txt":{"insertions":2,"deletions":1},"java":{"insertions":86,"deletions":7}}}]},{"date":"2022-08-26","commitResults":[{"hash":"b5811f4ea12ee22fabed033be7fe11f287b09ae5","messageTitle":"Add A-MoreOOP and A-Packages","messageBody":"","tags":["A-Packages","A-MoreOOP"],"fileTypesAndContributionMap":{"java":{"insertions":520,"deletions":344}}},{"hash":"e1a160afb7db02c9db5bee9b8e2d352521ab12b8","messageTitle":"Add A-Gradle","messageBody":"","tags":["A-Gradle"],"fileTypesAndContributionMap":{"gradle":{"insertions":6,"deletions":0},"java":{"insertions":6,"deletions":0}}},{"hash":"d33e74aab2013c791d2dfd8e5262bcded51d22f0","messageTitle":"Add A-JUnit and rename package","messageBody":"","tags":["A-JUnit"],"fileTypesAndContributionMap":{"txt":{"insertions":4,"deletions":1},"java":{"insertions":77,"deletions":37}}},{"hash":"af9be44d1856ee2708feb7244d6d64132055ba76","messageTitle":"Add A-JavaDoc","messageBody":"","tags":["A-JavaDoc"],"fileTypesAndContributionMap":{"java":{"insertions":164,"deletions":28}}},{"hash":"dba558958e5049849e98d5df13e9a7fb1b3df403","messageTitle":"Add A-CodingStandard","messageBody":"","tags":["A-CodingStandard"],"fileTypesAndContributionMap":{"java":{"insertions":32,"deletions":23}}},{"hash":"76bb3ba80cdefd29fe9c7fc2d79aedc2681e0fbf","messageTitle":"Add Level-9","messageBody":"","tags":["Level-9"],"fileTypesAndContributionMap":{"java":{"insertions":27,"deletions":0}}}]},{"date":"2022-09-02","commitResults":[{"hash":"41a6a66c5b94af2d1643d173d258ea2a849ba9a6","messageTitle":"Add Level-10","messageBody":"","tags":["Level-10"],"fileTypesAndContributionMap":{"gradle":{"insertions":15,"deletions":0},"txt":{"insertions":3,"deletions":1},"fxml":{"insertions":37,"deletions":0},"java":{"insertions":503,"deletions":67}}}]},{"date":"2022-09-09","commitResults":[{"hash":"a7aa1d160f7cd4ab46ab1f3f48ad37e648d75880","messageTitle":"Update Jar file","messageBody":"","fileTypesAndContributionMap":{"gradle":{"insertions":1,"deletions":1}}},{"hash":"21a543dae0b3edd140b05a70e344eff5678b1fc0","messageTitle":"Add A-Assertions","messageBody":"","tags":["A-Assertions"],"fileTypesAndContributionMap":{"txt":{"insertions":0,"deletions":1},"java":{"insertions":7,"deletions":0}}},{"hash":"79dd4cc539fb144c91e68255e64bc6cff361638d","messageTitle":"Add A-CodeQuality","messageBody":"Currently, there is a lot of dead code (e.g. print statements)\n\nRemove dead code\n\nCurrently, addTask() in TaskList.java is a bit clutter, with 2 levels of\nabstraction.\n\nExtract functions within the switch cases to 3 separate functions\n","tags":["A-FullCommitMessage"],"fileTypesAndContributionMap":{"java":{"insertions":77,"deletions":83}}}]},{"date":"2022-09-10","commitResults":[{"hash":"b5734dddd7eb1c614d3846075baed41ae978059d","messageTitle":"Add BCD-Extension","messageBody":"","tags":["BCD-Extension","B-Snooze"],"fileTypesAndContributionMap":{"txt":{"insertions":7,"deletions":5},"java":{"insertions":118,"deletions":38}}}]},{"date":"2022-09-14","commitResults":[{"hash":"3c08e22c25bdb0b794c9753de5b1af4d79a9b4d8","messageTitle":"Update README.md","messageBody":"","fileTypesAndContributionMap":{"md":{"insertions":101,"deletions":4}}},{"hash":"c814a601f93978e50122e19fe8dcea3a7b7cc91f","messageTitle":"Update README.md","messageBody":"","fileTypesAndContributionMap":{"md":{"insertions":0,"deletions":19}}}]}]},"authorFileTypeContributionMap":{"ketamethane":{"java":1396,"md":92,"fxml":37,"sh":0,"bat":0,"gradle":22,"txt":18}},"authorContributionVariance":{"ketamethane":57676.797},"authorDisplayNameMap":{"ketamethane":"CS2103T-T08-4 TAN ..RYAN"}}
