{"authorDailyContributionsMap":{"ketamethane":[{"date":"2022-08-17","commitResults":[{"hash":"74c9797e3d49d27fa52d809a4aff09c840d946a6","messageTitle":"Add Level-1","messageBody":"","tags":["Level-1"],"fileTypesAndContributionMap":{"java":{"insertions":23,"deletions":6}}},{"hash":"b34b42cd670847b24f208ca18997aeb188374e5c","messageTitle":"Add level-2","messageBody":"","tags":["Level-2"],"fileTypesAndContributionMap":{"java":{"insertions":23,"deletions":2}}},{"hash":"00c50ac65b0d38f6af8eaa386ac6e24606313ba5","messageTitle":"Add Level-3","messageBody":"","tags":["Level-3"],"fileTypesAndContributionMap":{"java":{"insertions":64,"deletions":9}}}]},{"date":"2022-08-18","commitResults":[{"hash":"dc13ae079b6deb2d992cc47af65a374875ed523b","messageTitle":"Add Level-4","messageBody":"","tags":["Level-4"],"fileTypesAndContributionMap":{"java":{"insertions":83,"deletions":6}}},{"hash":"03192da08dd2893416ac0bb83165eb9b3962e366","messageTitle":"Add level-5 and level-6","messageBody":"","tags":["Level-6","Level-5"],"fileTypesAndContributionMap":{"java":{"insertions":52,"deletions":4}}},{"hash":"0f8f256980794b25acd2e9b44372ac39ac288222","messageTitle":"Add A-TextUiTesting","messageBody":"","tags":["A-TextUiTesting"],"fileTypesAndContributionMap":{"txt":{"insertions":8,"deletions":0},"java":{"insertions":57,"deletions":53}}}]}]},"authorFileTypeContributionMap":{"ketamethane":{"java":227,"md":0,"fxml":0,"sh":0,"bat":0,"gradle":0,"txt":8}},"authorContributionVariance":{"ketamethane":9081.347},"authorDisplayNameMap":{"ketamethane":"CS2103T-T08-4 TAN ..RYAN"}}
