{"authorDailyContributionsMap":{"chantellyu":[{"date":"2022-08-16","commitResults":[{"hash":"e14f2b43924042c95e2bf7807c942fba7db98c4a","messageTitle":"Add Greet, Echo, Exit","messageBody":"","tags":["Level-1"],"fileTypesAndContributionMap":{"java":{"insertions":14,"deletions":0}}}]},{"date":"2022-08-18","commitResults":[{"hash":"6708e2fe3644c9e928ac35c9c0a5163a946d1a32","messageTitle":"Add Add, List","messageBody":"","tags":["Level-2"],"fileTypesAndContributionMap":{"java":{"insertions":26,"deletions":9}}}]},{"date":"2022-08-19","commitResults":[{"hash":"2e5ce8778e568a417a4f3543bc3c36d9af922b1c","messageTitle":"Add Mark as Done","messageBody":"","tags":["Level-3"],"fileTypesAndContributionMap":{"java":{"insertions":50,"deletions":4}}},{"hash":"5657a3ba4110785893c345a0316fa6f889095b69","messageTitle":"Add ToDos, Events, Deadlines","messageBody":"","tags":["Level-4"],"fileTypesAndContributionMap":{"java":{"insertions":81,"deletions":0}}},{"hash":"8a99e43dfd230516196bea640516eec62e918e48","messageTitle":"Add Automated Text UI Testing and Handle Errors","messageBody":"","tags":["Level-5","A-TextUiTesting"],"fileTypesAndContributionMap":{"txt":{"insertions":7,"deletions":0},"java":{"insertions":75,"deletions":43}}},{"hash":"75bc783956e1488a02bd8b925ecd0d4f52b52bb1","messageTitle":"Add Delete","messageBody":"","tags":["Level-6"],"fileTypesAndContributionMap":{"txt":{"insertions":1,"deletions":0},"java":{"insertions":14,"deletions":2}}}]},{"date":"2022-08-24","commitResults":[{"hash":"47581d6dab4c3babc6cf607cf53d6bfae616af70","messageTitle":"Add packages tasks and dukeexceptions","messageBody":"","tags":["A-Packages"],"fileTypesAndContributionMap":{"java":{"insertions":48,"deletions":22}}}]},{"date":"2022-08-26","commitResults":[{"hash":"256c0a44a128dc8415ea26b9669dcf204d777cfa","messageTitle":"Add more OOP and abstract out Commands","messageBody":"","fileTypesAndContributionMap":{"java":{"insertions":287,"deletions":94}}},{"hash":"9264d0d8550ebde9172bb62704de26220a857915","messageTitle":"Add Save","messageBody":"","tags":["Level-7"],"fileTypesAndContributionMap":{"txt":{"insertions":5,"deletions":0},"java":{"insertions":129,"deletions":14}}},{"hash":"16ca6a0f4eae3078b8eaae2afef6d119a97203b0","messageTitle":"Add Dates and Times","messageBody":"","tags":["Level-8"],"fileTypesAndContributionMap":{"java":{"insertions":14,"deletions":6}}},{"hash":"d954f6bb3960294b360a03cd7f44b11e411101c2","messageTitle":"Add more OOP","messageBody":"","tags":["A-MoreOOP"],"fileTypesAndContributionMap":{"java":{"insertions":103,"deletions":61}}},{"hash":"ffb300cb7b8c817dce6069ab54ef7f2a576ceda9","messageTitle":"Add JUnit Tests","messageBody":"","tags":["A-Jar","A-JUnit"],"fileTypesAndContributionMap":{"java":{"insertions":30,"deletions":0}}},{"hash":"09ef1ee2bdf46c308d3089123e3fdf672412050d","messageTitle":"JavaDoc","messageBody":"","tags":["A-JavaDoc"],"fileTypesAndContributionMap":{"java":{"insertions":149,"deletions":4}}},{"hash":"dcdbafdafc1915cc24de2c73f24472fa51b7111c","messageTitle":"Follow the Coding Standard","messageBody":"","tags":["A-CodingStandard"],"fileTypesAndContributionMap":{"txt":{"insertions":2,"deletions":1},"java":{"insertions":109,"deletions":56}}},{"hash":"8c819e6f85e6ebdd994a8cef08a7e09f632b5341","messageTitle":"Add Find","messageBody":"","tags":["Level-9"],"fileTypesAndContributionMap":{"java":{"insertions":68,"deletions":32}}}]},{"date":"2022-08-27","commitResults":[{"hash":"2155343ac9878c8de41346823f16d8a409d0f054","messageTitle":"Follow the Coding Standard","messageBody":"","fileTypesAndContributionMap":{"java":{"insertions":130,"deletions":78}}},{"hash":"eb0d6b905ba4fffdfcc19e14607d15ce15bb1128","messageTitle":"Add Find","messageBody":"","fileTypesAndContributionMap":{"java":{"insertions":44,"deletions":1}}}]},{"date":"2022-09-02","commitResults":[{"hash":"6e85ee63e478edd9358fb22827936ebf976bf54a","messageTitle":"Update README.md","messageBody":"","fileTypesAndContributionMap":{"md":{"insertions":31,"deletions":24}}},{"hash":"39cd03f2e180683956a41ba3e9262534394e04b4","messageTitle":"Update README.md","messageBody":"","fileTypesAndContributionMap":{"md":{"insertions":3,"deletions":3}}},{"hash":"c318a504d62ecf61b0835ecc72d7685ff158e72d","messageTitle":"Update README.md","messageBody":"","fileTypesAndContributionMap":{"md":{"insertions":5,"deletions":3}}},{"hash":"dcae17d7e12c834e34a4dfbba6e5ceebf293f077","messageTitle":"Update README.md","messageBody":"","fileTypesAndContributionMap":{"md":{"insertions":3,"deletions":3}}},{"hash":"af6b93f6aa19d0374a9e6ed6606a812fe2b09dd8","messageTitle":"Update README.md","messageBody":"","fileTypesAndContributionMap":{"md":{"insertions":1,"deletions":1}}},{"hash":"2c982213756a1af85e3ef7d848cb2d8a50e865eb","messageTitle":"Update README.md","messageBody":"","fileTypesAndContributionMap":{"md":{"insertions":1,"deletions":1}}}]}]},"authorFileTypeContributionMap":{"chantellyu":{"java":868,"md":28,"fxml":0,"sh":0,"bat":0,"gradle":0,"txt":14}},"authorContributionVariance":{"chantellyu":61158.363},"authorDisplayNameMap":{"chantellyu":"CS2103T-T11-2 YU K..TELL"}}
