{"authorDailyContributionsMap":{"chantellyu":[{"date":"2022-08-16","commitResults":[{"hash":"e14f2b43924042c95e2bf7807c942fba7db98c4a","messageTitle":"Add Greet, Echo, Exit","messageBody":"","tags":["Level-1"],"fileTypesAndContributionMap":{"java":{"insertions":14,"deletions":0}}}]},{"date":"2022-08-18","commitResults":[{"hash":"6708e2fe3644c9e928ac35c9c0a5163a946d1a32","messageTitle":"Add Add, List","messageBody":"","tags":["Level-2"],"fileTypesAndContributionMap":{"java":{"insertions":26,"deletions":9}}}]},{"date":"2022-08-19","commitResults":[{"hash":"2e5ce8778e568a417a4f3543bc3c36d9af922b1c","messageTitle":"Add Mark as Done","messageBody":"","tags":["Level-3"],"fileTypesAndContributionMap":{"java":{"insertions":50,"deletions":4}}},{"hash":"5657a3ba4110785893c345a0316fa6f889095b69","messageTitle":"Add ToDos, Events, Deadlines","messageBody":"","tags":["Level-4"],"fileTypesAndContributionMap":{"java":{"insertions":81,"deletions":0}}},{"hash":"8a99e43dfd230516196bea640516eec62e918e48","messageTitle":"Add Automated Text UI Testing and Handle Errors","messageBody":"","tags":["Level-5","A-TextUiTesting"],"fileTypesAndContributionMap":{"txt":{"insertions":7,"deletions":0},"java":{"insertions":75,"deletions":43}}},{"hash":"75bc783956e1488a02bd8b925ecd0d4f52b52bb1","messageTitle":"Add Delete","messageBody":"","tags":["Level-6"],"fileTypesAndContributionMap":{"txt":{"insertions":1,"deletions":0},"java":{"insertions":14,"deletions":2}}}]},{"date":"2022-08-24","commitResults":[{"hash":"47581d6dab4c3babc6cf607cf53d6bfae616af70","messageTitle":"Add packages tasks and dukeexceptions","messageBody":"","tags":["A-Packages"],"fileTypesAndContributionMap":{"java":{"insertions":48,"deletions":22}}}]},{"date":"2022-08-26","commitResults":[{"hash":"256c0a44a128dc8415ea26b9669dcf204d777cfa","messageTitle":"Add more OOP and abstract out Commands","messageBody":"","fileTypesAndContributionMap":{"java":{"insertions":287,"deletions":94}}},{"hash":"9264d0d8550ebde9172bb62704de26220a857915","messageTitle":"Add Save","messageBody":"","tags":["Level-7"],"fileTypesAndContributionMap":{"txt":{"insertions":5,"deletions":0},"java":{"insertions":129,"deletions":14}}},{"hash":"16ca6a0f4eae3078b8eaae2afef6d119a97203b0","messageTitle":"Add Dates and Times","messageBody":"","tags":["Level-8"],"fileTypesAndContributionMap":{"java":{"insertions":14,"deletions":6}}},{"hash":"d954f6bb3960294b360a03cd7f44b11e411101c2","messageTitle":"Add more OOP","messageBody":"","tags":["A-MoreOOP"],"fileTypesAndContributionMap":{"java":{"insertions":103,"deletions":61}}},{"hash":"ffb300cb7b8c817dce6069ab54ef7f2a576ceda9","messageTitle":"Add JUnit Tests","messageBody":"","tags":["A-Jar","A-JUnit"],"fileTypesAndContributionMap":{"java":{"insertions":30,"deletions":0}}},{"hash":"09ef1ee2bdf46c308d3089123e3fdf672412050d","messageTitle":"JavaDoc","messageBody":"","tags":["A-JavaDoc"],"fileTypesAndContributionMap":{"java":{"insertions":149,"deletions":4}}},{"hash":"dcdbafdafc1915cc24de2c73f24472fa51b7111c","messageTitle":"Follow the Coding Standard","messageBody":"","tags":["A-CodingStandard"],"fileTypesAndContributionMap":{"txt":{"insertions":2,"deletions":1},"java":{"insertions":109,"deletions":56}}},{"hash":"8c819e6f85e6ebdd994a8cef08a7e09f632b5341","messageTitle":"Add Find","messageBody":"","tags":["Level-9"],"fileTypesAndContributionMap":{"java":{"insertions":68,"deletions":32}}}]},{"date":"2022-08-27","commitResults":[{"hash":"2155343ac9878c8de41346823f16d8a409d0f054","messageTitle":"Follow the Coding Standard","messageBody":"","fileTypesAndContributionMap":{"java":{"insertions":130,"deletions":78}}},{"hash":"eb0d6b905ba4fffdfcc19e14607d15ce15bb1128","messageTitle":"Add Find","messageBody":"","fileTypesAndContributionMap":{"java":{"insertions":44,"deletions":1}}}]},{"date":"2022-09-02","commitResults":[{"hash":"6e85ee63e478edd9358fb22827936ebf976bf54a","messageTitle":"Update README.md","messageBody":"","fileTypesAndContributionMap":{"md":{"insertions":31,"deletions":24}}},{"hash":"39cd03f2e180683956a41ba3e9262534394e04b4","messageTitle":"Update README.md","messageBody":"","fileTypesAndContributionMap":{"md":{"insertions":3,"deletions":3}}},{"hash":"c318a504d62ecf61b0835ecc72d7685ff158e72d","messageTitle":"Update README.md","messageBody":"","fileTypesAndContributionMap":{"md":{"insertions":5,"deletions":3}}},{"hash":"dcae17d7e12c834e34a4dfbba6e5ceebf293f077","messageTitle":"Update README.md","messageBody":"","fileTypesAndContributionMap":{"md":{"insertions":3,"deletions":3}}},{"hash":"af6b93f6aa19d0374a9e6ed6606a812fe2b09dd8","messageTitle":"Update README.md","messageBody":"","fileTypesAndContributionMap":{"md":{"insertions":1,"deletions":1}}},{"hash":"2c982213756a1af85e3ef7d848cb2d8a50e865eb","messageTitle":"Update README.md","messageBody":"","fileTypesAndContributionMap":{"md":{"insertions":1,"deletions":1}}},{"hash":"14c89861a021486f828f23f18fce2775aa8b536a","messageTitle":"Add GUI","messageBody":"","tags":["Level-10"],"fileTypesAndContributionMap":{"gradle":{"insertions":18,"deletions":1},"txt":{"insertions":2,"deletions":6},"fxml":{"insertions":35,"deletions":0},"java":{"insertions":245,"deletions":116}}}]},{"date":"2022-09-09","commitResults":[{"hash":"ce0f90f275e28714f40266655b1da230f0ee2bd4","messageTitle":"Add padding to chatbot","messageBody":"","fileTypesAndContributionMap":{"fxml":{"insertions":8,"deletions":1}}},{"hash":"89eae31d4fcb287e022af762d066fac151bbc2ba","messageTitle":"Add assertions","messageBody":"Assertions define assumptions about the function calls so the runtime can verify them.\n","tags":["A-Assertions"],"fileTypesAndContributionMap":{"java":{"insertions":5,"deletions":0}}},{"hash":"9d204023f3e656f81c9bbd67cbd4086e9f5e9ccb","messageTitle":"Improve code quality","messageBody":"- Deleted unnecessary import statements\n- Fixed typos in JavaDoc\n- Restructured code to avoid lengthy methods\n- Abstracted further to improve clarity\n","tags":["A-CodeQuality"],"fileTypesAndContributionMap":{"java":{"insertions":80,"deletions":52}}},{"hash":"d57f64f8f46971b4c5868f7944a87f8f50a46f2b","messageTitle":"Add C-Statistics","messageBody":"","fileTypesAndContributionMap":{"java":{"insertions":30,"deletions":11}}},{"hash":"f1aa16d2e8a5d42a56b280d130ddd79fec071425","messageTitle":"Revert \"Add C-Statistics\"","messageBody":"This reverts commit d57f64f8f46971b4c5868f7944a87f8f50a46f2b.\n","fileTypesAndContributionMap":{"java":{"insertions":11,"deletions":30}}},{"hash":"d6b84778ae77e22ce33fe578141f48bd2226b985","messageTitle":"Add C-Statistics","messageBody":"The only way to track tasks done is to look at the entire tasklist via\nthe list command.\n\nProviding a statistics command allows users to further break down their\ntasklist.\n\nLet\u0027s create a statistics command that shows users the tasks they have\ncompleted and the tasks currently left incomplete.\n","tags":["BCD-Extension","A-FullCommitMessage"],"fileTypesAndContributionMap":{"java":{"insertions":30,"deletions":11}}},{"hash":"d5a301421aeeace3487bde769c9f394982434f0b","messageTitle":"Fix JavaDoc comments","messageBody":"","fileTypesAndContributionMap":{"java":{"insertions":97,"deletions":18}}}]},{"date":"2022-09-15","commitResults":[{"hash":"73b6263ac3aab0f48910fc7766e4aa84fa9695cf","messageTitle":"Fix Storage issues","messageBody":"Storage does not store updated marked status of tasks if the command\nmark or unmark is used.\n\nLet\u0027s,\n* allow todos, deadlines and events to have the ability to change the\ncompletion status in the Task class.\n*  change the string representation to reflect the accurate state of the\ntask.\n","fileTypesAndContributionMap":{"java":{"insertions":85,"deletions":25}}},{"hash":"7c63dbe77a67417e260b36510aec31fed39359bb","messageTitle":"Add a unique personality","messageBody":"","tags":["A-Personality"],"fileTypesAndContributionMap":{"fxml":{"insertions":23,"deletions":5},"java":{"insertions":39,"deletions":22}}}]},{"date":"2022-09-16","commitResults":[{"hash":"4a8b6daf30de9a45d68ca3b134101d15f624c9d6","messageTitle":"Add Help Command, fix GUI","messageBody":"Chatbot does not display messages beyond 17 lines and cuts off text below.\n\nLet\u0027s change font to Courier New to fix this.\n","tags":["C-Help","A-BetterGui"],"fileTypesAndContributionMap":{"fxml":{"insertions":3,"deletions":14},"java":{"insertions":53,"deletions":15}}},{"hash":"81d60b9bca55e2607d3d4c99ce3adbc6836039ca","messageTitle":"Add a User Guide","messageBody":"","tags":["A-UserGuide"],"fileTypesAndContributionMap":{"md":{"insertions":107,"deletions":14}}},{"hash":"82770ccf7f3c46320d8f46bd884c74537ee87b2d","messageTitle":"Rename png example file to Ui.png","messageBody":"","tags":["A-Release"],"fileTypesAndContributionMap":{"md":{"insertions":13,"deletions":13}}}]},{"date":"2022-09-17","commitResults":[{"hash":"dfe9bc92e30a9b9224a86cb3f0ac0433f063660e","messageTitle":"Improve Ui, delete unneccessary code","messageBody":"","fileTypesAndContributionMap":{"java":{"insertions":22,"deletions":11}}}]}]},"authorFileTypeContributionMap":{"chantellyu":{"java":1254,"md":120,"fxml":49,"sh":0,"bat":0,"gradle":18,"txt":10}},"authorContributionVariance":{"chantellyu":46636.12},"authorDisplayNameMap":{"chantellyu":"CS2103T-T11-2 YU K..TELL"}}
