{"authorDailyContributionsMap":{"lyuting47":[{"date":"2022-08-17","commitResults":[{"hash":"8c353debbdfe8262a4419ee3ca8cb953eb6370f0","messageTitle":"Added level 1, added *.class to .gitignore","messageBody":"","tags":["Level-1"],"fileTypesAndContributionMap":{"java":{"insertions":23,"deletions":6}}},{"hash":"4c10898e45925321e887ba9ecb6236d42af9e901","messageTitle":"Added level 2","messageBody":"","tags":["Level-2"],"fileTypesAndContributionMap":{"java":{"insertions":32,"deletions":8}}},{"hash":"8c703d450b1e36439fe038a024794c96a005da8a","messageTitle":"Added level 3, implemented Task Class","messageBody":"","tags":["Level-3","A-Classes"],"fileTypesAndContributionMap":{"java":{"insertions":58,"deletions":6}}},{"hash":"d6a210f4b9fb7cb62df11400bfd5e839e6fba77a","messageTitle":"Added level 4, extended Task to implement Todo, Event and Deadline","messageBody":"","tags":["Level-4","A-Inheritance"],"fileTypesAndContributionMap":{"java":{"insertions":91,"deletions":12}}}]},{"date":"2022-08-18","commitResults":[{"hash":"380b865c7b280ca328a2edb4e1ccfbe5ee07f46a","messageTitle":"Added automatic testing","messageBody":"","tags":["A-TextUiTesting"],"fileTypesAndContributionMap":{"txt":{"insertions":8,"deletions":0},"java":{"insertions":102,"deletions":82},"bat":{"insertions":3,"deletions":2},"sh":{"insertions":1,"deletions":2}}},{"hash":"e41c2bcf12abff32f917aae64f9f8fdba3770bdb","messageTitle":"Added Level 5, implemented several DukeExceptions","messageBody":"","tags":["Level-5","A-Exceptions"],"fileTypesAndContributionMap":{"java":{"insertions":27,"deletions":0}}},{"hash":"a7ad89119847fa9df53b249c360e6b5ced68bbe1","messageTitle":"Added Level 6, used ArrayList to store tasks","messageBody":"","tags":["Level-6","A-Collections"],"fileTypesAndContributionMap":{"txt":{"insertions":12,"deletions":3},"java":{"insertions":135,"deletions":72}}}]},{"date":"2022-08-23","commitResults":[{"hash":"a0f8fac136b8df4f4431346d916101a9c8e5f91f","messageTitle":"Add Level 7, fixed missing stuff from Level 6","messageBody":"","fileTypesAndContributionMap":{"txt":{"insertions":1,"deletions":0},"java":{"insertions":163,"deletions":2}}},{"hash":"78f59719010ab71e0ff0e2220f3cbc3d68e9bc29","messageTitle":"Add Level 8","messageBody":"","fileTypesAndContributionMap":{"java":{"insertions":15,"deletions":2}}},{"hash":"ab1c5da23736bcc089e7f37939caaa12c0214e4e","messageTitle":"Fix bugs for level 7","messageBody":"","fileTypesAndContributionMap":{"txt":{"insertions":1,"deletions":1},"java":{"insertions":4,"deletions":4}}}]},{"date":"2022-08-24","commitResults":[{"hash":"e67c0c220cf45a08d44934bcda8f5311bbe1d4ab","messageTitle":"Add MoreOOP and Packages","messageBody":"","tags":["A-Packages","A-MoreOOP"],"fileTypesAndContributionMap":{"txt":{"insertions":1,"deletions":1},"java":{"insertions":474,"deletions":335}}},{"hash":"4cc174f936eda9bc6c05d9af6295cf94e6b024b4","messageTitle":"Add Gradle","messageBody":"","tags":["A-Jar","A-Gradle"],"fileTypesAndContributionMap":{"gradle":{"insertions":41,"deletions":0},"java":{"insertions":2,"deletions":0},"bat":{"insertions":103,"deletions":0}}}]},{"date":"2022-08-29","commitResults":[{"hash":"8ea2d7e09cb4916888b6e4de837d5ad43d21a644","messageTitle":"Add JUnit Tests","messageBody":"","tags":["A-JUnit"],"fileTypesAndContributionMap":{"gradle":{"insertions":1,"deletions":1},"txt":{"insertions":2,"deletions":2},"java":{"insertions":116,"deletions":0},"bat":{"insertions":1,"deletions":1}}}]},{"date":"2022-08-31","commitResults":[{"hash":"eac3a3dbbf1fd070a5d74bb491912ce078f0f55c","messageTitle":"Add JavaDoc","messageBody":"","fileTypesAndContributionMap":{"java":{"insertions":187,"deletions":60}}},{"hash":"dd52a117faedc3f49c8b25d7f6544d804bc4bf2f","messageTitle":"Improve coding standard","messageBody":"","fileTypesAndContributionMap":{"gradle":{"insertions":5,"deletions":0},"java":{"insertions":16,"deletions":15}}},{"hash":"a491637298705dd94c0dbc71dffc63038fe64a94","messageTitle":"Add Level 9","messageBody":"","fileTypesAndContributionMap":{"txt":{"insertions":0,"deletions":1},"java":{"insertions":40,"deletions":1}}},{"hash":"12fa5cac2a687bc70ba7a9be22c107e68601f5e8","messageTitle":"Add CheckStyle","messageBody":"","tags":["A-CheckStyle"],"fileTypesAndContributionMap":{"java":{"insertions":14,"deletions":11}}}]},{"date":"2022-09-03","commitResults":[{"hash":"5f11326a3d18d5c1566d10f6741dcd492c944760","messageTitle":"Add GUI for Duke","messageBody":"","tags":["Level-10"],"fileTypesAndContributionMap":{"gradle":{"insertions":15,"deletions":0},"fxml":{"insertions":43,"deletions":0},"java":{"insertions":210,"deletions":26}}}]},{"date":"2022-09-09","commitResults":[{"hash":"dfbfb29ef340003ec09cb3ffa49d3b12178f7c36","messageTitle":"Add Level 10","messageBody":"","fileTypesAndContributionMap":{"txt":{"insertions":10,"deletions":0},"fxml":{"insertions":2,"deletions":2}}}]}]},"authorFileTypeContributionMap":{"lyuting47":{"java":1079,"md":0,"fxml":43,"sh":1,"bat":107,"gradle":61,"txt":27}},"authorContributionVariance":{"lyuting47":41335.902},"authorDisplayNameMap":{"lyuting47":"CS2103T-W13-3 CHEN..TING"}}
