{"authorDailyContributionsMap":{"Prearo":[{"date":"2022-08-17","commitResults":[{"hash":"dd66efd740ea661cd63a635478e5b5ed2704649b","messageTitle":"Setup project and Level 1: Greet Echo Exit","messageBody":"","tags":["Level-1"],"fileTypesAndContributionMap":{"txt":{"insertions":18,"deletions":0},"java":{"insertions":15,"deletions":6}}}]},{"date":"2022-08-18","commitResults":[{"hash":"e8cd7ee52b3fc73465667ad301df97f68ef59704","messageTitle":"Add, List","messageBody":"","tags":["Level-2"],"fileTypesAndContributionMap":{"txt":{"insertions":4,"deletions":4},"java":{"insertions":56,"deletions":19},"bat":{"insertions":1,"deletions":1},"md":{"insertions":2,"deletions":2}}},{"hash":"4a04035ff5161c1c5903037572500a5e837005b8","messageTitle":"Mark As Done","messageBody":"","tags":["Level-3"],"fileTypesAndContributionMap":{"java":{"insertions":33,"deletions":3}}},{"hash":"1c2e689422f073ced09bcf3a3d51ead3329f50e4","messageTitle":"Todo, Event and Deadline","messageBody":"","tags":["Level-4"],"fileTypesAndContributionMap":{"java":{"insertions":84,"deletions":11}}},{"hash":"6a934c07ce9fbc582e3c380186d3d06d73c32f3d","messageTitle":"Remove package for now","messageBody":"","fileTypesAndContributionMap":{"txt":{"insertions":3,"deletions":3},"java":{"insertions":4,"deletions":16}}},{"hash":"290cd3ee68344c4f886b61ed4e0b0ac0ae1fb8e0","messageTitle":"Add many exceptions","messageBody":"","fileTypesAndContributionMap":{"java":{"insertions":150,"deletions":56}}},{"hash":"5ab3fad23f373094a895decd0a132caa8d8f775e","messageTitle":"Add remove functionality","messageBody":"","tags":["Level-6","Level-5"],"fileTypesAndContributionMap":{"java":{"insertions":13,"deletions":2}}},{"hash":"a61ef4eadbedbee9e8b208e9f0313e5e9ea323aa","messageTitle":"Setup automated testing input","messageBody":"","fileTypesAndContributionMap":{"txt":{"insertions":14,"deletions":0},"java":{"insertions":2,"deletions":2}}}]},{"date":"2022-08-23","commitResults":[{"hash":"ab25b7b3cedb5d9ecffe843f83891e734a1aedf3","messageTitle":"Separate bot driver into new class","messageBody":"","fileTypesAndContributionMap":{"java":{"insertions":2,"deletions":0}}},{"hash":"1c8ed984e7c9a5f2ebd18a5f15889582dadea188","messageTitle":"Separate Dukebot handler into individual functions","messageBody":"","fileTypesAndContributionMap":{"txt":{"insertions":13,"deletions":1},"java":{"insertions":152,"deletions":104}}},{"hash":"b920e6c11cda6e9f39925afc9320b01fff9f923e","messageTitle":"Delete unused file messages.txt","messageBody":"","fileTypesAndContributionMap":{"txt":{"insertions":0,"deletions":30}}}]},{"date":"2022-08-24","commitResults":[{"hash":"0bc7dba70d01c7e685f8bb2479ca10bd067e6091","messageTitle":"Setup gradle and split TaskList functions.","messageBody":"* Add gradle with target java version 11.\n* Shift add, remove, mark, unmark to a TaskList class.\n* Add unused Ui and Parser classes for later revision.\n","fileTypesAndContributionMap":{"gradle":{"insertions":43,"deletions":0},"java":{"insertions":70,"deletions":21},"bat":{"insertions":89,"deletions":0}}},{"hash":"333cda020c25c3c9438b2787dcc2ed26b51cee35","messageTitle":"Consolidate exceptions into one class","messageBody":"","fileTypesAndContributionMap":{"java":{"insertions":67,"deletions":109}}}]},{"date":"2022-08-25","commitResults":[{"hash":"dc0e5dc13ff312bcb49745d9ff734756acb74f74","messageTitle":"Add storage of tasks","messageBody":"","fileTypesAndContributionMap":{"gradle":{"insertions":1,"deletions":1},"txt":{"insertions":1,"deletions":0},"java":{"insertions":130,"deletions":10}}},{"hash":"4c226d86af90b79a48a875d959fb839fd4dc9804","messageTitle":"Add localDateTime support to Deadline","messageBody":"","fileTypesAndContributionMap":{"java":{"insertions":14,"deletions":1}}},{"hash":"284a2a9a855d2c66d2503edb365db009bc22ca2d","messageTitle":"Implement Ui and fix minor .gitignore errors","messageBody":"","fileTypesAndContributionMap":{"txt":{"insertions":1,"deletions":1},"java":{"insertions":52,"deletions":23}}},{"hash":"6dc6a9a0f11b17cb509117f8ca93262d2e2632ed","messageTitle":"Fix Event and Deadline splitting regex","messageBody":"","fileTypesAndContributionMap":{"java":{"insertions":2,"deletions":2}}},{"hash":"17c67a2e75f1441f61dc8ef33664359e4d4cb560","messageTitle":"Implement Parser for input","messageBody":"","tags":["A-MoreOOP"],"fileTypesAndContributionMap":{"java":{"insertions":103,"deletions":77}}},{"hash":"7b1dbe5c9e8efdcdd5564c9940f89da04a036af9","messageTitle":"Clear contents of /data/duke.txt","messageBody":"","fileTypesAndContributionMap":{"txt":{"insertions":1,"deletions":1}}},{"hash":"341defdeabb800f0abfded321351f51214be36e5","messageTitle":"Revert \"Clear contents of /data/duke.txt\"","messageBody":"This reverts commit 7b1dbe5c9e8efdcdd5564c9940f89da04a036af9.\n","fileTypesAndContributionMap":{"txt":{"insertions":1,"deletions":1}}},{"hash":"88820037068c092f17173602a059bc3cee058669","messageTitle":"Add package","messageBody":"","fileTypesAndContributionMap":{"java":{"insertions":26,"deletions":0}}},{"hash":"21bc9eaaa2dd284966874a5f0905e05fa7d73436","messageTitle":"Move files to package","messageBody":"","tags":["A-Packages","A-Gradle"],"fileTypesAndContributionMap":{"txt":{"insertions":0,"deletions":1},"java":{"insertions":0,"deletions":0}}},{"hash":"1706180f0f555606d458e4794c430fc57efd097c","messageTitle":"Add ParserTest methods","messageBody":"","tags":["A-JUnit"],"fileTypesAndContributionMap":{"java":{"insertions":28,"deletions":0}}},{"hash":"47a8d33d42bd18073be99c23f698983e3e3c3fce","messageTitle":"Setup shadowJar and build jar","messageBody":"","tags":["A-Jar"],"fileTypesAndContributionMap":{"gradle":{"insertions":1,"deletions":1}}},{"hash":"1df87c9cc078f237efdf2cf171cd19e644b5fcc8","messageTitle":"Create JavaDocs","messageBody":"","fileTypesAndContributionMap":{"java":{"insertions":133,"deletions":9}}},{"hash":"0c2fae9c5f7aa5a5d052a0e2ea43b15b6ae56ba1","messageTitle":"Update JavaDocs","messageBody":"","tags":["A-JavaDoc"],"fileTypesAndContributionMap":{"java":{"insertions":1,"deletions":1}}}]},{"date":"2022-08-26","commitResults":[{"hash":"fc03fd90027ce1e67804ca408ae4207927d47d59","messageTitle":"Reformat code to standard","messageBody":"","fileTypesAndContributionMap":{"java":{"insertions":41,"deletions":47}}},{"hash":"7422412358310fdf5aaa2b4cd4eaa11619adb022","messageTitle":"Implement find tasks in current list","messageBody":"","fileTypesAndContributionMap":{"java":{"insertions":23,"deletions":0}}},{"hash":"0a96a41eebefce3c9bd3e704472ccd854e7dfce8","messageTitle":"Add JavaDocs for find methods","messageBody":"","fileTypesAndContributionMap":{"java":{"insertions":11,"deletions":0}}}]},{"date":"2022-08-31","commitResults":[{"hash":"cee20201b53db3024edab1878ae6c8b62c315fc4","messageTitle":"Move running loop into Dukebot and rename Ui to TextUi for clarity","messageBody":"","fileTypesAndContributionMap":{"txt":{"insertions":1,"deletions":0},"java":{"insertions":22,"deletions":12}}}]},{"date":"2022-09-01","commitResults":[{"hash":"9bcd917a6cfbfd3bbae86cc69ba27b5641af93be","messageTitle":"Fix IndexOutOfBoundsException in Storage.decode()","messageBody":"","fileTypesAndContributionMap":{"gradle":{"insertions":15,"deletions":0},"java":{"insertions":3,"deletions":3}}},{"hash":"5452ff45cfb30ff4243ed4effc9ff81414fc3908","messageTitle":"Add GUI functionality","messageBody":"","fileTypesAndContributionMap":{"gradle":{"insertions":1,"deletions":1},"txt":{"insertions":2,"deletions":0},"fxml":{"insertions":37,"deletions":0},"java":{"insertions":344,"deletions":108}}},{"hash":"37222dedc02cdfa33e03a3ebff9e1bac92c47841","messageTitle":"Remove text-based UI remnants","messageBody":"","fileTypesAndContributionMap":{"java":{"insertions":222,"deletions":278}}},{"hash":"845eba4c67e696d1d227651142fdf8a53995f666","messageTitle":"Fix build.gradle entrypoint","messageBody":"","tags":["Level-10"],"fileTypesAndContributionMap":{"gradle":{"insertions":1,"deletions":1}}},{"hash":"bda30d06817a2688cb939f9c69dc522a5c2893a2","messageTitle":"Fix emojis not displaying in GUI","messageBody":"","fileTypesAndContributionMap":{"java":{"insertions":12,"deletions":6}}}]},{"date":"2022-09-08","commitResults":[{"hash":"19c03beb5840c32a0732a7c518226eeccab8d2c4","messageTitle":"Add Assertions in classes Duke and Storage","messageBody":"Storage.decode(): Under the current format for storing tasks,\nthe [type] of the task must be \"T\", \"D\", or \"E\".\nThe default case for the switch should never be reached.\n\nDuke.handleInput(): An empty input after trimming is caught\nby the UI level and gracefully ignored. The input here is\nguaranteed to not be an empty string.\n","tags":["A-Assertions"],"fileTypesAndContributionMap":{"java":{"insertions":4,"deletions":0}}},{"hash":"8959de05f5434e253d479ee6fc8c6164b4b86b49","messageTitle":"Improve code quality and handle OOB inputs","messageBody":"Duke: remove, mark and unmark should gracefully handle\nout of bounds errors instead of exiting. A handler and new\nmessage is added for this purpose.\n\nMainWindow: Separated cases to ignore inputs for\nfuture ease of editing.\n","tags":["A-FullCommitMessage"],"fileTypesAndContributionMap":{"java":{"insertions":49,"deletions":31}}},{"hash":"3441db78aa041289c65740cffd450fc8fb690d5d","messageTitle":"Change build.gradle repository to non-https","messageBody":"","fileTypesAndContributionMap":{"gradle":{"insertions":1,"deletions":1}}},{"hash":"92a3266b39880cd866c0b67f77b9c1e076d42a88","messageTitle":"Update build.gradle","messageBody":"","fileTypesAndContributionMap":{"gradle":{"insertions":3,"deletions":1}}},{"hash":"aac2c29f5bec06bf6305236213d6cf174273c28e","messageTitle":"Add ability to remove multiple tasks","messageBody":"","fileTypesAndContributionMap":{"gradle":{"insertions":1,"deletions":3},"txt":{"insertions":0,"deletions":3},"java":{"insertions":49,"deletions":21}}}]}]},"authorFileTypeContributionMap":{"Prearo":{"java":963,"md":2,"fxml":37,"sh":0,"bat":90,"gradle":58,"txt":14}},"authorContributionVariance":{"Prearo":57941.594},"authorDisplayNameMap":{"Prearo":"CS2103T-W11-1 KOH .. HUI"}}
