{"authorDailyContributionsMap":{"Prearo":[{"date":"2022-08-17","commitResults":[{"hash":"dd66efd740ea661cd63a635478e5b5ed2704649b","messageTitle":"Setup project and Level 1: Greet Echo Exit","messageBody":"","tags":["Level-1"],"fileTypesAndContributionMap":{"txt":{"insertions":18,"deletions":0},"java":{"insertions":15,"deletions":6}}}]},{"date":"2022-08-18","commitResults":[{"hash":"e8cd7ee52b3fc73465667ad301df97f68ef59704","messageTitle":"Add, List","messageBody":"","tags":["Level-2"],"fileTypesAndContributionMap":{"txt":{"insertions":4,"deletions":4},"java":{"insertions":56,"deletions":19},"bat":{"insertions":1,"deletions":1},"md":{"insertions":2,"deletions":2}}},{"hash":"4a04035ff5161c1c5903037572500a5e837005b8","messageTitle":"Mark As Done","messageBody":"","tags":["Level-3"],"fileTypesAndContributionMap":{"java":{"insertions":33,"deletions":3}}},{"hash":"1c2e689422f073ced09bcf3a3d51ead3329f50e4","messageTitle":"Todo, Event and Deadline","messageBody":"","tags":["Level-4"],"fileTypesAndContributionMap":{"java":{"insertions":84,"deletions":11}}},{"hash":"6a934c07ce9fbc582e3c380186d3d06d73c32f3d","messageTitle":"Remove package for now","messageBody":"","fileTypesAndContributionMap":{"txt":{"insertions":3,"deletions":3},"java":{"insertions":4,"deletions":16}}},{"hash":"290cd3ee68344c4f886b61ed4e0b0ac0ae1fb8e0","messageTitle":"Add many exceptions","messageBody":"","fileTypesAndContributionMap":{"java":{"insertions":150,"deletions":56}}},{"hash":"5ab3fad23f373094a895decd0a132caa8d8f775e","messageTitle":"Add remove functionality","messageBody":"","tags":["Level-6","Level-5"],"fileTypesAndContributionMap":{"java":{"insertions":13,"deletions":2}}},{"hash":"a61ef4eadbedbee9e8b208e9f0313e5e9ea323aa","messageTitle":"Setup automated testing input","messageBody":"","fileTypesAndContributionMap":{"txt":{"insertions":14,"deletions":0},"java":{"insertions":2,"deletions":2}}}]}]},"authorFileTypeContributionMap":{"Prearo":{"java":249,"md":2,"fxml":0,"sh":0,"bat":1,"gradle":0,"txt":32}},"authorContributionVariance":{"Prearo":28217.264},"authorDisplayNameMap":{"Prearo":"CS2103T-W11-1 KOH .. HUI"}}
