{"authorDailyContributionsMap":{"Kennethsim2000":[{"date":"2022-08-17","commitResults":[{"hash":"a3872a9a4c2472dae8b872a8e4740d40a4a0d1ac","messageTitle":"Completed level 1","messageBody":"","tags":["Level-1"],"fileTypesAndContributionMap":{"java":{"insertions":20,"deletions":6}}},{"hash":"2371e834dee3b08fad26f120bd1fe9ebbee650cf","messageTitle":"completed level 2","messageBody":"","tags":["Level-2"],"fileTypesAndContributionMap":{"java":{"insertions":15,"deletions":3}}},{"hash":"04f55356537b8326b7de125cede2e924eadf6af0","messageTitle":"Completed level 3","messageBody":"","tags":["Level-3"],"fileTypesAndContributionMap":{"java":{"insertions":32,"deletions":4}}},{"hash":"70dceb0417d1204cb0089f653a7c5924480ebf5c","messageTitle":"Completed level 4","messageBody":"","tags":["Level-4"],"fileTypesAndContributionMap":{"java":{"insertions":100,"deletions":15}}}]},{"date":"2022-08-18","commitResults":[{"hash":"27b42f30dceaaf1d4e88f94a934fdebfe8fe072a","messageTitle":"Level 5-handle error done","messageBody":"","tags":["Level-5"],"fileTypesAndContributionMap":{"txt":{"insertions":1,"deletions":0},"java":{"insertions":46,"deletions":27},"bat":{"insertions":2,"deletions":0}}},{"hash":"d086419010415a52eb777d2a21fcfb9a4b1f4fbb","messageTitle":"Completed level 6","messageBody":"","tags":["Level-6"],"fileTypesAndContributionMap":{"java":{"insertions":11,"deletions":9}}},{"hash":"4de742093329b1e98108c59a0a854200e47fcd53","messageTitle":"edited level 6","messageBody":"","fileTypesAndContributionMap":{"java":{"insertions":10,"deletions":0}}},{"hash":"9dfc017ac83ccff2eeefc999f99bc26777155309","messageTitle":"cleaned up code","messageBody":"","fileTypesAndContributionMap":{"java":{"insertions":3,"deletions":12}}}]},{"date":"2022-08-22","commitResults":[{"hash":"83e2111a1553185a76b28c5c41c09fa62e7cc510","messageTitle":"Complete Level-7","messageBody":"","fileTypesAndContributionMap":{"java":{"insertions":64,"deletions":14}}},{"hash":"8f244c154c4e9a50e84afa50623960254c70bcf4","messageTitle":"Complete Level-8","messageBody":"","fileTypesAndContributionMap":{"java":{"insertions":20,"deletions":9}}},{"hash":"f35de755a75aa90c4b924cb8f2593aba6a77ed34","messageTitle":"Remove comments","messageBody":"","fileTypesAndContributionMap":{"java":{"insertions":0,"deletions":2}}},{"hash":"fbb1df0cc4975edc679c52b01ec3c5227df4c975","messageTitle":"Complete Level-8","messageBody":"","tags":["Level-8"],"fileTypesAndContributionMap":{"java":{"insertions":15,"deletions":8}}}]},{"date":"2022-08-23","commitResults":[{"hash":"f7cdcd315f8afa3d371bc5759da351f24e46a618","messageTitle":"Extract Duke.java into 4 classes Parser.java Storage.java TaskList.java Ui.java","messageBody":"","tags":["A-MoreOOP"],"fileTypesAndContributionMap":{"java":{"insertions":245,"deletions":137}}}]},{"date":"2022-08-24","commitResults":[{"hash":"f63e61d41561f1665e0ed7652047f5136d2f077d","messageTitle":"Add gradle","messageBody":"","tags":["A-Gradle"],"fileTypesAndContributionMap":{"gradle":{"insertions":41,"deletions":0},"bat":{"insertions":89,"deletions":0}}},{"hash":"e63593f8cbbd9e9d3a6041d89d7422779c62a291","messageTitle":"Organize classes into packages","messageBody":"","tags":["A-Packages"],"fileTypesAndContributionMap":{"java":{"insertions":66,"deletions":10}}}]},{"date":"2022-08-25","commitResults":[{"hash":"c5d5b6df006395b6282f04df3ad33ab9487f92a7","messageTitle":"Add Search functionality","messageBody":"","fileTypesAndContributionMap":{"java":{"insertions":85,"deletions":2}}},{"hash":"304ac374c0859f354438dea4780ae4b4554c807f","messageTitle":"Add mark and unmark","messageBody":"","tags":["Level-9"],"fileTypesAndContributionMap":{"java":{"insertions":33,"deletions":6}}},{"hash":"6e84b6fbd708d12f48e2f271ad6885403d79f9f4","messageTitle":"Edit code standard","messageBody":"","tags":["A-CodingStandard"],"fileTypesAndContributionMap":{"txt":{"insertions":10,"deletions":0},"java":{"insertions":127,"deletions":115}}}]}]},"authorFileTypeContributionMap":{"Kennethsim2000":{"java":513,"md":0,"fxml":0,"sh":0,"bat":91,"gradle":41,"txt":11}},"authorContributionVariance":{"Kennethsim2000":18465.715},"authorDisplayNameMap":{"Kennethsim2000":"CS2103T-F12-2 SIM ..NETH"}}
