{"authorDailyContributionsMap":{"Kennethsim2000":[{"date":"2022-08-17","commitResults":[{"hash":"a3872a9a4c2472dae8b872a8e4740d40a4a0d1ac","messageTitle":"Completed level 1","messageBody":"","tags":["Level-1"],"fileTypesAndContributionMap":{"java":{"insertions":20,"deletions":6}}},{"hash":"2371e834dee3b08fad26f120bd1fe9ebbee650cf","messageTitle":"completed level 2","messageBody":"","tags":["Level-2"],"fileTypesAndContributionMap":{"java":{"insertions":15,"deletions":3}}},{"hash":"04f55356537b8326b7de125cede2e924eadf6af0","messageTitle":"Completed level 3","messageBody":"","tags":["Level-3"],"fileTypesAndContributionMap":{"java":{"insertions":32,"deletions":4}}},{"hash":"70dceb0417d1204cb0089f653a7c5924480ebf5c","messageTitle":"Completed level 4","messageBody":"","tags":["Level-4"],"fileTypesAndContributionMap":{"java":{"insertions":100,"deletions":15}}}]},{"date":"2022-08-18","commitResults":[{"hash":"27b42f30dceaaf1d4e88f94a934fdebfe8fe072a","messageTitle":"Level 5-handle error done","messageBody":"","tags":["Level-5"],"fileTypesAndContributionMap":{"txt":{"insertions":1,"deletions":0},"java":{"insertions":46,"deletions":27},"bat":{"insertions":2,"deletions":0}}},{"hash":"d086419010415a52eb777d2a21fcfb9a4b1f4fbb","messageTitle":"Completed level 6","messageBody":"","tags":["Level-6"],"fileTypesAndContributionMap":{"java":{"insertions":11,"deletions":9}}},{"hash":"4de742093329b1e98108c59a0a854200e47fcd53","messageTitle":"edited level 6","messageBody":"","fileTypesAndContributionMap":{"java":{"insertions":10,"deletions":0}}},{"hash":"9dfc017ac83ccff2eeefc999f99bc26777155309","messageTitle":"cleaned up code","messageBody":"","fileTypesAndContributionMap":{"java":{"insertions":3,"deletions":12}}}]},{"date":"2022-08-22","commitResults":[{"hash":"83e2111a1553185a76b28c5c41c09fa62e7cc510","messageTitle":"Complete Level-7","messageBody":"","fileTypesAndContributionMap":{"java":{"insertions":64,"deletions":14}}},{"hash":"8f244c154c4e9a50e84afa50623960254c70bcf4","messageTitle":"Complete Level-8","messageBody":"","fileTypesAndContributionMap":{"java":{"insertions":20,"deletions":9}}},{"hash":"f35de755a75aa90c4b924cb8f2593aba6a77ed34","messageTitle":"Remove comments","messageBody":"","fileTypesAndContributionMap":{"java":{"insertions":0,"deletions":2}}},{"hash":"fbb1df0cc4975edc679c52b01ec3c5227df4c975","messageTitle":"Complete Level-8","messageBody":"","tags":["Level-8"],"fileTypesAndContributionMap":{"java":{"insertions":15,"deletions":8}}}]},{"date":"2022-08-23","commitResults":[{"hash":"f7cdcd315f8afa3d371bc5759da351f24e46a618","messageTitle":"Extract Duke.java into 4 classes Parser.java Storage.java TaskList.java Ui.java","messageBody":"","tags":["A-MoreOOP"],"fileTypesAndContributionMap":{"java":{"insertions":245,"deletions":137}}}]},{"date":"2022-08-24","commitResults":[{"hash":"f63e61d41561f1665e0ed7652047f5136d2f077d","messageTitle":"Add gradle","messageBody":"","tags":["A-Gradle"],"fileTypesAndContributionMap":{"gradle":{"insertions":41,"deletions":0},"bat":{"insertions":89,"deletions":0}}},{"hash":"e63593f8cbbd9e9d3a6041d89d7422779c62a291","messageTitle":"Organize classes into packages","messageBody":"","tags":["A-Packages"],"fileTypesAndContributionMap":{"java":{"insertions":66,"deletions":10}}}]},{"date":"2022-08-25","commitResults":[{"hash":"c5d5b6df006395b6282f04df3ad33ab9487f92a7","messageTitle":"Add Search functionality","messageBody":"","fileTypesAndContributionMap":{"java":{"insertions":85,"deletions":2}}},{"hash":"304ac374c0859f354438dea4780ae4b4554c807f","messageTitle":"Add mark and unmark","messageBody":"","tags":["Level-9"],"fileTypesAndContributionMap":{"java":{"insertions":33,"deletions":6}}},{"hash":"6e84b6fbd708d12f48e2f271ad6885403d79f9f4","messageTitle":"Edit code standard","messageBody":"","tags":["A-CodingStandard"],"fileTypesAndContributionMap":{"txt":{"insertions":10,"deletions":0},"java":{"insertions":127,"deletions":115}}},{"hash":"6a066642f2fee09d231fd4d3c4b2d5c9f1b1b08b","messageTitle":"Finish tests","messageBody":"","tags":["A-JUnit"],"fileTypesAndContributionMap":{"java":{"insertions":3,"deletions":3}}},{"hash":"2c406170e5771ed728bd491df505437a1329c90e","messageTitle":"Complete javadoc.","messageBody":"","tags":["A-JavaDoc"],"fileTypesAndContributionMap":{"txt":{"insertions":2,"deletions":2},"java":{"insertions":155,"deletions":2}}}]},{"date":"2022-08-28","commitResults":[{"hash":"e32f6f8e146af10945586ea68d66d92d32a630c2","messageTitle":"Change string arraylist to task","messageBody":"","fileTypesAndContributionMap":{"java":{"insertions":143,"deletions":55}}}]},{"date":"2022-09-02","commitResults":[{"hash":"682e14fc8ddd7e300ce84fc8e116ce3d1cb4fc9b","messageTitle":"Level-10","messageBody":"","tags":["Level-10"],"fileTypesAndContributionMap":{"gradle":{"insertions":15,"deletions":0},"txt":{"insertions":9,"deletions":10},"fxml":{"insertions":35,"deletions":0},"java":{"insertions":344,"deletions":104}}},{"hash":"61708b55ac1f9f26eb80749ed01a8380fad0023d","messageTitle":"Completed Level 10","messageBody":"","fileTypesAndContributionMap":{"fxml":{"insertions":37,"deletions":28},"java":{"insertions":251,"deletions":113}}}]},{"date":"2022-09-07","commitResults":[{"hash":"eacff6360df09bff4d15887fbf2206baf77401d6","messageTitle":"Some classes Event, Parser, Task and ToDo do not entirely follow code quality","messageBody":"Not following code quality may affect readability which is not good\nfor other developers reading my code.\n\nlets rectified the format of some parts to ensure that code quality\nis followed.\n\nFollowing code quality will ensure that my code is more readable.\n","tags":["A-FullCommitMessage"],"fileTypesAndContributionMap":{"java":{"insertions":7,"deletions":106}}},{"hash":"fc67adc4a89dd7ee9092611489f1d3d784d4dc77","messageTitle":"Deleted irrelevant code","messageBody":"","fileTypesAndContributionMap":{"java":{"insertions":1,"deletions":71}}},{"hash":"cded78b743e8c7b616148898fb926c73d8895355","messageTitle":"Tasklist currently uses two lists, oldlist and newlist","messageBody":"Two tasklist can be confusing to work on especially when doing\nadds and deletions.\n\nLet\u0027s combine the two tasklists to one tasklist and perform\noperations on one tasklist instead.\n\nProvides easier convenience of managing tasklist in the future\n","fileTypesAndContributionMap":{"java":{"insertions":35,"deletions":99}}}]},{"date":"2022-09-08","commitResults":[{"hash":"0fdf4e61622b109a1ebc1cb0d13687cc61da1fe7","messageTitle":"Add sort by deadline to bot.","messageBody":"","tags":["BCD-Extension"],"fileTypesAndContributionMap":{"java":{"insertions":39,"deletions":9}}},{"hash":"7e40770a28753b8397c3a2fbb8bb9c14e19c324c","messageTitle":"Add assertion to todo class.","messageBody":"","tags":["A-Assertions"],"fileTypesAndContributionMap":{"java":{"insertions":25,"deletions":0}}}]},{"date":"2022-09-13","commitResults":[{"hash":"a4efb36738cc4db4823194d3193eba4ebaeed997","messageTitle":"Fix coding standard","messageBody":"","tags":["A-CodeQuality"],"fileTypesAndContributionMap":{"java":{"insertions":26,"deletions":58}}},{"hash":"186c2558cdc40c0fa703e691da8a7818081a9dc9","messageTitle":"Rename package","messageBody":"","fileTypesAndContributionMap":{"java":{"insertions":0,"deletions":0}}},{"hash":"56b586fc0425b5152e49936fddd177c5129337b5","messageTitle":"Rename package Duke and resolve errors.","messageBody":"","fileTypesAndContributionMap":{"java":{"insertions":15,"deletions":15}}}]},{"date":"2022-09-14","commitResults":[{"hash":"0e2d12e0f6f468057b110166695dd134a36560f3","messageTitle":"Modify file creation.","messageBody":"","fileTypesAndContributionMap":{"java":{"insertions":26,"deletions":8}}}]},{"date":"2022-09-15","commitResults":[{"hash":"d6e81096ed68579dec2ec85e316d8fe9315de899","messageTitle":"Update read.me.","messageBody":"","fileTypesAndContributionMap":{"md":{"insertions":5,"deletions":1}}},{"hash":"c8829803cfbc5c7aecda19227dcee42e0fe0f9a9","messageTitle":"Update READ.ME","messageBody":"","fileTypesAndContributionMap":{"md":{"insertions":166,"deletions":13}}},{"hash":"d76bbc57b67b56417edbd950cace87d57fb92fc3","messageTitle":"A-UserGuide","messageBody":"","tags":["JAR-released","A-UserGuide"],"fileTypesAndContributionMap":{"md":{"insertions":2,"deletions":2}}},{"hash":"5744026418dae6647fa6c030fac61b8eaca77cbd","messageTitle":"Modify build.gradle","messageBody":"","fileTypesAndContributionMap":{"gradle":{"insertions":1,"deletions":1},"java":{"insertions":4,"deletions":13}}}]},{"date":"2022-10-12","commitResults":[{"hash":"521bc74ad475bc4a5b10913ef859efd0357f4137","messageTitle":"Rename package","messageBody":"","fileTypesAndContributionMap":{"java":{"insertions":15,"deletions":6}}},{"hash":"18043634bc6192887121cbd305ef7bc8855a8d55","messageTitle":"Complete abstraction","messageBody":"","tags":["A-Release"],"fileTypesAndContributionMap":{"java":{"insertions":111,"deletions":60}}},{"hash":"8222f09034a9518d65fd4fd0fefc699c9e387088","messageTitle":"Abstract out storage","messageBody":"","fileTypesAndContributionMap":{"java":{"insertions":31,"deletions":21}}},{"hash":"3cba358f77269ce7b38d46e23aa72033be45c5b9","messageTitle":"Update README.md","messageBody":"","fileTypesAndContributionMap":{"md":{"insertions":10,"deletions":10}}},{"hash":"324d149e4f13f728328c09c028b027dc8ee9a2d7","messageTitle":"Update README.md","messageBody":"","fileTypesAndContributionMap":{"md":{"insertions":19,"deletions":9}}},{"hash":"8223c4666cda2d16e26ac8a24218267439cb9b5a","messageTitle":"Update README.md","messageBody":"","fileTypesAndContributionMap":{"md":{"insertions":2,"deletions":2}}},{"hash":"9dd9170ba2e378404a4ceb69f0c9d95da1fcf236","messageTitle":"Update README.md","messageBody":"","fileTypesAndContributionMap":{"md":{"insertions":6,"deletions":29}}}]},{"date":"2022-10-19","commitResults":[{"hash":"b55f7628a1376f06e495da50d5de54cab4b416a1","messageTitle":"Handle improper input.","messageBody":"","fileTypesAndContributionMap":{"java":{"insertions":25,"deletions":6}}},{"hash":"ce9bf62fb25604c8ebf69d4182ff033902efb284","messageTitle":"Include description proper exception","messageBody":"","fileTypesAndContributionMap":{"java":{"insertions":6,"deletions":0}}}]}]},"authorFileTypeContributionMap":{"Kennethsim2000":{"java":1027,"md":154,"fxml":44,"sh":0,"bat":91,"gradle":56,"txt":10}},"authorContributionVariance":{"Kennethsim2000":22481.37},"authorDisplayNameMap":{"Kennethsim2000":"CS2103T-F12-2 SIM ..NETH"}}
