[{"path":"src/main/java/Deadline.java","fileType":"java","lines":[{"lineNumber":1,"author":{"gitId":"ruiqi7"},"content":"public class Deadline extends Task {","lastModifiedDate":"2022-08-14"},{"lineNumber":2,"author":{"gitId":"ruiqi7"},"content":"    protected String by;","lastModifiedDate":"2022-08-14"},{"lineNumber":3,"author":{"gitId":"ruiqi7"},"content":"","lastModifiedDate":"2022-08-14"},{"lineNumber":4,"author":{"gitId":"ruiqi7"},"content":"    public Deadline(String description, String by) {","lastModifiedDate":"2022-08-14"},{"lineNumber":5,"author":{"gitId":"ruiqi7"},"content":"        super(description);","lastModifiedDate":"2022-08-14"},{"lineNumber":6,"author":{"gitId":"ruiqi7"},"content":"        this.by \u003d by;","lastModifiedDate":"2022-08-14"},{"lineNumber":7,"author":{"gitId":"ruiqi7"},"content":"    }","lastModifiedDate":"2022-08-14"},{"lineNumber":8,"author":{"gitId":"ruiqi7"},"content":"","lastModifiedDate":"2022-08-14"},{"lineNumber":9,"author":{"gitId":"ruiqi7"},"content":"    @Override","lastModifiedDate":"2022-08-14"},{"lineNumber":10,"author":{"gitId":"ruiqi7"},"content":"    public String toString() {","lastModifiedDate":"2022-08-14"},{"lineNumber":11,"author":{"gitId":"ruiqi7"},"content":"        return \"[D]\" + super.toString() + \" (by: \" + by + \")\";","lastModifiedDate":"2022-08-14"},{"lineNumber":12,"author":{"gitId":"ruiqi7"},"content":"    }","lastModifiedDate":"2022-08-14"},{"lineNumber":13,"author":{"gitId":"ruiqi7"},"content":"}","lastModifiedDate":"2022-08-14"}],"authorContributionMap":{"ruiqi7":13}},{"path":"src/main/java/Duke.java","fileType":"java","lines":[{"lineNumber":1,"author":{"gitId":"ruiqi7"},"content":"import java.util.Scanner;","lastModifiedDate":"2022-08-14"},{"lineNumber":2,"author":{"gitId":"ruiqi7"},"content":"","lastModifiedDate":"2022-08-14"},{"lineNumber":3,"author":{"gitId":"-"},"content":"public class Duke {","lastModifiedDate":"2019-07-29"},{"lineNumber":4,"author":{"gitId":"ruiqi7"},"content":"    protected TaskList tasks \u003d new TaskList();","lastModifiedDate":"2022-08-20"},{"lineNumber":5,"author":{"gitId":"ruiqi7"},"content":"","lastModifiedDate":"2022-08-14"},{"lineNumber":6,"author":{"gitId":"ruiqi7"},"content":"    public enum Command {","lastModifiedDate":"2022-08-17"},{"lineNumber":7,"author":{"gitId":"ruiqi7"},"content":"        BYE, LIST, MARK, UNMARK, TODO, DEADLINE, EVENT, DELETE","lastModifiedDate":"2022-08-20"},{"lineNumber":8,"author":{"gitId":"ruiqi7"},"content":"    }","lastModifiedDate":"2022-08-17"},{"lineNumber":9,"author":{"gitId":"ruiqi7"},"content":"","lastModifiedDate":"2022-08-17"},{"lineNumber":10,"author":{"gitId":"ruiqi7"},"content":"    public Command getCommand(String str) throws DukeException {","lastModifiedDate":"2022-08-20"},{"lineNumber":11,"author":{"gitId":"ruiqi7"},"content":"        try {","lastModifiedDate":"2022-08-20"},{"lineNumber":12,"author":{"gitId":"ruiqi7"},"content":"            return Command.valueOf(str.toUpperCase());","lastModifiedDate":"2022-08-20"},{"lineNumber":13,"author":{"gitId":"ruiqi7"},"content":"        } catch (IllegalArgumentException e) {","lastModifiedDate":"2022-08-20"},{"lineNumber":14,"author":{"gitId":"ruiqi7"},"content":"            throw new DukeException(\"Sorry! I don\u0027t know what that means :(\");","lastModifiedDate":"2022-08-20"},{"lineNumber":15,"author":{"gitId":"ruiqi7"},"content":"        }","lastModifiedDate":"2022-08-20"},{"lineNumber":16,"author":{"gitId":"ruiqi7"},"content":"    }","lastModifiedDate":"2022-08-17"},{"lineNumber":17,"author":{"gitId":"ruiqi7"},"content":"","lastModifiedDate":"2022-08-17"},{"lineNumber":18,"author":{"gitId":"ruiqi7"},"content":"    public void greet() {","lastModifiedDate":"2022-08-15"},{"lineNumber":19,"author":{"gitId":"ruiqi7"},"content":"        System.out.println(\"Hello! I\u0027m Pip :)\\nWhat can I do for you?\");","lastModifiedDate":"2022-08-15"},{"lineNumber":20,"author":{"gitId":"ruiqi7"},"content":"    }","lastModifiedDate":"2022-08-15"},{"lineNumber":21,"author":{"gitId":"ruiqi7"},"content":"","lastModifiedDate":"2022-08-15"},{"lineNumber":22,"author":{"gitId":"ruiqi7"},"content":"    public void exit() {","lastModifiedDate":"2022-08-15"},{"lineNumber":23,"author":{"gitId":"ruiqi7"},"content":"        System.out.println(\"Goodbye and see you again soon!\");","lastModifiedDate":"2022-08-14"},{"lineNumber":24,"author":{"gitId":"ruiqi7"},"content":"    }","lastModifiedDate":"2022-08-15"},{"lineNumber":25,"author":{"gitId":"ruiqi7"},"content":"","lastModifiedDate":"2022-08-15"},{"lineNumber":26,"author":{"gitId":"-"},"content":"    public static void main(String[] args) {","lastModifiedDate":"2022-08-15"},{"lineNumber":27,"author":{"gitId":"ruiqi7"},"content":"        Duke duke \u003d new Duke();","lastModifiedDate":"2022-08-15"},{"lineNumber":28,"author":{"gitId":"ruiqi7"},"content":"        duke.greet();","lastModifiedDate":"2022-08-15"},{"lineNumber":29,"author":{"gitId":"ruiqi7"},"content":"","lastModifiedDate":"2022-08-15"},{"lineNumber":30,"author":{"gitId":"ruiqi7"},"content":"        Scanner in \u003d new Scanner(System.in);","lastModifiedDate":"2022-08-15"},{"lineNumber":31,"author":{"gitId":"ruiqi7"},"content":"        ","lastModifiedDate":"2022-08-15"},{"lineNumber":32,"author":{"gitId":"ruiqi7"},"content":"        String input;","lastModifiedDate":"2022-08-15"},{"lineNumber":33,"author":{"gitId":"ruiqi7"},"content":"        do {","lastModifiedDate":"2022-08-15"},{"lineNumber":34,"author":{"gitId":"ruiqi7"},"content":"            input \u003d in.nextLine();","lastModifiedDate":"2022-08-15"},{"lineNumber":35,"author":{"gitId":"ruiqi7"},"content":"            String[] splitInputArray \u003d input.split(\" \", 2);","lastModifiedDate":"2022-08-15"},{"lineNumber":36,"author":{"gitId":"ruiqi7"},"content":"            String firstWord \u003d splitInputArray[0];","lastModifiedDate":"2022-08-15"},{"lineNumber":37,"author":{"gitId":"ruiqi7"},"content":"            try {","lastModifiedDate":"2022-08-14"},{"lineNumber":38,"author":{"gitId":"ruiqi7"},"content":"                switch (duke.getCommand(firstWord)) {","lastModifiedDate":"2022-08-20"},{"lineNumber":39,"author":{"gitId":"ruiqi7"},"content":"                    case BYE:","lastModifiedDate":"2022-08-20"},{"lineNumber":40,"author":{"gitId":"ruiqi7"},"content":"                        duke.exit();","lastModifiedDate":"2022-08-15"},{"lineNumber":41,"author":{"gitId":"ruiqi7"},"content":"                        break;","lastModifiedDate":"2022-08-20"},{"lineNumber":42,"author":{"gitId":"ruiqi7"},"content":"                    case LIST:","lastModifiedDate":"2022-08-20"},{"lineNumber":43,"author":{"gitId":"ruiqi7"},"content":"                        duke.tasks.list();","lastModifiedDate":"2022-08-20"},{"lineNumber":44,"author":{"gitId":"ruiqi7"},"content":"                        break;","lastModifiedDate":"2022-08-20"},{"lineNumber":45,"author":{"gitId":"ruiqi7"},"content":"                    case MARK:","lastModifiedDate":"2022-08-20"},{"lineNumber":46,"author":{"gitId":"ruiqi7"},"content":"                    case UNMARK:","lastModifiedDate":"2022-08-20"},{"lineNumber":47,"author":{"gitId":"ruiqi7"},"content":"                        duke.tasks.changeTaskStatus(splitInputArray);","lastModifiedDate":"2022-08-20"},{"lineNumber":48,"author":{"gitId":"ruiqi7"},"content":"                        break;","lastModifiedDate":"2022-08-20"},{"lineNumber":49,"author":{"gitId":"ruiqi7"},"content":"                    case TODO:","lastModifiedDate":"2022-08-20"},{"lineNumber":50,"author":{"gitId":"ruiqi7"},"content":"                    case DEADLINE:","lastModifiedDate":"2022-08-20"},{"lineNumber":51,"author":{"gitId":"ruiqi7"},"content":"                    case EVENT:","lastModifiedDate":"2022-08-20"},{"lineNumber":52,"author":{"gitId":"ruiqi7"},"content":"                        duke.tasks.addTask(splitInputArray);","lastModifiedDate":"2022-08-20"},{"lineNumber":53,"author":{"gitId":"ruiqi7"},"content":"                        duke.tasks.displayNumOfTasks();","lastModifiedDate":"2022-08-20"},{"lineNumber":54,"author":{"gitId":"ruiqi7"},"content":"                        break;","lastModifiedDate":"2022-08-20"},{"lineNumber":55,"author":{"gitId":"ruiqi7"},"content":"                    case DELETE:","lastModifiedDate":"2022-08-20"},{"lineNumber":56,"author":{"gitId":"ruiqi7"},"content":"                        duke.tasks.deleteTask(splitInputArray);","lastModifiedDate":"2022-08-20"},{"lineNumber":57,"author":{"gitId":"ruiqi7"},"content":"                        duke.tasks.displayNumOfTasks();","lastModifiedDate":"2022-08-20"},{"lineNumber":58,"author":{"gitId":"ruiqi7"},"content":"                        break;","lastModifiedDate":"2022-08-20"},{"lineNumber":59,"author":{"gitId":"ruiqi7"},"content":"                    default:","lastModifiedDate":"2022-08-20"},{"lineNumber":60,"author":{"gitId":"ruiqi7"},"content":"                        throw new DukeException(\"Sorry! I don\u0027t know what that means :(\");","lastModifiedDate":"2022-08-15"},{"lineNumber":61,"author":{"gitId":"ruiqi7"},"content":"                }","lastModifiedDate":"2022-08-14"},{"lineNumber":62,"author":{"gitId":"ruiqi7"},"content":"            } catch (DukeException e) {","lastModifiedDate":"2022-08-15"},{"lineNumber":63,"author":{"gitId":"ruiqi7"},"content":"                System.out.println(e.getMessage());","lastModifiedDate":"2022-08-15"},{"lineNumber":64,"author":{"gitId":"ruiqi7"},"content":"            }","lastModifiedDate":"2022-08-14"},{"lineNumber":65,"author":{"gitId":"ruiqi7"},"content":"        } while (!input.equals(\"bye\"));","lastModifiedDate":"2022-08-15"},{"lineNumber":66,"author":{"gitId":"ruiqi7"},"content":"","lastModifiedDate":"2022-08-15"},{"lineNumber":67,"author":{"gitId":"ruiqi7"},"content":"        in.close();","lastModifiedDate":"2022-08-15"},{"lineNumber":68,"author":{"gitId":"-"},"content":"    }","lastModifiedDate":"2019-07-29"},{"lineNumber":69,"author":{"gitId":"-"},"content":"}","lastModifiedDate":"2019-07-29"}],"authorContributionMap":{"ruiqi7":65,"-":4}},{"path":"src/main/java/DukeException.java","fileType":"java","lines":[{"lineNumber":1,"author":{"gitId":"ruiqi7"},"content":"public class DukeException extends Exception {","lastModifiedDate":"2022-08-15"},{"lineNumber":2,"author":{"gitId":"ruiqi7"},"content":"    public DukeException(String message) {","lastModifiedDate":"2022-08-14"},{"lineNumber":3,"author":{"gitId":"ruiqi7"},"content":"        super(\"Oops... \" + message);","lastModifiedDate":"2022-08-14"},{"lineNumber":4,"author":{"gitId":"ruiqi7"},"content":"    }","lastModifiedDate":"2022-08-14"},{"lineNumber":5,"author":{"gitId":"ruiqi7"},"content":"}","lastModifiedDate":"2022-08-14"}],"authorContributionMap":{"ruiqi7":5}},{"path":"src/main/java/Event.java","fileType":"java","lines":[{"lineNumber":1,"author":{"gitId":"ruiqi7"},"content":"public class Event extends Task {","lastModifiedDate":"2022-08-14"},{"lineNumber":2,"author":{"gitId":"ruiqi7"},"content":"    protected String at;","lastModifiedDate":"2022-08-14"},{"lineNumber":3,"author":{"gitId":"ruiqi7"},"content":"","lastModifiedDate":"2022-08-14"},{"lineNumber":4,"author":{"gitId":"ruiqi7"},"content":"    public Event(String description, String at) {","lastModifiedDate":"2022-08-14"},{"lineNumber":5,"author":{"gitId":"ruiqi7"},"content":"        super(description);","lastModifiedDate":"2022-08-14"},{"lineNumber":6,"author":{"gitId":"ruiqi7"},"content":"        this.at \u003d at;","lastModifiedDate":"2022-08-14"},{"lineNumber":7,"author":{"gitId":"ruiqi7"},"content":"    }","lastModifiedDate":"2022-08-14"},{"lineNumber":8,"author":{"gitId":"ruiqi7"},"content":"","lastModifiedDate":"2022-08-14"},{"lineNumber":9,"author":{"gitId":"ruiqi7"},"content":"    @Override","lastModifiedDate":"2022-08-14"},{"lineNumber":10,"author":{"gitId":"ruiqi7"},"content":"    public String toString() {","lastModifiedDate":"2022-08-14"},{"lineNumber":11,"author":{"gitId":"ruiqi7"},"content":"        return \"[E]\" + super.toString() + \" (at: \" + at + \")\";","lastModifiedDate":"2022-08-14"},{"lineNumber":12,"author":{"gitId":"ruiqi7"},"content":"    }","lastModifiedDate":"2022-08-14"},{"lineNumber":13,"author":{"gitId":"ruiqi7"},"content":"}","lastModifiedDate":"2022-08-14"}],"authorContributionMap":{"ruiqi7":13}},{"path":"src/main/java/Task.java","fileType":"java","lines":[{"lineNumber":1,"author":{"gitId":"ruiqi7"},"content":"public class Task {","lastModifiedDate":"2022-08-14"},{"lineNumber":2,"author":{"gitId":"ruiqi7"},"content":"    protected String description;","lastModifiedDate":"2022-08-14"},{"lineNumber":3,"author":{"gitId":"ruiqi7"},"content":"    protected boolean isDone;","lastModifiedDate":"2022-08-14"},{"lineNumber":4,"author":{"gitId":"ruiqi7"},"content":"","lastModifiedDate":"2022-08-14"},{"lineNumber":5,"author":{"gitId":"ruiqi7"},"content":"    public Task(String description) {","lastModifiedDate":"2022-08-14"},{"lineNumber":6,"author":{"gitId":"ruiqi7"},"content":"        this.description \u003d description;","lastModifiedDate":"2022-08-14"},{"lineNumber":7,"author":{"gitId":"ruiqi7"},"content":"        this.isDone \u003d false;","lastModifiedDate":"2022-08-14"},{"lineNumber":8,"author":{"gitId":"ruiqi7"},"content":"    }","lastModifiedDate":"2022-08-14"},{"lineNumber":9,"author":{"gitId":"ruiqi7"},"content":"","lastModifiedDate":"2022-08-14"},{"lineNumber":10,"author":{"gitId":"ruiqi7"},"content":"    public String getStatusIcon() {","lastModifiedDate":"2022-08-14"},{"lineNumber":11,"author":{"gitId":"ruiqi7"},"content":"        return (isDone ? \"X\" : \" \"); // mark done task with X","lastModifiedDate":"2022-08-14"},{"lineNumber":12,"author":{"gitId":"ruiqi7"},"content":"    }","lastModifiedDate":"2022-08-14"},{"lineNumber":13,"author":{"gitId":"ruiqi7"},"content":"","lastModifiedDate":"2022-08-14"},{"lineNumber":14,"author":{"gitId":"ruiqi7"},"content":"    public void markAsDone() {","lastModifiedDate":"2022-08-14"},{"lineNumber":15,"author":{"gitId":"ruiqi7"},"content":"        isDone \u003d true;","lastModifiedDate":"2022-08-14"},{"lineNumber":16,"author":{"gitId":"ruiqi7"},"content":"        System.out.println(\"Task marked as done:\\n\\t\" + this);","lastModifiedDate":"2022-08-15"},{"lineNumber":17,"author":{"gitId":"ruiqi7"},"content":"    }","lastModifiedDate":"2022-08-14"},{"lineNumber":18,"author":{"gitId":"ruiqi7"},"content":"","lastModifiedDate":"2022-08-14"},{"lineNumber":19,"author":{"gitId":"ruiqi7"},"content":"    public void markAsNotDone() {","lastModifiedDate":"2022-08-14"},{"lineNumber":20,"author":{"gitId":"ruiqi7"},"content":"        isDone \u003d false;","lastModifiedDate":"2022-08-14"},{"lineNumber":21,"author":{"gitId":"ruiqi7"},"content":"        System.out.println(\"Task marked as not done:\\n\\t\" + this);","lastModifiedDate":"2022-08-15"},{"lineNumber":22,"author":{"gitId":"ruiqi7"},"content":"    }","lastModifiedDate":"2022-08-14"},{"lineNumber":23,"author":{"gitId":"ruiqi7"},"content":"","lastModifiedDate":"2022-08-14"},{"lineNumber":24,"author":{"gitId":"ruiqi7"},"content":"    @Override","lastModifiedDate":"2022-08-14"},{"lineNumber":25,"author":{"gitId":"ruiqi7"},"content":"    public String toString() {","lastModifiedDate":"2022-08-14"},{"lineNumber":26,"author":{"gitId":"ruiqi7"},"content":"        return \"[\" + getStatusIcon() + \"] \" + description;","lastModifiedDate":"2022-08-14"},{"lineNumber":27,"author":{"gitId":"ruiqi7"},"content":"    }","lastModifiedDate":"2022-08-14"},{"lineNumber":28,"author":{"gitId":"ruiqi7"},"content":"}","lastModifiedDate":"2022-08-14"}],"authorContributionMap":{"ruiqi7":28}},{"path":"src/main/java/TaskList.java","fileType":"java","lines":[{"lineNumber":1,"author":{"gitId":"ruiqi7"},"content":"import java.util.ArrayList;","lastModifiedDate":"2022-08-20"},{"lineNumber":2,"author":{"gitId":"ruiqi7"},"content":"","lastModifiedDate":"2022-08-20"},{"lineNumber":3,"author":{"gitId":"ruiqi7"},"content":"public class TaskList {","lastModifiedDate":"2022-08-20"},{"lineNumber":4,"author":{"gitId":"ruiqi7"},"content":"    protected ArrayList\u003cTask\u003e tasks \u003d new ArrayList\u003c\u003e();","lastModifiedDate":"2022-08-20"},{"lineNumber":5,"author":{"gitId":"ruiqi7"},"content":"","lastModifiedDate":"2022-08-20"},{"lineNumber":6,"author":{"gitId":"ruiqi7"},"content":"    public void list() {","lastModifiedDate":"2022-08-20"},{"lineNumber":7,"author":{"gitId":"ruiqi7"},"content":"        if (!tasks.isEmpty()) {","lastModifiedDate":"2022-08-20"},{"lineNumber":8,"author":{"gitId":"ruiqi7"},"content":"            System.out.println(\"Task list:\");","lastModifiedDate":"2022-08-20"},{"lineNumber":9,"author":{"gitId":"ruiqi7"},"content":"            for (int i \u003d 0; i \u003c tasks.size(); i++) {","lastModifiedDate":"2022-08-20"},{"lineNumber":10,"author":{"gitId":"ruiqi7"},"content":"                int taskNum \u003d i + 1;","lastModifiedDate":"2022-08-20"},{"lineNumber":11,"author":{"gitId":"ruiqi7"},"content":"                Task task \u003d tasks.get(i);","lastModifiedDate":"2022-08-20"},{"lineNumber":12,"author":{"gitId":"ruiqi7"},"content":"                System.out.println(taskNum + \".\" + task);","lastModifiedDate":"2022-08-20"},{"lineNumber":13,"author":{"gitId":"ruiqi7"},"content":"            }","lastModifiedDate":"2022-08-20"},{"lineNumber":14,"author":{"gitId":"ruiqi7"},"content":"        } else {","lastModifiedDate":"2022-08-20"},{"lineNumber":15,"author":{"gitId":"ruiqi7"},"content":"            System.out.println(\"Your task list is empty!\");","lastModifiedDate":"2022-08-20"},{"lineNumber":16,"author":{"gitId":"ruiqi7"},"content":"        }","lastModifiedDate":"2022-08-20"},{"lineNumber":17,"author":{"gitId":"ruiqi7"},"content":"    }","lastModifiedDate":"2022-08-20"},{"lineNumber":18,"author":{"gitId":"ruiqi7"},"content":"","lastModifiedDate":"2022-08-20"},{"lineNumber":19,"author":{"gitId":"ruiqi7"},"content":"    private int getTaskNumber(String[] splitInputArray) throws DukeException {","lastModifiedDate":"2022-08-20"},{"lineNumber":20,"author":{"gitId":"ruiqi7"},"content":"        if (splitInputArray.length \u003e 1) {","lastModifiedDate":"2022-08-20"},{"lineNumber":21,"author":{"gitId":"ruiqi7"},"content":"            try {","lastModifiedDate":"2022-08-20"},{"lineNumber":22,"author":{"gitId":"ruiqi7"},"content":"                return Integer.parseInt(splitInputArray[1]);","lastModifiedDate":"2022-08-20"},{"lineNumber":23,"author":{"gitId":"ruiqi7"},"content":"            } catch (NumberFormatException e) {","lastModifiedDate":"2022-08-20"},{"lineNumber":24,"author":{"gitId":"ruiqi7"},"content":"                throw new DukeException(\"Please specify a task number!\");","lastModifiedDate":"2022-08-20"},{"lineNumber":25,"author":{"gitId":"ruiqi7"},"content":"            }","lastModifiedDate":"2022-08-20"},{"lineNumber":26,"author":{"gitId":"ruiqi7"},"content":"        } else {","lastModifiedDate":"2022-08-20"},{"lineNumber":27,"author":{"gitId":"ruiqi7"},"content":"            throw new DukeException(\"Please specify a task number!\");","lastModifiedDate":"2022-08-20"},{"lineNumber":28,"author":{"gitId":"ruiqi7"},"content":"        }","lastModifiedDate":"2022-08-20"},{"lineNumber":29,"author":{"gitId":"ruiqi7"},"content":"    }","lastModifiedDate":"2022-08-20"},{"lineNumber":30,"author":{"gitId":"ruiqi7"},"content":"","lastModifiedDate":"2022-08-20"},{"lineNumber":31,"author":{"gitId":"ruiqi7"},"content":"    public void changeTaskStatus(String[] splitInputArray) throws DukeException {","lastModifiedDate":"2022-08-20"},{"lineNumber":32,"author":{"gitId":"ruiqi7"},"content":"        int taskNum \u003d getTaskNumber(splitInputArray);","lastModifiedDate":"2022-08-20"},{"lineNumber":33,"author":{"gitId":"ruiqi7"},"content":"        if (taskNum \u003e 0 \u0026\u0026 taskNum \u003c\u003d tasks.size()) {","lastModifiedDate":"2022-08-20"},{"lineNumber":34,"author":{"gitId":"ruiqi7"},"content":"            Task task \u003d tasks.get(taskNum - 1);","lastModifiedDate":"2022-08-20"},{"lineNumber":35,"author":{"gitId":"ruiqi7"},"content":"            if (splitInputArray[0].equals(\"mark\")) {","lastModifiedDate":"2022-08-20"},{"lineNumber":36,"author":{"gitId":"ruiqi7"},"content":"                task.markAsDone();","lastModifiedDate":"2022-08-20"},{"lineNumber":37,"author":{"gitId":"ruiqi7"},"content":"            } else {","lastModifiedDate":"2022-08-20"},{"lineNumber":38,"author":{"gitId":"ruiqi7"},"content":"                task.markAsNotDone();","lastModifiedDate":"2022-08-20"},{"lineNumber":39,"author":{"gitId":"ruiqi7"},"content":"            }","lastModifiedDate":"2022-08-20"},{"lineNumber":40,"author":{"gitId":"ruiqi7"},"content":"        } else {","lastModifiedDate":"2022-08-20"},{"lineNumber":41,"author":{"gitId":"ruiqi7"},"content":"            throw new DukeException(\"No such task!\");","lastModifiedDate":"2022-08-20"},{"lineNumber":42,"author":{"gitId":"ruiqi7"},"content":"        }","lastModifiedDate":"2022-08-20"},{"lineNumber":43,"author":{"gitId":"ruiqi7"},"content":"    }","lastModifiedDate":"2022-08-20"},{"lineNumber":44,"author":{"gitId":"ruiqi7"},"content":"","lastModifiedDate":"2022-08-20"},{"lineNumber":45,"author":{"gitId":"ruiqi7"},"content":"    public void addTask(String[] splitInputArray) throws DukeException {","lastModifiedDate":"2022-08-20"},{"lineNumber":46,"author":{"gitId":"ruiqi7"},"content":"        String command \u003d splitInputArray[0];","lastModifiedDate":"2022-08-20"},{"lineNumber":47,"author":{"gitId":"ruiqi7"},"content":"        boolean isToDo \u003d command.equals(\"todo\");","lastModifiedDate":"2022-08-20"},{"lineNumber":48,"author":{"gitId":"ruiqi7"},"content":"        if (splitInputArray.length \u003c 2) {","lastModifiedDate":"2022-08-20"},{"lineNumber":49,"author":{"gitId":"ruiqi7"},"content":"            throw new DukeException(\"Please provide a task description\" + (isToDo ? \"!\" : \" and a date / time!\"));","lastModifiedDate":"2022-08-20"},{"lineNumber":50,"author":{"gitId":"ruiqi7"},"content":"        }","lastModifiedDate":"2022-08-20"},{"lineNumber":51,"author":{"gitId":"ruiqi7"},"content":"","lastModifiedDate":"2022-08-20"},{"lineNumber":52,"author":{"gitId":"ruiqi7"},"content":"        Task task;","lastModifiedDate":"2022-08-20"},{"lineNumber":53,"author":{"gitId":"ruiqi7"},"content":"        String details \u003d splitInputArray[1];","lastModifiedDate":"2022-08-20"},{"lineNumber":54,"author":{"gitId":"ruiqi7"},"content":"        if (isToDo) {","lastModifiedDate":"2022-08-20"},{"lineNumber":55,"author":{"gitId":"ruiqi7"},"content":"            task \u003d new ToDo(details);","lastModifiedDate":"2022-08-20"},{"lineNumber":56,"author":{"gitId":"ruiqi7"},"content":"        } else {","lastModifiedDate":"2022-08-20"},{"lineNumber":57,"author":{"gitId":"ruiqi7"},"content":"            boolean isDeadline \u003d command.equals(\"deadline\");","lastModifiedDate":"2022-08-20"},{"lineNumber":58,"author":{"gitId":"ruiqi7"},"content":"            int pos \u003d details.indexOf(isDeadline ? \" /by \" : \" /at \");","lastModifiedDate":"2022-08-20"},{"lineNumber":59,"author":{"gitId":"ruiqi7"},"content":"            if (pos \u003e 0 \u0026\u0026 details.length() \u003e pos + 5) {","lastModifiedDate":"2022-08-20"},{"lineNumber":60,"author":{"gitId":"ruiqi7"},"content":"                String description \u003d details.substring(0, pos);","lastModifiedDate":"2022-08-20"},{"lineNumber":61,"author":{"gitId":"ruiqi7"},"content":"                String by \u003d details.substring(pos + 5);","lastModifiedDate":"2022-08-20"},{"lineNumber":62,"author":{"gitId":"ruiqi7"},"content":"                task \u003d isDeadline ? new Deadline(description, by) : new Event(description, by);","lastModifiedDate":"2022-08-20"},{"lineNumber":63,"author":{"gitId":"ruiqi7"},"content":"            } else {","lastModifiedDate":"2022-08-20"},{"lineNumber":64,"author":{"gitId":"ruiqi7"},"content":"                throw new DukeException(\"Please provide a task description and a date / time!\");","lastModifiedDate":"2022-08-20"},{"lineNumber":65,"author":{"gitId":"ruiqi7"},"content":"            }","lastModifiedDate":"2022-08-20"},{"lineNumber":66,"author":{"gitId":"ruiqi7"},"content":"        }","lastModifiedDate":"2022-08-20"},{"lineNumber":67,"author":{"gitId":"ruiqi7"},"content":"        tasks.add(task);","lastModifiedDate":"2022-08-20"},{"lineNumber":68,"author":{"gitId":"ruiqi7"},"content":"        System.out.println(\"Task added:\\n\\t\" + task);","lastModifiedDate":"2022-08-20"},{"lineNumber":69,"author":{"gitId":"ruiqi7"},"content":"    }","lastModifiedDate":"2022-08-20"},{"lineNumber":70,"author":{"gitId":"ruiqi7"},"content":"","lastModifiedDate":"2022-08-20"},{"lineNumber":71,"author":{"gitId":"ruiqi7"},"content":"    public void deleteTask(String[] splitInputArray) throws DukeException {","lastModifiedDate":"2022-08-20"},{"lineNumber":72,"author":{"gitId":"ruiqi7"},"content":"        int taskNum \u003d getTaskNumber(splitInputArray);","lastModifiedDate":"2022-08-20"},{"lineNumber":73,"author":{"gitId":"ruiqi7"},"content":"        if (taskNum \u003e 0 \u0026\u0026 taskNum \u003c\u003d tasks.size()) {","lastModifiedDate":"2022-08-20"},{"lineNumber":74,"author":{"gitId":"ruiqi7"},"content":"            Task task \u003d tasks.get(taskNum - 1);","lastModifiedDate":"2022-08-20"},{"lineNumber":75,"author":{"gitId":"ruiqi7"},"content":"            tasks.remove(taskNum - 1);","lastModifiedDate":"2022-08-20"},{"lineNumber":76,"author":{"gitId":"ruiqi7"},"content":"            System.out.println(\"Task removed:\\n\\t\" + task);","lastModifiedDate":"2022-08-20"},{"lineNumber":77,"author":{"gitId":"ruiqi7"},"content":"        } else {","lastModifiedDate":"2022-08-20"},{"lineNumber":78,"author":{"gitId":"ruiqi7"},"content":"            throw new DukeException(\"No such task!\");","lastModifiedDate":"2022-08-20"},{"lineNumber":79,"author":{"gitId":"ruiqi7"},"content":"        }","lastModifiedDate":"2022-08-20"},{"lineNumber":80,"author":{"gitId":"ruiqi7"},"content":"    }","lastModifiedDate":"2022-08-20"},{"lineNumber":81,"author":{"gitId":"ruiqi7"},"content":"","lastModifiedDate":"2022-08-20"},{"lineNumber":82,"author":{"gitId":"ruiqi7"},"content":"    public void displayNumOfTasks() {","lastModifiedDate":"2022-08-20"},{"lineNumber":83,"author":{"gitId":"ruiqi7"},"content":"        System.out.println(\"You have \" + tasks.size() + (tasks.size() \u003d\u003d 1 ? \" task\" : \" tasks\") + \" in the list.\");","lastModifiedDate":"2022-08-20"},{"lineNumber":84,"author":{"gitId":"ruiqi7"},"content":"    }","lastModifiedDate":"2022-08-20"},{"lineNumber":85,"author":{"gitId":"ruiqi7"},"content":"}","lastModifiedDate":"2022-08-20"}],"authorContributionMap":{"ruiqi7":85}},{"path":"src/main/java/ToDo.java","fileType":"java","lines":[{"lineNumber":1,"author":{"gitId":"ruiqi7"},"content":"public class ToDo extends Task {","lastModifiedDate":"2022-08-14"},{"lineNumber":2,"author":{"gitId":"ruiqi7"},"content":"    public ToDo(String description) {","lastModifiedDate":"2022-08-14"},{"lineNumber":3,"author":{"gitId":"ruiqi7"},"content":"        super(description);","lastModifiedDate":"2022-08-14"},{"lineNumber":4,"author":{"gitId":"ruiqi7"},"content":"    }","lastModifiedDate":"2022-08-14"},{"lineNumber":5,"author":{"gitId":"ruiqi7"},"content":"","lastModifiedDate":"2022-08-14"},{"lineNumber":6,"author":{"gitId":"ruiqi7"},"content":"    @Override","lastModifiedDate":"2022-08-14"},{"lineNumber":7,"author":{"gitId":"ruiqi7"},"content":"    public String toString() {","lastModifiedDate":"2022-08-14"},{"lineNumber":8,"author":{"gitId":"ruiqi7"},"content":"        return \"[T]\" + super.toString();","lastModifiedDate":"2022-08-14"},{"lineNumber":9,"author":{"gitId":"ruiqi7"},"content":"    }","lastModifiedDate":"2022-08-14"},{"lineNumber":10,"author":{"gitId":"ruiqi7"},"content":"}","lastModifiedDate":"2022-08-14"}],"authorContributionMap":{"ruiqi7":10}},{"path":"text-ui-test/input.txt","fileType":"txt","lines":[{"lineNumber":1,"author":{"gitId":"ruiqi7"},"content":"todo read book","lastModifiedDate":"2022-08-15"},{"lineNumber":2,"author":{"gitId":"ruiqi7"},"content":"mark 1","lastModifiedDate":"2022-08-14"},{"lineNumber":3,"author":{"gitId":"ruiqi7"},"content":"list","lastModifiedDate":"2022-08-14"},{"lineNumber":4,"author":{"gitId":"ruiqi7"},"content":"unmark 1","lastModifiedDate":"2022-08-14"},{"lineNumber":5,"author":{"gitId":"ruiqi7"},"content":"deadline return book /by wed","lastModifiedDate":"2022-08-14"},{"lineNumber":6,"author":{"gitId":"ruiqi7"},"content":"event meeting /at mon 5pm","lastModifiedDate":"2022-08-14"},{"lineNumber":7,"author":{"gitId":"ruiqi7"},"content":"list","lastModifiedDate":"2022-08-14"},{"lineNumber":8,"author":{"gitId":"ruiqi7"},"content":"todo","lastModifiedDate":"2022-08-15"},{"lineNumber":9,"author":{"gitId":"ruiqi7"},"content":"deadline return book","lastModifiedDate":"2022-08-15"},{"lineNumber":10,"author":{"gitId":"ruiqi7"},"content":"blah","lastModifiedDate":"2022-08-15"},{"lineNumber":11,"author":{"gitId":"ruiqi7"},"content":"delete 2","lastModifiedDate":"2022-08-15"},{"lineNumber":12,"author":{"gitId":"ruiqi7"},"content":"list","lastModifiedDate":"2022-08-15"},{"lineNumber":13,"author":{"gitId":"ruiqi7"},"content":"bye","lastModifiedDate":"2022-08-14"}],"authorContributionMap":{"ruiqi7":13}}]
