{"authorDailyContributionsMap":{"shenyih0ng":[{"date":"2022-08-16","commitResults":[{"hash":"55a44450e93db6c0e517d8e01e1c9bf7991606b8","messageTitle":"[feat] Added support for echo and terminate","messageBody":"- add utility functions to format responses\n","tags":["Level-1"],"fileTypesAndContributionMap":{"java":{"insertions":72,"deletions":6}}},{"hash":"ddd7027a595ddf24e1f2adf9702095fc3df6bc9f","messageTitle":"[feat] Added support for `list` command","messageBody":"- max capacity of Duke\u0027s list/history is set to 100\n","tags":["Level-2"],"fileTypesAndContributionMap":{"java":{"insertions":24,"deletions":2}}},{"hash":"4f9ff1487bcf56e0b643aaccff3376ec2b6b5e40","messageTitle":"Added Command enums and Task class","messageBody":"","tags":["A-Enums"],"fileTypesAndContributionMap":{"java":{"insertions":30,"deletions":0}}},{"hash":"3091869872908f91c26a56c178a967851494d57b","messageTitle":"[feat] Added support for `mark`, `unmark` commands","messageBody":"- added error handing for `mark`, `unmark` commands\n- improve semantics\n  - `history` -\u003e `taskList`\n","tags":["Level-3"],"fileTypesAndContributionMap":{"java":{"insertions":64,"deletions":15}}}]},{"date":"2022-08-17","commitResults":[{"hash":"875dd7c9113570418953578a7b537494e551710f","messageTitle":"Added Task(`Todo`, `Deadline`, `Event`) classes","messageBody":"- refactor base `Task` class to be abstract\n","fileTypesAndContributionMap":{"java":{"insertions":42,"deletions":1}}},{"hash":"355a3aff0637fdac95db95338db3ae123939205f","messageTitle":"[feat] Support for `todo`, `deadline`, `event` commands","messageBody":"- update available commands\n  - added a `UNKNOWN` command to handle command errors\n","tags":["Level-4"],"fileTypesAndContributionMap":{"java":{"insertions":94,"deletions":17}}},{"hash":"e7eaf0f4496e9e48d840329d0c9b43595179fce0","messageTitle":"Refactor structure, componentize `CommandHandlers`","messageBody":"- added `utils` and `data` packages\n","fileTypesAndContributionMap":{"java":{"insertions":367,"deletions":0}}},{"hash":"93f0fbd4802f7970d67b258648e22545fb607715","messageTitle":"Integrate new structure","messageBody":"- simplify errors with simple placeholder outputs\n","fileTypesAndContributionMap":{"java":{"insertions":31,"deletions":228}}},{"hash":"061b99b65a13fb4d907a4bfee4a700f19bba42b6","messageTitle":"Rename `commandHandler` package to `command`","messageBody":"","fileTypesAndContributionMap":{"java":{"insertions":11,"deletions":11}}},{"hash":"e83c9ef28c9640e2b1e97197eaf7257186f47c3f","messageTitle":"[bug fix] Return error msg when `mark/unmark 0`","messageBody":"","fileTypesAndContributionMap":{"java":{"insertions":1,"deletions":1}}},{"hash":"68cf6e3b50984e2acb3976b6003b3872afc9e945","messageTitle":"[tests] Added text ui tests","messageBody":"","tags":["A-TextUiTesting"],"fileTypesAndContributionMap":{"txt":{"insertions":25,"deletions":0}}},{"hash":"7a26f1a6abf975f1d2f76a30f6517ed54f870e4f","messageTitle":"Add `CommandException` and refactor error handling","messageBody":"","fileTypesAndContributionMap":{"java":{"insertions":40,"deletions":10}}},{"hash":"2789a8c0499f8c7d077639b1b5948eb635d78e9b","messageTitle":"[struct] Use exceptions to handle command errors","messageBody":"","tags":["Level-5"],"fileTypesAndContributionMap":{"java":{"insertions":16,"deletions":21}}},{"hash":"b5291a1d0003dc9f2d8c23a85fde5bc745dbb522","messageTitle":"[test] Add more tests for `mark` command","messageBody":"- tests for invalid task idx inputs\n","fileTypesAndContributionMap":{"txt":{"insertions":2,"deletions":0},"java":{"insertions":1,"deletions":1}}},{"hash":"69d03cd927f831e0c61a2c07a1f09008535aeea3","messageTitle":"[feat] Add support for `delete` command","messageBody":"","tags":["Level-6"],"fileTypesAndContributionMap":{"java":{"insertions":67,"deletions":9}}},{"hash":"79f350fbbd14b14ef3a61bd58b31ec8d61099ce1","messageTitle":"[test] Add text ui tests for `delete` command","messageBody":"","fileTypesAndContributionMap":{"txt":{"insertions":11,"deletions":4}}}]},{"date":"2022-08-21","commitResults":[{"hash":"bdfc593035e8bde3c4a0d6813b2ec9a74572bc47","messageTitle":"[chore] Set up minimal `gradle` build pipeline","messageBody":"","tags":["A-Gradle"],"fileTypesAndContributionMap":{"gradle":{"insertions":21,"deletions":0},"bat":{"insertions":91,"deletions":0}}}]},{"date":"2022-08-23","commitResults":[{"hash":"4aafcf543570dea8805999a5b8d2836f000a4ab4","messageTitle":"[refactor] Use regex for command checking","messageBody":"- simplify `CommandHandler` interface\n- refactor `CommandHandler.run` arguments\n","fileTypesAndContributionMap":{"java":{"insertions":110,"deletions":119}}},{"hash":"f822ab1b88ae0c72377bd7b5306b7e4e9904520e","messageTitle":"[bugfix] Fix ui loop to adhere to #2 changes","messageBody":"","fileTypesAndContributionMap":{"java":{"insertions":5,"deletions":7}}}]}]},"authorFileTypeContributionMap":{"shenyih0ng":{"java":533,"md":0,"fxml":0,"sh":0,"bat":91,"gradle":21,"txt":34}},"authorContributionVariance":{"shenyih0ng":77572.56},"authorDisplayNameMap":{"shenyih0ng":"SHEN..HONG"}}
