{"authorDailyContributionsMap":{"PokezardVGC":[{"date":"2022-08-18","commitResults":[{"hash":"c137be2e9e3b544a134a8bb9524c6cb80703a496","messageTitle":"Level 1","messageBody":"","tags":["Lv_1","Level-1"],"fileTypesAndContributionMap":{"java":{"insertions":17,"deletions":1}}},{"hash":"e0e76bba751def40b5b0a1dc8b180c8c6f59ec7b","messageTitle":"level 2","messageBody":"","tags":["Lv_2","Level-2"],"fileTypesAndContributionMap":{"java":{"insertions":13,"deletions":1}}},{"hash":"fa36184ef6fc790db9752c12c838aeb3761e9349","messageTitle":"Level 3 without inheritances","messageBody":"","fileTypesAndContributionMap":{"java":{"insertions":2,"deletions":0}}},{"hash":"d879c98c0e3c25018b126241fede76d220cce574","messageTitle":"level 3 with classes","messageBody":"","tags":["Lv_3","Level-3"],"fileTypesAndContributionMap":{"java":{"insertions":62,"deletions":12}}},{"hash":"da0d4a2d06adbfaf2c54c1a531ffe3f3180c04f0","messageTitle":"Level 4 done","messageBody":"","tags":["Level-4"],"fileTypesAndContributionMap":{"java":{"insertions":20,"deletions":0}}},{"hash":"bb3aff67203fd86b61a88317b471f94d35a21e77","messageTitle":"Level 5","messageBody":"","tags":["Level-5"],"fileTypesAndContributionMap":{"java":{"insertions":143,"deletions":28}}},{"hash":"5f1af8af828d356df44cd32cf6b45eaaaa9996c3","messageTitle":"Level 6 done, but change array to arraylist, implement collection","messageBody":"","tags":["Level-6"],"fileTypesAndContributionMap":{"java":{"insertions":43,"deletions":0}}},{"hash":"3b7a353e2b031cb4025e075ad005f7e11d50edca","messageTitle":"Updated to arraylist","messageBody":"","fileTypesAndContributionMap":{"txt":{"insertions":1,"deletions":0},"java":{"insertions":21,"deletions":15}}},{"hash":"9bd0560d6a7f30a9f660b40a18dab1f6a66147dc","messageTitle":"fixed minor bugs, made code cleaner","messageBody":"","fileTypesAndContributionMap":{"txt":{"insertions":12,"deletions":0},"java":{"insertions":21,"deletions":33},"bat":{"insertions":2,"deletions":0}}},{"hash":"027f2d5900ecac631f4f767b14846dcaaf2bc2c6","messageTitle":"remained main to Duke","messageBody":"","tags":["A-TextUiTesting"],"fileTypesAndContributionMap":{"java":{"insertions":106,"deletions":117},"sh":{"insertions":1,"deletions":1}}},{"hash":"5c6df61b27a7a597cff46b021f93cac5a34d11c2","messageTitle":"no message","messageBody":"","fileTypesAndContributionMap":{"sh":{"insertions":1,"deletions":1}}}]},{"date":"2022-08-27","commitResults":[{"hash":"9123a633301a3880d8e724dca567158e30c989a9","messageTitle":"uncommented try block","messageBody":"","fileTypesAndContributionMap":{"java":{"insertions":9,"deletions":7}}}]}]},"authorFileTypeContributionMap":{"PokezardVGC":{"java":249,"md":0,"fxml":0,"sh":0,"bat":2,"gradle":0,"txt":13}},"authorContributionVariance":{"PokezardVGC":26548.477},"authorDisplayNameMap":{"PokezardVGC":"CS2103-F09-1 POH .. JIE"}}
