[{"path":"build.gradle","fileType":"gradle","lines":[{"lineNumber":1,"author":{"gitId":"-"},"content":"plugins {","lastModifiedDate":"2020-05-25"},{"lineNumber":2,"author":{"gitId":"-"},"content":"    id \u0027java\u0027","lastModifiedDate":"2020-05-25"},{"lineNumber":3,"author":{"gitId":"-"},"content":"    id \u0027application\u0027","lastModifiedDate":"2020-05-25"},{"lineNumber":4,"author":{"gitId":"myangat0343"},"content":"    id \u0027checkstyle\u0027","lastModifiedDate":"2022-08-29"},{"lineNumber":5,"author":{"gitId":"-"},"content":"    id \u0027com.github.johnrengelman.shadow\u0027 version \u00275.1.0\u0027","lastModifiedDate":"2020-05-25"},{"lineNumber":6,"author":{"gitId":"-"},"content":"}","lastModifiedDate":"2020-05-25"},{"lineNumber":7,"author":{"gitId":"-"},"content":"","lastModifiedDate":"2020-05-25"},{"lineNumber":8,"author":{"gitId":"-"},"content":"repositories {","lastModifiedDate":"2020-05-25"},{"lineNumber":9,"author":{"gitId":"-"},"content":"    mavenCentral()","lastModifiedDate":"2020-05-25"},{"lineNumber":10,"author":{"gitId":"-"},"content":"}","lastModifiedDate":"2020-05-25"},{"lineNumber":11,"author":{"gitId":"-"},"content":"","lastModifiedDate":"2020-05-25"},{"lineNumber":12,"author":{"gitId":"-"},"content":"dependencies {","lastModifiedDate":"2020-05-25"},{"lineNumber":13,"author":{"gitId":"myangat0343"},"content":"    implementation \u0027org.junit.jupiter:junit-jupiter:5.8.1\u0027","lastModifiedDate":"2022-08-30"},{"lineNumber":14,"author":{"gitId":"myangat0343"},"content":"    implementation \u0027junit:junit:4.13.1\u0027","lastModifiedDate":"2022-08-30"},{"lineNumber":15,"author":{"gitId":"-"},"content":"    testImplementation group: \u0027org.junit.jupiter\u0027, name: \u0027junit-jupiter-api\u0027, version: \u00275.5.0\u0027","lastModifiedDate":"2020-05-25"},{"lineNumber":16,"author":{"gitId":"-"},"content":"    testRuntimeOnly group: \u0027org.junit.jupiter\u0027, name: \u0027junit-jupiter-engine\u0027, version: \u00275.5.0\u0027","lastModifiedDate":"2020-05-25"},{"lineNumber":17,"author":{"gitId":"myangat0343"},"content":"","lastModifiedDate":"2022-08-29"},{"lineNumber":18,"author":{"gitId":"-"},"content":"}","lastModifiedDate":"2020-05-25"},{"lineNumber":19,"author":{"gitId":"-"},"content":"","lastModifiedDate":"2020-05-25"},{"lineNumber":20,"author":{"gitId":"-"},"content":"test {","lastModifiedDate":"2020-05-25"},{"lineNumber":21,"author":{"gitId":"-"},"content":"    useJUnitPlatform()","lastModifiedDate":"2020-05-25"},{"lineNumber":22,"author":{"gitId":"-"},"content":"","lastModifiedDate":"2020-05-25"},{"lineNumber":23,"author":{"gitId":"-"},"content":"    testLogging {","lastModifiedDate":"2020-05-25"},{"lineNumber":24,"author":{"gitId":"-"},"content":"        events \"passed\", \"skipped\", \"failed\"","lastModifiedDate":"2020-05-25"},{"lineNumber":25,"author":{"gitId":"-"},"content":"","lastModifiedDate":"2020-05-25"},{"lineNumber":26,"author":{"gitId":"-"},"content":"        showExceptions true","lastModifiedDate":"2020-05-25"},{"lineNumber":27,"author":{"gitId":"-"},"content":"        exceptionFormat \"full\"","lastModifiedDate":"2020-05-25"},{"lineNumber":28,"author":{"gitId":"-"},"content":"        showCauses true","lastModifiedDate":"2020-05-25"},{"lineNumber":29,"author":{"gitId":"-"},"content":"        showStackTraces true","lastModifiedDate":"2020-05-25"},{"lineNumber":30,"author":{"gitId":"-"},"content":"        showStandardStreams \u003d false","lastModifiedDate":"2020-05-25"},{"lineNumber":31,"author":{"gitId":"-"},"content":"    }","lastModifiedDate":"2020-05-25"},{"lineNumber":32,"author":{"gitId":"-"},"content":"}","lastModifiedDate":"2020-05-25"},{"lineNumber":33,"author":{"gitId":"-"},"content":"","lastModifiedDate":"2020-05-25"},{"lineNumber":34,"author":{"gitId":"-"},"content":"application {","lastModifiedDate":"2020-05-25"},{"lineNumber":35,"author":{"gitId":"-"},"content":"    mainClassName \u003d \"seedu.duke.Duke\"","lastModifiedDate":"2020-05-25"},{"lineNumber":36,"author":{"gitId":"-"},"content":"}","lastModifiedDate":"2020-05-25"},{"lineNumber":37,"author":{"gitId":"-"},"content":"","lastModifiedDate":"2020-05-25"},{"lineNumber":38,"author":{"gitId":"-"},"content":"shadowJar {","lastModifiedDate":"2020-05-25"},{"lineNumber":39,"author":{"gitId":"-"},"content":"    archiveBaseName \u003d \"duke\"","lastModifiedDate":"2020-05-25"},{"lineNumber":40,"author":{"gitId":"-"},"content":"    archiveClassifier \u003d null","lastModifiedDate":"2020-05-25"},{"lineNumber":41,"author":{"gitId":"-"},"content":"}","lastModifiedDate":"2020-05-25"},{"lineNumber":42,"author":{"gitId":"-"},"content":"","lastModifiedDate":"2020-05-25"},{"lineNumber":43,"author":{"gitId":"-"},"content":"run{","lastModifiedDate":"2020-05-25"},{"lineNumber":44,"author":{"gitId":"-"},"content":"    standardInput \u003d System.in","lastModifiedDate":"2020-05-25"},{"lineNumber":45,"author":{"gitId":"-"},"content":"}","lastModifiedDate":"2020-05-25"}],"authorContributionMap":{"myangat0343":4,"-":41}},{"path":"src/main/java/Duke/Commands/AddTaskCommand.java","fileType":"java","lines":[{"lineNumber":1,"author":{"gitId":"myangat0343"},"content":"package Duke.Commands;","lastModifiedDate":"2022-09-03"},{"lineNumber":2,"author":{"gitId":"myangat0343"},"content":"","lastModifiedDate":"2022-09-03"},{"lineNumber":3,"author":{"gitId":"myangat0343"},"content":"import Duke.Tasks.Task;","lastModifiedDate":"2022-09-03"},{"lineNumber":4,"author":{"gitId":"myangat0343"},"content":"import Duke.Tasks.TaskList;","lastModifiedDate":"2022-09-03"},{"lineNumber":5,"author":{"gitId":"myangat0343"},"content":"","lastModifiedDate":"2022-09-03"},{"lineNumber":6,"author":{"gitId":"myangat0343"},"content":"/**","lastModifiedDate":"2022-09-03"},{"lineNumber":7,"author":{"gitId":"myangat0343"},"content":" * AddTaskCommand","lastModifiedDate":"2022-09-03"},{"lineNumber":8,"author":{"gitId":"myangat0343"},"content":" * Provides methods to handle commands of adding new tasks to the task list.","lastModifiedDate":"2022-09-03"},{"lineNumber":9,"author":{"gitId":"myangat0343"},"content":" * Types of class: ToDo, Deadline, Event","lastModifiedDate":"2022-09-03"},{"lineNumber":10,"author":{"gitId":"myangat0343"},"content":" */","lastModifiedDate":"2022-09-03"},{"lineNumber":11,"author":{"gitId":"myangat0343"},"content":"public class AddTaskCommand extends UserCommand {","lastModifiedDate":"2022-09-03"},{"lineNumber":12,"author":{"gitId":"myangat0343"},"content":"","lastModifiedDate":"2022-09-03"},{"lineNumber":13,"author":{"gitId":"myangat0343"},"content":"    private Task newTask;","lastModifiedDate":"2022-09-03"},{"lineNumber":14,"author":{"gitId":"myangat0343"},"content":"","lastModifiedDate":"2022-09-03"},{"lineNumber":15,"author":{"gitId":"myangat0343"},"content":"    public AddTaskCommand(Task newTask, TaskList tasks) {","lastModifiedDate":"2022-09-03"},{"lineNumber":16,"author":{"gitId":"myangat0343"},"content":"        super(tasks);","lastModifiedDate":"2022-09-03"},{"lineNumber":17,"author":{"gitId":"myangat0343"},"content":"        this.newTask \u003d newTask;","lastModifiedDate":"2022-09-03"},{"lineNumber":18,"author":{"gitId":"myangat0343"},"content":"    }","lastModifiedDate":"2022-09-03"},{"lineNumber":19,"author":{"gitId":"myangat0343"},"content":"","lastModifiedDate":"2022-09-03"},{"lineNumber":20,"author":{"gitId":"myangat0343"},"content":"    @Override","lastModifiedDate":"2022-09-03"},{"lineNumber":21,"author":{"gitId":"myangat0343"},"content":"    public String execute() {","lastModifiedDate":"2022-09-03"},{"lineNumber":22,"author":{"gitId":"myangat0343"},"content":"        tasks.addTask(this.newTask);","lastModifiedDate":"2022-09-03"},{"lineNumber":23,"author":{"gitId":"myangat0343"},"content":"        return String.format(\"Done Added\");","lastModifiedDate":"2022-09-03"},{"lineNumber":24,"author":{"gitId":"myangat0343"},"content":"    }","lastModifiedDate":"2022-09-03"},{"lineNumber":25,"author":{"gitId":"myangat0343"},"content":"}","lastModifiedDate":"2022-09-03"}],"authorContributionMap":{"myangat0343":25}},{"path":"src/main/java/Duke/Commands/FindTaskCommand.java","fileType":"java","lines":[{"lineNumber":1,"author":{"gitId":"myangat0343"},"content":"package Duke.Commands;","lastModifiedDate":"2022-09-03"},{"lineNumber":2,"author":{"gitId":"myangat0343"},"content":"","lastModifiedDate":"2022-09-03"},{"lineNumber":3,"author":{"gitId":"myangat0343"},"content":"import Duke.Exceptions.DukeException;","lastModifiedDate":"2022-09-03"},{"lineNumber":4,"author":{"gitId":"myangat0343"},"content":"","lastModifiedDate":"2022-09-03"},{"lineNumber":5,"author":{"gitId":"myangat0343"},"content":"public class FindTaskCommand extends UserCommand{","lastModifiedDate":"2022-09-03"},{"lineNumber":6,"author":{"gitId":"myangat0343"},"content":"    @Override","lastModifiedDate":"2022-09-03"},{"lineNumber":7,"author":{"gitId":"myangat0343"},"content":"    public String execute() throws DukeException {","lastModifiedDate":"2022-09-03"},{"lineNumber":8,"author":{"gitId":"myangat0343"},"content":"        return null;","lastModifiedDate":"2022-09-03"},{"lineNumber":9,"author":{"gitId":"myangat0343"},"content":"    }","lastModifiedDate":"2022-09-03"},{"lineNumber":10,"author":{"gitId":"myangat0343"},"content":"}","lastModifiedDate":"2022-09-03"}],"authorContributionMap":{"myangat0343":10}},{"path":"src/main/java/Duke/Commands/QuitCommand.java","fileType":"java","lines":[{"lineNumber":1,"author":{"gitId":"myangat0343"},"content":"package Duke.Commands;","lastModifiedDate":"2022-09-03"},{"lineNumber":2,"author":{"gitId":"myangat0343"},"content":"","lastModifiedDate":"2022-09-03"},{"lineNumber":3,"author":{"gitId":"myangat0343"},"content":"import Duke.Exceptions.DukeException;","lastModifiedDate":"2022-09-03"},{"lineNumber":4,"author":{"gitId":"myangat0343"},"content":"","lastModifiedDate":"2022-09-03"},{"lineNumber":5,"author":{"gitId":"myangat0343"},"content":"public class QuitCommand extends UserCommand{","lastModifiedDate":"2022-09-03"},{"lineNumber":6,"author":{"gitId":"myangat0343"},"content":"","lastModifiedDate":"2022-09-03"},{"lineNumber":7,"author":{"gitId":"myangat0343"},"content":"    @Override","lastModifiedDate":"2022-09-03"},{"lineNumber":8,"author":{"gitId":"myangat0343"},"content":"    public String execute() throws DukeException {","lastModifiedDate":"2022-09-03"},{"lineNumber":9,"author":{"gitId":"myangat0343"},"content":"        return \"Bye\";","lastModifiedDate":"2022-09-03"},{"lineNumber":10,"author":{"gitId":"myangat0343"},"content":"    }","lastModifiedDate":"2022-09-03"},{"lineNumber":11,"author":{"gitId":"myangat0343"},"content":"}","lastModifiedDate":"2022-09-03"}],"authorContributionMap":{"myangat0343":11}},{"path":"src/main/java/Duke/Commands/UserCommand.java","fileType":"java","lines":[{"lineNumber":1,"author":{"gitId":"myangat0343"},"content":"package Duke.Commands;","lastModifiedDate":"2022-09-03"},{"lineNumber":2,"author":{"gitId":"myangat0343"},"content":"","lastModifiedDate":"2022-09-03"},{"lineNumber":3,"author":{"gitId":"myangat0343"},"content":"import Duke.Exceptions.DukeException;","lastModifiedDate":"2022-09-03"},{"lineNumber":4,"author":{"gitId":"myangat0343"},"content":"import Duke.Tasks.TaskList;","lastModifiedDate":"2022-09-03"},{"lineNumber":5,"author":{"gitId":"myangat0343"},"content":"","lastModifiedDate":"2022-09-03"},{"lineNumber":6,"author":{"gitId":"myangat0343"},"content":"/**","lastModifiedDate":"2022-09-03"},{"lineNumber":7,"author":{"gitId":"myangat0343"},"content":" * UserCommand","lastModifiedDate":"2022-09-03"},{"lineNumber":8,"author":{"gitId":"myangat0343"},"content":" * An abstract class to conduct all commands","lastModifiedDate":"2022-09-03"},{"lineNumber":9,"author":{"gitId":"myangat0343"},"content":" */","lastModifiedDate":"2022-09-03"},{"lineNumber":10,"author":{"gitId":"myangat0343"},"content":"public abstract class UserCommand {","lastModifiedDate":"2022-09-03"},{"lineNumber":11,"author":{"gitId":"myangat0343"},"content":"    protected TaskList tasks;","lastModifiedDate":"2022-09-03"},{"lineNumber":12,"author":{"gitId":"myangat0343"},"content":"","lastModifiedDate":"2022-09-03"},{"lineNumber":13,"author":{"gitId":"myangat0343"},"content":"","lastModifiedDate":"2022-09-03"},{"lineNumber":14,"author":{"gitId":"myangat0343"},"content":"    UserCommand(){}","lastModifiedDate":"2022-09-03"},{"lineNumber":15,"author":{"gitId":"myangat0343"},"content":"","lastModifiedDate":"2022-09-03"},{"lineNumber":16,"author":{"gitId":"myangat0343"},"content":"    UserCommand(TaskList tasks) { this.tasks \u003d tasks; }","lastModifiedDate":"2022-09-03"},{"lineNumber":17,"author":{"gitId":"myangat0343"},"content":"","lastModifiedDate":"2022-09-03"},{"lineNumber":18,"author":{"gitId":"myangat0343"},"content":"    abstract public String execute() throws DukeException;","lastModifiedDate":"2022-09-03"},{"lineNumber":19,"author":{"gitId":"myangat0343"},"content":"}","lastModifiedDate":"2022-09-03"}],"authorContributionMap":{"myangat0343":19}},{"path":"src/main/java/Duke/Duke.java","fileType":"java","lines":[{"lineNumber":1,"author":{"gitId":"myangat0343"},"content":"","lastModifiedDate":"2022-08-23"},{"lineNumber":2,"author":{"gitId":"myangat0343"},"content":"package Duke;","lastModifiedDate":"2022-08-30"},{"lineNumber":3,"author":{"gitId":"myangat0343"},"content":"import Duke.Exceptions.DukeException;","lastModifiedDate":"2022-08-30"},{"lineNumber":4,"author":{"gitId":"myangat0343"},"content":"import Duke.Tasks.Deadline;","lastModifiedDate":"2022-09-04"},{"lineNumber":5,"author":{"gitId":"myangat0343"},"content":"import Duke.Tasks.Event;","lastModifiedDate":"2022-09-04"},{"lineNumber":6,"author":{"gitId":"myangat0343"},"content":"import Duke.Tasks.TaskList;","lastModifiedDate":"2022-08-30"},{"lineNumber":7,"author":{"gitId":"myangat0343"},"content":"import Duke.*;","lastModifiedDate":"2022-09-04"},{"lineNumber":8,"author":{"gitId":"myangat0343"},"content":"import Duke.UI.Ui;","lastModifiedDate":"2022-08-30"},{"lineNumber":9,"author":{"gitId":"myangat0343"},"content":"","lastModifiedDate":"2022-08-23"},{"lineNumber":10,"author":{"gitId":"myangat0343"},"content":"","lastModifiedDate":"2022-08-31"},{"lineNumber":11,"author":{"gitId":"myangat0343"},"content":"import Duke.Storage.FileReader;","lastModifiedDate":"2022-09-03"},{"lineNumber":12,"author":{"gitId":"myangat0343"},"content":"","lastModifiedDate":"2022-08-23"},{"lineNumber":13,"author":{"gitId":"myangat0343"},"content":"import java.io.*;","lastModifiedDate":"2022-08-31"},{"lineNumber":14,"author":{"gitId":"myangat0343"},"content":"import java.time.LocalDate;","lastModifiedDate":"2022-09-04"},{"lineNumber":15,"author":{"gitId":"myangat0343"},"content":"import java.time.LocalDateTime;","lastModifiedDate":"2022-09-04"},{"lineNumber":16,"author":{"gitId":"myangat0343"},"content":"import java.time.LocalTime;","lastModifiedDate":"2022-09-04"},{"lineNumber":17,"author":{"gitId":"myangat0343"},"content":"","lastModifiedDate":"2022-08-24"},{"lineNumber":18,"author":{"gitId":"myangat0343"},"content":"","lastModifiedDate":"2022-08-20"},{"lineNumber":19,"author":{"gitId":"myangat0343"},"content":"/**","lastModifiedDate":"2022-09-03"},{"lineNumber":20,"author":{"gitId":"myangat0343"},"content":" * Duke App Main class","lastModifiedDate":"2022-09-03"},{"lineNumber":21,"author":{"gitId":"myangat0343"},"content":" */","lastModifiedDate":"2022-09-03"},{"lineNumber":22,"author":{"gitId":"myangat0343"},"content":"","lastModifiedDate":"2022-08-20"},{"lineNumber":23,"author":{"gitId":"-"},"content":"public class Duke {","lastModifiedDate":"2019-07-29"},{"lineNumber":24,"author":{"gitId":"myangat0343"},"content":"","lastModifiedDate":"2022-08-23"},{"lineNumber":25,"author":{"gitId":"myangat0343"},"content":"    private static final FileReader storage \u003d new FileReader(\"Duke\");","lastModifiedDate":"2022-09-03"},{"lineNumber":26,"author":{"gitId":"myangat0343"},"content":"    ;","lastModifiedDate":"2022-09-03"},{"lineNumber":27,"author":{"gitId":"myangat0343"},"content":"","lastModifiedDate":"2022-08-23"},{"lineNumber":28,"author":{"gitId":"myangat0343"},"content":"    private static final TaskList tasks \u003d storage.load();","lastModifiedDate":"2022-09-03"},{"lineNumber":29,"author":{"gitId":"myangat0343"},"content":"","lastModifiedDate":"2022-08-23"},{"lineNumber":30,"author":{"gitId":"myangat0343"},"content":"    private static final Ui ui \u003d new Ui();","lastModifiedDate":"2022-08-31"},{"lineNumber":31,"author":{"gitId":"myangat0343"},"content":"","lastModifiedDate":"2022-08-23"},{"lineNumber":32,"author":{"gitId":"myangat0343"},"content":"    private void launch() throws FileNotFoundException {","lastModifiedDate":"2022-08-31"},{"lineNumber":33,"author":{"gitId":"myangat0343"},"content":"        System.out.println(\"Hello World!!!!\");","lastModifiedDate":"2022-08-31"},{"lineNumber":34,"author":{"gitId":"myangat0343"},"content":"","lastModifiedDate":"2022-08-23"},{"lineNumber":35,"author":{"gitId":"myangat0343"},"content":"","lastModifiedDate":"2022-08-23"},{"lineNumber":36,"author":{"gitId":"myangat0343"},"content":"//        try {","lastModifiedDate":"2022-08-31"},{"lineNumber":37,"author":{"gitId":"myangat0343"},"content":"//            FileInputStream fis \u003d new FileInputStream(String.valueOf(filePath));","lastModifiedDate":"2022-08-31"},{"lineNumber":38,"author":{"gitId":"myangat0343"},"content":"//            ObjectInputStream reader \u003d new ObjectInputStream(fis);","lastModifiedDate":"2022-08-31"},{"lineNumber":39,"author":{"gitId":"myangat0343"},"content":"//","lastModifiedDate":"2022-08-31"},{"lineNumber":40,"author":{"gitId":"myangat0343"},"content":"//        } catch (IOException e){","lastModifiedDate":"2022-08-31"},{"lineNumber":41,"author":{"gitId":"myangat0343"},"content":"//            System.out.println(\"wromg\");","lastModifiedDate":"2022-08-31"},{"lineNumber":42,"author":{"gitId":"myangat0343"},"content":"//        }","lastModifiedDate":"2022-08-31"},{"lineNumber":43,"author":{"gitId":"myangat0343"},"content":"","lastModifiedDate":"2022-08-31"},{"lineNumber":44,"author":{"gitId":"myangat0343"},"content":"","lastModifiedDate":"2022-08-23"},{"lineNumber":45,"author":{"gitId":"myangat0343"},"content":"    }","lastModifiedDate":"2022-08-23"},{"lineNumber":46,"author":{"gitId":"myangat0343"},"content":"","lastModifiedDate":"2022-08-23"},{"lineNumber":47,"author":{"gitId":"myangat0343"},"content":"","lastModifiedDate":"2022-08-31"},{"lineNumber":48,"author":{"gitId":"myangat0343"},"content":"    public void run() {","lastModifiedDate":"2022-08-23"},{"lineNumber":49,"author":{"gitId":"myangat0343"},"content":"        ui.showWelcome();","lastModifiedDate":"2022-08-24"},{"lineNumber":50,"author":{"gitId":"myangat0343"},"content":"        boolean isExit \u003d false;","lastModifiedDate":"2022-08-24"},{"lineNumber":51,"author":{"gitId":"myangat0343"},"content":"//        while (!isExit) {","lastModifiedDate":"2022-08-30"},{"lineNumber":52,"author":{"gitId":"myangat0343"},"content":"//            /*","lastModifiedDate":"2022-08-30"},{"lineNumber":53,"author":{"gitId":"myangat0343"},"content":"//            try {","lastModifiedDate":"2022-08-30"},{"lineNumber":54,"author":{"gitId":"myangat0343"},"content":"//                String fullCommand \u003d ui.readCommand();","lastModifiedDate":"2022-08-30"},{"lineNumber":55,"author":{"gitId":"myangat0343"},"content":"//                ui.showLine();","lastModifiedDate":"2022-08-30"},{"lineNumber":56,"author":{"gitId":"myangat0343"},"content":"//                Command c \u003d Parser.parse(fullCommand);","lastModifiedDate":"2022-08-30"},{"lineNumber":57,"author":{"gitId":"myangat0343"},"content":"//","lastModifiedDate":"2022-08-30"},{"lineNumber":58,"author":{"gitId":"myangat0343"},"content":"//","lastModifiedDate":"2022-08-30"},{"lineNumber":59,"author":{"gitId":"myangat0343"},"content":"//            } catch (DukeException e) {","lastModifiedDate":"2022-08-30"},{"lineNumber":60,"author":{"gitId":"myangat0343"},"content":"//                ui.showError(e.getMessage());","lastModifiedDate":"2022-08-30"},{"lineNumber":61,"author":{"gitId":"myangat0343"},"content":"//            } finally {","lastModifiedDate":"2022-08-30"},{"lineNumber":62,"author":{"gitId":"myangat0343"},"content":"//                ui.showLine();","lastModifiedDate":"2022-08-30"},{"lineNumber":63,"author":{"gitId":"myangat0343"},"content":"//            }","lastModifiedDate":"2022-08-30"},{"lineNumber":64,"author":{"gitId":"myangat0343"},"content":"//*/","lastModifiedDate":"2022-08-30"},{"lineNumber":65,"author":{"gitId":"myangat0343"},"content":"//        }","lastModifiedDate":"2022-08-30"},{"lineNumber":66,"author":{"gitId":"myangat0343"},"content":"","lastModifiedDate":"2022-08-23"},{"lineNumber":67,"author":{"gitId":"myangat0343"},"content":"","lastModifiedDate":"2022-08-23"},{"lineNumber":68,"author":{"gitId":"myangat0343"},"content":"    }","lastModifiedDate":"2022-08-23"},{"lineNumber":69,"author":{"gitId":"myangat0343"},"content":"","lastModifiedDate":"2022-09-03"},{"lineNumber":70,"author":{"gitId":"myangat0343"},"content":"    public static void main(String[] args) throws DukeException, FileNotFoundException {","lastModifiedDate":"2022-08-31"},{"lineNumber":71,"author":{"gitId":"myangat0343"},"content":"        Event e \u003d new Event(\"Go to the lecture\", LocalDateTime.of(LocalDate.parse(\"2022-02-22\"), LocalTime.parse(\"11:22\")), false);","lastModifiedDate":"2022-09-04"},{"lineNumber":72,"author":{"gitId":"myangat0343"},"content":"        Deadline ddl \u003d new Deadline(\"Go to the lecture\", LocalDateTime.of(LocalDate.parse(\"2022-02-22\"), LocalTime.parse(\"11:22\")), true);","lastModifiedDate":"2022-09-04"},{"lineNumber":73,"author":{"gitId":"myangat0343"},"content":"","lastModifiedDate":"2022-09-04"},{"lineNumber":74,"author":{"gitId":"myangat0343"},"content":"        System.out.println(e.toString());","lastModifiedDate":"2022-09-04"},{"lineNumber":75,"author":{"gitId":"myangat0343"},"content":"        System.out.println(e.save());","lastModifiedDate":"2022-09-04"},{"lineNumber":76,"author":{"gitId":"myangat0343"},"content":"        System.out.println(ddl.toString());","lastModifiedDate":"2022-09-04"},{"lineNumber":77,"author":{"gitId":"myangat0343"},"content":"        System.out.println(ddl.save());","lastModifiedDate":"2022-09-04"},{"lineNumber":78,"author":{"gitId":"myangat0343"},"content":"       // new Duke().launch();","lastModifiedDate":"2022-09-04"},{"lineNumber":79,"author":{"gitId":"myangat0343"},"content":"    }","lastModifiedDate":"2022-08-23"},{"lineNumber":80,"author":{"gitId":"myangat0343"},"content":"}","lastModifiedDate":"2022-08-20"},{"lineNumber":81,"author":{"gitId":"myangat0343"},"content":"","lastModifiedDate":"2022-08-21"},{"lineNumber":82,"author":{"gitId":"myangat0343"},"content":"","lastModifiedDate":"2022-08-23"}],"authorContributionMap":{"myangat0343":81,"-":1}},{"path":"src/main/java/Duke/Exceptions/DukeException.java","fileType":"java","lines":[{"lineNumber":1,"author":{"gitId":"myangat0343"},"content":"package Duke.Exceptions;","lastModifiedDate":"2022-08-30"},{"lineNumber":2,"author":{"gitId":"myangat0343"},"content":"","lastModifiedDate":"2022-08-23"},{"lineNumber":3,"author":{"gitId":"myangat0343"},"content":"public abstract class DukeException extends Exception{","lastModifiedDate":"2022-08-21"},{"lineNumber":4,"author":{"gitId":"myangat0343"},"content":"","lastModifiedDate":"2022-08-21"},{"lineNumber":5,"author":{"gitId":"myangat0343"},"content":"","lastModifiedDate":"2022-08-21"},{"lineNumber":6,"author":{"gitId":"myangat0343"},"content":"}","lastModifiedDate":"2022-08-21"}],"authorContributionMap":{"myangat0343":6}},{"path":"src/main/java/Duke/Exceptions/InvalidCommentException.java","fileType":"java","lines":[{"lineNumber":1,"author":{"gitId":"myangat0343"},"content":"package Duke.Exceptions;","lastModifiedDate":"2022-08-30"},{"lineNumber":2,"author":{"gitId":"myangat0343"},"content":"","lastModifiedDate":"2022-08-24"},{"lineNumber":3,"author":{"gitId":"myangat0343"},"content":"","lastModifiedDate":"2022-08-23"},{"lineNumber":4,"author":{"gitId":"myangat0343"},"content":"public class InvalidCommentException extends DukeException {","lastModifiedDate":"2022-08-21"},{"lineNumber":5,"author":{"gitId":"myangat0343"},"content":"","lastModifiedDate":"2022-08-21"},{"lineNumber":6,"author":{"gitId":"myangat0343"},"content":"    @Override","lastModifiedDate":"2022-08-21"},{"lineNumber":7,"author":{"gitId":"myangat0343"},"content":"    public String toString(){","lastModifiedDate":"2022-08-21"},{"lineNumber":8,"author":{"gitId":"myangat0343"},"content":"        return \" ☹ OOPS!!! I\u0027m sorry, but I don\u0027t know what that means :-(\";","lastModifiedDate":"2022-08-21"},{"lineNumber":9,"author":{"gitId":"myangat0343"},"content":"    }","lastModifiedDate":"2022-08-21"},{"lineNumber":10,"author":{"gitId":"myangat0343"},"content":"}","lastModifiedDate":"2022-08-21"}],"authorContributionMap":{"myangat0343":10}},{"path":"src/main/java/Duke/Exceptions/StoredFileException.java","fileType":"java","lines":[{"lineNumber":1,"author":{"gitId":"myangat0343"},"content":"package Duke.Exceptions;","lastModifiedDate":"2022-08-30"},{"lineNumber":2,"author":{"gitId":"myangat0343"},"content":"","lastModifiedDate":"2022-08-23"},{"lineNumber":3,"author":{"gitId":"myangat0343"},"content":"","lastModifiedDate":"2022-08-23"},{"lineNumber":4,"author":{"gitId":"myangat0343"},"content":"","lastModifiedDate":"2022-08-23"},{"lineNumber":5,"author":{"gitId":"myangat0343"},"content":"public class StoredFileException extends DukeException{","lastModifiedDate":"2022-08-23"},{"lineNumber":6,"author":{"gitId":"myangat0343"},"content":"    @Override","lastModifiedDate":"2022-08-23"},{"lineNumber":7,"author":{"gitId":"myangat0343"},"content":"    public String toString() {","lastModifiedDate":"2022-08-23"},{"lineNumber":8,"author":{"gitId":"myangat0343"},"content":"        return \"StoredFileException.\";","lastModifiedDate":"2022-08-23"},{"lineNumber":9,"author":{"gitId":"myangat0343"},"content":"    }","lastModifiedDate":"2022-08-23"},{"lineNumber":10,"author":{"gitId":"myangat0343"},"content":"}","lastModifiedDate":"2022-08-23"}],"authorContributionMap":{"myangat0343":10}},{"path":"src/main/java/Duke/Exceptions/TaskIndexException.java","fileType":"java","lines":[{"lineNumber":1,"author":{"gitId":"myangat0343"},"content":"package Duke.Exceptions;","lastModifiedDate":"2022-08-30"},{"lineNumber":2,"author":{"gitId":"myangat0343"},"content":"","lastModifiedDate":"2022-08-24"},{"lineNumber":3,"author":{"gitId":"myangat0343"},"content":"","lastModifiedDate":"2022-08-23"},{"lineNumber":4,"author":{"gitId":"myangat0343"},"content":"public class TaskIndexException extends DukeException {","lastModifiedDate":"2022-08-21"},{"lineNumber":5,"author":{"gitId":"myangat0343"},"content":"","lastModifiedDate":"2022-08-21"},{"lineNumber":6,"author":{"gitId":"myangat0343"},"content":"    @Override","lastModifiedDate":"2022-08-21"},{"lineNumber":7,"author":{"gitId":"myangat0343"},"content":"    public String toString(){","lastModifiedDate":"2022-08-21"},{"lineNumber":8,"author":{"gitId":"myangat0343"},"content":"        return \" ☹ OOPS!!! The description of a todo cannot be empty.\";","lastModifiedDate":"2022-08-21"},{"lineNumber":9,"author":{"gitId":"myangat0343"},"content":"    }","lastModifiedDate":"2022-08-21"},{"lineNumber":10,"author":{"gitId":"myangat0343"},"content":"}","lastModifiedDate":"2022-08-21"}],"authorContributionMap":{"myangat0343":10}},{"path":"src/main/java/Duke/Parser/CLIParser.java","fileType":"java","lines":[{"lineNumber":1,"author":{"gitId":"myangat0343"},"content":"package Duke.Parser;","lastModifiedDate":"2022-09-03"},{"lineNumber":2,"author":{"gitId":"myangat0343"},"content":"","lastModifiedDate":"2022-09-03"},{"lineNumber":3,"author":{"gitId":"myangat0343"},"content":"import Duke.Commands.UserCommand;","lastModifiedDate":"2022-09-03"},{"lineNumber":4,"author":{"gitId":"myangat0343"},"content":"","lastModifiedDate":"2022-09-03"},{"lineNumber":5,"author":{"gitId":"myangat0343"},"content":"import Duke.Commands.AddTaskCommand;","lastModifiedDate":"2022-09-03"},{"lineNumber":6,"author":{"gitId":"myangat0343"},"content":"import Duke.Commands.QuitCommand;","lastModifiedDate":"2022-09-03"},{"lineNumber":7,"author":{"gitId":"myangat0343"},"content":"","lastModifiedDate":"2022-09-03"},{"lineNumber":8,"author":{"gitId":"myangat0343"},"content":"","lastModifiedDate":"2022-09-03"},{"lineNumber":9,"author":{"gitId":"myangat0343"},"content":"import Duke.Exceptions.DukeException;","lastModifiedDate":"2022-09-03"},{"lineNumber":10,"author":{"gitId":"myangat0343"},"content":"import Duke.Exceptions.InvalidCommentException;","lastModifiedDate":"2022-09-03"},{"lineNumber":11,"author":{"gitId":"myangat0343"},"content":"import Duke.Tasks.TaskList;","lastModifiedDate":"2022-09-03"},{"lineNumber":12,"author":{"gitId":"myangat0343"},"content":"import Duke.Tasks.ToDo;","lastModifiedDate":"2022-09-03"},{"lineNumber":13,"author":{"gitId":"myangat0343"},"content":"import Duke.Tasks.Deadline;","lastModifiedDate":"2022-09-03"},{"lineNumber":14,"author":{"gitId":"myangat0343"},"content":"","lastModifiedDate":"2022-09-03"},{"lineNumber":15,"author":{"gitId":"myangat0343"},"content":"","lastModifiedDate":"2022-09-03"},{"lineNumber":16,"author":{"gitId":"myangat0343"},"content":"import javax.xml.stream.events.Comment;","lastModifiedDate":"2022-09-03"},{"lineNumber":17,"author":{"gitId":"myangat0343"},"content":"","lastModifiedDate":"2022-09-03"},{"lineNumber":18,"author":{"gitId":"myangat0343"},"content":"/**","lastModifiedDate":"2022-09-03"},{"lineNumber":19,"author":{"gitId":"myangat0343"},"content":" * CLIParser","lastModifiedDate":"2022-09-03"},{"lineNumber":20,"author":{"gitId":"myangat0343"},"content":" * Acts as a class to interpret user commands.","lastModifiedDate":"2022-09-03"},{"lineNumber":21,"author":{"gitId":"myangat0343"},"content":" */","lastModifiedDate":"2022-09-03"},{"lineNumber":22,"author":{"gitId":"myangat0343"},"content":"public class CLIParser {","lastModifiedDate":"2022-09-03"},{"lineNumber":23,"author":{"gitId":"myangat0343"},"content":"","lastModifiedDate":"2022-09-03"},{"lineNumber":24,"author":{"gitId":"myangat0343"},"content":"    // Like a classifier","lastModifiedDate":"2022-09-03"},{"lineNumber":25,"author":{"gitId":"myangat0343"},"content":"    public UserCommand parseCommand(String command, TaskList userTasks) throws DukeException {","lastModifiedDate":"2022-09-03"},{"lineNumber":26,"author":{"gitId":"myangat0343"},"content":"        int firstSpace \u003d command.indexOf(\" \");","lastModifiedDate":"2022-09-03"},{"lineNumber":27,"author":{"gitId":"myangat0343"},"content":"","lastModifiedDate":"2022-09-03"},{"lineNumber":28,"author":{"gitId":"myangat0343"},"content":"        if (firstSpace \u003d\u003d -1) {","lastModifiedDate":"2022-09-03"},{"lineNumber":29,"author":{"gitId":"myangat0343"},"content":"            if (command.equals(\"bye\")) {","lastModifiedDate":"2022-09-03"},{"lineNumber":30,"author":{"gitId":"myangat0343"},"content":"                return new QuitCommand();","lastModifiedDate":"2022-09-03"},{"lineNumber":31,"author":{"gitId":"myangat0343"},"content":"            }","lastModifiedDate":"2022-09-03"},{"lineNumber":32,"author":{"gitId":"myangat0343"},"content":"","lastModifiedDate":"2022-09-03"},{"lineNumber":33,"author":{"gitId":"myangat0343"},"content":"            // This one means the command don\u0027t needs execute","lastModifiedDate":"2022-09-03"},{"lineNumber":34,"author":{"gitId":"myangat0343"},"content":"            throw new InvalidCommentException();","lastModifiedDate":"2022-09-03"},{"lineNumber":35,"author":{"gitId":"myangat0343"},"content":"","lastModifiedDate":"2022-09-03"},{"lineNumber":36,"author":{"gitId":"myangat0343"},"content":"        }","lastModifiedDate":"2022-09-03"},{"lineNumber":37,"author":{"gitId":"myangat0343"},"content":"","lastModifiedDate":"2022-09-03"},{"lineNumber":38,"author":{"gitId":"myangat0343"},"content":"        String commandType \u003d command.substring(0, firstSpace);","lastModifiedDate":"2022-09-03"},{"lineNumber":39,"author":{"gitId":"myangat0343"},"content":"        String commandElse \u003d command.substring(firstSpace).strip();","lastModifiedDate":"2022-09-03"},{"lineNumber":40,"author":{"gitId":"myangat0343"},"content":"","lastModifiedDate":"2022-09-03"},{"lineNumber":41,"author":{"gitId":"myangat0343"},"content":"        if (commandType.equals(\"ToDo\")) {","lastModifiedDate":"2022-09-03"},{"lineNumber":42,"author":{"gitId":"myangat0343"},"content":"            return parseTodoCommand(commandElse, userTasks);","lastModifiedDate":"2022-09-03"},{"lineNumber":43,"author":{"gitId":"myangat0343"},"content":"        }","lastModifiedDate":"2022-09-03"},{"lineNumber":44,"author":{"gitId":"myangat0343"},"content":"","lastModifiedDate":"2022-09-03"},{"lineNumber":45,"author":{"gitId":"myangat0343"},"content":"        if (commandType.equals(\"Deadline\")) {","lastModifiedDate":"2022-09-03"},{"lineNumber":46,"author":{"gitId":"myangat0343"},"content":"            return parseDeadlineCommand(commandElse, userTasks);","lastModifiedDate":"2022-09-03"},{"lineNumber":47,"author":{"gitId":"myangat0343"},"content":"        }","lastModifiedDate":"2022-09-03"},{"lineNumber":48,"author":{"gitId":"myangat0343"},"content":"","lastModifiedDate":"2022-09-03"},{"lineNumber":49,"author":{"gitId":"myangat0343"},"content":"        return null;","lastModifiedDate":"2022-09-03"},{"lineNumber":50,"author":{"gitId":"myangat0343"},"content":"    }","lastModifiedDate":"2022-09-03"},{"lineNumber":51,"author":{"gitId":"myangat0343"},"content":"","lastModifiedDate":"2022-09-03"},{"lineNumber":52,"author":{"gitId":"myangat0343"},"content":"","lastModifiedDate":"2022-09-03"},{"lineNumber":53,"author":{"gitId":"myangat0343"},"content":"","lastModifiedDate":"2022-09-03"},{"lineNumber":54,"author":{"gitId":"myangat0343"},"content":"    private AddTaskCommand parseTodoCommand(String taskName, TaskList userTask) {","lastModifiedDate":"2022-09-03"},{"lineNumber":55,"author":{"gitId":"myangat0343"},"content":"        return new AddTaskCommand(new ToDo(taskName, false), userTask);","lastModifiedDate":"2022-09-03"},{"lineNumber":56,"author":{"gitId":"myangat0343"},"content":"    }","lastModifiedDate":"2022-09-03"},{"lineNumber":57,"author":{"gitId":"myangat0343"},"content":"    private AddTaskCommand parseDeadlineCommand(String commandElse, TaskList userTask) {","lastModifiedDate":"2022-09-03"},{"lineNumber":58,"author":{"gitId":"myangat0343"},"content":"","lastModifiedDate":"2022-09-03"},{"lineNumber":59,"author":{"gitId":"myangat0343"},"content":"        try {","lastModifiedDate":"2022-09-03"},{"lineNumber":60,"author":{"gitId":"myangat0343"},"content":"            String[] parts \u003d commandElse.split(\"/\");","lastModifiedDate":"2022-09-03"},{"lineNumber":61,"author":{"gitId":"myangat0343"},"content":"            String taskName \u003d parts[0].strip();","lastModifiedDate":"2022-09-03"},{"lineNumber":62,"author":{"gitId":"myangat0343"},"content":"            String[] time \u003d parts[1].strip().split(\" \");","lastModifiedDate":"2022-09-03"},{"lineNumber":63,"author":{"gitId":"myangat0343"},"content":"        } catch (Exception e) {","lastModifiedDate":"2022-09-03"},{"lineNumber":64,"author":{"gitId":"myangat0343"},"content":"","lastModifiedDate":"2022-09-03"},{"lineNumber":65,"author":{"gitId":"myangat0343"},"content":"        }","lastModifiedDate":"2022-09-03"},{"lineNumber":66,"author":{"gitId":"myangat0343"},"content":"        Deadline deadline \u003d null;","lastModifiedDate":"2022-09-03"},{"lineNumber":67,"author":{"gitId":"myangat0343"},"content":"","lastModifiedDate":"2022-09-03"},{"lineNumber":68,"author":{"gitId":"myangat0343"},"content":"        return new AddTaskCommand(null, userTask);","lastModifiedDate":"2022-09-03"},{"lineNumber":69,"author":{"gitId":"myangat0343"},"content":"    }","lastModifiedDate":"2022-09-03"},{"lineNumber":70,"author":{"gitId":"myangat0343"},"content":"","lastModifiedDate":"2022-09-03"},{"lineNumber":71,"author":{"gitId":"myangat0343"},"content":"}","lastModifiedDate":"2022-09-03"}],"authorContributionMap":{"myangat0343":71}},{"path":"src/main/java/Duke/Storage/FileReader.java","fileType":"java","lines":[{"lineNumber":1,"author":{"gitId":"myangat0343"},"content":"package Duke.Storage;","lastModifiedDate":"2022-08-30"},{"lineNumber":2,"author":{"gitId":"myangat0343"},"content":"","lastModifiedDate":"2022-08-23"},{"lineNumber":3,"author":{"gitId":"myangat0343"},"content":"import Duke.Exceptions.StoredFileException;","lastModifiedDate":"2022-08-30"},{"lineNumber":4,"author":{"gitId":"myangat0343"},"content":"","lastModifiedDate":"2022-08-23"},{"lineNumber":5,"author":{"gitId":"myangat0343"},"content":"import Duke.Tasks.TaskList;","lastModifiedDate":"2022-09-03"},{"lineNumber":6,"author":{"gitId":"myangat0343"},"content":"import Duke.Tasks.Task;","lastModifiedDate":"2022-09-03"},{"lineNumber":7,"author":{"gitId":"myangat0343"},"content":"import Duke.Tasks.ToDo;","lastModifiedDate":"2022-09-03"},{"lineNumber":8,"author":{"gitId":"myangat0343"},"content":"import Duke.Tasks.Event;","lastModifiedDate":"2022-09-03"},{"lineNumber":9,"author":{"gitId":"myangat0343"},"content":"import Duke.Tasks.Deadline;","lastModifiedDate":"2022-09-03"},{"lineNumber":10,"author":{"gitId":"myangat0343"},"content":"","lastModifiedDate":"2022-08-30"},{"lineNumber":11,"author":{"gitId":"myangat0343"},"content":"","lastModifiedDate":"2022-08-23"},{"lineNumber":12,"author":{"gitId":"myangat0343"},"content":"import java.io.FileNotFoundException;","lastModifiedDate":"2022-08-23"},{"lineNumber":13,"author":{"gitId":"myangat0343"},"content":"import java.io.IOException;","lastModifiedDate":"2022-08-23"},{"lineNumber":14,"author":{"gitId":"myangat0343"},"content":"import java.nio.file.Path;","lastModifiedDate":"2022-08-24"},{"lineNumber":15,"author":{"gitId":"myangat0343"},"content":"import java.nio.file.Paths;","lastModifiedDate":"2022-08-24"},{"lineNumber":16,"author":{"gitId":"myangat0343"},"content":"import java.time.LocalDate;","lastModifiedDate":"2022-08-23"},{"lineNumber":17,"author":{"gitId":"myangat0343"},"content":"import java.time.LocalDateTime;","lastModifiedDate":"2022-09-04"},{"lineNumber":18,"author":{"gitId":"myangat0343"},"content":"import java.util.Scanner;","lastModifiedDate":"2022-08-23"},{"lineNumber":19,"author":{"gitId":"myangat0343"},"content":"","lastModifiedDate":"2022-08-23"},{"lineNumber":20,"author":{"gitId":"myangat0343"},"content":"/**","lastModifiedDate":"2022-09-03"},{"lineNumber":21,"author":{"gitId":"myangat0343"},"content":" * FileReader","lastModifiedDate":"2022-09-03"},{"lineNumber":22,"author":{"gitId":"myangat0343"},"content":" * provides methods to load the data stored before.","lastModifiedDate":"2022-09-03"},{"lineNumber":23,"author":{"gitId":"myangat0343"},"content":" */","lastModifiedDate":"2022-09-03"},{"lineNumber":24,"author":{"gitId":"myangat0343"},"content":"public class FileReader {","lastModifiedDate":"2022-09-03"},{"lineNumber":25,"author":{"gitId":"myangat0343"},"content":"","lastModifiedDate":"2022-08-23"},{"lineNumber":26,"author":{"gitId":"myangat0343"},"content":"    private Path filePath;","lastModifiedDate":"2022-08-24"},{"lineNumber":27,"author":{"gitId":"myangat0343"},"content":"","lastModifiedDate":"2022-08-23"},{"lineNumber":28,"author":{"gitId":"myangat0343"},"content":"    public FileReader(String fileName){","lastModifiedDate":"2022-09-03"},{"lineNumber":29,"author":{"gitId":"myangat0343"},"content":"        String dirPath \u003d System.getProperty(\"user.dir\");","lastModifiedDate":"2022-08-24"},{"lineNumber":30,"author":{"gitId":"myangat0343"},"content":"        this.filePath \u003d Paths.get(dirPath, \"src\", \"test\", \"artifacts\", \"ip_jar\", \"data\", fileName + \".txt\");    // Change the storage path","lastModifiedDate":"2022-09-03"},{"lineNumber":31,"author":{"gitId":"myangat0343"},"content":"    }","lastModifiedDate":"2022-08-23"},{"lineNumber":32,"author":{"gitId":"myangat0343"},"content":"","lastModifiedDate":"2022-08-23"},{"lineNumber":33,"author":{"gitId":"myangat0343"},"content":"    /**","lastModifiedDate":"2022-09-03"},{"lineNumber":34,"author":{"gitId":"myangat0343"},"content":"     * Load all tasks the stored before.","lastModifiedDate":"2022-09-03"},{"lineNumber":35,"author":{"gitId":"myangat0343"},"content":"     *","lastModifiedDate":"2022-09-03"},{"lineNumber":36,"author":{"gitId":"myangat0343"},"content":"     * @return the stored tasks with a TaskList Object.","lastModifiedDate":"2022-09-03"},{"lineNumber":37,"author":{"gitId":"myangat0343"},"content":"     */","lastModifiedDate":"2022-09-03"},{"lineNumber":38,"author":{"gitId":"myangat0343"},"content":"    public TaskList load() {","lastModifiedDate":"2022-09-03"},{"lineNumber":39,"author":{"gitId":"myangat0343"},"content":"        try {","lastModifiedDate":"2022-08-24"},{"lineNumber":40,"author":{"gitId":"myangat0343"},"content":"            Scanner sc \u003d new Scanner(filePath);","lastModifiedDate":"2022-09-03"},{"lineNumber":41,"author":{"gitId":"myangat0343"},"content":"            TaskList tasks \u003d new TaskList();        // Set up a class","lastModifiedDate":"2022-09-03"},{"lineNumber":42,"author":{"gitId":"myangat0343"},"content":"            while (sc.hasNextLine()) {","lastModifiedDate":"2022-09-03"},{"lineNumber":43,"author":{"gitId":"myangat0343"},"content":"","lastModifiedDate":"2022-08-24"},{"lineNumber":44,"author":{"gitId":"myangat0343"},"content":"                String nextLine \u003d sc.nextLine();","lastModifiedDate":"2022-09-03"},{"lineNumber":45,"author":{"gitId":"myangat0343"},"content":"                Task newTask \u003d convertToTask(nextLine);","lastModifiedDate":"2022-09-03"},{"lineNumber":46,"author":{"gitId":"myangat0343"},"content":"                tasks.addTask(newTask);","lastModifiedDate":"2022-08-23"},{"lineNumber":47,"author":{"gitId":"myangat0343"},"content":"","lastModifiedDate":"2022-08-23"},{"lineNumber":48,"author":{"gitId":"myangat0343"},"content":"            }","lastModifiedDate":"2022-08-24"},{"lineNumber":49,"author":{"gitId":"myangat0343"},"content":"            return tasks;","lastModifiedDate":"2022-09-03"},{"lineNumber":50,"author":{"gitId":"myangat0343"},"content":"","lastModifiedDate":"2022-09-04"},{"lineNumber":51,"author":{"gitId":"myangat0343"},"content":"        } catch (StoredFileException e) {","lastModifiedDate":"2022-09-04"},{"lineNumber":52,"author":{"gitId":"myangat0343"},"content":"            System.out.println(e.toString());","lastModifiedDate":"2022-09-04"},{"lineNumber":53,"author":{"gitId":"myangat0343"},"content":"            return null;","lastModifiedDate":"2022-09-03"},{"lineNumber":54,"author":{"gitId":"myangat0343"},"content":"        } catch (IOException e) {","lastModifiedDate":"2022-09-03"},{"lineNumber":55,"author":{"gitId":"myangat0343"},"content":"            e.printStackTrace();","lastModifiedDate":"2022-09-04"},{"lineNumber":56,"author":{"gitId":"myangat0343"},"content":"            return null;","lastModifiedDate":"2022-09-03"},{"lineNumber":57,"author":{"gitId":"myangat0343"},"content":"","lastModifiedDate":"2022-09-04"},{"lineNumber":58,"author":{"gitId":"myangat0343"},"content":"        }","lastModifiedDate":"2022-08-31"},{"lineNumber":59,"author":{"gitId":"myangat0343"},"content":"","lastModifiedDate":"2022-08-31"},{"lineNumber":60,"author":{"gitId":"myangat0343"},"content":"    }","lastModifiedDate":"2022-08-31"},{"lineNumber":61,"author":{"gitId":"myangat0343"},"content":"","lastModifiedDate":"2022-08-31"},{"lineNumber":62,"author":{"gitId":"myangat0343"},"content":"","lastModifiedDate":"2022-08-31"},{"lineNumber":63,"author":{"gitId":"myangat0343"},"content":"    /**","lastModifiedDate":"2022-09-03"},{"lineNumber":64,"author":{"gitId":"myangat0343"},"content":"     * Covert from the input line to the task","lastModifiedDate":"2022-09-03"},{"lineNumber":65,"author":{"gitId":"myangat0343"},"content":"     * @param content","lastModifiedDate":"2022-09-03"},{"lineNumber":66,"author":{"gitId":"myangat0343"},"content":"     * @return the tasks with a Task Object","lastModifiedDate":"2022-09-03"},{"lineNumber":67,"author":{"gitId":"myangat0343"},"content":"     * @throws StoredFileException","lastModifiedDate":"2022-09-03"},{"lineNumber":68,"author":{"gitId":"myangat0343"},"content":"     */","lastModifiedDate":"2022-09-03"},{"lineNumber":69,"author":{"gitId":"myangat0343"},"content":"    private Task convertToTask(String content) throws StoredFileException {  // will be changed later","lastModifiedDate":"2022-09-03"},{"lineNumber":70,"author":{"gitId":"myangat0343"},"content":"        try {","lastModifiedDate":"2022-08-23"},{"lineNumber":71,"author":{"gitId":"myangat0343"},"content":"            String[] components \u003d content.split(\" \\\\| \"); // Here it is very important","lastModifiedDate":"2022-08-24"},{"lineNumber":72,"author":{"gitId":"myangat0343"},"content":"            String type \u003d components[0].strip();","lastModifiedDate":"2022-08-23"},{"lineNumber":73,"author":{"gitId":"myangat0343"},"content":"            LocalDate localdate;","lastModifiedDate":"2022-08-23"},{"lineNumber":74,"author":{"gitId":"myangat0343"},"content":"","lastModifiedDate":"2022-08-23"},{"lineNumber":75,"author":{"gitId":"myangat0343"},"content":"            switch (type) {","lastModifiedDate":"2022-08-23"},{"lineNumber":76,"author":{"gitId":"myangat0343"},"content":"                case \"T\":","lastModifiedDate":"2022-08-23"},{"lineNumber":77,"author":{"gitId":"myangat0343"},"content":"                    return new ToDo(","lastModifiedDate":"2022-08-23"},{"lineNumber":78,"author":{"gitId":"myangat0343"},"content":"                            components[2].strip(),","lastModifiedDate":"2022-08-23"},{"lineNumber":79,"author":{"gitId":"myangat0343"},"content":"                            components[1].strip().equals(\"true\"));","lastModifiedDate":"2022-08-23"},{"lineNumber":80,"author":{"gitId":"myangat0343"},"content":"                case \"D\":","lastModifiedDate":"2022-08-23"},{"lineNumber":81,"author":{"gitId":"myangat0343"},"content":"                    localdate \u003d LocalDate.parse(components[3].strip());","lastModifiedDate":"2022-08-24"},{"lineNumber":82,"author":{"gitId":"myangat0343"},"content":"","lastModifiedDate":"2022-08-24"},{"lineNumber":83,"author":{"gitId":"myangat0343"},"content":"                    return new Deadline(","lastModifiedDate":"2022-08-23"},{"lineNumber":84,"author":{"gitId":"myangat0343"},"content":"                            components[2].strip(),","lastModifiedDate":"2022-09-04"},{"lineNumber":85,"author":{"gitId":"myangat0343"},"content":"                            LocalDateTime.parse(components[3].strip()).toLocalDate(),","lastModifiedDate":"2022-09-04"},{"lineNumber":86,"author":{"gitId":"myangat0343"},"content":"                            LocalDateTime.parse(components[3].strip()).toLocalTime(),","lastModifiedDate":"2022-09-04"},{"lineNumber":87,"author":{"gitId":"myangat0343"},"content":"                            components[1].strip().equals(\"true\"));","lastModifiedDate":"2022-08-23"},{"lineNumber":88,"author":{"gitId":"myangat0343"},"content":"                case \"E\":","lastModifiedDate":"2022-08-23"},{"lineNumber":89,"author":{"gitId":"myangat0343"},"content":"","lastModifiedDate":"2022-08-24"},{"lineNumber":90,"author":{"gitId":"myangat0343"},"content":"                    return new Event(","lastModifiedDate":"2022-08-23"},{"lineNumber":91,"author":{"gitId":"myangat0343"},"content":"                            components[2].strip(),","lastModifiedDate":"2022-08-23"},{"lineNumber":92,"author":{"gitId":"myangat0343"},"content":"                            LocalDateTime.parse(components[3].strip()),","lastModifiedDate":"2022-09-04"},{"lineNumber":93,"author":{"gitId":"myangat0343"},"content":"                            components[1].strip().equals(\"true\"));","lastModifiedDate":"2022-08-23"},{"lineNumber":94,"author":{"gitId":"myangat0343"},"content":"","lastModifiedDate":"2022-08-23"},{"lineNumber":95,"author":{"gitId":"myangat0343"},"content":"                default:","lastModifiedDate":"2022-08-23"},{"lineNumber":96,"author":{"gitId":"myangat0343"},"content":"                    throw new Exception();","lastModifiedDate":"2022-08-23"},{"lineNumber":97,"author":{"gitId":"myangat0343"},"content":"            }","lastModifiedDate":"2022-08-23"},{"lineNumber":98,"author":{"gitId":"myangat0343"},"content":"        } catch (Exception e) {","lastModifiedDate":"2022-09-03"},{"lineNumber":99,"author":{"gitId":"myangat0343"},"content":"            throw new StoredFileException();","lastModifiedDate":"2022-08-23"},{"lineNumber":100,"author":{"gitId":"myangat0343"},"content":"        }","lastModifiedDate":"2022-08-23"},{"lineNumber":101,"author":{"gitId":"myangat0343"},"content":"    }","lastModifiedDate":"2022-08-23"},{"lineNumber":102,"author":{"gitId":"myangat0343"},"content":"","lastModifiedDate":"2022-08-23"},{"lineNumber":103,"author":{"gitId":"myangat0343"},"content":"}","lastModifiedDate":"2022-08-23"}],"authorContributionMap":{"myangat0343":103}},{"path":"src/main/java/Duke/Tasks/Deadline.java","fileType":"java","lines":[{"lineNumber":1,"author":{"gitId":"myangat0343"},"content":"package Duke.Tasks;","lastModifiedDate":"2022-08-30"},{"lineNumber":2,"author":{"gitId":"myangat0343"},"content":"","lastModifiedDate":"2022-08-23"},{"lineNumber":3,"author":{"gitId":"myangat0343"},"content":"","lastModifiedDate":"2022-08-23"},{"lineNumber":4,"author":{"gitId":"myangat0343"},"content":"import java.time.LocalDate;","lastModifiedDate":"2022-08-23"},{"lineNumber":5,"author":{"gitId":"myangat0343"},"content":"import java.time.LocalDateTime;","lastModifiedDate":"2022-09-03"},{"lineNumber":6,"author":{"gitId":"myangat0343"},"content":"import java.time.LocalTime;","lastModifiedDate":"2022-09-03"},{"lineNumber":7,"author":{"gitId":"myangat0343"},"content":"import java.time.format.DateTimeFormatter;","lastModifiedDate":"2022-08-23"},{"lineNumber":8,"author":{"gitId":"myangat0343"},"content":"","lastModifiedDate":"2022-08-23"},{"lineNumber":9,"author":{"gitId":"myangat0343"},"content":"public class Deadline extends Task {","lastModifiedDate":"2022-08-23"},{"lineNumber":10,"author":{"gitId":"myangat0343"},"content":"","lastModifiedDate":"2022-08-23"},{"lineNumber":11,"author":{"gitId":"myangat0343"},"content":"    protected LocalDateTime ddl;","lastModifiedDate":"2022-09-03"},{"lineNumber":12,"author":{"gitId":"myangat0343"},"content":"","lastModifiedDate":"2022-08-23"},{"lineNumber":13,"author":{"gitId":"myangat0343"},"content":"    public Deadline(String description, LocalDate date, boolean isDone) {","lastModifiedDate":"2022-09-03"},{"lineNumber":14,"author":{"gitId":"myangat0343"},"content":"        super(description, isDone);","lastModifiedDate":"2022-09-03"},{"lineNumber":15,"author":{"gitId":"myangat0343"},"content":"        this.ddl \u003d LocalDateTime.of(date, LocalTime.parse(\"00:00\"));","lastModifiedDate":"2022-09-03"},{"lineNumber":16,"author":{"gitId":"myangat0343"},"content":"    }","lastModifiedDate":"2022-08-23"},{"lineNumber":17,"author":{"gitId":"myangat0343"},"content":"","lastModifiedDate":"2022-08-23"},{"lineNumber":18,"author":{"gitId":"myangat0343"},"content":"    public Deadline(String description, LocalDate date, LocalTime time, boolean isDone) {","lastModifiedDate":"2022-09-03"},{"lineNumber":19,"author":{"gitId":"myangat0343"},"content":"        super(description, isDone);","lastModifiedDate":"2022-08-23"},{"lineNumber":20,"author":{"gitId":"myangat0343"},"content":"        this.ddl \u003d LocalDateTime.of(date, time);","lastModifiedDate":"2022-09-03"},{"lineNumber":21,"author":{"gitId":"myangat0343"},"content":"    }","lastModifiedDate":"2022-09-03"},{"lineNumber":22,"author":{"gitId":"myangat0343"},"content":"","lastModifiedDate":"2022-09-03"},{"lineNumber":23,"author":{"gitId":"myangat0343"},"content":"    public Deadline(String description, LocalDateTime ddl, boolean isDone) {","lastModifiedDate":"2022-09-03"},{"lineNumber":24,"author":{"gitId":"myangat0343"},"content":"        super(description, isDone);","lastModifiedDate":"2022-09-03"},{"lineNumber":25,"author":{"gitId":"myangat0343"},"content":"        this.ddl \u003d ddl;","lastModifiedDate":"2022-09-03"},{"lineNumber":26,"author":{"gitId":"myangat0343"},"content":"    }","lastModifiedDate":"2022-08-23"},{"lineNumber":27,"author":{"gitId":"myangat0343"},"content":"","lastModifiedDate":"2022-08-23"},{"lineNumber":28,"author":{"gitId":"myangat0343"},"content":"    @Override","lastModifiedDate":"2022-08-23"},{"lineNumber":29,"author":{"gitId":"myangat0343"},"content":"    public String toString() {","lastModifiedDate":"2022-08-23"},{"lineNumber":30,"author":{"gitId":"myangat0343"},"content":"        return String.format(\"[D]%s (%s)\", super.toString(),","lastModifiedDate":"2022-09-03"},{"lineNumber":31,"author":{"gitId":"myangat0343"},"content":"                this.ddl.format(DateTimeFormatter.ofPattern(\"MMM d yyyy HH:mm\")));","lastModifiedDate":"2022-09-03"},{"lineNumber":32,"author":{"gitId":"myangat0343"},"content":"    }","lastModifiedDate":"2022-08-23"},{"lineNumber":33,"author":{"gitId":"myangat0343"},"content":"","lastModifiedDate":"2022-09-03"},{"lineNumber":34,"author":{"gitId":"myangat0343"},"content":"    @Override","lastModifiedDate":"2022-09-03"},{"lineNumber":35,"author":{"gitId":"myangat0343"},"content":"    public String save() {","lastModifiedDate":"2022-09-04"},{"lineNumber":36,"author":{"gitId":"myangat0343"},"content":"        return String.format(\"D | %b | %s | %s\\n\",","lastModifiedDate":"2022-09-04"},{"lineNumber":37,"author":{"gitId":"myangat0343"},"content":"                super.getIsDone(),","lastModifiedDate":"2022-09-04"},{"lineNumber":38,"author":{"gitId":"myangat0343"},"content":"                this.discription,","lastModifiedDate":"2022-09-04"},{"lineNumber":39,"author":{"gitId":"myangat0343"},"content":"                this.ddl.toString());","lastModifiedDate":"2022-09-04"},{"lineNumber":40,"author":{"gitId":"myangat0343"},"content":"    }","lastModifiedDate":"2022-09-04"},{"lineNumber":41,"author":{"gitId":"myangat0343"},"content":"","lastModifiedDate":"2022-09-03"},{"lineNumber":42,"author":{"gitId":"myangat0343"},"content":"    @Override","lastModifiedDate":"2022-09-03"},{"lineNumber":43,"author":{"gitId":"myangat0343"},"content":"    public String getTaskType() { return \"Deadline\"; }","lastModifiedDate":"2022-09-03"},{"lineNumber":44,"author":{"gitId":"myangat0343"},"content":"","lastModifiedDate":"2022-09-03"},{"lineNumber":45,"author":{"gitId":"myangat0343"},"content":"    @Override","lastModifiedDate":"2022-09-03"},{"lineNumber":46,"author":{"gitId":"myangat0343"},"content":"    public LocalDateTime getDateTime() { return this.ddl; }","lastModifiedDate":"2022-09-03"},{"lineNumber":47,"author":{"gitId":"myangat0343"},"content":"","lastModifiedDate":"2022-09-03"},{"lineNumber":48,"author":{"gitId":"myangat0343"},"content":"","lastModifiedDate":"2022-09-03"},{"lineNumber":49,"author":{"gitId":"myangat0343"},"content":"}","lastModifiedDate":"2022-08-23"}],"authorContributionMap":{"myangat0343":49}},{"path":"src/main/java/Duke/Tasks/Event.java","fileType":"java","lines":[{"lineNumber":1,"author":{"gitId":"myangat0343"},"content":"package Duke.Tasks;","lastModifiedDate":"2022-08-30"},{"lineNumber":2,"author":{"gitId":"myangat0343"},"content":"","lastModifiedDate":"2022-08-23"},{"lineNumber":3,"author":{"gitId":"myangat0343"},"content":"","lastModifiedDate":"2022-08-23"},{"lineNumber":4,"author":{"gitId":"myangat0343"},"content":"import java.time.LocalDate;","lastModifiedDate":"2022-09-03"},{"lineNumber":5,"author":{"gitId":"myangat0343"},"content":"import java.time.LocalDateTime;","lastModifiedDate":"2022-09-03"},{"lineNumber":6,"author":{"gitId":"myangat0343"},"content":"import java.time.LocalTime;","lastModifiedDate":"2022-09-03"},{"lineNumber":7,"author":{"gitId":"myangat0343"},"content":"import java.time.format.DateTimeFormatter;","lastModifiedDate":"2022-09-03"},{"lineNumber":8,"author":{"gitId":"myangat0343"},"content":"","lastModifiedDate":"2022-09-03"},{"lineNumber":9,"author":{"gitId":"myangat0343"},"content":"public class Event extends Task {","lastModifiedDate":"2022-08-23"},{"lineNumber":10,"author":{"gitId":"myangat0343"},"content":"    protected LocalDateTime eventTime;","lastModifiedDate":"2022-09-03"},{"lineNumber":11,"author":{"gitId":"myangat0343"},"content":"","lastModifiedDate":"2022-08-23"},{"lineNumber":12,"author":{"gitId":"myangat0343"},"content":"","lastModifiedDate":"2022-08-23"},{"lineNumber":13,"author":{"gitId":"myangat0343"},"content":"    public Event (String description, LocalDate eventDate, LocalTime eventTime, boolean isDone) {","lastModifiedDate":"2022-09-03"},{"lineNumber":14,"author":{"gitId":"myangat0343"},"content":"        super(description, isDone);","lastModifiedDate":"2022-08-23"},{"lineNumber":15,"author":{"gitId":"myangat0343"},"content":"        this.eventTime \u003d LocalDateTime.of(eventDate, eventTime);","lastModifiedDate":"2022-09-03"},{"lineNumber":16,"author":{"gitId":"myangat0343"},"content":"    }","lastModifiedDate":"2022-09-03"},{"lineNumber":17,"author":{"gitId":"myangat0343"},"content":"    public Event (String description, LocalDateTime eventTime, boolean isDone) {","lastModifiedDate":"2022-09-03"},{"lineNumber":18,"author":{"gitId":"myangat0343"},"content":"        super(description, isDone);","lastModifiedDate":"2022-09-03"},{"lineNumber":19,"author":{"gitId":"myangat0343"},"content":"        this.eventTime \u003d eventTime;","lastModifiedDate":"2022-09-03"},{"lineNumber":20,"author":{"gitId":"myangat0343"},"content":"    }","lastModifiedDate":"2022-08-23"},{"lineNumber":21,"author":{"gitId":"myangat0343"},"content":"","lastModifiedDate":"2022-08-23"},{"lineNumber":22,"author":{"gitId":"myangat0343"},"content":"    @Override","lastModifiedDate":"2022-08-23"},{"lineNumber":23,"author":{"gitId":"myangat0343"},"content":"    public String toString() {","lastModifiedDate":"2022-08-23"},{"lineNumber":24,"author":{"gitId":"myangat0343"},"content":"        return String.format(\"[E]%s (%s)\", super.toString(),","lastModifiedDate":"2022-09-03"},{"lineNumber":25,"author":{"gitId":"myangat0343"},"content":"                this.eventTime.format(DateTimeFormatter.ofPattern(\"MMM d yyyy HH:mm\")));","lastModifiedDate":"2022-09-03"},{"lineNumber":26,"author":{"gitId":"myangat0343"},"content":"    }","lastModifiedDate":"2022-08-23"},{"lineNumber":27,"author":{"gitId":"myangat0343"},"content":"","lastModifiedDate":"2022-09-03"},{"lineNumber":28,"author":{"gitId":"myangat0343"},"content":"    @Override","lastModifiedDate":"2022-09-03"},{"lineNumber":29,"author":{"gitId":"myangat0343"},"content":"    public String save() {","lastModifiedDate":"2022-09-04"},{"lineNumber":30,"author":{"gitId":"myangat0343"},"content":"        return String.format(\"E | %b | %s | %s\\n\",","lastModifiedDate":"2022-09-04"},{"lineNumber":31,"author":{"gitId":"myangat0343"},"content":"                super.getIsDone(),","lastModifiedDate":"2022-09-04"},{"lineNumber":32,"author":{"gitId":"myangat0343"},"content":"                this.discription,","lastModifiedDate":"2022-09-04"},{"lineNumber":33,"author":{"gitId":"myangat0343"},"content":"                this.eventTime.toString());","lastModifiedDate":"2022-09-04"},{"lineNumber":34,"author":{"gitId":"myangat0343"},"content":"    }","lastModifiedDate":"2022-09-04"},{"lineNumber":35,"author":{"gitId":"myangat0343"},"content":"","lastModifiedDate":"2022-09-03"},{"lineNumber":36,"author":{"gitId":"myangat0343"},"content":"    @Override","lastModifiedDate":"2022-09-03"},{"lineNumber":37,"author":{"gitId":"myangat0343"},"content":"    public String getTaskType() { return \"Event\"; }","lastModifiedDate":"2022-09-03"},{"lineNumber":38,"author":{"gitId":"myangat0343"},"content":"","lastModifiedDate":"2022-09-03"},{"lineNumber":39,"author":{"gitId":"myangat0343"},"content":"    @Override","lastModifiedDate":"2022-09-03"},{"lineNumber":40,"author":{"gitId":"myangat0343"},"content":"    public LocalDateTime getDateTime() { return this.eventTime; }","lastModifiedDate":"2022-09-03"},{"lineNumber":41,"author":{"gitId":"myangat0343"},"content":"}","lastModifiedDate":"2022-08-23"}],"authorContributionMap":{"myangat0343":41}},{"path":"src/main/java/Duke/Tasks/Task.java","fileType":"java","lines":[{"lineNumber":1,"author":{"gitId":"myangat0343"},"content":"package Duke.Tasks;","lastModifiedDate":"2022-08-30"},{"lineNumber":2,"author":{"gitId":"myangat0343"},"content":"","lastModifiedDate":"2022-08-23"},{"lineNumber":3,"author":{"gitId":"myangat0343"},"content":"import java.time.LocalDate;","lastModifiedDate":"2022-09-03"},{"lineNumber":4,"author":{"gitId":"myangat0343"},"content":"import java.time.LocalDateTime;","lastModifiedDate":"2022-09-03"},{"lineNumber":5,"author":{"gitId":"myangat0343"},"content":"import java.time.LocalTime;","lastModifiedDate":"2022-09-03"},{"lineNumber":6,"author":{"gitId":"myangat0343"},"content":"","lastModifiedDate":"2022-09-03"},{"lineNumber":7,"author":{"gitId":"myangat0343"},"content":"/**","lastModifiedDate":"2022-09-03"},{"lineNumber":8,"author":{"gitId":"myangat0343"},"content":" * Task","lastModifiedDate":"2022-09-03"},{"lineNumber":9,"author":{"gitId":"myangat0343"},"content":" * Abstract Class to represent takes from users","lastModifiedDate":"2022-09-03"},{"lineNumber":10,"author":{"gitId":"myangat0343"},"content":" */","lastModifiedDate":"2022-09-03"},{"lineNumber":11,"author":{"gitId":"myangat0343"},"content":"public abstract class Task {","lastModifiedDate":"2022-09-03"},{"lineNumber":12,"author":{"gitId":"myangat0343"},"content":"    protected String discription;","lastModifiedDate":"2022-08-21"},{"lineNumber":13,"author":{"gitId":"myangat0343"},"content":"    protected boolean isDone;","lastModifiedDate":"2022-08-21"},{"lineNumber":14,"author":{"gitId":"myangat0343"},"content":"","lastModifiedDate":"2022-08-21"},{"lineNumber":15,"author":{"gitId":"myangat0343"},"content":"","lastModifiedDate":"2022-09-03"},{"lineNumber":16,"author":{"gitId":"myangat0343"},"content":"    public Task(String discription) {","lastModifiedDate":"2022-08-21"},{"lineNumber":17,"author":{"gitId":"myangat0343"},"content":"        this(discription, false);","lastModifiedDate":"2022-08-23"},{"lineNumber":18,"author":{"gitId":"myangat0343"},"content":"    }","lastModifiedDate":"2022-08-21"},{"lineNumber":19,"author":{"gitId":"myangat0343"},"content":"","lastModifiedDate":"2022-09-03"},{"lineNumber":20,"author":{"gitId":"myangat0343"},"content":"    public Task(String discription, boolean isDone){","lastModifiedDate":"2022-08-23"},{"lineNumber":21,"author":{"gitId":"myangat0343"},"content":"        this.discription \u003d discription;","lastModifiedDate":"2022-08-23"},{"lineNumber":22,"author":{"gitId":"myangat0343"},"content":"        this.isDone \u003d isDone;","lastModifiedDate":"2022-08-23"},{"lineNumber":23,"author":{"gitId":"myangat0343"},"content":"    }","lastModifiedDate":"2022-08-21"},{"lineNumber":24,"author":{"gitId":"myangat0343"},"content":"","lastModifiedDate":"2022-08-23"},{"lineNumber":25,"author":{"gitId":"myangat0343"},"content":"","lastModifiedDate":"2022-08-23"},{"lineNumber":26,"author":{"gitId":"myangat0343"},"content":"    public void setIsDone(boolean isDone) { this.isDone \u003d isDone; }","lastModifiedDate":"2022-09-03"},{"lineNumber":27,"author":{"gitId":"myangat0343"},"content":"","lastModifiedDate":"2022-08-21"},{"lineNumber":28,"author":{"gitId":"myangat0343"},"content":"    public boolean getIsDone() { return this.isDone; }","lastModifiedDate":"2022-09-03"},{"lineNumber":29,"author":{"gitId":"myangat0343"},"content":"","lastModifiedDate":"2022-08-23"},{"lineNumber":30,"author":{"gitId":"myangat0343"},"content":"    public String getDiscription() { return this.discription; }","lastModifiedDate":"2022-09-03"},{"lineNumber":31,"author":{"gitId":"myangat0343"},"content":"","lastModifiedDate":"2022-08-23"},{"lineNumber":32,"author":{"gitId":"myangat0343"},"content":"    public String outputIsDone() { return String.format(\"[%s]\", isDone ? \"X\":\" \"); }","lastModifiedDate":"2022-09-03"},{"lineNumber":33,"author":{"gitId":"myangat0343"},"content":"","lastModifiedDate":"2022-09-03"},{"lineNumber":34,"author":{"gitId":"myangat0343"},"content":"    public boolean searchKeyWord(String keyWord) { return this.discription.contains(keyWord); }","lastModifiedDate":"2022-09-03"},{"lineNumber":35,"author":{"gitId":"myangat0343"},"content":"","lastModifiedDate":"2022-08-23"},{"lineNumber":36,"author":{"gitId":"myangat0343"},"content":"    @Override","lastModifiedDate":"2022-08-21"},{"lineNumber":37,"author":{"gitId":"myangat0343"},"content":"    public String toString() { return this.outputIsDone() + this.getDiscription(); }","lastModifiedDate":"2022-09-03"},{"lineNumber":38,"author":{"gitId":"myangat0343"},"content":"","lastModifiedDate":"2022-09-03"},{"lineNumber":39,"author":{"gitId":"myangat0343"},"content":"    public abstract String save();","lastModifiedDate":"2022-09-03"},{"lineNumber":40,"author":{"gitId":"myangat0343"},"content":"","lastModifiedDate":"2022-09-03"},{"lineNumber":41,"author":{"gitId":"myangat0343"},"content":"    public abstract String getTaskType();","lastModifiedDate":"2022-09-03"},{"lineNumber":42,"author":{"gitId":"myangat0343"},"content":"","lastModifiedDate":"2022-09-03"},{"lineNumber":43,"author":{"gitId":"myangat0343"},"content":"    public abstract LocalDateTime getDateTime();","lastModifiedDate":"2022-09-03"},{"lineNumber":44,"author":{"gitId":"myangat0343"},"content":"","lastModifiedDate":"2022-09-03"},{"lineNumber":45,"author":{"gitId":"myangat0343"},"content":"}","lastModifiedDate":"2022-08-21"}],"authorContributionMap":{"myangat0343":45}},{"path":"src/main/java/Duke/Tasks/TaskList.java","fileType":"java","lines":[{"lineNumber":1,"author":{"gitId":"myangat0343"},"content":"package Duke.Tasks;","lastModifiedDate":"2022-08-30"},{"lineNumber":2,"author":{"gitId":"myangat0343"},"content":"","lastModifiedDate":"2022-08-23"},{"lineNumber":3,"author":{"gitId":"myangat0343"},"content":"import java.lang.reflect.Array;","lastModifiedDate":"2022-08-30"},{"lineNumber":4,"author":{"gitId":"myangat0343"},"content":"import java.util.List;","lastModifiedDate":"2022-08-23"},{"lineNumber":5,"author":{"gitId":"myangat0343"},"content":"import java.util.ArrayList;","lastModifiedDate":"2022-08-23"},{"lineNumber":6,"author":{"gitId":"myangat0343"},"content":"","lastModifiedDate":"2022-08-23"},{"lineNumber":7,"author":{"gitId":"myangat0343"},"content":"public class TaskList {","lastModifiedDate":"2022-08-23"},{"lineNumber":8,"author":{"gitId":"myangat0343"},"content":"    protected List\u003cTask\u003e tasks \u003d new ArrayList\u003c\u003e();","lastModifiedDate":"2022-09-04"},{"lineNumber":9,"author":{"gitId":"myangat0343"},"content":"","lastModifiedDate":"2022-08-23"},{"lineNumber":10,"author":{"gitId":"myangat0343"},"content":"","lastModifiedDate":"2022-08-30"},{"lineNumber":11,"author":{"gitId":"myangat0343"},"content":"","lastModifiedDate":"2022-08-23"},{"lineNumber":12,"author":{"gitId":"myangat0343"},"content":"    public void addTask(Task task){","lastModifiedDate":"2022-09-04"},{"lineNumber":13,"author":{"gitId":"myangat0343"},"content":"        this.tasks.add(task);","lastModifiedDate":"2022-09-04"},{"lineNumber":14,"author":{"gitId":"myangat0343"},"content":"    }","lastModifiedDate":"2022-08-31"},{"lineNumber":15,"author":{"gitId":"myangat0343"},"content":"","lastModifiedDate":"2022-08-31"},{"lineNumber":16,"author":{"gitId":"myangat0343"},"content":"    public String showTasks(){","lastModifiedDate":"2022-08-23"},{"lineNumber":17,"author":{"gitId":"myangat0343"},"content":"        Task curTask;","lastModifiedDate":"2022-09-04"},{"lineNumber":18,"author":{"gitId":"myangat0343"},"content":"        String output \u003d \"\";","lastModifiedDate":"2022-08-23"},{"lineNumber":19,"author":{"gitId":"myangat0343"},"content":"        for(int i \u003d 0; i \u003c tasks.size(); i++) {","lastModifiedDate":"2022-09-04"},{"lineNumber":20,"author":{"gitId":"myangat0343"},"content":"            curTask \u003d tasks.get(i);","lastModifiedDate":"2022-09-04"},{"lineNumber":21,"author":{"gitId":"myangat0343"},"content":"            output +\u003d (i + 1) + \".\" + curTask.toString() + \"\\n\";","lastModifiedDate":"2022-09-04"},{"lineNumber":22,"author":{"gitId":"myangat0343"},"content":"        }","lastModifiedDate":"2022-08-23"},{"lineNumber":23,"author":{"gitId":"myangat0343"},"content":"        return output;","lastModifiedDate":"2022-08-23"},{"lineNumber":24,"author":{"gitId":"myangat0343"},"content":"    }","lastModifiedDate":"2022-08-23"},{"lineNumber":25,"author":{"gitId":"myangat0343"},"content":"","lastModifiedDate":"2022-08-23"},{"lineNumber":26,"author":{"gitId":"myangat0343"},"content":"    public int getTotalTaskNumber() { return this.tasks.size(); }","lastModifiedDate":"2022-09-04"},{"lineNumber":27,"author":{"gitId":"myangat0343"},"content":"","lastModifiedDate":"2022-09-04"},{"lineNumber":28,"author":{"gitId":"myangat0343"},"content":"    public Task markAsDone(int index) throws IndexOutOfBoundsException {","lastModifiedDate":"2022-09-04"},{"lineNumber":29,"author":{"gitId":"myangat0343"},"content":"        Task doneTask \u003d this.tasks.get(index);","lastModifiedDate":"2022-09-04"},{"lineNumber":30,"author":{"gitId":"myangat0343"},"content":"        doneTask.setIsDone(true);","lastModifiedDate":"2022-09-04"},{"lineNumber":31,"author":{"gitId":"myangat0343"},"content":"        return doneTask;","lastModifiedDate":"2022-09-04"},{"lineNumber":32,"author":{"gitId":"myangat0343"},"content":"    }","lastModifiedDate":"2022-08-23"},{"lineNumber":33,"author":{"gitId":"myangat0343"},"content":"","lastModifiedDate":"2022-08-23"},{"lineNumber":34,"author":{"gitId":"myangat0343"},"content":"    public Task deteleTask(int index) throws IndexOutOfBoundsException {","lastModifiedDate":"2022-09-04"},{"lineNumber":35,"author":{"gitId":"myangat0343"},"content":"        return this.tasks.remove(index - 1);","lastModifiedDate":"2022-09-04"},{"lineNumber":36,"author":{"gitId":"myangat0343"},"content":"    }","lastModifiedDate":"2022-09-04"},{"lineNumber":37,"author":{"gitId":"myangat0343"},"content":"    ","lastModifiedDate":"2022-08-23"},{"lineNumber":38,"author":{"gitId":"myangat0343"},"content":"","lastModifiedDate":"2022-08-23"},{"lineNumber":39,"author":{"gitId":"myangat0343"},"content":"    public Task getTaskByIndex(int index) { return this.tasks.get(index); }","lastModifiedDate":"2022-09-04"},{"lineNumber":40,"author":{"gitId":"myangat0343"},"content":"","lastModifiedDate":"2022-08-23"},{"lineNumber":41,"author":{"gitId":"myangat0343"},"content":"    @Override","lastModifiedDate":"2022-08-24"},{"lineNumber":42,"author":{"gitId":"myangat0343"},"content":"    public String toString() { return this.tasks.toString();}","lastModifiedDate":"2022-09-04"},{"lineNumber":43,"author":{"gitId":"myangat0343"},"content":"}","lastModifiedDate":"2022-08-23"}],"authorContributionMap":{"myangat0343":43}},{"path":"src/main/java/Duke/Tasks/ToDo.java","fileType":"java","lines":[{"lineNumber":1,"author":{"gitId":"myangat0343"},"content":"package Duke.Tasks;","lastModifiedDate":"2022-08-30"},{"lineNumber":2,"author":{"gitId":"myangat0343"},"content":"","lastModifiedDate":"2022-08-23"},{"lineNumber":3,"author":{"gitId":"myangat0343"},"content":"","lastModifiedDate":"2022-08-23"},{"lineNumber":4,"author":{"gitId":"myangat0343"},"content":"import java.time.LocalDateTime;","lastModifiedDate":"2022-09-03"},{"lineNumber":5,"author":{"gitId":"myangat0343"},"content":"","lastModifiedDate":"2022-09-03"},{"lineNumber":6,"author":{"gitId":"myangat0343"},"content":"public class ToDo extends Task {","lastModifiedDate":"2022-08-23"},{"lineNumber":7,"author":{"gitId":"myangat0343"},"content":"","lastModifiedDate":"2022-08-23"},{"lineNumber":8,"author":{"gitId":"myangat0343"},"content":"    public ToDo(String description){","lastModifiedDate":"2022-08-23"},{"lineNumber":9,"author":{"gitId":"myangat0343"},"content":"        super(description);","lastModifiedDate":"2022-08-23"},{"lineNumber":10,"author":{"gitId":"myangat0343"},"content":"    }","lastModifiedDate":"2022-08-23"},{"lineNumber":11,"author":{"gitId":"myangat0343"},"content":"","lastModifiedDate":"2022-08-23"},{"lineNumber":12,"author":{"gitId":"myangat0343"},"content":"    public ToDo(String description, boolean IsDone) { super(description, IsDone);}","lastModifiedDate":"2022-08-23"},{"lineNumber":13,"author":{"gitId":"myangat0343"},"content":"","lastModifiedDate":"2022-08-23"},{"lineNumber":14,"author":{"gitId":"myangat0343"},"content":"    @Override","lastModifiedDate":"2022-08-23"},{"lineNumber":15,"author":{"gitId":"myangat0343"},"content":"    public String toString(){","lastModifiedDate":"2022-08-23"},{"lineNumber":16,"author":{"gitId":"myangat0343"},"content":"        return \"[T]\" + super.toString();","lastModifiedDate":"2022-09-03"},{"lineNumber":17,"author":{"gitId":"myangat0343"},"content":"    }","lastModifiedDate":"2022-08-23"},{"lineNumber":18,"author":{"gitId":"myangat0343"},"content":"","lastModifiedDate":"2022-08-23"},{"lineNumber":19,"author":{"gitId":"myangat0343"},"content":"    @Override","lastModifiedDate":"2022-09-03"},{"lineNumber":20,"author":{"gitId":"myangat0343"},"content":"    public String save() { return String.format(\"T | %b | %s\\n\", super.getIsDone(), this.discription); }","lastModifiedDate":"2022-09-04"},{"lineNumber":21,"author":{"gitId":"myangat0343"},"content":"","lastModifiedDate":"2022-09-03"},{"lineNumber":22,"author":{"gitId":"myangat0343"},"content":"    @Override","lastModifiedDate":"2022-09-03"},{"lineNumber":23,"author":{"gitId":"myangat0343"},"content":"    public String getTaskType() { return \"ToDo\" ; }","lastModifiedDate":"2022-09-03"},{"lineNumber":24,"author":{"gitId":"myangat0343"},"content":"","lastModifiedDate":"2022-09-03"},{"lineNumber":25,"author":{"gitId":"myangat0343"},"content":"    @Override","lastModifiedDate":"2022-09-03"},{"lineNumber":26,"author":{"gitId":"myangat0343"},"content":"    public LocalDateTime getDateTime() { return null; }","lastModifiedDate":"2022-09-03"},{"lineNumber":27,"author":{"gitId":"myangat0343"},"content":"","lastModifiedDate":"2022-09-03"},{"lineNumber":28,"author":{"gitId":"myangat0343"},"content":"}","lastModifiedDate":"2022-08-23"}],"authorContributionMap":{"myangat0343":28}},{"path":"src/main/java/Duke/UI/TextUI.java","fileType":"java","lines":[{"lineNumber":1,"author":{"gitId":"myangat0343"},"content":"package Duke.UI;","lastModifiedDate":"2022-09-03"},{"lineNumber":2,"author":{"gitId":"myangat0343"},"content":"","lastModifiedDate":"2022-09-03"},{"lineNumber":3,"author":{"gitId":"myangat0343"},"content":"","lastModifiedDate":"2022-09-03"},{"lineNumber":4,"author":{"gitId":"myangat0343"},"content":"import java.util.Scanner;","lastModifiedDate":"2022-09-03"},{"lineNumber":5,"author":{"gitId":"myangat0343"},"content":"import java.util.stream.StreamSupport;","lastModifiedDate":"2022-09-03"},{"lineNumber":6,"author":{"gitId":"myangat0343"},"content":"","lastModifiedDate":"2022-09-03"},{"lineNumber":7,"author":{"gitId":"myangat0343"},"content":"/**","lastModifiedDate":"2022-09-03"},{"lineNumber":8,"author":{"gitId":"myangat0343"},"content":" * Command Line Interface(CLI)","lastModifiedDate":"2022-09-03"},{"lineNumber":9,"author":{"gitId":"myangat0343"},"content":" *","lastModifiedDate":"2022-09-03"},{"lineNumber":10,"author":{"gitId":"myangat0343"},"content":" * Read the inputs from users and pass the input","lastModifiedDate":"2022-09-03"},{"lineNumber":11,"author":{"gitId":"myangat0343"},"content":" * Get the result and Output to users","lastModifiedDate":"2022-09-03"},{"lineNumber":12,"author":{"gitId":"myangat0343"},"content":" */","lastModifiedDate":"2022-09-03"},{"lineNumber":13,"author":{"gitId":"myangat0343"},"content":"public class TextUI {","lastModifiedDate":"2022-09-03"},{"lineNumber":14,"author":{"gitId":"myangat0343"},"content":"","lastModifiedDate":"2022-09-03"},{"lineNumber":15,"author":{"gitId":"myangat0343"},"content":"    private static final String LINE \u003d \"____\";","lastModifiedDate":"2022-09-03"},{"lineNumber":16,"author":{"gitId":"myangat0343"},"content":"    private Scanner sc \u003d new Scanner(System.in);","lastModifiedDate":"2022-09-03"},{"lineNumber":17,"author":{"gitId":"myangat0343"},"content":"","lastModifiedDate":"2022-09-03"},{"lineNumber":18,"author":{"gitId":"myangat0343"},"content":"    public String readInput() {","lastModifiedDate":"2022-09-03"},{"lineNumber":19,"author":{"gitId":"myangat0343"},"content":"        String input;","lastModifiedDate":"2022-09-03"},{"lineNumber":20,"author":{"gitId":"myangat0343"},"content":"        do {","lastModifiedDate":"2022-09-03"},{"lineNumber":21,"author":{"gitId":"myangat0343"},"content":"            input \u003d sc.nextLine().strip();","lastModifiedDate":"2022-09-03"},{"lineNumber":22,"author":{"gitId":"myangat0343"},"content":"        } while (shouldIgnore(input));","lastModifiedDate":"2022-09-03"},{"lineNumber":23,"author":{"gitId":"myangat0343"},"content":"","lastModifiedDate":"2022-09-03"},{"lineNumber":24,"author":{"gitId":"myangat0343"},"content":"        return input;","lastModifiedDate":"2022-09-03"},{"lineNumber":25,"author":{"gitId":"myangat0343"},"content":"","lastModifiedDate":"2022-09-03"},{"lineNumber":26,"author":{"gitId":"myangat0343"},"content":"    }","lastModifiedDate":"2022-09-03"},{"lineNumber":27,"author":{"gitId":"myangat0343"},"content":"","lastModifiedDate":"2022-09-03"},{"lineNumber":28,"author":{"gitId":"myangat0343"},"content":"    private boolean shouldIgnore(String input) {","lastModifiedDate":"2022-09-03"},{"lineNumber":29,"author":{"gitId":"myangat0343"},"content":"        if (input.trim().isEmpty()) {","lastModifiedDate":"2022-09-03"},{"lineNumber":30,"author":{"gitId":"myangat0343"},"content":"            System.out.println(\"Empty input\");","lastModifiedDate":"2022-09-03"},{"lineNumber":31,"author":{"gitId":"myangat0343"},"content":"            return true;","lastModifiedDate":"2022-09-03"},{"lineNumber":32,"author":{"gitId":"myangat0343"},"content":"","lastModifiedDate":"2022-09-03"},{"lineNumber":33,"author":{"gitId":"myangat0343"},"content":"        }","lastModifiedDate":"2022-09-03"},{"lineNumber":34,"author":{"gitId":"myangat0343"},"content":"        return false;","lastModifiedDate":"2022-09-03"},{"lineNumber":35,"author":{"gitId":"myangat0343"},"content":"    }","lastModifiedDate":"2022-09-03"},{"lineNumber":36,"author":{"gitId":"myangat0343"},"content":"","lastModifiedDate":"2022-09-03"},{"lineNumber":37,"author":{"gitId":"myangat0343"},"content":"","lastModifiedDate":"2022-09-03"},{"lineNumber":38,"author":{"gitId":"myangat0343"},"content":"}","lastModifiedDate":"2022-09-03"}],"authorContributionMap":{"myangat0343":38}},{"path":"src/main/java/Duke/UI/Ui.java","fileType":"java","lines":[{"lineNumber":1,"author":{"gitId":"myangat0343"},"content":"package Duke.UI;","lastModifiedDate":"2022-08-30"},{"lineNumber":2,"author":{"gitId":"myangat0343"},"content":"","lastModifiedDate":"2022-08-23"},{"lineNumber":3,"author":{"gitId":"myangat0343"},"content":"import java.util.Scanner;","lastModifiedDate":"2022-08-23"},{"lineNumber":4,"author":{"gitId":"myangat0343"},"content":"","lastModifiedDate":"2022-08-23"},{"lineNumber":5,"author":{"gitId":"myangat0343"},"content":"public class Ui {","lastModifiedDate":"2022-08-23"},{"lineNumber":6,"author":{"gitId":"myangat0343"},"content":"","lastModifiedDate":"2022-08-23"},{"lineNumber":7,"author":{"gitId":"myangat0343"},"content":"    private static final String LINE \u003d \"   ___________________________\";","lastModifiedDate":"2022-08-23"},{"lineNumber":8,"author":{"gitId":"myangat0343"},"content":"","lastModifiedDate":"2022-08-23"},{"lineNumber":9,"author":{"gitId":"myangat0343"},"content":"    private Scanner sc \u003d new Scanner(System.in);","lastModifiedDate":"2022-08-23"},{"lineNumber":10,"author":{"gitId":"myangat0343"},"content":"","lastModifiedDate":"2022-08-23"},{"lineNumber":11,"author":{"gitId":"myangat0343"},"content":"    public String readInput() {","lastModifiedDate":"2022-08-23"},{"lineNumber":12,"author":{"gitId":"myangat0343"},"content":"        String input;","lastModifiedDate":"2022-08-23"},{"lineNumber":13,"author":{"gitId":"myangat0343"},"content":"        input \u003d sc.nextLine().strip();","lastModifiedDate":"2022-08-23"},{"lineNumber":14,"author":{"gitId":"myangat0343"},"content":"        return input;","lastModifiedDate":"2022-08-23"},{"lineNumber":15,"author":{"gitId":"myangat0343"},"content":"","lastModifiedDate":"2022-08-23"},{"lineNumber":16,"author":{"gitId":"myangat0343"},"content":"    }","lastModifiedDate":"2022-08-23"},{"lineNumber":17,"author":{"gitId":"myangat0343"},"content":"","lastModifiedDate":"2022-08-23"},{"lineNumber":18,"author":{"gitId":"myangat0343"},"content":"    public void showLoadingError() {","lastModifiedDate":"2022-08-23"},{"lineNumber":19,"author":{"gitId":"myangat0343"},"content":"        System.out.println(LINE);","lastModifiedDate":"2022-08-23"},{"lineNumber":20,"author":{"gitId":"myangat0343"},"content":"","lastModifiedDate":"2022-08-23"},{"lineNumber":21,"author":{"gitId":"myangat0343"},"content":"        System.out.println(\"Loading Errors\");","lastModifiedDate":"2022-08-23"},{"lineNumber":22,"author":{"gitId":"myangat0343"},"content":"        System.out.println(LINE);","lastModifiedDate":"2022-08-23"},{"lineNumber":23,"author":{"gitId":"myangat0343"},"content":"    }","lastModifiedDate":"2022-08-23"},{"lineNumber":24,"author":{"gitId":"myangat0343"},"content":"","lastModifiedDate":"2022-08-23"},{"lineNumber":25,"author":{"gitId":"myangat0343"},"content":"    public void showLine() {","lastModifiedDate":"2022-08-23"},{"lineNumber":26,"author":{"gitId":"myangat0343"},"content":"        System.out.println(LINE);","lastModifiedDate":"2022-08-23"},{"lineNumber":27,"author":{"gitId":"myangat0343"},"content":"    }","lastModifiedDate":"2022-08-23"},{"lineNumber":28,"author":{"gitId":"myangat0343"},"content":"","lastModifiedDate":"2022-08-23"},{"lineNumber":29,"author":{"gitId":"myangat0343"},"content":"    public void showWelcome() {","lastModifiedDate":"2022-08-23"},{"lineNumber":30,"author":{"gitId":"myangat0343"},"content":"        System.out.println(\"Show Welcome\");","lastModifiedDate":"2022-08-23"},{"lineNumber":31,"author":{"gitId":"myangat0343"},"content":"    }","lastModifiedDate":"2022-08-23"},{"lineNumber":32,"author":{"gitId":"myangat0343"},"content":"","lastModifiedDate":"2022-08-23"},{"lineNumber":33,"author":{"gitId":"myangat0343"},"content":"}","lastModifiedDate":"2022-08-23"}],"authorContributionMap":{"myangat0343":33}},{"path":"src/main/java/Duke/UserServer/ServerCLI.java","fileType":"java","lines":[{"lineNumber":1,"author":{"gitId":"myangat0343"},"content":"package Duke.UserServer;","lastModifiedDate":"2022-09-03"},{"lineNumber":2,"author":{"gitId":"myangat0343"},"content":"","lastModifiedDate":"2022-09-03"},{"lineNumber":3,"author":{"gitId":"myangat0343"},"content":"/**","lastModifiedDate":"2022-09-03"},{"lineNumber":4,"author":{"gitId":"myangat0343"},"content":" * ServerCLI","lastModifiedDate":"2022-09-03"},{"lineNumber":5,"author":{"gitId":"myangat0343"},"content":" * provides methods to serve a user\u0027s commands","lastModifiedDate":"2022-09-03"},{"lineNumber":6,"author":{"gitId":"myangat0343"},"content":" */","lastModifiedDate":"2022-09-03"},{"lineNumber":7,"author":{"gitId":"myangat0343"},"content":"public class ServerCLI {","lastModifiedDate":"2022-09-03"},{"lineNumber":8,"author":{"gitId":"myangat0343"},"content":"","lastModifiedDate":"2022-09-03"},{"lineNumber":9,"author":{"gitId":"myangat0343"},"content":"//    public void run() {","lastModifiedDate":"2022-09-03"},{"lineNumber":10,"author":{"gitId":"myangat0343"},"content":"//        serve();","lastModifiedDate":"2022-09-03"},{"lineNumber":11,"author":{"gitId":"myangat0343"},"content":"//    }","lastModifiedDate":"2022-09-03"},{"lineNumber":12,"author":{"gitId":"myangat0343"},"content":"//","lastModifiedDate":"2022-09-03"},{"lineNumber":13,"author":{"gitId":"myangat0343"},"content":"//    private void serve() {","lastModifiedDate":"2022-09-03"},{"lineNumber":14,"author":{"gitId":"myangat0343"},"content":"//        UserCommand command \u003d null;","lastModifiedDate":"2022-09-03"},{"lineNumber":15,"author":{"gitId":"myangat0343"},"content":"//","lastModifiedDate":"2022-09-03"},{"lineNumber":16,"author":{"gitId":"myangat0343"},"content":"//        do {","lastModifiedDate":"2022-09-03"},{"lineNumber":17,"author":{"gitId":"myangat0343"},"content":"//","lastModifiedDate":"2022-09-03"},{"lineNumber":18,"author":{"gitId":"myangat0343"},"content":"//        } while (!(command) inst)","lastModifiedDate":"2022-09-03"},{"lineNumber":19,"author":{"gitId":"myangat0343"},"content":"//    }","lastModifiedDate":"2022-09-03"},{"lineNumber":20,"author":{"gitId":"myangat0343"},"content":"//","lastModifiedDate":"2022-09-03"},{"lineNumber":21,"author":{"gitId":"myangat0343"},"content":"//","lastModifiedDate":"2022-09-03"},{"lineNumber":22,"author":{"gitId":"myangat0343"},"content":"","lastModifiedDate":"2022-09-03"},{"lineNumber":23,"author":{"gitId":"myangat0343"},"content":"}","lastModifiedDate":"2022-09-03"}],"authorContributionMap":{"myangat0343":23}},{"path":"src/main/java/Duke/UserServer/UserManager.java","fileType":"java","lines":[{"lineNumber":1,"author":{"gitId":"myangat0343"},"content":"package Duke.UserServer;","lastModifiedDate":"2022-09-03"},{"lineNumber":2,"author":{"gitId":"myangat0343"},"content":"","lastModifiedDate":"2022-09-03"},{"lineNumber":3,"author":{"gitId":"myangat0343"},"content":"public class UserManager {","lastModifiedDate":"2022-09-03"},{"lineNumber":4,"author":{"gitId":"myangat0343"},"content":"}","lastModifiedDate":"2022-09-03"}],"authorContributionMap":{"myangat0343":4}},{"path":"src/test/java/Duke/DukeTest.java","fileType":"java","lines":[{"lineNumber":1,"author":{"gitId":"myangat0343"},"content":"package Duke;","lastModifiedDate":"2022-08-30"},{"lineNumber":2,"author":{"gitId":"myangat0343"},"content":"","lastModifiedDate":"2022-08-30"},{"lineNumber":3,"author":{"gitId":"myangat0343"},"content":"import org.junit.jupiter.api.Test;","lastModifiedDate":"2022-08-30"},{"lineNumber":4,"author":{"gitId":"myangat0343"},"content":"","lastModifiedDate":"2022-08-30"},{"lineNumber":5,"author":{"gitId":"myangat0343"},"content":"import static org.junit.jupiter.api.Assertions.assertEquals;","lastModifiedDate":"2022-08-30"},{"lineNumber":6,"author":{"gitId":"myangat0343"},"content":"","lastModifiedDate":"2022-08-30"},{"lineNumber":7,"author":{"gitId":"myangat0343"},"content":"public class DukeTest {","lastModifiedDate":"2022-08-30"},{"lineNumber":8,"author":{"gitId":"myangat0343"},"content":"    @Test","lastModifiedDate":"2022-08-30"},{"lineNumber":9,"author":{"gitId":"myangat0343"},"content":"    public void dummyTest(){","lastModifiedDate":"2022-08-30"},{"lineNumber":10,"author":{"gitId":"myangat0343"},"content":"        assertEquals(2, 2);","lastModifiedDate":"2022-08-30"},{"lineNumber":11,"author":{"gitId":"myangat0343"},"content":"    }","lastModifiedDate":"2022-08-30"},{"lineNumber":12,"author":{"gitId":"myangat0343"},"content":"","lastModifiedDate":"2022-08-30"},{"lineNumber":13,"author":{"gitId":"myangat0343"},"content":"    @Test","lastModifiedDate":"2022-08-30"},{"lineNumber":14,"author":{"gitId":"myangat0343"},"content":"    public void dummyTest2(){","lastModifiedDate":"2022-08-30"},{"lineNumber":15,"author":{"gitId":"myangat0343"},"content":"        assertEquals(2, 2);","lastModifiedDate":"2022-08-30"},{"lineNumber":16,"author":{"gitId":"myangat0343"},"content":"    }","lastModifiedDate":"2022-08-30"},{"lineNumber":17,"author":{"gitId":"myangat0343"},"content":"}","lastModifiedDate":"2022-08-30"}],"authorContributionMap":{"myangat0343":17}}]
