{"authorDailyContributionsMap":{"marcuspang":[{"date":"2022-08-13","commitResults":[{"hash":"3ff20285bad492c15424f0613c50bedfa3af5efd","messageTitle":"Implement while-loop to echo user\u0027s input","messageBody":"","tags":["Level-1"],"fileTypesAndContributionMap":{"java":{"insertions":30,"deletions":6}}}]},{"date":"2022-08-15","commitResults":[{"hash":"88c11362fc1403a8f7c60e29f1565427e95f3036","messageTitle":"Add task list feature","messageBody":"Refactored command execution process into instance methods, and initialized a chatbot instance inside the main function. Also, refactored long line into a separate constant and made use of StringBuilder instead of string concatenation where possible.\n","tags":["Level-2"],"fileTypesAndContributionMap":{"java":{"insertions":37,"deletions":15}}}]},{"date":"2022-08-16","commitResults":[{"hash":"c9be963a37fb7ce44eaf7e3e12c6ba7a183aac19","messageTitle":"Create Task class and add mask/unmask commands","messageBody":"","tags":["A-Classes"],"fileTypesAndContributionMap":{"java":{"insertions":59,"deletions":6}}},{"hash":"9d273ac9143ac106a569709391844ebf0b858899","messageTitle":"Update executeCommand to use switch statement instead of if-else","messageBody":"","tags":["Level-3"],"fileTypesAndContributionMap":{"java":{"insertions":46,"deletions":33}}},{"hash":"d4fe7419a65a1ea1ee6549c7467ae3bea7fe043b","messageTitle":"Add Todo, Deadline, and Event classes","messageBody":"Also added *.class to .gitignore to prevent .class files from being committed\n","tags":["A-Inheritance"],"fileTypesAndContributionMap":{"java":{"insertions":48,"deletions":0}}},{"hash":"8ad5448c28359e53bceec3488fb3cf468376e808","messageTitle":"Implement todo, deadline, and event commands","messageBody":"Removed NEW_LINE from LONG_LINE_WITH_NEW_LINE since all the lines will have a new line in the current implementation. Also, added a missing space for deadlines and events in the toString() method.\n","tags":["Level-4"],"fileTypesAndContributionMap":{"java":{"insertions":46,"deletions":15}}},{"hash":"e01d5b623eefa1ce6fac0122a43e5ef89453f2f6","messageTitle":"Update test files","messageBody":"Also fixed number agreement in response text when adding tasks to the list\n","tags":["A-TextUiTesting"],"fileTypesAndContributionMap":{"txt":{"insertions":11,"deletions":0},"java":{"insertions":3,"deletions":3}}}]},{"date":"2022-08-17","commitResults":[{"hash":"f2952d79eeb29476e489f1c6deee2ef1141b7cae","messageTitle":"Add DukeException","messageBody":"","fileTypesAndContributionMap":{"java":{"insertions":5,"deletions":0}}},{"hash":"3025af91ee188213715fe33ea48096391a71ce2b","messageTitle":"Add toString method for DukeException","messageBody":"","tags":["A-Exceptions"],"fileTypesAndContributionMap":{"java":{"insertions":5,"deletions":0}}},{"hash":"92ad05c37a7266b32b2f7d03082346f6e1aa48a2","messageTitle":"Add errors and error handling for commands","messageBody":"","fileTypesAndContributionMap":{"java":{"insertions":93,"deletions":74}}},{"hash":"84467f03a1570f2b1072eecfcfa77bf0f2564c5c","messageTitle":"Fix checks for datetime field in event/deadline commands","messageBody":"","tags":["Level-5"],"fileTypesAndContributionMap":{"java":{"insertions":2,"deletions":2}}},{"hash":"afad76126fcc98360b7a84ca663e9e6cdff5c0c4","messageTitle":"Add delete functionality","messageBody":"Also added initial capacity for task list of 100, as mentioned in Level-2\n","tags":["Level-6","A-Collections"],"fileTypesAndContributionMap":{"java":{"insertions":14,"deletions":1}}},{"hash":"f794c9bc2582dd46480d7f323a4e12b644e874ac","messageTitle":"Add enum for task types","messageBody":"Also removed unnecessary getTaskIcon method since it should return it\u0027s corresponding task icon\n","fileTypesAndContributionMap":{"java":{"insertions":8,"deletions":15}}},{"hash":"9bde8b5b031c80528c426687f2cb7c752752afb7","messageTitle":"Refactor add task logic","messageBody":"Moved the add task logic and response message to a separate method. Also added JavaDoc for the executeCommand and addTask methods\n","tags":["A-Enums"],"fileTypesAndContributionMap":{"java":{"insertions":29,"deletions":23}}}]},{"date":"2022-08-24","commitResults":[{"hash":"0a9bff1250981f58eebc5b9935404542154f2fa7","messageTitle":"Enforce code style","messageBody":"Mainly added javadoc for classes and class methods.\n","fileTypesAndContributionMap":{"java":{"insertions":137,"deletions":78}}},{"hash":"1125c4cf4366ed718b6a3fa0a8bc82394df86cf3","messageTitle":"Implement save/load tasks feature from local file","messageBody":"Fixed a bug where adding a task was printing the remove task message inside Duke.java. Also moved the multi-line operations to new lines to adhere to the code standards\n","tags":["Level-7"],"fileTypesAndContributionMap":{"java":{"insertions":252,"deletions":46}}},{"hash":"e9d5968e47b368ce2d97692f8220e3ea4ee7afa8","messageTitle":"Convert String datetime fields to LocalDateTime","messageBody":"Also updated datetime variable names for Deadline and Event to be more semantic, i.e. deadline and timing\n","fileTypesAndContributionMap":{"txt":{"insertions":7,"deletions":0},"java":{"insertions":37,"deletions":12}}},{"hash":"695d77fa4f86c064560989dc7b5f92bb1fee3c0f","messageTitle":"Fix bug with storing datetime in storage file","messageBody":"","tags":["Level-8"],"fileTypesAndContributionMap":{"txt":{"insertions":0,"deletions":7},"java":{"insertions":7,"deletions":4}}}]},{"date":"2022-08-25","commitResults":[{"hash":"cc664542e06ce2754a2f6307a7b661b724bd343c","messageTitle":"Create Ui, Parser, and TaskList classes and update Storage functionality","messageBody":"","tags":["A-MoreOOP"],"fileTypesAndContributionMap":{"java":{"insertions":528,"deletions":244}}},{"hash":"8611f1d4d018c5377a5e99012a412f10041d76fb","messageTitle":"Refactor classes to separate packages","messageBody":"","tags":["A-Packages"],"fileTypesAndContributionMap":{"java":{"insertions":128,"deletions":14}}},{"hash":"0b77488aac2c32e93322975d9da4be31992dc838","messageTitle":"Fix Gradle configuration for mainClassName","messageBody":"","tags":["A-Gradle"],"fileTypesAndContributionMap":{"gradle":{"insertions":2,"deletions":2}}},{"hash":"5066dd70a354594d6785cbaa792de841c65cd417","messageTitle":"Add tests for mark, todo, unmark commands and tasklist","messageBody":"","tags":["A-JUnit"],"fileTypesAndContributionMap":{"java":{"insertions":82,"deletions":2}}}]}]},"authorFileTypeContributionMap":{"marcuspang":{"java":1015,"md":0,"fxml":0,"sh":0,"bat":0,"gradle":1,"txt":11}},"authorContributionVariance":{"marcuspang":81965.67},"authorDisplayNameMap":{"marcuspang":"CS2103T-W13-4 MARC..YANG"}}
