[{"path":"src/main/java/Deadline.java","fileType":"java","lines":[{"lineNumber":1,"author":{"gitId":"aarontangr"},"content":"public class Deadline extends Task {","lastModifiedDate":"2022-08-17"},{"lineNumber":2,"author":{"gitId":"aarontangr"},"content":"    private String date;","lastModifiedDate":"2022-08-17"},{"lineNumber":3,"author":{"gitId":"aarontangr"},"content":"","lastModifiedDate":"2022-08-17"},{"lineNumber":4,"author":{"gitId":"aarontangr"},"content":"    Deadline(String description, String date) {","lastModifiedDate":"2022-08-17"},{"lineNumber":5,"author":{"gitId":"aarontangr"},"content":"        super(description);","lastModifiedDate":"2022-08-17"},{"lineNumber":6,"author":{"gitId":"aarontangr"},"content":"        this.date \u003d date;","lastModifiedDate":"2022-08-17"},{"lineNumber":7,"author":{"gitId":"aarontangr"},"content":"    }","lastModifiedDate":"2022-08-17"},{"lineNumber":8,"author":{"gitId":"aarontangr"},"content":"","lastModifiedDate":"2022-08-17"},{"lineNumber":9,"author":{"gitId":"aarontangr"},"content":"    @Override","lastModifiedDate":"2022-08-17"},{"lineNumber":10,"author":{"gitId":"aarontangr"},"content":"    public String toString() {","lastModifiedDate":"2022-08-17"},{"lineNumber":11,"author":{"gitId":"aarontangr"},"content":"        return String.format(\"[D]%s (by: %s)\", super.toString(), this.date);","lastModifiedDate":"2022-08-17"},{"lineNumber":12,"author":{"gitId":"aarontangr"},"content":"    }","lastModifiedDate":"2022-08-17"},{"lineNumber":13,"author":{"gitId":"aarontangr"},"content":"}","lastModifiedDate":"2022-08-17"}],"authorContributionMap":{"aarontangr":13}},{"path":"src/main/java/Duke.java","fileType":"java","lines":[{"lineNumber":1,"author":{"gitId":"aarontangr"},"content":"import java.util.*;","lastModifiedDate":"2022-08-15"},{"lineNumber":2,"author":{"gitId":"aarontangr"},"content":"","lastModifiedDate":"2022-08-15"},{"lineNumber":3,"author":{"gitId":"-"},"content":"public class Duke {","lastModifiedDate":"2019-07-29"},{"lineNumber":4,"author":{"gitId":"aarontangr"},"content":"","lastModifiedDate":"2022-08-17"},{"lineNumber":5,"author":{"gitId":"aarontangr"},"content":"    private static ArrayList\u003cTask\u003e taskList \u003d new ArrayList\u003c\u003e();","lastModifiedDate":"2022-08-17"},{"lineNumber":6,"author":{"gitId":"aarontangr"},"content":"","lastModifiedDate":"2022-08-17"},{"lineNumber":7,"author":{"gitId":"-"},"content":"    public static void main(String[] args) {","lastModifiedDate":"2019-07-29"},{"lineNumber":8,"author":{"gitId":"aarontangr"},"content":"        Scanner sc \u003d new Scanner(System.in);","lastModifiedDate":"2022-08-17"},{"lineNumber":9,"author":{"gitId":"aarontangr"},"content":"        Introduction();","lastModifiedDate":"2022-08-17"},{"lineNumber":10,"author":{"gitId":"aarontangr"},"content":"        ","lastModifiedDate":"2022-08-17"},{"lineNumber":11,"author":{"gitId":"aarontangr"},"content":"        String input \u003d sc.nextLine();","lastModifiedDate":"2022-08-17"},{"lineNumber":12,"author":{"gitId":"aarontangr"},"content":"        while (!input.equals(\"bye\")) {","lastModifiedDate":"2022-08-17"},{"lineNumber":13,"author":{"gitId":"aarontangr"},"content":"            Process(input);","lastModifiedDate":"2022-08-17"},{"lineNumber":14,"author":{"gitId":"aarontangr"},"content":"            input \u003d sc.nextLine();","lastModifiedDate":"2022-08-17"},{"lineNumber":15,"author":{"gitId":"aarontangr"},"content":"        }","lastModifiedDate":"2022-08-17"},{"lineNumber":16,"author":{"gitId":"aarontangr"},"content":"    }","lastModifiedDate":"2022-08-17"},{"lineNumber":17,"author":{"gitId":"aarontangr"},"content":"","lastModifiedDate":"2022-08-17"},{"lineNumber":18,"author":{"gitId":"aarontangr"},"content":"    private static void Introduction() {","lastModifiedDate":"2022-08-17"},{"lineNumber":19,"author":{"gitId":"aarontangr"},"content":"        System.out.println(\"hello\");","lastModifiedDate":"2022-08-15"},{"lineNumber":20,"author":{"gitId":"aarontangr"},"content":"        System.out.println(\"can i help you?\");","lastModifiedDate":"2022-08-15"},{"lineNumber":21,"author":{"gitId":"aarontangr"},"content":"    }","lastModifiedDate":"2022-08-17"},{"lineNumber":22,"author":{"gitId":"aarontangr"},"content":"","lastModifiedDate":"2022-08-15"},{"lineNumber":23,"author":{"gitId":"aarontangr"},"content":"    private static void Process(String s) {","lastModifiedDate":"2022-08-17"},{"lineNumber":24,"author":{"gitId":"aarontangr"},"content":"        String[] words \u003d s.split(\" \");","lastModifiedDate":"2022-08-17"},{"lineNumber":25,"author":{"gitId":"aarontangr"},"content":"        String command \u003d words[0];","lastModifiedDate":"2022-08-17"},{"lineNumber":26,"author":{"gitId":"aarontangr"},"content":"        switch(command) {","lastModifiedDate":"2022-08-17"},{"lineNumber":27,"author":{"gitId":"aarontangr"},"content":"            case \"list\":","lastModifiedDate":"2022-08-17"},{"lineNumber":28,"author":{"gitId":"aarontangr"},"content":"                OutputList();","lastModifiedDate":"2022-08-17"},{"lineNumber":29,"author":{"gitId":"aarontangr"},"content":"                break;","lastModifiedDate":"2022-08-17"},{"lineNumber":30,"author":{"gitId":"aarontangr"},"content":"            case \"done\":","lastModifiedDate":"2022-08-17"},{"lineNumber":31,"author":{"gitId":"aarontangr"},"content":"                MarkItemDone(s);","lastModifiedDate":"2022-08-17"},{"lineNumber":32,"author":{"gitId":"aarontangr"},"content":"                break;","lastModifiedDate":"2022-08-17"},{"lineNumber":33,"author":{"gitId":"aarontangr"},"content":"            case \"unmark\":","lastModifiedDate":"2022-08-17"},{"lineNumber":34,"author":{"gitId":"aarontangr"},"content":"                MarkItemUndone(s);","lastModifiedDate":"2022-08-17"},{"lineNumber":35,"author":{"gitId":"aarontangr"},"content":"                break;","lastModifiedDate":"2022-08-17"},{"lineNumber":36,"author":{"gitId":"aarontangr"},"content":"            case \"todo\":","lastModifiedDate":"2022-08-17"},{"lineNumber":37,"author":{"gitId":"aarontangr"},"content":"                InsertTodo(s);","lastModifiedDate":"2022-08-17"},{"lineNumber":38,"author":{"gitId":"aarontangr"},"content":"                break;","lastModifiedDate":"2022-08-17"},{"lineNumber":39,"author":{"gitId":"aarontangr"},"content":"            case \"deadline\":","lastModifiedDate":"2022-08-17"},{"lineNumber":40,"author":{"gitId":"aarontangr"},"content":"                InsertDeadline(s);","lastModifiedDate":"2022-08-17"},{"lineNumber":41,"author":{"gitId":"aarontangr"},"content":"                break;","lastModifiedDate":"2022-08-17"},{"lineNumber":42,"author":{"gitId":"aarontangr"},"content":"            case \"event\":","lastModifiedDate":"2022-08-17"},{"lineNumber":43,"author":{"gitId":"aarontangr"},"content":"                InsertEvent(s);","lastModifiedDate":"2022-08-17"},{"lineNumber":44,"author":{"gitId":"aarontangr"},"content":"                break;","lastModifiedDate":"2022-08-17"},{"lineNumber":45,"author":{"gitId":"aarontangr"},"content":"            case \"delete\":","lastModifiedDate":"2022-08-17"},{"lineNumber":46,"author":{"gitId":"aarontangr"},"content":"                DeleteTask(s);","lastModifiedDate":"2022-08-17"},{"lineNumber":47,"author":{"gitId":"aarontangr"},"content":"                break;","lastModifiedDate":"2022-08-17"},{"lineNumber":48,"author":{"gitId":"aarontangr"},"content":"            default:","lastModifiedDate":"2022-08-17"},{"lineNumber":49,"author":{"gitId":"aarontangr"},"content":"                System.out.println(\"sorry, I don\u0027t understand you\");","lastModifiedDate":"2022-08-17"},{"lineNumber":50,"author":{"gitId":"aarontangr"},"content":"                break;","lastModifiedDate":"2022-08-17"},{"lineNumber":51,"author":{"gitId":"aarontangr"},"content":"        }","lastModifiedDate":"2022-08-17"},{"lineNumber":52,"author":{"gitId":"aarontangr"},"content":"    }","lastModifiedDate":"2022-08-15"},{"lineNumber":53,"author":{"gitId":"aarontangr"},"content":"","lastModifiedDate":"2022-08-17"},{"lineNumber":54,"author":{"gitId":"aarontangr"},"content":"    private static void OutputList() {","lastModifiedDate":"2022-08-17"},{"lineNumber":55,"author":{"gitId":"aarontangr"},"content":"        if (taskList.size() \u003d\u003d 0) {","lastModifiedDate":"2022-08-17"},{"lineNumber":56,"author":{"gitId":"aarontangr"},"content":"            System.out.println(\"you got no tasks\");","lastModifiedDate":"2022-08-17"},{"lineNumber":57,"author":{"gitId":"aarontangr"},"content":"        } else {","lastModifiedDate":"2022-08-15"},{"lineNumber":58,"author":{"gitId":"aarontangr"},"content":"            System.out.println(\"heres your tasks\");","lastModifiedDate":"2022-08-17"},{"lineNumber":59,"author":{"gitId":"aarontangr"},"content":"            for (int i \u003d 0; i \u003c taskList.size(); i++) {","lastModifiedDate":"2022-08-17"},{"lineNumber":60,"author":{"gitId":"aarontangr"},"content":"                System.out.format(\"\\t%d.%s\\n\", i + 1, taskList.get(i));","lastModifiedDate":"2022-08-17"},{"lineNumber":61,"author":{"gitId":"aarontangr"},"content":"            }","lastModifiedDate":"2022-08-17"},{"lineNumber":62,"author":{"gitId":"aarontangr"},"content":"        }","lastModifiedDate":"2022-08-15"},{"lineNumber":63,"author":{"gitId":"aarontangr"},"content":"    }","lastModifiedDate":"2022-08-15"},{"lineNumber":64,"author":{"gitId":"aarontangr"},"content":"","lastModifiedDate":"2022-08-15"},{"lineNumber":65,"author":{"gitId":"aarontangr"},"content":"    private static void InsertTodo(String input) {","lastModifiedDate":"2022-08-17"},{"lineNumber":66,"author":{"gitId":"aarontangr"},"content":"        try {","lastModifiedDate":"2022-08-17"},{"lineNumber":67,"author":{"gitId":"aarontangr"},"content":"            String description \u003d input.substring(5);","lastModifiedDate":"2022-08-17"},{"lineNumber":68,"author":{"gitId":"aarontangr"},"content":"            InsertTask(new Todo(description));","lastModifiedDate":"2022-08-17"},{"lineNumber":69,"author":{"gitId":"aarontangr"},"content":"        } catch (StringIndexOutOfBoundsException e) {","lastModifiedDate":"2022-08-17"},{"lineNumber":70,"author":{"gitId":"aarontangr"},"content":"            System.out.println(\"description cannot be empty\");","lastModifiedDate":"2022-08-17"},{"lineNumber":71,"author":{"gitId":"aarontangr"},"content":"        }","lastModifiedDate":"2022-08-17"},{"lineNumber":72,"author":{"gitId":"aarontangr"},"content":"    }","lastModifiedDate":"2022-08-17"},{"lineNumber":73,"author":{"gitId":"aarontangr"},"content":"","lastModifiedDate":"2022-08-17"},{"lineNumber":74,"author":{"gitId":"aarontangr"},"content":"    private static void InsertDeadline(String input) {","lastModifiedDate":"2022-08-17"},{"lineNumber":75,"author":{"gitId":"aarontangr"},"content":"        try {","lastModifiedDate":"2022-08-17"},{"lineNumber":76,"author":{"gitId":"aarontangr"},"content":"            String[] items \u003d input.substring(9).split(\" /by \");","lastModifiedDate":"2022-08-17"},{"lineNumber":77,"author":{"gitId":"aarontangr"},"content":"            InsertTask(new Deadline(items[0], items[1]));","lastModifiedDate":"2022-08-17"},{"lineNumber":78,"author":{"gitId":"aarontangr"},"content":"        } catch (StringIndexOutOfBoundsException | ArrayIndexOutOfBoundsException e) {","lastModifiedDate":"2022-08-17"},{"lineNumber":79,"author":{"gitId":"aarontangr"},"content":"            System.out.println(\"description cannot be empty\");","lastModifiedDate":"2022-08-17"},{"lineNumber":80,"author":{"gitId":"aarontangr"},"content":"        }","lastModifiedDate":"2022-08-17"},{"lineNumber":81,"author":{"gitId":"aarontangr"},"content":"    }","lastModifiedDate":"2022-08-17"},{"lineNumber":82,"author":{"gitId":"aarontangr"},"content":"","lastModifiedDate":"2022-08-17"},{"lineNumber":83,"author":{"gitId":"aarontangr"},"content":"    private static void InsertEvent(String input) {","lastModifiedDate":"2022-08-17"},{"lineNumber":84,"author":{"gitId":"aarontangr"},"content":"        try {","lastModifiedDate":"2022-08-17"},{"lineNumber":85,"author":{"gitId":"aarontangr"},"content":"            String[] items \u003d input.substring(6).split(\" /at \");","lastModifiedDate":"2022-08-17"},{"lineNumber":86,"author":{"gitId":"aarontangr"},"content":"            InsertTask(new Event(items[0], items[1]));","lastModifiedDate":"2022-08-17"},{"lineNumber":87,"author":{"gitId":"aarontangr"},"content":"        } catch (StringIndexOutOfBoundsException | ArrayIndexOutOfBoundsException e) {","lastModifiedDate":"2022-08-17"},{"lineNumber":88,"author":{"gitId":"aarontangr"},"content":"            System.out.println(\"description cannot be empty\");","lastModifiedDate":"2022-08-17"},{"lineNumber":89,"author":{"gitId":"aarontangr"},"content":"        }","lastModifiedDate":"2022-08-17"},{"lineNumber":90,"author":{"gitId":"aarontangr"},"content":"    }","lastModifiedDate":"2022-08-17"},{"lineNumber":91,"author":{"gitId":"aarontangr"},"content":"    private static void InsertTask(Task task) {","lastModifiedDate":"2022-08-17"},{"lineNumber":92,"author":{"gitId":"aarontangr"},"content":"        taskList.add(task);","lastModifiedDate":"2022-08-17"},{"lineNumber":93,"author":{"gitId":"aarontangr"},"content":"        System.out.println(\"added: \");","lastModifiedDate":"2022-08-17"},{"lineNumber":94,"author":{"gitId":"aarontangr"},"content":"        System.out.println(\"\\t\" + task);","lastModifiedDate":"2022-08-17"},{"lineNumber":95,"author":{"gitId":"aarontangr"},"content":"        System.out.format(\"you have %d task(s) in the list\\n\", taskList.size());","lastModifiedDate":"2022-08-17"},{"lineNumber":96,"author":{"gitId":"aarontangr"},"content":"    }","lastModifiedDate":"2022-08-17"},{"lineNumber":97,"author":{"gitId":"aarontangr"},"content":"","lastModifiedDate":"2022-08-17"},{"lineNumber":98,"author":{"gitId":"aarontangr"},"content":"    private static void MarkItemDone(String input) {","lastModifiedDate":"2022-08-17"},{"lineNumber":99,"author":{"gitId":"aarontangr"},"content":"        try {","lastModifiedDate":"2022-08-17"},{"lineNumber":100,"author":{"gitId":"aarontangr"},"content":"            String[] words \u003d input.split(\" \");","lastModifiedDate":"2022-08-17"},{"lineNumber":101,"author":{"gitId":"aarontangr"},"content":"            if (words.length \u003e 2) {","lastModifiedDate":"2022-08-17"},{"lineNumber":102,"author":{"gitId":"aarontangr"},"content":"                throw new DukeException();","lastModifiedDate":"2022-08-17"},{"lineNumber":103,"author":{"gitId":"aarontangr"},"content":"            }","lastModifiedDate":"2022-08-17"},{"lineNumber":104,"author":{"gitId":"aarontangr"},"content":"            int index \u003d Integer.parseInt(words[1]);","lastModifiedDate":"2022-08-17"},{"lineNumber":105,"author":{"gitId":"aarontangr"},"content":"            taskList.get(index - 1).markDone();","lastModifiedDate":"2022-08-17"},{"lineNumber":106,"author":{"gitId":"aarontangr"},"content":"            System.out.println(\"cool, this task is marked as done\");","lastModifiedDate":"2022-08-17"},{"lineNumber":107,"author":{"gitId":"aarontangr"},"content":"            System.out.println(\"\\t\" + taskList.get(index - 1));","lastModifiedDate":"2022-08-17"},{"lineNumber":108,"author":{"gitId":"aarontangr"},"content":"        } catch (NumberFormatException | ArrayIndexOutOfBoundsException | DukeException e) {","lastModifiedDate":"2022-08-17"},{"lineNumber":109,"author":{"gitId":"aarontangr"},"content":"            System.out.println(\"format: mark \u003cnumber\u003e\");","lastModifiedDate":"2022-08-17"},{"lineNumber":110,"author":{"gitId":"aarontangr"},"content":"        } catch (IndexOutOfBoundsException e) {","lastModifiedDate":"2022-08-17"},{"lineNumber":111,"author":{"gitId":"aarontangr"},"content":"            System.out.println(\"enter a valid index\");","lastModifiedDate":"2022-08-17"},{"lineNumber":112,"author":{"gitId":"aarontangr"},"content":"        }","lastModifiedDate":"2022-08-17"},{"lineNumber":113,"author":{"gitId":"aarontangr"},"content":"    }","lastModifiedDate":"2022-08-17"},{"lineNumber":114,"author":{"gitId":"aarontangr"},"content":"","lastModifiedDate":"2022-08-17"},{"lineNumber":115,"author":{"gitId":"aarontangr"},"content":"    private static void MarkItemUndone(String input) {","lastModifiedDate":"2022-08-17"},{"lineNumber":116,"author":{"gitId":"aarontangr"},"content":"        try {","lastModifiedDate":"2022-08-17"},{"lineNumber":117,"author":{"gitId":"aarontangr"},"content":"            String[] words \u003d input.split(\" \");","lastModifiedDate":"2022-08-17"},{"lineNumber":118,"author":{"gitId":"aarontangr"},"content":"            if (words.length \u003e 2) {","lastModifiedDate":"2022-08-17"},{"lineNumber":119,"author":{"gitId":"aarontangr"},"content":"                throw new DukeException();","lastModifiedDate":"2022-08-17"},{"lineNumber":120,"author":{"gitId":"aarontangr"},"content":"            }","lastModifiedDate":"2022-08-17"},{"lineNumber":121,"author":{"gitId":"aarontangr"},"content":"            int index \u003d Integer.parseInt(words[1]);","lastModifiedDate":"2022-08-17"},{"lineNumber":122,"author":{"gitId":"aarontangr"},"content":"            taskList.get(index - 1).markUndone();","lastModifiedDate":"2022-08-17"},{"lineNumber":123,"author":{"gitId":"aarontangr"},"content":"            System.out.println(\"ok, this task is marked as not done yet\");","lastModifiedDate":"2022-08-17"},{"lineNumber":124,"author":{"gitId":"aarontangr"},"content":"            System.out.println(\"\\t\" + taskList.get(index - 1));","lastModifiedDate":"2022-08-17"},{"lineNumber":125,"author":{"gitId":"aarontangr"},"content":"        } catch (NumberFormatException | ArrayIndexOutOfBoundsException | DukeException e) {","lastModifiedDate":"2022-08-17"},{"lineNumber":126,"author":{"gitId":"aarontangr"},"content":"            System.out.println(\"format: mark \u003cnumber\u003e\");","lastModifiedDate":"2022-08-17"},{"lineNumber":127,"author":{"gitId":"aarontangr"},"content":"        } catch (IndexOutOfBoundsException e) {","lastModifiedDate":"2022-08-17"},{"lineNumber":128,"author":{"gitId":"aarontangr"},"content":"            System.out.println(\"enter a valid index\");","lastModifiedDate":"2022-08-17"},{"lineNumber":129,"author":{"gitId":"aarontangr"},"content":"        }","lastModifiedDate":"2022-08-17"},{"lineNumber":130,"author":{"gitId":"-"},"content":"    }","lastModifiedDate":"2019-07-29"},{"lineNumber":131,"author":{"gitId":"aarontangr"},"content":"","lastModifiedDate":"2022-08-17"},{"lineNumber":132,"author":{"gitId":"aarontangr"},"content":"    private static void DeleteTask(String input) {","lastModifiedDate":"2022-08-17"},{"lineNumber":133,"author":{"gitId":"aarontangr"},"content":"        try {","lastModifiedDate":"2022-08-17"},{"lineNumber":134,"author":{"gitId":"aarontangr"},"content":"            String[] words \u003d input.split(\" \");","lastModifiedDate":"2022-08-17"},{"lineNumber":135,"author":{"gitId":"aarontangr"},"content":"            if (words.length \u003e 2) {","lastModifiedDate":"2022-08-17"},{"lineNumber":136,"author":{"gitId":"aarontangr"},"content":"                throw new DukeException();","lastModifiedDate":"2022-08-17"},{"lineNumber":137,"author":{"gitId":"aarontangr"},"content":"            }","lastModifiedDate":"2022-08-17"},{"lineNumber":138,"author":{"gitId":"aarontangr"},"content":"            int index \u003d Integer.parseInt(words[1]);","lastModifiedDate":"2022-08-17"},{"lineNumber":139,"author":{"gitId":"aarontangr"},"content":"            taskList.remove(index - 1);","lastModifiedDate":"2022-08-17"},{"lineNumber":140,"author":{"gitId":"aarontangr"},"content":"            System.out.println(\"ok, i removed this task\");","lastModifiedDate":"2022-08-17"},{"lineNumber":141,"author":{"gitId":"aarontangr"},"content":"        } catch (NumberFormatException | ArrayIndexOutOfBoundsException | DukeException e) {","lastModifiedDate":"2022-08-17"},{"lineNumber":142,"author":{"gitId":"aarontangr"},"content":"            System.out.println(\"format: mark \u003cnumber\u003e\");","lastModifiedDate":"2022-08-17"},{"lineNumber":143,"author":{"gitId":"aarontangr"},"content":"        } catch (IndexOutOfBoundsException e) {","lastModifiedDate":"2022-08-17"},{"lineNumber":144,"author":{"gitId":"aarontangr"},"content":"            System.out.println(\"enter a valid index\");","lastModifiedDate":"2022-08-17"},{"lineNumber":145,"author":{"gitId":"aarontangr"},"content":"        }","lastModifiedDate":"2022-08-17"},{"lineNumber":146,"author":{"gitId":"-"},"content":"    }","lastModifiedDate":"2022-08-17"},{"lineNumber":147,"author":{"gitId":"-"},"content":"}","lastModifiedDate":"2019-07-29"}],"authorContributionMap":{"aarontangr":142,"-":5}},{"path":"src/main/java/DukeException.java","fileType":"java","lines":[{"lineNumber":1,"author":{"gitId":"aarontangr"},"content":"public class DukeException extends Exception{","lastModifiedDate":"2022-08-17"},{"lineNumber":2,"author":{"gitId":"aarontangr"},"content":"    public DukeException() {","lastModifiedDate":"2022-08-17"},{"lineNumber":3,"author":{"gitId":"aarontangr"},"content":"        super();","lastModifiedDate":"2022-08-17"},{"lineNumber":4,"author":{"gitId":"aarontangr"},"content":"    }","lastModifiedDate":"2022-08-17"},{"lineNumber":5,"author":{"gitId":"aarontangr"},"content":"}","lastModifiedDate":"2022-08-17"}],"authorContributionMap":{"aarontangr":5}},{"path":"src/main/java/Event.java","fileType":"java","lines":[{"lineNumber":1,"author":{"gitId":"aarontangr"},"content":"public class Event extends Task {","lastModifiedDate":"2022-08-17"},{"lineNumber":2,"author":{"gitId":"aarontangr"},"content":"    String details;","lastModifiedDate":"2022-08-17"},{"lineNumber":3,"author":{"gitId":"aarontangr"},"content":"","lastModifiedDate":"2022-08-17"},{"lineNumber":4,"author":{"gitId":"aarontangr"},"content":"    Event(String description, String details) {","lastModifiedDate":"2022-08-17"},{"lineNumber":5,"author":{"gitId":"aarontangr"},"content":"        super(description);","lastModifiedDate":"2022-08-17"},{"lineNumber":6,"author":{"gitId":"aarontangr"},"content":"        this.details \u003d details;","lastModifiedDate":"2022-08-17"},{"lineNumber":7,"author":{"gitId":"aarontangr"},"content":"    }","lastModifiedDate":"2022-08-17"},{"lineNumber":8,"author":{"gitId":"aarontangr"},"content":"","lastModifiedDate":"2022-08-17"},{"lineNumber":9,"author":{"gitId":"aarontangr"},"content":"    @Override","lastModifiedDate":"2022-08-17"},{"lineNumber":10,"author":{"gitId":"aarontangr"},"content":"    public String toString() {","lastModifiedDate":"2022-08-17"},{"lineNumber":11,"author":{"gitId":"aarontangr"},"content":"        return String.format(\"[E]%s (at: %s)\", super.toString(), this.details);","lastModifiedDate":"2022-08-17"},{"lineNumber":12,"author":{"gitId":"aarontangr"},"content":"    }","lastModifiedDate":"2022-08-17"},{"lineNumber":13,"author":{"gitId":"aarontangr"},"content":"}","lastModifiedDate":"2022-08-17"}],"authorContributionMap":{"aarontangr":13}},{"path":"src/main/java/Task.java","fileType":"java","lines":[{"lineNumber":1,"author":{"gitId":"aarontangr"},"content":"public abstract class Task {","lastModifiedDate":"2022-08-17"},{"lineNumber":2,"author":{"gitId":"aarontangr"},"content":"    protected String description;","lastModifiedDate":"2022-08-17"},{"lineNumber":3,"author":{"gitId":"aarontangr"},"content":"    protected boolean isDone;","lastModifiedDate":"2022-08-17"},{"lineNumber":4,"author":{"gitId":"aarontangr"},"content":"","lastModifiedDate":"2022-08-17"},{"lineNumber":5,"author":{"gitId":"aarontangr"},"content":"    public Task(String description) {","lastModifiedDate":"2022-08-17"},{"lineNumber":6,"author":{"gitId":"aarontangr"},"content":"        this.description \u003d description;","lastModifiedDate":"2022-08-17"},{"lineNumber":7,"author":{"gitId":"aarontangr"},"content":"        this.isDone \u003d false;","lastModifiedDate":"2022-08-17"},{"lineNumber":8,"author":{"gitId":"aarontangr"},"content":"    }","lastModifiedDate":"2022-08-17"},{"lineNumber":9,"author":{"gitId":"aarontangr"},"content":"","lastModifiedDate":"2022-08-17"},{"lineNumber":10,"author":{"gitId":"aarontangr"},"content":"    public String getStatus() {","lastModifiedDate":"2022-08-17"},{"lineNumber":11,"author":{"gitId":"aarontangr"},"content":"        return this.isDone ","lastModifiedDate":"2022-08-17"},{"lineNumber":12,"author":{"gitId":"aarontangr"},"content":"            ? \"X\"","lastModifiedDate":"2022-08-17"},{"lineNumber":13,"author":{"gitId":"aarontangr"},"content":"            : \"\";","lastModifiedDate":"2022-08-17"},{"lineNumber":14,"author":{"gitId":"aarontangr"},"content":"    }","lastModifiedDate":"2022-08-17"},{"lineNumber":15,"author":{"gitId":"aarontangr"},"content":"","lastModifiedDate":"2022-08-17"},{"lineNumber":16,"author":{"gitId":"aarontangr"},"content":"    public void markDone() {","lastModifiedDate":"2022-08-17"},{"lineNumber":17,"author":{"gitId":"aarontangr"},"content":"        this.isDone \u003d true;","lastModifiedDate":"2022-08-17"},{"lineNumber":18,"author":{"gitId":"aarontangr"},"content":"    }","lastModifiedDate":"2022-08-17"},{"lineNumber":19,"author":{"gitId":"aarontangr"},"content":"","lastModifiedDate":"2022-08-17"},{"lineNumber":20,"author":{"gitId":"aarontangr"},"content":"    public void markUndone() {","lastModifiedDate":"2022-08-17"},{"lineNumber":21,"author":{"gitId":"aarontangr"},"content":"        this.isDone \u003d false;","lastModifiedDate":"2022-08-17"},{"lineNumber":22,"author":{"gitId":"aarontangr"},"content":"    }","lastModifiedDate":"2022-08-17"},{"lineNumber":23,"author":{"gitId":"aarontangr"},"content":"","lastModifiedDate":"2022-08-17"},{"lineNumber":24,"author":{"gitId":"aarontangr"},"content":"    @Override","lastModifiedDate":"2022-08-17"},{"lineNumber":25,"author":{"gitId":"aarontangr"},"content":"    public String toString() {","lastModifiedDate":"2022-08-17"},{"lineNumber":26,"author":{"gitId":"aarontangr"},"content":"        String icon \u003d this.getStatus();","lastModifiedDate":"2022-08-17"},{"lineNumber":27,"author":{"gitId":"aarontangr"},"content":"        return String.format(\"[%s] %s\", icon, this.description);","lastModifiedDate":"2022-08-17"},{"lineNumber":28,"author":{"gitId":"aarontangr"},"content":"    }","lastModifiedDate":"2022-08-17"},{"lineNumber":29,"author":{"gitId":"aarontangr"},"content":"}","lastModifiedDate":"2022-08-17"}],"authorContributionMap":{"aarontangr":29}},{"path":"src/main/java/Todo.java","fileType":"java","lines":[{"lineNumber":1,"author":{"gitId":"aarontangr"},"content":"public class Todo extends Task {","lastModifiedDate":"2022-08-17"},{"lineNumber":2,"author":{"gitId":"aarontangr"},"content":"    ","lastModifiedDate":"2022-08-17"},{"lineNumber":3,"author":{"gitId":"aarontangr"},"content":"    Todo(String description) {","lastModifiedDate":"2022-08-17"},{"lineNumber":4,"author":{"gitId":"aarontangr"},"content":"        super(description);","lastModifiedDate":"2022-08-17"},{"lineNumber":5,"author":{"gitId":"aarontangr"},"content":"    }","lastModifiedDate":"2022-08-17"},{"lineNumber":6,"author":{"gitId":"aarontangr"},"content":"","lastModifiedDate":"2022-08-17"},{"lineNumber":7,"author":{"gitId":"aarontangr"},"content":"    @Override","lastModifiedDate":"2022-08-17"},{"lineNumber":8,"author":{"gitId":"aarontangr"},"content":"    public String toString() {","lastModifiedDate":"2022-08-17"},{"lineNumber":9,"author":{"gitId":"aarontangr"},"content":"        return \"[T]\" + super.toString();","lastModifiedDate":"2022-08-17"},{"lineNumber":10,"author":{"gitId":"aarontangr"},"content":"    }","lastModifiedDate":"2022-08-17"},{"lineNumber":11,"author":{"gitId":"aarontangr"},"content":"}","lastModifiedDate":"2022-08-17"}],"authorContributionMap":{"aarontangr":11}},{"path":"text-ui-test/input.txt","fileType":"txt","lines":[{"lineNumber":1,"author":{"gitId":"aarontangr"},"content":"hello","lastModifiedDate":"2022-08-17"},{"lineNumber":2,"author":{"gitId":"aarontangr"},"content":"todo borrow book","lastModifiedDate":"2022-08-17"},{"lineNumber":3,"author":{"gitId":"aarontangr"},"content":"deadline return book /by sunday","lastModifiedDate":"2022-08-17"},{"lineNumber":4,"author":{"gitId":"aarontangr"},"content":"bye","lastModifiedDate":"2022-08-17"}],"authorContributionMap":{"aarontangr":4}}]
