{"authorDailyContributionsMap":{"aarontangr":[{"date":"2022-08-15","commitResults":[{"hash":"d3ce7aa88ad1b4b03dea66232f1e3e9bd6e99ffa","messageTitle":"Level-1","messageBody":"","tags":["Level-1"],"fileTypesAndContributionMap":{"java":{"insertions":13,"deletions":6}}},{"hash":"6c6da0a16c4e2036353900efefa5431e62162f0e","messageTitle":"Level-2","messageBody":"","tags":["Level-2"],"fileTypesAndContributionMap":{"java":{"insertions":13,"deletions":2}}}]},{"date":"2022-08-17","commitResults":[{"hash":"d47109dbf0bf71ddf87ecd3a6f752fdf6b3a15b4","messageTitle":"Level-4","messageBody":"","tags":["Level-4","Level-3"],"fileTypesAndContributionMap":{"java":{"insertions":148,"deletions":19}}},{"hash":"03a94e80a192c15c523fd578601ad093359b05df","messageTitle":"A-TextUiTesting","messageBody":"","tags":["A-TextUiTesting"],"fileTypesAndContributionMap":{"txt":{"insertions":4,"deletions":0},"java":{"insertions":2,"deletions":2}}},{"hash":"78095b44f130744f604bc3a3090cc85ca871d4f4","messageTitle":"Handle errors","messageBody":"","tags":["Level-5"],"fileTypesAndContributionMap":{"java":{"insertions":71,"deletions":29}}},{"hash":"61b4fab315f7d0ac59064daa214434b86a9bc9e6","messageTitle":"Added delete functionality","messageBody":"","tags":["Level-6"],"fileTypesAndContributionMap":{"java":{"insertions":19,"deletions":0}}}]},{"date":"2022-08-21","commitResults":[{"hash":"a135bcf7cca5c74b65bb84a77ac580563cb535d0","messageTitle":"Add read and save functionality","messageBody":"","tags":["Level-7"],"fileTypesAndContributionMap":{"txt":{"insertions":4,"deletions":0}}},{"hash":"7794abfa921b4164f843f865dd92a62e45ff8d3e","messageTitle":"Add date and time functionality","messageBody":"","tags":["Level-8"],"fileTypesAndContributionMap":{"java":{"insertions":37,"deletions":8}}}]},{"date":"2022-08-22","commitResults":[{"hash":"fef5a2dfe4cb9a3fef6076e20c7f1035a037602e","messageTitle":"Redo save functionality","messageBody":"","fileTypesAndContributionMap":{"txt":{"insertions":2,"deletions":2},"java":{"insertions":119,"deletions":49}}},{"hash":"633da9de7c718e7807015d2355c7a895dbf80b0f","messageTitle":"Fix conflicts","messageBody":"","fileTypesAndContributionMap":{"java":{"insertions":3,"deletions":9}}},{"hash":"7dcea288c036daf37174eda7abd22f6ff86658f5","messageTitle":"Fix date and time parsing","messageBody":"","fileTypesAndContributionMap":{"txt":{"insertions":2,"deletions":2},"java":{"insertions":5,"deletions":4}}}]},{"date":"2022-08-23","commitResults":[{"hash":"b7860423f096ea794840872770d306573ffef271","messageTitle":"Implement more OOP style","messageBody":"","tags":["A-Packages","A-MoreOOP"],"fileTypesAndContributionMap":{"txt":{"insertions":1,"deletions":1},"java":{"insertions":167,"deletions":85},"bat":{"insertions":1,"deletions":1},"md":{"insertions":2,"deletions":2}}},{"hash":"6558499ab89951705aa7f3fe4f4891dbcec4599d","messageTitle":"Add javadocs to all non-private methods","messageBody":"","tags":["A-JavaDoc"],"fileTypesAndContributionMap":{"java":{"insertions":257,"deletions":43}}},{"hash":"0bf1a42bec893e8adfeb73bd470229965fd8bbbf","messageTitle":"Add function to find a task by searching for a keyword.","messageBody":"","tags":["Level-9"],"fileTypesAndContributionMap":{"java":{"insertions":30,"deletions":0}}}]},{"date":"2022-08-30","commitResults":[{"hash":"6089bbd85211eb87cad44e6ea24c7649ec880e7d","messageTitle":"Checkstyle","messageBody":"","tags":["A-Checkstyle"],"fileTypesAndContributionMap":{"java":{"insertions":11,"deletions":11}}},{"hash":"9ef5c3853da987cfefa0ef66a3c932bf0542b8ce","messageTitle":"Add basic GUI","messageBody":"","tags":["Level-10"],"fileTypesAndContributionMap":{"gradle":{"insertions":20,"deletions":4},"java":{"insertions":187,"deletions":2}}}]},{"date":"2022-09-02","commitResults":[{"hash":"645d109ca58317408f68616b162761fb2f9c9b3d","messageTitle":"Refactor parser to return String","messageBody":"","fileTypesAndContributionMap":{"java":{"insertions":90,"deletions":63}}},{"hash":"51e01b98c257afedd3905d1560748a532a1c0046","messageTitle":"Add JavaFX","messageBody":"","fileTypesAndContributionMap":{"fxml":{"insertions":35,"deletions":0},"java":{"insertions":123,"deletions":133}}},{"hash":"c6f317c7a83789fd2724b59102ee1a8d30b83bf9","messageTitle":"Remove unused variables and imports","messageBody":"","fileTypesAndContributionMap":{"txt":{"insertions":1,"deletions":0},"java":{"insertions":1,"deletions":25}}}]},{"date":"2022-09-05","commitResults":[{"hash":"865caff18f603368fc01418f3c0880ce9dc623f8","messageTitle":"Add assertions","messageBody":"Assertions are useful for verifying assumptions about internal\ninvariants and other various invariants.\n\nAdding assertions are great to improve software and can show\nwhere a programmer made a mistake.\n","tags":["A-FullCommitMessage","A-Assertions"],"fileTypesAndContributionMap":{"java":{"insertions":2,"deletions":1}}},{"hash":"cfefe9140e7521259e5cb7d818e2f48d412fb32b","messageTitle":"Improve code quality of package duke.","messageBody":"Making code understandable is important, improve it by trying to\napply more SLAP and KISS\n","tags":["A-CodeQuality"],"fileTypesAndContributionMap":{"java":{"insertions":12,"deletions":0}}},{"hash":"7c9e681ea6796ab2582d9cdd624b6fb1b358bcc1","messageTitle":"Update various files to follow style guide.","messageBody":"","fileTypesAndContributionMap":{"java":{"insertions":4,"deletions":4}}},{"hash":"0cacc7683300ec9edc74ea818bf1ac035f784e20","messageTitle":"Repackage files in duke","messageBody":"","fileTypesAndContributionMap":{"fxml":{"insertions":1,"deletions":1},"java":{"insertions":51,"deletions":19}}},{"hash":"ebfce06f342df442e355647699e2060d6e27d0ba","messageTitle":"Update imports to match checkstyle and remove redundant imports","messageBody":"","fileTypesAndContributionMap":{"java":{"insertions":31,"deletions":29}}},{"hash":"176d7d319dbae0605bf1b262ed04d835c61071ae","messageTitle":"Update junit tests","messageBody":"","fileTypesAndContributionMap":{"java":{"insertions":2,"deletions":1}}},{"hash":"6af719109f30fa65f4569efae43f3712b580fcf4","messageTitle":"Update DialogBox to be able to fit long text","messageBody":"","fileTypesAndContributionMap":{"fxml":{"insertions":2,"deletions":2}}},{"hash":"fb13f85af777f25961dc069e610010ad839326be","messageTitle":"Update text-ui-test to deprecate CLI redirection testing","messageBody":"","fileTypesAndContributionMap":{"txt":{"insertions":0,"deletions":4},"java":{"insertions":4,"deletions":2},"bat":{"insertions":1,"deletions":1},"sh":{"insertions":3,"deletions":7}}}]},{"date":"2022-09-07","commitResults":[{"hash":"6609988c11d38374666cbba420cb8acbd86ddf21","messageTitle":"Add reminder functionality","messageBody":"","tags":["BCD-Extension"],"fileTypesAndContributionMap":{"java":{"insertions":27,"deletions":0}}}]},{"date":"2022-09-10","commitResults":[{"hash":"bbff397da6e001982933538c19d6b85352e2a721","messageTitle":"Add user guide","messageBody":"","tags":["A-UserGuide"],"fileTypesAndContributionMap":{"txt":{"insertions":1,"deletions":2},"java":{"insertions":10,"deletions":5},"md":{"insertions":83,"deletions":13}}}]},{"date":"2022-09-14","commitResults":[{"hash":"bc482a48c1021aced5e16f1b7f0cd7946372d670","messageTitle":"Remove datafile","messageBody":"","fileTypesAndContributionMap":{"txt":{"insertions":0,"deletions":4},"java":{"insertions":0,"deletions":0}}},{"hash":"462f663f3dd88cc38623bed232e149761ec4550a","messageTitle":"Update build.gradle to match Launcher","messageBody":"","fileTypesAndContributionMap":{"gradle":{"insertions":1,"deletions":3}}},{"hash":"b6ba26f2e7ba8442ff5a718f500b25f7abbc83c0","messageTitle":"Update various functions to throw DukeException","messageBody":"","fileTypesAndContributionMap":{"java":{"insertions":10,"deletions":13}}},{"hash":"1743a3b808bcb655fa30b308fde699e7ab912a23","messageTitle":"Fix save file path","messageBody":"","fileTypesAndContributionMap":{"java":{"insertions":20,"deletions":6}}},{"hash":"2e60a99251b11f0817ae1efaadf8a939b02a4186","messageTitle":"Remove unused imports","messageBody":"","tags":["A-Release"],"fileTypesAndContributionMap":{"java":{"insertions":0,"deletions":1}}}]}]},"authorFileTypeContributionMap":{"aarontangr":{"java":988,"md":82,"fxml":35,"sh":3,"bat":2,"gradle":25,"txt":0}},"authorContributionVariance":{"aarontangr":19282.895},"authorDisplayNameMap":{"aarontangr":"CS2103T-W17-4 AARO..RONG"}}
