[{"path":"README.md","fileType":"md","lines":[{"lineNumber":1,"author":{"gitId":"zbz-lvlv"},"content":"# Main project template","lastModifiedDate":"2022-08-20"},{"lineNumber":2,"author":{"gitId":"-"},"content":"","lastModifiedDate":"2020-05-25"},{"lineNumber":3,"author":{"gitId":"-"},"content":"This is a project template for a greenfield Java project. It\u0027s named after the Java mascot _Duke_. Given below are instructions on how to use it.","lastModifiedDate":"2020-05-25"},{"lineNumber":4,"author":{"gitId":"-"},"content":"","lastModifiedDate":"2020-05-25"},{"lineNumber":5,"author":{"gitId":"-"},"content":"## Setting up in Intellij","lastModifiedDate":"2020-05-25"},{"lineNumber":6,"author":{"gitId":"-"},"content":"","lastModifiedDate":"2020-05-25"},{"lineNumber":7,"author":{"gitId":"-"},"content":"Prerequisites: JDK 11, update Intellij to the most recent version.","lastModifiedDate":"2020-05-25"},{"lineNumber":8,"author":{"gitId":"-"},"content":"","lastModifiedDate":"2020-05-25"},{"lineNumber":9,"author":{"gitId":"-"},"content":"1. Open Intellij (if you are not in the welcome screen, click `File` \u003e `Close Project` to close the existing project first)","lastModifiedDate":"2021-01-17"},{"lineNumber":10,"author":{"gitId":"-"},"content":"1. Open the project into Intellij as follows:","lastModifiedDate":"2021-01-17"},{"lineNumber":11,"author":{"gitId":"-"},"content":"   1. Click `Open`.","lastModifiedDate":"2021-01-17"},{"lineNumber":12,"author":{"gitId":"-"},"content":"   1. Select the project directory, and click `OK`.","lastModifiedDate":"2021-01-17"},{"lineNumber":13,"author":{"gitId":"-"},"content":"   1. If there are any further prompts, accept the defaults.","lastModifiedDate":"2020-05-25"},{"lineNumber":14,"author":{"gitId":"-"},"content":"1. Configure the project to use **JDK 11** (not other versions) as explained in [here](https://www.jetbrains.com/help/idea/sdk.html#set-up-jdk).\u003cbr\u003e","lastModifiedDate":"2021-07-29"},{"lineNumber":15,"author":{"gitId":"-"},"content":"   In the same dialog, set the **Project language level** field to the `SDK default` option.","lastModifiedDate":"2021-07-29"},{"lineNumber":16,"author":{"gitId":"zbz-lvlv"},"content":"3. After that, locate the `src/main/java/Main.java` file, right-click it, and choose `Run Main.main()` (if the code editor is showing compile errors, try restarting the IDE). If the setup is correct, you should see something like the below as the output:","lastModifiedDate":"2022-08-20"},{"lineNumber":17,"author":{"gitId":"-"},"content":"   ```","lastModifiedDate":"2020-05-25"},{"lineNumber":18,"author":{"gitId":"-"},"content":"   Hello from","lastModifiedDate":"2020-05-25"},{"lineNumber":19,"author":{"gitId":"-"},"content":"    ____        _        ","lastModifiedDate":"2020-05-25"},{"lineNumber":20,"author":{"gitId":"-"},"content":"   |  _ \\ _   _| | _____ ","lastModifiedDate":"2020-05-25"},{"lineNumber":21,"author":{"gitId":"-"},"content":"   | | | | | | | |/ / _ \\","lastModifiedDate":"2020-05-25"},{"lineNumber":22,"author":{"gitId":"-"},"content":"   | |_| | |_| |   \u003c  __/","lastModifiedDate":"2020-05-25"},{"lineNumber":23,"author":{"gitId":"-"},"content":"   |____/ \\__,_|_|\\_\\___|","lastModifiedDate":"2020-05-25"},{"lineNumber":24,"author":{"gitId":"-"},"content":"   ```","lastModifiedDate":"2020-05-25"}],"authorContributionMap":{"zbz-lvlv":2,"-":22}},{"path":"src/main/java/Command.java","fileType":"java","lines":[{"lineNumber":1,"author":{"gitId":"zbz-lvlv"},"content":"public abstract class Command {","lastModifiedDate":"2022-08-20"},{"lineNumber":2,"author":{"gitId":"zbz-lvlv"},"content":"","lastModifiedDate":"2022-08-20"},{"lineNumber":3,"author":{"gitId":"zbz-lvlv"},"content":"    public abstract void execute(TaskList taskList, Ui ui, Storage storage);","lastModifiedDate":"2022-08-20"},{"lineNumber":4,"author":{"gitId":"zbz-lvlv"},"content":"","lastModifiedDate":"2022-08-20"},{"lineNumber":5,"author":{"gitId":"zbz-lvlv"},"content":"}","lastModifiedDate":"2022-08-20"}],"authorContributionMap":{"zbz-lvlv":5}},{"path":"src/main/java/CommandExit.java","fileType":"java","lines":[{"lineNumber":1,"author":{"gitId":"zbz-lvlv"},"content":"public class CommandExit extends Command {","lastModifiedDate":"2022-08-20"},{"lineNumber":2,"author":{"gitId":"zbz-lvlv"},"content":"","lastModifiedDate":"2022-08-20"},{"lineNumber":3,"author":{"gitId":"zbz-lvlv"},"content":"    @Override","lastModifiedDate":"2022-08-20"},{"lineNumber":4,"author":{"gitId":"zbz-lvlv"},"content":"    public void execute(TaskList taskList, Ui ui, Storage storage) {","lastModifiedDate":"2022-08-20"},{"lineNumber":5,"author":{"gitId":"zbz-lvlv"},"content":"        ui.showText(\"Adiós, hasta luego!\");","lastModifiedDate":"2022-08-20"},{"lineNumber":6,"author":{"gitId":"zbz-lvlv"},"content":"        System.exit(0);","lastModifiedDate":"2022-08-20"},{"lineNumber":7,"author":{"gitId":"zbz-lvlv"},"content":"    }","lastModifiedDate":"2022-08-20"},{"lineNumber":8,"author":{"gitId":"zbz-lvlv"},"content":"}","lastModifiedDate":"2022-08-20"}],"authorContributionMap":{"zbz-lvlv":8}},{"path":"src/main/java/CommandListAllTasks.java","fileType":"java","lines":[{"lineNumber":1,"author":{"gitId":"zbz-lvlv"},"content":"public class CommandListAllTasks extends Command {","lastModifiedDate":"2022-08-20"},{"lineNumber":2,"author":{"gitId":"zbz-lvlv"},"content":"","lastModifiedDate":"2022-08-20"},{"lineNumber":3,"author":{"gitId":"zbz-lvlv"},"content":"    @Override","lastModifiedDate":"2022-08-20"},{"lineNumber":4,"author":{"gitId":"zbz-lvlv"},"content":"    public void execute(TaskList taskList, Ui ui, Storage storage) {","lastModifiedDate":"2022-08-20"},{"lineNumber":5,"author":{"gitId":"zbz-lvlv"},"content":"","lastModifiedDate":"2022-08-20"},{"lineNumber":6,"author":{"gitId":"zbz-lvlv"},"content":"        StringBuilder sb \u003d new StringBuilder();","lastModifiedDate":"2022-08-20"},{"lineNumber":7,"author":{"gitId":"zbz-lvlv"},"content":"        sb.append(\"Here are the list of tasks you have:\\n\");","lastModifiedDate":"2022-08-20"},{"lineNumber":8,"author":{"gitId":"zbz-lvlv"},"content":"","lastModifiedDate":"2022-08-20"},{"lineNumber":9,"author":{"gitId":"zbz-lvlv"},"content":"        for (int i \u003d 0; i \u003c taskList.size(); i++) {","lastModifiedDate":"2022-08-20"},{"lineNumber":10,"author":{"gitId":"zbz-lvlv"},"content":"            sb.append(i + 1).append(\". \").append(taskList.get(i)).append(\"\\n\");","lastModifiedDate":"2022-08-20"},{"lineNumber":11,"author":{"gitId":"zbz-lvlv"},"content":"        }","lastModifiedDate":"2022-08-20"},{"lineNumber":12,"author":{"gitId":"zbz-lvlv"},"content":"","lastModifiedDate":"2022-08-20"},{"lineNumber":13,"author":{"gitId":"zbz-lvlv"},"content":"        ui.showText(sb.toString());","lastModifiedDate":"2022-08-20"},{"lineNumber":14,"author":{"gitId":"zbz-lvlv"},"content":"","lastModifiedDate":"2022-08-20"},{"lineNumber":15,"author":{"gitId":"zbz-lvlv"},"content":"    }","lastModifiedDate":"2022-08-20"},{"lineNumber":16,"author":{"gitId":"zbz-lvlv"},"content":"}","lastModifiedDate":"2022-08-20"}],"authorContributionMap":{"zbz-lvlv":16}},{"path":"src/main/java/CommandMarkTask.java","fileType":"java","lines":[{"lineNumber":1,"author":{"gitId":"zbz-lvlv"},"content":"public class CommandMarkTask extends Command {","lastModifiedDate":"2022-08-20"},{"lineNumber":2,"author":{"gitId":"zbz-lvlv"},"content":"","lastModifiedDate":"2022-08-20"},{"lineNumber":3,"author":{"gitId":"zbz-lvlv"},"content":"    private int index;","lastModifiedDate":"2022-08-20"},{"lineNumber":4,"author":{"gitId":"zbz-lvlv"},"content":"","lastModifiedDate":"2022-08-20"},{"lineNumber":5,"author":{"gitId":"zbz-lvlv"},"content":"    public CommandMarkTask(int index) {","lastModifiedDate":"2022-08-20"},{"lineNumber":6,"author":{"gitId":"zbz-lvlv"},"content":"        this.index \u003d index;","lastModifiedDate":"2022-08-20"},{"lineNumber":7,"author":{"gitId":"zbz-lvlv"},"content":"    }","lastModifiedDate":"2022-08-20"},{"lineNumber":8,"author":{"gitId":"zbz-lvlv"},"content":"","lastModifiedDate":"2022-08-20"},{"lineNumber":9,"author":{"gitId":"zbz-lvlv"},"content":"    @Override","lastModifiedDate":"2022-08-20"},{"lineNumber":10,"author":{"gitId":"zbz-lvlv"},"content":"    public void execute(TaskList taskList, Ui ui, Storage storage) {","lastModifiedDate":"2022-08-20"},{"lineNumber":11,"author":{"gitId":"zbz-lvlv"},"content":"","lastModifiedDate":"2022-08-20"},{"lineNumber":12,"author":{"gitId":"zbz-lvlv"},"content":"        taskList.get(this.index).setDone(true);","lastModifiedDate":"2022-08-20"},{"lineNumber":13,"author":{"gitId":"zbz-lvlv"},"content":"        taskList.mutatedTask();","lastModifiedDate":"2022-08-20"},{"lineNumber":14,"author":{"gitId":"zbz-lvlv"},"content":"        ui.showText(\"Your task \" + taskList.get(this.index) + \" has been completed.\");","lastModifiedDate":"2022-08-20"},{"lineNumber":15,"author":{"gitId":"zbz-lvlv"},"content":"","lastModifiedDate":"2022-08-20"},{"lineNumber":16,"author":{"gitId":"zbz-lvlv"},"content":"    }","lastModifiedDate":"2022-08-20"},{"lineNumber":17,"author":{"gitId":"zbz-lvlv"},"content":"}","lastModifiedDate":"2022-08-20"}],"authorContributionMap":{"zbz-lvlv":17}},{"path":"src/main/java/CommandRemoveTask.java","fileType":"java","lines":[{"lineNumber":1,"author":{"gitId":"zbz-lvlv"},"content":"public class CommandRemoveTask extends Command {","lastModifiedDate":"2022-08-20"},{"lineNumber":2,"author":{"gitId":"zbz-lvlv"},"content":"","lastModifiedDate":"2022-08-20"},{"lineNumber":3,"author":{"gitId":"zbz-lvlv"},"content":"    private int index;","lastModifiedDate":"2022-08-20"},{"lineNumber":4,"author":{"gitId":"zbz-lvlv"},"content":"","lastModifiedDate":"2022-08-20"},{"lineNumber":5,"author":{"gitId":"zbz-lvlv"},"content":"    public CommandRemoveTask(int index) {","lastModifiedDate":"2022-08-20"},{"lineNumber":6,"author":{"gitId":"zbz-lvlv"},"content":"        this.index \u003d index;","lastModifiedDate":"2022-08-20"},{"lineNumber":7,"author":{"gitId":"zbz-lvlv"},"content":"    }","lastModifiedDate":"2022-08-20"},{"lineNumber":8,"author":{"gitId":"zbz-lvlv"},"content":"","lastModifiedDate":"2022-08-20"},{"lineNumber":9,"author":{"gitId":"zbz-lvlv"},"content":"    @Override","lastModifiedDate":"2022-08-20"},{"lineNumber":10,"author":{"gitId":"zbz-lvlv"},"content":"    public void execute(TaskList taskList, Ui ui, Storage storage) {","lastModifiedDate":"2022-08-20"},{"lineNumber":11,"author":{"gitId":"zbz-lvlv"},"content":"","lastModifiedDate":"2022-08-20"},{"lineNumber":12,"author":{"gitId":"zbz-lvlv"},"content":"        String taskStr \u003d taskList.get(this.index).toString();","lastModifiedDate":"2022-08-20"},{"lineNumber":13,"author":{"gitId":"zbz-lvlv"},"content":"        taskList.remove(this.index);","lastModifiedDate":"2022-08-20"},{"lineNumber":14,"author":{"gitId":"zbz-lvlv"},"content":"        ui.showText(\"Your task \" + taskStr + \" has been deleted.\");","lastModifiedDate":"2022-08-20"},{"lineNumber":15,"author":{"gitId":"zbz-lvlv"},"content":"","lastModifiedDate":"2022-08-20"},{"lineNumber":16,"author":{"gitId":"zbz-lvlv"},"content":"    }","lastModifiedDate":"2022-08-20"},{"lineNumber":17,"author":{"gitId":"zbz-lvlv"},"content":"}","lastModifiedDate":"2022-08-20"}],"authorContributionMap":{"zbz-lvlv":17}},{"path":"src/main/java/CommandUnknown.java","fileType":"java","lines":[{"lineNumber":1,"author":{"gitId":"zbz-lvlv"},"content":"public class CommandUnknown extends Command {","lastModifiedDate":"2022-08-20"},{"lineNumber":2,"author":{"gitId":"zbz-lvlv"},"content":"","lastModifiedDate":"2022-08-20"},{"lineNumber":3,"author":{"gitId":"zbz-lvlv"},"content":"    @Override","lastModifiedDate":"2022-08-20"},{"lineNumber":4,"author":{"gitId":"zbz-lvlv"},"content":"    public void execute(TaskList taskList, Ui ui, Storage storage) {","lastModifiedDate":"2022-08-20"},{"lineNumber":5,"author":{"gitId":"zbz-lvlv"},"content":"        ui.showText(\"There is a mistake in the command given, please try again.\");","lastModifiedDate":"2022-08-20"},{"lineNumber":6,"author":{"gitId":"zbz-lvlv"},"content":"    }","lastModifiedDate":"2022-08-20"},{"lineNumber":7,"author":{"gitId":"zbz-lvlv"},"content":"}","lastModifiedDate":"2022-08-20"}],"authorContributionMap":{"zbz-lvlv":7}},{"path":"src/main/java/CommandUnmarkTask.java","fileType":"java","lines":[{"lineNumber":1,"author":{"gitId":"zbz-lvlv"},"content":"public class CommandUnmarkTask extends Command {","lastModifiedDate":"2022-08-20"},{"lineNumber":2,"author":{"gitId":"zbz-lvlv"},"content":"","lastModifiedDate":"2022-08-20"},{"lineNumber":3,"author":{"gitId":"zbz-lvlv"},"content":"    private int index;","lastModifiedDate":"2022-08-20"},{"lineNumber":4,"author":{"gitId":"zbz-lvlv"},"content":"","lastModifiedDate":"2022-08-20"},{"lineNumber":5,"author":{"gitId":"zbz-lvlv"},"content":"    public CommandUnmarkTask(int index) {","lastModifiedDate":"2022-08-20"},{"lineNumber":6,"author":{"gitId":"zbz-lvlv"},"content":"        this.index \u003d index;","lastModifiedDate":"2022-08-20"},{"lineNumber":7,"author":{"gitId":"zbz-lvlv"},"content":"    }","lastModifiedDate":"2022-08-20"},{"lineNumber":8,"author":{"gitId":"zbz-lvlv"},"content":"","lastModifiedDate":"2022-08-20"},{"lineNumber":9,"author":{"gitId":"zbz-lvlv"},"content":"    @Override","lastModifiedDate":"2022-08-20"},{"lineNumber":10,"author":{"gitId":"zbz-lvlv"},"content":"    public void execute(TaskList taskList, Ui ui, Storage storage) {","lastModifiedDate":"2022-08-20"},{"lineNumber":11,"author":{"gitId":"zbz-lvlv"},"content":"","lastModifiedDate":"2022-08-20"},{"lineNumber":12,"author":{"gitId":"zbz-lvlv"},"content":"        taskList.get(this.index).setDone(false);","lastModifiedDate":"2022-08-20"},{"lineNumber":13,"author":{"gitId":"zbz-lvlv"},"content":"        taskList.mutatedTask();","lastModifiedDate":"2022-08-20"},{"lineNumber":14,"author":{"gitId":"zbz-lvlv"},"content":"        ui.showText(\"Your task \" + taskList.get(this.index) + \" has been un-completed.\");","lastModifiedDate":"2022-08-20"},{"lineNumber":15,"author":{"gitId":"zbz-lvlv"},"content":"","lastModifiedDate":"2022-08-20"},{"lineNumber":16,"author":{"gitId":"zbz-lvlv"},"content":"    }","lastModifiedDate":"2022-08-20"},{"lineNumber":17,"author":{"gitId":"zbz-lvlv"},"content":"}","lastModifiedDate":"2022-08-20"}],"authorContributionMap":{"zbz-lvlv":17}},{"path":"src/main/java/DukeDateTimeFormatter.java","fileType":"java","lines":[{"lineNumber":1,"author":{"gitId":"zbz-lvlv"},"content":"import java.time.LocalDate;","lastModifiedDate":"2022-08-20"},{"lineNumber":2,"author":{"gitId":"zbz-lvlv"},"content":"import java.time.format.DateTimeFormatter;","lastModifiedDate":"2022-08-20"},{"lineNumber":3,"author":{"gitId":"zbz-lvlv"},"content":"","lastModifiedDate":"2022-08-20"},{"lineNumber":4,"author":{"gitId":"zbz-lvlv"},"content":"public class DukeDateTimeFormatter {","lastModifiedDate":"2022-08-20"},{"lineNumber":5,"author":{"gitId":"zbz-lvlv"},"content":"","lastModifiedDate":"2022-08-20"},{"lineNumber":6,"author":{"gitId":"zbz-lvlv"},"content":"    public static String formatDisplay(LocalDate ld) {","lastModifiedDate":"2022-08-20"},{"lineNumber":7,"author":{"gitId":"zbz-lvlv"},"content":"        return ld.format(DateTimeFormatter.ofPattern(\"d MMMM yyyy\"));","lastModifiedDate":"2022-08-20"},{"lineNumber":8,"author":{"gitId":"zbz-lvlv"},"content":"    }","lastModifiedDate":"2022-08-20"},{"lineNumber":9,"author":{"gitId":"zbz-lvlv"},"content":"","lastModifiedDate":"2022-08-20"},{"lineNumber":10,"author":{"gitId":"zbz-lvlv"},"content":"    public static String formatStorage(LocalDate ld) {","lastModifiedDate":"2022-08-20"},{"lineNumber":11,"author":{"gitId":"zbz-lvlv"},"content":"        return ld.format(DateTimeFormatter.ofPattern(\"yyyy-MM-dd\"));","lastModifiedDate":"2022-08-20"},{"lineNumber":12,"author":{"gitId":"zbz-lvlv"},"content":"    }","lastModifiedDate":"2022-08-20"},{"lineNumber":13,"author":{"gitId":"zbz-lvlv"},"content":"","lastModifiedDate":"2022-08-20"},{"lineNumber":14,"author":{"gitId":"zbz-lvlv"},"content":"}","lastModifiedDate":"2022-08-20"}],"authorContributionMap":{"zbz-lvlv":14}},{"path":"src/main/java/IllegalTaskTypeException.java","fileType":"java","lines":[{"lineNumber":1,"author":{"gitId":"zbz-lvlv"},"content":"public class IllegalTaskTypeException extends Exception {","lastModifiedDate":"2022-08-20"},{"lineNumber":2,"author":{"gitId":"zbz-lvlv"},"content":"","lastModifiedDate":"2022-08-20"},{"lineNumber":3,"author":{"gitId":"zbz-lvlv"},"content":"    public IllegalTaskTypeException(String message) {","lastModifiedDate":"2022-08-20"},{"lineNumber":4,"author":{"gitId":"zbz-lvlv"},"content":"        super(message);","lastModifiedDate":"2022-08-20"},{"lineNumber":5,"author":{"gitId":"zbz-lvlv"},"content":"    }","lastModifiedDate":"2022-08-20"},{"lineNumber":6,"author":{"gitId":"zbz-lvlv"},"content":"","lastModifiedDate":"2022-08-20"},{"lineNumber":7,"author":{"gitId":"zbz-lvlv"},"content":"}","lastModifiedDate":"2022-08-20"}],"authorContributionMap":{"zbz-lvlv":7}},{"path":"src/main/java/Main.java","fileType":"java","lines":[{"lineNumber":1,"author":{"gitId":"zbz-lvlv"},"content":"public class Main {","lastModifiedDate":"2022-08-20"},{"lineNumber":2,"author":{"gitId":"zbz-lvlv"},"content":"    public static void main(String[] args) {","lastModifiedDate":"2022-08-20"},{"lineNumber":3,"author":{"gitId":"zbz-lvlv"},"content":"        Maria maria \u003d new Maria();","lastModifiedDate":"2022-08-20"},{"lineNumber":4,"author":{"gitId":"zbz-lvlv"},"content":"        maria.run();","lastModifiedDate":"2022-08-20"},{"lineNumber":5,"author":{"gitId":"zbz-lvlv"},"content":"    }","lastModifiedDate":"2022-08-20"},{"lineNumber":6,"author":{"gitId":"zbz-lvlv"},"content":"}","lastModifiedDate":"2022-08-20"}],"authorContributionMap":{"zbz-lvlv":6}},{"path":"src/main/java/Maria.java","fileType":"java","lines":[{"lineNumber":1,"author":{"gitId":"zbz-lvlv"},"content":"public class Maria {","lastModifiedDate":"2022-08-20"},{"lineNumber":2,"author":{"gitId":"zbz-lvlv"},"content":"","lastModifiedDate":"2022-08-20"},{"lineNumber":3,"author":{"gitId":"zbz-lvlv"},"content":"    private final Ui ui;","lastModifiedDate":"2022-08-20"},{"lineNumber":4,"author":{"gitId":"zbz-lvlv"},"content":"    private final TaskList taskList;","lastModifiedDate":"2022-08-20"},{"lineNumber":5,"author":{"gitId":"zbz-lvlv"},"content":"    private final Storage storage;","lastModifiedDate":"2022-08-20"},{"lineNumber":6,"author":{"gitId":"zbz-lvlv"},"content":"","lastModifiedDate":"2022-08-20"},{"lineNumber":7,"author":{"gitId":"zbz-lvlv"},"content":"    public Maria() {","lastModifiedDate":"2022-08-20"},{"lineNumber":8,"author":{"gitId":"zbz-lvlv"},"content":"","lastModifiedDate":"2022-08-20"},{"lineNumber":9,"author":{"gitId":"zbz-lvlv"},"content":"        this.ui \u003d new Ui();","lastModifiedDate":"2022-08-20"},{"lineNumber":10,"author":{"gitId":"zbz-lvlv"},"content":"        this.storage \u003d new Storage(\"tasks.mariadata\");","lastModifiedDate":"2022-08-20"},{"lineNumber":11,"author":{"gitId":"zbz-lvlv"},"content":"        this.taskList \u003d StorageConverter.stringToTasks(this.storage);","lastModifiedDate":"2022-08-20"},{"lineNumber":12,"author":{"gitId":"zbz-lvlv"},"content":"","lastModifiedDate":"2022-08-20"},{"lineNumber":13,"author":{"gitId":"zbz-lvlv"},"content":"    }","lastModifiedDate":"2022-08-20"},{"lineNumber":14,"author":{"gitId":"zbz-lvlv"},"content":"","lastModifiedDate":"2022-08-20"},{"lineNumber":15,"author":{"gitId":"zbz-lvlv"},"content":"    public void run() {","lastModifiedDate":"2022-08-20"},{"lineNumber":16,"author":{"gitId":"zbz-lvlv"},"content":"","lastModifiedDate":"2022-08-20"},{"lineNumber":17,"author":{"gitId":"zbz-lvlv"},"content":"        while (true) {","lastModifiedDate":"2022-08-20"},{"lineNumber":18,"author":{"gitId":"zbz-lvlv"},"content":"","lastModifiedDate":"2022-08-20"},{"lineNumber":19,"author":{"gitId":"zbz-lvlv"},"content":"            String commandStr \u003d this.ui.readCommand();","lastModifiedDate":"2022-08-20"},{"lineNumber":20,"author":{"gitId":"zbz-lvlv"},"content":"            Command command \u003d Parser.parse(commandStr);","lastModifiedDate":"2022-08-20"},{"lineNumber":21,"author":{"gitId":"zbz-lvlv"},"content":"            command.execute(this.taskList, this.ui, this.storage);","lastModifiedDate":"2022-08-20"},{"lineNumber":22,"author":{"gitId":"zbz-lvlv"},"content":"","lastModifiedDate":"2022-08-20"},{"lineNumber":23,"author":{"gitId":"zbz-lvlv"},"content":"        }","lastModifiedDate":"2022-08-20"},{"lineNumber":24,"author":{"gitId":"zbz-lvlv"},"content":"","lastModifiedDate":"2022-08-20"},{"lineNumber":25,"author":{"gitId":"zbz-lvlv"},"content":"    }","lastModifiedDate":"2022-08-20"},{"lineNumber":26,"author":{"gitId":"zbz-lvlv"},"content":"","lastModifiedDate":"2022-08-20"},{"lineNumber":27,"author":{"gitId":"zbz-lvlv"},"content":"    private String makeTodo() {","lastModifiedDate":"2022-08-20"},{"lineNumber":28,"author":{"gitId":"zbz-lvlv"},"content":"        return TaskTodo.makeTodo(this.scanner, this.taskList);","lastModifiedDate":"2022-08-20"},{"lineNumber":29,"author":{"gitId":"zbz-lvlv"},"content":"    }","lastModifiedDate":"2022-08-20"},{"lineNumber":30,"author":{"gitId":"zbz-lvlv"},"content":"","lastModifiedDate":"2022-08-20"},{"lineNumber":31,"author":{"gitId":"zbz-lvlv"},"content":"    private String makeDeadline() {","lastModifiedDate":"2022-08-20"},{"lineNumber":32,"author":{"gitId":"zbz-lvlv"},"content":"        return TaskDeadline.makeDeadline(this.scanner, this.taskList);","lastModifiedDate":"2022-08-20"},{"lineNumber":33,"author":{"gitId":"zbz-lvlv"},"content":"    }","lastModifiedDate":"2022-08-20"},{"lineNumber":34,"author":{"gitId":"zbz-lvlv"},"content":"","lastModifiedDate":"2022-08-20"},{"lineNumber":35,"author":{"gitId":"zbz-lvlv"},"content":"    private String makeEvent() {","lastModifiedDate":"2022-08-20"},{"lineNumber":36,"author":{"gitId":"zbz-lvlv"},"content":"        return TaskEvent.makeEvent(this.scanner, this.taskList);","lastModifiedDate":"2022-08-20"},{"lineNumber":37,"author":{"gitId":"zbz-lvlv"},"content":"    }","lastModifiedDate":"2022-08-20"},{"lineNumber":38,"author":{"gitId":"zbz-lvlv"},"content":"","lastModifiedDate":"2022-08-20"},{"lineNumber":39,"author":{"gitId":"zbz-lvlv"},"content":"}","lastModifiedDate":"2022-08-20"}],"authorContributionMap":{"zbz-lvlv":39}},{"path":"src/main/java/Parser.java","fileType":"java","lines":[{"lineNumber":1,"author":{"gitId":"zbz-lvlv"},"content":"public class Parser {","lastModifiedDate":"2022-08-20"},{"lineNumber":2,"author":{"gitId":"zbz-lvlv"},"content":"","lastModifiedDate":"2022-08-20"},{"lineNumber":3,"author":{"gitId":"zbz-lvlv"},"content":"    public static Command parse(String commandStr) {","lastModifiedDate":"2022-08-20"},{"lineNumber":4,"author":{"gitId":"zbz-lvlv"},"content":"","lastModifiedDate":"2022-08-20"},{"lineNumber":5,"author":{"gitId":"zbz-lvlv"},"content":"        String[] commandStrArr \u003d commandStr.split(\" \");","lastModifiedDate":"2022-08-20"},{"lineNumber":6,"author":{"gitId":"zbz-lvlv"},"content":"        String commandMain \u003d commandStrArr[0];","lastModifiedDate":"2022-08-20"},{"lineNumber":7,"author":{"gitId":"zbz-lvlv"},"content":"","lastModifiedDate":"2022-08-20"},{"lineNumber":8,"author":{"gitId":"zbz-lvlv"},"content":"        switch (commandMain) {","lastModifiedDate":"2022-08-20"},{"lineNumber":9,"author":{"gitId":"zbz-lvlv"},"content":"        case \"bye\":","lastModifiedDate":"2022-08-20"},{"lineNumber":10,"author":{"gitId":"zbz-lvlv"},"content":"            return new CommandExit();","lastModifiedDate":"2022-08-20"},{"lineNumber":11,"author":{"gitId":"zbz-lvlv"},"content":"        case \"todo\":","lastModifiedDate":"2022-08-20"},{"lineNumber":12,"author":{"gitId":"zbz-lvlv"},"content":"            return makeTodo();","lastModifiedDate":"2022-08-20"},{"lineNumber":13,"author":{"gitId":"zbz-lvlv"},"content":"        case \"deadline\":","lastModifiedDate":"2022-08-20"},{"lineNumber":14,"author":{"gitId":"zbz-lvlv"},"content":"            return makeDeadline();","lastModifiedDate":"2022-08-20"},{"lineNumber":15,"author":{"gitId":"zbz-lvlv"},"content":"        case \"event\":","lastModifiedDate":"2022-08-20"},{"lineNumber":16,"author":{"gitId":"zbz-lvlv"},"content":"            return makeEvent();","lastModifiedDate":"2022-08-20"},{"lineNumber":17,"author":{"gitId":"zbz-lvlv"},"content":"        case \"list\":","lastModifiedDate":"2022-08-20"},{"lineNumber":18,"author":{"gitId":"zbz-lvlv"},"content":"            return new CommandListAllTasks();","lastModifiedDate":"2022-08-20"},{"lineNumber":19,"author":{"gitId":"zbz-lvlv"},"content":"        case \"mark\": {","lastModifiedDate":"2022-08-20"},{"lineNumber":20,"author":{"gitId":"zbz-lvlv"},"content":"            int index \u003d Integer.parseInt(commandStrArr[1]);","lastModifiedDate":"2022-08-20"},{"lineNumber":21,"author":{"gitId":"zbz-lvlv"},"content":"            return new CommandMarkTask(index);","lastModifiedDate":"2022-08-20"},{"lineNumber":22,"author":{"gitId":"zbz-lvlv"},"content":"        }","lastModifiedDate":"2022-08-20"},{"lineNumber":23,"author":{"gitId":"zbz-lvlv"},"content":"        case \"unmark\": {","lastModifiedDate":"2022-08-20"},{"lineNumber":24,"author":{"gitId":"zbz-lvlv"},"content":"            int index \u003d Integer.parseInt(commandStrArr[1]);","lastModifiedDate":"2022-08-20"},{"lineNumber":25,"author":{"gitId":"zbz-lvlv"},"content":"            return new CommandUnmarkTask(index);","lastModifiedDate":"2022-08-20"},{"lineNumber":26,"author":{"gitId":"zbz-lvlv"},"content":"        }","lastModifiedDate":"2022-08-20"},{"lineNumber":27,"author":{"gitId":"zbz-lvlv"},"content":"        case \"delete\": {","lastModifiedDate":"2022-08-20"},{"lineNumber":28,"author":{"gitId":"zbz-lvlv"},"content":"            int index \u003d Integer.parseInt(commandStrArr[1]);","lastModifiedDate":"2022-08-20"},{"lineNumber":29,"author":{"gitId":"zbz-lvlv"},"content":"            return new CommandRemoveTask(index);","lastModifiedDate":"2022-08-20"},{"lineNumber":30,"author":{"gitId":"zbz-lvlv"},"content":"        }","lastModifiedDate":"2022-08-20"},{"lineNumber":31,"author":{"gitId":"zbz-lvlv"},"content":"        default:","lastModifiedDate":"2022-08-20"},{"lineNumber":32,"author":{"gitId":"zbz-lvlv"},"content":"            return new CommandUnknown();","lastModifiedDate":"2022-08-20"},{"lineNumber":33,"author":{"gitId":"zbz-lvlv"},"content":"        }","lastModifiedDate":"2022-08-20"},{"lineNumber":34,"author":{"gitId":"zbz-lvlv"},"content":"","lastModifiedDate":"2022-08-20"},{"lineNumber":35,"author":{"gitId":"zbz-lvlv"},"content":"    }","lastModifiedDate":"2022-08-20"},{"lineNumber":36,"author":{"gitId":"zbz-lvlv"},"content":"","lastModifiedDate":"2022-08-20"},{"lineNumber":37,"author":{"gitId":"zbz-lvlv"},"content":"}","lastModifiedDate":"2022-08-20"}],"authorContributionMap":{"zbz-lvlv":37}},{"path":"src/main/java/Storage.java","fileType":"java","lines":[{"lineNumber":1,"author":{"gitId":"zbz-lvlv"},"content":"import java.io.BufferedWriter;","lastModifiedDate":"2022-08-20"},{"lineNumber":2,"author":{"gitId":"zbz-lvlv"},"content":"import java.io.File;","lastModifiedDate":"2022-08-20"},{"lineNumber":3,"author":{"gitId":"zbz-lvlv"},"content":"import java.io.FileWriter;","lastModifiedDate":"2022-08-20"},{"lineNumber":4,"author":{"gitId":"zbz-lvlv"},"content":"import java.io.IOException;","lastModifiedDate":"2022-08-20"},{"lineNumber":5,"author":{"gitId":"zbz-lvlv"},"content":"import java.nio.file.Files;","lastModifiedDate":"2022-08-20"},{"lineNumber":6,"author":{"gitId":"zbz-lvlv"},"content":"import java.nio.file.Path;","lastModifiedDate":"2022-08-20"},{"lineNumber":7,"author":{"gitId":"zbz-lvlv"},"content":"import java.nio.file.StandardOpenOption;","lastModifiedDate":"2022-08-20"},{"lineNumber":8,"author":{"gitId":"zbz-lvlv"},"content":"","lastModifiedDate":"2022-08-20"},{"lineNumber":9,"author":{"gitId":"zbz-lvlv"},"content":"public class Storage {","lastModifiedDate":"2022-08-20"},{"lineNumber":10,"author":{"gitId":"zbz-lvlv"},"content":"","lastModifiedDate":"2022-08-20"},{"lineNumber":11,"author":{"gitId":"zbz-lvlv"},"content":"    private String fileName;","lastModifiedDate":"2022-08-20"},{"lineNumber":12,"author":{"gitId":"zbz-lvlv"},"content":"","lastModifiedDate":"2022-08-20"},{"lineNumber":13,"author":{"gitId":"zbz-lvlv"},"content":"    public Storage(String path) {","lastModifiedDate":"2022-08-20"},{"lineNumber":14,"author":{"gitId":"zbz-lvlv"},"content":"","lastModifiedDate":"2022-08-20"},{"lineNumber":15,"author":{"gitId":"zbz-lvlv"},"content":"        this.fileName \u003d path;","lastModifiedDate":"2022-08-20"},{"lineNumber":16,"author":{"gitId":"zbz-lvlv"},"content":"","lastModifiedDate":"2022-08-20"},{"lineNumber":17,"author":{"gitId":"zbz-lvlv"},"content":"        try {","lastModifiedDate":"2022-08-20"},{"lineNumber":18,"author":{"gitId":"zbz-lvlv"},"content":"            File file \u003d new File(this.fileName);","lastModifiedDate":"2022-08-20"},{"lineNumber":19,"author":{"gitId":"zbz-lvlv"},"content":"            file.createNewFile(); // Creates a new file if the file doesn\u0027t exist, does nothing otherwise","lastModifiedDate":"2022-08-20"},{"lineNumber":20,"author":{"gitId":"zbz-lvlv"},"content":"        } catch (IOException e) {","lastModifiedDate":"2022-08-20"},{"lineNumber":21,"author":{"gitId":"zbz-lvlv"},"content":"            e.printStackTrace();","lastModifiedDate":"2022-08-20"},{"lineNumber":22,"author":{"gitId":"zbz-lvlv"},"content":"        }","lastModifiedDate":"2022-08-20"},{"lineNumber":23,"author":{"gitId":"zbz-lvlv"},"content":"","lastModifiedDate":"2022-08-20"},{"lineNumber":24,"author":{"gitId":"zbz-lvlv"},"content":"    }","lastModifiedDate":"2022-08-20"},{"lineNumber":25,"author":{"gitId":"zbz-lvlv"},"content":"","lastModifiedDate":"2022-08-20"},{"lineNumber":26,"author":{"gitId":"zbz-lvlv"},"content":"    public void writeToFile(String content) throws IOException {","lastModifiedDate":"2022-08-20"},{"lineNumber":27,"author":{"gitId":"zbz-lvlv"},"content":"        Files.writeString(Path.of(this.fileName), content, StandardOpenOption.WRITE, StandardOpenOption.TRUNCATE_EXISTING);","lastModifiedDate":"2022-08-20"},{"lineNumber":28,"author":{"gitId":"zbz-lvlv"},"content":"    }","lastModifiedDate":"2022-08-20"},{"lineNumber":29,"author":{"gitId":"zbz-lvlv"},"content":"","lastModifiedDate":"2022-08-20"},{"lineNumber":30,"author":{"gitId":"zbz-lvlv"},"content":"    public String readFromFile() throws IOException {","lastModifiedDate":"2022-08-20"},{"lineNumber":31,"author":{"gitId":"zbz-lvlv"},"content":"        return Files.readString(Path.of(this.fileName));","lastModifiedDate":"2022-08-20"},{"lineNumber":32,"author":{"gitId":"zbz-lvlv"},"content":"    }","lastModifiedDate":"2022-08-20"},{"lineNumber":33,"author":{"gitId":"zbz-lvlv"},"content":"","lastModifiedDate":"2022-08-20"},{"lineNumber":34,"author":{"gitId":"zbz-lvlv"},"content":"}","lastModifiedDate":"2022-08-20"}],"authorContributionMap":{"zbz-lvlv":34}},{"path":"src/main/java/StorageConverter.java","fileType":"java","lines":[{"lineNumber":1,"author":{"gitId":"zbz-lvlv"},"content":"import java.io.IOException;","lastModifiedDate":"2022-08-20"},{"lineNumber":2,"author":{"gitId":"zbz-lvlv"},"content":"import java.util.ArrayList;","lastModifiedDate":"2022-08-20"},{"lineNumber":3,"author":{"gitId":"zbz-lvlv"},"content":"import java.util.List;","lastModifiedDate":"2022-08-20"},{"lineNumber":4,"author":{"gitId":"zbz-lvlv"},"content":"","lastModifiedDate":"2022-08-20"},{"lineNumber":5,"author":{"gitId":"zbz-lvlv"},"content":"public class StorageConverter {","lastModifiedDate":"2022-08-20"},{"lineNumber":6,"author":{"gitId":"zbz-lvlv"},"content":"","lastModifiedDate":"2022-08-20"},{"lineNumber":7,"author":{"gitId":"zbz-lvlv"},"content":"    public static String tasksToString(TaskList tasks) {","lastModifiedDate":"2022-08-20"},{"lineNumber":8,"author":{"gitId":"zbz-lvlv"},"content":"","lastModifiedDate":"2022-08-20"},{"lineNumber":9,"author":{"gitId":"zbz-lvlv"},"content":"        List\u003cString\u003e tasksStr \u003d new ArrayList\u003c\u003e();","lastModifiedDate":"2022-08-20"},{"lineNumber":10,"author":{"gitId":"zbz-lvlv"},"content":"        for (Task task : tasks) {","lastModifiedDate":"2022-08-20"},{"lineNumber":11,"author":{"gitId":"zbz-lvlv"},"content":"            tasksStr.add(task.toStorageString());","lastModifiedDate":"2022-08-20"},{"lineNumber":12,"author":{"gitId":"zbz-lvlv"},"content":"        }","lastModifiedDate":"2022-08-20"},{"lineNumber":13,"author":{"gitId":"zbz-lvlv"},"content":"        String result \u003d String.join(\"\u003d\u003d\u003d\", tasksStr);","lastModifiedDate":"2022-08-20"},{"lineNumber":14,"author":{"gitId":"zbz-lvlv"},"content":"        return result;","lastModifiedDate":"2022-08-20"},{"lineNumber":15,"author":{"gitId":"zbz-lvlv"},"content":"","lastModifiedDate":"2022-08-20"},{"lineNumber":16,"author":{"gitId":"zbz-lvlv"},"content":"    }","lastModifiedDate":"2022-08-20"},{"lineNumber":17,"author":{"gitId":"zbz-lvlv"},"content":"","lastModifiedDate":"2022-08-20"},{"lineNumber":18,"author":{"gitId":"zbz-lvlv"},"content":"    public static TaskList stringToTasks(Storage storage) {","lastModifiedDate":"2022-08-20"},{"lineNumber":19,"author":{"gitId":"zbz-lvlv"},"content":"","lastModifiedDate":"2022-08-20"},{"lineNumber":20,"author":{"gitId":"zbz-lvlv"},"content":"        TaskList tasks \u003d new TaskList(storage);","lastModifiedDate":"2022-08-20"},{"lineNumber":21,"author":{"gitId":"zbz-lvlv"},"content":"","lastModifiedDate":"2022-08-20"},{"lineNumber":22,"author":{"gitId":"zbz-lvlv"},"content":"        String tasksStr \u003d null;","lastModifiedDate":"2022-08-20"},{"lineNumber":23,"author":{"gitId":"zbz-lvlv"},"content":"        try {","lastModifiedDate":"2022-08-20"},{"lineNumber":24,"author":{"gitId":"zbz-lvlv"},"content":"            tasksStr \u003d storage.readFromFile();","lastModifiedDate":"2022-08-20"},{"lineNumber":25,"author":{"gitId":"zbz-lvlv"},"content":"        } catch (IOException e) {","lastModifiedDate":"2022-08-20"},{"lineNumber":26,"author":{"gitId":"zbz-lvlv"},"content":"            System.out.println(\"File is corrupted. Please delete the tasks file and retry.\");","lastModifiedDate":"2022-08-20"},{"lineNumber":27,"author":{"gitId":"zbz-lvlv"},"content":"            System.out.println(e.getMessage());","lastModifiedDate":"2022-08-20"},{"lineNumber":28,"author":{"gitId":"zbz-lvlv"},"content":"            System.exit(-1);","lastModifiedDate":"2022-08-20"},{"lineNumber":29,"author":{"gitId":"zbz-lvlv"},"content":"        }","lastModifiedDate":"2022-08-20"},{"lineNumber":30,"author":{"gitId":"zbz-lvlv"},"content":"","lastModifiedDate":"2022-08-20"},{"lineNumber":31,"author":{"gitId":"zbz-lvlv"},"content":"        String[] tasksStrArr \u003d tasksStr.split(\"\u003d\u003d\u003d\");","lastModifiedDate":"2022-08-20"},{"lineNumber":32,"author":{"gitId":"zbz-lvlv"},"content":"","lastModifiedDate":"2022-08-20"},{"lineNumber":33,"author":{"gitId":"zbz-lvlv"},"content":"        for (String taskStr : tasksStrArr) {","lastModifiedDate":"2022-08-20"},{"lineNumber":34,"author":{"gitId":"zbz-lvlv"},"content":"            if (!taskStr.isEmpty()) {","lastModifiedDate":"2022-08-20"},{"lineNumber":35,"author":{"gitId":"zbz-lvlv"},"content":"                try {","lastModifiedDate":"2022-08-20"},{"lineNumber":36,"author":{"gitId":"zbz-lvlv"},"content":"                    tasks.add(Task.createTaskFromStorageString(taskStr));","lastModifiedDate":"2022-08-20"},{"lineNumber":37,"author":{"gitId":"zbz-lvlv"},"content":"                } catch (TaskNoNameException | IllegalTaskTypeException e) {","lastModifiedDate":"2022-08-20"},{"lineNumber":38,"author":{"gitId":"zbz-lvlv"},"content":"                    System.out.println(\"File is corrupted. Please delete the tasks file and retry.\");","lastModifiedDate":"2022-08-20"},{"lineNumber":39,"author":{"gitId":"zbz-lvlv"},"content":"                    System.out.println(e.getMessage());","lastModifiedDate":"2022-08-20"},{"lineNumber":40,"author":{"gitId":"zbz-lvlv"},"content":"                    System.exit(-1);","lastModifiedDate":"2022-08-20"},{"lineNumber":41,"author":{"gitId":"zbz-lvlv"},"content":"                }","lastModifiedDate":"2022-08-20"},{"lineNumber":42,"author":{"gitId":"zbz-lvlv"},"content":"            }","lastModifiedDate":"2022-08-20"},{"lineNumber":43,"author":{"gitId":"zbz-lvlv"},"content":"        }","lastModifiedDate":"2022-08-20"},{"lineNumber":44,"author":{"gitId":"zbz-lvlv"},"content":"","lastModifiedDate":"2022-08-20"},{"lineNumber":45,"author":{"gitId":"zbz-lvlv"},"content":"        return tasks;","lastModifiedDate":"2022-08-20"},{"lineNumber":46,"author":{"gitId":"zbz-lvlv"},"content":"","lastModifiedDate":"2022-08-20"},{"lineNumber":47,"author":{"gitId":"zbz-lvlv"},"content":"    }","lastModifiedDate":"2022-08-20"},{"lineNumber":48,"author":{"gitId":"zbz-lvlv"},"content":"","lastModifiedDate":"2022-08-20"},{"lineNumber":49,"author":{"gitId":"zbz-lvlv"},"content":"}","lastModifiedDate":"2022-08-20"}],"authorContributionMap":{"zbz-lvlv":49}},{"path":"src/main/java/Task.java","fileType":"java","lines":[{"lineNumber":1,"author":{"gitId":"zbz-lvlv"},"content":"public abstract class Task {","lastModifiedDate":"2022-08-20"},{"lineNumber":2,"author":{"gitId":"zbz-lvlv"},"content":"","lastModifiedDate":"2022-08-13"},{"lineNumber":3,"author":{"gitId":"zbz-lvlv"},"content":"    private final String name;","lastModifiedDate":"2022-08-13"},{"lineNumber":4,"author":{"gitId":"zbz-lvlv"},"content":"    private boolean done;","lastModifiedDate":"2022-08-13"},{"lineNumber":5,"author":{"gitId":"zbz-lvlv"},"content":"","lastModifiedDate":"2022-08-13"},{"lineNumber":6,"author":{"gitId":"zbz-lvlv"},"content":"    public Task(String name, boolean done) throws TaskNoNameException {","lastModifiedDate":"2022-08-13"},{"lineNumber":7,"author":{"gitId":"zbz-lvlv"},"content":"","lastModifiedDate":"2022-08-13"},{"lineNumber":8,"author":{"gitId":"zbz-lvlv"},"content":"        if (name.isEmpty()) {","lastModifiedDate":"2022-08-13"},{"lineNumber":9,"author":{"gitId":"zbz-lvlv"},"content":"            throw new TaskNoNameException(\"The name for a task cannot be empty.\");","lastModifiedDate":"2022-08-13"},{"lineNumber":10,"author":{"gitId":"zbz-lvlv"},"content":"        }","lastModifiedDate":"2022-08-13"},{"lineNumber":11,"author":{"gitId":"zbz-lvlv"},"content":"","lastModifiedDate":"2022-08-13"},{"lineNumber":12,"author":{"gitId":"zbz-lvlv"},"content":"        this.name \u003d name;","lastModifiedDate":"2022-08-13"},{"lineNumber":13,"author":{"gitId":"zbz-lvlv"},"content":"        this.done \u003d done;","lastModifiedDate":"2022-08-13"},{"lineNumber":14,"author":{"gitId":"zbz-lvlv"},"content":"    }","lastModifiedDate":"2022-08-13"},{"lineNumber":15,"author":{"gitId":"zbz-lvlv"},"content":"","lastModifiedDate":"2022-08-13"},{"lineNumber":16,"author":{"gitId":"zbz-lvlv"},"content":"    public void setDone(boolean done) {","lastModifiedDate":"2022-08-13"},{"lineNumber":17,"author":{"gitId":"zbz-lvlv"},"content":"        this.done \u003d done;","lastModifiedDate":"2022-08-13"},{"lineNumber":18,"author":{"gitId":"zbz-lvlv"},"content":"    }","lastModifiedDate":"2022-08-13"},{"lineNumber":19,"author":{"gitId":"zbz-lvlv"},"content":"","lastModifiedDate":"2022-08-13"},{"lineNumber":20,"author":{"gitId":"zbz-lvlv"},"content":"    @Override","lastModifiedDate":"2022-08-13"},{"lineNumber":21,"author":{"gitId":"zbz-lvlv"},"content":"    public String toString() {","lastModifiedDate":"2022-08-13"},{"lineNumber":22,"author":{"gitId":"zbz-lvlv"},"content":"        return \"[\" + (this.done ? \"X\" : \" \") + \"] \" + this.name;","lastModifiedDate":"2022-08-13"},{"lineNumber":23,"author":{"gitId":"zbz-lvlv"},"content":"    }","lastModifiedDate":"2022-08-13"},{"lineNumber":24,"author":{"gitId":"zbz-lvlv"},"content":"","lastModifiedDate":"2022-08-13"},{"lineNumber":25,"author":{"gitId":"zbz-lvlv"},"content":"    public String toStorageString() {","lastModifiedDate":"2022-08-20"},{"lineNumber":26,"author":{"gitId":"zbz-lvlv"},"content":"        return this.name + \"|||\" + this.done;","lastModifiedDate":"2022-08-20"},{"lineNumber":27,"author":{"gitId":"zbz-lvlv"},"content":"    }","lastModifiedDate":"2022-08-20"},{"lineNumber":28,"author":{"gitId":"zbz-lvlv"},"content":"","lastModifiedDate":"2022-08-20"},{"lineNumber":29,"author":{"gitId":"zbz-lvlv"},"content":"    public static Task createTaskFromStorageString(String taskStr)","lastModifiedDate":"2022-08-20"},{"lineNumber":30,"author":{"gitId":"zbz-lvlv"},"content":"            throws TaskNoNameException, IllegalTaskTypeException {","lastModifiedDate":"2022-08-20"},{"lineNumber":31,"author":{"gitId":"zbz-lvlv"},"content":"","lastModifiedDate":"2022-08-20"},{"lineNumber":32,"author":{"gitId":"zbz-lvlv"},"content":"        String[] tokens \u003d taskStr.split(\"\\\\|\\\\|\\\\|\");","lastModifiedDate":"2022-08-20"},{"lineNumber":33,"author":{"gitId":"zbz-lvlv"},"content":"        String name \u003d tokens[0];","lastModifiedDate":"2022-08-20"},{"lineNumber":34,"author":{"gitId":"zbz-lvlv"},"content":"        boolean done \u003d Boolean.parseBoolean(tokens[1]);","lastModifiedDate":"2022-08-20"},{"lineNumber":35,"author":{"gitId":"zbz-lvlv"},"content":"        String taskType \u003d tokens[2];","lastModifiedDate":"2022-08-20"},{"lineNumber":36,"author":{"gitId":"zbz-lvlv"},"content":"","lastModifiedDate":"2022-08-20"},{"lineNumber":37,"author":{"gitId":"zbz-lvlv"},"content":"        switch (taskType) {","lastModifiedDate":"2022-08-20"},{"lineNumber":38,"author":{"gitId":"zbz-lvlv"},"content":"        case \"todo\":","lastModifiedDate":"2022-08-20"},{"lineNumber":39,"author":{"gitId":"zbz-lvlv"},"content":"            return new TaskTodo(name, done);","lastModifiedDate":"2022-08-20"},{"lineNumber":40,"author":{"gitId":"zbz-lvlv"},"content":"        case \"deadline\":","lastModifiedDate":"2022-08-20"},{"lineNumber":41,"author":{"gitId":"zbz-lvlv"},"content":"            String deadline \u003d tokens[3];","lastModifiedDate":"2022-08-20"},{"lineNumber":42,"author":{"gitId":"zbz-lvlv"},"content":"            return new TaskDeadline(name, done, deadline);","lastModifiedDate":"2022-08-20"},{"lineNumber":43,"author":{"gitId":"zbz-lvlv"},"content":"        case \"event\":","lastModifiedDate":"2022-08-20"},{"lineNumber":44,"author":{"gitId":"zbz-lvlv"},"content":"            String start \u003d tokens[3];","lastModifiedDate":"2022-08-20"},{"lineNumber":45,"author":{"gitId":"zbz-lvlv"},"content":"            String end \u003d tokens[4];","lastModifiedDate":"2022-08-20"},{"lineNumber":46,"author":{"gitId":"zbz-lvlv"},"content":"            return new TaskEvent(name, done, start, end);","lastModifiedDate":"2022-08-20"},{"lineNumber":47,"author":{"gitId":"zbz-lvlv"},"content":"        default:","lastModifiedDate":"2022-08-20"},{"lineNumber":48,"author":{"gitId":"zbz-lvlv"},"content":"            throw new IllegalTaskTypeException(\"Task type \" + taskType + \" is invalid.\");","lastModifiedDate":"2022-08-20"},{"lineNumber":49,"author":{"gitId":"zbz-lvlv"},"content":"        }","lastModifiedDate":"2022-08-20"},{"lineNumber":50,"author":{"gitId":"zbz-lvlv"},"content":"","lastModifiedDate":"2022-08-20"},{"lineNumber":51,"author":{"gitId":"zbz-lvlv"},"content":"    }","lastModifiedDate":"2022-08-20"},{"lineNumber":52,"author":{"gitId":"zbz-lvlv"},"content":"","lastModifiedDate":"2022-08-20"},{"lineNumber":53,"author":{"gitId":"zbz-lvlv"},"content":"}","lastModifiedDate":"2022-08-13"}],"authorContributionMap":{"zbz-lvlv":53}},{"path":"src/main/java/TaskDeadline.java","fileType":"java","lines":[{"lineNumber":1,"author":{"gitId":"zbz-lvlv"},"content":"import java.time.LocalDate;","lastModifiedDate":"2022-08-20"},{"lineNumber":2,"author":{"gitId":"zbz-lvlv"},"content":"import java.util.List;","lastModifiedDate":"2022-08-20"},{"lineNumber":3,"author":{"gitId":"zbz-lvlv"},"content":"import java.util.Scanner;","lastModifiedDate":"2022-08-20"},{"lineNumber":4,"author":{"gitId":"zbz-lvlv"},"content":"","lastModifiedDate":"2022-08-20"},{"lineNumber":5,"author":{"gitId":"zbz-lvlv"},"content":"public class TaskDeadline extends Task{","lastModifiedDate":"2022-08-20"},{"lineNumber":6,"author":{"gitId":"zbz-lvlv"},"content":"","lastModifiedDate":"2022-08-20"},{"lineNumber":7,"author":{"gitId":"zbz-lvlv"},"content":"    private LocalDate deadline;","lastModifiedDate":"2022-08-20"},{"lineNumber":8,"author":{"gitId":"zbz-lvlv"},"content":"","lastModifiedDate":"2022-08-20"},{"lineNumber":9,"author":{"gitId":"zbz-lvlv"},"content":"    public TaskDeadline(String name, boolean done, String deadline) throws TaskNoNameException {","lastModifiedDate":"2022-08-20"},{"lineNumber":10,"author":{"gitId":"zbz-lvlv"},"content":"        super(name, done);","lastModifiedDate":"2022-08-20"},{"lineNumber":11,"author":{"gitId":"zbz-lvlv"},"content":"        this.deadline \u003d LocalDate.parse(deadline);","lastModifiedDate":"2022-08-20"},{"lineNumber":12,"author":{"gitId":"zbz-lvlv"},"content":"    }","lastModifiedDate":"2022-08-20"},{"lineNumber":13,"author":{"gitId":"zbz-lvlv"},"content":"","lastModifiedDate":"2022-08-20"},{"lineNumber":14,"author":{"gitId":"zbz-lvlv"},"content":"    public static String makeDeadline(Scanner s, List\u003cTask\u003e taskList) {","lastModifiedDate":"2022-08-20"},{"lineNumber":15,"author":{"gitId":"zbz-lvlv"},"content":"","lastModifiedDate":"2022-08-20"},{"lineNumber":16,"author":{"gitId":"zbz-lvlv"},"content":"        System.out.print(\"What is the name of your deadline task: \");","lastModifiedDate":"2022-08-20"},{"lineNumber":17,"author":{"gitId":"zbz-lvlv"},"content":"        String name \u003d s.nextLine();","lastModifiedDate":"2022-08-20"},{"lineNumber":18,"author":{"gitId":"zbz-lvlv"},"content":"","lastModifiedDate":"2022-08-20"},{"lineNumber":19,"author":{"gitId":"zbz-lvlv"},"content":"        System.out.print(\"When is the deadline of your task, type in YYYY-MM-DD: \");","lastModifiedDate":"2022-08-20"},{"lineNumber":20,"author":{"gitId":"zbz-lvlv"},"content":"        String deadline \u003d s.nextLine();","lastModifiedDate":"2022-08-20"},{"lineNumber":21,"author":{"gitId":"zbz-lvlv"},"content":"","lastModifiedDate":"2022-08-20"},{"lineNumber":22,"author":{"gitId":"zbz-lvlv"},"content":"        try {","lastModifiedDate":"2022-08-20"},{"lineNumber":23,"author":{"gitId":"zbz-lvlv"},"content":"            Task task \u003d new TaskDeadline(name, false, deadline);","lastModifiedDate":"2022-08-20"},{"lineNumber":24,"author":{"gitId":"zbz-lvlv"},"content":"            taskList.add(task);","lastModifiedDate":"2022-08-20"},{"lineNumber":25,"author":{"gitId":"zbz-lvlv"},"content":"            return \"I created a Deadline \" + task + \" for you. You have \" + taskList.size() + \" task(s) now.\";","lastModifiedDate":"2022-08-20"},{"lineNumber":26,"author":{"gitId":"zbz-lvlv"},"content":"        } catch (TaskNoNameException e) {","lastModifiedDate":"2022-08-20"},{"lineNumber":27,"author":{"gitId":"zbz-lvlv"},"content":"            return e.getMessage();","lastModifiedDate":"2022-08-20"},{"lineNumber":28,"author":{"gitId":"zbz-lvlv"},"content":"        }","lastModifiedDate":"2022-08-20"},{"lineNumber":29,"author":{"gitId":"zbz-lvlv"},"content":"","lastModifiedDate":"2022-08-20"},{"lineNumber":30,"author":{"gitId":"zbz-lvlv"},"content":"    }","lastModifiedDate":"2022-08-20"},{"lineNumber":31,"author":{"gitId":"zbz-lvlv"},"content":"","lastModifiedDate":"2022-08-20"},{"lineNumber":32,"author":{"gitId":"zbz-lvlv"},"content":"    @Override","lastModifiedDate":"2022-08-20"},{"lineNumber":33,"author":{"gitId":"zbz-lvlv"},"content":"    public String toString() {","lastModifiedDate":"2022-08-20"},{"lineNumber":34,"author":{"gitId":"zbz-lvlv"},"content":"        return \"[D]\" + super.toString() + \" (by: \" + DukeDateTimeFormatter.formatDisplay(this.deadline) + \")\";","lastModifiedDate":"2022-08-20"},{"lineNumber":35,"author":{"gitId":"zbz-lvlv"},"content":"    }","lastModifiedDate":"2022-08-20"},{"lineNumber":36,"author":{"gitId":"zbz-lvlv"},"content":"","lastModifiedDate":"2022-08-20"},{"lineNumber":37,"author":{"gitId":"zbz-lvlv"},"content":"    @Override","lastModifiedDate":"2022-08-20"},{"lineNumber":38,"author":{"gitId":"zbz-lvlv"},"content":"    public String toStorageString() {","lastModifiedDate":"2022-08-20"},{"lineNumber":39,"author":{"gitId":"zbz-lvlv"},"content":"        return super.toStorageString() + \"|||\" + \"deadline\" + \"|||\" +","lastModifiedDate":"2022-08-20"},{"lineNumber":40,"author":{"gitId":"zbz-lvlv"},"content":"                DukeDateTimeFormatter.formatStorage(this.deadline);","lastModifiedDate":"2022-08-20"},{"lineNumber":41,"author":{"gitId":"zbz-lvlv"},"content":"    }","lastModifiedDate":"2022-08-20"},{"lineNumber":42,"author":{"gitId":"zbz-lvlv"},"content":"","lastModifiedDate":"2022-08-20"},{"lineNumber":43,"author":{"gitId":"zbz-lvlv"},"content":"}","lastModifiedDate":"2022-08-20"}],"authorContributionMap":{"zbz-lvlv":43}},{"path":"src/main/java/TaskEvent.java","fileType":"java","lines":[{"lineNumber":1,"author":{"gitId":"zbz-lvlv"},"content":"import java.time.LocalDate;","lastModifiedDate":"2022-08-20"},{"lineNumber":2,"author":{"gitId":"zbz-lvlv"},"content":"import java.util.List;","lastModifiedDate":"2022-08-20"},{"lineNumber":3,"author":{"gitId":"zbz-lvlv"},"content":"import java.util.Scanner;","lastModifiedDate":"2022-08-20"},{"lineNumber":4,"author":{"gitId":"zbz-lvlv"},"content":"","lastModifiedDate":"2022-08-20"},{"lineNumber":5,"author":{"gitId":"zbz-lvlv"},"content":"public class TaskEvent extends Task{","lastModifiedDate":"2022-08-20"},{"lineNumber":6,"author":{"gitId":"zbz-lvlv"},"content":"","lastModifiedDate":"2022-08-20"},{"lineNumber":7,"author":{"gitId":"zbz-lvlv"},"content":"    private LocalDate startTime;","lastModifiedDate":"2022-08-20"},{"lineNumber":8,"author":{"gitId":"zbz-lvlv"},"content":"    private LocalDate endTime;","lastModifiedDate":"2022-08-20"},{"lineNumber":9,"author":{"gitId":"zbz-lvlv"},"content":"","lastModifiedDate":"2022-08-20"},{"lineNumber":10,"author":{"gitId":"zbz-lvlv"},"content":"    public TaskEvent(String name, boolean done, String startTime, String endTime) throws TaskNoNameException {","lastModifiedDate":"2022-08-20"},{"lineNumber":11,"author":{"gitId":"zbz-lvlv"},"content":"        super(name, done);","lastModifiedDate":"2022-08-20"},{"lineNumber":12,"author":{"gitId":"zbz-lvlv"},"content":"        this.startTime \u003d LocalDate.parse(startTime);","lastModifiedDate":"2022-08-20"},{"lineNumber":13,"author":{"gitId":"zbz-lvlv"},"content":"        this.endTime \u003d LocalDate.parse(endTime);","lastModifiedDate":"2022-08-20"},{"lineNumber":14,"author":{"gitId":"zbz-lvlv"},"content":"    }","lastModifiedDate":"2022-08-20"},{"lineNumber":15,"author":{"gitId":"zbz-lvlv"},"content":"","lastModifiedDate":"2022-08-20"},{"lineNumber":16,"author":{"gitId":"zbz-lvlv"},"content":"    public static String makeEvent(Scanner s, List\u003cTask\u003e taskList) {","lastModifiedDate":"2022-08-20"},{"lineNumber":17,"author":{"gitId":"zbz-lvlv"},"content":"","lastModifiedDate":"2022-08-20"},{"lineNumber":18,"author":{"gitId":"zbz-lvlv"},"content":"        System.out.print(\"What is the name of your event: \");","lastModifiedDate":"2022-08-20"},{"lineNumber":19,"author":{"gitId":"zbz-lvlv"},"content":"        String name \u003d s.nextLine();","lastModifiedDate":"2022-08-20"},{"lineNumber":20,"author":{"gitId":"zbz-lvlv"},"content":"","lastModifiedDate":"2022-08-20"},{"lineNumber":21,"author":{"gitId":"zbz-lvlv"},"content":"        System.out.print(\"What is the start date of your event, type in YYYY-MM-DD: \");","lastModifiedDate":"2022-08-20"},{"lineNumber":22,"author":{"gitId":"zbz-lvlv"},"content":"        String start \u003d s.nextLine();","lastModifiedDate":"2022-08-20"},{"lineNumber":23,"author":{"gitId":"zbz-lvlv"},"content":"","lastModifiedDate":"2022-08-20"},{"lineNumber":24,"author":{"gitId":"zbz-lvlv"},"content":"        System.out.print(\"What is the end date of your event, type in YYYY-MM-DD: \");","lastModifiedDate":"2022-08-20"},{"lineNumber":25,"author":{"gitId":"zbz-lvlv"},"content":"        String end \u003d s.nextLine();","lastModifiedDate":"2022-08-20"},{"lineNumber":26,"author":{"gitId":"zbz-lvlv"},"content":"","lastModifiedDate":"2022-08-20"},{"lineNumber":27,"author":{"gitId":"zbz-lvlv"},"content":"        try {","lastModifiedDate":"2022-08-20"},{"lineNumber":28,"author":{"gitId":"zbz-lvlv"},"content":"            Task task \u003d new TaskEvent(name, false, start, end);","lastModifiedDate":"2022-08-20"},{"lineNumber":29,"author":{"gitId":"zbz-lvlv"},"content":"            taskList.add(task);","lastModifiedDate":"2022-08-20"},{"lineNumber":30,"author":{"gitId":"zbz-lvlv"},"content":"            return \"I created a Event \" + task + \" for you. You have \" + taskList.size() + \" task(s) now.\";","lastModifiedDate":"2022-08-20"},{"lineNumber":31,"author":{"gitId":"zbz-lvlv"},"content":"        } catch (TaskNoNameException e) {","lastModifiedDate":"2022-08-20"},{"lineNumber":32,"author":{"gitId":"zbz-lvlv"},"content":"            return e.getMessage();","lastModifiedDate":"2022-08-20"},{"lineNumber":33,"author":{"gitId":"zbz-lvlv"},"content":"        }","lastModifiedDate":"2022-08-20"},{"lineNumber":34,"author":{"gitId":"zbz-lvlv"},"content":"","lastModifiedDate":"2022-08-20"},{"lineNumber":35,"author":{"gitId":"zbz-lvlv"},"content":"    }","lastModifiedDate":"2022-08-20"},{"lineNumber":36,"author":{"gitId":"zbz-lvlv"},"content":"","lastModifiedDate":"2022-08-20"},{"lineNumber":37,"author":{"gitId":"zbz-lvlv"},"content":"    @Override","lastModifiedDate":"2022-08-20"},{"lineNumber":38,"author":{"gitId":"zbz-lvlv"},"content":"    public String toString() {","lastModifiedDate":"2022-08-20"},{"lineNumber":39,"author":{"gitId":"zbz-lvlv"},"content":"        return \"[E]\" + super.toString() + \" (from \" +","lastModifiedDate":"2022-08-20"},{"lineNumber":40,"author":{"gitId":"zbz-lvlv"},"content":"                DukeDateTimeFormatter.formatDisplay(this.startTime) + \" to \" +","lastModifiedDate":"2022-08-20"},{"lineNumber":41,"author":{"gitId":"zbz-lvlv"},"content":"                DukeDateTimeFormatter.formatDisplay(this.endTime) + \")\";","lastModifiedDate":"2022-08-20"},{"lineNumber":42,"author":{"gitId":"zbz-lvlv"},"content":"    }","lastModifiedDate":"2022-08-20"},{"lineNumber":43,"author":{"gitId":"zbz-lvlv"},"content":"","lastModifiedDate":"2022-08-20"},{"lineNumber":44,"author":{"gitId":"zbz-lvlv"},"content":"    @Override","lastModifiedDate":"2022-08-20"},{"lineNumber":45,"author":{"gitId":"zbz-lvlv"},"content":"    public String toStorageString() {","lastModifiedDate":"2022-08-20"},{"lineNumber":46,"author":{"gitId":"zbz-lvlv"},"content":"        return super.toStorageString() + \"|||\" + \"event\" + \"|||\" +","lastModifiedDate":"2022-08-20"},{"lineNumber":47,"author":{"gitId":"zbz-lvlv"},"content":"                DukeDateTimeFormatter.formatStorage(this.startTime) + \"|||\" +","lastModifiedDate":"2022-08-20"},{"lineNumber":48,"author":{"gitId":"zbz-lvlv"},"content":"                DukeDateTimeFormatter.formatStorage(this.endTime);","lastModifiedDate":"2022-08-20"},{"lineNumber":49,"author":{"gitId":"zbz-lvlv"},"content":"    }","lastModifiedDate":"2022-08-20"},{"lineNumber":50,"author":{"gitId":"zbz-lvlv"},"content":"","lastModifiedDate":"2022-08-20"},{"lineNumber":51,"author":{"gitId":"zbz-lvlv"},"content":"}","lastModifiedDate":"2022-08-20"}],"authorContributionMap":{"zbz-lvlv":51}},{"path":"src/main/java/TaskList.java","fileType":"java","lines":[{"lineNumber":1,"author":{"gitId":"zbz-lvlv"},"content":"import java.io.IOException;","lastModifiedDate":"2022-08-20"},{"lineNumber":2,"author":{"gitId":"zbz-lvlv"},"content":"import java.util.ArrayList;","lastModifiedDate":"2022-08-20"},{"lineNumber":3,"author":{"gitId":"zbz-lvlv"},"content":"","lastModifiedDate":"2022-08-20"},{"lineNumber":4,"author":{"gitId":"zbz-lvlv"},"content":"public class TaskList extends ArrayList\u003cTask\u003e {","lastModifiedDate":"2022-08-20"},{"lineNumber":5,"author":{"gitId":"zbz-lvlv"},"content":"","lastModifiedDate":"2022-08-20"},{"lineNumber":6,"author":{"gitId":"zbz-lvlv"},"content":"    private final Storage storage;","lastModifiedDate":"2022-08-20"},{"lineNumber":7,"author":{"gitId":"zbz-lvlv"},"content":"","lastModifiedDate":"2022-08-20"},{"lineNumber":8,"author":{"gitId":"zbz-lvlv"},"content":"    public TaskList(Storage storage) {","lastModifiedDate":"2022-08-20"},{"lineNumber":9,"author":{"gitId":"zbz-lvlv"},"content":"        super();","lastModifiedDate":"2022-08-20"},{"lineNumber":10,"author":{"gitId":"zbz-lvlv"},"content":"        this.storage \u003d storage;","lastModifiedDate":"2022-08-20"},{"lineNumber":11,"author":{"gitId":"zbz-lvlv"},"content":"","lastModifiedDate":"2022-08-20"},{"lineNumber":12,"author":{"gitId":"zbz-lvlv"},"content":"    }","lastModifiedDate":"2022-08-20"},{"lineNumber":13,"author":{"gitId":"zbz-lvlv"},"content":"","lastModifiedDate":"2022-08-20"},{"lineNumber":14,"author":{"gitId":"zbz-lvlv"},"content":"    private void syncStorageState() {","lastModifiedDate":"2022-08-20"},{"lineNumber":15,"author":{"gitId":"zbz-lvlv"},"content":"        try {","lastModifiedDate":"2022-08-20"},{"lineNumber":16,"author":{"gitId":"zbz-lvlv"},"content":"            this.storage.writeToFile(StorageConverter.tasksToString(this));","lastModifiedDate":"2022-08-20"},{"lineNumber":17,"author":{"gitId":"zbz-lvlv"},"content":"        } catch (IOException e) {","lastModifiedDate":"2022-08-20"},{"lineNumber":18,"author":{"gitId":"zbz-lvlv"},"content":"            System.out.println(\"Sync storage state failed. \" + e.getMessage());","lastModifiedDate":"2022-08-20"},{"lineNumber":19,"author":{"gitId":"zbz-lvlv"},"content":"        }","lastModifiedDate":"2022-08-20"},{"lineNumber":20,"author":{"gitId":"zbz-lvlv"},"content":"    }","lastModifiedDate":"2022-08-20"},{"lineNumber":21,"author":{"gitId":"zbz-lvlv"},"content":"","lastModifiedDate":"2022-08-20"},{"lineNumber":22,"author":{"gitId":"zbz-lvlv"},"content":"    @Override","lastModifiedDate":"2022-08-20"},{"lineNumber":23,"author":{"gitId":"zbz-lvlv"},"content":"    public boolean add(Task task) {","lastModifiedDate":"2022-08-20"},{"lineNumber":24,"author":{"gitId":"zbz-lvlv"},"content":"        super.add(task);","lastModifiedDate":"2022-08-20"},{"lineNumber":25,"author":{"gitId":"zbz-lvlv"},"content":"        syncStorageState();","lastModifiedDate":"2022-08-20"},{"lineNumber":26,"author":{"gitId":"zbz-lvlv"},"content":"        return true;","lastModifiedDate":"2022-08-20"},{"lineNumber":27,"author":{"gitId":"zbz-lvlv"},"content":"    }","lastModifiedDate":"2022-08-20"},{"lineNumber":28,"author":{"gitId":"zbz-lvlv"},"content":"","lastModifiedDate":"2022-08-20"},{"lineNumber":29,"author":{"gitId":"zbz-lvlv"},"content":"    @Override","lastModifiedDate":"2022-08-20"},{"lineNumber":30,"author":{"gitId":"zbz-lvlv"},"content":"    public Task remove(int index) {","lastModifiedDate":"2022-08-20"},{"lineNumber":31,"author":{"gitId":"zbz-lvlv"},"content":"        Task t \u003d super.remove(index);","lastModifiedDate":"2022-08-20"},{"lineNumber":32,"author":{"gitId":"zbz-lvlv"},"content":"        syncStorageState();","lastModifiedDate":"2022-08-20"},{"lineNumber":33,"author":{"gitId":"zbz-lvlv"},"content":"        return t;","lastModifiedDate":"2022-08-20"},{"lineNumber":34,"author":{"gitId":"zbz-lvlv"},"content":"    }","lastModifiedDate":"2022-08-20"},{"lineNumber":35,"author":{"gitId":"zbz-lvlv"},"content":"","lastModifiedDate":"2022-08-20"},{"lineNumber":36,"author":{"gitId":"zbz-lvlv"},"content":"    public void mutatedTask() {","lastModifiedDate":"2022-08-20"},{"lineNumber":37,"author":{"gitId":"zbz-lvlv"},"content":"        syncStorageState();","lastModifiedDate":"2022-08-20"},{"lineNumber":38,"author":{"gitId":"zbz-lvlv"},"content":"    }","lastModifiedDate":"2022-08-20"},{"lineNumber":39,"author":{"gitId":"zbz-lvlv"},"content":"","lastModifiedDate":"2022-08-20"},{"lineNumber":40,"author":{"gitId":"zbz-lvlv"},"content":"}","lastModifiedDate":"2022-08-20"}],"authorContributionMap":{"zbz-lvlv":40}},{"path":"src/main/java/TaskNoNameException.java","fileType":"java","lines":[{"lineNumber":1,"author":{"gitId":"zbz-lvlv"},"content":"public class TaskNoNameException extends Exception{","lastModifiedDate":"2022-08-13"},{"lineNumber":2,"author":{"gitId":"zbz-lvlv"},"content":"","lastModifiedDate":"2022-08-13"},{"lineNumber":3,"author":{"gitId":"zbz-lvlv"},"content":"    public TaskNoNameException(String message) {","lastModifiedDate":"2022-08-13"},{"lineNumber":4,"author":{"gitId":"zbz-lvlv"},"content":"        super(message);","lastModifiedDate":"2022-08-13"},{"lineNumber":5,"author":{"gitId":"zbz-lvlv"},"content":"    }","lastModifiedDate":"2022-08-13"},{"lineNumber":6,"author":{"gitId":"zbz-lvlv"},"content":"","lastModifiedDate":"2022-08-13"},{"lineNumber":7,"author":{"gitId":"zbz-lvlv"},"content":"}","lastModifiedDate":"2022-08-13"}],"authorContributionMap":{"zbz-lvlv":7}},{"path":"src/main/java/TaskTodo.java","fileType":"java","lines":[{"lineNumber":1,"author":{"gitId":"zbz-lvlv"},"content":"import java.util.List;","lastModifiedDate":"2022-08-20"},{"lineNumber":2,"author":{"gitId":"zbz-lvlv"},"content":"import java.util.Scanner;","lastModifiedDate":"2022-08-20"},{"lineNumber":3,"author":{"gitId":"zbz-lvlv"},"content":"","lastModifiedDate":"2022-08-20"},{"lineNumber":4,"author":{"gitId":"zbz-lvlv"},"content":"public class TaskTodo extends Task{","lastModifiedDate":"2022-08-20"},{"lineNumber":5,"author":{"gitId":"zbz-lvlv"},"content":"","lastModifiedDate":"2022-08-20"},{"lineNumber":6,"author":{"gitId":"zbz-lvlv"},"content":"    public TaskTodo(String name, boolean done) throws TaskNoNameException {","lastModifiedDate":"2022-08-20"},{"lineNumber":7,"author":{"gitId":"zbz-lvlv"},"content":"        super(name, done);","lastModifiedDate":"2022-08-20"},{"lineNumber":8,"author":{"gitId":"zbz-lvlv"},"content":"    }","lastModifiedDate":"2022-08-20"},{"lineNumber":9,"author":{"gitId":"zbz-lvlv"},"content":"","lastModifiedDate":"2022-08-20"},{"lineNumber":10,"author":{"gitId":"zbz-lvlv"},"content":"    public static String makeTodo(Scanner s, List\u003cTask\u003e taskList) {","lastModifiedDate":"2022-08-20"},{"lineNumber":11,"author":{"gitId":"zbz-lvlv"},"content":"","lastModifiedDate":"2022-08-20"},{"lineNumber":12,"author":{"gitId":"zbz-lvlv"},"content":"        System.out.print(\"What is the name of your todo: \");","lastModifiedDate":"2022-08-20"},{"lineNumber":13,"author":{"gitId":"zbz-lvlv"},"content":"        String name \u003d s.nextLine();","lastModifiedDate":"2022-08-20"},{"lineNumber":14,"author":{"gitId":"zbz-lvlv"},"content":"","lastModifiedDate":"2022-08-20"},{"lineNumber":15,"author":{"gitId":"zbz-lvlv"},"content":"        try {","lastModifiedDate":"2022-08-20"},{"lineNumber":16,"author":{"gitId":"zbz-lvlv"},"content":"            Task task \u003d new TaskTodo(name, false);","lastModifiedDate":"2022-08-20"},{"lineNumber":17,"author":{"gitId":"zbz-lvlv"},"content":"            taskList.add(task);","lastModifiedDate":"2022-08-20"},{"lineNumber":18,"author":{"gitId":"zbz-lvlv"},"content":"            return \"I created a Todo \" + task + \" for you. You have \" + taskList.size() + \" task(s) now.\";","lastModifiedDate":"2022-08-20"},{"lineNumber":19,"author":{"gitId":"zbz-lvlv"},"content":"        } catch (TaskNoNameException e) {","lastModifiedDate":"2022-08-20"},{"lineNumber":20,"author":{"gitId":"zbz-lvlv"},"content":"            return e.getMessage();","lastModifiedDate":"2022-08-20"},{"lineNumber":21,"author":{"gitId":"zbz-lvlv"},"content":"        }","lastModifiedDate":"2022-08-20"},{"lineNumber":22,"author":{"gitId":"zbz-lvlv"},"content":"","lastModifiedDate":"2022-08-20"},{"lineNumber":23,"author":{"gitId":"zbz-lvlv"},"content":"    }","lastModifiedDate":"2022-08-20"},{"lineNumber":24,"author":{"gitId":"zbz-lvlv"},"content":"","lastModifiedDate":"2022-08-20"},{"lineNumber":25,"author":{"gitId":"zbz-lvlv"},"content":"    @Override","lastModifiedDate":"2022-08-20"},{"lineNumber":26,"author":{"gitId":"zbz-lvlv"},"content":"    public String toString() {","lastModifiedDate":"2022-08-20"},{"lineNumber":27,"author":{"gitId":"zbz-lvlv"},"content":"        return \"[T]\" + super.toString();","lastModifiedDate":"2022-08-20"},{"lineNumber":28,"author":{"gitId":"zbz-lvlv"},"content":"    }","lastModifiedDate":"2022-08-20"},{"lineNumber":29,"author":{"gitId":"zbz-lvlv"},"content":"","lastModifiedDate":"2022-08-20"},{"lineNumber":30,"author":{"gitId":"zbz-lvlv"},"content":"    @Override","lastModifiedDate":"2022-08-20"},{"lineNumber":31,"author":{"gitId":"zbz-lvlv"},"content":"    public String toStorageString() {","lastModifiedDate":"2022-08-20"},{"lineNumber":32,"author":{"gitId":"zbz-lvlv"},"content":"        return super.toStorageString() + \"|||\" + \"todo\";","lastModifiedDate":"2022-08-20"},{"lineNumber":33,"author":{"gitId":"zbz-lvlv"},"content":"    }","lastModifiedDate":"2022-08-20"},{"lineNumber":34,"author":{"gitId":"zbz-lvlv"},"content":"","lastModifiedDate":"2022-08-20"},{"lineNumber":35,"author":{"gitId":"zbz-lvlv"},"content":"}","lastModifiedDate":"2022-08-20"}],"authorContributionMap":{"zbz-lvlv":35}},{"path":"src/main/java/Ui.java","fileType":"java","lines":[{"lineNumber":1,"author":{"gitId":"zbz-lvlv"},"content":"import java.util.Scanner;","lastModifiedDate":"2022-08-20"},{"lineNumber":2,"author":{"gitId":"zbz-lvlv"},"content":"","lastModifiedDate":"2022-08-20"},{"lineNumber":3,"author":{"gitId":"zbz-lvlv"},"content":"public class Ui {","lastModifiedDate":"2022-08-20"},{"lineNumber":4,"author":{"gitId":"zbz-lvlv"},"content":"","lastModifiedDate":"2022-08-20"},{"lineNumber":5,"author":{"gitId":"zbz-lvlv"},"content":"    private Scanner scanner;","lastModifiedDate":"2022-08-20"},{"lineNumber":6,"author":{"gitId":"zbz-lvlv"},"content":"","lastModifiedDate":"2022-08-20"},{"lineNumber":7,"author":{"gitId":"zbz-lvlv"},"content":"    public Ui() {","lastModifiedDate":"2022-08-20"},{"lineNumber":8,"author":{"gitId":"zbz-lvlv"},"content":"        this.scanner \u003d new Scanner(System.in);","lastModifiedDate":"2022-08-20"},{"lineNumber":9,"author":{"gitId":"zbz-lvlv"},"content":"    }","lastModifiedDate":"2022-08-20"},{"lineNumber":10,"author":{"gitId":"zbz-lvlv"},"content":"","lastModifiedDate":"2022-08-20"},{"lineNumber":11,"author":{"gitId":"zbz-lvlv"},"content":"    public void showText(String text) {","lastModifiedDate":"2022-08-20"},{"lineNumber":12,"author":{"gitId":"zbz-lvlv"},"content":"        System.out.println(text);","lastModifiedDate":"2022-08-20"},{"lineNumber":13,"author":{"gitId":"zbz-lvlv"},"content":"    }","lastModifiedDate":"2022-08-20"},{"lineNumber":14,"author":{"gitId":"zbz-lvlv"},"content":"","lastModifiedDate":"2022-08-20"},{"lineNumber":15,"author":{"gitId":"zbz-lvlv"},"content":"    public void showInstructions() {","lastModifiedDate":"2022-08-20"},{"lineNumber":16,"author":{"gitId":"zbz-lvlv"},"content":"","lastModifiedDate":"2022-08-20"},{"lineNumber":17,"author":{"gitId":"zbz-lvlv"},"content":"        System.out.println(\"\u003d\u003d\u003d\u003d\u003d\u003d\u003d\u003d\u003d\u003d\u003d\u003d\u003d\u003d\u003d\u003d\u003d\u003d\u003d\u003d\u003d\u003d\u003d\u003d\u003d\u003d\");","lastModifiedDate":"2022-08-20"},{"lineNumber":18,"author":{"gitId":"zbz-lvlv"},"content":"        System.out.println(\"Hey, I am Maria. I can manage your tasks for you\"); // Welcome text","lastModifiedDate":"2022-08-20"},{"lineNumber":19,"author":{"gitId":"zbz-lvlv"},"content":"        System.out.println(\"Type \u0027todo\u0027 to create a todo.\");","lastModifiedDate":"2022-08-20"},{"lineNumber":20,"author":{"gitId":"zbz-lvlv"},"content":"        System.out.println(\"Type \u0027deadline\u0027 to create a task with deadline.\");","lastModifiedDate":"2022-08-20"},{"lineNumber":21,"author":{"gitId":"zbz-lvlv"},"content":"        System.out.println(\"Type \u0027event\u0027 to create an event with a start and end time.\");","lastModifiedDate":"2022-08-20"},{"lineNumber":22,"author":{"gitId":"zbz-lvlv"},"content":"        System.out.println(\"Type \u0027list\u0027 to list out all your tasks.\");","lastModifiedDate":"2022-08-20"},{"lineNumber":23,"author":{"gitId":"zbz-lvlv"},"content":"        System.out.println(\"Type \u0027mark\u0027 to complete a task.\");","lastModifiedDate":"2022-08-20"},{"lineNumber":24,"author":{"gitId":"zbz-lvlv"},"content":"        System.out.println(\"Type \u0027unmark\u0027 to un-complete a task.\");","lastModifiedDate":"2022-08-20"},{"lineNumber":25,"author":{"gitId":"zbz-lvlv"},"content":"        System.out.println(\"Type \u0027delete\u0027 to remove a task.\");","lastModifiedDate":"2022-08-20"},{"lineNumber":26,"author":{"gitId":"zbz-lvlv"},"content":"        System.out.println(\"Type \u0027bye\u0027 to finish the conversation.\");","lastModifiedDate":"2022-08-20"},{"lineNumber":27,"author":{"gitId":"zbz-lvlv"},"content":"        System.out.println(\"\u003d\u003d\u003d\u003d\u003d\u003d\u003d\u003d\u003d\u003d\u003d\u003d\u003d\u003d\u003d\u003d\u003d\u003d\u003d\u003d\u003d\u003d\u003d\u003d\u003d\u003d\");","lastModifiedDate":"2022-08-20"},{"lineNumber":28,"author":{"gitId":"zbz-lvlv"},"content":"","lastModifiedDate":"2022-08-20"},{"lineNumber":29,"author":{"gitId":"zbz-lvlv"},"content":"    }","lastModifiedDate":"2022-08-20"},{"lineNumber":30,"author":{"gitId":"zbz-lvlv"},"content":"","lastModifiedDate":"2022-08-20"},{"lineNumber":31,"author":{"gitId":"zbz-lvlv"},"content":"    public void showNewLine() {","lastModifiedDate":"2022-08-20"},{"lineNumber":32,"author":{"gitId":"zbz-lvlv"},"content":"        System.out.println();","lastModifiedDate":"2022-08-20"},{"lineNumber":33,"author":{"gitId":"zbz-lvlv"},"content":"    }","lastModifiedDate":"2022-08-20"},{"lineNumber":34,"author":{"gitId":"zbz-lvlv"},"content":"","lastModifiedDate":"2022-08-20"},{"lineNumber":35,"author":{"gitId":"zbz-lvlv"},"content":"    public void showDivider() {","lastModifiedDate":"2022-08-20"},{"lineNumber":36,"author":{"gitId":"zbz-lvlv"},"content":"        System.out.println(\"\u003d\u003d\u003d\u003d\u003d\u003d\u003d\u003d\u003d\u003d\u003d\u003d\u003d\u003d\u003d\u003d\u003d\u003d\u003d\u003d\u003d\u003d\u003d\u003d\u003d\");","lastModifiedDate":"2022-08-20"},{"lineNumber":37,"author":{"gitId":"zbz-lvlv"},"content":"    }","lastModifiedDate":"2022-08-20"},{"lineNumber":38,"author":{"gitId":"zbz-lvlv"},"content":"","lastModifiedDate":"2022-08-20"},{"lineNumber":39,"author":{"gitId":"zbz-lvlv"},"content":"    public String readCommand() {","lastModifiedDate":"2022-08-20"},{"lineNumber":40,"author":{"gitId":"zbz-lvlv"},"content":"        System.out.print(\"Type in your command for Maria: \");","lastModifiedDate":"2022-08-20"},{"lineNumber":41,"author":{"gitId":"zbz-lvlv"},"content":"        return this.scanner.nextLine();","lastModifiedDate":"2022-08-20"},{"lineNumber":42,"author":{"gitId":"zbz-lvlv"},"content":"    }","lastModifiedDate":"2022-08-20"},{"lineNumber":43,"author":{"gitId":"zbz-lvlv"},"content":"","lastModifiedDate":"2022-08-20"},{"lineNumber":44,"author":{"gitId":"zbz-lvlv"},"content":"}","lastModifiedDate":"2022-08-20"}],"authorContributionMap":{"zbz-lvlv":44}},{"path":"text-ui-test/input.txt","fileType":"txt","lines":[{"lineNumber":1,"author":{"gitId":"zbz-lvlv"},"content":"todo","lastModifiedDate":"2022-08-13"},{"lineNumber":2,"author":{"gitId":"zbz-lvlv"},"content":"Eat dinner","lastModifiedDate":"2022-08-13"},{"lineNumber":3,"author":{"gitId":"zbz-lvlv"},"content":"event","lastModifiedDate":"2022-08-13"},{"lineNumber":4,"author":{"gitId":"zbz-lvlv"},"content":"Eat breakfast","lastModifiedDate":"2022-08-13"},{"lineNumber":5,"author":{"gitId":"zbz-lvlv"},"content":"7am","lastModifiedDate":"2022-08-13"},{"lineNumber":6,"author":{"gitId":"zbz-lvlv"},"content":"8am","lastModifiedDate":"2022-08-13"},{"lineNumber":7,"author":{"gitId":"zbz-lvlv"},"content":"list","lastModifiedDate":"2022-08-13"},{"lineNumber":8,"author":{"gitId":"zbz-lvlv"},"content":"mark","lastModifiedDate":"2022-08-13"},{"lineNumber":9,"author":{"gitId":"zbz-lvlv"},"content":"2","lastModifiedDate":"2022-08-13"},{"lineNumber":10,"author":{"gitId":"zbz-lvlv"},"content":"list","lastModifiedDate":"2022-08-13"},{"lineNumber":11,"author":{"gitId":"zbz-lvlv"},"content":"bye","lastModifiedDate":"2022-08-13"}],"authorContributionMap":{"zbz-lvlv":11}},{"path":"text-ui-test/runtest.bat","fileType":"bat","lines":[{"lineNumber":1,"author":{"gitId":"-"},"content":"@ECHO OFF","lastModifiedDate":"2020-05-25"},{"lineNumber":2,"author":{"gitId":"-"},"content":"","lastModifiedDate":"2020-05-25"},{"lineNumber":3,"author":{"gitId":"-"},"content":"REM create bin directory if it doesn\u0027t exist","lastModifiedDate":"2020-05-25"},{"lineNumber":4,"author":{"gitId":"-"},"content":"if not exist ..\\bin mkdir ..\\bin","lastModifiedDate":"2020-05-25"},{"lineNumber":5,"author":{"gitId":"-"},"content":"","lastModifiedDate":"2020-05-25"},{"lineNumber":6,"author":{"gitId":"-"},"content":"REM delete output from previous run","lastModifiedDate":"2020-05-25"},{"lineNumber":7,"author":{"gitId":"-"},"content":"if exist ACTUAL.TXT del ACTUAL.TXT","lastModifiedDate":"2020-08-25"},{"lineNumber":8,"author":{"gitId":"-"},"content":"","lastModifiedDate":"2020-05-25"},{"lineNumber":9,"author":{"gitId":"-"},"content":"REM compile the code into the bin folder","lastModifiedDate":"2020-05-25"},{"lineNumber":10,"author":{"gitId":"-"},"content":"javac  -cp ..\\src\\main\\java -Xlint:none -d ..\\bin ..\\src\\main\\java\\*.java","lastModifiedDate":"2020-08-25"},{"lineNumber":11,"author":{"gitId":"-"},"content":"IF ERRORLEVEL 1 (","lastModifiedDate":"2020-05-25"},{"lineNumber":12,"author":{"gitId":"-"},"content":"    echo ********** BUILD FAILURE **********","lastModifiedDate":"2020-05-25"},{"lineNumber":13,"author":{"gitId":"-"},"content":"    exit /b 1","lastModifiedDate":"2020-05-25"},{"lineNumber":14,"author":{"gitId":"-"},"content":")","lastModifiedDate":"2020-05-25"},{"lineNumber":15,"author":{"gitId":"-"},"content":"REM no error here, errorlevel \u003d\u003d 0","lastModifiedDate":"2020-05-25"},{"lineNumber":16,"author":{"gitId":"-"},"content":"","lastModifiedDate":"2020-05-25"},{"lineNumber":17,"author":{"gitId":"-"},"content":"REM run the program, feed commands from input.txt file and redirect the output to the ACTUAL.TXT","lastModifiedDate":"2020-05-25"},{"lineNumber":18,"author":{"gitId":"zbz-lvlv"},"content":"java -classpath ..\\bin Main \u003c input.txt \u003e ACTUAL.TXT","lastModifiedDate":"2022-08-20"},{"lineNumber":19,"author":{"gitId":"-"},"content":"","lastModifiedDate":"2020-05-25"},{"lineNumber":20,"author":{"gitId":"-"},"content":"REM compare the output to the expected output","lastModifiedDate":"2020-05-25"},{"lineNumber":21,"author":{"gitId":"-"},"content":"FC ACTUAL.TXT EXPECTED.TXT","lastModifiedDate":"2020-05-25"}],"authorContributionMap":{"zbz-lvlv":1,"-":20}}]
