[{"path":"src/main/java/Deadline.java","fileType":"java","lines":[{"lineNumber":1,"author":{"gitId":"cxyterence"},"content":"public class Deadline extends Task {","lastModifiedDate":"2022-08-18"},{"lineNumber":2,"author":{"gitId":"cxyterence"},"content":"    protected String by;","lastModifiedDate":"2022-08-18"},{"lineNumber":3,"author":{"gitId":"cxyterence"},"content":"","lastModifiedDate":"2022-08-18"},{"lineNumber":4,"author":{"gitId":"cxyterence"},"content":"    public Deadline(String desc, String by) throws EmptyDescException {","lastModifiedDate":"2022-08-18"},{"lineNumber":5,"author":{"gitId":"cxyterence"},"content":"        super(desc);","lastModifiedDate":"2022-08-18"},{"lineNumber":6,"author":{"gitId":"cxyterence"},"content":"        this.by \u003d by;","lastModifiedDate":"2022-08-18"},{"lineNumber":7,"author":{"gitId":"cxyterence"},"content":"        if (desc.equals(\"\") || by.equals(\"\")) {","lastModifiedDate":"2022-08-18"},{"lineNumber":8,"author":{"gitId":"cxyterence"},"content":"            throw new EmptyDescException(\"empty\");","lastModifiedDate":"2022-08-18"},{"lineNumber":9,"author":{"gitId":"cxyterence"},"content":"        }","lastModifiedDate":"2022-08-18"},{"lineNumber":10,"author":{"gitId":"cxyterence"},"content":"    }","lastModifiedDate":"2022-08-18"},{"lineNumber":11,"author":{"gitId":"cxyterence"},"content":"","lastModifiedDate":"2022-08-18"},{"lineNumber":12,"author":{"gitId":"cxyterence"},"content":"    @Override","lastModifiedDate":"2022-08-18"},{"lineNumber":13,"author":{"gitId":"cxyterence"},"content":"    public String toString() {","lastModifiedDate":"2022-08-18"},{"lineNumber":14,"author":{"gitId":"cxyterence"},"content":"        return \"[D]\" + super.toString() + \" (by: \" + by + \")\";","lastModifiedDate":"2022-08-18"},{"lineNumber":15,"author":{"gitId":"cxyterence"},"content":"    }","lastModifiedDate":"2022-08-18"},{"lineNumber":16,"author":{"gitId":"cxyterence"},"content":"}","lastModifiedDate":"2022-08-18"}],"authorContributionMap":{"cxyterence":16}},{"path":"src/main/java/Duke.java","fileType":"java","lines":[{"lineNumber":1,"author":{"gitId":"cxyterence"},"content":"import java.awt.desktop.SystemEventListener;","lastModifiedDate":"2022-08-18"},{"lineNumber":2,"author":{"gitId":"cxyterence"},"content":"import java.util.ArrayList;","lastModifiedDate":"2022-08-18"},{"lineNumber":3,"author":{"gitId":"cxyterence"},"content":"import java.util.ListIterator;","lastModifiedDate":"2022-08-18"},{"lineNumber":4,"author":{"gitId":"cxyterence"},"content":"import java.util.Scanner;","lastModifiedDate":"2022-08-17"},{"lineNumber":5,"author":{"gitId":"cxyterence"},"content":"import java.util.Collections;","lastModifiedDate":"2022-08-18"},{"lineNumber":6,"author":{"gitId":"cxyterence"},"content":"","lastModifiedDate":"2022-08-17"},{"lineNumber":7,"author":{"gitId":"-"},"content":"public class Duke {","lastModifiedDate":"2019-07-29"},{"lineNumber":8,"author":{"gitId":"-"},"content":"    public static void main(String[] args) {","lastModifiedDate":"2019-07-29"},{"lineNumber":9,"author":{"gitId":"cxyterence"},"content":"        Scanner scanObj \u003d new Scanner(System.in);   // Create Scanner object","lastModifiedDate":"2022-08-17"},{"lineNumber":10,"author":{"gitId":"cxyterence"},"content":"        ArrayList\u003cTask\u003e taskArrayList \u003d new ArrayList\u003c\u003e();","lastModifiedDate":"2022-08-18"},{"lineNumber":11,"author":{"gitId":"cxyterence"},"content":"","lastModifiedDate":"2022-08-17"},{"lineNumber":12,"author":{"gitId":"cxyterence"},"content":"        String intro \u003d \"Hello! My name is GustavoBot, but you can call me Gus\\n\"","lastModifiedDate":"2022-08-17"},{"lineNumber":13,"author":{"gitId":"cxyterence"},"content":"                + \"How may I help you today?\";","lastModifiedDate":"2022-08-17"},{"lineNumber":14,"author":{"gitId":"cxyterence"},"content":"","lastModifiedDate":"2022-08-17"},{"lineNumber":15,"author":{"gitId":"cxyterence"},"content":"        System.out.println(intro);","lastModifiedDate":"2022-08-17"},{"lineNumber":16,"author":{"gitId":"cxyterence"},"content":"","lastModifiedDate":"2022-08-18"},{"lineNumber":17,"author":{"gitId":"cxyterence"},"content":"        while (true) {","lastModifiedDate":"2022-08-18"},{"lineNumber":18,"author":{"gitId":"cxyterence"},"content":"            String act \u003d scanObj.nextLine();            // read user input","lastModifiedDate":"2022-08-17"},{"lineNumber":19,"author":{"gitId":"cxyterence"},"content":"","lastModifiedDate":"2022-08-17"},{"lineNumber":20,"author":{"gitId":"cxyterence"},"content":"            if (act.equals(\"list\")) {","lastModifiedDate":"2022-08-18"},{"lineNumber":21,"author":{"gitId":"cxyterence"},"content":"                ListIterator\u003cTask\u003e iterate \u003d taskArrayList.listIterator();","lastModifiedDate":"2022-08-18"},{"lineNumber":22,"author":{"gitId":"cxyterence"},"content":"                System.out.println(\"Here are the tasks in your list:\");","lastModifiedDate":"2022-08-18"},{"lineNumber":23,"author":{"gitId":"cxyterence"},"content":"                int qty \u003d 0;","lastModifiedDate":"2022-08-18"},{"lineNumber":24,"author":{"gitId":"cxyterence"},"content":"                while (iterate.hasNext()) {","lastModifiedDate":"2022-08-18"},{"lineNumber":25,"author":{"gitId":"cxyterence"},"content":"                    qty++;","lastModifiedDate":"2022-08-18"},{"lineNumber":26,"author":{"gitId":"cxyterence"},"content":"                    System.out.println(qty + \".\" + iterate.next().toString());","lastModifiedDate":"2022-08-18"},{"lineNumber":27,"author":{"gitId":"cxyterence"},"content":"                }","lastModifiedDate":"2022-08-18"},{"lineNumber":28,"author":{"gitId":"cxyterence"},"content":"            } else if (act.contains(\"delete\")) {","lastModifiedDate":"2022-08-18"},{"lineNumber":29,"author":{"gitId":"cxyterence"},"content":"                String numberOnly \u003d act.replaceAll(\"[^0-9]\", \"\");","lastModifiedDate":"2022-08-18"},{"lineNumber":30,"author":{"gitId":"cxyterence"},"content":"                int index \u003d Integer.parseInt(numberOnly);","lastModifiedDate":"2022-08-18"},{"lineNumber":31,"author":{"gitId":"cxyterence"},"content":"                Task deleted \u003d taskArrayList.get(index-1);","lastModifiedDate":"2022-08-18"},{"lineNumber":32,"author":{"gitId":"cxyterence"},"content":"                taskArrayList.remove(index-1);","lastModifiedDate":"2022-08-18"},{"lineNumber":33,"author":{"gitId":"cxyterence"},"content":"                System.out.println(\"Noted. I\u0027ve removed this task:\\n\"","lastModifiedDate":"2022-08-18"},{"lineNumber":34,"author":{"gitId":"cxyterence"},"content":"                        + deleted.toString() + \"\\n\"","lastModifiedDate":"2022-08-18"},{"lineNumber":35,"author":{"gitId":"cxyterence"},"content":"                        + \"Now you have \" + taskArrayList.size() + \" tasks in the list\");","lastModifiedDate":"2022-08-18"},{"lineNumber":36,"author":{"gitId":"cxyterence"},"content":"","lastModifiedDate":"2022-08-18"},{"lineNumber":37,"author":{"gitId":"cxyterence"},"content":"            } else if (act.contains(\"unmark\")) {","lastModifiedDate":"2022-08-18"},{"lineNumber":38,"author":{"gitId":"cxyterence"},"content":"                String numberOnly \u003d act.replaceAll(\"[^0-9]\", \"\");","lastModifiedDate":"2022-08-18"},{"lineNumber":39,"author":{"gitId":"cxyterence"},"content":"                int index \u003d Integer.parseInt(numberOnly);","lastModifiedDate":"2022-08-18"},{"lineNumber":40,"author":{"gitId":"cxyterence"},"content":"                taskArrayList.get(index-1).unmarkDone();","lastModifiedDate":"2022-08-18"},{"lineNumber":41,"author":{"gitId":"cxyterence"},"content":"                System.out.println(\"Alright, this task is marked as not done yet:\\n\"","lastModifiedDate":"2022-08-18"},{"lineNumber":42,"author":{"gitId":"cxyterence"},"content":"                        + taskArrayList.get(index-1).toString());","lastModifiedDate":"2022-08-18"},{"lineNumber":43,"author":{"gitId":"cxyterence"},"content":"","lastModifiedDate":"2022-08-18"},{"lineNumber":44,"author":{"gitId":"cxyterence"},"content":"            } else if (act.contains(\"mark\")) {","lastModifiedDate":"2022-08-18"},{"lineNumber":45,"author":{"gitId":"cxyterence"},"content":"                String numberOnly \u003d act.replaceAll(\"[^0-9]\", \"\");","lastModifiedDate":"2022-08-18"},{"lineNumber":46,"author":{"gitId":"cxyterence"},"content":"                int index \u003d Integer.parseInt(numberOnly);","lastModifiedDate":"2022-08-18"},{"lineNumber":47,"author":{"gitId":"cxyterence"},"content":"                taskArrayList.get(index-1).markDone();","lastModifiedDate":"2022-08-18"},{"lineNumber":48,"author":{"gitId":"cxyterence"},"content":"                System.out.println(\"Alright, this task is marked as done:\\n\"","lastModifiedDate":"2022-08-18"},{"lineNumber":49,"author":{"gitId":"cxyterence"},"content":"                        + taskArrayList.get(index-1).toString());","lastModifiedDate":"2022-08-18"},{"lineNumber":50,"author":{"gitId":"cxyterence"},"content":"","lastModifiedDate":"2022-08-18"},{"lineNumber":51,"author":{"gitId":"cxyterence"},"content":"            } else if (act.contains(\"todo\")) {","lastModifiedDate":"2022-08-18"},{"lineNumber":52,"author":{"gitId":"cxyterence"},"content":"                act \u003d act.replace(\"todo\", \"\");","lastModifiedDate":"2022-08-18"},{"lineNumber":53,"author":{"gitId":"cxyterence"},"content":"                try {","lastModifiedDate":"2022-08-18"},{"lineNumber":54,"author":{"gitId":"cxyterence"},"content":"                    ToDo temp \u003d new ToDo(act);","lastModifiedDate":"2022-08-18"},{"lineNumber":55,"author":{"gitId":"cxyterence"},"content":"                    taskArrayList.add(temp);","lastModifiedDate":"2022-08-18"},{"lineNumber":56,"author":{"gitId":"cxyterence"},"content":"                    System.out.println(\"Got it. I\u0027ve added this task:\\n\"","lastModifiedDate":"2022-08-18"},{"lineNumber":57,"author":{"gitId":"cxyterence"},"content":"                            + temp.toString() + \"\\n\"","lastModifiedDate":"2022-08-18"},{"lineNumber":58,"author":{"gitId":"cxyterence"},"content":"                            + \"Now you have \" + taskArrayList.size() + \"tasks in the list.\");","lastModifiedDate":"2022-08-18"},{"lineNumber":59,"author":{"gitId":"cxyterence"},"content":"                } catch (EmptyDescException ede) {","lastModifiedDate":"2022-08-18"},{"lineNumber":60,"author":{"gitId":"cxyterence"},"content":"                    System.out.println(ede.toString());","lastModifiedDate":"2022-08-18"},{"lineNumber":61,"author":{"gitId":"cxyterence"},"content":"                }","lastModifiedDate":"2022-08-18"},{"lineNumber":62,"author":{"gitId":"cxyterence"},"content":"","lastModifiedDate":"2022-08-18"},{"lineNumber":63,"author":{"gitId":"cxyterence"},"content":"            } else if (act.contains(\"deadline\")) {","lastModifiedDate":"2022-08-18"},{"lineNumber":64,"author":{"gitId":"cxyterence"},"content":"                act \u003d act.replace(\"deadline\", \"\");","lastModifiedDate":"2022-08-18"},{"lineNumber":65,"author":{"gitId":"cxyterence"},"content":"                try {","lastModifiedDate":"2022-08-18"},{"lineNumber":66,"author":{"gitId":"cxyterence"},"content":"                    int slash \u003d act.lastIndexOf(\"/\");","lastModifiedDate":"2022-08-18"},{"lineNumber":67,"author":{"gitId":"cxyterence"},"content":"                    Deadline temp \u003d new Deadline(act.substring(0, slash - 1), act.substring(slash + 4));","lastModifiedDate":"2022-08-18"},{"lineNumber":68,"author":{"gitId":"cxyterence"},"content":"                    taskArrayList.add(temp);","lastModifiedDate":"2022-08-18"},{"lineNumber":69,"author":{"gitId":"cxyterence"},"content":"                    System.out.println(\"Got it. I\u0027ve added this task:\\n\"","lastModifiedDate":"2022-08-18"},{"lineNumber":70,"author":{"gitId":"cxyterence"},"content":"                            + temp.toString() + \"\\n\"","lastModifiedDate":"2022-08-18"},{"lineNumber":71,"author":{"gitId":"cxyterence"},"content":"                            + \"Now you have \" + taskArrayList.size() + \"tasks in the list.\");","lastModifiedDate":"2022-08-18"},{"lineNumber":72,"author":{"gitId":"cxyterence"},"content":"                } catch (EmptyDescException ede) {","lastModifiedDate":"2022-08-18"},{"lineNumber":73,"author":{"gitId":"cxyterence"},"content":"                    System.out.println(ede.toString());","lastModifiedDate":"2022-08-18"},{"lineNumber":74,"author":{"gitId":"cxyterence"},"content":"                }","lastModifiedDate":"2022-08-18"},{"lineNumber":75,"author":{"gitId":"cxyterence"},"content":"","lastModifiedDate":"2022-08-18"},{"lineNumber":76,"author":{"gitId":"cxyterence"},"content":"            } else if (act.contains(\"event\")) {","lastModifiedDate":"2022-08-18"},{"lineNumber":77,"author":{"gitId":"cxyterence"},"content":"                act \u003d act.replace(\"event\", \"\");","lastModifiedDate":"2022-08-18"},{"lineNumber":78,"author":{"gitId":"cxyterence"},"content":"                try {","lastModifiedDate":"2022-08-18"},{"lineNumber":79,"author":{"gitId":"cxyterence"},"content":"                    int slash \u003d act.lastIndexOf(\"/\");","lastModifiedDate":"2022-08-18"},{"lineNumber":80,"author":{"gitId":"cxyterence"},"content":"                    Event temp \u003d new Event(act.substring(0, slash - 1), act.substring(slash + 4));","lastModifiedDate":"2022-08-18"},{"lineNumber":81,"author":{"gitId":"cxyterence"},"content":"                    taskArrayList.add(temp);","lastModifiedDate":"2022-08-18"},{"lineNumber":82,"author":{"gitId":"cxyterence"},"content":"                    System.out.println(\"Got it. I\u0027ve added this task:\\n\"","lastModifiedDate":"2022-08-18"},{"lineNumber":83,"author":{"gitId":"cxyterence"},"content":"                            + temp.toString() + \"\\n\"","lastModifiedDate":"2022-08-18"},{"lineNumber":84,"author":{"gitId":"cxyterence"},"content":"                            + \"Now you have \" + taskArrayList.size() + \"tasks in the list.\");","lastModifiedDate":"2022-08-18"},{"lineNumber":85,"author":{"gitId":"cxyterence"},"content":"                } catch (EmptyDescException ede) {","lastModifiedDate":"2022-08-18"},{"lineNumber":86,"author":{"gitId":"cxyterence"},"content":"                    System.out.println(ede.toString());","lastModifiedDate":"2022-08-18"},{"lineNumber":87,"author":{"gitId":"cxyterence"},"content":"                }","lastModifiedDate":"2022-08-18"},{"lineNumber":88,"author":{"gitId":"cxyterence"},"content":"","lastModifiedDate":"2022-08-18"},{"lineNumber":89,"author":{"gitId":"cxyterence"},"content":"            } else if (act.equals(\"bye\")) {","lastModifiedDate":"2022-08-18"},{"lineNumber":90,"author":{"gitId":"cxyterence"},"content":"                System.out.println(\"Goodbye, hope to see you again soon!\");","lastModifiedDate":"2022-08-18"},{"lineNumber":91,"author":{"gitId":"cxyterence"},"content":"                break;","lastModifiedDate":"2022-08-17"},{"lineNumber":92,"author":{"gitId":"cxyterence"},"content":"","lastModifiedDate":"2022-08-18"},{"lineNumber":93,"author":{"gitId":"cxyterence"},"content":"            } else {","lastModifiedDate":"2022-08-18"},{"lineNumber":94,"author":{"gitId":"cxyterence"},"content":"                UnknownInputException uie \u003d new UnknownInputException(\"?\");","lastModifiedDate":"2022-08-18"},{"lineNumber":95,"author":{"gitId":"cxyterence"},"content":"                System.out.println(uie.toString());","lastModifiedDate":"2022-08-18"},{"lineNumber":96,"author":{"gitId":"cxyterence"},"content":"            }","lastModifiedDate":"2022-08-18"},{"lineNumber":97,"author":{"gitId":"cxyterence"},"content":"        }","lastModifiedDate":"2022-08-18"},{"lineNumber":98,"author":{"gitId":"-"},"content":"    }","lastModifiedDate":"2022-08-18"},{"lineNumber":99,"author":{"gitId":"-"},"content":"}","lastModifiedDate":"2019-07-29"}],"authorContributionMap":{"cxyterence":95,"-":4}},{"path":"src/main/java/EmptyDescException.java","fileType":"java","lines":[{"lineNumber":1,"author":{"gitId":"cxyterence"},"content":"public class EmptyDescException extends Exception {","lastModifiedDate":"2022-08-18"},{"lineNumber":2,"author":{"gitId":"cxyterence"},"content":"    String desc;","lastModifiedDate":"2022-08-18"},{"lineNumber":3,"author":{"gitId":"cxyterence"},"content":"    public EmptyDescException(String message) {","lastModifiedDate":"2022-08-18"},{"lineNumber":4,"author":{"gitId":"cxyterence"},"content":"        super(message);","lastModifiedDate":"2022-08-18"},{"lineNumber":5,"author":{"gitId":"cxyterence"},"content":"        this.desc \u003d message;","lastModifiedDate":"2022-08-18"},{"lineNumber":6,"author":{"gitId":"cxyterence"},"content":"    }","lastModifiedDate":"2022-08-18"},{"lineNumber":7,"author":{"gitId":"cxyterence"},"content":"","lastModifiedDate":"2022-08-18"},{"lineNumber":8,"author":{"gitId":"cxyterence"},"content":"    @Override","lastModifiedDate":"2022-08-18"},{"lineNumber":9,"author":{"gitId":"cxyterence"},"content":"    public String toString() {","lastModifiedDate":"2022-08-18"},{"lineNumber":10,"author":{"gitId":"cxyterence"},"content":"        return \"The description of a \" + desc + \" cannot be empty.\";","lastModifiedDate":"2022-08-18"},{"lineNumber":11,"author":{"gitId":"cxyterence"},"content":"    }","lastModifiedDate":"2022-08-18"},{"lineNumber":12,"author":{"gitId":"cxyterence"},"content":"}","lastModifiedDate":"2022-08-18"}],"authorContributionMap":{"cxyterence":12}},{"path":"src/main/java/Event.java","fileType":"java","lines":[{"lineNumber":1,"author":{"gitId":"cxyterence"},"content":"public class Event extends Task {","lastModifiedDate":"2022-08-18"},{"lineNumber":2,"author":{"gitId":"cxyterence"},"content":"    protected String at;","lastModifiedDate":"2022-08-18"},{"lineNumber":3,"author":{"gitId":"cxyterence"},"content":"","lastModifiedDate":"2022-08-18"},{"lineNumber":4,"author":{"gitId":"cxyterence"},"content":"    public Event(String desc, String at) throws EmptyDescException {","lastModifiedDate":"2022-08-18"},{"lineNumber":5,"author":{"gitId":"cxyterence"},"content":"        super(desc);","lastModifiedDate":"2022-08-18"},{"lineNumber":6,"author":{"gitId":"cxyterence"},"content":"        this.at \u003d at;","lastModifiedDate":"2022-08-18"},{"lineNumber":7,"author":{"gitId":"cxyterence"},"content":"    }","lastModifiedDate":"2022-08-18"},{"lineNumber":8,"author":{"gitId":"cxyterence"},"content":"","lastModifiedDate":"2022-08-18"},{"lineNumber":9,"author":{"gitId":"cxyterence"},"content":"    @Override","lastModifiedDate":"2022-08-18"},{"lineNumber":10,"author":{"gitId":"cxyterence"},"content":"    public String toString() {","lastModifiedDate":"2022-08-18"},{"lineNumber":11,"author":{"gitId":"cxyterence"},"content":"        return \"[E]\" + super.toString() + \" (at: \" + at + \")\";","lastModifiedDate":"2022-08-18"},{"lineNumber":12,"author":{"gitId":"cxyterence"},"content":"    }","lastModifiedDate":"2022-08-18"},{"lineNumber":13,"author":{"gitId":"cxyterence"},"content":"}","lastModifiedDate":"2022-08-18"}],"authorContributionMap":{"cxyterence":13}},{"path":"src/main/java/Task.java","fileType":"java","lines":[{"lineNumber":1,"author":{"gitId":"cxyterence"},"content":"public class Task {","lastModifiedDate":"2022-08-18"},{"lineNumber":2,"author":{"gitId":"cxyterence"},"content":"    protected String desc;","lastModifiedDate":"2022-08-18"},{"lineNumber":3,"author":{"gitId":"cxyterence"},"content":"    protected boolean isDone;","lastModifiedDate":"2022-08-18"},{"lineNumber":4,"author":{"gitId":"cxyterence"},"content":"","lastModifiedDate":"2022-08-18"},{"lineNumber":5,"author":{"gitId":"cxyterence"},"content":"    public Task(String desc) throws EmptyDescException {","lastModifiedDate":"2022-08-18"},{"lineNumber":6,"author":{"gitId":"cxyterence"},"content":"        if (desc.equals(\"\")) {","lastModifiedDate":"2022-08-18"},{"lineNumber":7,"author":{"gitId":"cxyterence"},"content":"            throw new EmptyDescException(\"task\");","lastModifiedDate":"2022-08-18"},{"lineNumber":8,"author":{"gitId":"cxyterence"},"content":"        }","lastModifiedDate":"2022-08-18"},{"lineNumber":9,"author":{"gitId":"cxyterence"},"content":"        this.desc \u003d desc;","lastModifiedDate":"2022-08-18"},{"lineNumber":10,"author":{"gitId":"cxyterence"},"content":"        this.isDone \u003d false;","lastModifiedDate":"2022-08-18"},{"lineNumber":11,"author":{"gitId":"cxyterence"},"content":"    }","lastModifiedDate":"2022-08-18"},{"lineNumber":12,"author":{"gitId":"cxyterence"},"content":"","lastModifiedDate":"2022-08-18"},{"lineNumber":13,"author":{"gitId":"cxyterence"},"content":"    public String getStatusIcon() {","lastModifiedDate":"2022-08-18"},{"lineNumber":14,"author":{"gitId":"cxyterence"},"content":"        return (isDone ? \"X\" : \" \");    // mark done task","lastModifiedDate":"2022-08-18"},{"lineNumber":15,"author":{"gitId":"cxyterence"},"content":"    }","lastModifiedDate":"2022-08-18"},{"lineNumber":16,"author":{"gitId":"cxyterence"},"content":"","lastModifiedDate":"2022-08-18"},{"lineNumber":17,"author":{"gitId":"cxyterence"},"content":"    public String getDesc() {","lastModifiedDate":"2022-08-18"},{"lineNumber":18,"author":{"gitId":"cxyterence"},"content":"        return desc;","lastModifiedDate":"2022-08-18"},{"lineNumber":19,"author":{"gitId":"cxyterence"},"content":"    }","lastModifiedDate":"2022-08-18"},{"lineNumber":20,"author":{"gitId":"cxyterence"},"content":"","lastModifiedDate":"2022-08-18"},{"lineNumber":21,"author":{"gitId":"cxyterence"},"content":"    public void markDone() {","lastModifiedDate":"2022-08-18"},{"lineNumber":22,"author":{"gitId":"cxyterence"},"content":"        this.isDone \u003d true;","lastModifiedDate":"2022-08-18"},{"lineNumber":23,"author":{"gitId":"cxyterence"},"content":"    }","lastModifiedDate":"2022-08-18"},{"lineNumber":24,"author":{"gitId":"cxyterence"},"content":"","lastModifiedDate":"2022-08-18"},{"lineNumber":25,"author":{"gitId":"cxyterence"},"content":"    public void unmarkDone() {","lastModifiedDate":"2022-08-18"},{"lineNumber":26,"author":{"gitId":"cxyterence"},"content":"        this.isDone \u003d false;","lastModifiedDate":"2022-08-18"},{"lineNumber":27,"author":{"gitId":"cxyterence"},"content":"    }","lastModifiedDate":"2022-08-18"},{"lineNumber":28,"author":{"gitId":"cxyterence"},"content":"","lastModifiedDate":"2022-08-18"},{"lineNumber":29,"author":{"gitId":"cxyterence"},"content":"    public String toString() {","lastModifiedDate":"2022-08-18"},{"lineNumber":30,"author":{"gitId":"cxyterence"},"content":"        return \"[\" + getStatusIcon() + \"] \" + desc;","lastModifiedDate":"2022-08-18"},{"lineNumber":31,"author":{"gitId":"cxyterence"},"content":"    }","lastModifiedDate":"2022-08-18"},{"lineNumber":32,"author":{"gitId":"cxyterence"},"content":"}","lastModifiedDate":"2022-08-18"}],"authorContributionMap":{"cxyterence":32}},{"path":"src/main/java/ToDo.java","fileType":"java","lines":[{"lineNumber":1,"author":{"gitId":"cxyterence"},"content":"public class ToDo extends Task {","lastModifiedDate":"2022-08-18"},{"lineNumber":2,"author":{"gitId":"cxyterence"},"content":"    public ToDo(String desc) throws EmptyDescException {","lastModifiedDate":"2022-08-18"},{"lineNumber":3,"author":{"gitId":"cxyterence"},"content":"        super(desc);","lastModifiedDate":"2022-08-18"},{"lineNumber":4,"author":{"gitId":"cxyterence"},"content":"    }","lastModifiedDate":"2022-08-18"},{"lineNumber":5,"author":{"gitId":"cxyterence"},"content":"","lastModifiedDate":"2022-08-18"},{"lineNumber":6,"author":{"gitId":"cxyterence"},"content":"    @Override","lastModifiedDate":"2022-08-18"},{"lineNumber":7,"author":{"gitId":"cxyterence"},"content":"    public String toString() {","lastModifiedDate":"2022-08-18"},{"lineNumber":8,"author":{"gitId":"cxyterence"},"content":"        return \"[T]\" + super.toString();","lastModifiedDate":"2022-08-18"},{"lineNumber":9,"author":{"gitId":"cxyterence"},"content":"    }","lastModifiedDate":"2022-08-18"},{"lineNumber":10,"author":{"gitId":"cxyterence"},"content":"}","lastModifiedDate":"2022-08-18"}],"authorContributionMap":{"cxyterence":10}},{"path":"src/main/java/UnknownInputException.java","fileType":"java","lines":[{"lineNumber":1,"author":{"gitId":"cxyterence"},"content":"public class UnknownInputException extends Exception {","lastModifiedDate":"2022-08-18"},{"lineNumber":2,"author":{"gitId":"cxyterence"},"content":"    public UnknownInputException(String message) {","lastModifiedDate":"2022-08-18"},{"lineNumber":3,"author":{"gitId":"cxyterence"},"content":"        super(message);","lastModifiedDate":"2022-08-18"},{"lineNumber":4,"author":{"gitId":"cxyterence"},"content":"    }","lastModifiedDate":"2022-08-18"},{"lineNumber":5,"author":{"gitId":"cxyterence"},"content":"","lastModifiedDate":"2022-08-18"},{"lineNumber":6,"author":{"gitId":"cxyterence"},"content":"    @Override","lastModifiedDate":"2022-08-18"},{"lineNumber":7,"author":{"gitId":"cxyterence"},"content":"    public String toString() {","lastModifiedDate":"2022-08-18"},{"lineNumber":8,"author":{"gitId":"cxyterence"},"content":"        return \"I do not understand what you mean, please accept my apology\";","lastModifiedDate":"2022-08-18"},{"lineNumber":9,"author":{"gitId":"cxyterence"},"content":"    }","lastModifiedDate":"2022-08-18"},{"lineNumber":10,"author":{"gitId":"cxyterence"},"content":"","lastModifiedDate":"2022-08-18"},{"lineNumber":11,"author":{"gitId":"cxyterence"},"content":"}","lastModifiedDate":"2022-08-18"}],"authorContributionMap":{"cxyterence":11}}]
