{"authorDailyContributionsMap":{"cxyterence":[{"date":"2022-08-17","commitResults":[{"hash":"eb25aea3fff649386ec43678a36d35cebb68161b","messageTitle":"changed DUKE to GustavoBot","messageBody":"","tags":["Level-1"],"fileTypesAndContributionMap":{"java":{"insertions":22,"deletions":6}}}]},{"date":"2022-08-18","commitResults":[{"hash":"3b49750b03947caed665445067ffb34fb9a813d6","messageTitle":"added ability to store and display whatever text entered by the user, when requested","messageBody":"","tags":["Level-2"],"fileTypesAndContributionMap":{"java":{"insertions":22,"deletions":10}}},{"hash":"c0b12354c5c2d1adb66db13f83b7992a46a679df","messageTitle":"added ability to mark task as done","messageBody":"","tags":["Level-3"],"fileTypesAndContributionMap":{"java":{"insertions":42,"deletions":5}}},{"hash":"9010b98bd82a17e95d362ccc0b9bc287d37935f3","messageTitle":"added support for tracking three types of tasks","messageBody":"","tags":["Level-4"],"fileTypesAndContributionMap":{"java":{"insertions":77,"deletions":3}}},{"hash":"3000139aff2249d82cdf2db73d42792f543f2ba1","messageTitle":"added support for error handling due to incorrect user inputs","messageBody":"","tags":["Level-5"],"fileTypesAndContributionMap":{"java":{"insertions":70,"deletions":35}}},{"hash":"96bf4b1fcbde0dcb1fd30c31f0af18cf82f0e85a","messageTitle":"added support for deleting tasks from list","messageBody":"","tags":["Level-6"],"fileTypesAndContributionMap":{"java":{"insertions":30,"deletions":21}}}]},{"date":"2022-08-23","commitResults":[{"hash":"c00a3af557423b7d51c528c177414cad97f34745","messageTitle":"use the input/output redirection technique to semi-automate the testing of my version of Duke.","messageBody":"","tags":["A-TextUiTesting"],"fileTypesAndContributionMap":{"txt":{"insertions":2,"deletions":0}}}]},{"date":"2022-08-24","commitResults":[{"hash":"931fd980f9dc7af59735b02c10276caf420c093a","messageTitle":"add ability to save tasks in the hard disk automatically whenever the task list changes. add the ability to load data from the hard disk when Duke starts up.","messageBody":"","tags":["Level-7"],"fileTypesAndContributionMap":{"txt":{"insertions":4,"deletions":0},"java":{"insertions":301,"deletions":67}}},{"hash":"0a0a0a0cb7842b2004f6f74cc55ab962a6bab1e3","messageTitle":"add ability to store deadlines as java.time.LocalDate in task objects, and print the deadlines in a different format.","messageBody":"","tags":["Level-8"],"fileTypesAndContributionMap":{"java":{"insertions":14,"deletions":2}}},{"hash":"8bda4d6e3b132c9129abaa72c00c435459378453","messageTitle":"removed redundancies.","messageBody":"","tags":["fix1"],"fileTypesAndContributionMap":{"txt":{"insertions":3,"deletions":4},"java":{"insertions":6,"deletions":5}}}]},{"date":"2022-08-25","commitResults":[{"hash":"9aa2d2dd0a23faa3e18cef596c082a50250b9a21","messageTitle":"Refactor the code to extract out closely related code as classes.","messageBody":"","tags":["A-MoreOOP"],"fileTypesAndContributionMap":{"txt":{"insertions":1,"deletions":1},"java":{"insertions":447,"deletions":306}}},{"hash":"1ea4a5fcd1c81815fc14a5d6ae4546f2f577535e","messageTitle":"Organise the classes into suitable java packages.","messageBody":"","tags":["A-Packages"],"fileTypesAndContributionMap":{"txt":{"insertions":3,"deletions":1},"java":{"insertions":176,"deletions":70}}}]},{"date":"2022-08-26","commitResults":[{"hash":"22ef0bd925df26f41cb2708338498c0f14e30e39","messageTitle":"fix bugs","messageBody":"","fileTypesAndContributionMap":{"txt":{"insertions":0,"deletions":2},"java":{"insertions":1,"deletions":2}}},{"hash":"b4491798455fb5d48d702dad967f80fd8a98fd94","messageTitle":"Revert \"fix bugs\"","messageBody":"This reverts commit 22ef0bd925df26f41cb2708338498c0f14e30e39.\n","fileTypesAndContributionMap":{"txt":{"insertions":2,"deletions":0},"java":{"insertions":2,"deletions":1}}},{"hash":"281bcc13952fa8c256cad9e01ee3d26eebcc8980","messageTitle":"Add JUnit tests to test the behavior of the code.","messageBody":"","tags":["A-JUnit"],"fileTypesAndContributionMap":{"txt":{"insertions":1,"deletions":4},"java":{"insertions":72,"deletions":0}}},{"hash":"992f59dbcde13c8429da3215c71675c4eb398c8a","messageTitle":"Package the app as an executable JAR file that can be distributed easily.","messageBody":"","tags":["v0.1","A-Jar"],"fileTypesAndContributionMap":{"gradle":{"insertions":1,"deletions":1}}}]},{"date":"2022-08-27","commitResults":[{"hash":"4aae8cf24122a5eefb2980ef6a11577633d562d1","messageTitle":"Add JavaDoc comments to the code.","messageBody":"","tags":["A-JavaDoc"],"fileTypesAndContributionMap":{"java":{"insertions":81,"deletions":2}}}]},{"date":"2022-08-29","commitResults":[{"hash":"3d234b7157de44027eea840ccb0b8bad429813cb","messageTitle":"Tweak the code to comply with a coding standard.","messageBody":"","tags":["A-CodingStandard"],"fileTypesAndContributionMap":{"java":{"insertions":0,"deletions":14}}},{"hash":"a024f9163c2f71a0117d6c3b13336415f41d45c2","messageTitle":"Give users a way to find a task by searching for a keyword.","messageBody":"","tags":["Level-9"],"fileTypesAndContributionMap":{"txt":{"insertions":1,"deletions":1},"java":{"insertions":39,"deletions":0}}}]},{"date":"2022-09-03","commitResults":[{"hash":"2b709ab9fe06898c5422c223961e2eb5661c7ef5","messageTitle":"Add a GUI to Duke. Use the JavaFX technology to implement the GUI.","messageBody":"","tags":["Level-10"],"fileTypesAndContributionMap":{"gradle":{"insertions":15,"deletions":0},"txt":{"insertions":4,"deletions":2},"fxml":{"insertions":35,"deletions":0},"java":{"insertions":232,"deletions":41}}}]},{"date":"2022-09-07","commitResults":[{"hash":"3707ad29992cc17e148e7ada8dae13eb1c1e8469","messageTitle":"Add Java assert feature","messageBody":"Integer variables used as counters, in some classes that inherit from\nCommand, cannot be less than zero.\nIn some classes that inherit from Command, the task description\nand/or the date cannot be empty.\n\nSo let\u0027s assume that these are not the case in the code.\nIf the cases which they do happen, we let the runtime detect an\nassertion failure to inform us that there are potentially bugs that\ncause it to happen.\n","tags":["A-FullCommitMessage","A-Assertions"],"fileTypesAndContributionMap":{"java":{"insertions":11,"deletions":0}}}]},{"date":"2022-09-08","commitResults":[{"hash":"94511304bedd7ee7e99047640364066cfd969049","messageTitle":"Examine and refactor the code to improve the code quality","messageBody":"Some snippets of the code are hard to understand due to factors like\nnaming and not following coding standards as defined by the module.\n\nLet\u0027s examine and refactor codes that are:\n- difficult to read\n- named poorly to be understood\n- not complying with standards\n","tags":["A-CodeQuality"],"fileTypesAndContributionMap":{"java":{"insertions":38,"deletions":43}}},{"hash":"1b614ca85f4a8d05580548c1627c17150189bbc7","messageTitle":"Modify the data file that Duke/GustavoBot loads at the start","messageBody":"","fileTypesAndContributionMap":{"txt":{"insertions":0,"deletions":1}}},{"hash":"5a9174221ceb9e37f2ff7a8d4a40f509426d441f","messageTitle":"Modified data save file which Duke/GustavoBot loads at the start","messageBody":"","fileTypesAndContributionMap":{"txt":{"insertions":1,"deletions":0}}}]}]},"authorFileTypeContributionMap":{"cxyterence":{"java":1058,"md":0,"fxml":35,"sh":0,"bat":0,"gradle":16,"txt":6}},"authorContributionVariance":{"cxyterence":42900.574},"authorDisplayNameMap":{"cxyterence":"CS2103T-T17-1 CHON..ENCE"}}
