{"authorDailyContributionsMap":{"paotheroo":[{"date":"2022-08-17","commitResults":[{"hash":"0b8c1dade96d199d0768f882e22bf91b1a206dac","messageTitle":"Duke: Level-1","messageBody":"","tags":["Level-1"],"fileTypesAndContributionMap":{"java":{"insertions":24,"deletions":6}}},{"hash":"f0af634c3d919fba51992ecade9cdac3508dfe19","messageTitle":"Duke: Level-2","messageBody":"","tags":["Level-2"],"fileTypesAndContributionMap":{"java":{"insertions":16,"deletions":3}}},{"hash":"d1a6c6a7a153c7fe61cae5373f90b30d243fd978","messageTitle":"Duke Level-3","messageBody":"","tags":["Level-3"],"fileTypesAndContributionMap":{"java":{"insertions":67,"deletions":4}}}]},{"date":"2022-08-18","commitResults":[{"hash":"f675728ac6bb96b45bfa490501a31f894a892e0e","messageTitle":"Duke: Level-4","messageBody":"","tags":["Level-4"],"fileTypesAndContributionMap":{"java":{"insertions":75,"deletions":18}}},{"hash":"4c9ef450b59e58c818d94cf2a1ec9ed2f65b0052","messageTitle":"Duke: A-TextUiTesting","messageBody":"","tags":["A-TextUiTesting"],"fileTypesAndContributionMap":{"txt":{"insertions":10,"deletions":0}}},{"hash":"ed26e20003da8de31d27dd5305045111911fa4b1","messageTitle":"Duke: Level-5","messageBody":"","tags":["Level-5"],"fileTypesAndContributionMap":{"java":{"insertions":25,"deletions":11}}},{"hash":"9228e259b8658e8a145ede0fc6897384c6b4b07e","messageTitle":"Duke: Level-6","messageBody":"","tags":["Level-6"],"fileTypesAndContributionMap":{"txt":{"insertions":2,"deletions":0},"java":{"insertions":36,"deletions":15}}}]},{"date":"2022-09-01","commitResults":[{"hash":"e6f45539333dc1bd6bf7c9a56a45c2f96ec01c1c","messageTitle":"Duke: Level-7","messageBody":"","tags":["Level-7"],"fileTypesAndContributionMap":{"java":{"insertions":93,"deletions":3}}}]},{"date":"2022-09-02","commitResults":[{"hash":"3787bd308154d9b8ba423d10a9e6595cec5e23b6","messageTitle":"Duke: Level-8","messageBody":"","tags":["Level-8"],"fileTypesAndContributionMap":{"java":{"insertions":111,"deletions":25}}},{"hash":"0510b0bd8dbdf0304bc26c2ad19bab4ec069b7c8","messageTitle":"Duke: A-MoreOOP","messageBody":"","tags":["A-MoreOOP"],"fileTypesAndContributionMap":{"java":{"insertions":670,"deletions":228}}},{"hash":"0d97f78ac1dc963be8b95614e99ff77a5ffaa075","messageTitle":"Duke: A-Packages","messageBody":"","tags":["A-Packages"],"fileTypesAndContributionMap":{"java":{"insertions":82,"deletions":7}}}]},{"date":"2022-09-08","commitResults":[{"hash":"e094c4e017851c4b1a281bcbe55d90876c31d9ab","messageTitle":"A-JavaDoc","messageBody":"","tags":["A-JavaDoc"],"fileTypesAndContributionMap":{"java":{"insertions":53,"deletions":0}}}]}]},"authorFileTypeContributionMap":{"paotheroo":{"java":941,"md":0,"fxml":0,"sh":0,"bat":0,"gradle":0,"txt":12}},"authorContributionVariance":{"paotheroo":44100.324},"authorDisplayNameMap":{"paotheroo":"CS2103T-F12-2 LOW .. HAO"}}
