[{"path":"src/main/java/Deadline.java","fileType":"java","lines":[{"lineNumber":1,"author":{"gitId":"gowribhat"},"content":"public class Deadline extends Task {","lastModifiedDate":"2022-08-14"},{"lineNumber":2,"author":{"gitId":"gowribhat"},"content":"    private String by;","lastModifiedDate":"2022-08-15"},{"lineNumber":3,"author":{"gitId":"gowribhat"},"content":"","lastModifiedDate":"2022-08-14"},{"lineNumber":4,"author":{"gitId":"gowribhat"},"content":"    public Deadline(String description, String by) {","lastModifiedDate":"2022-08-14"},{"lineNumber":5,"author":{"gitId":"gowribhat"},"content":"        super(description);","lastModifiedDate":"2022-08-14"},{"lineNumber":6,"author":{"gitId":"gowribhat"},"content":"        this.by \u003d by;","lastModifiedDate":"2022-08-14"},{"lineNumber":7,"author":{"gitId":"gowribhat"},"content":"    }","lastModifiedDate":"2022-08-14"},{"lineNumber":8,"author":{"gitId":"gowribhat"},"content":"","lastModifiedDate":"2022-08-14"},{"lineNumber":9,"author":{"gitId":"gowribhat"},"content":"    @Override","lastModifiedDate":"2022-08-22"},{"lineNumber":10,"author":{"gitId":"gowribhat"},"content":"    public String toSave() {","lastModifiedDate":"2022-08-22"},{"lineNumber":11,"author":{"gitId":"gowribhat"},"content":"        return \"D,\" + super.toSave() + \",\" + this.by + \"\\n\";","lastModifiedDate":"2022-08-22"},{"lineNumber":12,"author":{"gitId":"gowribhat"},"content":"    }","lastModifiedDate":"2022-08-22"},{"lineNumber":13,"author":{"gitId":"gowribhat"},"content":"","lastModifiedDate":"2022-08-22"},{"lineNumber":14,"author":{"gitId":"gowribhat"},"content":"    @Override","lastModifiedDate":"2022-08-14"},{"lineNumber":15,"author":{"gitId":"gowribhat"},"content":"    public String toString() {","lastModifiedDate":"2022-08-14"},{"lineNumber":16,"author":{"gitId":"gowribhat"},"content":"        return \"[D]\" + super.toString() + \" (by: \" + this.by + \")\";","lastModifiedDate":"2022-08-14"},{"lineNumber":17,"author":{"gitId":"gowribhat"},"content":"    }","lastModifiedDate":"2022-08-14"},{"lineNumber":18,"author":{"gitId":"gowribhat"},"content":"}","lastModifiedDate":"2022-08-14"}],"authorContributionMap":{"gowribhat":18}},{"path":"src/main/java/Duke.java","fileType":"java","lines":[{"lineNumber":1,"author":{"gitId":"gowribhat"},"content":"import java.io.File;","lastModifiedDate":"2022-08-22"},{"lineNumber":2,"author":{"gitId":"gowribhat"},"content":"import java.io.FileNotFoundException;","lastModifiedDate":"2022-08-22"},{"lineNumber":3,"author":{"gitId":"gowribhat"},"content":"import java.io.FileWriter;","lastModifiedDate":"2022-08-22"},{"lineNumber":4,"author":{"gitId":"gowribhat"},"content":"import java.io.IOException;","lastModifiedDate":"2022-08-22"},{"lineNumber":5,"author":{"gitId":"gowribhat"},"content":"import java.util.Arrays;","lastModifiedDate":"2022-08-15"},{"lineNumber":6,"author":{"gitId":"gowribhat"},"content":"import java.util.LinkedList;","lastModifiedDate":"2022-08-14"},{"lineNumber":7,"author":{"gitId":"gowribhat"},"content":"import java.util.Scanner;","lastModifiedDate":"2022-08-14"},{"lineNumber":8,"author":{"gitId":"gowribhat"},"content":"","lastModifiedDate":"2022-08-14"},{"lineNumber":9,"author":{"gitId":"gowribhat"},"content":"import static java.lang.Integer.parseInt;","lastModifiedDate":"2022-08-14"},{"lineNumber":10,"author":{"gitId":"gowribhat"},"content":"","lastModifiedDate":"2022-08-14"},{"lineNumber":11,"author":{"gitId":"-"},"content":"public class Duke {","lastModifiedDate":"2019-07-29"},{"lineNumber":12,"author":{"gitId":"gowribhat"},"content":"","lastModifiedDate":"2022-08-14"},{"lineNumber":13,"author":{"gitId":"gowribhat"},"content":"    private static final String FILEPATH \u003d \"./data\";","lastModifiedDate":"2022-08-22"},{"lineNumber":14,"author":{"gitId":"gowribhat"},"content":"    private static final String FILENAME \u003d \"./data/saved-tasks.txt\";","lastModifiedDate":"2022-08-22"},{"lineNumber":15,"author":{"gitId":"gowribhat"},"content":"","lastModifiedDate":"2022-08-22"},{"lineNumber":16,"author":{"gitId":"gowribhat"},"content":"    private enum Command {BYE, LIST, MARK, UNMARK, TODO, EVENT, DEADLINE, DELETE}","lastModifiedDate":"2022-08-22"},{"lineNumber":17,"author":{"gitId":"gowribhat"},"content":"","lastModifiedDate":"2022-08-15"},{"lineNumber":18,"author":{"gitId":"gowribhat"},"content":"    private static final String LOGO \u003d \" ____        _        \\n\"","lastModifiedDate":"2022-08-15"},{"lineNumber":19,"author":{"gitId":"-"},"content":"                                       + \"|  _ \\\\ _   _| | _____ \\n\"","lastModifiedDate":"2019-07-29"},{"lineNumber":20,"author":{"gitId":"-"},"content":"                                       + \"| | | | | | | |/ / _ \\\\\\n\"","lastModifiedDate":"2019-07-29"},{"lineNumber":21,"author":{"gitId":"-"},"content":"                                       + \"| |_| | |_| |   \u003c  __/\\n\"","lastModifiedDate":"2019-07-29"},{"lineNumber":22,"author":{"gitId":"-"},"content":"                                       + \"|____/ \\\\__,_|_|\\\\_\\\\___|\\n\";","lastModifiedDate":"2019-07-29"},{"lineNumber":23,"author":{"gitId":"gowribhat"},"content":"    private static final String LINE \u003d \"```````````````````````````````````````````````````````````````````\";","lastModifiedDate":"2022-08-15"},{"lineNumber":24,"author":{"gitId":"gowribhat"},"content":"    private static final String WELCOME_GREET \u003d \"Hello there! I am\\n\" + LOGO","lastModifiedDate":"2022-08-15"},{"lineNumber":25,"author":{"gitId":"gowribhat"},"content":"                + \"\\nyour personal task tracking assistant!\\nWhat can I do for you today?\\n\";","lastModifiedDate":"2022-08-15"},{"lineNumber":26,"author":{"gitId":"gowribhat"},"content":"    private static final String EXIT_GREET \u003d \"Bye. Hope to see you again soon!\\n\";","lastModifiedDate":"2022-08-15"},{"lineNumber":27,"author":{"gitId":"gowribhat"},"content":"    private static final LinkedList\u003cTask\u003e TASK_LIST \u003d new LinkedList\u003c\u003e();","lastModifiedDate":"2022-08-15"},{"lineNumber":28,"author":{"gitId":"gowribhat"},"content":"","lastModifiedDate":"2022-08-14"},{"lineNumber":29,"author":{"gitId":"gowribhat"},"content":"    //Data Handling","lastModifiedDate":"2022-08-22"},{"lineNumber":30,"author":{"gitId":"gowribhat"},"content":"    private static String printListData() {","lastModifiedDate":"2022-08-22"},{"lineNumber":31,"author":{"gitId":"gowribhat"},"content":"        String listData \u003d \"\";","lastModifiedDate":"2022-08-22"},{"lineNumber":32,"author":{"gitId":"gowribhat"},"content":"        for (int i \u003d 0; i \u003c TASK_LIST.size(); i++) {","lastModifiedDate":"2022-08-22"},{"lineNumber":33,"author":{"gitId":"gowribhat"},"content":"            int index \u003d i + 1;","lastModifiedDate":"2022-08-22"},{"lineNumber":34,"author":{"gitId":"gowribhat"},"content":"            listData +\u003d TASK_LIST.get(i).toSave();","lastModifiedDate":"2022-08-22"},{"lineNumber":35,"author":{"gitId":"gowribhat"},"content":"        }","lastModifiedDate":"2022-08-22"},{"lineNumber":36,"author":{"gitId":"gowribhat"},"content":"        return listData;","lastModifiedDate":"2022-08-22"},{"lineNumber":37,"author":{"gitId":"gowribhat"},"content":"    }","lastModifiedDate":"2022-08-22"},{"lineNumber":38,"author":{"gitId":"gowribhat"},"content":"    private static void setSaveLocation() {","lastModifiedDate":"2022-08-22"},{"lineNumber":39,"author":{"gitId":"gowribhat"},"content":"        try {","lastModifiedDate":"2022-08-22"},{"lineNumber":40,"author":{"gitId":"gowribhat"},"content":"            File filePath \u003d new File(FILEPATH);","lastModifiedDate":"2022-08-22"},{"lineNumber":41,"author":{"gitId":"gowribhat"},"content":"            if (!filePath.exists()) {","lastModifiedDate":"2022-08-22"},{"lineNumber":42,"author":{"gitId":"gowribhat"},"content":"                filePath.mkdir();","lastModifiedDate":"2022-08-22"},{"lineNumber":43,"author":{"gitId":"gowribhat"},"content":"            }","lastModifiedDate":"2022-08-22"},{"lineNumber":44,"author":{"gitId":"gowribhat"},"content":"            File fileName \u003d new File(FILENAME);","lastModifiedDate":"2022-08-22"},{"lineNumber":45,"author":{"gitId":"gowribhat"},"content":"            if (!fileName.exists()) {","lastModifiedDate":"2022-08-22"},{"lineNumber":46,"author":{"gitId":"gowribhat"},"content":"                fileName.createNewFile();","lastModifiedDate":"2022-08-22"},{"lineNumber":47,"author":{"gitId":"gowribhat"},"content":"            }","lastModifiedDate":"2022-08-22"},{"lineNumber":48,"author":{"gitId":"gowribhat"},"content":"        } catch (IOException e) {","lastModifiedDate":"2022-08-22"},{"lineNumber":49,"author":{"gitId":"gowribhat"},"content":"            e.printStackTrace();","lastModifiedDate":"2022-08-22"},{"lineNumber":50,"author":{"gitId":"gowribhat"},"content":"        }","lastModifiedDate":"2022-08-22"},{"lineNumber":51,"author":{"gitId":"gowribhat"},"content":"    }","lastModifiedDate":"2022-08-22"},{"lineNumber":52,"author":{"gitId":"gowribhat"},"content":"    private static void saveData(String str) {","lastModifiedDate":"2022-08-22"},{"lineNumber":53,"author":{"gitId":"gowribhat"},"content":"        try {","lastModifiedDate":"2022-08-22"},{"lineNumber":54,"author":{"gitId":"gowribhat"},"content":"            FileWriter writer \u003d new FileWriter(new File(FILENAME));","lastModifiedDate":"2022-08-22"},{"lineNumber":55,"author":{"gitId":"gowribhat"},"content":"            writer.write(str);","lastModifiedDate":"2022-08-22"},{"lineNumber":56,"author":{"gitId":"gowribhat"},"content":"            writer.close();","lastModifiedDate":"2022-08-22"},{"lineNumber":57,"author":{"gitId":"gowribhat"},"content":"        } catch (IOException e) {","lastModifiedDate":"2022-08-22"},{"lineNumber":58,"author":{"gitId":"gowribhat"},"content":"            e.printStackTrace();","lastModifiedDate":"2022-08-22"},{"lineNumber":59,"author":{"gitId":"gowribhat"},"content":"        }","lastModifiedDate":"2022-08-22"},{"lineNumber":60,"author":{"gitId":"gowribhat"},"content":"","lastModifiedDate":"2022-08-22"},{"lineNumber":61,"author":{"gitId":"gowribhat"},"content":"    }","lastModifiedDate":"2022-08-22"},{"lineNumber":62,"author":{"gitId":"gowribhat"},"content":"    private static void retrieveData() {","lastModifiedDate":"2022-08-22"},{"lineNumber":63,"author":{"gitId":"gowribhat"},"content":"        File savedData \u003d new File(FILENAME);","lastModifiedDate":"2022-08-22"},{"lineNumber":64,"author":{"gitId":"gowribhat"},"content":"        try {","lastModifiedDate":"2022-08-22"},{"lineNumber":65,"author":{"gitId":"gowribhat"},"content":"            Scanner scanner \u003d new Scanner(savedData);","lastModifiedDate":"2022-08-22"},{"lineNumber":66,"author":{"gitId":"gowribhat"},"content":"            while (scanner.hasNextLine()) {","lastModifiedDate":"2022-08-22"},{"lineNumber":67,"author":{"gitId":"gowribhat"},"content":"                String[] splitInput \u003d scanner.nextLine().split(\",\");","lastModifiedDate":"2022-08-22"},{"lineNumber":68,"author":{"gitId":"gowribhat"},"content":"                int len \u003d splitInput.length;","lastModifiedDate":"2022-08-22"},{"lineNumber":69,"author":{"gitId":"gowribhat"},"content":"                if (len \u003d\u003d 0) {","lastModifiedDate":"2022-08-22"},{"lineNumber":70,"author":{"gitId":"gowribhat"},"content":"                    break;","lastModifiedDate":"2022-08-22"},{"lineNumber":71,"author":{"gitId":"gowribhat"},"content":"                }","lastModifiedDate":"2022-08-22"},{"lineNumber":72,"author":{"gitId":"gowribhat"},"content":"                String taskType \u003d splitInput[0];","lastModifiedDate":"2022-08-22"},{"lineNumber":73,"author":{"gitId":"gowribhat"},"content":"                String taskDescription \u003d splitInput[2];","lastModifiedDate":"2022-08-22"},{"lineNumber":74,"author":{"gitId":"gowribhat"},"content":"                boolean isDone \u003d splitInput[1].equals(\"1\");","lastModifiedDate":"2022-08-22"},{"lineNumber":75,"author":{"gitId":"gowribhat"},"content":"                switch (taskType) {","lastModifiedDate":"2022-08-22"},{"lineNumber":76,"author":{"gitId":"gowribhat"},"content":"                case \"T\":","lastModifiedDate":"2022-08-22"},{"lineNumber":77,"author":{"gitId":"gowribhat"},"content":"                    Task todo \u003d new Todo(taskDescription);","lastModifiedDate":"2022-08-22"},{"lineNumber":78,"author":{"gitId":"gowribhat"},"content":"                    todo.setStatus(isDone);","lastModifiedDate":"2022-08-22"},{"lineNumber":79,"author":{"gitId":"gowribhat"},"content":"                    TASK_LIST.add(todo);","lastModifiedDate":"2022-08-22"},{"lineNumber":80,"author":{"gitId":"gowribhat"},"content":"                    break;","lastModifiedDate":"2022-08-22"},{"lineNumber":81,"author":{"gitId":"gowribhat"},"content":"                case \"D\":","lastModifiedDate":"2022-08-22"},{"lineNumber":82,"author":{"gitId":"gowribhat"},"content":"                    Task deadline \u003d new Deadline(taskDescription, splitInput[3]);","lastModifiedDate":"2022-08-22"},{"lineNumber":83,"author":{"gitId":"gowribhat"},"content":"                    deadline.setStatus(isDone);","lastModifiedDate":"2022-08-22"},{"lineNumber":84,"author":{"gitId":"gowribhat"},"content":"                    TASK_LIST.add(deadline);","lastModifiedDate":"2022-08-22"},{"lineNumber":85,"author":{"gitId":"gowribhat"},"content":"                    break;","lastModifiedDate":"2022-08-22"},{"lineNumber":86,"author":{"gitId":"gowribhat"},"content":"                case \"E\":","lastModifiedDate":"2022-08-22"},{"lineNumber":87,"author":{"gitId":"gowribhat"},"content":"                    Task event \u003d new Event(taskDescription, splitInput[3]);","lastModifiedDate":"2022-08-22"},{"lineNumber":88,"author":{"gitId":"gowribhat"},"content":"                    event.setStatus(isDone);","lastModifiedDate":"2022-08-22"},{"lineNumber":89,"author":{"gitId":"gowribhat"},"content":"                    TASK_LIST.add(event);","lastModifiedDate":"2022-08-22"},{"lineNumber":90,"author":{"gitId":"gowribhat"},"content":"                    break;","lastModifiedDate":"2022-08-22"},{"lineNumber":91,"author":{"gitId":"gowribhat"},"content":"                }","lastModifiedDate":"2022-08-22"},{"lineNumber":92,"author":{"gitId":"gowribhat"},"content":"            }","lastModifiedDate":"2022-08-22"},{"lineNumber":93,"author":{"gitId":"gowribhat"},"content":"        } catch (FileNotFoundException e) {","lastModifiedDate":"2022-08-22"},{"lineNumber":94,"author":{"gitId":"gowribhat"},"content":"            e.printStackTrace();","lastModifiedDate":"2022-08-22"},{"lineNumber":95,"author":{"gitId":"gowribhat"},"content":"        }","lastModifiedDate":"2022-08-22"},{"lineNumber":96,"author":{"gitId":"gowribhat"},"content":"    }","lastModifiedDate":"2022-08-22"},{"lineNumber":97,"author":{"gitId":"gowribhat"},"content":"","lastModifiedDate":"2022-08-22"},{"lineNumber":98,"author":{"gitId":"gowribhat"},"content":"    //Duke Formatting","lastModifiedDate":"2022-08-15"},{"lineNumber":99,"author":{"gitId":"gowribhat"},"content":"    private static void welcomeGreet() {","lastModifiedDate":"2022-08-15"},{"lineNumber":100,"author":{"gitId":"gowribhat"},"content":"        System.out.println(WELCOME_GREET + LINE);","lastModifiedDate":"2022-08-15"},{"lineNumber":101,"author":{"gitId":"gowribhat"},"content":"    }","lastModifiedDate":"2022-08-14"},{"lineNumber":102,"author":{"gitId":"gowribhat"},"content":"    private static void exitGreet() {","lastModifiedDate":"2022-08-15"},{"lineNumber":103,"author":{"gitId":"gowribhat"},"content":"       System.out.println(EXIT_GREET + LINE);","lastModifiedDate":"2022-08-15"},{"lineNumber":104,"author":{"gitId":"gowribhat"},"content":"    }","lastModifiedDate":"2022-08-14"},{"lineNumber":105,"author":{"gitId":"gowribhat"},"content":"    private static void printLine() {","lastModifiedDate":"2022-08-15"},{"lineNumber":106,"author":{"gitId":"gowribhat"},"content":"        System.out.println(LINE);","lastModifiedDate":"2022-08-15"},{"lineNumber":107,"author":{"gitId":"gowribhat"},"content":"    }","lastModifiedDate":"2022-08-15"},{"lineNumber":108,"author":{"gitId":"gowribhat"},"content":"","lastModifiedDate":"2022-08-14"},{"lineNumber":109,"author":{"gitId":"gowribhat"},"content":"    //General Helpers","lastModifiedDate":"2022-08-15"},{"lineNumber":110,"author":{"gitId":"gowribhat"},"content":"    private static boolean isInteger(String str) {","lastModifiedDate":"2022-08-17"},{"lineNumber":111,"author":{"gitId":"gowribhat"},"content":"        return str.chars().allMatch(Character::isDigit);","lastModifiedDate":"2022-08-15"},{"lineNumber":112,"author":{"gitId":"gowribhat"},"content":"    }","lastModifiedDate":"2022-08-15"},{"lineNumber":113,"author":{"gitId":"gowribhat"},"content":"    private static int timeFinder(String[] splitInput) {","lastModifiedDate":"2022-08-15"},{"lineNumber":114,"author":{"gitId":"gowribhat"},"content":"        for (int j \u003d 0; j \u003c splitInput.length; j++) {","lastModifiedDate":"2022-08-15"},{"lineNumber":115,"author":{"gitId":"gowribhat"},"content":"            if (splitInput[j].equals(\"/by\") || splitInput[j].equals(\"/at\")) {","lastModifiedDate":"2022-08-15"},{"lineNumber":116,"author":{"gitId":"gowribhat"},"content":"                return j;","lastModifiedDate":"2022-08-15"},{"lineNumber":117,"author":{"gitId":"gowribhat"},"content":"            }","lastModifiedDate":"2022-08-15"},{"lineNumber":118,"author":{"gitId":"gowribhat"},"content":"        }","lastModifiedDate":"2022-08-15"},{"lineNumber":119,"author":{"gitId":"gowribhat"},"content":"        throw new DukeException(\"Duke: OOPS!!! The task is missing a time/date property.\");","lastModifiedDate":"2022-08-17"},{"lineNumber":120,"author":{"gitId":"gowribhat"},"content":"    }","lastModifiedDate":"2022-08-17"},{"lineNumber":121,"author":{"gitId":"gowribhat"},"content":"    private static String taskDescriptionFinder(String[] splitInput, int end) {","lastModifiedDate":"2022-08-17"},{"lineNumber":122,"author":{"gitId":"gowribhat"},"content":"        String taskDescription \u003d String.join(\" \", Arrays.copyOfRange(splitInput, 1, end));","lastModifiedDate":"2022-08-17"},{"lineNumber":123,"author":{"gitId":"gowribhat"},"content":"        if (taskDescription.equals(\"\")) {","lastModifiedDate":"2022-08-17"},{"lineNumber":124,"author":{"gitId":"gowribhat"},"content":"            throw new DukeException(\"Duke: OOPS!!! The task description cannot be empty.\");","lastModifiedDate":"2022-08-17"},{"lineNumber":125,"author":{"gitId":"gowribhat"},"content":"        }","lastModifiedDate":"2022-08-17"},{"lineNumber":126,"author":{"gitId":"gowribhat"},"content":"        return taskDescription;","lastModifiedDate":"2022-08-17"},{"lineNumber":127,"author":{"gitId":"gowribhat"},"content":"    }","lastModifiedDate":"2022-08-15"},{"lineNumber":128,"author":{"gitId":"gowribhat"},"content":"    //","lastModifiedDate":"2022-08-15"},{"lineNumber":129,"author":{"gitId":"gowribhat"},"content":"","lastModifiedDate":"2022-08-15"},{"lineNumber":130,"author":{"gitId":"gowribhat"},"content":"    // List Helpers","lastModifiedDate":"2022-08-15"},{"lineNumber":131,"author":{"gitId":"gowribhat"},"content":"    private static void printList() {","lastModifiedDate":"2022-08-15"},{"lineNumber":132,"author":{"gitId":"gowribhat"},"content":"        System.out.println(\"My List Of Tasks :D\");","lastModifiedDate":"2022-08-15"},{"lineNumber":133,"author":{"gitId":"gowribhat"},"content":"        for (int i \u003d 0; i \u003c TASK_LIST.size(); i++) {","lastModifiedDate":"2022-08-15"},{"lineNumber":134,"author":{"gitId":"gowribhat"},"content":"            int index \u003d i + 1;","lastModifiedDate":"2022-08-14"},{"lineNumber":135,"author":{"gitId":"gowribhat"},"content":"            System.out.println(index + \". \" + TASK_LIST.get(i).toString());","lastModifiedDate":"2022-08-15"},{"lineNumber":136,"author":{"gitId":"gowribhat"},"content":"        }","lastModifiedDate":"2022-08-14"},{"lineNumber":137,"author":{"gitId":"gowribhat"},"content":"        printLine();","lastModifiedDate":"2022-08-15"},{"lineNumber":138,"author":{"gitId":"gowribhat"},"content":"    }","lastModifiedDate":"2022-08-14"},{"lineNumber":139,"author":{"gitId":"gowribhat"},"content":"    private static void taskTracker(int index, Command cmd) {","lastModifiedDate":"2022-08-15"},{"lineNumber":140,"author":{"gitId":"gowribhat"},"content":"        if (index \u003e\u003d TASK_LIST.size() || index \u003c 0) {","lastModifiedDate":"2022-08-15"},{"lineNumber":141,"author":{"gitId":"gowribhat"},"content":"            throw new DukeException(\"Duke: Looks like your task list currently does not have a task at this index.\");","lastModifiedDate":"2022-08-15"},{"lineNumber":142,"author":{"gitId":"gowribhat"},"content":"        }","lastModifiedDate":"2022-08-15"},{"lineNumber":143,"author":{"gitId":"gowribhat"},"content":"        Task task \u003d TASK_LIST.get(index);","lastModifiedDate":"2022-08-15"},{"lineNumber":144,"author":{"gitId":"gowribhat"},"content":"        switch (cmd) {","lastModifiedDate":"2022-08-15"},{"lineNumber":145,"author":{"gitId":"gowribhat"},"content":"        case MARK:","lastModifiedDate":"2022-08-15"},{"lineNumber":146,"author":{"gitId":"gowribhat"},"content":"            task.markAsDone();","lastModifiedDate":"2022-08-17"},{"lineNumber":147,"author":{"gitId":"gowribhat"},"content":"            break;","lastModifiedDate":"2022-08-15"},{"lineNumber":148,"author":{"gitId":"gowribhat"},"content":"        case UNMARK:","lastModifiedDate":"2022-08-15"},{"lineNumber":149,"author":{"gitId":"gowribhat"},"content":"            task.markAsNotDone();","lastModifiedDate":"2022-08-17"},{"lineNumber":150,"author":{"gitId":"gowribhat"},"content":"            break;","lastModifiedDate":"2022-08-15"},{"lineNumber":151,"author":{"gitId":"gowribhat"},"content":"        case DELETE:","lastModifiedDate":"2022-08-15"},{"lineNumber":152,"author":{"gitId":"gowribhat"},"content":"            TASK_LIST.remove(index);","lastModifiedDate":"2022-08-15"},{"lineNumber":153,"author":{"gitId":"gowribhat"},"content":"            System.out.println(\"Noted. I\u0027ve removed this task:\\n \"+ task.toString()","lastModifiedDate":"2022-08-22"},{"lineNumber":154,"author":{"gitId":"gowribhat"},"content":"                    + \"\\nNow you have \" + TASK_LIST.size() + \" tasks in the list\");","lastModifiedDate":"2022-08-17"},{"lineNumber":155,"author":{"gitId":"gowribhat"},"content":"        }","lastModifiedDate":"2022-08-15"},{"lineNumber":156,"author":{"gitId":"gowribhat"},"content":"        printLine();","lastModifiedDate":"2022-08-15"},{"lineNumber":157,"author":{"gitId":"gowribhat"},"content":"        saveData(printListData());","lastModifiedDate":"2022-08-22"},{"lineNumber":158,"author":{"gitId":"gowribhat"},"content":"    }","lastModifiedDate":"2022-08-15"},{"lineNumber":159,"author":{"gitId":"gowribhat"},"content":"    private static void taskAdder(String[] splitInput, Command taskType) {","lastModifiedDate":"2022-08-17"},{"lineNumber":160,"author":{"gitId":"gowribhat"},"content":"        int len \u003d splitInput.length;","lastModifiedDate":"2022-08-17"},{"lineNumber":161,"author":{"gitId":"gowribhat"},"content":"        Task task \u003d null;","lastModifiedDate":"2022-08-15"},{"lineNumber":162,"author":{"gitId":"gowribhat"},"content":"","lastModifiedDate":"2022-08-15"},{"lineNumber":163,"author":{"gitId":"gowribhat"},"content":"        switch (taskType) {","lastModifiedDate":"2022-08-15"},{"lineNumber":164,"author":{"gitId":"gowribhat"},"content":"        case TODO:","lastModifiedDate":"2022-08-15"},{"lineNumber":165,"author":{"gitId":"gowribhat"},"content":"            task \u003d new Todo(taskDescriptionFinder(splitInput, len));","lastModifiedDate":"2022-08-17"},{"lineNumber":166,"author":{"gitId":"gowribhat"},"content":"            break;","lastModifiedDate":"2022-08-15"},{"lineNumber":167,"author":{"gitId":"gowribhat"},"content":"        case DEADLINE:","lastModifiedDate":"2022-08-15"},{"lineNumber":168,"author":{"gitId":"gowribhat"},"content":"            int byIndex \u003d timeFinder(splitInput);","lastModifiedDate":"2022-08-17"},{"lineNumber":169,"author":{"gitId":"gowribhat"},"content":"            String deadlineName \u003d taskDescriptionFinder(splitInput, byIndex);","lastModifiedDate":"2022-08-17"},{"lineNumber":170,"author":{"gitId":"gowribhat"},"content":"            String by \u003d String.join(\" \", Arrays.copyOfRange(splitInput, byIndex + 1, len));","lastModifiedDate":"2022-08-17"},{"lineNumber":171,"author":{"gitId":"gowribhat"},"content":"            if (by.equals(\"\")) {","lastModifiedDate":"2022-08-15"},{"lineNumber":172,"author":{"gitId":"gowribhat"},"content":"                throw new DukeException(\"Duke: OOPS!!! The date/time of the task cannot be empty.\");","lastModifiedDate":"2022-08-17"},{"lineNumber":173,"author":{"gitId":"gowribhat"},"content":"            }","lastModifiedDate":"2022-08-14"},{"lineNumber":174,"author":{"gitId":"gowribhat"},"content":"            task \u003d new Deadline(deadlineName, by);","lastModifiedDate":"2022-08-15"},{"lineNumber":175,"author":{"gitId":"gowribhat"},"content":"            break;","lastModifiedDate":"2022-08-15"},{"lineNumber":176,"author":{"gitId":"gowribhat"},"content":"        case EVENT:","lastModifiedDate":"2022-08-15"},{"lineNumber":177,"author":{"gitId":"gowribhat"},"content":"            int atIndex \u003d timeFinder(splitInput);","lastModifiedDate":"2022-08-17"},{"lineNumber":178,"author":{"gitId":"gowribhat"},"content":"            String eventName \u003d taskDescriptionFinder(splitInput, atIndex);","lastModifiedDate":"2022-08-17"},{"lineNumber":179,"author":{"gitId":"gowribhat"},"content":"            String at \u003d String.join(\" \", Arrays.copyOfRange(splitInput, atIndex + 1, len));","lastModifiedDate":"2022-08-17"},{"lineNumber":180,"author":{"gitId":"gowribhat"},"content":"            if (at.equals(\"\")) {","lastModifiedDate":"2022-08-15"},{"lineNumber":181,"author":{"gitId":"gowribhat"},"content":"                throw new DukeException(\"Duke: OOPS!!! The date/time of the task cannot be empty.\");","lastModifiedDate":"2022-08-17"},{"lineNumber":182,"author":{"gitId":"gowribhat"},"content":"            }","lastModifiedDate":"2022-08-15"},{"lineNumber":183,"author":{"gitId":"gowribhat"},"content":"            task \u003d new Event(eventName, at);","lastModifiedDate":"2022-08-15"},{"lineNumber":184,"author":{"gitId":"gowribhat"},"content":"            break;","lastModifiedDate":"2022-08-15"},{"lineNumber":185,"author":{"gitId":"gowribhat"},"content":"        }","lastModifiedDate":"2022-08-15"},{"lineNumber":186,"author":{"gitId":"gowribhat"},"content":"        TASK_LIST.add(task);","lastModifiedDate":"2022-08-15"},{"lineNumber":187,"author":{"gitId":"gowribhat"},"content":"        System.out.println(\"Got it. I\u0027ve added this task:\\n \"","lastModifiedDate":"2022-08-15"},{"lineNumber":188,"author":{"gitId":"gowribhat"},"content":"                            + task.toString()","lastModifiedDate":"2022-08-15"},{"lineNumber":189,"author":{"gitId":"gowribhat"},"content":"                            + \"\\nNow you have \" + TASK_LIST.size() + \" tasks in the list.\");","lastModifiedDate":"2022-08-15"},{"lineNumber":190,"author":{"gitId":"gowribhat"},"content":"        printLine();","lastModifiedDate":"2022-08-15"},{"lineNumber":191,"author":{"gitId":"gowribhat"},"content":"        saveData(printListData());","lastModifiedDate":"2022-08-22"},{"lineNumber":192,"author":{"gitId":"gowribhat"},"content":"    }","lastModifiedDate":"2022-08-15"},{"lineNumber":193,"author":{"gitId":"gowribhat"},"content":"    //","lastModifiedDate":"2022-08-15"},{"lineNumber":194,"author":{"gitId":"gowribhat"},"content":"","lastModifiedDate":"2022-08-15"},{"lineNumber":195,"author":{"gitId":"-"},"content":"    public static void main(String[] args) {","lastModifiedDate":"2022-08-14"},{"lineNumber":196,"author":{"gitId":"gowribhat"},"content":"        Scanner scanner \u003d new Scanner(System.in);","lastModifiedDate":"2022-08-15"},{"lineNumber":197,"author":{"gitId":"gowribhat"},"content":"        setSaveLocation();","lastModifiedDate":"2022-08-22"},{"lineNumber":198,"author":{"gitId":"gowribhat"},"content":"        retrieveData();","lastModifiedDate":"2022-08-22"},{"lineNumber":199,"author":{"gitId":"gowribhat"},"content":"        welcomeGreet();","lastModifiedDate":"2022-08-15"},{"lineNumber":200,"author":{"gitId":"gowribhat"},"content":"","lastModifiedDate":"2022-08-15"},{"lineNumber":201,"author":{"gitId":"gowribhat"},"content":"        while (scanner.hasNext()) {","lastModifiedDate":"2022-08-15"},{"lineNumber":202,"author":{"gitId":"gowribhat"},"content":"            String userInput \u003d scanner.nextLine();","lastModifiedDate":"2022-08-15"},{"lineNumber":203,"author":{"gitId":"gowribhat"},"content":"            String[] splitInput \u003d userInput.split(\" \");","lastModifiedDate":"2022-08-15"},{"lineNumber":204,"author":{"gitId":"gowribhat"},"content":"            int len \u003d splitInput.length;","lastModifiedDate":"2022-08-15"},{"lineNumber":205,"author":{"gitId":"gowribhat"},"content":"","lastModifiedDate":"2022-08-15"},{"lineNumber":206,"author":{"gitId":"gowribhat"},"content":"            try {","lastModifiedDate":"2022-08-15"},{"lineNumber":207,"author":{"gitId":"gowribhat"},"content":"                if (userInput.equals(\"bye\")) {","lastModifiedDate":"2022-08-15"},{"lineNumber":208,"author":{"gitId":"gowribhat"},"content":"                    exitGreet();","lastModifiedDate":"2022-08-15"},{"lineNumber":209,"author":{"gitId":"gowribhat"},"content":"                    scanner.close();","lastModifiedDate":"2022-08-15"},{"lineNumber":210,"author":{"gitId":"gowribhat"},"content":"                    break;","lastModifiedDate":"2022-08-15"},{"lineNumber":211,"author":{"gitId":"gowribhat"},"content":"                } else if (userInput.equals(\"list\")) {","lastModifiedDate":"2022-08-15"},{"lineNumber":212,"author":{"gitId":"gowribhat"},"content":"                    printList();","lastModifiedDate":"2022-08-15"},{"lineNumber":213,"author":{"gitId":"gowribhat"},"content":"                } else if (len \u003d\u003d 2 \u0026\u0026 splitInput[0].equals(\"mark\") \u0026\u0026 isInteger(splitInput[1])) {","lastModifiedDate":"2022-08-17"},{"lineNumber":214,"author":{"gitId":"gowribhat"},"content":"                    taskTracker(parseInt(splitInput[1]) - 1, Command.MARK);","lastModifiedDate":"2022-08-15"},{"lineNumber":215,"author":{"gitId":"gowribhat"},"content":"                } else if (len \u003d\u003d 2 \u0026\u0026 splitInput[0].equals(\"unmark\") \u0026\u0026 isInteger(splitInput[1])) {","lastModifiedDate":"2022-08-17"},{"lineNumber":216,"author":{"gitId":"gowribhat"},"content":"                    taskTracker(parseInt(splitInput[1]) - 1, Command.UNMARK);","lastModifiedDate":"2022-08-15"},{"lineNumber":217,"author":{"gitId":"gowribhat"},"content":"                } else if (splitInput[0].equals(\"mark\") || splitInput[0].equals(\"unmark\")) {","lastModifiedDate":"2022-08-17"},{"lineNumber":218,"author":{"gitId":"gowribhat"},"content":"                    throw new DukeException(\"Duke: To check off tasks, indicate the index of the \" +","lastModifiedDate":"2022-08-22"},{"lineNumber":219,"author":{"gitId":"gowribhat"},"content":"                            \"task correctly using an integer!\");","lastModifiedDate":"2022-08-22"},{"lineNumber":220,"author":{"gitId":"gowribhat"},"content":"                } else if (len \u003d\u003d 2 \u0026\u0026 splitInput[0].equals(\"delete\") \u0026\u0026 isInteger(splitInput[1])) {","lastModifiedDate":"2022-08-17"},{"lineNumber":221,"author":{"gitId":"gowribhat"},"content":"                    taskTracker(parseInt(splitInput[1]) - 1, Command.DELETE);","lastModifiedDate":"2022-08-15"},{"lineNumber":222,"author":{"gitId":"gowribhat"},"content":"                } else if (splitInput[0].equals(\"delete\")) {","lastModifiedDate":"2022-08-17"},{"lineNumber":223,"author":{"gitId":"gowribhat"},"content":"                    throw new DukeException(\"Duke: To delete tasks, indicate the index of the task \" +","lastModifiedDate":"2022-08-22"},{"lineNumber":224,"author":{"gitId":"gowribhat"},"content":"                            \"correctly using an integer!\");","lastModifiedDate":"2022-08-22"},{"lineNumber":225,"author":{"gitId":"gowribhat"},"content":"                } else if (splitInput[0].equals(\"todo\")) {","lastModifiedDate":"2022-08-15"},{"lineNumber":226,"author":{"gitId":"gowribhat"},"content":"                    taskAdder(splitInput, Command.TODO);","lastModifiedDate":"2022-08-15"},{"lineNumber":227,"author":{"gitId":"gowribhat"},"content":"                } else if (splitInput[0].equals(\"deadline\")) {","lastModifiedDate":"2022-08-15"},{"lineNumber":228,"author":{"gitId":"gowribhat"},"content":"                    taskAdder(splitInput, Command.DEADLINE);","lastModifiedDate":"2022-08-15"},{"lineNumber":229,"author":{"gitId":"gowribhat"},"content":"                } else if (splitInput[0].equals(\"event\")) {","lastModifiedDate":"2022-08-15"},{"lineNumber":230,"author":{"gitId":"gowribhat"},"content":"                    taskAdder(splitInput, Command.EVENT);","lastModifiedDate":"2022-08-15"},{"lineNumber":231,"author":{"gitId":"gowribhat"},"content":"                } else {","lastModifiedDate":"2022-08-15"},{"lineNumber":232,"author":{"gitId":"gowribhat"},"content":"                    throw new DukeException(\"Duke: OH NO!!! I\u0027m sorry, but I don\u0027t know what that means :-(\");","lastModifiedDate":"2022-08-15"},{"lineNumber":233,"author":{"gitId":"gowribhat"},"content":"                }","lastModifiedDate":"2022-08-15"},{"lineNumber":234,"author":{"gitId":"gowribhat"},"content":"            } catch (DukeException error) {","lastModifiedDate":"2022-08-15"},{"lineNumber":235,"author":{"gitId":"gowribhat"},"content":"                System.out.println(error.getMessage());","lastModifiedDate":"2022-08-15"},{"lineNumber":236,"author":{"gitId":"gowribhat"},"content":"                printLine();","lastModifiedDate":"2022-08-15"},{"lineNumber":237,"author":{"gitId":"gowribhat"},"content":"            }","lastModifiedDate":"2022-08-15"},{"lineNumber":238,"author":{"gitId":"gowribhat"},"content":"        }","lastModifiedDate":"2022-08-15"},{"lineNumber":239,"author":{"gitId":"-"},"content":"    }","lastModifiedDate":"2019-07-29"},{"lineNumber":240,"author":{"gitId":"-"},"content":"}","lastModifiedDate":"2019-07-29"}],"authorContributionMap":{"gowribhat":232,"-":8}},{"path":"src/main/java/DukeException.java","fileType":"java","lines":[{"lineNumber":1,"author":{"gitId":"gowribhat"},"content":"public class DukeException extends IllegalArgumentException {","lastModifiedDate":"2022-08-15"},{"lineNumber":2,"author":{"gitId":"gowribhat"},"content":"    DukeException(String message) {","lastModifiedDate":"2022-08-15"},{"lineNumber":3,"author":{"gitId":"gowribhat"},"content":"        super(message);","lastModifiedDate":"2022-08-15"},{"lineNumber":4,"author":{"gitId":"gowribhat"},"content":"    }","lastModifiedDate":"2022-08-15"},{"lineNumber":5,"author":{"gitId":"gowribhat"},"content":"","lastModifiedDate":"2022-08-15"},{"lineNumber":6,"author":{"gitId":"gowribhat"},"content":"    @Override","lastModifiedDate":"2022-08-15"},{"lineNumber":7,"author":{"gitId":"gowribhat"},"content":"    public String toString() {","lastModifiedDate":"2022-08-15"},{"lineNumber":8,"author":{"gitId":"gowribhat"},"content":"        return \"Sorry I don\u0027t know what you mean. Please follow the format!\";","lastModifiedDate":"2022-08-15"},{"lineNumber":9,"author":{"gitId":"gowribhat"},"content":"    }","lastModifiedDate":"2022-08-15"},{"lineNumber":10,"author":{"gitId":"gowribhat"},"content":"}","lastModifiedDate":"2022-08-15"}],"authorContributionMap":{"gowribhat":10}},{"path":"src/main/java/Event.java","fileType":"java","lines":[{"lineNumber":1,"author":{"gitId":"gowribhat"},"content":"public class Event extends Task{","lastModifiedDate":"2022-08-14"},{"lineNumber":2,"author":{"gitId":"gowribhat"},"content":"    private String at;","lastModifiedDate":"2022-08-15"},{"lineNumber":3,"author":{"gitId":"gowribhat"},"content":"","lastModifiedDate":"2022-08-14"},{"lineNumber":4,"author":{"gitId":"gowribhat"},"content":"    public Event(String description, String at) {","lastModifiedDate":"2022-08-14"},{"lineNumber":5,"author":{"gitId":"gowribhat"},"content":"        super(description);","lastModifiedDate":"2022-08-14"},{"lineNumber":6,"author":{"gitId":"gowribhat"},"content":"        this.at \u003d at;","lastModifiedDate":"2022-08-14"},{"lineNumber":7,"author":{"gitId":"gowribhat"},"content":"    }","lastModifiedDate":"2022-08-14"},{"lineNumber":8,"author":{"gitId":"gowribhat"},"content":"","lastModifiedDate":"2022-08-14"},{"lineNumber":9,"author":{"gitId":"gowribhat"},"content":"    @Override","lastModifiedDate":"2022-08-22"},{"lineNumber":10,"author":{"gitId":"gowribhat"},"content":"    public String toSave() {","lastModifiedDate":"2022-08-22"},{"lineNumber":11,"author":{"gitId":"gowribhat"},"content":"        return \"E,\" + super.toSave() + \",\" + this.at + \"\\n\";","lastModifiedDate":"2022-08-22"},{"lineNumber":12,"author":{"gitId":"gowribhat"},"content":"    }","lastModifiedDate":"2022-08-22"},{"lineNumber":13,"author":{"gitId":"gowribhat"},"content":"","lastModifiedDate":"2022-08-22"},{"lineNumber":14,"author":{"gitId":"gowribhat"},"content":"    @Override","lastModifiedDate":"2022-08-14"},{"lineNumber":15,"author":{"gitId":"gowribhat"},"content":"    public String toString() {","lastModifiedDate":"2022-08-14"},{"lineNumber":16,"author":{"gitId":"gowribhat"},"content":"        return \"[E]\" + super.toString() + \" (at: \" + this.at + \")\";","lastModifiedDate":"2022-08-14"},{"lineNumber":17,"author":{"gitId":"gowribhat"},"content":"    }","lastModifiedDate":"2022-08-14"},{"lineNumber":18,"author":{"gitId":"gowribhat"},"content":"}","lastModifiedDate":"2022-08-14"}],"authorContributionMap":{"gowribhat":18}},{"path":"src/main/java/Task.java","fileType":"java","lines":[{"lineNumber":1,"author":{"gitId":"gowribhat"},"content":"abstract class Task {","lastModifiedDate":"2022-08-15"},{"lineNumber":2,"author":{"gitId":"gowribhat"},"content":"    private String taskDescription;","lastModifiedDate":"2022-08-15"},{"lineNumber":3,"author":{"gitId":"gowribhat"},"content":"    private boolean isDone;","lastModifiedDate":"2022-08-15"},{"lineNumber":4,"author":{"gitId":"gowribhat"},"content":"","lastModifiedDate":"2022-08-14"},{"lineNumber":5,"author":{"gitId":"gowribhat"},"content":"    public Task(String description) {","lastModifiedDate":"2022-08-17"},{"lineNumber":6,"author":{"gitId":"gowribhat"},"content":"        this.taskDescription \u003d description;","lastModifiedDate":"2022-08-17"},{"lineNumber":7,"author":{"gitId":"gowribhat"},"content":"        this.isDone \u003d false;","lastModifiedDate":"2022-08-14"},{"lineNumber":8,"author":{"gitId":"gowribhat"},"content":"    }","lastModifiedDate":"2022-08-14"},{"lineNumber":9,"author":{"gitId":"gowribhat"},"content":"","lastModifiedDate":"2022-08-14"},{"lineNumber":10,"author":{"gitId":"gowribhat"},"content":"    public void markAsDone() {","lastModifiedDate":"2022-08-15"},{"lineNumber":11,"author":{"gitId":"gowribhat"},"content":"        this.isDone \u003d true;","lastModifiedDate":"2022-08-14"},{"lineNumber":12,"author":{"gitId":"gowribhat"},"content":"        System.out.println(\"Nice! I\u0027ve marked this task as done:\\n \" + this.toString());","lastModifiedDate":"2022-08-17"},{"lineNumber":13,"author":{"gitId":"gowribhat"},"content":"    }","lastModifiedDate":"2022-08-14"},{"lineNumber":14,"author":{"gitId":"gowribhat"},"content":"","lastModifiedDate":"2022-08-14"},{"lineNumber":15,"author":{"gitId":"gowribhat"},"content":"    public void markAsNotDone() {","lastModifiedDate":"2022-08-15"},{"lineNumber":16,"author":{"gitId":"gowribhat"},"content":"        this.isDone \u003d false;","lastModifiedDate":"2022-08-14"},{"lineNumber":17,"author":{"gitId":"gowribhat"},"content":"        System.out.println(\"OK, I\u0027ve marked this task as not done yet:\\n \" + this.toString());","lastModifiedDate":"2022-08-17"},{"lineNumber":18,"author":{"gitId":"gowribhat"},"content":"    }","lastModifiedDate":"2022-08-14"},{"lineNumber":19,"author":{"gitId":"gowribhat"},"content":"","lastModifiedDate":"2022-08-14"},{"lineNumber":20,"author":{"gitId":"gowribhat"},"content":"    public void setStatus(boolean status) {","lastModifiedDate":"2022-08-22"},{"lineNumber":21,"author":{"gitId":"gowribhat"},"content":"        this.isDone \u003d status;","lastModifiedDate":"2022-08-22"},{"lineNumber":22,"author":{"gitId":"gowribhat"},"content":"    }","lastModifiedDate":"2022-08-22"},{"lineNumber":23,"author":{"gitId":"gowribhat"},"content":"","lastModifiedDate":"2022-08-22"},{"lineNumber":24,"author":{"gitId":"gowribhat"},"content":"    public String getStatusIcon() {","lastModifiedDate":"2022-08-14"},{"lineNumber":25,"author":{"gitId":"gowribhat"},"content":"        return (isDone ? \"X\" : \" \");","lastModifiedDate":"2022-08-14"},{"lineNumber":26,"author":{"gitId":"gowribhat"},"content":"    }","lastModifiedDate":"2022-08-14"},{"lineNumber":27,"author":{"gitId":"gowribhat"},"content":"","lastModifiedDate":"2022-08-14"},{"lineNumber":28,"author":{"gitId":"gowribhat"},"content":"    public String toSave() {","lastModifiedDate":"2022-08-22"},{"lineNumber":29,"author":{"gitId":"gowribhat"},"content":"        int status \u003d this.isDone ? 1 : 0;","lastModifiedDate":"2022-08-22"},{"lineNumber":30,"author":{"gitId":"gowribhat"},"content":"        return status + \",\" + this.taskDescription;","lastModifiedDate":"2022-08-22"},{"lineNumber":31,"author":{"gitId":"gowribhat"},"content":"    }","lastModifiedDate":"2022-08-22"},{"lineNumber":32,"author":{"gitId":"gowribhat"},"content":"","lastModifiedDate":"2022-08-22"},{"lineNumber":33,"author":{"gitId":"gowribhat"},"content":"    @Override","lastModifiedDate":"2022-08-14"},{"lineNumber":34,"author":{"gitId":"gowribhat"},"content":"    public String toString() {","lastModifiedDate":"2022-08-14"},{"lineNumber":35,"author":{"gitId":"gowribhat"},"content":"        return \"[\" + getStatusIcon() + \"] \" + this.taskDescription;","lastModifiedDate":"2022-08-14"},{"lineNumber":36,"author":{"gitId":"gowribhat"},"content":"    }","lastModifiedDate":"2022-08-14"},{"lineNumber":37,"author":{"gitId":"gowribhat"},"content":"}","lastModifiedDate":"2022-08-14"}],"authorContributionMap":{"gowribhat":37}},{"path":"src/main/java/Todo.java","fileType":"java","lines":[{"lineNumber":1,"author":{"gitId":"gowribhat"},"content":"public class Todo extends Task {","lastModifiedDate":"2022-08-14"},{"lineNumber":2,"author":{"gitId":"gowribhat"},"content":"    public Todo(String description) {","lastModifiedDate":"2022-08-14"},{"lineNumber":3,"author":{"gitId":"gowribhat"},"content":"        super(description);","lastModifiedDate":"2022-08-14"},{"lineNumber":4,"author":{"gitId":"gowribhat"},"content":"    }","lastModifiedDate":"2022-08-14"},{"lineNumber":5,"author":{"gitId":"gowribhat"},"content":"","lastModifiedDate":"2022-08-14"},{"lineNumber":6,"author":{"gitId":"gowribhat"},"content":"    @Override","lastModifiedDate":"2022-08-22"},{"lineNumber":7,"author":{"gitId":"gowribhat"},"content":"    public String toSave() {","lastModifiedDate":"2022-08-22"},{"lineNumber":8,"author":{"gitId":"gowribhat"},"content":"        return \"T,\" + super.toSave() + \"\\n\";","lastModifiedDate":"2022-08-22"},{"lineNumber":9,"author":{"gitId":"gowribhat"},"content":"    }","lastModifiedDate":"2022-08-22"},{"lineNumber":10,"author":{"gitId":"gowribhat"},"content":"","lastModifiedDate":"2022-08-22"},{"lineNumber":11,"author":{"gitId":"gowribhat"},"content":"    @Override","lastModifiedDate":"2022-08-14"},{"lineNumber":12,"author":{"gitId":"gowribhat"},"content":"    public String toString() {","lastModifiedDate":"2022-08-14"},{"lineNumber":13,"author":{"gitId":"gowribhat"},"content":"        return \"[T]\" + super.toString();","lastModifiedDate":"2022-08-14"},{"lineNumber":14,"author":{"gitId":"gowribhat"},"content":"    }","lastModifiedDate":"2022-08-14"},{"lineNumber":15,"author":{"gitId":"gowribhat"},"content":"}","lastModifiedDate":"2022-08-14"}],"authorContributionMap":{"gowribhat":15}},{"path":"text-ui-test/input.txt","fileType":"txt","lines":[{"lineNumber":1,"author":{"gitId":"gowribhat"},"content":"event project meeting /at Aug 15th 3-4pm","lastModifiedDate":"2022-08-15"},{"lineNumber":2,"author":{"gitId":"gowribhat"},"content":"deadline coding project homework /by 16 Aug","lastModifiedDate":"2022-08-15"},{"lineNumber":3,"author":{"gitId":"gowribhat"},"content":"todo plan for next semester","lastModifiedDate":"2022-08-15"},{"lineNumber":4,"author":{"gitId":"gowribhat"},"content":"blah","lastModifiedDate":"2022-08-15"},{"lineNumber":5,"author":{"gitId":"gowribhat"},"content":"todo","lastModifiedDate":"2022-08-15"},{"lineNumber":6,"author":{"gitId":"gowribhat"},"content":"event party","lastModifiedDate":"2022-08-15"},{"lineNumber":7,"author":{"gitId":"gowribhat"},"content":"deadline /by 3pm","lastModifiedDate":"2022-08-15"},{"lineNumber":8,"author":{"gitId":"gowribhat"},"content":"mark 3","lastModifiedDate":"2022-08-15"},{"lineNumber":9,"author":{"gitId":"gowribhat"},"content":"mark 6","lastModifiedDate":"2022-08-15"},{"lineNumber":10,"author":{"gitId":"gowribhat"},"content":"list","lastModifiedDate":"2022-08-15"},{"lineNumber":11,"author":{"gitId":"gowribhat"},"content":"unmark 3","lastModifiedDate":"2022-08-15"},{"lineNumber":12,"author":{"gitId":"gowribhat"},"content":"mark","lastModifiedDate":"2022-08-17"},{"lineNumber":13,"author":{"gitId":"gowribhat"},"content":"delete 2","lastModifiedDate":"2022-08-17"},{"lineNumber":14,"author":{"gitId":"gowribhat"},"content":"delete","lastModifiedDate":"2022-08-15"},{"lineNumber":15,"author":{"gitId":"gowribhat"},"content":"list","lastModifiedDate":"2022-08-17"},{"lineNumber":16,"author":{"gitId":"gowribhat"},"content":"bye","lastModifiedDate":"2022-08-15"}],"authorContributionMap":{"gowribhat":16}}]
