{"authorDailyContributionsMap":{"gowribhat":[{"date":"2022-08-14","commitResults":[{"hash":"186fcb463d450e1183f6f65df5d895f39a5de1cc","messageTitle":"Level-1","messageBody":"","tags":["Level-1"],"fileTypesAndContributionMap":{"java":{"insertions":27,"deletions":1}}},{"hash":"70531ca6ce86ecda263310da67004895118f294d","messageTitle":"contains list elements","messageBody":"","tags":["Level-2","A-Collections"],"fileTypesAndContributionMap":{"java":{"insertions":14,"deletions":3}}},{"hash":"3cab5631341f48e20d86fed4cf945118b090129a","messageTitle":"task class added with marking feature","messageBody":"","tags":["Level-3","A-Classes"],"fileTypesAndContributionMap":{"java":{"insertions":46,"deletions":4}}},{"hash":"924359e3dcb59f2d846b142f00f28b5df697ec0d","messageTitle":"subclasses for Task added","messageBody":"","tags":["Level-4","A-Inheritance"],"fileTypesAndContributionMap":{"java":{"insertions":88,"deletions":9}}}]},{"date":"2022-08-15","commitResults":[{"hash":"391034b43ec58216cfe485e58498b8c8eaadf1c2","messageTitle":"changed format of files and impleted exceptions","messageBody":"","tags":["Level-5","A-Exceptions"],"fileTypesAndContributionMap":{"java":{"insertions":147,"deletions":49}}},{"hash":"c401a2f9064059e71c884fd1ae2c1a64b0fc6501","messageTitle":"Tests added and more errors handled","messageBody":"","tags":["A-TextUiTesting"],"fileTypesAndContributionMap":{"txt":{"insertions":20,"deletions":0},"java":{"insertions":16,"deletions":7}}},{"hash":"056464e22f6a607aa91d3b00ea5020d663693afc","messageTitle":"delete feature added","messageBody":"","tags":["Level-6"],"fileTypesAndContributionMap":{"txt":{"insertions":3,"deletions":0},"java":{"insertions":16,"deletions":55}}},{"hash":"5a2b81e9d440bfe82a86c0c3a22b40294908a15f","messageTitle":"enums added","messageBody":"","tags":["A-Enums"],"fileTypesAndContributionMap":{"java":{"insertions":126,"deletions":90}}},{"hash":"5d87fe16d3bdec84c8c397deb89e0c77f9ff4603","messageTitle":"changes to duke formatting","messageBody":"","fileTypesAndContributionMap":{"java":{"insertions":29,"deletions":21}}},{"hash":"b22d7d13b8030ac2561915b261a9e6668e0c5b25","messageTitle":"private helpers","messageBody":"","fileTypesAndContributionMap":{"java":{"insertions":7,"deletions":7}}},{"hash":"e87c5bbbed4579fb47f789def6f413998771ac99","messageTitle":"minor formatting","messageBody":"","fileTypesAndContributionMap":{"java":{"insertions":2,"deletions":2}}}]},{"date":"2022-08-17","commitResults":[{"hash":"a3f2bd0e9e7c4b6d848bf14a65b9470bf240b2d7","messageTitle":"code clean up - error handling and helpers","messageBody":"","fileTypesAndContributionMap":{"java":{"insertions":34,"deletions":81}}},{"hash":"b5e8bd46f2f57cd04a2a3e8404d12e1c0177e4e1","messageTitle":"updated test","messageBody":"","fileTypesAndContributionMap":{"txt":{"insertions":3,"deletions":10}}}]},{"date":"2022-08-22","commitResults":[{"hash":"93a6588e9afb04a2036ff2f071ddc7e67a953efa","messageTitle":"Store deadline and event dates as LocalDate in Task objects","messageBody":"","tags":["Level-8"],"fileTypesAndContributionMap":{"java":{"insertions":26,"deletions":6}}},{"hash":"ef673111098f3fdae2453e864b6a3144c8a6409f","messageTitle":"Update Duke.java","messageBody":"","fileTypesAndContributionMap":{"java":{"insertions":0,"deletions":2}}},{"hash":"04ebf2f36fc8cd981a528f5e8ea19b027a1ff7d2","messageTitle":"Add save and retrieve data feature","messageBody":"","tags":["Level-7"],"fileTypesAndContributionMap":{"java":{"insertions":140,"deletions":35}}}]},{"date":"2022-08-23","commitResults":[{"hash":"cb5ba4b53537fbb03fa72683500f7d5bbce0a74f","messageTitle":"Add more classes and organize into packages","messageBody":"","tags":["A-Packages","A-MoreOOP"],"fileTypesAndContributionMap":{"java":{"insertions":335,"deletions":249}}}]}]},"authorFileTypeContributionMap":{"gowribhat":{"java":442,"md":0,"fxml":0,"sh":0,"bat":0,"gradle":0,"txt":16}},"authorContributionVariance":{"gowribhat":45893.25},"authorDisplayNameMap":{"gowribhat":"CS2103T-W12-4 GOWR..BHAT"}}
