[{"path":"src/main/java/CannotUnderstandException.java","fileType":"java","lines":[{"lineNumber":1,"author":{"gitId":"Lan-Jingbo"},"content":"public class CannotUnderstandException extends Exception{","lastModifiedDate":"2022-08-17"},{"lineNumber":2,"author":{"gitId":"Lan-Jingbo"},"content":"    public CannotUnderstandException() {","lastModifiedDate":"2022-08-17"},{"lineNumber":3,"author":{"gitId":"Lan-Jingbo"},"content":"        super(\"☹ OOPS!!! I\u0027m sorry, but I don\u0027t know what that means :-(\");","lastModifiedDate":"2022-08-17"},{"lineNumber":4,"author":{"gitId":"Lan-Jingbo"},"content":"    }","lastModifiedDate":"2022-08-17"},{"lineNumber":5,"author":{"gitId":"Lan-Jingbo"},"content":"}","lastModifiedDate":"2022-08-17"}],"authorContributionMap":{"Lan-Jingbo":5}},{"path":"src/main/java/Deadline.java","fileType":"java","lines":[{"lineNumber":1,"author":{"gitId":"Lan-Jingbo"},"content":"class Deadline extends Task {","lastModifiedDate":"2022-08-17"},{"lineNumber":2,"author":{"gitId":"Lan-Jingbo"},"content":"    protected String by;","lastModifiedDate":"2022-08-17"},{"lineNumber":3,"author":{"gitId":"Lan-Jingbo"},"content":"","lastModifiedDate":"2022-08-17"},{"lineNumber":4,"author":{"gitId":"Lan-Jingbo"},"content":"    public Deadline(String itself, String by) {","lastModifiedDate":"2022-08-17"},{"lineNumber":5,"author":{"gitId":"Lan-Jingbo"},"content":"        super(itself);","lastModifiedDate":"2022-08-17"},{"lineNumber":6,"author":{"gitId":"Lan-Jingbo"},"content":"        this.by \u003d by;","lastModifiedDate":"2022-08-17"},{"lineNumber":7,"author":{"gitId":"Lan-Jingbo"},"content":"    }","lastModifiedDate":"2022-08-17"},{"lineNumber":8,"author":{"gitId":"Lan-Jingbo"},"content":"","lastModifiedDate":"2022-08-17"},{"lineNumber":9,"author":{"gitId":"Lan-Jingbo"},"content":"    @Override","lastModifiedDate":"2022-08-17"},{"lineNumber":10,"author":{"gitId":"Lan-Jingbo"},"content":"    public String toString() {","lastModifiedDate":"2022-08-17"},{"lineNumber":11,"author":{"gitId":"Lan-Jingbo"},"content":"        return \"[D]\" + super.toString() + \" (by: \" + by + \")\";","lastModifiedDate":"2022-08-17"},{"lineNumber":12,"author":{"gitId":"Lan-Jingbo"},"content":"    }","lastModifiedDate":"2022-08-17"},{"lineNumber":13,"author":{"gitId":"Lan-Jingbo"},"content":"}","lastModifiedDate":"2022-08-17"}],"authorContributionMap":{"Lan-Jingbo":13}},{"path":"src/main/java/Duke.java","fileType":"java","lines":[{"lineNumber":1,"author":{"gitId":"Lan-Jingbo"},"content":"import java.util.Scanner;","lastModifiedDate":"2022-08-16"},{"lineNumber":2,"author":{"gitId":"Lan-Jingbo"},"content":"import java.util.List;","lastModifiedDate":"2022-08-16"},{"lineNumber":3,"author":{"gitId":"Lan-Jingbo"},"content":"import java.util.ArrayList;","lastModifiedDate":"2022-08-16"},{"lineNumber":4,"author":{"gitId":"Lan-Jingbo"},"content":"","lastModifiedDate":"2022-08-16"},{"lineNumber":5,"author":{"gitId":"-"},"content":"public class Duke {","lastModifiedDate":"2019-07-29"},{"lineNumber":6,"author":{"gitId":"-"},"content":"    public static void main(String[] args) {","lastModifiedDate":"2019-07-29"},{"lineNumber":7,"author":{"gitId":"Lan-Jingbo"},"content":"","lastModifiedDate":"2022-08-16"},{"lineNumber":8,"author":{"gitId":"Lan-Jingbo"},"content":"        List\u003cTask\u003e willDo \u003d new ArrayList\u003c\u003e();","lastModifiedDate":"2022-08-16"},{"lineNumber":9,"author":{"gitId":"Lan-Jingbo"},"content":"","lastModifiedDate":"2022-08-16"},{"lineNumber":10,"author":{"gitId":"Lan-Jingbo"},"content":"        // To get user\u0027s requirements","lastModifiedDate":"2022-08-16"},{"lineNumber":11,"author":{"gitId":"Lan-Jingbo"},"content":"        Scanner sc \u003d new Scanner(System.in);","lastModifiedDate":"2022-08-16"},{"lineNumber":12,"author":{"gitId":"Lan-Jingbo"},"content":"        String greet \u003d \"Hello! I\u0027m Lan\\n\"","lastModifiedDate":"2022-08-16"},{"lineNumber":13,"author":{"gitId":"Lan-Jingbo"},"content":"                + \"What can I do for you?\";","lastModifiedDate":"2022-08-16"},{"lineNumber":14,"author":{"gitId":"Lan-Jingbo"},"content":"","lastModifiedDate":"2022-08-16"},{"lineNumber":15,"author":{"gitId":"-"},"content":"        String logo \u003d \" ____        _        \\n\"","lastModifiedDate":"2022-08-17"},{"lineNumber":16,"author":{"gitId":"-"},"content":"                + \"|  _ \\\\ _   _| | _____ \\n\"","lastModifiedDate":"2019-07-29"},{"lineNumber":17,"author":{"gitId":"-"},"content":"                + \"| | | | | | | |/ / _ \\\\\\n\"","lastModifiedDate":"2019-07-29"},{"lineNumber":18,"author":{"gitId":"-"},"content":"                + \"| |_| | |_| |   \u003c  __/\\n\"","lastModifiedDate":"2019-07-29"},{"lineNumber":19,"author":{"gitId":"-"},"content":"                + \"|____/ \\\\__,_|_|\\\\_\\\\___|\\n\";","lastModifiedDate":"2019-07-29"},{"lineNumber":20,"author":{"gitId":"Lan-Jingbo"},"content":"        //System.out.println(\"Hello from\\n\" + logo);","lastModifiedDate":"2022-08-17"},{"lineNumber":21,"author":{"gitId":"Lan-Jingbo"},"content":"","lastModifiedDate":"2022-08-16"},{"lineNumber":22,"author":{"gitId":"Lan-Jingbo"},"content":"        System.out.println(greet + \"\\n\" + logo);","lastModifiedDate":"2022-08-17"},{"lineNumber":23,"author":{"gitId":"Lan-Jingbo"},"content":"        String str \u003d sc.nextLine();","lastModifiedDate":"2022-08-17"},{"lineNumber":24,"author":{"gitId":"Lan-Jingbo"},"content":"","lastModifiedDate":"2022-08-17"},{"lineNumber":25,"author":{"gitId":"Lan-Jingbo"},"content":"        // to do the string catch","lastModifiedDate":"2022-08-24"},{"lineNumber":26,"author":{"gitId":"Lan-Jingbo"},"content":"        while (true) {","lastModifiedDate":"2022-08-17"},{"lineNumber":27,"author":{"gitId":"Lan-Jingbo"},"content":"            if (str.startsWith(\"todo\")) {","lastModifiedDate":"2022-08-17"},{"lineNumber":28,"author":{"gitId":"Lan-Jingbo"},"content":"                try {","lastModifiedDate":"2022-08-17"},{"lineNumber":29,"author":{"gitId":"Lan-Jingbo"},"content":"                    String content \u003d str.substring(4).trim();","lastModifiedDate":"2022-08-17"},{"lineNumber":30,"author":{"gitId":"Lan-Jingbo"},"content":"                    if (content.equals(\"\")) {","lastModifiedDate":"2022-08-17"},{"lineNumber":31,"author":{"gitId":"Lan-Jingbo"},"content":"                        throw new WrongMessageException();","lastModifiedDate":"2022-08-17"},{"lineNumber":32,"author":{"gitId":"Lan-Jingbo"},"content":"                    }","lastModifiedDate":"2022-08-17"},{"lineNumber":33,"author":{"gitId":"Lan-Jingbo"},"content":"                    Task todo \u003d new Todo(content);","lastModifiedDate":"2022-08-17"},{"lineNumber":34,"author":{"gitId":"Lan-Jingbo"},"content":"                    willDo.add(todo);","lastModifiedDate":"2022-08-17"},{"lineNumber":35,"author":{"gitId":"Lan-Jingbo"},"content":"                    int size \u003d willDo.size();","lastModifiedDate":"2022-08-17"},{"lineNumber":36,"author":{"gitId":"Lan-Jingbo"},"content":"                    System.out.println(\"Got it, I\u0027ve added it to the task list:\\n\"","lastModifiedDate":"2022-08-17"},{"lineNumber":37,"author":{"gitId":"Lan-Jingbo"},"content":"                            + todo.toString() + \"\\n\"","lastModifiedDate":"2022-08-17"},{"lineNumber":38,"author":{"gitId":"Lan-Jingbo"},"content":"                            + \"Now you have \" + (size) + \" tasks\");","lastModifiedDate":"2022-08-17"},{"lineNumber":39,"author":{"gitId":"Lan-Jingbo"},"content":"                } catch (WrongMessageException e) {","lastModifiedDate":"2022-08-17"},{"lineNumber":40,"author":{"gitId":"Lan-Jingbo"},"content":"                    System.out.println(e.getMessage());","lastModifiedDate":"2022-08-17"},{"lineNumber":41,"author":{"gitId":"Lan-Jingbo"},"content":"                }","lastModifiedDate":"2022-08-17"},{"lineNumber":42,"author":{"gitId":"Lan-Jingbo"},"content":"","lastModifiedDate":"2022-08-17"},{"lineNumber":43,"author":{"gitId":"Lan-Jingbo"},"content":"            } else if (str.startsWith(\"deadline\")) {","lastModifiedDate":"2022-08-17"},{"lineNumber":44,"author":{"gitId":"Lan-Jingbo"},"content":"                try {","lastModifiedDate":"2022-08-17"},{"lineNumber":45,"author":{"gitId":"Lan-Jingbo"},"content":"                    String ddlstr \u003d str.substring(8).trim();","lastModifiedDate":"2022-08-17"},{"lineNumber":46,"author":{"gitId":"Lan-Jingbo"},"content":"                    if (ddlstr.equals(\"\")) {","lastModifiedDate":"2022-08-17"},{"lineNumber":47,"author":{"gitId":"Lan-Jingbo"},"content":"                        throw new WrongMessageException();","lastModifiedDate":"2022-08-17"},{"lineNumber":48,"author":{"gitId":"Lan-Jingbo"},"content":"                    }","lastModifiedDate":"2022-08-17"},{"lineNumber":49,"author":{"gitId":"Lan-Jingbo"},"content":"                    String[] temp \u003d ddlstr.split(\"/by\");","lastModifiedDate":"2022-08-17"},{"lineNumber":50,"author":{"gitId":"Lan-Jingbo"},"content":"                    String ddlinfo \u003d temp[0];","lastModifiedDate":"2022-08-17"},{"lineNumber":51,"author":{"gitId":"Lan-Jingbo"},"content":"                    String date \u003d temp[1];","lastModifiedDate":"2022-08-17"},{"lineNumber":52,"author":{"gitId":"Lan-Jingbo"},"content":"                    Task deadline \u003d new Deadline(ddlinfo, date);","lastModifiedDate":"2022-08-17"},{"lineNumber":53,"author":{"gitId":"Lan-Jingbo"},"content":"                    willDo.add(deadline);","lastModifiedDate":"2022-08-17"},{"lineNumber":54,"author":{"gitId":"Lan-Jingbo"},"content":"                    int nowsize \u003d willDo.size();","lastModifiedDate":"2022-08-17"},{"lineNumber":55,"author":{"gitId":"Lan-Jingbo"},"content":"                    System.out.println(\"Got it, I\u0027ve added it to the task list:\\n\"","lastModifiedDate":"2022-08-17"},{"lineNumber":56,"author":{"gitId":"Lan-Jingbo"},"content":"                            + deadline.toString() + \"\\n\"","lastModifiedDate":"2022-08-17"},{"lineNumber":57,"author":{"gitId":"Lan-Jingbo"},"content":"                            + \"Now you have \" + (nowsize) + \" tasks\");","lastModifiedDate":"2022-08-17"},{"lineNumber":58,"author":{"gitId":"Lan-Jingbo"},"content":"                } catch (WrongMessageException e) {","lastModifiedDate":"2022-08-17"},{"lineNumber":59,"author":{"gitId":"Lan-Jingbo"},"content":"                    System.out.println(e.getMessage());","lastModifiedDate":"2022-08-17"},{"lineNumber":60,"author":{"gitId":"Lan-Jingbo"},"content":"                }","lastModifiedDate":"2022-08-17"},{"lineNumber":61,"author":{"gitId":"Lan-Jingbo"},"content":"","lastModifiedDate":"2022-08-17"},{"lineNumber":62,"author":{"gitId":"Lan-Jingbo"},"content":"            } else if (str.startsWith(\"event\")) {","lastModifiedDate":"2022-08-17"},{"lineNumber":63,"author":{"gitId":"Lan-Jingbo"},"content":"                try {","lastModifiedDate":"2022-08-17"},{"lineNumber":64,"author":{"gitId":"Lan-Jingbo"},"content":"                    String eventstr \u003d str.substring(5).trim();","lastModifiedDate":"2022-08-17"},{"lineNumber":65,"author":{"gitId":"Lan-Jingbo"},"content":"                    if (eventstr.equals(\"\")) {","lastModifiedDate":"2022-08-17"},{"lineNumber":66,"author":{"gitId":"Lan-Jingbo"},"content":"                        throw new WrongMessageException();","lastModifiedDate":"2022-08-17"},{"lineNumber":67,"author":{"gitId":"Lan-Jingbo"},"content":"                    }","lastModifiedDate":"2022-08-17"},{"lineNumber":68,"author":{"gitId":"Lan-Jingbo"},"content":"                    String[] temp \u003d eventstr.split(\"/at\");","lastModifiedDate":"2022-08-17"},{"lineNumber":69,"author":{"gitId":"Lan-Jingbo"},"content":"                    String eventinfo \u003d temp[0];","lastModifiedDate":"2022-08-17"},{"lineNumber":70,"author":{"gitId":"Lan-Jingbo"},"content":"                    String takeplace \u003d temp[1];","lastModifiedDate":"2022-08-17"},{"lineNumber":71,"author":{"gitId":"Lan-Jingbo"},"content":"                    Task event \u003d new Event(eventinfo, takeplace);","lastModifiedDate":"2022-08-17"},{"lineNumber":72,"author":{"gitId":"Lan-Jingbo"},"content":"                    willDo.add(event);","lastModifiedDate":"2022-08-17"},{"lineNumber":73,"author":{"gitId":"Lan-Jingbo"},"content":"                    int finalsize \u003d willDo.size();","lastModifiedDate":"2022-08-17"},{"lineNumber":74,"author":{"gitId":"Lan-Jingbo"},"content":"                    System.out.println(\"Got it, I\u0027ve added it to the task list:\\n\"","lastModifiedDate":"2022-08-17"},{"lineNumber":75,"author":{"gitId":"Lan-Jingbo"},"content":"                            + event.toString() + \"\\n\"","lastModifiedDate":"2022-08-17"},{"lineNumber":76,"author":{"gitId":"Lan-Jingbo"},"content":"                            + \"Now you have \" + (finalsize) + \" tasks\");","lastModifiedDate":"2022-08-17"},{"lineNumber":77,"author":{"gitId":"Lan-Jingbo"},"content":"                } catch (WrongMessageException e) {","lastModifiedDate":"2022-08-17"},{"lineNumber":78,"author":{"gitId":"Lan-Jingbo"},"content":"                    System.out.println(e.getMessage());","lastModifiedDate":"2022-08-17"},{"lineNumber":79,"author":{"gitId":"Lan-Jingbo"},"content":"                }","lastModifiedDate":"2022-08-17"},{"lineNumber":80,"author":{"gitId":"Lan-Jingbo"},"content":"","lastModifiedDate":"2022-08-17"},{"lineNumber":81,"author":{"gitId":"Lan-Jingbo"},"content":"            } else if (str.startsWith(\"mark\")) {","lastModifiedDate":"2022-08-17"},{"lineNumber":82,"author":{"gitId":"Lan-Jingbo"},"content":"                String[] temp \u003d str.split(\" \");","lastModifiedDate":"2022-08-17"},{"lineNumber":83,"author":{"gitId":"Lan-Jingbo"},"content":"                int key \u003d Integer.decode(temp[1]);","lastModifiedDate":"2022-08-17"},{"lineNumber":84,"author":{"gitId":"Lan-Jingbo"},"content":"                Task willMark \u003d willDo.get(key - 1);","lastModifiedDate":"2022-08-16"},{"lineNumber":85,"author":{"gitId":"Lan-Jingbo"},"content":"                willMark.donelah();","lastModifiedDate":"2022-08-16"},{"lineNumber":86,"author":{"gitId":"Lan-Jingbo"},"content":"                System.out.println(\"Congratulations! you complete this task:\\n\"","lastModifiedDate":"2022-08-16"},{"lineNumber":87,"author":{"gitId":"Lan-Jingbo"},"content":"                        + willMark.toString());","lastModifiedDate":"2022-08-16"},{"lineNumber":88,"author":{"gitId":"Lan-Jingbo"},"content":"","lastModifiedDate":"2022-08-16"},{"lineNumber":89,"author":{"gitId":"Lan-Jingbo"},"content":"            } else if (str.startsWith(\"unmark\")) {","lastModifiedDate":"2022-08-17"},{"lineNumber":90,"author":{"gitId":"Lan-Jingbo"},"content":"                String[] temp \u003d str.split(\" \");","lastModifiedDate":"2022-08-17"},{"lineNumber":91,"author":{"gitId":"Lan-Jingbo"},"content":"                int key2 \u003d Integer.decode(temp[1]);","lastModifiedDate":"2022-08-17"},{"lineNumber":92,"author":{"gitId":"Lan-Jingbo"},"content":"                Task willUnmark \u003d willDo.get(key2 - 1);","lastModifiedDate":"2022-08-16"},{"lineNumber":93,"author":{"gitId":"Lan-Jingbo"},"content":"                willUnmark.nodone();","lastModifiedDate":"2022-08-16"},{"lineNumber":94,"author":{"gitId":"Lan-Jingbo"},"content":"                System.out.println(\"You undone this task:\\n\"","lastModifiedDate":"2022-08-16"},{"lineNumber":95,"author":{"gitId":"Lan-Jingbo"},"content":"                        + willUnmark.toString());","lastModifiedDate":"2022-08-16"},{"lineNumber":96,"author":{"gitId":"Lan-Jingbo"},"content":"","lastModifiedDate":"2022-08-16"},{"lineNumber":97,"author":{"gitId":"Lan-Jingbo"},"content":"            } else if (str.startsWith(\"list\")) {","lastModifiedDate":"2022-08-17"},{"lineNumber":98,"author":{"gitId":"Lan-Jingbo"},"content":"                System.out.println(\"Your list is as following\");","lastModifiedDate":"2022-08-16"},{"lineNumber":99,"author":{"gitId":"Lan-Jingbo"},"content":"                for (int i \u003d 0; i \u003c willDo.size(); i++) {","lastModifiedDate":"2022-08-16"},{"lineNumber":100,"author":{"gitId":"Lan-Jingbo"},"content":"                    Task temp \u003d willDo.get(i);","lastModifiedDate":"2022-08-16"},{"lineNumber":101,"author":{"gitId":"Lan-Jingbo"},"content":"                    System.out.println((i + 1) + \".\" + temp.toString());","lastModifiedDate":"2022-08-16"},{"lineNumber":102,"author":{"gitId":"Lan-Jingbo"},"content":"                }","lastModifiedDate":"2022-08-16"},{"lineNumber":103,"author":{"gitId":"Lan-Jingbo"},"content":"            } else if (str.startsWith(\"bye\")) {","lastModifiedDate":"2022-08-17"},{"lineNumber":104,"author":{"gitId":"Lan-Jingbo"},"content":"                System.out.println(\"Bye! Hope to see you again soon!\");","lastModifiedDate":"2022-08-17"},{"lineNumber":105,"author":{"gitId":"Lan-Jingbo"},"content":"                break;","lastModifiedDate":"2022-08-16"},{"lineNumber":106,"author":{"gitId":"Lan-Jingbo"},"content":"            } else if (str.startsWith(\"delete\")) {","lastModifiedDate":"2022-08-17"},{"lineNumber":107,"author":{"gitId":"Lan-Jingbo"},"content":"                String[] temp \u003d str.split(\" \");","lastModifiedDate":"2022-08-17"},{"lineNumber":108,"author":{"gitId":"Lan-Jingbo"},"content":"                int key3 \u003d Integer.decode(temp[1]);","lastModifiedDate":"2022-08-17"},{"lineNumber":109,"author":{"gitId":"Lan-Jingbo"},"content":"                System.out.println(\"ok I will delete the task\" + willDo.get(key3 - 1) + \"it right now!\");","lastModifiedDate":"2022-08-17"},{"lineNumber":110,"author":{"gitId":"Lan-Jingbo"},"content":"                willDo.remove(key3 - 1);","lastModifiedDate":"2022-08-17"},{"lineNumber":111,"author":{"gitId":"Lan-Jingbo"},"content":"                System.out.println(\"now you have \" + willDo.size() + \" tasks in the list\");","lastModifiedDate":"2022-08-17"},{"lineNumber":112,"author":{"gitId":"Lan-Jingbo"},"content":"            } else {","lastModifiedDate":"2022-08-17"},{"lineNumber":113,"author":{"gitId":"Lan-Jingbo"},"content":"                try {","lastModifiedDate":"2022-08-17"},{"lineNumber":114,"author":{"gitId":"Lan-Jingbo"},"content":"                    throw new CannotUnderstandException();","lastModifiedDate":"2022-08-17"},{"lineNumber":115,"author":{"gitId":"Lan-Jingbo"},"content":"                } catch (CannotUnderstandException e) {","lastModifiedDate":"2022-08-17"},{"lineNumber":116,"author":{"gitId":"Lan-Jingbo"},"content":"                    System.out.println(e.getMessage());","lastModifiedDate":"2022-08-17"},{"lineNumber":117,"author":{"gitId":"Lan-Jingbo"},"content":"                }","lastModifiedDate":"2022-08-16"},{"lineNumber":118,"author":{"gitId":"Lan-Jingbo"},"content":"            }","lastModifiedDate":"2022-08-16"},{"lineNumber":119,"author":{"gitId":"Lan-Jingbo"},"content":"            str \u003d sc.nextLine(); // for continuing","lastModifiedDate":"2022-08-17"},{"lineNumber":120,"author":{"gitId":"Lan-Jingbo"},"content":"        }","lastModifiedDate":"2022-08-17"},{"lineNumber":121,"author":{"gitId":"-"},"content":"    }","lastModifiedDate":"2019-07-29"},{"lineNumber":122,"author":{"gitId":"-"},"content":"}","lastModifiedDate":"2019-07-29"}],"authorContributionMap":{"Lan-Jingbo":113,"-":9}},{"path":"src/main/java/Event.java","fileType":"java","lines":[{"lineNumber":1,"author":{"gitId":"Lan-Jingbo"},"content":"class Event extends Task{","lastModifiedDate":"2022-08-17"},{"lineNumber":2,"author":{"gitId":"Lan-Jingbo"},"content":"    protected String time;","lastModifiedDate":"2022-08-17"},{"lineNumber":3,"author":{"gitId":"Lan-Jingbo"},"content":"","lastModifiedDate":"2022-08-17"},{"lineNumber":4,"author":{"gitId":"Lan-Jingbo"},"content":"    public Event(String itself, String time) {","lastModifiedDate":"2022-08-17"},{"lineNumber":5,"author":{"gitId":"Lan-Jingbo"},"content":"        super(itself);","lastModifiedDate":"2022-08-17"},{"lineNumber":6,"author":{"gitId":"Lan-Jingbo"},"content":"        this.time \u003d time;","lastModifiedDate":"2022-08-17"},{"lineNumber":7,"author":{"gitId":"Lan-Jingbo"},"content":"    }","lastModifiedDate":"2022-08-17"},{"lineNumber":8,"author":{"gitId":"Lan-Jingbo"},"content":"","lastModifiedDate":"2022-08-17"},{"lineNumber":9,"author":{"gitId":"Lan-Jingbo"},"content":"    @Override","lastModifiedDate":"2022-08-17"},{"lineNumber":10,"author":{"gitId":"Lan-Jingbo"},"content":"    public String toString() {","lastModifiedDate":"2022-08-17"},{"lineNumber":11,"author":{"gitId":"Lan-Jingbo"},"content":"        return \"[E]\" + super.toString() + \" (at: \" + time + \")\";","lastModifiedDate":"2022-08-17"},{"lineNumber":12,"author":{"gitId":"Lan-Jingbo"},"content":"    }","lastModifiedDate":"2022-08-17"},{"lineNumber":13,"author":{"gitId":"Lan-Jingbo"},"content":"}","lastModifiedDate":"2022-08-17"}],"authorContributionMap":{"Lan-Jingbo":13}},{"path":"src/main/java/Task.java","fileType":"java","lines":[{"lineNumber":1,"author":{"gitId":"Lan-Jingbo"},"content":"public class Task {","lastModifiedDate":"2022-08-17"},{"lineNumber":2,"author":{"gitId":"Lan-Jingbo"},"content":"    protected String itself;","lastModifiedDate":"2022-08-16"},{"lineNumber":3,"author":{"gitId":"Lan-Jingbo"},"content":"    protected boolean isDone;","lastModifiedDate":"2022-08-16"},{"lineNumber":4,"author":{"gitId":"Lan-Jingbo"},"content":"","lastModifiedDate":"2022-08-16"},{"lineNumber":5,"author":{"gitId":"Lan-Jingbo"},"content":"    public Task(String itself) {","lastModifiedDate":"2022-08-16"},{"lineNumber":6,"author":{"gitId":"Lan-Jingbo"},"content":"        this.itself \u003d itself;","lastModifiedDate":"2022-08-16"},{"lineNumber":7,"author":{"gitId":"Lan-Jingbo"},"content":"        this.isDone \u003d false;","lastModifiedDate":"2022-08-16"},{"lineNumber":8,"author":{"gitId":"Lan-Jingbo"},"content":"    }","lastModifiedDate":"2022-08-16"},{"lineNumber":9,"author":{"gitId":"Lan-Jingbo"},"content":"","lastModifiedDate":"2022-08-16"},{"lineNumber":10,"author":{"gitId":"Lan-Jingbo"},"content":"    public String getStatus() {","lastModifiedDate":"2022-08-16"},{"lineNumber":11,"author":{"gitId":"Lan-Jingbo"},"content":"        return isDone ? \"X\" : \" \";","lastModifiedDate":"2022-08-16"},{"lineNumber":12,"author":{"gitId":"Lan-Jingbo"},"content":"    }","lastModifiedDate":"2022-08-16"},{"lineNumber":13,"author":{"gitId":"Lan-Jingbo"},"content":"","lastModifiedDate":"2022-08-16"},{"lineNumber":14,"author":{"gitId":"Lan-Jingbo"},"content":"    public void donelah() {","lastModifiedDate":"2022-08-16"},{"lineNumber":15,"author":{"gitId":"Lan-Jingbo"},"content":"        isDone \u003d true;","lastModifiedDate":"2022-08-16"},{"lineNumber":16,"author":{"gitId":"Lan-Jingbo"},"content":"    }","lastModifiedDate":"2022-08-16"},{"lineNumber":17,"author":{"gitId":"Lan-Jingbo"},"content":"","lastModifiedDate":"2022-08-16"},{"lineNumber":18,"author":{"gitId":"Lan-Jingbo"},"content":"    public void nodone() {","lastModifiedDate":"2022-08-16"},{"lineNumber":19,"author":{"gitId":"Lan-Jingbo"},"content":"        isDone \u003d false;","lastModifiedDate":"2022-08-16"},{"lineNumber":20,"author":{"gitId":"Lan-Jingbo"},"content":"    }","lastModifiedDate":"2022-08-16"},{"lineNumber":21,"author":{"gitId":"Lan-Jingbo"},"content":"","lastModifiedDate":"2022-08-16"},{"lineNumber":22,"author":{"gitId":"Lan-Jingbo"},"content":"    @Override","lastModifiedDate":"2022-08-16"},{"lineNumber":23,"author":{"gitId":"Lan-Jingbo"},"content":"    public String toString() {","lastModifiedDate":"2022-08-16"},{"lineNumber":24,"author":{"gitId":"Lan-Jingbo"},"content":"        return \"[\" + getStatus() + \"] \" + itself;","lastModifiedDate":"2022-08-16"},{"lineNumber":25,"author":{"gitId":"Lan-Jingbo"},"content":"    }","lastModifiedDate":"2022-08-16"},{"lineNumber":26,"author":{"gitId":"Lan-Jingbo"},"content":"}","lastModifiedDate":"2022-08-16"}],"authorContributionMap":{"Lan-Jingbo":26}},{"path":"src/main/java/Todo.java","fileType":"java","lines":[{"lineNumber":1,"author":{"gitId":"Lan-Jingbo"},"content":"class Todo extends Task{","lastModifiedDate":"2022-08-17"},{"lineNumber":2,"author":{"gitId":"Lan-Jingbo"},"content":"","lastModifiedDate":"2022-08-17"},{"lineNumber":3,"author":{"gitId":"Lan-Jingbo"},"content":"    public Todo(String itself) {","lastModifiedDate":"2022-08-17"},{"lineNumber":4,"author":{"gitId":"Lan-Jingbo"},"content":"        super(itself);","lastModifiedDate":"2022-08-17"},{"lineNumber":5,"author":{"gitId":"Lan-Jingbo"},"content":"    }","lastModifiedDate":"2022-08-17"},{"lineNumber":6,"author":{"gitId":"Lan-Jingbo"},"content":"","lastModifiedDate":"2022-08-17"},{"lineNumber":7,"author":{"gitId":"Lan-Jingbo"},"content":"    @Override","lastModifiedDate":"2022-08-17"},{"lineNumber":8,"author":{"gitId":"Lan-Jingbo"},"content":"    public String toString() {","lastModifiedDate":"2022-08-17"},{"lineNumber":9,"author":{"gitId":"Lan-Jingbo"},"content":"        return \"[T]\" + super.toString();","lastModifiedDate":"2022-08-17"},{"lineNumber":10,"author":{"gitId":"Lan-Jingbo"},"content":"    }","lastModifiedDate":"2022-08-17"},{"lineNumber":11,"author":{"gitId":"Lan-Jingbo"},"content":"}","lastModifiedDate":"2022-08-17"}],"authorContributionMap":{"Lan-Jingbo":11}},{"path":"src/main/java/WrongMessageException.java","fileType":"java","lines":[{"lineNumber":1,"author":{"gitId":"Lan-Jingbo"},"content":"public class WrongMessageException extends Exception{","lastModifiedDate":"2022-08-17"},{"lineNumber":2,"author":{"gitId":"Lan-Jingbo"},"content":"","lastModifiedDate":"2022-08-17"},{"lineNumber":3,"author":{"gitId":"Lan-Jingbo"},"content":"    public WrongMessageException() {","lastModifiedDate":"2022-08-17"},{"lineNumber":4,"author":{"gitId":"Lan-Jingbo"},"content":"        super(\"☹ OOPS!!! The task info cannot be empty.\");","lastModifiedDate":"2022-08-17"},{"lineNumber":5,"author":{"gitId":"Lan-Jingbo"},"content":"    }","lastModifiedDate":"2022-08-17"},{"lineNumber":6,"author":{"gitId":"Lan-Jingbo"},"content":"","lastModifiedDate":"2022-08-17"},{"lineNumber":7,"author":{"gitId":"Lan-Jingbo"},"content":"}","lastModifiedDate":"2022-08-17"}],"authorContributionMap":{"Lan-Jingbo":7}},{"path":"text-ui-test/input.txt","fileType":"txt","lines":[{"lineNumber":1,"author":{"gitId":"Lan-Jingbo"},"content":"todo Crosscountry","lastModifiedDate":"2022-08-17"},{"lineNumber":2,"author":{"gitId":"Lan-Jingbo"},"content":"deadline complete the assignment /by 8.18","lastModifiedDate":"2022-08-17"},{"lineNumber":3,"author":{"gitId":"Lan-Jingbo"},"content":"event National Day /at 10.1","lastModifiedDate":"2022-08-17"},{"lineNumber":4,"author":{"gitId":"Lan-Jingbo"},"content":"bye","lastModifiedDate":"2022-08-17"}],"authorContributionMap":{"Lan-Jingbo":4}}]
