{"authorDailyContributionsMap":{"Lan-Jingbo":[{"date":"2022-08-16","commitResults":[{"hash":"2b4731d11f274678f38c66fbcf0a51c2510190a6","messageTitle":"Update Duke.java","messageBody":"","tags":["Level-1"],"fileTypesAndContributionMap":{"java":{"insertions":21,"deletions":1}}},{"hash":"f2ddfdf9052ef52ae1b5210e6d2a4fbd62e835b0","messageTitle":"Update Duke.java","messageBody":"The second change: fix problem of cannot scan all line\n","tags":["Level-2"],"fileTypesAndContributionMap":{"java":{"insertions":2,"deletions":4}}},{"hash":"c93e8b677713a6a4432ae96c0a46ac05b8959a47","messageTitle":"reserve for tmr","messageBody":"","tags":["Level-3"],"fileTypesAndContributionMap":{"java":{"insertions":29,"deletions":5}}},{"hash":"e907d2a474e2ab5aec1f154031afc75f1b989755","messageTitle":"Update for Level 2 and 3","messageBody":"","tags":["Level-4"],"fileTypesAndContributionMap":{"java":{"insertions":50,"deletions":8}}}]},{"date":"2022-08-17","commitResults":[{"hash":"27f6f3e9205078072bb5bef69bcb0bd589136288","messageTitle":"Completion of Level 3/4","messageBody":"","tags":["A-TextUiTesting"],"fileTypesAndContributionMap":{"txt":{"insertions":4,"deletions":0},"java":{"insertions":78,"deletions":13},"sh":{"insertions":0,"deletions":0}}},{"hash":"d92575ebd36ce2685456c2664f01e9e60d487a41","messageTitle":"Final Draft(Complete all)","messageBody":"","tags":["Level-5"],"fileTypesAndContributionMap":{"java":{"insertions":84,"deletions":47}}}]},{"date":"2022-08-24","commitResults":[{"hash":"bed16f325fd5236a0659daaad3d4e97346d5b51a","messageTitle":"change","messageBody":"","tags":["Level-6"],"fileTypesAndContributionMap":{"java":{"insertions":1,"deletions":0}}}]},{"date":"2022-08-25","commitResults":[{"hash":"a53047a236824b51c279cb15625323888bb07199","messageTitle":"Level-7 Complete","messageBody":"","tags":["Level-7"],"fileTypesAndContributionMap":{"txt":{"insertions":5,"deletions":0},"java":{"insertions":212,"deletions":97}}},{"hash":"80211df13ff21f048bbdf6aee90e17b85c357101","messageTitle":"Level-8-Draft","messageBody":"","fileTypesAndContributionMap":{"java":{"insertions":41,"deletions":6}}},{"hash":"b84a0988b1aaab1ffbeae6539c437f7b7412cbe1","messageTitle":"Level-8","messageBody":"","fileTypesAndContributionMap":{"txt":{"insertions":2,"deletions":2},"java":{"insertions":32,"deletions":14}}}]},{"date":"2022-08-26","commitResults":[{"hash":"6f5e99f5ac558c03bc369cc1a86841d5b817d7d7","messageTitle":"Addsomething","messageBody":"","fileTypesAndContributionMap":{"java":{"insertions":126,"deletions":6}}},{"hash":"d084f6913d2b2cbf203b29faf8b15c892f44f47d","messageTitle":"?","messageBody":"","fileTypesAndContributionMap":{"txt":{"insertions":2,"deletions":2},"java":{"insertions":18,"deletions":16}}},{"hash":"1584d73f7318e224b6e62ad0b21ff54f9738c8b8","messageTitle":"Revert \"?\"","messageBody":"This reverts commit d084f6913d2b2cbf203b29faf8b15c892f44f47d.\n","fileTypesAndContributionMap":{"txt":{"insertions":2,"deletions":2},"java":{"insertions":16,"deletions":18}}},{"hash":"7fcfcd043440063e38afceeec828c81e34c30ca6","messageTitle":"A-MoreOOP","messageBody":"","tags":["A-MoreOOP"],"fileTypesAndContributionMap":{"txt":{"insertions":2,"deletions":1},"java":{"insertions":172,"deletions":186}}},{"hash":"feeff82df6fcb3334becb72e91b97f460f9ad167","messageTitle":"A-Package","messageBody":"","tags":["A-Packages"],"fileTypesAndContributionMap":{"txt":{"insertions":1,"deletions":1},"java":{"insertions":29,"deletions":10},"bat":{"insertions":1,"deletions":1},"md":{"insertions":2,"deletions":2}}},{"hash":"e0e7f2891a074528f3178e1afb41a10fcd99cc71","messageTitle":"A-JUnit","messageBody":"","tags":["A-Jar","A-JUnit"],"fileTypesAndContributionMap":{"java":{"insertions":16,"deletions":0}}}]},{"date":"2022-08-27","commitResults":[{"hash":"e77dfb13ab96907804d527a37f11591bf17ea6fe","messageTitle":"A-JavaDoc","messageBody":"","tags":["A-JavaDoc"],"fileTypesAndContributionMap":{"java":{"insertions":164,"deletions":0}}},{"hash":"5d253e934631e45de1fa8cd5d580fbeb0592f8e1","messageTitle":"Level-9","messageBody":"","fileTypesAndContributionMap":{"java":{"insertions":31,"deletions":0}}},{"hash":"e1303ce1d7b47eee978fe3fc53380ae9a8d1641a","messageTitle":"Level-9 update","messageBody":"","tags":["Level-9"],"fileTypesAndContributionMap":{"java":{"insertions":1,"deletions":1}}},{"hash":"b9dd2ea9703bffbff0ddab04d368b4ed6ebe5a65","messageTitle":"A-CodingStandard","messageBody":"","fileTypesAndContributionMap":{"java":{"insertions":1,"deletions":1}}}]}]},"authorFileTypeContributionMap":{"Lan-Jingbo":{"java":699,"md":2,"fxml":0,"sh":0,"bat":1,"gradle":0,"txt":10}},"authorContributionVariance":{"Lan-Jingbo":32225.963},"authorDisplayNameMap":{"Lan-Jingbo":"CS2103T-W16-1 LAN ..NGBO"}}
