[{"path":"build.gradle","fileType":"gradle","lines":[{"lineNumber":1,"author":{"gitId":"-"},"content":"plugins {","lastModifiedDate":"2020-05-25"},{"lineNumber":2,"author":{"gitId":"-"},"content":"    id \u0027java\u0027","lastModifiedDate":"2020-05-25"},{"lineNumber":3,"author":{"gitId":"-"},"content":"    id \u0027application\u0027","lastModifiedDate":"2020-05-25"},{"lineNumber":4,"author":{"gitId":"njxue"},"content":"    id \u0027checkstyle\u0027","lastModifiedDate":"2022-08-20"},{"lineNumber":5,"author":{"gitId":"-"},"content":"    id \u0027com.github.johnrengelman.shadow\u0027 version \u00275.1.0\u0027","lastModifiedDate":"2020-05-25"},{"lineNumber":6,"author":{"gitId":"-"},"content":"}","lastModifiedDate":"2020-05-25"},{"lineNumber":7,"author":{"gitId":"-"},"content":"","lastModifiedDate":"2020-05-25"},{"lineNumber":8,"author":{"gitId":"njxue"},"content":"checkstyle {","lastModifiedDate":"2022-08-20"},{"lineNumber":9,"author":{"gitId":"njxue"},"content":"    toolVersion \u003d \u002710.2\u0027","lastModifiedDate":"2022-08-20"},{"lineNumber":10,"author":{"gitId":"njxue"},"content":"}","lastModifiedDate":"2022-08-20"},{"lineNumber":11,"author":{"gitId":"njxue"},"content":"","lastModifiedDate":"2022-08-20"},{"lineNumber":12,"author":{"gitId":"-"},"content":"repositories {","lastModifiedDate":"2020-05-25"},{"lineNumber":13,"author":{"gitId":"-"},"content":"    mavenCentral()","lastModifiedDate":"2020-05-25"},{"lineNumber":14,"author":{"gitId":"-"},"content":"}","lastModifiedDate":"2020-05-25"},{"lineNumber":15,"author":{"gitId":"-"},"content":"","lastModifiedDate":"2020-05-25"},{"lineNumber":16,"author":{"gitId":"-"},"content":"dependencies {","lastModifiedDate":"2020-05-25"},{"lineNumber":17,"author":{"gitId":"-"},"content":"    testImplementation group: \u0027org.junit.jupiter\u0027, name: \u0027junit-jupiter-api\u0027, version: \u00275.5.0\u0027","lastModifiedDate":"2020-05-25"},{"lineNumber":18,"author":{"gitId":"-"},"content":"    testRuntimeOnly group: \u0027org.junit.jupiter\u0027, name: \u0027junit-jupiter-engine\u0027, version: \u00275.5.0\u0027","lastModifiedDate":"2020-05-25"},{"lineNumber":19,"author":{"gitId":"-"},"content":"}","lastModifiedDate":"2020-05-25"},{"lineNumber":20,"author":{"gitId":"-"},"content":"","lastModifiedDate":"2020-05-25"},{"lineNumber":21,"author":{"gitId":"-"},"content":"test {","lastModifiedDate":"2020-05-25"},{"lineNumber":22,"author":{"gitId":"-"},"content":"    useJUnitPlatform()","lastModifiedDate":"2020-05-25"},{"lineNumber":23,"author":{"gitId":"-"},"content":"","lastModifiedDate":"2020-05-25"},{"lineNumber":24,"author":{"gitId":"-"},"content":"    testLogging {","lastModifiedDate":"2020-05-25"},{"lineNumber":25,"author":{"gitId":"-"},"content":"        events \"passed\", \"skipped\", \"failed\"","lastModifiedDate":"2020-05-25"},{"lineNumber":26,"author":{"gitId":"-"},"content":"        showExceptions true","lastModifiedDate":"2020-05-25"},{"lineNumber":27,"author":{"gitId":"-"},"content":"        exceptionFormat \"full\"","lastModifiedDate":"2020-05-25"},{"lineNumber":28,"author":{"gitId":"-"},"content":"        showCauses true","lastModifiedDate":"2020-05-25"},{"lineNumber":29,"author":{"gitId":"-"},"content":"        showStackTraces true","lastModifiedDate":"2020-05-25"},{"lineNumber":30,"author":{"gitId":"-"},"content":"        showStandardStreams \u003d false","lastModifiedDate":"2020-05-25"},{"lineNumber":31,"author":{"gitId":"-"},"content":"    }","lastModifiedDate":"2020-05-25"},{"lineNumber":32,"author":{"gitId":"-"},"content":"}","lastModifiedDate":"2020-05-25"},{"lineNumber":33,"author":{"gitId":"-"},"content":"","lastModifiedDate":"2020-05-25"},{"lineNumber":34,"author":{"gitId":"-"},"content":"application {","lastModifiedDate":"2020-05-25"},{"lineNumber":35,"author":{"gitId":"njxue"},"content":"    mainClassName \u003d \"Duke\"","lastModifiedDate":"2022-08-20"},{"lineNumber":36,"author":{"gitId":"-"},"content":"}","lastModifiedDate":"2020-05-25"},{"lineNumber":37,"author":{"gitId":"-"},"content":"","lastModifiedDate":"2020-05-25"},{"lineNumber":38,"author":{"gitId":"-"},"content":"shadowJar {","lastModifiedDate":"2020-05-25"},{"lineNumber":39,"author":{"gitId":"-"},"content":"    archiveBaseName \u003d \"duke\"","lastModifiedDate":"2020-05-25"},{"lineNumber":40,"author":{"gitId":"-"},"content":"    archiveClassifier \u003d null","lastModifiedDate":"2020-05-25"},{"lineNumber":41,"author":{"gitId":"-"},"content":"}","lastModifiedDate":"2020-05-25"},{"lineNumber":42,"author":{"gitId":"-"},"content":"","lastModifiedDate":"2020-05-25"},{"lineNumber":43,"author":{"gitId":"-"},"content":"run{","lastModifiedDate":"2020-05-25"},{"lineNumber":44,"author":{"gitId":"-"},"content":"    standardInput \u003d System.in","lastModifiedDate":"2020-05-25"},{"lineNumber":45,"author":{"gitId":"-"},"content":"}","lastModifiedDate":"2020-05-25"},{"lineNumber":46,"author":{"gitId":"njxue"},"content":"","lastModifiedDate":"2022-08-20"}],"authorContributionMap":{"njxue":7,"-":39}},{"path":"src/main/java/Command.java","fileType":"java","lines":[{"lineNumber":1,"author":{"gitId":"njxue"},"content":"public enum Command {","lastModifiedDate":"2022-08-15"},{"lineNumber":2,"author":{"gitId":"njxue"},"content":"    TODO(\"todo \u003cString\u003e\"),","lastModifiedDate":"2022-08-15"},{"lineNumber":3,"author":{"gitId":"njxue"},"content":"    DEADLINE(\"deadline \u003cString\u003e /by \u003cString\u003e\"),","lastModifiedDate":"2022-08-15"},{"lineNumber":4,"author":{"gitId":"njxue"},"content":"    EVENT(\"event \u003cString\u003e /at \u003cString\u003e\"),","lastModifiedDate":"2022-08-15"},{"lineNumber":5,"author":{"gitId":"njxue"},"content":"    LIST(\"list\"),","lastModifiedDate":"2022-08-15"},{"lineNumber":6,"author":{"gitId":"njxue"},"content":"    DELETE(\"delete \u003cInteger\u003e\"),","lastModifiedDate":"2022-08-15"},{"lineNumber":7,"author":{"gitId":"njxue"},"content":"    BYE(\"bye\"),","lastModifiedDate":"2022-08-15"},{"lineNumber":8,"author":{"gitId":"njxue"},"content":"    MARK(\"mark \u003cInteger\u003e\"),","lastModifiedDate":"2022-08-15"},{"lineNumber":9,"author":{"gitId":"njxue"},"content":"    UNMARK(\"unmark \u003cInteger\u003e\");","lastModifiedDate":"2022-08-15"},{"lineNumber":10,"author":{"gitId":"njxue"},"content":"","lastModifiedDate":"2022-08-15"},{"lineNumber":11,"author":{"gitId":"njxue"},"content":"    private final String format;","lastModifiedDate":"2022-08-15"},{"lineNumber":12,"author":{"gitId":"njxue"},"content":"    Command(String format) {","lastModifiedDate":"2022-08-15"},{"lineNumber":13,"author":{"gitId":"njxue"},"content":"        this.format \u003d format;","lastModifiedDate":"2022-08-15"},{"lineNumber":14,"author":{"gitId":"njxue"},"content":"    }","lastModifiedDate":"2022-08-15"},{"lineNumber":15,"author":{"gitId":"njxue"},"content":"","lastModifiedDate":"2022-08-15"},{"lineNumber":16,"author":{"gitId":"njxue"},"content":"    public String getFormat() {","lastModifiedDate":"2022-08-15"},{"lineNumber":17,"author":{"gitId":"njxue"},"content":"        return this.format;","lastModifiedDate":"2022-08-15"},{"lineNumber":18,"author":{"gitId":"njxue"},"content":"    }","lastModifiedDate":"2022-08-15"},{"lineNumber":19,"author":{"gitId":"njxue"},"content":"","lastModifiedDate":"2022-08-15"},{"lineNumber":20,"author":{"gitId":"njxue"},"content":"    @Override","lastModifiedDate":"2022-08-15"},{"lineNumber":21,"author":{"gitId":"njxue"},"content":"    public String toString() {","lastModifiedDate":"2022-08-15"},{"lineNumber":22,"author":{"gitId":"njxue"},"content":"        return this.name();","lastModifiedDate":"2022-08-15"},{"lineNumber":23,"author":{"gitId":"njxue"},"content":"    }","lastModifiedDate":"2022-08-15"},{"lineNumber":24,"author":{"gitId":"njxue"},"content":"","lastModifiedDate":"2022-08-15"},{"lineNumber":25,"author":{"gitId":"njxue"},"content":"","lastModifiedDate":"2022-08-15"},{"lineNumber":26,"author":{"gitId":"njxue"},"content":"    public static boolean isValidCommand(String commandString) {","lastModifiedDate":"2022-08-15"},{"lineNumber":27,"author":{"gitId":"njxue"},"content":"        for (Command cmd : Command.values()) {","lastModifiedDate":"2022-08-15"},{"lineNumber":28,"author":{"gitId":"njxue"},"content":"            if (cmd.name().toLowerCase().equals(commandString)) {","lastModifiedDate":"2022-08-15"},{"lineNumber":29,"author":{"gitId":"njxue"},"content":"                return true;","lastModifiedDate":"2022-08-15"},{"lineNumber":30,"author":{"gitId":"njxue"},"content":"            }","lastModifiedDate":"2022-08-15"},{"lineNumber":31,"author":{"gitId":"njxue"},"content":"        }","lastModifiedDate":"2022-08-15"},{"lineNumber":32,"author":{"gitId":"njxue"},"content":"        return false;","lastModifiedDate":"2022-08-15"},{"lineNumber":33,"author":{"gitId":"njxue"},"content":"    }","lastModifiedDate":"2022-08-15"},{"lineNumber":34,"author":{"gitId":"njxue"},"content":"}","lastModifiedDate":"2022-08-15"}],"authorContributionMap":{"njxue":34}},{"path":"src/main/java/Deadline.java","fileType":"java","lines":[{"lineNumber":1,"author":{"gitId":"njxue"},"content":"import java.time.LocalDateTime;","lastModifiedDate":"2022-08-20"},{"lineNumber":2,"author":{"gitId":"njxue"},"content":"import java.time.format.DateTimeFormatter;","lastModifiedDate":"2022-08-19"},{"lineNumber":3,"author":{"gitId":"njxue"},"content":"","lastModifiedDate":"2022-08-15"},{"lineNumber":4,"author":{"gitId":"njxue"},"content":"public class Deadline extends Task {","lastModifiedDate":"2022-08-15"},{"lineNumber":5,"author":{"gitId":"njxue"},"content":"    protected LocalDateTime dateTime;","lastModifiedDate":"2022-08-20"},{"lineNumber":6,"author":{"gitId":"njxue"},"content":"","lastModifiedDate":"2022-08-19"},{"lineNumber":7,"author":{"gitId":"njxue"},"content":"    public Deadline(String description, String by) {","lastModifiedDate":"2022-08-15"},{"lineNumber":8,"author":{"gitId":"njxue"},"content":"        super(description);","lastModifiedDate":"2022-08-15"},{"lineNumber":9,"author":{"gitId":"njxue"},"content":"        String[] dateTimeSplit \u003d by.split(\"[ T]\");","lastModifiedDate":"2022-08-20"},{"lineNumber":10,"author":{"gitId":"njxue"},"content":"        String isoDateFormat \u003d \"\";","lastModifiedDate":"2022-08-20"},{"lineNumber":11,"author":{"gitId":"njxue"},"content":"        if (dateTimeSplit.length \u003d\u003d 1) {","lastModifiedDate":"2022-08-20"},{"lineNumber":12,"author":{"gitId":"njxue"},"content":"            isoDateFormat \u003d String.format(\"%sT23:59\",dateTimeSplit[0]);","lastModifiedDate":"2022-08-20"},{"lineNumber":13,"author":{"gitId":"njxue"},"content":"        } else {","lastModifiedDate":"2022-08-19"},{"lineNumber":14,"author":{"gitId":"njxue"},"content":"            isoDateFormat \u003d String.format(\"%sT%s\", dateTimeSplit[0], dateTimeSplit[1]);","lastModifiedDate":"2022-08-20"},{"lineNumber":15,"author":{"gitId":"njxue"},"content":"        }","lastModifiedDate":"2022-08-19"},{"lineNumber":16,"author":{"gitId":"njxue"},"content":"        this.dateTime\u003d LocalDateTime.parse(isoDateFormat);","lastModifiedDate":"2022-08-20"},{"lineNumber":17,"author":{"gitId":"njxue"},"content":"    }","lastModifiedDate":"2022-08-15"},{"lineNumber":18,"author":{"gitId":"njxue"},"content":"","lastModifiedDate":"2022-08-15"},{"lineNumber":19,"author":{"gitId":"njxue"},"content":"    @Override","lastModifiedDate":"2022-08-15"},{"lineNumber":20,"author":{"gitId":"njxue"},"content":"    public String toString() {","lastModifiedDate":"2022-08-15"},{"lineNumber":21,"author":{"gitId":"njxue"},"content":"        DateTimeFormatter formatter \u003d DateTimeFormatter.ofPattern(\"dd MMM yyyy, HH:mm\");","lastModifiedDate":"2022-08-20"},{"lineNumber":22,"author":{"gitId":"njxue"},"content":"        String formattedDateTime \u003d this.dateTime.format(formatter);","lastModifiedDate":"2022-08-20"},{"lineNumber":23,"author":{"gitId":"njxue"},"content":"        return String.format(\"[E]%s (by: %s)\", super.toString(), formattedDateTime);","lastModifiedDate":"2022-08-20"},{"lineNumber":24,"author":{"gitId":"njxue"},"content":"    }","lastModifiedDate":"2022-08-15"},{"lineNumber":25,"author":{"gitId":"njxue"},"content":"","lastModifiedDate":"2022-08-19"},{"lineNumber":26,"author":{"gitId":"njxue"},"content":"    @Override","lastModifiedDate":"2022-08-19"},{"lineNumber":27,"author":{"gitId":"njxue"},"content":"    public String toFileFormatString() {","lastModifiedDate":"2022-08-19"},{"lineNumber":28,"author":{"gitId":"njxue"},"content":"        return \"D\" + super.toFileFormatString() + description + \"|\" + dateTime;","lastModifiedDate":"2022-08-20"},{"lineNumber":29,"author":{"gitId":"njxue"},"content":"    }","lastModifiedDate":"2022-08-19"},{"lineNumber":30,"author":{"gitId":"njxue"},"content":"}","lastModifiedDate":"2022-08-15"}],"authorContributionMap":{"njxue":30}},{"path":"src/main/java/Duke.java","fileType":"java","lines":[{"lineNumber":1,"author":{"gitId":"njxue"},"content":"import java.io.*;","lastModifiedDate":"2022-08-19"},{"lineNumber":2,"author":{"gitId":"njxue"},"content":"import java.nio.file.Paths;","lastModifiedDate":"2022-08-19"},{"lineNumber":3,"author":{"gitId":"njxue"},"content":"import java.util.Scanner;","lastModifiedDate":"2022-08-15"},{"lineNumber":4,"author":{"gitId":"njxue"},"content":"import java.util.ArrayList;","lastModifiedDate":"2022-08-15"},{"lineNumber":5,"author":{"gitId":"njxue"},"content":"","lastModifiedDate":"2022-08-15"},{"lineNumber":6,"author":{"gitId":"njxue"},"content":"import java.nio.file.Path;","lastModifiedDate":"2022-08-19"},{"lineNumber":7,"author":{"gitId":"njxue"},"content":"","lastModifiedDate":"2022-08-19"},{"lineNumber":8,"author":{"gitId":"-"},"content":"public class Duke {","lastModifiedDate":"2019-07-29"},{"lineNumber":9,"author":{"gitId":"njxue"},"content":"    private ArrayList\u003cTask\u003e taskArr \u003d new ArrayList\u003c\u003e();","lastModifiedDate":"2022-08-15"},{"lineNumber":10,"author":{"gitId":"njxue"},"content":"    private final String taskStoragePath \u003d \"storage\" + File.separator + \"tasks.txt\";","lastModifiedDate":"2022-08-19"},{"lineNumber":11,"author":{"gitId":"njxue"},"content":"    ","lastModifiedDate":"2022-08-15"},{"lineNumber":12,"author":{"gitId":"njxue"},"content":"    public void greetUser() {","lastModifiedDate":"2022-08-15"},{"lineNumber":13,"author":{"gitId":"-"},"content":"        String logo \u003d \" ____        _        \\n\"","lastModifiedDate":"2019-07-29"},{"lineNumber":14,"author":{"gitId":"-"},"content":"                + \"|  _ \\\\ _   _| | _____ \\n\"","lastModifiedDate":"2019-07-29"},{"lineNumber":15,"author":{"gitId":"-"},"content":"                + \"| | | | | | | |/ / _ \\\\\\n\"","lastModifiedDate":"2019-07-29"},{"lineNumber":16,"author":{"gitId":"-"},"content":"                + \"| |_| | |_| |   \u003c  __/\\n\"","lastModifiedDate":"2019-07-29"},{"lineNumber":17,"author":{"gitId":"-"},"content":"                + \"|____/ \\\\__,_|_|\\\\_\\\\___|\\n\";","lastModifiedDate":"2019-07-29"},{"lineNumber":18,"author":{"gitId":"njxue"},"content":"        System.out.println(logo);","lastModifiedDate":"2022-08-15"},{"lineNumber":19,"author":{"gitId":"njxue"},"content":"        System.out.println(\"Hello! I\u0027m Duke. How may I assist you?\");","lastModifiedDate":"2022-08-15"},{"lineNumber":20,"author":{"gitId":"njxue"},"content":"    }","lastModifiedDate":"2022-08-15"},{"lineNumber":21,"author":{"gitId":"njxue"},"content":"","lastModifiedDate":"2022-08-15"},{"lineNumber":22,"author":{"gitId":"njxue"},"content":"    public void sayBye() {","lastModifiedDate":"2022-08-15"},{"lineNumber":23,"author":{"gitId":"njxue"},"content":"        String message \u003d \"Bye! Hope to see you soon!\";","lastModifiedDate":"2022-08-15"},{"lineNumber":24,"author":{"gitId":"njxue"},"content":"        System.out.println(message);","lastModifiedDate":"2022-08-15"},{"lineNumber":25,"author":{"gitId":"njxue"},"content":"    }","lastModifiedDate":"2022-08-15"},{"lineNumber":26,"author":{"gitId":"njxue"},"content":"","lastModifiedDate":"2022-08-15"},{"lineNumber":27,"author":{"gitId":"njxue"},"content":"    public void listTasks() {","lastModifiedDate":"2022-08-15"},{"lineNumber":28,"author":{"gitId":"njxue"},"content":"        System.out.println(\"Here are your tasks: \");","lastModifiedDate":"2022-08-15"},{"lineNumber":29,"author":{"gitId":"njxue"},"content":"        System.out.println(\"\u003d\u003d\u003d\u003d\u003d\u003d\u003d\u003d\u003d\u003d\u003d\u003d\u003d\u003d\u003d\u003d\u003d\u003d\u003d\u003d\u003d\u003d\u003d\u003d\u003d\u003d\u003d\u003d\u003d\u003d\u003d\");","lastModifiedDate":"2022-08-15"},{"lineNumber":30,"author":{"gitId":"njxue"},"content":"        int len \u003d this.taskArr.size();","lastModifiedDate":"2022-08-15"},{"lineNumber":31,"author":{"gitId":"njxue"},"content":"        if (len \u003d\u003d 0) {","lastModifiedDate":"2022-08-15"},{"lineNumber":32,"author":{"gitId":"njxue"},"content":"            System.out.println(\"       YOU HAVE NO TASKS\");","lastModifiedDate":"2022-08-15"},{"lineNumber":33,"author":{"gitId":"njxue"},"content":"        } else {","lastModifiedDate":"2022-08-15"},{"lineNumber":34,"author":{"gitId":"njxue"},"content":"            for (int i \u003d 0; i \u003c len; i++) {","lastModifiedDate":"2022-08-15"},{"lineNumber":35,"author":{"gitId":"njxue"},"content":"                Task task \u003d this.taskArr.get(i);","lastModifiedDate":"2022-08-15"},{"lineNumber":36,"author":{"gitId":"njxue"},"content":"                System.out.printf(\"   %d.%s%n\", i + 1, task);","lastModifiedDate":"2022-08-15"},{"lineNumber":37,"author":{"gitId":"njxue"},"content":"            }","lastModifiedDate":"2022-08-15"},{"lineNumber":38,"author":{"gitId":"njxue"},"content":"        }","lastModifiedDate":"2022-08-15"},{"lineNumber":39,"author":{"gitId":"njxue"},"content":"        System.out.println(\"\u003d\u003d\u003d\u003d\u003d\u003d\u003d\u003d\u003d\u003d\u003d\u003d\u003d\u003d\u003d\u003d\u003d\u003d\u003d\u003d\u003d\u003d\u003d\u003d\u003d\u003d\u003d\u003d\u003d\u003d\u003d\");","lastModifiedDate":"2022-08-15"},{"lineNumber":40,"author":{"gitId":"njxue"},"content":"    }","lastModifiedDate":"2022-08-15"},{"lineNumber":41,"author":{"gitId":"njxue"},"content":"    ","lastModifiedDate":"2022-08-15"},{"lineNumber":42,"author":{"gitId":"njxue"},"content":"    public void saveTasksToStorage() throws IOException {","lastModifiedDate":"2022-08-19"},{"lineNumber":43,"author":{"gitId":"njxue"},"content":"        File file \u003d new File(taskStoragePath);","lastModifiedDate":"2022-08-19"},{"lineNumber":44,"author":{"gitId":"njxue"},"content":"        File storageDir \u003d new File(file.getParent());","lastModifiedDate":"2022-08-19"},{"lineNumber":45,"author":{"gitId":"njxue"},"content":"    ","lastModifiedDate":"2022-08-19"},{"lineNumber":46,"author":{"gitId":"njxue"},"content":"        // create storage dir if it does not exist","lastModifiedDate":"2022-08-19"},{"lineNumber":47,"author":{"gitId":"njxue"},"content":"        if (!storageDir.exists()) {","lastModifiedDate":"2022-08-19"},{"lineNumber":48,"author":{"gitId":"njxue"},"content":"            storageDir.mkdirs();","lastModifiedDate":"2022-08-19"},{"lineNumber":49,"author":{"gitId":"njxue"},"content":"        }","lastModifiedDate":"2022-08-19"},{"lineNumber":50,"author":{"gitId":"njxue"},"content":"        ","lastModifiedDate":"2022-08-19"},{"lineNumber":51,"author":{"gitId":"njxue"},"content":"        FileWriter fw \u003d new FileWriter(file);","lastModifiedDate":"2022-08-19"},{"lineNumber":52,"author":{"gitId":"njxue"},"content":"        for (Task task : this.taskArr) {","lastModifiedDate":"2022-08-19"},{"lineNumber":53,"author":{"gitId":"njxue"},"content":"            fw.write(task.toFileFormatString() + \"\\n\");","lastModifiedDate":"2022-08-19"},{"lineNumber":54,"author":{"gitId":"njxue"},"content":"        }","lastModifiedDate":"2022-08-19"},{"lineNumber":55,"author":{"gitId":"njxue"},"content":"        fw.close();","lastModifiedDate":"2022-08-19"},{"lineNumber":56,"author":{"gitId":"njxue"},"content":"    }","lastModifiedDate":"2022-08-19"},{"lineNumber":57,"author":{"gitId":"njxue"},"content":"    ","lastModifiedDate":"2022-08-19"},{"lineNumber":58,"author":{"gitId":"njxue"},"content":"    public void readTasksFromStorage() {","lastModifiedDate":"2022-08-19"},{"lineNumber":59,"author":{"gitId":"njxue"},"content":"        System.out.print(\"Loading your tasks......\");","lastModifiedDate":"2022-08-19"},{"lineNumber":60,"author":{"gitId":"njxue"},"content":"        File file \u003d new File(taskStoragePath);","lastModifiedDate":"2022-08-19"},{"lineNumber":61,"author":{"gitId":"njxue"},"content":"        try {","lastModifiedDate":"2022-08-19"},{"lineNumber":62,"author":{"gitId":"njxue"},"content":"            Scanner sc \u003d new Scanner(file);","lastModifiedDate":"2022-08-19"},{"lineNumber":63,"author":{"gitId":"njxue"},"content":"            while (sc.hasNext()) {","lastModifiedDate":"2022-08-19"},{"lineNumber":64,"author":{"gitId":"njxue"},"content":"                Task task \u003d Task.getTaskFromString(sc.nextLine());","lastModifiedDate":"2022-08-19"},{"lineNumber":65,"author":{"gitId":"njxue"},"content":"                this.taskArr.add(task);","lastModifiedDate":"2022-08-19"},{"lineNumber":66,"author":{"gitId":"njxue"},"content":"            }","lastModifiedDate":"2022-08-19"},{"lineNumber":67,"author":{"gitId":"njxue"},"content":"            System.out.println(\"Successfully loaded all tasks! :)\");","lastModifiedDate":"2022-08-19"},{"lineNumber":68,"author":{"gitId":"njxue"},"content":"        } catch (FileNotFoundException fnfe) {","lastModifiedDate":"2022-08-19"},{"lineNumber":69,"author":{"gitId":"njxue"},"content":"            System.out.println(\"FAILED! Could not find storage file containing your tasks\");","lastModifiedDate":"2022-08-19"},{"lineNumber":70,"author":{"gitId":"njxue"},"content":"            System.out.println(\"Add a task to generate one!!!\");","lastModifiedDate":"2022-08-19"},{"lineNumber":71,"author":{"gitId":"njxue"},"content":"        }","lastModifiedDate":"2022-08-19"},{"lineNumber":72,"author":{"gitId":"njxue"},"content":"    }","lastModifiedDate":"2022-08-19"},{"lineNumber":73,"author":{"gitId":"njxue"},"content":"","lastModifiedDate":"2022-08-19"},{"lineNumber":74,"author":{"gitId":"njxue"},"content":"    public void addTask(Command command, String details) throws DukeException, IOException {","lastModifiedDate":"2022-08-19"},{"lineNumber":75,"author":{"gitId":"njxue"},"content":"        if (details.length() \u003d\u003d 0) {","lastModifiedDate":"2022-08-15"},{"lineNumber":76,"author":{"gitId":"njxue"},"content":"            throw new MissingArgumentException(command);","lastModifiedDate":"2022-08-15"},{"lineNumber":77,"author":{"gitId":"njxue"},"content":"        }","lastModifiedDate":"2022-08-15"},{"lineNumber":78,"author":{"gitId":"njxue"},"content":"        Task task;","lastModifiedDate":"2022-08-15"},{"lineNumber":79,"author":{"gitId":"njxue"},"content":"        switch (command) {","lastModifiedDate":"2022-08-15"},{"lineNumber":80,"author":{"gitId":"njxue"},"content":"            case TODO:","lastModifiedDate":"2022-08-15"},{"lineNumber":81,"author":{"gitId":"njxue"},"content":"                task \u003d new Todo(details);","lastModifiedDate":"2022-08-15"},{"lineNumber":82,"author":{"gitId":"njxue"},"content":"                this.taskArr.add(task);","lastModifiedDate":"2022-08-15"},{"lineNumber":83,"author":{"gitId":"njxue"},"content":"                break;","lastModifiedDate":"2022-08-15"},{"lineNumber":84,"author":{"gitId":"njxue"},"content":"            case DEADLINE:","lastModifiedDate":"2022-08-15"},{"lineNumber":85,"author":{"gitId":"njxue"},"content":"                String[] detailsArr \u003d details.split( \" /by \", 2);","lastModifiedDate":"2022-08-15"},{"lineNumber":86,"author":{"gitId":"njxue"},"content":"                if (detailsArr.length \u003c 2) { // Missing date","lastModifiedDate":"2022-08-15"},{"lineNumber":87,"author":{"gitId":"njxue"},"content":"                    throw new MissingArgumentException(command);","lastModifiedDate":"2022-08-15"},{"lineNumber":88,"author":{"gitId":"njxue"},"content":"                }","lastModifiedDate":"2022-08-15"},{"lineNumber":89,"author":{"gitId":"njxue"},"content":"                task \u003d new Deadline(detailsArr[0], detailsArr[1]);","lastModifiedDate":"2022-08-15"},{"lineNumber":90,"author":{"gitId":"njxue"},"content":"                this.taskArr.add(task);","lastModifiedDate":"2022-08-15"},{"lineNumber":91,"author":{"gitId":"njxue"},"content":"                break;","lastModifiedDate":"2022-08-15"},{"lineNumber":92,"author":{"gitId":"njxue"},"content":"            default: // EVENT","lastModifiedDate":"2022-08-15"},{"lineNumber":93,"author":{"gitId":"njxue"},"content":"                detailsArr \u003d details.split( \" /at \", 2);","lastModifiedDate":"2022-08-15"},{"lineNumber":94,"author":{"gitId":"njxue"},"content":"                if (detailsArr.length \u003c 2) { // Missing date","lastModifiedDate":"2022-08-15"},{"lineNumber":95,"author":{"gitId":"njxue"},"content":"                    throw new MissingArgumentException(command);","lastModifiedDate":"2022-08-15"},{"lineNumber":96,"author":{"gitId":"njxue"},"content":"                }","lastModifiedDate":"2022-08-15"},{"lineNumber":97,"author":{"gitId":"njxue"},"content":"                task \u003d new Event(detailsArr[0], detailsArr[1]);","lastModifiedDate":"2022-08-15"},{"lineNumber":98,"author":{"gitId":"njxue"},"content":"                this.taskArr.add(task);","lastModifiedDate":"2022-08-15"},{"lineNumber":99,"author":{"gitId":"njxue"},"content":"                break;","lastModifiedDate":"2022-08-15"},{"lineNumber":100,"author":{"gitId":"njxue"},"content":"        }","lastModifiedDate":"2022-08-15"},{"lineNumber":101,"author":{"gitId":"njxue"},"content":"        System.out.println(\"Got it. I\u0027ve added this task:\");","lastModifiedDate":"2022-08-15"},{"lineNumber":102,"author":{"gitId":"njxue"},"content":"        System.out.println(\"   \" + task);","lastModifiedDate":"2022-08-15"},{"lineNumber":103,"author":{"gitId":"njxue"},"content":"        System.out.println(\"Now, you have \" + this.taskArr.size() + \" tasks in the list\");","lastModifiedDate":"2022-08-15"},{"lineNumber":104,"author":{"gitId":"njxue"},"content":"        ","lastModifiedDate":"2022-08-19"},{"lineNumber":105,"author":{"gitId":"njxue"},"content":"    }","lastModifiedDate":"2022-08-15"},{"lineNumber":106,"author":{"gitId":"njxue"},"content":"","lastModifiedDate":"2022-08-15"},{"lineNumber":107,"author":{"gitId":"njxue"},"content":"    public void markTaskAsDone(int taskIndex) {","lastModifiedDate":"2022-08-15"},{"lineNumber":108,"author":{"gitId":"njxue"},"content":"        Task task \u003d this.taskArr.get(taskIndex);","lastModifiedDate":"2022-08-15"},{"lineNumber":109,"author":{"gitId":"njxue"},"content":"        task.markAsDone();","lastModifiedDate":"2022-08-15"},{"lineNumber":110,"author":{"gitId":"njxue"},"content":"        System.out.println(\"Nice! I\u0027ve marked this task as done: \");","lastModifiedDate":"2022-08-15"},{"lineNumber":111,"author":{"gitId":"njxue"},"content":"        System.out.println(\"   \" + task);","lastModifiedDate":"2022-08-15"},{"lineNumber":112,"author":{"gitId":"njxue"},"content":"    }","lastModifiedDate":"2022-08-15"},{"lineNumber":113,"author":{"gitId":"njxue"},"content":"","lastModifiedDate":"2022-08-15"},{"lineNumber":114,"author":{"gitId":"njxue"},"content":"    public void unmarkTaskAsDone(int taskIndex) {","lastModifiedDate":"2022-08-15"},{"lineNumber":115,"author":{"gitId":"njxue"},"content":"        Task task \u003d this.taskArr.get(taskIndex);","lastModifiedDate":"2022-08-15"},{"lineNumber":116,"author":{"gitId":"njxue"},"content":"        task.unmarkAsDone();","lastModifiedDate":"2022-08-15"},{"lineNumber":117,"author":{"gitId":"njxue"},"content":"        System.out.println(\"Sure! I\u0027ve marked this task as not yet done: \");","lastModifiedDate":"2022-08-15"},{"lineNumber":118,"author":{"gitId":"njxue"},"content":"        System.out.println(\"   \" + task);","lastModifiedDate":"2022-08-15"},{"lineNumber":119,"author":{"gitId":"njxue"},"content":"    }","lastModifiedDate":"2022-08-15"},{"lineNumber":120,"author":{"gitId":"njxue"},"content":"    ","lastModifiedDate":"2022-08-15"},{"lineNumber":121,"author":{"gitId":"njxue"},"content":"    public void deleteTask(int taskIndex) {","lastModifiedDate":"2022-08-15"},{"lineNumber":122,"author":{"gitId":"njxue"},"content":"        Task task \u003d this.taskArr.get(taskIndex);","lastModifiedDate":"2022-08-15"},{"lineNumber":123,"author":{"gitId":"njxue"},"content":"        this.taskArr.remove(taskIndex);","lastModifiedDate":"2022-08-15"},{"lineNumber":124,"author":{"gitId":"njxue"},"content":"        System.out.println(\"Swee! I\u0027ve removed this task: \");","lastModifiedDate":"2022-08-15"},{"lineNumber":125,"author":{"gitId":"njxue"},"content":"        System.out.println(\"   \" + task);","lastModifiedDate":"2022-08-15"},{"lineNumber":126,"author":{"gitId":"njxue"},"content":"        System.out.println(\"Now, you have \" + this.taskArr.size() + \" tasks in the list\");","lastModifiedDate":"2022-08-15"},{"lineNumber":127,"author":{"gitId":"njxue"},"content":"    }","lastModifiedDate":"2022-08-15"},{"lineNumber":128,"author":{"gitId":"njxue"},"content":"","lastModifiedDate":"2022-08-15"},{"lineNumber":129,"author":{"gitId":"njxue"},"content":"    public void editTask(Command command, String details) throws DukeException {","lastModifiedDate":"2022-08-15"},{"lineNumber":130,"author":{"gitId":"njxue"},"content":"        // missing task index","lastModifiedDate":"2022-08-15"},{"lineNumber":131,"author":{"gitId":"njxue"},"content":"        if (details.length() \u003d\u003d 0) {","lastModifiedDate":"2022-08-15"},{"lineNumber":132,"author":{"gitId":"njxue"},"content":"            throw new MissingArgumentException(command);","lastModifiedDate":"2022-08-15"},{"lineNumber":133,"author":{"gitId":"njxue"},"content":"        }","lastModifiedDate":"2022-08-15"},{"lineNumber":134,"author":{"gitId":"njxue"},"content":"        try {","lastModifiedDate":"2022-08-15"},{"lineNumber":135,"author":{"gitId":"njxue"},"content":"            int taskIndex \u003d Integer.parseInt(details) - 1;","lastModifiedDate":"2022-08-15"},{"lineNumber":136,"author":{"gitId":"njxue"},"content":"","lastModifiedDate":"2022-08-15"},{"lineNumber":137,"author":{"gitId":"njxue"},"content":"            // integer out of bounds","lastModifiedDate":"2022-08-15"},{"lineNumber":138,"author":{"gitId":"njxue"},"content":"            if (taskIndex \u003c 0 || taskIndex \u003e\u003d this.taskArr.size()) {","lastModifiedDate":"2022-08-15"},{"lineNumber":139,"author":{"gitId":"njxue"},"content":"                throw new TaskIndexOutOfBoundsException(taskIndex + 1, this.taskArr.size());","lastModifiedDate":"2022-08-15"},{"lineNumber":140,"author":{"gitId":"njxue"},"content":"            }","lastModifiedDate":"2022-08-15"},{"lineNumber":141,"author":{"gitId":"njxue"},"content":"            switch (command) {","lastModifiedDate":"2022-08-15"},{"lineNumber":142,"author":{"gitId":"njxue"},"content":"                case MARK:","lastModifiedDate":"2022-08-15"},{"lineNumber":143,"author":{"gitId":"njxue"},"content":"                    this.markTaskAsDone(taskIndex);","lastModifiedDate":"2022-08-15"},{"lineNumber":144,"author":{"gitId":"njxue"},"content":"                    break;","lastModifiedDate":"2022-08-15"},{"lineNumber":145,"author":{"gitId":"njxue"},"content":"                case UNMARK:","lastModifiedDate":"2022-08-15"},{"lineNumber":146,"author":{"gitId":"njxue"},"content":"                    this.unmarkTaskAsDone(taskIndex);","lastModifiedDate":"2022-08-15"},{"lineNumber":147,"author":{"gitId":"njxue"},"content":"                    break;","lastModifiedDate":"2022-08-15"},{"lineNumber":148,"author":{"gitId":"njxue"},"content":"                case DELETE:","lastModifiedDate":"2022-08-15"},{"lineNumber":149,"author":{"gitId":"njxue"},"content":"                    this.deleteTask(taskIndex);","lastModifiedDate":"2022-08-15"},{"lineNumber":150,"author":{"gitId":"njxue"},"content":"                    break;","lastModifiedDate":"2022-08-15"},{"lineNumber":151,"author":{"gitId":"njxue"},"content":"            }","lastModifiedDate":"2022-08-15"},{"lineNumber":152,"author":{"gitId":"njxue"},"content":"        } catch (NumberFormatException nfe) { // did not provide integer type as argument","lastModifiedDate":"2022-08-15"},{"lineNumber":153,"author":{"gitId":"njxue"},"content":"            throw new InvalidArgumentException(command, details);","lastModifiedDate":"2022-08-15"},{"lineNumber":154,"author":{"gitId":"njxue"},"content":"        }","lastModifiedDate":"2022-08-15"},{"lineNumber":155,"author":{"gitId":"njxue"},"content":"    }","lastModifiedDate":"2022-08-15"},{"lineNumber":156,"author":{"gitId":"njxue"},"content":"","lastModifiedDate":"2022-08-15"},{"lineNumber":157,"author":{"gitId":"njxue"},"content":"    public boolean readInput(String inputString) throws DukeException, IOException {","lastModifiedDate":"2022-08-19"},{"lineNumber":158,"author":{"gitId":"njxue"},"content":"        String[] inputStringArr \u003d inputString.split(\" \", 2);","lastModifiedDate":"2022-08-15"},{"lineNumber":159,"author":{"gitId":"njxue"},"content":"        String commandString \u003d inputStringArr[0].strip();","lastModifiedDate":"2022-08-15"},{"lineNumber":160,"author":{"gitId":"njxue"},"content":"        String detailsString \u003d inputStringArr.length \u003e 1 ? inputStringArr[1].strip() : \"\";","lastModifiedDate":"2022-08-15"},{"lineNumber":161,"author":{"gitId":"njxue"},"content":"","lastModifiedDate":"2022-08-15"},{"lineNumber":162,"author":{"gitId":"njxue"},"content":"        // command (input) is all whitespace","lastModifiedDate":"2022-08-15"},{"lineNumber":163,"author":{"gitId":"njxue"},"content":"        if (commandString.length() \u003d\u003d 0) {","lastModifiedDate":"2022-08-15"},{"lineNumber":164,"author":{"gitId":"njxue"},"content":"            return false;","lastModifiedDate":"2022-08-15"},{"lineNumber":165,"author":{"gitId":"njxue"},"content":"        }","lastModifiedDate":"2022-08-15"},{"lineNumber":166,"author":{"gitId":"njxue"},"content":"        ","lastModifiedDate":"2022-08-15"},{"lineNumber":167,"author":{"gitId":"njxue"},"content":"        // invalid command","lastModifiedDate":"2022-08-15"},{"lineNumber":168,"author":{"gitId":"njxue"},"content":"        if (!Command.isValidCommand(commandString)) {","lastModifiedDate":"2022-08-15"},{"lineNumber":169,"author":{"gitId":"njxue"},"content":"            throw new UnknownCommandException(commandString);","lastModifiedDate":"2022-08-15"},{"lineNumber":170,"author":{"gitId":"njxue"},"content":"        }","lastModifiedDate":"2022-08-15"},{"lineNumber":171,"author":{"gitId":"njxue"},"content":"","lastModifiedDate":"2022-08-15"},{"lineNumber":172,"author":{"gitId":"njxue"},"content":"        // valid commands","lastModifiedDate":"2022-08-15"},{"lineNumber":173,"author":{"gitId":"njxue"},"content":"        Command command \u003d Command.valueOf(commandString.toUpperCase());","lastModifiedDate":"2022-08-15"},{"lineNumber":174,"author":{"gitId":"njxue"},"content":"        switch (command) {","lastModifiedDate":"2022-08-15"},{"lineNumber":175,"author":{"gitId":"njxue"},"content":"            case BYE:","lastModifiedDate":"2022-08-15"},{"lineNumber":176,"author":{"gitId":"njxue"},"content":"                this.sayBye();","lastModifiedDate":"2022-08-15"},{"lineNumber":177,"author":{"gitId":"njxue"},"content":"                return true;","lastModifiedDate":"2022-08-15"},{"lineNumber":178,"author":{"gitId":"njxue"},"content":"            case LIST:","lastModifiedDate":"2022-08-15"},{"lineNumber":179,"author":{"gitId":"njxue"},"content":"                this.listTasks();","lastModifiedDate":"2022-08-15"},{"lineNumber":180,"author":{"gitId":"njxue"},"content":"                break;","lastModifiedDate":"2022-08-15"},{"lineNumber":181,"author":{"gitId":"njxue"},"content":"            case MARK:","lastModifiedDate":"2022-08-15"},{"lineNumber":182,"author":{"gitId":"njxue"},"content":"            case UNMARK:    ","lastModifiedDate":"2022-08-15"},{"lineNumber":183,"author":{"gitId":"njxue"},"content":"            case DELETE:","lastModifiedDate":"2022-08-15"},{"lineNumber":184,"author":{"gitId":"njxue"},"content":"                this.editTask(command, detailsString);","lastModifiedDate":"2022-08-15"},{"lineNumber":185,"author":{"gitId":"njxue"},"content":"                saveTasksToStorage();","lastModifiedDate":"2022-08-19"},{"lineNumber":186,"author":{"gitId":"njxue"},"content":"                break;","lastModifiedDate":"2022-08-15"},{"lineNumber":187,"author":{"gitId":"njxue"},"content":"            case TODO:","lastModifiedDate":"2022-08-15"},{"lineNumber":188,"author":{"gitId":"njxue"},"content":"            case EVENT:","lastModifiedDate":"2022-08-15"},{"lineNumber":189,"author":{"gitId":"njxue"},"content":"            case DEADLINE:","lastModifiedDate":"2022-08-15"},{"lineNumber":190,"author":{"gitId":"njxue"},"content":"                this.addTask(command, detailsString);","lastModifiedDate":"2022-08-15"},{"lineNumber":191,"author":{"gitId":"njxue"},"content":"                saveTasksToStorage();","lastModifiedDate":"2022-08-19"},{"lineNumber":192,"author":{"gitId":"njxue"},"content":"                break;","lastModifiedDate":"2022-08-15"},{"lineNumber":193,"author":{"gitId":"njxue"},"content":"        }","lastModifiedDate":"2022-08-15"},{"lineNumber":194,"author":{"gitId":"njxue"},"content":"        return false;","lastModifiedDate":"2022-08-15"},{"lineNumber":195,"author":{"gitId":"njxue"},"content":"    }","lastModifiedDate":"2022-08-15"},{"lineNumber":196,"author":{"gitId":"njxue"},"content":"","lastModifiedDate":"2022-08-15"},{"lineNumber":197,"author":{"gitId":"njxue"},"content":"    public void start() {","lastModifiedDate":"2022-08-15"},{"lineNumber":198,"author":{"gitId":"njxue"},"content":"        Scanner scanner \u003d new Scanner(System.in);","lastModifiedDate":"2022-08-15"},{"lineNumber":199,"author":{"gitId":"njxue"},"content":"        readTasksFromStorage();","lastModifiedDate":"2022-08-19"},{"lineNumber":200,"author":{"gitId":"njxue"},"content":"        this.greetUser();","lastModifiedDate":"2022-08-15"},{"lineNumber":201,"author":{"gitId":"njxue"},"content":"","lastModifiedDate":"2022-08-15"},{"lineNumber":202,"author":{"gitId":"njxue"},"content":"        boolean end \u003d false;","lastModifiedDate":"2022-08-15"},{"lineNumber":203,"author":{"gitId":"njxue"},"content":"     ","lastModifiedDate":"2022-08-19"},{"lineNumber":204,"author":{"gitId":"njxue"},"content":"","lastModifiedDate":"2022-08-15"},{"lineNumber":205,"author":{"gitId":"njxue"},"content":"        while (!end) {","lastModifiedDate":"2022-08-15"},{"lineNumber":206,"author":{"gitId":"njxue"},"content":"            System.out.print(\"\\n\u003e\u003e\u003e \");","lastModifiedDate":"2022-08-15"},{"lineNumber":207,"author":{"gitId":"njxue"},"content":"            String inputString \u003d scanner.nextLine().strip();","lastModifiedDate":"2022-08-15"},{"lineNumber":208,"author":{"gitId":"njxue"},"content":"            try {","lastModifiedDate":"2022-08-15"},{"lineNumber":209,"author":{"gitId":"njxue"},"content":"                end \u003d readInput(inputString);","lastModifiedDate":"2022-08-15"},{"lineNumber":210,"author":{"gitId":"njxue"},"content":"            } catch (DukeException de) {","lastModifiedDate":"2022-08-15"},{"lineNumber":211,"author":{"gitId":"njxue"},"content":"                System.out.println(de.getMessage());","lastModifiedDate":"2022-08-15"},{"lineNumber":212,"author":{"gitId":"njxue"},"content":"            } catch (IOException ioe) {","lastModifiedDate":"2022-08-19"},{"lineNumber":213,"author":{"gitId":"njxue"},"content":"                System.out.println(\"Unable to save task :(\");","lastModifiedDate":"2022-08-19"},{"lineNumber":214,"author":{"gitId":"njxue"},"content":"            }","lastModifiedDate":"2022-08-15"},{"lineNumber":215,"author":{"gitId":"njxue"},"content":"        }","lastModifiedDate":"2022-08-15"},{"lineNumber":216,"author":{"gitId":"-"},"content":"    }","lastModifiedDate":"2019-07-29"},{"lineNumber":217,"author":{"gitId":"njxue"},"content":"","lastModifiedDate":"2022-08-15"},{"lineNumber":218,"author":{"gitId":"njxue"},"content":"    public static void main(String[] args) {","lastModifiedDate":"2022-08-15"},{"lineNumber":219,"author":{"gitId":"njxue"},"content":"        Duke duke \u003d new Duke();","lastModifiedDate":"2022-08-15"},{"lineNumber":220,"author":{"gitId":"njxue"},"content":"        duke.start();","lastModifiedDate":"2022-08-15"},{"lineNumber":221,"author":{"gitId":"-"},"content":"    }","lastModifiedDate":"2022-08-15"},{"lineNumber":222,"author":{"gitId":"-"},"content":"}","lastModifiedDate":"2019-07-29"}],"authorContributionMap":{"njxue":213,"-":9}},{"path":"src/main/java/DukeException.java","fileType":"java","lines":[{"lineNumber":1,"author":{"gitId":"njxue"},"content":"public class DukeException extends Exception {","lastModifiedDate":"2022-08-15"},{"lineNumber":2,"author":{"gitId":"njxue"},"content":"    public DukeException(String message) {","lastModifiedDate":"2022-08-15"},{"lineNumber":3,"author":{"gitId":"njxue"},"content":"        super(message);","lastModifiedDate":"2022-08-15"},{"lineNumber":4,"author":{"gitId":"njxue"},"content":"    }","lastModifiedDate":"2022-08-15"},{"lineNumber":5,"author":{"gitId":"njxue"},"content":"}","lastModifiedDate":"2022-08-15"}],"authorContributionMap":{"njxue":5}},{"path":"src/main/java/Event.java","fileType":"java","lines":[{"lineNumber":1,"author":{"gitId":"njxue"},"content":"import java.time.LocalDateTime;","lastModifiedDate":"2022-08-20"},{"lineNumber":2,"author":{"gitId":"njxue"},"content":"import java.time.format.DateTimeFormatter;","lastModifiedDate":"2022-08-19"},{"lineNumber":3,"author":{"gitId":"njxue"},"content":"","lastModifiedDate":"2022-08-19"},{"lineNumber":4,"author":{"gitId":"njxue"},"content":"public class Event extends Task {","lastModifiedDate":"2022-08-15"},{"lineNumber":5,"author":{"gitId":"njxue"},"content":"    protected LocalDateTime dateTime;","lastModifiedDate":"2022-08-20"},{"lineNumber":6,"author":{"gitId":"njxue"},"content":"","lastModifiedDate":"2022-08-15"},{"lineNumber":7,"author":{"gitId":"njxue"},"content":"    public Event(String description, String at) {","lastModifiedDate":"2022-08-15"},{"lineNumber":8,"author":{"gitId":"njxue"},"content":"        super(description);","lastModifiedDate":"2022-08-15"},{"lineNumber":9,"author":{"gitId":"njxue"},"content":"        String[] dateTimeSplit \u003d at.split(\"[ T]\");","lastModifiedDate":"2022-08-20"},{"lineNumber":10,"author":{"gitId":"njxue"},"content":"        String isoDateFormat \u003d \"\";","lastModifiedDate":"2022-08-20"},{"lineNumber":11,"author":{"gitId":"njxue"},"content":"        if (dateTimeSplit.length \u003d\u003d 1) {","lastModifiedDate":"2022-08-20"},{"lineNumber":12,"author":{"gitId":"njxue"},"content":"            isoDateFormat \u003d String.format(\"%sT23:59\",dateTimeSplit[0]);","lastModifiedDate":"2022-08-20"},{"lineNumber":13,"author":{"gitId":"njxue"},"content":"        } else {","lastModifiedDate":"2022-08-19"},{"lineNumber":14,"author":{"gitId":"njxue"},"content":"            isoDateFormat \u003d String.format(\"%sT%s\", dateTimeSplit[0], dateTimeSplit[1]);","lastModifiedDate":"2022-08-20"},{"lineNumber":15,"author":{"gitId":"njxue"},"content":"        }","lastModifiedDate":"2022-08-19"},{"lineNumber":16,"author":{"gitId":"njxue"},"content":"        this.dateTime\u003d LocalDateTime.parse(isoDateFormat);","lastModifiedDate":"2022-08-20"},{"lineNumber":17,"author":{"gitId":"njxue"},"content":"    }","lastModifiedDate":"2022-08-15"},{"lineNumber":18,"author":{"gitId":"njxue"},"content":"","lastModifiedDate":"2022-08-15"},{"lineNumber":19,"author":{"gitId":"njxue"},"content":"    @Override","lastModifiedDate":"2022-08-15"},{"lineNumber":20,"author":{"gitId":"njxue"},"content":"    public String toString() {","lastModifiedDate":"2022-08-15"},{"lineNumber":21,"author":{"gitId":"njxue"},"content":"        DateTimeFormatter formatter \u003d DateTimeFormatter.ofPattern(\"dd MMM yyyy, HH:mm\");","lastModifiedDate":"2022-08-20"},{"lineNumber":22,"author":{"gitId":"njxue"},"content":"        String formattedDateTime \u003d this.dateTime.format(formatter);","lastModifiedDate":"2022-08-20"},{"lineNumber":23,"author":{"gitId":"njxue"},"content":"        return String.format(\"[E]%s (by: %s)\", super.toString(), formattedDateTime);","lastModifiedDate":"2022-08-20"},{"lineNumber":24,"author":{"gitId":"njxue"},"content":"    }","lastModifiedDate":"2022-08-15"},{"lineNumber":25,"author":{"gitId":"njxue"},"content":"","lastModifiedDate":"2022-08-19"},{"lineNumber":26,"author":{"gitId":"njxue"},"content":"    @Override","lastModifiedDate":"2022-08-19"},{"lineNumber":27,"author":{"gitId":"njxue"},"content":"    public String toFileFormatString() {","lastModifiedDate":"2022-08-19"},{"lineNumber":28,"author":{"gitId":"njxue"},"content":"        return \"E\" + super.toFileFormatString() + description + \"|\" + dateTime;","lastModifiedDate":"2022-08-20"},{"lineNumber":29,"author":{"gitId":"njxue"},"content":"    }","lastModifiedDate":"2022-08-19"},{"lineNumber":30,"author":{"gitId":"njxue"},"content":"}","lastModifiedDate":"2022-08-15"}],"authorContributionMap":{"njxue":30}},{"path":"src/main/java/InvalidArgumentException.java","fileType":"java","lines":[{"lineNumber":1,"author":{"gitId":"njxue"},"content":"public class InvalidArgumentException extends DukeException {","lastModifiedDate":"2022-08-15"},{"lineNumber":2,"author":{"gitId":"njxue"},"content":"    public InvalidArgumentException(Command command, String argument) {","lastModifiedDate":"2022-08-15"},{"lineNumber":3,"author":{"gitId":"njxue"},"content":"        super(\"Invalid command-line argument for the [\" + command + \"] command: \" + argument + \"\\nUsage: \" + command.getFormat());","lastModifiedDate":"2022-08-15"},{"lineNumber":4,"author":{"gitId":"njxue"},"content":"    }","lastModifiedDate":"2022-08-15"},{"lineNumber":5,"author":{"gitId":"njxue"},"content":"}","lastModifiedDate":"2022-08-15"}],"authorContributionMap":{"njxue":5}},{"path":"src/main/java/MissingArgumentException.java","fileType":"java","lines":[{"lineNumber":1,"author":{"gitId":"njxue"},"content":"public class MissingArgumentException extends DukeException{","lastModifiedDate":"2022-08-15"},{"lineNumber":2,"author":{"gitId":"njxue"},"content":"    public MissingArgumentException(Command command) {","lastModifiedDate":"2022-08-15"},{"lineNumber":3,"author":{"gitId":"njxue"},"content":"        super(\"OOOOF! You are missing an/some argument(s) for the [\" + command + \"] command!\\nUsage: \" + command.getFormat());","lastModifiedDate":"2022-08-15"},{"lineNumber":4,"author":{"gitId":"njxue"},"content":"    }","lastModifiedDate":"2022-08-15"},{"lineNumber":5,"author":{"gitId":"njxue"},"content":"}","lastModifiedDate":"2022-08-15"}],"authorContributionMap":{"njxue":5}},{"path":"src/main/java/Task.java","fileType":"java","lines":[{"lineNumber":1,"author":{"gitId":"njxue"},"content":"public class Task {","lastModifiedDate":"2022-08-15"},{"lineNumber":2,"author":{"gitId":"njxue"},"content":"    protected String description;","lastModifiedDate":"2022-08-15"},{"lineNumber":3,"author":{"gitId":"njxue"},"content":"    protected boolean isDone;","lastModifiedDate":"2022-08-15"},{"lineNumber":4,"author":{"gitId":"njxue"},"content":"","lastModifiedDate":"2022-08-15"},{"lineNumber":5,"author":{"gitId":"njxue"},"content":"    public Task(String description) {","lastModifiedDate":"2022-08-15"},{"lineNumber":6,"author":{"gitId":"njxue"},"content":"        this.description \u003d description;","lastModifiedDate":"2022-08-15"},{"lineNumber":7,"author":{"gitId":"njxue"},"content":"        this.isDone \u003d false;","lastModifiedDate":"2022-08-15"},{"lineNumber":8,"author":{"gitId":"njxue"},"content":"    }","lastModifiedDate":"2022-08-15"},{"lineNumber":9,"author":{"gitId":"njxue"},"content":"    ","lastModifiedDate":"2022-08-15"},{"lineNumber":10,"author":{"gitId":"njxue"},"content":"    ","lastModifiedDate":"2022-08-19"},{"lineNumber":11,"author":{"gitId":"njxue"},"content":"    public static Task getTaskFromString(String fileFormatString) {","lastModifiedDate":"2022-08-19"},{"lineNumber":12,"author":{"gitId":"njxue"},"content":"        String[] taskSplit \u003d fileFormatString.split(\"\\\\|\");","lastModifiedDate":"2022-08-19"},{"lineNumber":13,"author":{"gitId":"njxue"},"content":"        String taskSymbol \u003d taskSplit[0];","lastModifiedDate":"2022-08-19"},{"lineNumber":14,"author":{"gitId":"njxue"},"content":"        boolean isComplete \u003d taskSplit[1].equals(\"1\");","lastModifiedDate":"2022-08-19"},{"lineNumber":15,"author":{"gitId":"njxue"},"content":"        String taskDescription \u003d taskSplit[2];","lastModifiedDate":"2022-08-19"},{"lineNumber":16,"author":{"gitId":"njxue"},"content":"        Task task;","lastModifiedDate":"2022-08-19"},{"lineNumber":17,"author":{"gitId":"njxue"},"content":"        ","lastModifiedDate":"2022-08-19"},{"lineNumber":18,"author":{"gitId":"njxue"},"content":"        if (taskSymbol.equals(\"T\")) {","lastModifiedDate":"2022-08-19"},{"lineNumber":19,"author":{"gitId":"njxue"},"content":"            task \u003d new Todo(taskDescription);","lastModifiedDate":"2022-08-19"},{"lineNumber":20,"author":{"gitId":"njxue"},"content":"        } else if (taskSymbol.equals(\"D\")) {","lastModifiedDate":"2022-08-19"},{"lineNumber":21,"author":{"gitId":"njxue"},"content":"            String deadline \u003d taskSplit[3];","lastModifiedDate":"2022-08-19"},{"lineNumber":22,"author":{"gitId":"njxue"},"content":"            task \u003d new Deadline(taskDescription, deadline);","lastModifiedDate":"2022-08-19"},{"lineNumber":23,"author":{"gitId":"njxue"},"content":"        } else {","lastModifiedDate":"2022-08-19"},{"lineNumber":24,"author":{"gitId":"njxue"},"content":"            String time \u003d taskSplit[3];","lastModifiedDate":"2022-08-19"},{"lineNumber":25,"author":{"gitId":"njxue"},"content":"            task \u003d new Event(taskDescription, time);","lastModifiedDate":"2022-08-19"},{"lineNumber":26,"author":{"gitId":"njxue"},"content":"        }","lastModifiedDate":"2022-08-19"},{"lineNumber":27,"author":{"gitId":"njxue"},"content":"        ","lastModifiedDate":"2022-08-19"},{"lineNumber":28,"author":{"gitId":"njxue"},"content":"        if (isComplete) {","lastModifiedDate":"2022-08-19"},{"lineNumber":29,"author":{"gitId":"njxue"},"content":"            task.markAsDone();","lastModifiedDate":"2022-08-19"},{"lineNumber":30,"author":{"gitId":"njxue"},"content":"        }","lastModifiedDate":"2022-08-19"},{"lineNumber":31,"author":{"gitId":"njxue"},"content":"        return task;","lastModifiedDate":"2022-08-19"},{"lineNumber":32,"author":{"gitId":"njxue"},"content":"    }","lastModifiedDate":"2022-08-19"},{"lineNumber":33,"author":{"gitId":"njxue"},"content":"","lastModifiedDate":"2022-08-19"},{"lineNumber":34,"author":{"gitId":"njxue"},"content":"    public String getStatusIcon() {","lastModifiedDate":"2022-08-15"},{"lineNumber":35,"author":{"gitId":"njxue"},"content":"        return isDone ? \"X\" : \" \";","lastModifiedDate":"2022-08-15"},{"lineNumber":36,"author":{"gitId":"njxue"},"content":"    }","lastModifiedDate":"2022-08-15"},{"lineNumber":37,"author":{"gitId":"njxue"},"content":"","lastModifiedDate":"2022-08-15"},{"lineNumber":38,"author":{"gitId":"njxue"},"content":"    public void markAsDone() {","lastModifiedDate":"2022-08-15"},{"lineNumber":39,"author":{"gitId":"njxue"},"content":"        this.isDone \u003d true;","lastModifiedDate":"2022-08-15"},{"lineNumber":40,"author":{"gitId":"njxue"},"content":"    }","lastModifiedDate":"2022-08-15"},{"lineNumber":41,"author":{"gitId":"njxue"},"content":"","lastModifiedDate":"2022-08-15"},{"lineNumber":42,"author":{"gitId":"njxue"},"content":"    public void unmarkAsDone() {","lastModifiedDate":"2022-08-15"},{"lineNumber":43,"author":{"gitId":"njxue"},"content":"        this.isDone \u003d false;","lastModifiedDate":"2022-08-15"},{"lineNumber":44,"author":{"gitId":"njxue"},"content":"    }","lastModifiedDate":"2022-08-15"},{"lineNumber":45,"author":{"gitId":"njxue"},"content":"","lastModifiedDate":"2022-08-15"},{"lineNumber":46,"author":{"gitId":"njxue"},"content":"    public String getDescription() {","lastModifiedDate":"2022-08-15"},{"lineNumber":47,"author":{"gitId":"njxue"},"content":"        return this.description;","lastModifiedDate":"2022-08-15"},{"lineNumber":48,"author":{"gitId":"njxue"},"content":"    }","lastModifiedDate":"2022-08-15"},{"lineNumber":49,"author":{"gitId":"njxue"},"content":"","lastModifiedDate":"2022-08-15"},{"lineNumber":50,"author":{"gitId":"njxue"},"content":"    @Override","lastModifiedDate":"2022-08-15"},{"lineNumber":51,"author":{"gitId":"njxue"},"content":"    public String toString() {","lastModifiedDate":"2022-08-15"},{"lineNumber":52,"author":{"gitId":"njxue"},"content":"        return \"[\" + this.getStatusIcon() + \"] \" + this.getDescription();","lastModifiedDate":"2022-08-15"},{"lineNumber":53,"author":{"gitId":"njxue"},"content":"    }","lastModifiedDate":"2022-08-15"},{"lineNumber":54,"author":{"gitId":"njxue"},"content":"    ","lastModifiedDate":"2022-08-19"},{"lineNumber":55,"author":{"gitId":"njxue"},"content":"    public String toFileFormatString() {","lastModifiedDate":"2022-08-19"},{"lineNumber":56,"author":{"gitId":"njxue"},"content":"        int i \u003d this.isDone ? 1 : 0;","lastModifiedDate":"2022-08-19"},{"lineNumber":57,"author":{"gitId":"njxue"},"content":"        return \"|\" + i + \"|\";","lastModifiedDate":"2022-08-19"},{"lineNumber":58,"author":{"gitId":"njxue"},"content":"    }","lastModifiedDate":"2022-08-19"},{"lineNumber":59,"author":{"gitId":"njxue"},"content":"}","lastModifiedDate":"2022-08-15"}],"authorContributionMap":{"njxue":59}},{"path":"src/main/java/TaskIndexOutOfBoundsException.java","fileType":"java","lines":[{"lineNumber":1,"author":{"gitId":"njxue"},"content":"public class TaskIndexOutOfBoundsException extends DukeException {","lastModifiedDate":"2022-08-15"},{"lineNumber":2,"author":{"gitId":"njxue"},"content":"    public TaskIndexOutOfBoundsException(int providedIndex, int maxIndex) {","lastModifiedDate":"2022-08-15"},{"lineNumber":3,"author":{"gitId":"njxue"},"content":"        super(maxIndex \u003d\u003d 0 ? \"You have no tasks!\" :","lastModifiedDate":"2022-08-15"},{"lineNumber":4,"author":{"gitId":"njxue"},"content":"                \"The provided task index \" + providedIndex + \" is out of range! Accepted Range: [1, \" + maxIndex + \"]\");","lastModifiedDate":"2022-08-15"},{"lineNumber":5,"author":{"gitId":"njxue"},"content":"    }","lastModifiedDate":"2022-08-15"},{"lineNumber":6,"author":{"gitId":"njxue"},"content":"}","lastModifiedDate":"2022-08-15"}],"authorContributionMap":{"njxue":6}},{"path":"src/main/java/Todo.java","fileType":"java","lines":[{"lineNumber":1,"author":{"gitId":"njxue"},"content":"public class Todo extends Task {","lastModifiedDate":"2022-08-15"},{"lineNumber":2,"author":{"gitId":"njxue"},"content":"    public Todo(String description) {","lastModifiedDate":"2022-08-15"},{"lineNumber":3,"author":{"gitId":"njxue"},"content":"        super(description);","lastModifiedDate":"2022-08-15"},{"lineNumber":4,"author":{"gitId":"njxue"},"content":"    }","lastModifiedDate":"2022-08-15"},{"lineNumber":5,"author":{"gitId":"njxue"},"content":"","lastModifiedDate":"2022-08-15"},{"lineNumber":6,"author":{"gitId":"njxue"},"content":"    @Override","lastModifiedDate":"2022-08-15"},{"lineNumber":7,"author":{"gitId":"njxue"},"content":"    public String toString() {","lastModifiedDate":"2022-08-15"},{"lineNumber":8,"author":{"gitId":"njxue"},"content":"        return \"[T]\" + super.toString();","lastModifiedDate":"2022-08-15"},{"lineNumber":9,"author":{"gitId":"njxue"},"content":"    }","lastModifiedDate":"2022-08-15"},{"lineNumber":10,"author":{"gitId":"njxue"},"content":"    ","lastModifiedDate":"2022-08-19"},{"lineNumber":11,"author":{"gitId":"njxue"},"content":"    @Override","lastModifiedDate":"2022-08-19"},{"lineNumber":12,"author":{"gitId":"njxue"},"content":"    public String toFileFormatString() {","lastModifiedDate":"2022-08-19"},{"lineNumber":13,"author":{"gitId":"njxue"},"content":"        return \"T\" + super.toFileFormatString() + description;","lastModifiedDate":"2022-08-19"},{"lineNumber":14,"author":{"gitId":"njxue"},"content":"    }","lastModifiedDate":"2022-08-19"},{"lineNumber":15,"author":{"gitId":"njxue"},"content":"}","lastModifiedDate":"2022-08-15"}],"authorContributionMap":{"njxue":15}},{"path":"src/main/java/UnknownCommandException.java","fileType":"java","lines":[{"lineNumber":1,"author":{"gitId":"njxue"},"content":"public class UnknownCommandException extends DukeException {","lastModifiedDate":"2022-08-15"},{"lineNumber":2,"author":{"gitId":"njxue"},"content":"    public UnknownCommandException(String invalidCommand) {","lastModifiedDate":"2022-08-15"},{"lineNumber":3,"author":{"gitId":"njxue"},"content":"        super(invalidCommand + \" is not a valid command!\");","lastModifiedDate":"2022-08-15"},{"lineNumber":4,"author":{"gitId":"njxue"},"content":"    }","lastModifiedDate":"2022-08-15"},{"lineNumber":5,"author":{"gitId":"njxue"},"content":"}","lastModifiedDate":"2022-08-15"}],"authorContributionMap":{"njxue":5}},{"path":"text-ui-test/input.txt","fileType":"txt","lines":[{"lineNumber":1,"author":{"gitId":"njxue"},"content":"todo todo this","lastModifiedDate":"2022-08-15"},{"lineNumber":2,"author":{"gitId":"njxue"},"content":"todo ","lastModifiedDate":"2022-08-15"},{"lineNumber":3,"author":{"gitId":"njxue"},"content":"list","lastModifiedDate":"2022-08-15"},{"lineNumber":4,"author":{"gitId":"njxue"},"content":"deadline ","lastModifiedDate":"2022-08-15"},{"lineNumber":5,"author":{"gitId":"njxue"},"content":"deadline task with deadline","lastModifiedDate":"2022-08-15"},{"lineNumber":6,"author":{"gitId":"njxue"},"content":"deadline task with deadline /by ","lastModifiedDate":"2022-08-15"},{"lineNumber":7,"author":{"gitId":"njxue"},"content":"deadline task with deadline /by Monday","lastModifiedDate":"2022-08-15"},{"lineNumber":8,"author":{"gitId":"njxue"},"content":"list","lastModifiedDate":"2022-08-15"},{"lineNumber":9,"author":{"gitId":"njxue"},"content":"event","lastModifiedDate":"2022-08-15"},{"lineNumber":10,"author":{"gitId":"njxue"},"content":"event some event","lastModifiedDate":"2022-08-15"},{"lineNumber":11,"author":{"gitId":"njxue"},"content":"event some event /at","lastModifiedDate":"2022-08-15"},{"lineNumber":12,"author":{"gitId":"njxue"},"content":"event some event /at Sunday","lastModifiedDate":"2022-08-15"},{"lineNumber":13,"author":{"gitId":"njxue"},"content":"list","lastModifiedDate":"2022-08-15"},{"lineNumber":14,"author":{"gitId":"njxue"},"content":"mark 1","lastModifiedDate":"2022-08-15"},{"lineNumber":15,"author":{"gitId":"njxue"},"content":"list","lastModifiedDate":"2022-08-15"},{"lineNumber":16,"author":{"gitId":"njxue"},"content":"mark","lastModifiedDate":"2022-08-15"},{"lineNumber":17,"author":{"gitId":"njxue"},"content":"mark 0","lastModifiedDate":"2022-08-15"},{"lineNumber":18,"author":{"gitId":"njxue"},"content":"mark foo","lastModifiedDate":"2022-08-15"},{"lineNumber":19,"author":{"gitId":"njxue"},"content":"mark 999","lastModifiedDate":"2022-08-15"},{"lineNumber":20,"author":{"gitId":"njxue"},"content":"unmark 1","lastModifiedDate":"2022-08-15"},{"lineNumber":21,"author":{"gitId":"njxue"},"content":"list","lastModifiedDate":"2022-08-15"},{"lineNumber":22,"author":{"gitId":"njxue"},"content":"unmark","lastModifiedDate":"2022-08-15"},{"lineNumber":23,"author":{"gitId":"njxue"},"content":"unmark 0","lastModifiedDate":"2022-08-15"},{"lineNumber":24,"author":{"gitId":"njxue"},"content":"mark foo","lastModifiedDate":"2022-08-15"},{"lineNumber":25,"author":{"gitId":"njxue"},"content":"unmark 999","lastModifiedDate":"2022-08-15"},{"lineNumber":26,"author":{"gitId":"njxue"},"content":"delete 0","lastModifiedDate":"2022-08-15"},{"lineNumber":27,"author":{"gitId":"njxue"},"content":"delete 999","lastModifiedDate":"2022-08-15"},{"lineNumber":28,"author":{"gitId":"njxue"},"content":"delete","lastModifiedDate":"2022-08-15"},{"lineNumber":29,"author":{"gitId":"njxue"},"content":"delete 1","lastModifiedDate":"2022-08-15"},{"lineNumber":30,"author":{"gitId":"njxue"},"content":"list","lastModifiedDate":"2022-08-15"},{"lineNumber":31,"author":{"gitId":"njxue"},"content":"delete 1","lastModifiedDate":"2022-08-15"},{"lineNumber":32,"author":{"gitId":"njxue"},"content":"list","lastModifiedDate":"2022-08-15"},{"lineNumber":33,"author":{"gitId":"njxue"},"content":"delete 1","lastModifiedDate":"2022-08-15"},{"lineNumber":34,"author":{"gitId":"njxue"},"content":"list","lastModifiedDate":"2022-08-15"},{"lineNumber":35,"author":{"gitId":"njxue"},"content":"delete 1","lastModifiedDate":"2022-08-15"},{"lineNumber":36,"author":{"gitId":"njxue"},"content":"foo","lastModifiedDate":"2022-08-15"},{"lineNumber":37,"author":{"gitId":"njxue"},"content":"bar","lastModifiedDate":"2022-08-15"},{"lineNumber":38,"author":{"gitId":"njxue"},"content":"      ","lastModifiedDate":"2022-08-15"},{"lineNumber":39,"author":{"gitId":"njxue"},"content":"bye","lastModifiedDate":"2022-08-15"}],"authorContributionMap":{"njxue":39}}]
