{"authorDailyContributionsMap":{"Jonaspng":[{"date":"2022-08-12","commitResults":[{"hash":"599d968a6d7247ee5f76b3506a1ba9bc71ff4dfb","messageTitle":"Implemented Level 1","messageBody":"","fileTypesAndContributionMap":{"java":{"insertions":36,"deletions":6}}}]},{"date":"2022-08-13","commitResults":[{"hash":"2816405d1ac13570c93bdb690cd370acd5738d2f","messageTitle":"Added java docs","messageBody":"","tags":["Level-1"],"fileTypesAndContributionMap":{"java":{"insertions":12,"deletions":1}}},{"hash":"7741442b8aa7846c0291806f32eb40ff36c8963d","messageTitle":"Implemented Level 2","messageBody":"","fileTypesAndContributionMap":{"java":{"insertions":88,"deletions":4}}},{"hash":"349017c85cf2991505890e9a98f880782091a1ae","messageTitle":"changed : to . instead for item list","messageBody":"","tags":["Level-2"],"fileTypesAndContributionMap":{"java":{"insertions":1,"deletions":1}}},{"hash":"3339e1850e0de2696d83409f99c63a41c48183c6","messageTitle":"Implemented level 3","messageBody":"","tags":["Level-3"],"fileTypesAndContributionMap":{"java":{"insertions":75,"deletions":13}}},{"hash":"f0b0773523b4138c81fb6483a51f2649ceee9019","messageTitle":"implemented level 4","messageBody":"","tags":["Level-4"],"fileTypesAndContributionMap":{"java":{"insertions":97,"deletions":14}}},{"hash":"56b759a813571a9987ac33392c391038a50baf2a","messageTitle":"implemented automated text ui testing","messageBody":"","fileTypesAndContributionMap":{"txt":{"insertions":10,"deletions":0}}},{"hash":"8d39690aa14c4c3e8623fedfaafd2531a4f6e264","messageTitle":"implemented exception handling","messageBody":"","tags":["Level-5","A-TextUiTesting"],"fileTypesAndContributionMap":{"java":{"insertions":171,"deletions":68}}},{"hash":"f2b6252091fd758bacefd97dde4f1c9c2255f998","messageTitle":"Implemented level 6","messageBody":"","tags":["Level-6"],"fileTypesAndContributionMap":{"java":{"insertions":45,"deletions":11}}},{"hash":"3f4a07f37cbb805c6a7540b920297bca66d9a577","messageTitle":"swtiched to using enum","messageBody":"","tags":["A-Enums"],"fileTypesAndContributionMap":{"java":{"insertions":68,"deletions":37}}}]},{"date":"2022-08-19","commitResults":[{"hash":"a880a08c569144cedc34c0d032706c7c8b994061","messageTitle":"Implemented level 7","messageBody":"","tags":["Level-7"],"fileTypesAndContributionMap":{"txt":{"insertions":6,"deletions":0},"java":{"insertions":181,"deletions":42}}},{"hash":"a8658f1d8cf920f06b629f1c754452519f7c84ab","messageTitle":"Implement Date for deadline and events","messageBody":"","tags":["Level-8"],"fileTypesAndContributionMap":{"txt":{"insertions":2,"deletions":2},"java":{"insertions":26,"deletions":8}}},{"hash":"182ea822965ed021e6b14fab4b297ce20adc7183","messageTitle":"Implement more classes for OOP","messageBody":"","tags":["A-MoreOOP"],"fileTypesAndContributionMap":{"txt":{"insertions":2,"deletions":5},"java":{"insertions":383,"deletions":242}}},{"hash":"7969af1349d9dc98d12e07be7c2ee5f15343daad","messageTitle":"Implement duke package","messageBody":"","fileTypesAndContributionMap":{"txt":{"insertions":2,"deletions":1},"java":{"insertions":36,"deletions":2}}}]},{"date":"2022-08-20","commitResults":[{"hash":"6e66095cdb4e72caf08b455de80b4679f370c97f","messageTitle":"Add gradle","messageBody":"","tags":["A-Packages","A-Gradle"],"fileTypesAndContributionMap":{"gradle":{"insertions":1,"deletions":1},"txt":{"insertions":2,"deletions":1},"java":{"insertions":1,"deletions":1}}},{"hash":"187f45fed9b01b1e7a7ce65c15a320f32c980c31","messageTitle":"Add junit tests","messageBody":"","tags":["A-JUnit"],"fileTypesAndContributionMap":{"txt":{"insertions":1,"deletions":0},"java":{"insertions":110,"deletions":5}}},{"hash":"2ff48d38429947ac42df9d15454cd375e53c5bfd","messageTitle":"Change gradle settings for .jar file","messageBody":"","tags":["A-Jar"],"fileTypesAndContributionMap":{"gradle":{"insertions":1,"deletions":1}}},{"hash":"adaad25ad14a03654d71b03d21546d11e249313e","messageTitle":"Add java docs","messageBody":"","fileTypesAndContributionMap":{"java":{"insertions":232,"deletions":59}}},{"hash":"fbfc81dd6c0dddef16e0e19100791120f2dc6b31","messageTitle":"Follow java coding standard","messageBody":"","fileTypesAndContributionMap":{"java":{"insertions":11,"deletions":11},"bat":{"insertions":1,"deletions":1},"sh":{"insertions":1,"deletions":1}}},{"hash":"987142ac2c85561d11f92c58eb507c9b9244194c","messageTitle":"Implement java coding standard to java doc","messageBody":"","fileTypesAndContributionMap":{"java":{"insertions":83,"deletions":96}}},{"hash":"f655855a9e5b1f6dde6422d8d730ea38df26f811","messageTitle":"Implement find task functionality","messageBody":"","tags":["Level-9"],"fileTypesAndContributionMap":{"txt":{"insertions":1,"deletions":1},"java":{"insertions":31,"deletions":1}}},{"hash":"3517fe065d69c1572cadd67ed5d08ec8a61a4781","messageTitle":"Add more java docs","messageBody":"","tags":["A-JavaDoc","A-CodingStandard"],"fileTypesAndContributionMap":{"java":{"insertions":30,"deletions":5}}}]}]},"authorFileTypeContributionMap":{"Jonaspng":{"java":1097,"md":0,"fxml":0,"sh":1,"bat":1,"gradle":2,"txt":16}},"authorContributionVariance":{"Jonaspng":137833.78},"authorDisplayNameMap":{"Jonaspng":"PNG ..ONAS"}}
