{"authorDailyContributionsMap":{"kaij77":[{"date":"2022-08-18","commitResults":[{"hash":"a8d410abc2a6824c92219764d42f0052c617bb4b","messageTitle":"Implemented level 1","messageBody":"","tags":["Level-1"],"fileTypesAndContributionMap":{"java":{"insertions":62,"deletions":6}}},{"hash":"2ecce8917625757bf1c11a1402138c358f228387","messageTitle":"Implemented Levels 2 and 3","messageBody":"","fileTypesAndContributionMap":{"java":{"insertions":85,"deletions":10}}},{"hash":"13e6ee3998446361c5a710dab5b90d1132f63fc0","messageTitle":"Implemented Level 4","messageBody":"","tags":["Level-4"],"fileTypesAndContributionMap":{"java":{"insertions":59,"deletions":3}}},{"hash":"84ca44e3a71b94c7dca4cdf4021f9403520091f6","messageTitle":"Implemented Level 5 with 3 different types of specific exceptions","messageBody":"","fileTypesAndContributionMap":{"java":{"insertions":8,"deletions":0}}},{"hash":"ab2f949863c7cee073f78d1bc349d627fba268f7","messageTitle":"Implemented Level 5","messageBody":"","tags":["Level-5"],"fileTypesAndContributionMap":{"txt":{"insertions":44,"deletions":0},"java":{"insertions":63,"deletions":24},"bat":{"insertions":4,"deletions":4}}},{"hash":"25841dd9b431baadf07fba8787d4d95798763333","messageTitle":"Implemented Level 6 and added a new Exception class to handle invalid deletions.","messageBody":"","tags":["Level-6"],"fileTypesAndContributionMap":{"java":{"insertions":21,"deletions":1}}},{"hash":"154edddd0595f49f7f171e2fabd65bf1d7146d82","messageTitle":"Added javadocs to most public methods","messageBody":"","fileTypesAndContributionMap":{"java":{"insertions":156,"deletions":0}}}]}]},"authorFileTypeContributionMap":{"kaij77":{"java":412,"md":0,"fxml":0,"sh":0,"bat":3,"gradle":0,"txt":44}},"authorContributionVariance":{"kaij77":37040.82},"authorDisplayNameMap":{"kaij77":"YEO ..JIUN"}}
