{"authorDailyContributionsMap":{"Dilysss":[{"date":"2022-08-16","commitResults":[{"hash":"54e985c3ba389b5af70e9ed895de1e5bc710055d","messageTitle":"Level-1","messageBody":"","fileTypesAndContributionMap":{"java":{"insertions":19,"deletions":0}}},{"hash":"ff2bf3f23ea4c7d0d516c6f2bd6e186ee3bd97e7","messageTitle":"Level-2","messageBody":"","fileTypesAndContributionMap":{"java":{"insertions":57,"deletions":1}}},{"hash":"425b2a9edbc8c6e4502768efbf701de07161b7ee","messageTitle":"Level-3","messageBody":"","fileTypesAndContributionMap":{"java":{"insertions":26,"deletions":3}}},{"hash":"39adf598d255d9479d9cd105be29b68ca962e53c","messageTitle":"Level-4","messageBody":"","fileTypesAndContributionMap":{"java":{"insertions":139,"deletions":45}}}]},{"date":"2022-08-17","commitResults":[{"hash":"b00324e7982daa14af8ad03d9c71335e36f42eb0","messageTitle":"Level-5","messageBody":"","fileTypesAndContributionMap":{"java":{"insertions":21,"deletions":14}}},{"hash":"3a4432e4803f96cd2a7ff09f7bcda646ca742f14","messageTitle":"Level-6","messageBody":"","fileTypesAndContributionMap":{"java":{"insertions":69,"deletions":36}}},{"hash":"3b3052b3b95f3928e98b9e1106b2448f6c3fde68","messageTitle":"Level-6 edited","messageBody":"","fileTypesAndContributionMap":{"java":{"insertions":0,"deletions":15}}}]}]},"authorFileTypeContributionMap":{"Dilysss":{"java":217,"md":0,"fxml":0,"sh":0,"bat":0,"gradle":0,"txt":0}},"authorContributionVariance":{"Dilysss":12520.14},"authorDisplayNameMap":{"Dilysss":"PANG..ILYS"}}
