{"authorDailyContributionsMap":{"EiffelLKF":[{"date":"2022-08-15","commitResults":[{"hash":"f3d2eda0d64d211dd7c82f22970f5e8a70c89f67","messageTitle":"Updated Git Ignore","messageBody":"","fileTypesAndContributionMap":{"java":{"insertions":1,"deletions":6}}},{"hash":"97c059fe95787b42d03669c2a17cc1446d376d98","messageTitle":"Completed Level 1","messageBody":"","tags":["Level-1"],"fileTypesAndContributionMap":{"java":{"insertions":20,"deletions":0}}},{"hash":"306f36af67ecb1a109659fb291360c9da9356934","messageTitle":"Completed Level 2","messageBody":"","tags":["Level-2"],"fileTypesAndContributionMap":{"java":{"insertions":41,"deletions":4}}},{"hash":"1dd41c0a87f292e8aacf6d6df3ba8c41e61fc663","messageTitle":"Added mark/unmark functionality (WIP)","messageBody":"","fileTypesAndContributionMap":{"java":{"insertions":51,"deletions":2}}},{"hash":"662925142f10ff2cf82a74e1d641000d050b1337","messageTitle":"Completed Level 3","messageBody":"","tags":["Level-3"],"fileTypesAndContributionMap":{"java":{"insertions":0,"deletions":4}}}]},{"date":"2022-08-16","commitResults":[{"hash":"5a20e59b611eef038b2d44882448e018ec33aa61","messageTitle":"Completed Level 4","messageBody":"","tags":["Level-4"],"fileTypesAndContributionMap":{"java":{"insertions":181,"deletions":30}}}]},{"date":"2022-08-17","commitResults":[{"hash":"4af220df911668e374caed724e08ce176d4a089d","messageTitle":"Completed Level 5 / A-Enums","messageBody":"","tags":["Level-5","A-Enums"],"fileTypesAndContributionMap":{"java":{"insertions":76,"deletions":19}}},{"hash":"a464735f0a2e786dcff79341b5b4d84f587c20eb","messageTitle":"Completed A-TextUiTesting","messageBody":"","tags":["A-TextUiTesting"],"fileTypesAndContributionMap":{"txt":{"insertions":15,"deletions":0},"bat":{"insertions":2,"deletions":0}}}]}]},"authorFileTypeContributionMap":{"EiffelLKF":{"java":311,"md":0,"fxml":0,"sh":0,"bat":2,"gradle":0,"txt":15}},"authorContributionVariance":{"EiffelLKF":6609.222},"authorDisplayNameMap":{"EiffelLKF":"EIFF..FENG"}}
