[{"path":"src/main/java/Deadline.java","fileType":"java","lines":[{"lineNumber":1,"author":{"gitId":"Tan-Jin-Waye"},"content":"public class Deadline extends Task{","lastModifiedDate":"2022-08-16"},{"lineNumber":2,"author":{"gitId":"Tan-Jin-Waye"},"content":"","lastModifiedDate":"2022-08-16"},{"lineNumber":3,"author":{"gitId":"Tan-Jin-Waye"},"content":"    private String date;","lastModifiedDate":"2022-08-16"},{"lineNumber":4,"author":{"gitId":"Tan-Jin-Waye"},"content":"","lastModifiedDate":"2022-08-16"},{"lineNumber":5,"author":{"gitId":"Tan-Jin-Waye"},"content":"    public Deadline(String item, String date) {","lastModifiedDate":"2022-08-16"},{"lineNumber":6,"author":{"gitId":"Tan-Jin-Waye"},"content":"        super(item);","lastModifiedDate":"2022-08-16"},{"lineNumber":7,"author":{"gitId":"Tan-Jin-Waye"},"content":"        this.date \u003d date;","lastModifiedDate":"2022-08-16"},{"lineNumber":8,"author":{"gitId":"Tan-Jin-Waye"},"content":"    }","lastModifiedDate":"2022-08-16"},{"lineNumber":9,"author":{"gitId":"Tan-Jin-Waye"},"content":"","lastModifiedDate":"2022-08-16"},{"lineNumber":10,"author":{"gitId":"Tan-Jin-Waye"},"content":"    @Override","lastModifiedDate":"2022-08-16"},{"lineNumber":11,"author":{"gitId":"Tan-Jin-Waye"},"content":"    public String toString() {","lastModifiedDate":"2022-08-16"},{"lineNumber":12,"author":{"gitId":"Tan-Jin-Waye"},"content":"        return \"[D]\" + super.toString() + \"by:\" + date;","lastModifiedDate":"2022-08-16"},{"lineNumber":13,"author":{"gitId":"Tan-Jin-Waye"},"content":"    }","lastModifiedDate":"2022-08-16"},{"lineNumber":14,"author":{"gitId":"Tan-Jin-Waye"},"content":"}","lastModifiedDate":"2022-08-16"}],"authorContributionMap":{"Tan-Jin-Waye":14}},{"path":"src/main/java/Duke.java","fileType":"java","lines":[{"lineNumber":1,"author":{"gitId":"Tan-Jin-Waye"},"content":"import java.util.Scanner;","lastModifiedDate":"2022-08-15"},{"lineNumber":2,"author":{"gitId":"Tan-Jin-Waye"},"content":"import java.util.ArrayList;","lastModifiedDate":"2022-08-15"},{"lineNumber":3,"author":{"gitId":"Tan-Jin-Waye"},"content":"","lastModifiedDate":"2022-08-16"},{"lineNumber":4,"author":{"gitId":"-"},"content":"public class Duke {","lastModifiedDate":"2019-07-29"},{"lineNumber":5,"author":{"gitId":"Tan-Jin-Waye"},"content":"    private static final String DIVIDER \u003d \"-------------------------------------\\n\";","lastModifiedDate":"2022-08-16"},{"lineNumber":6,"author":{"gitId":"Tan-Jin-Waye"},"content":"    private static ArrayList\u003cTask\u003e TASKS \u003d new ArrayList\u003cTask\u003e();","lastModifiedDate":"2022-08-16"},{"lineNumber":7,"author":{"gitId":"Tan-Jin-Waye"},"content":"","lastModifiedDate":"2022-08-15"},{"lineNumber":8,"author":{"gitId":"-"},"content":"    public static void main(String[] args) {","lastModifiedDate":"2019-07-29"},{"lineNumber":9,"author":{"gitId":"-"},"content":"        String logo \u003d \" ____        _        \\n\"","lastModifiedDate":"2019-07-29"},{"lineNumber":10,"author":{"gitId":"-"},"content":"                + \"|  _ \\\\ _   _| | _____ \\n\"","lastModifiedDate":"2019-07-29"},{"lineNumber":11,"author":{"gitId":"-"},"content":"                + \"| | | | | | | |/ / _ \\\\\\n\"","lastModifiedDate":"2019-07-29"},{"lineNumber":12,"author":{"gitId":"-"},"content":"                + \"| |_| | |_| |   \u003c  __/\\n\"","lastModifiedDate":"2019-07-29"},{"lineNumber":13,"author":{"gitId":"-"},"content":"                + \"|____/ \\\\__,_|_|\\\\_\\\\___|\\n\";","lastModifiedDate":"2019-07-29"},{"lineNumber":14,"author":{"gitId":"-"},"content":"        System.out.println(\"Hello from\\n\" + logo);","lastModifiedDate":"2019-07-29"},{"lineNumber":15,"author":{"gitId":"Tan-Jin-Waye"},"content":"","lastModifiedDate":"2022-08-15"},{"lineNumber":16,"author":{"gitId":"Tan-Jin-Waye"},"content":"        greet();","lastModifiedDate":"2022-08-15"},{"lineNumber":17,"author":{"gitId":"Tan-Jin-Waye"},"content":"        handler();","lastModifiedDate":"2022-08-15"},{"lineNumber":18,"author":{"gitId":"-"},"content":"    }","lastModifiedDate":"2019-07-29"},{"lineNumber":19,"author":{"gitId":"Tan-Jin-Waye"},"content":"","lastModifiedDate":"2022-08-15"},{"lineNumber":20,"author":{"gitId":"Tan-Jin-Waye"},"content":"    // greet method contains the greeting message","lastModifiedDate":"2022-08-15"},{"lineNumber":21,"author":{"gitId":"Tan-Jin-Waye"},"content":"    private static void greet() {","lastModifiedDate":"2022-08-15"},{"lineNumber":22,"author":{"gitId":"Tan-Jin-Waye"},"content":"        String message \u003d \"Hello! I\u0027m Duke\\n\"","lastModifiedDate":"2022-08-15"},{"lineNumber":23,"author":{"gitId":"Tan-Jin-Waye"},"content":"                + \"What can I do for you?\\n\";","lastModifiedDate":"2022-08-15"},{"lineNumber":24,"author":{"gitId":"Tan-Jin-Waye"},"content":"        System.out.println(DIVIDER + message + DIVIDER);","lastModifiedDate":"2022-08-15"},{"lineNumber":25,"author":{"gitId":"Tan-Jin-Waye"},"content":"    }","lastModifiedDate":"2022-08-15"},{"lineNumber":26,"author":{"gitId":"Tan-Jin-Waye"},"content":"","lastModifiedDate":"2022-08-15"},{"lineNumber":27,"author":{"gitId":"Tan-Jin-Waye"},"content":"    // handler method handles user input and outputs accordingly","lastModifiedDate":"2022-08-15"},{"lineNumber":28,"author":{"gitId":"Tan-Jin-Waye"},"content":"    private static void handler() {","lastModifiedDate":"2022-08-15"},{"lineNumber":29,"author":{"gitId":"Tan-Jin-Waye"},"content":"        String command;","lastModifiedDate":"2022-08-15"},{"lineNumber":30,"author":{"gitId":"Tan-Jin-Waye"},"content":"        Scanner sc \u003d new Scanner(System.in);","lastModifiedDate":"2022-08-15"},{"lineNumber":31,"author":{"gitId":"Tan-Jin-Waye"},"content":"        command \u003d sc.next();","lastModifiedDate":"2022-08-15"},{"lineNumber":32,"author":{"gitId":"Tan-Jin-Waye"},"content":"","lastModifiedDate":"2022-08-15"},{"lineNumber":33,"author":{"gitId":"Tan-Jin-Waye"},"content":"        switch(command) {","lastModifiedDate":"2022-08-15"},{"lineNumber":34,"author":{"gitId":"Tan-Jin-Waye"},"content":"            case \"list\":","lastModifiedDate":"2022-08-15"},{"lineNumber":35,"author":{"gitId":"Tan-Jin-Waye"},"content":"                list();","lastModifiedDate":"2022-08-15"},{"lineNumber":36,"author":{"gitId":"Tan-Jin-Waye"},"content":"                break;","lastModifiedDate":"2022-08-15"},{"lineNumber":37,"author":{"gitId":"Tan-Jin-Waye"},"content":"            case \"todo\":","lastModifiedDate":"2022-08-16"},{"lineNumber":38,"author":{"gitId":"Tan-Jin-Waye"},"content":"            case \"deadline\":","lastModifiedDate":"2022-08-16"},{"lineNumber":39,"author":{"gitId":"Tan-Jin-Waye"},"content":"            case \"event\":","lastModifiedDate":"2022-08-16"},{"lineNumber":40,"author":{"gitId":"Tan-Jin-Waye"},"content":"                // deadline and event breaks if no input is entered after each command","lastModifiedDate":"2022-08-16"},{"lineNumber":41,"author":{"gitId":"Tan-Jin-Waye"},"content":"                // tod0 creates an empty task if no input after command","lastModifiedDate":"2022-08-16"},{"lineNumber":42,"author":{"gitId":"Tan-Jin-Waye"},"content":"                listAdd(command, sc.nextLine());","lastModifiedDate":"2022-08-16"},{"lineNumber":43,"author":{"gitId":"Tan-Jin-Waye"},"content":"                break;","lastModifiedDate":"2022-08-16"},{"lineNumber":44,"author":{"gitId":"Tan-Jin-Waye"},"content":"            case \"mark\":","lastModifiedDate":"2022-08-16"},{"lineNumber":45,"author":{"gitId":"Tan-Jin-Waye"},"content":"                // breaks if no input is entered after mark, or input isn\u0027t int","lastModifiedDate":"2022-08-16"},{"lineNumber":46,"author":{"gitId":"Tan-Jin-Waye"},"content":"                listToggle(sc.nextInt());","lastModifiedDate":"2022-08-16"},{"lineNumber":47,"author":{"gitId":"Tan-Jin-Waye"},"content":"                break;","lastModifiedDate":"2022-08-16"},{"lineNumber":48,"author":{"gitId":"Tan-Jin-Waye"},"content":"            case \"bye\":","lastModifiedDate":"2022-08-16"},{"lineNumber":49,"author":{"gitId":"Tan-Jin-Waye"},"content":"                exit();","lastModifiedDate":"2022-08-16"},{"lineNumber":50,"author":{"gitId":"Tan-Jin-Waye"},"content":"                break;","lastModifiedDate":"2022-08-16"},{"lineNumber":51,"author":{"gitId":"Tan-Jin-Waye"},"content":"            default:","lastModifiedDate":"2022-08-15"},{"lineNumber":52,"author":{"gitId":"Tan-Jin-Waye"},"content":"                confuse();","lastModifiedDate":"2022-08-16"},{"lineNumber":53,"author":{"gitId":"Tan-Jin-Waye"},"content":"        }","lastModifiedDate":"2022-08-15"},{"lineNumber":54,"author":{"gitId":"Tan-Jin-Waye"},"content":"","lastModifiedDate":"2022-08-15"},{"lineNumber":55,"author":{"gitId":"Tan-Jin-Waye"},"content":"        if (!command.equals(\"bye\")) { handler(); }","lastModifiedDate":"2022-08-15"},{"lineNumber":56,"author":{"gitId":"Tan-Jin-Waye"},"content":"","lastModifiedDate":"2022-08-15"},{"lineNumber":57,"author":{"gitId":"Tan-Jin-Waye"},"content":"    }","lastModifiedDate":"2022-08-15"},{"lineNumber":58,"author":{"gitId":"Tan-Jin-Waye"},"content":"","lastModifiedDate":"2022-08-15"},{"lineNumber":59,"author":{"gitId":"Tan-Jin-Waye"},"content":"    // sub methods associated with handler() for each user input case","lastModifiedDate":"2022-08-15"},{"lineNumber":60,"author":{"gitId":"Tan-Jin-Waye"},"content":"    private static void exit() {","lastModifiedDate":"2022-08-15"},{"lineNumber":61,"author":{"gitId":"Tan-Jin-Waye"},"content":"        System.out.println(DIVIDER + \"Bye. Hope to see you again soon!\\n\" + DIVIDER);","lastModifiedDate":"2022-08-15"},{"lineNumber":62,"author":{"gitId":"Tan-Jin-Waye"},"content":"    }","lastModifiedDate":"2022-08-15"},{"lineNumber":63,"author":{"gitId":"Tan-Jin-Waye"},"content":"","lastModifiedDate":"2022-08-15"},{"lineNumber":64,"author":{"gitId":"Tan-Jin-Waye"},"content":"    private static void confuse() {","lastModifiedDate":"2022-08-16"},{"lineNumber":65,"author":{"gitId":"Tan-Jin-Waye"},"content":"        System.out.println(DIVIDER + \"I\u0027m sorry, I don\u0027t understand :(\\n\" + DIVIDER);","lastModifiedDate":"2022-08-16"},{"lineNumber":66,"author":{"gitId":"Tan-Jin-Waye"},"content":"    }","lastModifiedDate":"2022-08-16"},{"lineNumber":67,"author":{"gitId":"Tan-Jin-Waye"},"content":"","lastModifiedDate":"2022-08-16"},{"lineNumber":68,"author":{"gitId":"Tan-Jin-Waye"},"content":"    private static void list() {","lastModifiedDate":"2022-08-15"},{"lineNumber":69,"author":{"gitId":"Tan-Jin-Waye"},"content":"        if (TASKS.isEmpty()) {","lastModifiedDate":"2022-08-16"},{"lineNumber":70,"author":{"gitId":"Tan-Jin-Waye"},"content":"            System.out.println(DIVIDER + \"List is empty\\n\" + DIVIDER);","lastModifiedDate":"2022-08-15"},{"lineNumber":71,"author":{"gitId":"Tan-Jin-Waye"},"content":"        } else {","lastModifiedDate":"2022-08-15"},{"lineNumber":72,"author":{"gitId":"Tan-Jin-Waye"},"content":"            System.out.print(DIVIDER);","lastModifiedDate":"2022-08-15"},{"lineNumber":73,"author":{"gitId":"Tan-Jin-Waye"},"content":"            for (int i \u003d 0; i \u003c TASKS.size(); i++) {","lastModifiedDate":"2022-08-16"},{"lineNumber":74,"author":{"gitId":"Tan-Jin-Waye"},"content":"                System.out.println((i+1) + \". \" + TASKS.get(i));","lastModifiedDate":"2022-08-16"},{"lineNumber":75,"author":{"gitId":"Tan-Jin-Waye"},"content":"            }","lastModifiedDate":"2022-08-15"},{"lineNumber":76,"author":{"gitId":"Tan-Jin-Waye"},"content":"            System.out.println(DIVIDER);","lastModifiedDate":"2022-08-15"},{"lineNumber":77,"author":{"gitId":"Tan-Jin-Waye"},"content":"        }","lastModifiedDate":"2022-08-15"},{"lineNumber":78,"author":{"gitId":"Tan-Jin-Waye"},"content":"    }","lastModifiedDate":"2022-08-15"},{"lineNumber":79,"author":{"gitId":"Tan-Jin-Waye"},"content":"","lastModifiedDate":"2022-08-15"},{"lineNumber":80,"author":{"gitId":"Tan-Jin-Waye"},"content":"    private static void listAdd(String type, String item) {","lastModifiedDate":"2022-08-16"},{"lineNumber":81,"author":{"gitId":"Tan-Jin-Waye"},"content":"        Task currTask;","lastModifiedDate":"2022-08-16"},{"lineNumber":82,"author":{"gitId":"Tan-Jin-Waye"},"content":"        String[] args;","lastModifiedDate":"2022-08-16"},{"lineNumber":83,"author":{"gitId":"Tan-Jin-Waye"},"content":"        switch(type) {","lastModifiedDate":"2022-08-16"},{"lineNumber":84,"author":{"gitId":"Tan-Jin-Waye"},"content":"            case \"todo\":","lastModifiedDate":"2022-08-16"},{"lineNumber":85,"author":{"gitId":"Tan-Jin-Waye"},"content":"                currTask \u003d new Todo(item);","lastModifiedDate":"2022-08-16"},{"lineNumber":86,"author":{"gitId":"Tan-Jin-Waye"},"content":"                TASKS.add(currTask);","lastModifiedDate":"2022-08-16"},{"lineNumber":87,"author":{"gitId":"Tan-Jin-Waye"},"content":"                System.out.println(DIVIDER + \"OK, I\u0027ve added this todo:\\n\"","lastModifiedDate":"2022-08-16"},{"lineNumber":88,"author":{"gitId":"Tan-Jin-Waye"},"content":"                        + \"  \" + currTask + \"\\n\"","lastModifiedDate":"2022-08-16"},{"lineNumber":89,"author":{"gitId":"Tan-Jin-Waye"},"content":"                        + \"Number of tasks in list: \" + TASKS.size() + \"\\n\"","lastModifiedDate":"2022-08-16"},{"lineNumber":90,"author":{"gitId":"Tan-Jin-Waye"},"content":"                        + DIVIDER);","lastModifiedDate":"2022-08-16"},{"lineNumber":91,"author":{"gitId":"Tan-Jin-Waye"},"content":"                break;","lastModifiedDate":"2022-08-16"},{"lineNumber":92,"author":{"gitId":"Tan-Jin-Waye"},"content":"            case \"deadline\":","lastModifiedDate":"2022-08-16"},{"lineNumber":93,"author":{"gitId":"Tan-Jin-Waye"},"content":"                args \u003d item.split(\"/by\");","lastModifiedDate":"2022-08-16"},{"lineNumber":94,"author":{"gitId":"Tan-Jin-Waye"},"content":"                System.out.println(item);","lastModifiedDate":"2022-08-16"},{"lineNumber":95,"author":{"gitId":"Tan-Jin-Waye"},"content":"                currTask \u003d new Deadline(args[0], args[1]);","lastModifiedDate":"2022-08-16"},{"lineNumber":96,"author":{"gitId":"Tan-Jin-Waye"},"content":"                TASKS.add(currTask);","lastModifiedDate":"2022-08-16"},{"lineNumber":97,"author":{"gitId":"Tan-Jin-Waye"},"content":"                System.out.println(DIVIDER + \"OK, I\u0027ve added this deadline:\\n\"","lastModifiedDate":"2022-08-16"},{"lineNumber":98,"author":{"gitId":"Tan-Jin-Waye"},"content":"                        + \"  \" + currTask + \"\\n\"","lastModifiedDate":"2022-08-16"},{"lineNumber":99,"author":{"gitId":"Tan-Jin-Waye"},"content":"                        + \"Number of tasks in list: \" + TASKS.size() + \"\\n\"","lastModifiedDate":"2022-08-16"},{"lineNumber":100,"author":{"gitId":"Tan-Jin-Waye"},"content":"                        + DIVIDER);","lastModifiedDate":"2022-08-16"},{"lineNumber":101,"author":{"gitId":"Tan-Jin-Waye"},"content":"                break;","lastModifiedDate":"2022-08-16"},{"lineNumber":102,"author":{"gitId":"Tan-Jin-Waye"},"content":"            case \"event\":","lastModifiedDate":"2022-08-16"},{"lineNumber":103,"author":{"gitId":"Tan-Jin-Waye"},"content":"                args \u003d item.split(\"/at\");","lastModifiedDate":"2022-08-16"},{"lineNumber":104,"author":{"gitId":"Tan-Jin-Waye"},"content":"                currTask \u003d new Event(args[0], args[1]);","lastModifiedDate":"2022-08-16"},{"lineNumber":105,"author":{"gitId":"Tan-Jin-Waye"},"content":"                TASKS.add(currTask);","lastModifiedDate":"2022-08-16"},{"lineNumber":106,"author":{"gitId":"Tan-Jin-Waye"},"content":"                System.out.println(DIVIDER + \"OK, I\u0027ve added this event:\\n\"","lastModifiedDate":"2022-08-16"},{"lineNumber":107,"author":{"gitId":"Tan-Jin-Waye"},"content":"                        + \"  \" + currTask + \"\\n\"","lastModifiedDate":"2022-08-16"},{"lineNumber":108,"author":{"gitId":"Tan-Jin-Waye"},"content":"                        + \"Number of tasks in list: \" + TASKS.size() + \"\\n\"","lastModifiedDate":"2022-08-16"},{"lineNumber":109,"author":{"gitId":"Tan-Jin-Waye"},"content":"                        + \"\\n\" + DIVIDER);","lastModifiedDate":"2022-08-16"},{"lineNumber":110,"author":{"gitId":"Tan-Jin-Waye"},"content":"                break;","lastModifiedDate":"2022-08-16"},{"lineNumber":111,"author":{"gitId":"Tan-Jin-Waye"},"content":"        }","lastModifiedDate":"2022-08-16"},{"lineNumber":112,"author":{"gitId":"Tan-Jin-Waye"},"content":"    }","lastModifiedDate":"2022-08-15"},{"lineNumber":113,"author":{"gitId":"Tan-Jin-Waye"},"content":"","lastModifiedDate":"2022-08-16"},{"lineNumber":114,"author":{"gitId":"Tan-Jin-Waye"},"content":"    private static void listToggle(int index) {","lastModifiedDate":"2022-08-16"},{"lineNumber":115,"author":{"gitId":"Tan-Jin-Waye"},"content":"        Task currTask \u003d TASKS.get(index-1);","lastModifiedDate":"2022-08-16"},{"lineNumber":116,"author":{"gitId":"Tan-Jin-Waye"},"content":"        if(currTask.completeToggle()) {","lastModifiedDate":"2022-08-16"},{"lineNumber":117,"author":{"gitId":"Tan-Jin-Waye"},"content":"            System.out.println(DIVIDER + \"Nice! I\u0027ve marked this task as done:\\n\"","lastModifiedDate":"2022-08-16"},{"lineNumber":118,"author":{"gitId":"Tan-Jin-Waye"},"content":"                    + currTask + \"\\n\" + DIVIDER);","lastModifiedDate":"2022-08-16"},{"lineNumber":119,"author":{"gitId":"Tan-Jin-Waye"},"content":"        } else {","lastModifiedDate":"2022-08-16"},{"lineNumber":120,"author":{"gitId":"Tan-Jin-Waye"},"content":"            System.out.println(DIVIDER + \"OK, I\u0027ve marked this task as not done yet:\\n\"","lastModifiedDate":"2022-08-16"},{"lineNumber":121,"author":{"gitId":"Tan-Jin-Waye"},"content":"                    + currTask + \"\\n\" + DIVIDER);","lastModifiedDate":"2022-08-16"},{"lineNumber":122,"author":{"gitId":"Tan-Jin-Waye"},"content":"        }","lastModifiedDate":"2022-08-16"},{"lineNumber":123,"author":{"gitId":"-"},"content":"    }","lastModifiedDate":"2022-08-16"},{"lineNumber":124,"author":{"gitId":"-"},"content":"}","lastModifiedDate":"2019-07-29"}],"authorContributionMap":{"-":11,"Tan-Jin-Waye":113}},{"path":"src/main/java/Event.java","fileType":"java","lines":[{"lineNumber":1,"author":{"gitId":"Tan-Jin-Waye"},"content":"public class Event extends Task{","lastModifiedDate":"2022-08-16"},{"lineNumber":2,"author":{"gitId":"Tan-Jin-Waye"},"content":"","lastModifiedDate":"2022-08-16"},{"lineNumber":3,"author":{"gitId":"Tan-Jin-Waye"},"content":"    private String date;","lastModifiedDate":"2022-08-16"},{"lineNumber":4,"author":{"gitId":"Tan-Jin-Waye"},"content":"","lastModifiedDate":"2022-08-16"},{"lineNumber":5,"author":{"gitId":"Tan-Jin-Waye"},"content":"    public Event(String item, String date) {","lastModifiedDate":"2022-08-16"},{"lineNumber":6,"author":{"gitId":"Tan-Jin-Waye"},"content":"        super(item);","lastModifiedDate":"2022-08-16"},{"lineNumber":7,"author":{"gitId":"Tan-Jin-Waye"},"content":"        this.date \u003d date;","lastModifiedDate":"2022-08-16"},{"lineNumber":8,"author":{"gitId":"Tan-Jin-Waye"},"content":"    }","lastModifiedDate":"2022-08-16"},{"lineNumber":9,"author":{"gitId":"Tan-Jin-Waye"},"content":"","lastModifiedDate":"2022-08-16"},{"lineNumber":10,"author":{"gitId":"Tan-Jin-Waye"},"content":"    @Override","lastModifiedDate":"2022-08-16"},{"lineNumber":11,"author":{"gitId":"Tan-Jin-Waye"},"content":"    public String toString() {","lastModifiedDate":"2022-08-16"},{"lineNumber":12,"author":{"gitId":"Tan-Jin-Waye"},"content":"        return \"[E]\" + super.toString() + \"at:\" + date;","lastModifiedDate":"2022-08-16"},{"lineNumber":13,"author":{"gitId":"Tan-Jin-Waye"},"content":"    }","lastModifiedDate":"2022-08-16"},{"lineNumber":14,"author":{"gitId":"Tan-Jin-Waye"},"content":"}","lastModifiedDate":"2022-08-16"}],"authorContributionMap":{"Tan-Jin-Waye":14}},{"path":"src/main/java/Task.java","fileType":"java","lines":[{"lineNumber":1,"author":{"gitId":"Tan-Jin-Waye"},"content":"public abstract class Task {","lastModifiedDate":"2022-08-16"},{"lineNumber":2,"author":{"gitId":"Tan-Jin-Waye"},"content":"","lastModifiedDate":"2022-08-16"},{"lineNumber":3,"author":{"gitId":"Tan-Jin-Waye"},"content":"    private String item;","lastModifiedDate":"2022-08-16"},{"lineNumber":4,"author":{"gitId":"Tan-Jin-Waye"},"content":"    private boolean completed;","lastModifiedDate":"2022-08-16"},{"lineNumber":5,"author":{"gitId":"Tan-Jin-Waye"},"content":"","lastModifiedDate":"2022-08-16"},{"lineNumber":6,"author":{"gitId":"Tan-Jin-Waye"},"content":"    public Task(String item) {","lastModifiedDate":"2022-08-16"},{"lineNumber":7,"author":{"gitId":"Tan-Jin-Waye"},"content":"        this.item \u003d item;","lastModifiedDate":"2022-08-16"},{"lineNumber":8,"author":{"gitId":"Tan-Jin-Waye"},"content":"        this.completed \u003d false;","lastModifiedDate":"2022-08-16"},{"lineNumber":9,"author":{"gitId":"Tan-Jin-Waye"},"content":"    }","lastModifiedDate":"2022-08-16"},{"lineNumber":10,"author":{"gitId":"Tan-Jin-Waye"},"content":"","lastModifiedDate":"2022-08-16"},{"lineNumber":11,"author":{"gitId":"Tan-Jin-Waye"},"content":"    // this is implemented as a toggle; could be problematic in future","lastModifiedDate":"2022-08-16"},{"lineNumber":12,"author":{"gitId":"Tan-Jin-Waye"},"content":"    public boolean completeToggle() {","lastModifiedDate":"2022-08-16"},{"lineNumber":13,"author":{"gitId":"Tan-Jin-Waye"},"content":"        this.completed \u003d !this.completed;","lastModifiedDate":"2022-08-16"},{"lineNumber":14,"author":{"gitId":"Tan-Jin-Waye"},"content":"        return this.completed;","lastModifiedDate":"2022-08-16"},{"lineNumber":15,"author":{"gitId":"Tan-Jin-Waye"},"content":"    }","lastModifiedDate":"2022-08-16"},{"lineNumber":16,"author":{"gitId":"Tan-Jin-Waye"},"content":"","lastModifiedDate":"2022-08-16"},{"lineNumber":17,"author":{"gitId":"Tan-Jin-Waye"},"content":"    @Override","lastModifiedDate":"2022-08-16"},{"lineNumber":18,"author":{"gitId":"Tan-Jin-Waye"},"content":"    public String toString() {","lastModifiedDate":"2022-08-16"},{"lineNumber":19,"author":{"gitId":"Tan-Jin-Waye"},"content":"        if (completed) {","lastModifiedDate":"2022-08-16"},{"lineNumber":20,"author":{"gitId":"Tan-Jin-Waye"},"content":"            return \"[X]\" + item;","lastModifiedDate":"2022-08-16"},{"lineNumber":21,"author":{"gitId":"Tan-Jin-Waye"},"content":"        }","lastModifiedDate":"2022-08-16"},{"lineNumber":22,"author":{"gitId":"Tan-Jin-Waye"},"content":"","lastModifiedDate":"2022-08-16"},{"lineNumber":23,"author":{"gitId":"Tan-Jin-Waye"},"content":"        return \"[ ]\" + item;","lastModifiedDate":"2022-08-16"},{"lineNumber":24,"author":{"gitId":"Tan-Jin-Waye"},"content":"    }","lastModifiedDate":"2022-08-16"},{"lineNumber":25,"author":{"gitId":"Tan-Jin-Waye"},"content":"","lastModifiedDate":"2022-08-16"},{"lineNumber":26,"author":{"gitId":"Tan-Jin-Waye"},"content":"}","lastModifiedDate":"2022-08-16"}],"authorContributionMap":{"Tan-Jin-Waye":26}},{"path":"src/main/java/Todo.java","fileType":"java","lines":[{"lineNumber":1,"author":{"gitId":"Tan-Jin-Waye"},"content":"public class Todo extends Task {","lastModifiedDate":"2022-08-16"},{"lineNumber":2,"author":{"gitId":"Tan-Jin-Waye"},"content":"","lastModifiedDate":"2022-08-16"},{"lineNumber":3,"author":{"gitId":"Tan-Jin-Waye"},"content":"    public Todo(String item) {","lastModifiedDate":"2022-08-16"},{"lineNumber":4,"author":{"gitId":"Tan-Jin-Waye"},"content":"        super(item);","lastModifiedDate":"2022-08-16"},{"lineNumber":5,"author":{"gitId":"Tan-Jin-Waye"},"content":"    }","lastModifiedDate":"2022-08-16"},{"lineNumber":6,"author":{"gitId":"Tan-Jin-Waye"},"content":"","lastModifiedDate":"2022-08-16"},{"lineNumber":7,"author":{"gitId":"Tan-Jin-Waye"},"content":"    @Override","lastModifiedDate":"2022-08-16"},{"lineNumber":8,"author":{"gitId":"Tan-Jin-Waye"},"content":"    public String toString() {","lastModifiedDate":"2022-08-16"},{"lineNumber":9,"author":{"gitId":"Tan-Jin-Waye"},"content":"        return \"[T]\" + super.toString();","lastModifiedDate":"2022-08-16"},{"lineNumber":10,"author":{"gitId":"Tan-Jin-Waye"},"content":"    }","lastModifiedDate":"2022-08-16"},{"lineNumber":11,"author":{"gitId":"Tan-Jin-Waye"},"content":"}","lastModifiedDate":"2022-08-16"}],"authorContributionMap":{"Tan-Jin-Waye":11}}]
