{"authorDailyContributionsMap":{"prit3010":[{"date":"2022-08-15","commitResults":[{"hash":"a09a0323c6e252783e30c1c6d1a0f92ae657667e","messageTitle":"Level-1","messageBody":"","tags":["Level-1"],"fileTypesAndContributionMap":{"java":{"insertions":27,"deletions":1}}},{"hash":"a6240593e9acc70a644450dde61560d6684f3f31","messageTitle":"Level-2","messageBody":"","tags":["Level-2"],"fileTypesAndContributionMap":{"java":{"insertions":11,"deletions":1}}}]},{"date":"2022-08-16","commitResults":[{"hash":"9d2d7419537a3970b4f35b40a3f01af1d477ed65","messageTitle":"Level-3","messageBody":"","tags":["Level-3"],"fileTypesAndContributionMap":{"java":{"insertions":51,"deletions":6}}},{"hash":"50f762a7a52adeefe63b993c7c4679bf2a85ea55","messageTitle":"Level-4","messageBody":"","tags":["Level-4"],"fileTypesAndContributionMap":{"java":{"insertions":72,"deletions":0}}},{"hash":"daff0867687b84d2c682918318f1c2e4da0b76c8","messageTitle":"A-TextUiTesting","messageBody":"","tags":["A-TextUiTesting"],"fileTypesAndContributionMap":{"txt":{"insertions":9,"deletions":0}}}]},{"date":"2022-08-18","commitResults":[{"hash":"531fc010293a22fa2dd704746d02401ee57e3949","messageTitle":"handle exceptions","messageBody":"","tags":["Level-5"],"fileTypesAndContributionMap":{"java":{"insertions":111,"deletions":46}}},{"hash":"ba71810c040fea76e690b87c5c1f9f9714558071","messageTitle":"added delete feature","messageBody":"","tags":["Level-6"],"fileTypesAndContributionMap":{"java":{"insertions":24,"deletions":8}}}]},{"date":"2022-08-25","commitResults":[{"hash":"5a726260af4fa6f7e3a2ff59a4e91847b241d69a","messageTitle":"Add saving functionality","messageBody":"","tags":["Level-7"],"fileTypesAndContributionMap":{"java":{"insertions":103,"deletions":1}}},{"hash":"c4fe5a903f6f81f7f6aef00bf6430419ef5f2f0f","messageTitle":"Add DateTime functionality","messageBody":"","tags":["Level-8"],"fileTypesAndContributionMap":{"java":{"insertions":30,"deletions":6}}}]},{"date":"2022-08-26","commitResults":[{"hash":"30918ae06a90c926dbe10091aca7e4b42307a2bf","messageTitle":"Refactor more OOP","messageBody":"","tags":["A-MoreOOP"],"fileTypesAndContributionMap":{"java":{"insertions":242,"deletions":151}}},{"hash":"aad2eebad6966a320a0f0e1519fd761587538dce","messageTitle":"Organize into Duke Package","messageBody":"","tags":["A-Packages"],"fileTypesAndContributionMap":{"java":{"insertions":27,"deletions":1}}},{"hash":"a0669137fcc8a43fc63071666fda87d517b492a3","messageTitle":"Add JUnit test cases","messageBody":"","tags":["A-JUnit"],"fileTypesAndContributionMap":{"java":{"insertions":80,"deletions":5}}},{"hash":"e0f79eaa75ea1fe654f03f92e4d3ed1e44977cc5","messageTitle":"Fix load data","messageBody":"","fileTypesAndContributionMap":{"java":{"insertions":21,"deletions":26}}},{"hash":"2aae2f1db5ab48741f3ada5daa726a661384b821","messageTitle":"Fix build.gradle","messageBody":"","tags":["A-Jar"],"fileTypesAndContributionMap":{"gradle":{"insertions":1,"deletions":1}}},{"hash":"c6d44140cef4eee0c5738feb15d2dfa1bbc44243","messageTitle":"Add Java Docs","messageBody":"","tags":["A-JavaDoc"],"fileTypesAndContributionMap":{"java":{"insertions":164,"deletions":8}}}]},{"date":"2022-08-27","commitResults":[{"hash":"50618e909243aca8a4e2b3d2d5f6b98da85ddacb","messageTitle":"Follow coding standard","messageBody":"","tags":["A-CodingStandard"],"fileTypesAndContributionMap":{"gradle":{"insertions":7,"deletions":2},"java":{"insertions":136,"deletions":130},"bat":{"insertions":1,"deletions":1},"md":{"insertions":2,"deletions":2}}},{"hash":"57b63f2c7c5fc554b867c9eab40697b22e6e7168","messageTitle":"Add find functionality","messageBody":"","tags":["Level-9"],"fileTypesAndContributionMap":{"java":{"insertions":28,"deletions":0}}},{"hash":"64a6fcf2e28c15ab0f4a82fbd33e63168495720b","messageTitle":"Change package name","messageBody":"","fileTypesAndContributionMap":{"java":{"insertions":17,"deletions":17},"bat":{"insertions":1,"deletions":1},"md":{"insertions":2,"deletions":2}}},{"hash":"22cfe11830be5d7e618fecaa82323c2ac40c59fd","messageTitle":"Fix error","messageBody":"","fileTypesAndContributionMap":{"gradle":{"insertions":7,"deletions":2},"java":{"insertions":123,"deletions":37}}},{"hash":"ce2a254478ef0e2221f26b8c2b94cc54ce69fe07","messageTitle":"Fix error","messageBody":"","tags":["A-Checkstyle"],"fileTypesAndContributionMap":{"java":{"insertions":1,"deletions":1}}}]},{"date":"2022-08-31","commitResults":[{"hash":"65de3fbd0a8341446d3883243bfded719d3061c4","messageTitle":"Add GUI functionality","messageBody":"","tags":["Level-10"],"fileTypesAndContributionMap":{"gradle":{"insertions":11,"deletions":1},"fxml":{"insertions":35,"deletions":0},"java":{"insertions":213,"deletions":41}}}]},{"date":"2022-09-07","commitResults":[{"hash":"3cc6411570ed6d08c6c7415dd07779068fe5b530","messageTitle":"Improve Code Quality","messageBody":"Change parts of the code so that it upholds a better standard of code\nquality. Extract out repeated parts of the code so as to adhere to the\nDRY principle.\n","fileTypesAndContributionMap":{"java":{"insertions":17,"deletions":16}}},{"hash":"7a11f28d87f45baae25baec6d81b8604199e64e9","messageTitle":"Use assertions to check important assumptions","messageBody":"There are various section of the codes where it is assumed that the\ninput is not null. In some corner cases, these might cause the program\nto fail.\n\nUsing assertions define assumptions about the program state so that\nthe runtime can verify them. These potentially help catch bugs.\n","fileTypesAndContributionMap":{"java":{"insertions":2,"deletions":0}}}]},{"date":"2022-09-08","commitResults":[{"hash":"48f9d3582785101f5a5f5e8e882e811a415fdb0f","messageTitle":"Add Duplicate Functionality","messageBody":"Users may forget that they added a task already and try to add it again\nwhich would mean that there is duplicate tasks within the list\n\nAdd the duplicate functionality so that it throws an error if there is\na task with the same task description already in the list.\n","tags":["BCD-Extension","A-FullCommitMessage"],"fileTypesAndContributionMap":{"java":{"insertions":64,"deletions":21}}}]},{"date":"2022-09-14","commitResults":[{"hash":"ed52e331fdb7fc144f673d48bd07003e6b928b5c","messageTitle":"Update User Guide","messageBody":"","fileTypesAndContributionMap":{"md":{"insertions":142,"deletions":12}}},{"hash":"b5d8d484071a6a5eeaa4df30c6b929b5a5b4a79f","messageTitle":"Update GUI","messageBody":"","fileTypesAndContributionMap":{"fxml":{"insertions":16,"deletions":3},"java":{"insertions":9,"deletions":34}}},{"hash":"02d466b4264d059f5c60b48ae9e3ba301ac9905f","messageTitle":"Add User Guide","messageBody":"","tags":["A-UserGuide"],"fileTypesAndContributionMap":{"md":{"insertions":11,"deletions":11}}},{"hash":"e825674044c7e40cc4fb7f14b45c2ee3711acba9","messageTitle":"Edit User Guide","messageBody":"","tags":["A-BetterGUI"],"fileTypesAndContributionMap":{"md":{"insertions":9,"deletions":9}}}]}]},"authorFileTypeContributionMap":{"prit3010":{"java":883,"md":136,"fxml":48,"sh":0,"bat":1,"gradle":16,"txt":9}},"authorContributionVariance":{"prit3010":25460.72},"authorDisplayNameMap":{"prit3010":"CS2103T-T15-1 PRIT..RAVI"}}
