[{"path":"src/main/java/Checklist.java","fileType":"java","lines":[{"lineNumber":1,"author":{"gitId":"yeehaoo"},"content":"import java.util.ArrayList;","lastModifiedDate":"2022-08-16"},{"lineNumber":2,"author":{"gitId":"yeehaoo"},"content":"import java.util.List;","lastModifiedDate":"2022-08-16"},{"lineNumber":3,"author":{"gitId":"yeehaoo"},"content":"","lastModifiedDate":"2022-08-16"},{"lineNumber":4,"author":{"gitId":"yeehaoo"},"content":"class Checklist {","lastModifiedDate":"2022-08-16"},{"lineNumber":5,"author":{"gitId":"yeehaoo"},"content":"    private final List\u003cTask\u003e taskList \u003d new ArrayList\u003c\u003e();","lastModifiedDate":"2022-08-16"},{"lineNumber":6,"author":{"gitId":"yeehaoo"},"content":"","lastModifiedDate":"2022-08-16"},{"lineNumber":7,"author":{"gitId":"yeehaoo"},"content":"    void list() {","lastModifiedDate":"2022-08-16"},{"lineNumber":8,"author":{"gitId":"yeehaoo"},"content":"        System.out.println(\"Here are the tasks in your list: \");","lastModifiedDate":"2022-08-16"},{"lineNumber":9,"author":{"gitId":"yeehaoo"},"content":"        taskList.forEach(System.out::println);","lastModifiedDate":"2022-08-16"},{"lineNumber":10,"author":{"gitId":"yeehaoo"},"content":"    }","lastModifiedDate":"2022-08-16"},{"lineNumber":11,"author":{"gitId":"yeehaoo"},"content":"","lastModifiedDate":"2022-08-16"},{"lineNumber":12,"author":{"gitId":"yeehaoo"},"content":"    void mark(int id, boolean done) {","lastModifiedDate":"2022-08-16"},{"lineNumber":13,"author":{"gitId":"yeehaoo"},"content":"        Task task \u003d taskList.get(id - 1);","lastModifiedDate":"2022-08-16"},{"lineNumber":14,"author":{"gitId":"yeehaoo"},"content":"        if (done) {","lastModifiedDate":"2022-08-16"},{"lineNumber":15,"author":{"gitId":"yeehaoo"},"content":"            task.setDone();","lastModifiedDate":"2022-08-16"},{"lineNumber":16,"author":{"gitId":"yeehaoo"},"content":"            System.out.println(\"Nice! I\u0027ve marked this task as done: \");","lastModifiedDate":"2022-08-16"},{"lineNumber":17,"author":{"gitId":"yeehaoo"},"content":"        } else {","lastModifiedDate":"2022-08-16"},{"lineNumber":18,"author":{"gitId":"yeehaoo"},"content":"            task.setNotDone();","lastModifiedDate":"2022-08-16"},{"lineNumber":19,"author":{"gitId":"yeehaoo"},"content":"            System.out.println(\"OK, I\u0027ve marked this task as not done yet: \");","lastModifiedDate":"2022-08-16"},{"lineNumber":20,"author":{"gitId":"yeehaoo"},"content":"        }","lastModifiedDate":"2022-08-16"},{"lineNumber":21,"author":{"gitId":"yeehaoo"},"content":"        System.out.println(task.toString());","lastModifiedDate":"2022-08-16"},{"lineNumber":22,"author":{"gitId":"yeehaoo"},"content":"    }","lastModifiedDate":"2022-08-16"},{"lineNumber":23,"author":{"gitId":"yeehaoo"},"content":"","lastModifiedDate":"2022-08-16"},{"lineNumber":24,"author":{"gitId":"yeehaoo"},"content":"    void event(String name, String eventDate) {","lastModifiedDate":"2022-08-17"},{"lineNumber":25,"author":{"gitId":"yeehaoo"},"content":"        Event event \u003d new Event(taskList.size() + 1, name, eventDate);","lastModifiedDate":"2022-08-16"},{"lineNumber":26,"author":{"gitId":"yeehaoo"},"content":"        taskList.add(event);","lastModifiedDate":"2022-08-16"},{"lineNumber":27,"author":{"gitId":"yeehaoo"},"content":"        System.out.println(\"Got it. I\u0027ve added this task: \");","lastModifiedDate":"2022-08-16"},{"lineNumber":28,"author":{"gitId":"yeehaoo"},"content":"        System.out.println(event.toString());","lastModifiedDate":"2022-08-16"},{"lineNumber":29,"author":{"gitId":"yeehaoo"},"content":"        System.out.println(\"Now you have \" + taskList.size() + \" tasks in the list.\");","lastModifiedDate":"2022-08-16"},{"lineNumber":30,"author":{"gitId":"yeehaoo"},"content":"    }","lastModifiedDate":"2022-08-16"},{"lineNumber":31,"author":{"gitId":"yeehaoo"},"content":"","lastModifiedDate":"2022-08-16"},{"lineNumber":32,"author":{"gitId":"yeehaoo"},"content":"    void deadline(String name, String deadline) {","lastModifiedDate":"2022-08-17"},{"lineNumber":33,"author":{"gitId":"yeehaoo"},"content":"        Deadline deadlineEvent \u003d new Deadline(taskList.size() + 1, name, deadline);","lastModifiedDate":"2022-08-16"},{"lineNumber":34,"author":{"gitId":"yeehaoo"},"content":"        taskList.add(deadlineEvent);","lastModifiedDate":"2022-08-16"},{"lineNumber":35,"author":{"gitId":"yeehaoo"},"content":"        System.out.println(\"Got it. I\u0027ve added this task: \");","lastModifiedDate":"2022-08-16"},{"lineNumber":36,"author":{"gitId":"yeehaoo"},"content":"        System.out.println(deadlineEvent.toString());","lastModifiedDate":"2022-08-16"},{"lineNumber":37,"author":{"gitId":"yeehaoo"},"content":"        System.out.println(\"Now you have \" + taskList.size() + \" tasks in the list.\");","lastModifiedDate":"2022-08-16"},{"lineNumber":38,"author":{"gitId":"yeehaoo"},"content":"    }","lastModifiedDate":"2022-08-16"},{"lineNumber":39,"author":{"gitId":"yeehaoo"},"content":"","lastModifiedDate":"2022-08-16"},{"lineNumber":40,"author":{"gitId":"yeehaoo"},"content":"    void todo(String task) {","lastModifiedDate":"2022-08-16"},{"lineNumber":41,"author":{"gitId":"yeehaoo"},"content":"        Todo todo \u003d new Todo(taskList.size() + 1, task);","lastModifiedDate":"2022-08-16"},{"lineNumber":42,"author":{"gitId":"yeehaoo"},"content":"        taskList.add(todo);","lastModifiedDate":"2022-08-16"},{"lineNumber":43,"author":{"gitId":"yeehaoo"},"content":"        System.out.println(\"Got it. I\u0027ve added this task: \");","lastModifiedDate":"2022-08-16"},{"lineNumber":44,"author":{"gitId":"yeehaoo"},"content":"        System.out.println(todo.toString());","lastModifiedDate":"2022-08-16"},{"lineNumber":45,"author":{"gitId":"yeehaoo"},"content":"        System.out.println(\"Now you have \" + taskList.size() + \" tasks in the list.\");","lastModifiedDate":"2022-08-16"},{"lineNumber":46,"author":{"gitId":"yeehaoo"},"content":"    }","lastModifiedDate":"2022-08-16"},{"lineNumber":47,"author":{"gitId":"yeehaoo"},"content":"","lastModifiedDate":"2022-08-16"},{"lineNumber":48,"author":{"gitId":"yeehaoo"},"content":"    void delete(int id) {","lastModifiedDate":"2022-08-18"},{"lineNumber":49,"author":{"gitId":"yeehaoo"},"content":"        Task toRemove \u003d taskList.remove(id - 1);","lastModifiedDate":"2022-08-18"},{"lineNumber":50,"author":{"gitId":"yeehaoo"},"content":"        System.out.println(\"Noted. I\u0027ve removed this task: \");","lastModifiedDate":"2022-08-18"},{"lineNumber":51,"author":{"gitId":"yeehaoo"},"content":"        System.out.println(toRemove);","lastModifiedDate":"2022-08-18"},{"lineNumber":52,"author":{"gitId":"yeehaoo"},"content":"        System.out.println(\"Now you have \" + taskList.size() + \" tasks in the list.\");","lastModifiedDate":"2022-08-18"},{"lineNumber":53,"author":{"gitId":"yeehaoo"},"content":"    }","lastModifiedDate":"2022-08-18"},{"lineNumber":54,"author":{"gitId":"yeehaoo"},"content":"","lastModifiedDate":"2022-08-18"},{"lineNumber":55,"author":{"gitId":"yeehaoo"},"content":"}","lastModifiedDate":"2022-08-16"}],"authorContributionMap":{"yeehaoo":55}},{"path":"src/main/java/Deadline.java","fileType":"java","lines":[{"lineNumber":1,"author":{"gitId":"yeehaoo"},"content":"class Deadline extends Task {","lastModifiedDate":"2022-08-16"},{"lineNumber":2,"author":{"gitId":"yeehaoo"},"content":"","lastModifiedDate":"2022-08-16"},{"lineNumber":3,"author":{"gitId":"yeehaoo"},"content":"    String deadline;","lastModifiedDate":"2022-08-16"},{"lineNumber":4,"author":{"gitId":"yeehaoo"},"content":"","lastModifiedDate":"2022-08-16"},{"lineNumber":5,"author":{"gitId":"yeehaoo"},"content":"    Deadline (int id, String name, String deadline) {","lastModifiedDate":"2022-08-16"},{"lineNumber":6,"author":{"gitId":"yeehaoo"},"content":"        super(id, name);","lastModifiedDate":"2022-08-16"},{"lineNumber":7,"author":{"gitId":"yeehaoo"},"content":"        this.deadline \u003d deadline;","lastModifiedDate":"2022-08-16"},{"lineNumber":8,"author":{"gitId":"yeehaoo"},"content":"    }","lastModifiedDate":"2022-08-16"},{"lineNumber":9,"author":{"gitId":"yeehaoo"},"content":"","lastModifiedDate":"2022-08-16"},{"lineNumber":10,"author":{"gitId":"yeehaoo"},"content":"    @Override","lastModifiedDate":"2022-08-16"},{"lineNumber":11,"author":{"gitId":"yeehaoo"},"content":"    public String toString() {","lastModifiedDate":"2022-08-16"},{"lineNumber":12,"author":{"gitId":"yeehaoo"},"content":"        String out \u003d super.getId() + \".[D][\";","lastModifiedDate":"2022-08-16"},{"lineNumber":13,"author":{"gitId":"yeehaoo"},"content":"        if (super.getStatus())","lastModifiedDate":"2022-08-16"},{"lineNumber":14,"author":{"gitId":"yeehaoo"},"content":"            out +\u003d \"X\";","lastModifiedDate":"2022-08-16"},{"lineNumber":15,"author":{"gitId":"yeehaoo"},"content":"        else","lastModifiedDate":"2022-08-16"},{"lineNumber":16,"author":{"gitId":"yeehaoo"},"content":"            out +\u003d \" \";","lastModifiedDate":"2022-08-16"},{"lineNumber":17,"author":{"gitId":"yeehaoo"},"content":"        out +\u003d \"] \" + super.toString() + \"(by : \" + deadline + \")\";","lastModifiedDate":"2022-08-16"},{"lineNumber":18,"author":{"gitId":"yeehaoo"},"content":"        return out;","lastModifiedDate":"2022-08-16"},{"lineNumber":19,"author":{"gitId":"yeehaoo"},"content":"    }","lastModifiedDate":"2022-08-16"},{"lineNumber":20,"author":{"gitId":"yeehaoo"},"content":"","lastModifiedDate":"2022-08-16"},{"lineNumber":21,"author":{"gitId":"yeehaoo"},"content":"","lastModifiedDate":"2022-08-16"},{"lineNumber":22,"author":{"gitId":"yeehaoo"},"content":"}","lastModifiedDate":"2022-08-16"}],"authorContributionMap":{"yeehaoo":22}},{"path":"src/main/java/Duke.java","fileType":"java","lines":[{"lineNumber":1,"author":{"gitId":"yeehaoo"},"content":"import java.util.Scanner;","lastModifiedDate":"2022-08-16"},{"lineNumber":2,"author":{"gitId":"yeehaoo"},"content":"","lastModifiedDate":"2022-08-16"},{"lineNumber":3,"author":{"gitId":"-"},"content":"public class Duke {","lastModifiedDate":"2019-07-29"},{"lineNumber":4,"author":{"gitId":"-"},"content":"    public static void main(String[] args) {","lastModifiedDate":"2019-07-29"},{"lineNumber":5,"author":{"gitId":"-"},"content":"        String logo \u003d \" ____        _        \\n\"","lastModifiedDate":"2019-07-29"},{"lineNumber":6,"author":{"gitId":"-"},"content":"                + \"|  _ \\\\ _   _| | _____ \\n\"","lastModifiedDate":"2019-07-29"},{"lineNumber":7,"author":{"gitId":"-"},"content":"                + \"| | | | | | | |/ / _ \\\\\\n\"","lastModifiedDate":"2019-07-29"},{"lineNumber":8,"author":{"gitId":"-"},"content":"                + \"| |_| | |_| |   \u003c  __/\\n\"","lastModifiedDate":"2019-07-29"},{"lineNumber":9,"author":{"gitId":"-"},"content":"                + \"|____/ \\\\__,_|_|\\\\_\\\\___|\\n\";","lastModifiedDate":"2019-07-29"},{"lineNumber":10,"author":{"gitId":"-"},"content":"        System.out.println(\"Hello from\\n\" + logo);","lastModifiedDate":"2019-07-29"},{"lineNumber":11,"author":{"gitId":"yeehaoo"},"content":"","lastModifiedDate":"2022-08-16"},{"lineNumber":12,"author":{"gitId":"yeehaoo"},"content":"        Checklist tasks \u003d new Checklist();","lastModifiedDate":"2022-08-16"},{"lineNumber":13,"author":{"gitId":"yeehaoo"},"content":"        Scanner scanner \u003d new Scanner(System.in);","lastModifiedDate":"2022-08-16"},{"lineNumber":14,"author":{"gitId":"yeehaoo"},"content":"        InputParser parser \u003d new InputParser();","lastModifiedDate":"2022-08-17"},{"lineNumber":15,"author":{"gitId":"yeehaoo"},"content":"        String input \u003d \"\";","lastModifiedDate":"2022-08-16"},{"lineNumber":16,"author":{"gitId":"yeehaoo"},"content":"        while (scanner.hasNextLine()) {","lastModifiedDate":"2022-08-16"},{"lineNumber":17,"author":{"gitId":"yeehaoo"},"content":"            input \u003d scanner.nextLine();","lastModifiedDate":"2022-08-16"},{"lineNumber":18,"author":{"gitId":"yeehaoo"},"content":"            try {","lastModifiedDate":"2022-08-17"},{"lineNumber":19,"author":{"gitId":"yeehaoo"},"content":"                parser.parse(input, tasks);","lastModifiedDate":"2022-08-17"},{"lineNumber":20,"author":{"gitId":"yeehaoo"},"content":"            } catch (Exception e) {","lastModifiedDate":"2022-08-17"},{"lineNumber":21,"author":{"gitId":"yeehaoo"},"content":"                System.out.println(e);","lastModifiedDate":"2022-08-17"},{"lineNumber":22,"author":{"gitId":"yeehaoo"},"content":"                if (e.equals(new EndProgramException()))","lastModifiedDate":"2022-08-17"},{"lineNumber":23,"author":{"gitId":"yeehaoo"},"content":"                    break;","lastModifiedDate":"2022-08-16"},{"lineNumber":24,"author":{"gitId":"yeehaoo"},"content":"","lastModifiedDate":"2022-08-17"},{"lineNumber":25,"author":{"gitId":"yeehaoo"},"content":"            }","lastModifiedDate":"2022-08-16"},{"lineNumber":26,"author":{"gitId":"yeehaoo"},"content":"        }","lastModifiedDate":"2022-08-16"},{"lineNumber":27,"author":{"gitId":"-"},"content":"    }","lastModifiedDate":"2019-07-29"},{"lineNumber":28,"author":{"gitId":"-"},"content":"}","lastModifiedDate":"2019-07-29"}],"authorContributionMap":{"yeehaoo":18,"-":10}},{"path":"src/main/java/EmptyTextException.java","fileType":"java","lines":[{"lineNumber":1,"author":{"gitId":"yeehaoo"},"content":"class EmptyTextException extends IllegalArgumentException {","lastModifiedDate":"2022-08-17"},{"lineNumber":2,"author":{"gitId":"yeehaoo"},"content":"","lastModifiedDate":"2022-08-17"},{"lineNumber":3,"author":{"gitId":"yeehaoo"},"content":"    @Override","lastModifiedDate":"2022-08-17"},{"lineNumber":4,"author":{"gitId":"yeehaoo"},"content":"    public boolean equals(Object obj) {","lastModifiedDate":"2022-08-17"},{"lineNumber":5,"author":{"gitId":"yeehaoo"},"content":"        return obj.getClass() \u003d\u003d this.getClass();","lastModifiedDate":"2022-08-17"},{"lineNumber":6,"author":{"gitId":"yeehaoo"},"content":"    }","lastModifiedDate":"2022-08-17"},{"lineNumber":7,"author":{"gitId":"yeehaoo"},"content":"","lastModifiedDate":"2022-08-17"},{"lineNumber":8,"author":{"gitId":"yeehaoo"},"content":"    @Override","lastModifiedDate":"2022-08-17"},{"lineNumber":9,"author":{"gitId":"yeehaoo"},"content":"    public String toString() {","lastModifiedDate":"2022-08-17"},{"lineNumber":10,"author":{"gitId":"yeehaoo"},"content":"        return \"OOPS!!! The description of a todo cannot be empty.\";","lastModifiedDate":"2022-08-17"},{"lineNumber":11,"author":{"gitId":"yeehaoo"},"content":"    }","lastModifiedDate":"2022-08-17"},{"lineNumber":12,"author":{"gitId":"yeehaoo"},"content":"}","lastModifiedDate":"2022-08-17"}],"authorContributionMap":{"yeehaoo":12}},{"path":"src/main/java/EndProgramException.java","fileType":"java","lines":[{"lineNumber":1,"author":{"gitId":"yeehaoo"},"content":"class EndProgramException extends Exception {","lastModifiedDate":"2022-08-17"},{"lineNumber":2,"author":{"gitId":"yeehaoo"},"content":"","lastModifiedDate":"2022-08-17"},{"lineNumber":3,"author":{"gitId":"yeehaoo"},"content":"    @Override","lastModifiedDate":"2022-08-17"},{"lineNumber":4,"author":{"gitId":"yeehaoo"},"content":"    public boolean equals(Object obj) {","lastModifiedDate":"2022-08-17"},{"lineNumber":5,"author":{"gitId":"yeehaoo"},"content":"        return obj.getClass() \u003d\u003d this.getClass();","lastModifiedDate":"2022-08-17"},{"lineNumber":6,"author":{"gitId":"yeehaoo"},"content":"    }","lastModifiedDate":"2022-08-17"},{"lineNumber":7,"author":{"gitId":"yeehaoo"},"content":"    @Override","lastModifiedDate":"2022-08-17"},{"lineNumber":8,"author":{"gitId":"yeehaoo"},"content":"    public String toString() {","lastModifiedDate":"2022-08-17"},{"lineNumber":9,"author":{"gitId":"yeehaoo"},"content":"        return \"Bye. Hope to see you again soon!\";","lastModifiedDate":"2022-08-17"},{"lineNumber":10,"author":{"gitId":"yeehaoo"},"content":"    }","lastModifiedDate":"2022-08-17"},{"lineNumber":11,"author":{"gitId":"yeehaoo"},"content":"}","lastModifiedDate":"2022-08-17"}],"authorContributionMap":{"yeehaoo":11}},{"path":"src/main/java/Event.java","fileType":"java","lines":[{"lineNumber":1,"author":{"gitId":"yeehaoo"},"content":"class Event extends Task {","lastModifiedDate":"2022-08-16"},{"lineNumber":2,"author":{"gitId":"yeehaoo"},"content":"","lastModifiedDate":"2022-08-16"},{"lineNumber":3,"author":{"gitId":"yeehaoo"},"content":"    String eventTime;","lastModifiedDate":"2022-08-16"},{"lineNumber":4,"author":{"gitId":"yeehaoo"},"content":"    Event (int id, String name, String eventTime) {","lastModifiedDate":"2022-08-16"},{"lineNumber":5,"author":{"gitId":"yeehaoo"},"content":"        super(id, name);","lastModifiedDate":"2022-08-16"},{"lineNumber":6,"author":{"gitId":"yeehaoo"},"content":"        this.eventTime \u003d eventTime;","lastModifiedDate":"2022-08-16"},{"lineNumber":7,"author":{"gitId":"yeehaoo"},"content":"    }","lastModifiedDate":"2022-08-16"},{"lineNumber":8,"author":{"gitId":"yeehaoo"},"content":"","lastModifiedDate":"2022-08-16"},{"lineNumber":9,"author":{"gitId":"yeehaoo"},"content":"    @Override","lastModifiedDate":"2022-08-16"},{"lineNumber":10,"author":{"gitId":"yeehaoo"},"content":"    public String toString() {","lastModifiedDate":"2022-08-16"},{"lineNumber":11,"author":{"gitId":"yeehaoo"},"content":"        String out \u003d super.getId() + \".[E][\";","lastModifiedDate":"2022-08-16"},{"lineNumber":12,"author":{"gitId":"yeehaoo"},"content":"        if (super.getStatus())","lastModifiedDate":"2022-08-16"},{"lineNumber":13,"author":{"gitId":"yeehaoo"},"content":"            out +\u003d \"X\";","lastModifiedDate":"2022-08-16"},{"lineNumber":14,"author":{"gitId":"yeehaoo"},"content":"        else","lastModifiedDate":"2022-08-16"},{"lineNumber":15,"author":{"gitId":"yeehaoo"},"content":"            out +\u003d \" \";","lastModifiedDate":"2022-08-16"},{"lineNumber":16,"author":{"gitId":"yeehaoo"},"content":"        out +\u003d \"] \" + super.toString() + \"(at : \" + eventTime + \")\";","lastModifiedDate":"2022-08-16"},{"lineNumber":17,"author":{"gitId":"yeehaoo"},"content":"        return out;","lastModifiedDate":"2022-08-16"},{"lineNumber":18,"author":{"gitId":"yeehaoo"},"content":"    }","lastModifiedDate":"2022-08-16"},{"lineNumber":19,"author":{"gitId":"yeehaoo"},"content":"}","lastModifiedDate":"2022-08-16"}],"authorContributionMap":{"yeehaoo":19}},{"path":"src/main/java/IllegalCommandException.java","fileType":"java","lines":[{"lineNumber":1,"author":{"gitId":"yeehaoo"},"content":"class IllegalCommandException extends IllegalArgumentException {","lastModifiedDate":"2022-08-17"},{"lineNumber":2,"author":{"gitId":"yeehaoo"},"content":"    @Override","lastModifiedDate":"2022-08-17"},{"lineNumber":3,"author":{"gitId":"yeehaoo"},"content":"    public boolean equals(Object obj) {","lastModifiedDate":"2022-08-17"},{"lineNumber":4,"author":{"gitId":"yeehaoo"},"content":"        return obj.getClass() \u003d\u003d this.getClass();","lastModifiedDate":"2022-08-17"},{"lineNumber":5,"author":{"gitId":"yeehaoo"},"content":"    }","lastModifiedDate":"2022-08-17"},{"lineNumber":6,"author":{"gitId":"yeehaoo"},"content":"    @Override","lastModifiedDate":"2022-08-17"},{"lineNumber":7,"author":{"gitId":"yeehaoo"},"content":"    public String toString() {","lastModifiedDate":"2022-08-17"},{"lineNumber":8,"author":{"gitId":"yeehaoo"},"content":"        return \"OOPS!!! I\u0027m sorry, but I don\u0027t know what that means.\";","lastModifiedDate":"2022-08-17"},{"lineNumber":9,"author":{"gitId":"yeehaoo"},"content":"    }","lastModifiedDate":"2022-08-17"},{"lineNumber":10,"author":{"gitId":"yeehaoo"},"content":"}","lastModifiedDate":"2022-08-17"}],"authorContributionMap":{"yeehaoo":10}},{"path":"src/main/java/InputParser.java","fileType":"java","lines":[{"lineNumber":1,"author":{"gitId":"yeehaoo"},"content":"class InputParser {","lastModifiedDate":"2022-08-17"},{"lineNumber":2,"author":{"gitId":"yeehaoo"},"content":"    void parse(String input, Checklist tasks) throws EmptyTextException, IllegalCommandException, EndProgramException {","lastModifiedDate":"2022-08-17"},{"lineNumber":3,"author":{"gitId":"yeehaoo"},"content":"        if (input.equals(\"bye\")) {","lastModifiedDate":"2022-08-17"},{"lineNumber":4,"author":{"gitId":"yeehaoo"},"content":"            throw new EndProgramException();","lastModifiedDate":"2022-08-17"},{"lineNumber":5,"author":{"gitId":"yeehaoo"},"content":"        } else if (input.equals(\"list\")) {","lastModifiedDate":"2022-08-17"},{"lineNumber":6,"author":{"gitId":"yeehaoo"},"content":"            tasks.list();","lastModifiedDate":"2022-08-17"},{"lineNumber":7,"author":{"gitId":"yeehaoo"},"content":"        } else if (input.startsWith(\"mark\")) {","lastModifiedDate":"2022-08-17"},{"lineNumber":8,"author":{"gitId":"yeehaoo"},"content":"            tasks.mark(Integer.parseInt(input.substring(5)), true);","lastModifiedDate":"2022-08-17"},{"lineNumber":9,"author":{"gitId":"yeehaoo"},"content":"        } else if (input.startsWith(\"unmark\")) {","lastModifiedDate":"2022-08-17"},{"lineNumber":10,"author":{"gitId":"yeehaoo"},"content":"            tasks.mark(Integer.parseInt(input.substring(7)), false);","lastModifiedDate":"2022-08-17"},{"lineNumber":11,"author":{"gitId":"yeehaoo"},"content":"        } else if (input.startsWith(\"todo\")) {","lastModifiedDate":"2022-08-17"},{"lineNumber":12,"author":{"gitId":"yeehaoo"},"content":"            if (input.length() \u003e 4) {","lastModifiedDate":"2022-08-17"},{"lineNumber":13,"author":{"gitId":"yeehaoo"},"content":"                String name \u003d input.substring(input.indexOf(\" \") + 1);","lastModifiedDate":"2022-08-17"},{"lineNumber":14,"author":{"gitId":"yeehaoo"},"content":"                tasks.todo(name);","lastModifiedDate":"2022-08-17"},{"lineNumber":15,"author":{"gitId":"yeehaoo"},"content":"            } else","lastModifiedDate":"2022-08-17"},{"lineNumber":16,"author":{"gitId":"yeehaoo"},"content":"                throw new EmptyTextException();","lastModifiedDate":"2022-08-17"},{"lineNumber":17,"author":{"gitId":"yeehaoo"},"content":"        } else if (input.startsWith(\"deadline\")) {","lastModifiedDate":"2022-08-17"},{"lineNumber":18,"author":{"gitId":"yeehaoo"},"content":"            if (input.length() \u003c 9 || input.substring(input.indexOf(\" \") + 1).trim().equals(\"\")) {","lastModifiedDate":"2022-08-17"},{"lineNumber":19,"author":{"gitId":"yeehaoo"},"content":"                throw new EmptyTextException();","lastModifiedDate":"2022-08-17"},{"lineNumber":20,"author":{"gitId":"yeehaoo"},"content":"            } else {","lastModifiedDate":"2022-08-17"},{"lineNumber":21,"author":{"gitId":"yeehaoo"},"content":"                String name \u003d input.substring(input.indexOf(\" \") + 1, input.indexOf(\"/\"));","lastModifiedDate":"2022-08-17"},{"lineNumber":22,"author":{"gitId":"yeehaoo"},"content":"                String date \u003d input.substring(input.indexOf(\"/\") + 4);","lastModifiedDate":"2022-08-17"},{"lineNumber":23,"author":{"gitId":"yeehaoo"},"content":"                tasks.deadline(name, date);","lastModifiedDate":"2022-08-17"},{"lineNumber":24,"author":{"gitId":"yeehaoo"},"content":"            }","lastModifiedDate":"2022-08-17"},{"lineNumber":25,"author":{"gitId":"yeehaoo"},"content":"        } else if (input.startsWith(\"event\")) {","lastModifiedDate":"2022-08-17"},{"lineNumber":26,"author":{"gitId":"yeehaoo"},"content":"            if (input.length() \u003c 6 || input.substring(input.indexOf(\" \") + 1).trim().equals(\"\")) {","lastModifiedDate":"2022-08-17"},{"lineNumber":27,"author":{"gitId":"yeehaoo"},"content":"                throw new EmptyTextException();","lastModifiedDate":"2022-08-17"},{"lineNumber":28,"author":{"gitId":"yeehaoo"},"content":"            } else {","lastModifiedDate":"2022-08-17"},{"lineNumber":29,"author":{"gitId":"yeehaoo"},"content":"                String name \u003d input.substring(input.indexOf(\" \") + 1, input.indexOf(\"/\"));","lastModifiedDate":"2022-08-17"},{"lineNumber":30,"author":{"gitId":"yeehaoo"},"content":"                String date \u003d input.substring(input.indexOf(\"/\") + 4);","lastModifiedDate":"2022-08-17"},{"lineNumber":31,"author":{"gitId":"yeehaoo"},"content":"                tasks.event(name, date);","lastModifiedDate":"2022-08-17"},{"lineNumber":32,"author":{"gitId":"yeehaoo"},"content":"            }","lastModifiedDate":"2022-08-17"},{"lineNumber":33,"author":{"gitId":"yeehaoo"},"content":"        } else if (input.startsWith(\"delete\")) {","lastModifiedDate":"2022-08-18"},{"lineNumber":34,"author":{"gitId":"yeehaoo"},"content":"                int id \u003d Integer.parseInt(input.substring(input.indexOf(\" \") + 1));","lastModifiedDate":"2022-08-18"},{"lineNumber":35,"author":{"gitId":"yeehaoo"},"content":"                tasks.delete(id);","lastModifiedDate":"2022-08-18"},{"lineNumber":36,"author":{"gitId":"yeehaoo"},"content":"        } else {","lastModifiedDate":"2022-08-17"},{"lineNumber":37,"author":{"gitId":"yeehaoo"},"content":"            throw new IllegalCommandException();","lastModifiedDate":"2022-08-17"},{"lineNumber":38,"author":{"gitId":"yeehaoo"},"content":"        }","lastModifiedDate":"2022-08-17"},{"lineNumber":39,"author":{"gitId":"yeehaoo"},"content":"    }","lastModifiedDate":"2022-08-17"},{"lineNumber":40,"author":{"gitId":"yeehaoo"},"content":"}","lastModifiedDate":"2022-08-17"}],"authorContributionMap":{"yeehaoo":40}},{"path":"src/main/java/Task.java","fileType":"java","lines":[{"lineNumber":1,"author":{"gitId":"yeehaoo"},"content":"abstract class Task {","lastModifiedDate":"2022-08-16"},{"lineNumber":2,"author":{"gitId":"yeehaoo"},"content":"    private final int id;","lastModifiedDate":"2022-08-16"},{"lineNumber":3,"author":{"gitId":"yeehaoo"},"content":"    private final String name;","lastModifiedDate":"2022-08-16"},{"lineNumber":4,"author":{"gitId":"yeehaoo"},"content":"    private boolean done;","lastModifiedDate":"2022-08-16"},{"lineNumber":5,"author":{"gitId":"yeehaoo"},"content":"","lastModifiedDate":"2022-08-16"},{"lineNumber":6,"author":{"gitId":"yeehaoo"},"content":"    Task(int id, String name) {","lastModifiedDate":"2022-08-16"},{"lineNumber":7,"author":{"gitId":"yeehaoo"},"content":"        this.id \u003d id;","lastModifiedDate":"2022-08-16"},{"lineNumber":8,"author":{"gitId":"yeehaoo"},"content":"        this.name \u003d name;","lastModifiedDate":"2022-08-16"},{"lineNumber":9,"author":{"gitId":"yeehaoo"},"content":"        this.done \u003d false;","lastModifiedDate":"2022-08-16"},{"lineNumber":10,"author":{"gitId":"yeehaoo"},"content":"    }","lastModifiedDate":"2022-08-16"},{"lineNumber":11,"author":{"gitId":"yeehaoo"},"content":"","lastModifiedDate":"2022-08-16"},{"lineNumber":12,"author":{"gitId":"yeehaoo"},"content":"    void setDone() {","lastModifiedDate":"2022-08-16"},{"lineNumber":13,"author":{"gitId":"yeehaoo"},"content":"        this.done \u003d true;","lastModifiedDate":"2022-08-16"},{"lineNumber":14,"author":{"gitId":"yeehaoo"},"content":"    }","lastModifiedDate":"2022-08-16"},{"lineNumber":15,"author":{"gitId":"yeehaoo"},"content":"","lastModifiedDate":"2022-08-16"},{"lineNumber":16,"author":{"gitId":"yeehaoo"},"content":"    void setNotDone() {","lastModifiedDate":"2022-08-16"},{"lineNumber":17,"author":{"gitId":"yeehaoo"},"content":"        this.done \u003d false;","lastModifiedDate":"2022-08-16"},{"lineNumber":18,"author":{"gitId":"yeehaoo"},"content":"    }","lastModifiedDate":"2022-08-16"},{"lineNumber":19,"author":{"gitId":"yeehaoo"},"content":"","lastModifiedDate":"2022-08-16"},{"lineNumber":20,"author":{"gitId":"yeehaoo"},"content":"    int getId() {","lastModifiedDate":"2022-08-16"},{"lineNumber":21,"author":{"gitId":"yeehaoo"},"content":"        return id;","lastModifiedDate":"2022-08-16"},{"lineNumber":22,"author":{"gitId":"yeehaoo"},"content":"    }","lastModifiedDate":"2022-08-16"},{"lineNumber":23,"author":{"gitId":"yeehaoo"},"content":"","lastModifiedDate":"2022-08-16"},{"lineNumber":24,"author":{"gitId":"yeehaoo"},"content":"    boolean getStatus() {","lastModifiedDate":"2022-08-16"},{"lineNumber":25,"author":{"gitId":"yeehaoo"},"content":"        return done;","lastModifiedDate":"2022-08-16"},{"lineNumber":26,"author":{"gitId":"yeehaoo"},"content":"    }","lastModifiedDate":"2022-08-16"},{"lineNumber":27,"author":{"gitId":"yeehaoo"},"content":"","lastModifiedDate":"2022-08-16"},{"lineNumber":28,"author":{"gitId":"yeehaoo"},"content":"    @Override","lastModifiedDate":"2022-08-16"},{"lineNumber":29,"author":{"gitId":"yeehaoo"},"content":"    public String toString() {","lastModifiedDate":"2022-08-16"},{"lineNumber":30,"author":{"gitId":"yeehaoo"},"content":"        return name;","lastModifiedDate":"2022-08-16"},{"lineNumber":31,"author":{"gitId":"yeehaoo"},"content":"    }","lastModifiedDate":"2022-08-16"},{"lineNumber":32,"author":{"gitId":"yeehaoo"},"content":"}","lastModifiedDate":"2022-08-16"}],"authorContributionMap":{"yeehaoo":32}},{"path":"src/main/java/Todo.java","fileType":"java","lines":[{"lineNumber":1,"author":{"gitId":"yeehaoo"},"content":"class Todo extends Task {","lastModifiedDate":"2022-08-16"},{"lineNumber":2,"author":{"gitId":"yeehaoo"},"content":"    Todo (int id, String name) {","lastModifiedDate":"2022-08-16"},{"lineNumber":3,"author":{"gitId":"yeehaoo"},"content":"        super(id, name);","lastModifiedDate":"2022-08-16"},{"lineNumber":4,"author":{"gitId":"yeehaoo"},"content":"    }","lastModifiedDate":"2022-08-16"},{"lineNumber":5,"author":{"gitId":"yeehaoo"},"content":"","lastModifiedDate":"2022-08-16"},{"lineNumber":6,"author":{"gitId":"yeehaoo"},"content":"    @Override","lastModifiedDate":"2022-08-16"},{"lineNumber":7,"author":{"gitId":"yeehaoo"},"content":"    public String toString() {","lastModifiedDate":"2022-08-16"},{"lineNumber":8,"author":{"gitId":"yeehaoo"},"content":"        String out \u003d super.getId() + \".[T][\";","lastModifiedDate":"2022-08-16"},{"lineNumber":9,"author":{"gitId":"yeehaoo"},"content":"        if (super.getStatus())","lastModifiedDate":"2022-08-16"},{"lineNumber":10,"author":{"gitId":"yeehaoo"},"content":"            out +\u003d \"X\";","lastModifiedDate":"2022-08-16"},{"lineNumber":11,"author":{"gitId":"yeehaoo"},"content":"        else","lastModifiedDate":"2022-08-16"},{"lineNumber":12,"author":{"gitId":"yeehaoo"},"content":"            out +\u003d \" \";","lastModifiedDate":"2022-08-16"},{"lineNumber":13,"author":{"gitId":"yeehaoo"},"content":"        out +\u003d \"] \" + super.toString();","lastModifiedDate":"2022-08-16"},{"lineNumber":14,"author":{"gitId":"yeehaoo"},"content":"        return out;","lastModifiedDate":"2022-08-16"},{"lineNumber":15,"author":{"gitId":"yeehaoo"},"content":"    }","lastModifiedDate":"2022-08-16"},{"lineNumber":16,"author":{"gitId":"yeehaoo"},"content":"}","lastModifiedDate":"2022-08-16"}],"authorContributionMap":{"yeehaoo":16}}]
