{"authorDailyContributionsMap":{"yeehaoo":[{"date":"2022-08-16","commitResults":[{"hash":"fc4d1176ffabef0f41ba8d9403959383d9efb6bc","messageTitle":"Level-1","messageBody":"","tags":["Level-2"],"fileTypesAndContributionMap":{"java":{"insertions":14,"deletions":0}}},{"hash":"ac969f1d5f2b0c0cc00e682fd19f87109b325aa1","messageTitle":"Level-2","messageBody":"","fileTypesAndContributionMap":{"java":{"insertions":7,"deletions":1}}},{"hash":"2c78efff01af50a175308b4b7284e2c9a8761098","messageTitle":"refactored level 2","messageBody":"","tags":["Level-3"],"fileTypesAndContributionMap":{"java":{"insertions":49,"deletions":3}}},{"hash":"ba0cf53c29b585e0f4a2ba91c6816e34af8191cb","messageTitle":"Level-3","messageBody":"","fileTypesAndContributionMap":{"java":{"insertions":17,"deletions":1}}},{"hash":"8baba729976d5f8a5479fc1574cb1756d0d232d1","messageTitle":"A-Inheritance","messageBody":"","fileTypesAndContributionMap":{"java":{"insertions":19,"deletions":4}}},{"hash":"05b18f5e6738bff592ef51ecfcc214afdacee928","messageTitle":"A-Inheritance improvements","messageBody":"","fileTypesAndContributionMap":{"java":{"insertions":19,"deletions":8}}},{"hash":"074f570482a38e7c4d8f5ed9ceac2a945f9c68ac","messageTitle":"Level4","messageBody":"","tags":["Level-4"],"fileTypesAndContributionMap":{"java":{"insertions":34,"deletions":3}}},{"hash":"22f55f3457d5e081aa5b353fb8f27b85fba0e492","messageTitle":"Level-4","messageBody":"","fileTypesAndContributionMap":{"java":{"insertions":20,"deletions":4}}},{"hash":"511a52ce815df190aae907523b0a20875b60e3ae","messageTitle":"Level-4","messageBody":"","fileTypesAndContributionMap":{"java":{"insertions":15,"deletions":3}}}]},{"date":"2022-08-17","commitResults":[{"hash":"788dd5a106caefc9c191c5edc928a0b2032ea26f","messageTitle":"Level-5","messageBody":"","fileTypesAndContributionMap":{"java":{"insertions":97,"deletions":21},"sh":{"insertions":0,"deletions":0}}},{"hash":"8bed1899353d041e291a5c797fc78cb6ba937854","messageTitle":"Level-5","messageBody":"","tags":["Level-5"],"fileTypesAndContributionMap":{"java":{"insertions":4,"deletions":21}}}]},{"date":"2022-08-18","commitResults":[{"hash":"1b06e34a64ff8683686a5e16b504dd577f91c0a8","messageTitle":"Level-6","messageBody":"","tags":["Level-6","A-TextUiTesting"],"fileTypesAndContributionMap":{"java":{"insertions":10,"deletions":1}}}]},{"date":"2022-08-26","commitResults":[{"hash":"136a28d1083d862250263ef39ab6cb4bf0712220","messageTitle":"Add persistent memory","messageBody":"","fileTypesAndContributionMap":{"txt":{"insertions":1,"deletions":0},"java":{"insertions":91,"deletions":4}}},{"hash":"118629f3af08087c7db5dc3e8f368058d927d4ff","messageTitle":"Add ability to parse dates","messageBody":"","fileTypesAndContributionMap":{"java":{"insertions":13,"deletions":6}}},{"hash":"041b02c13fd682c9c919a0ae02019df8e8d579bc","messageTitle":"Fix bug where constructors for Event and Deadline classes were not being parsed by LocalDate","messageBody":"","fileTypesAndContributionMap":{"java":{"insertions":2,"deletions":2}}}]},{"date":"2022-08-27","commitResults":[{"hash":"f76de1e1fcd704f043104c16fee686ccff781640","messageTitle":"Refactor code to increase conformity to OOP","messageBody":"","tags":["A-MoreOOP"],"fileTypesAndContributionMap":{"java":{"insertions":73,"deletions":44}}},{"hash":"dff489800972c85a3503466e008f25ab406d9075","messageTitle":"Divide classes into packages, fix a bug where saving to disk did not insert new line after each item","messageBody":"","tags":["A-Packages"],"fileTypesAndContributionMap":{"txt":{"insertions":1,"deletions":1},"java":{"insertions":98,"deletions":66},"bat":{"insertions":1,"deletions":1},"md":{"insertions":2,"deletions":2}}}]}]},"authorFileTypeContributionMap":{"yeehaoo":{"java":397,"md":2,"fxml":0,"sh":0,"bat":1,"gradle":0,"txt":1}},"authorContributionVariance":{"yeehaoo":8048.4336},"authorDisplayNameMap":{"yeehaoo":"CS2103-F13-4 YEE .. HAO"}}
