{"authorDailyContributionsMap":{"reneeyeow02":[{"date":"2022-08-17","commitResults":[{"hash":"3cef5b08e1bad7493ef9901397d5cebc6e9e91cb","messageTitle":"Level 1. Greet, Echo, Exit","messageBody":"","fileTypesAndContributionMap":{"java":{"insertions":13,"deletions":1}}},{"hash":"5c9cf4bc740911f25a62dff6f5b3fbfc24b045fa","messageTitle":"Level 2. Add, List","messageBody":"","tags":["Level-2"],"fileTypesAndContributionMap":{"java":{"insertions":22,"deletions":3}}}]},{"date":"2022-08-19","commitResults":[{"hash":"d238fb417a1b8a0f0c7251ad70c7229c3a6d4aab","messageTitle":"Level 3. Mark as Done","messageBody":"","tags":["Level-3"],"fileTypesAndContributionMap":{"java":{"insertions":68,"deletions":13}}},{"hash":"bff81f52a2e153fb8ef65c505681af04ee0fbbce","messageTitle":"Level 4. ToDos, Events, Deadlines","messageBody":"","tags":["Level-4"],"fileTypesAndContributionMap":{"java":{"insertions":119,"deletions":35}}},{"hash":"57681ea61cf2c15dbb23afeab6d0791e4a62a7d3","messageTitle":" Duke A-TextUiTesting: Automated Text UI Testing","messageBody":"","tags":["A-TextUiTesting"],"fileTypesAndContributionMap":{"java":{"insertions":6,"deletions":6}}}]},{"date":"2022-08-20","commitResults":[{"hash":"1155b02e5c3691fd9186170558479ce5339c7444","messageTitle":"Level 5. Handle Errors","messageBody":"","tags":["Level-5"],"fileTypesAndContributionMap":{"java":{"insertions":66,"deletions":14}}},{"hash":"9dcef3f9a89823388d826efa02c41d6d2434f63c","messageTitle":"Level 6. Delete","messageBody":"","tags":["Level-6","A-enums"],"fileTypesAndContributionMap":{"java":{"insertions":31,"deletions":13}}},{"hash":"2595707f96807eb4834d4febc7b64b2def300e48","messageTitle":"Fix indentation","messageBody":"","fileTypesAndContributionMap":{"java":{"insertions":107,"deletions":108}}}]},{"date":"2022-08-24","commitResults":[{"hash":"371b099dc8e7a7878dbba501215545ea6a74ba47","messageTitle":"Level-7: Save","messageBody":"","tags":["Level-7"],"fileTypesAndContributionMap":{"txt":{"insertions":4,"deletions":0},"java":{"insertions":43,"deletions":9}}},{"hash":"6332c488ea2860d9809dd75f51242cb82036847a","messageTitle":"Level 8. Dates and Times","messageBody":"","tags":["Level-8"],"fileTypesAndContributionMap":{"txt":{"insertions":1,"deletions":3},"java":{"insertions":11,"deletions":7}}}]},{"date":"2022-08-27","commitResults":[{"hash":"d6eecf4c454fd062a4ec8f862577354439b7c809","messageTitle":"A-MoreOOP","messageBody":"","tags":["A-MoreOOP"],"fileTypesAndContributionMap":{"txt":{"insertions":2,"deletions":2},"java":{"insertions":518,"deletions":183}}},{"hash":"12f53bfafbb93c6bbd7bcf360f098a96650bf7a1","messageTitle":"A-Packages","messageBody":"","tags":["A-Packages"],"fileTypesAndContributionMap":{"java":{"insertions":114,"deletions":38},"bat":{"insertions":1,"deletions":1},"md":{"insertions":2,"deletions":2}}},{"hash":"d4ef0343ff2b64a981cc1b7d053117649e92544f","messageTitle":"A-JUnit","messageBody":"","tags":["A-JUnit","A-Gradle"],"fileTypesAndContributionMap":{"txt":{"insertions":1,"deletions":0},"java":{"insertions":56,"deletions":3}}},{"hash":"784827e62cfe44d013a8658445ef63314875a870","messageTitle":"Gradle fixes","messageBody":"","fileTypesAndContributionMap":{"gradle":{"insertions":2,"deletions":1},"java":{"insertions":0,"deletions":1}}},{"hash":"bc2122655e57ff01cb95c761d144af409e38f9d8","messageTitle":"A-Jar","messageBody":"","fileTypesAndContributionMap":{"gradle":{"insertions":1,"deletions":1},"txt":{"insertions":1,"deletions":2},"java":{"insertions":2,"deletions":2}}}]},{"date":"2022-08-28","commitResults":[{"hash":"044d6a18de4bc57ee1da41fb1dc964c1c3c52d6f","messageTitle":"A-Jar","messageBody":"","tags":["A-Jar"],"fileTypesAndContributionMap":{"java":{"insertions":4,"deletions":4}}},{"hash":"3a3286ee82a14cf7d299b1a9aacb79c5b6193628","messageTitle":"A-JavaDoc","messageBody":"","tags":["A-JavaDoc"],"fileTypesAndContributionMap":{"java":{"insertions":356,"deletions":108}}},{"hash":"908563d2371e1ace04855c963994884b5bb6b478","messageTitle":"A-CodingStandard","messageBody":"","tags":["A-CodingStandard"],"fileTypesAndContributionMap":{"gradle":{"insertions":4,"deletions":0},"java":{"insertions":115,"deletions":106}}},{"hash":"d59d9b04cf5bf7135e434932bbd85ca11a6d0a11","messageTitle":"Level-9: Find","messageBody":"","tags":["Level-9"],"fileTypesAndContributionMap":{"txt":{"insertions":1,"deletions":0},"java":{"insertions":59,"deletions":9}}}]},{"date":"2022-08-30","commitResults":[{"hash":"9847dfbfe411a41d6648feb635464627d419613d","messageTitle":"Change name from duke to meowmeow","messageBody":"","fileTypesAndContributionMap":{"gradle":{"insertions":2,"deletions":2},"txt":{"insertions":1,"deletions":1},"java":{"insertions":91,"deletions":95},"bat":{"insertions":1,"deletions":1},"sh":{"insertions":1,"deletions":1},"md":{"insertions":3,"deletions":3}}}]},{"date":"2022-08-31","commitResults":[{"hash":"0685afe2dddc9bfe39c777a1a72cad20bff54082","messageTitle":"A-CheckStyle: Use CheckStyle","messageBody":"","tags":["A-Checkstyle"],"fileTypesAndContributionMap":{"gradle":{"insertions":15,"deletions":0},"java":{"insertions":12,"deletions":6}}}]},{"date":"2022-09-03","commitResults":[{"hash":"08cacd517319bbe16bcf90df5d65eb8f26bf0fcf","messageTitle":"JavaFX","messageBody":"","fileTypesAndContributionMap":{"gradle":{"insertions":1,"deletions":0},"txt":{"insertions":2,"deletions":1},"fxml":{"insertions":35,"deletions":0},"java":{"insertions":320,"deletions":5}}}]},{"date":"2022-09-04","commitResults":[{"hash":"5e61ae90921b0ee259c3e22d31d5b41c2b7fbc2b","messageTitle":"Level-10: GUI","messageBody":"","tags":["Level-10"],"fileTypesAndContributionMap":{"txt":{"insertions":3,"deletions":0},"fxml":{"insertions":9,"deletions":5},"java":{"insertions":72,"deletions":180}}}]},{"date":"2022-09-10","commitResults":[{"hash":"d3e74d3542675055fca501e8c8ac9b85c5849973","messageTitle":"A-Assertions","messageBody":"Use assert feature to document important assumptions in the code\n\nBuild new Jar file\n","tags":["A-FullCommitMessage","A-Assertions"],"fileTypesAndContributionMap":{"gradle":{"insertions":5,"deletions":1},"java":{"insertions":4,"deletions":0}}},{"hash":"e5e2c4bd3b63f6ee61ddef0e989beea54575320f","messageTitle":"A-CodeQuality","messageBody":"Clean up code, fixing indentation and removing redundant import statements\n","tags":["BCD-Extension","A-CodeQuality"],"fileTypesAndContributionMap":{"java":{"insertions":9,"deletions":24}}}]},{"date":"2022-09-11","commitResults":[{"hash":"17802ee26e419528e75ea6132fd6c98168addf47","messageTitle":"C-Undo","messageBody":"Add functionality to undo most recent command\n","fileTypesAndContributionMap":{"txt":{"insertions":2,"deletions":2},"java":{"insertions":128,"deletions":8}}},{"hash":"063e45201a0c44af2fe84626a1079842d9015e17","messageTitle":"Code cleanup","messageBody":"","fileTypesAndContributionMap":{"java":{"insertions":36,"deletions":63}}},{"hash":"5bcb917196df697cee24b2859f0bc7064254e770","messageTitle":"A-UserGuide","messageBody":"Create User guide and fix bugs\n","tags":["A-UserGuide"],"fileTypesAndContributionMap":{"txt":{"insertions":3,"deletions":3},"java":{"insertions":2,"deletions":3},"md":{"insertions":77,"deletions":12}}}]},{"date":"2022-09-15","commitResults":[{"hash":"3fe2aff1f6fd7150d5a2fc15878cc3e74dabe22d","messageTitle":"Edit GUI","messageBody":"","fileTypesAndContributionMap":{"txt":{"insertions":1,"deletions":0}}},{"hash":"3d5031a5895cba53288ca64d3b3185b5cb0effe3","messageTitle":"Add delay for exit command","messageBody":"Bot now prints a goodbye message before exiting the program\n","fileTypesAndContributionMap":{"java":{"insertions":11,"deletions":1}}}]}]},"authorFileTypeContributionMap":{"reneeyeow02":{"java":1356,"md":76,"fxml":39,"sh":1,"bat":1,"gradle":27,"txt":8}},"authorContributionVariance":{"reneeyeow02":46447.69},"authorDisplayNameMap":{"reneeyeow02":"CS2103T-T09-3 RENE..E NI"}}
