[{"path":"build.gradle","fileType":"gradle","lines":[{"lineNumber":1,"author":{"gitId":"-"},"content":"plugins {","lastModifiedDate":"2020-05-25"},{"lineNumber":2,"author":{"gitId":"-"},"content":"    id \u0027java\u0027","lastModifiedDate":"2020-05-25"},{"lineNumber":3,"author":{"gitId":"-"},"content":"    id \u0027application\u0027","lastModifiedDate":"2020-05-25"},{"lineNumber":4,"author":{"gitId":"-"},"content":"    id \u0027com.github.johnrengelman.shadow\u0027 version \u00275.1.0\u0027","lastModifiedDate":"2020-05-25"},{"lineNumber":5,"author":{"gitId":"-"},"content":"}","lastModifiedDate":"2020-05-25"},{"lineNumber":6,"author":{"gitId":"-"},"content":"","lastModifiedDate":"2020-05-25"},{"lineNumber":7,"author":{"gitId":"-"},"content":"repositories {","lastModifiedDate":"2020-05-25"},{"lineNumber":8,"author":{"gitId":"-"},"content":"    mavenCentral()","lastModifiedDate":"2020-05-25"},{"lineNumber":9,"author":{"gitId":"-"},"content":"}","lastModifiedDate":"2020-05-25"},{"lineNumber":10,"author":{"gitId":"-"},"content":"","lastModifiedDate":"2020-05-25"},{"lineNumber":11,"author":{"gitId":"-"},"content":"dependencies {","lastModifiedDate":"2020-05-25"},{"lineNumber":12,"author":{"gitId":"-"},"content":"    testImplementation group: \u0027org.junit.jupiter\u0027, name: \u0027junit-jupiter-api\u0027, version: \u00275.5.0\u0027","lastModifiedDate":"2020-05-25"},{"lineNumber":13,"author":{"gitId":"-"},"content":"    testRuntimeOnly group: \u0027org.junit.jupiter\u0027, name: \u0027junit-jupiter-engine\u0027, version: \u00275.5.0\u0027","lastModifiedDate":"2020-05-25"},{"lineNumber":14,"author":{"gitId":"yusiangeng"},"content":"","lastModifiedDate":"2022-09-10"},{"lineNumber":15,"author":{"gitId":"yusiangeng"},"content":"    String javaFxVersion \u003d \u002711\u0027","lastModifiedDate":"2022-09-10"},{"lineNumber":16,"author":{"gitId":"yusiangeng"},"content":"","lastModifiedDate":"2022-09-10"},{"lineNumber":17,"author":{"gitId":"yusiangeng"},"content":"    implementation group: \u0027org.openjfx\u0027, name: \u0027javafx-base\u0027, version: javaFxVersion, classifier: \u0027win\u0027","lastModifiedDate":"2022-09-10"},{"lineNumber":18,"author":{"gitId":"yusiangeng"},"content":"    implementation group: \u0027org.openjfx\u0027, name: \u0027javafx-base\u0027, version: javaFxVersion, classifier: \u0027mac\u0027","lastModifiedDate":"2022-09-10"},{"lineNumber":19,"author":{"gitId":"yusiangeng"},"content":"    implementation group: \u0027org.openjfx\u0027, name: \u0027javafx-base\u0027, version: javaFxVersion, classifier: \u0027linux\u0027","lastModifiedDate":"2022-09-10"},{"lineNumber":20,"author":{"gitId":"yusiangeng"},"content":"    implementation group: \u0027org.openjfx\u0027, name: \u0027javafx-controls\u0027, version: javaFxVersion, classifier: \u0027win\u0027","lastModifiedDate":"2022-09-10"},{"lineNumber":21,"author":{"gitId":"yusiangeng"},"content":"    implementation group: \u0027org.openjfx\u0027, name: \u0027javafx-controls\u0027, version: javaFxVersion, classifier: \u0027mac\u0027","lastModifiedDate":"2022-09-10"},{"lineNumber":22,"author":{"gitId":"yusiangeng"},"content":"    implementation group: \u0027org.openjfx\u0027, name: \u0027javafx-controls\u0027, version: javaFxVersion, classifier: \u0027linux\u0027","lastModifiedDate":"2022-09-10"},{"lineNumber":23,"author":{"gitId":"yusiangeng"},"content":"    implementation group: \u0027org.openjfx\u0027, name: \u0027javafx-fxml\u0027, version: javaFxVersion, classifier: \u0027win\u0027","lastModifiedDate":"2022-09-10"},{"lineNumber":24,"author":{"gitId":"yusiangeng"},"content":"    implementation group: \u0027org.openjfx\u0027, name: \u0027javafx-fxml\u0027, version: javaFxVersion, classifier: \u0027mac\u0027","lastModifiedDate":"2022-09-10"},{"lineNumber":25,"author":{"gitId":"yusiangeng"},"content":"    implementation group: \u0027org.openjfx\u0027, name: \u0027javafx-fxml\u0027, version: javaFxVersion, classifier: \u0027linux\u0027","lastModifiedDate":"2022-09-10"},{"lineNumber":26,"author":{"gitId":"yusiangeng"},"content":"    implementation group: \u0027org.openjfx\u0027, name: \u0027javafx-graphics\u0027, version: javaFxVersion, classifier: \u0027win\u0027","lastModifiedDate":"2022-09-10"},{"lineNumber":27,"author":{"gitId":"yusiangeng"},"content":"    implementation group: \u0027org.openjfx\u0027, name: \u0027javafx-graphics\u0027, version: javaFxVersion, classifier: \u0027mac\u0027","lastModifiedDate":"2022-09-10"},{"lineNumber":28,"author":{"gitId":"yusiangeng"},"content":"    implementation group: \u0027org.openjfx\u0027, name: \u0027javafx-graphics\u0027, version: javaFxVersion, classifier: \u0027linux\u0027","lastModifiedDate":"2022-09-10"},{"lineNumber":29,"author":{"gitId":"-"},"content":"}","lastModifiedDate":"2020-05-25"},{"lineNumber":30,"author":{"gitId":"-"},"content":"","lastModifiedDate":"2020-05-25"},{"lineNumber":31,"author":{"gitId":"-"},"content":"test {","lastModifiedDate":"2020-05-25"},{"lineNumber":32,"author":{"gitId":"-"},"content":"    useJUnitPlatform()","lastModifiedDate":"2020-05-25"},{"lineNumber":33,"author":{"gitId":"-"},"content":"","lastModifiedDate":"2020-05-25"},{"lineNumber":34,"author":{"gitId":"-"},"content":"    testLogging {","lastModifiedDate":"2020-05-25"},{"lineNumber":35,"author":{"gitId":"-"},"content":"        events \"passed\", \"skipped\", \"failed\"","lastModifiedDate":"2020-05-25"},{"lineNumber":36,"author":{"gitId":"-"},"content":"","lastModifiedDate":"2020-05-25"},{"lineNumber":37,"author":{"gitId":"-"},"content":"        showExceptions true","lastModifiedDate":"2020-05-25"},{"lineNumber":38,"author":{"gitId":"-"},"content":"        exceptionFormat \"full\"","lastModifiedDate":"2020-05-25"},{"lineNumber":39,"author":{"gitId":"-"},"content":"        showCauses true","lastModifiedDate":"2020-05-25"},{"lineNumber":40,"author":{"gitId":"-"},"content":"        showStackTraces true","lastModifiedDate":"2020-05-25"},{"lineNumber":41,"author":{"gitId":"-"},"content":"        showStandardStreams \u003d false","lastModifiedDate":"2020-05-25"},{"lineNumber":42,"author":{"gitId":"-"},"content":"    }","lastModifiedDate":"2020-05-25"},{"lineNumber":43,"author":{"gitId":"-"},"content":"}","lastModifiedDate":"2020-05-25"},{"lineNumber":44,"author":{"gitId":"-"},"content":"","lastModifiedDate":"2020-05-25"},{"lineNumber":45,"author":{"gitId":"-"},"content":"application {","lastModifiedDate":"2020-05-25"},{"lineNumber":46,"author":{"gitId":"yusiangeng"},"content":"    mainClassName \u003d \"duke.Duke\"","lastModifiedDate":"2022-09-10"},{"lineNumber":47,"author":{"gitId":"-"},"content":"}","lastModifiedDate":"2020-05-25"},{"lineNumber":48,"author":{"gitId":"-"},"content":"","lastModifiedDate":"2020-05-25"},{"lineNumber":49,"author":{"gitId":"-"},"content":"shadowJar {","lastModifiedDate":"2020-05-25"},{"lineNumber":50,"author":{"gitId":"-"},"content":"    archiveBaseName \u003d \"duke\"","lastModifiedDate":"2020-05-25"},{"lineNumber":51,"author":{"gitId":"-"},"content":"    archiveClassifier \u003d null","lastModifiedDate":"2020-05-25"},{"lineNumber":52,"author":{"gitId":"-"},"content":"}","lastModifiedDate":"2020-05-25"},{"lineNumber":53,"author":{"gitId":"-"},"content":"","lastModifiedDate":"2020-05-25"},{"lineNumber":54,"author":{"gitId":"-"},"content":"run{","lastModifiedDate":"2020-05-25"},{"lineNumber":55,"author":{"gitId":"-"},"content":"    standardInput \u003d System.in","lastModifiedDate":"2020-05-25"},{"lineNumber":56,"author":{"gitId":"-"},"content":"}","lastModifiedDate":"2020-05-25"}],"authorContributionMap":{"yusiangeng":16,"-":40}},{"path":"src/main/java/duke/Deadline.java","fileType":"java","lines":[{"lineNumber":1,"author":{"gitId":"yusiangeng"},"content":"package duke;","lastModifiedDate":"2022-09-10"},{"lineNumber":2,"author":{"gitId":"yusiangeng"},"content":"","lastModifiedDate":"2022-09-10"},{"lineNumber":3,"author":{"gitId":"yusiangeng"},"content":"import java.time.LocalDate;","lastModifiedDate":"2022-09-10"},{"lineNumber":4,"author":{"gitId":"yusiangeng"},"content":"","lastModifiedDate":"2022-09-10"},{"lineNumber":5,"author":{"gitId":"yusiangeng"},"content":"public class Deadline extends Task {","lastModifiedDate":"2022-08-18"},{"lineNumber":6,"author":{"gitId":"yusiangeng"},"content":"    protected LocalDate by;","lastModifiedDate":"2022-09-10"},{"lineNumber":7,"author":{"gitId":"yusiangeng"},"content":"","lastModifiedDate":"2022-08-18"},{"lineNumber":8,"author":{"gitId":"yusiangeng"},"content":"    public Deadline(String description, LocalDate by) {","lastModifiedDate":"2022-09-10"},{"lineNumber":9,"author":{"gitId":"yusiangeng"},"content":"        super(description);","lastModifiedDate":"2022-08-18"},{"lineNumber":10,"author":{"gitId":"yusiangeng"},"content":"        this.by \u003d by;","lastModifiedDate":"2022-08-18"},{"lineNumber":11,"author":{"gitId":"yusiangeng"},"content":"    }","lastModifiedDate":"2022-08-18"},{"lineNumber":12,"author":{"gitId":"yusiangeng"},"content":"","lastModifiedDate":"2022-08-18"},{"lineNumber":13,"author":{"gitId":"yusiangeng"},"content":"    @Override","lastModifiedDate":"2022-08-18"},{"lineNumber":14,"author":{"gitId":"yusiangeng"},"content":"    public String toString() {","lastModifiedDate":"2022-08-18"},{"lineNumber":15,"author":{"gitId":"yusiangeng"},"content":"        return \"[D]\" + super.toString() + \" (by: \" + by + \")\";","lastModifiedDate":"2022-08-18"},{"lineNumber":16,"author":{"gitId":"yusiangeng"},"content":"    }","lastModifiedDate":"2022-08-18"},{"lineNumber":17,"author":{"gitId":"yusiangeng"},"content":"","lastModifiedDate":"2022-09-10"},{"lineNumber":18,"author":{"gitId":"yusiangeng"},"content":"    @Override","lastModifiedDate":"2022-09-10"},{"lineNumber":19,"author":{"gitId":"yusiangeng"},"content":"    public String toFileString() {","lastModifiedDate":"2022-09-10"},{"lineNumber":20,"author":{"gitId":"yusiangeng"},"content":"        return String.format(\"D | %d | %s | %s\", isDone ? 1 : 0, description, by.toString());","lastModifiedDate":"2022-09-10"},{"lineNumber":21,"author":{"gitId":"yusiangeng"},"content":"    }","lastModifiedDate":"2022-09-10"},{"lineNumber":22,"author":{"gitId":"yusiangeng"},"content":"}","lastModifiedDate":"2022-08-18"},{"lineNumber":23,"author":{"gitId":"yusiangeng"},"content":"","lastModifiedDate":"2022-08-18"}],"authorContributionMap":{"yusiangeng":23}},{"path":"src/main/java/duke/DialogBox.java","fileType":"java","lines":[{"lineNumber":1,"author":{"gitId":"yusiangeng"},"content":"package duke;","lastModifiedDate":"2022-09-10"},{"lineNumber":2,"author":{"gitId":"yusiangeng"},"content":"","lastModifiedDate":"2022-09-10"},{"lineNumber":3,"author":{"gitId":"yusiangeng"},"content":"import java.io.IOException;","lastModifiedDate":"2022-09-10"},{"lineNumber":4,"author":{"gitId":"yusiangeng"},"content":"import java.util.Collections;","lastModifiedDate":"2022-09-10"},{"lineNumber":5,"author":{"gitId":"yusiangeng"},"content":"","lastModifiedDate":"2022-09-10"},{"lineNumber":6,"author":{"gitId":"yusiangeng"},"content":"import javafx.collections.FXCollections;","lastModifiedDate":"2022-09-10"},{"lineNumber":7,"author":{"gitId":"yusiangeng"},"content":"import javafx.collections.ObservableList;","lastModifiedDate":"2022-09-10"},{"lineNumber":8,"author":{"gitId":"yusiangeng"},"content":"import javafx.fxml.FXML;","lastModifiedDate":"2022-09-10"},{"lineNumber":9,"author":{"gitId":"yusiangeng"},"content":"import javafx.fxml.FXMLLoader;","lastModifiedDate":"2022-09-10"},{"lineNumber":10,"author":{"gitId":"yusiangeng"},"content":"import javafx.geometry.Pos;","lastModifiedDate":"2022-09-10"},{"lineNumber":11,"author":{"gitId":"yusiangeng"},"content":"import javafx.scene.Node;","lastModifiedDate":"2022-09-10"},{"lineNumber":12,"author":{"gitId":"yusiangeng"},"content":"import javafx.scene.control.Label;","lastModifiedDate":"2022-09-10"},{"lineNumber":13,"author":{"gitId":"yusiangeng"},"content":"import javafx.scene.image.Image;","lastModifiedDate":"2022-09-10"},{"lineNumber":14,"author":{"gitId":"yusiangeng"},"content":"import javafx.scene.image.ImageView;","lastModifiedDate":"2022-09-10"},{"lineNumber":15,"author":{"gitId":"yusiangeng"},"content":"import javafx.scene.layout.HBox;","lastModifiedDate":"2022-09-10"},{"lineNumber":16,"author":{"gitId":"yusiangeng"},"content":"","lastModifiedDate":"2022-09-10"},{"lineNumber":17,"author":{"gitId":"yusiangeng"},"content":"/**","lastModifiedDate":"2022-09-10"},{"lineNumber":18,"author":{"gitId":"yusiangeng"},"content":" * An example of a custom control using FXML.","lastModifiedDate":"2022-09-10"},{"lineNumber":19,"author":{"gitId":"yusiangeng"},"content":" * This control represents a dialog box consisting of an ImageView to represent the speaker\u0027s face and a label","lastModifiedDate":"2022-09-10"},{"lineNumber":20,"author":{"gitId":"yusiangeng"},"content":" * containing text from the speaker.","lastModifiedDate":"2022-09-10"},{"lineNumber":21,"author":{"gitId":"yusiangeng"},"content":" */","lastModifiedDate":"2022-09-10"},{"lineNumber":22,"author":{"gitId":"yusiangeng"},"content":"public class DialogBox extends HBox {","lastModifiedDate":"2022-09-10"},{"lineNumber":23,"author":{"gitId":"yusiangeng"},"content":"    @FXML","lastModifiedDate":"2022-09-10"},{"lineNumber":24,"author":{"gitId":"yusiangeng"},"content":"    private Label dialog;","lastModifiedDate":"2022-09-10"},{"lineNumber":25,"author":{"gitId":"yusiangeng"},"content":"    @FXML","lastModifiedDate":"2022-09-10"},{"lineNumber":26,"author":{"gitId":"yusiangeng"},"content":"    private ImageView displayPicture;","lastModifiedDate":"2022-09-10"},{"lineNumber":27,"author":{"gitId":"yusiangeng"},"content":"","lastModifiedDate":"2022-09-10"},{"lineNumber":28,"author":{"gitId":"yusiangeng"},"content":"    DialogBox(String text, Image img) {","lastModifiedDate":"2022-09-10"},{"lineNumber":29,"author":{"gitId":"yusiangeng"},"content":"        try {","lastModifiedDate":"2022-09-10"},{"lineNumber":30,"author":{"gitId":"yusiangeng"},"content":"            FXMLLoader fxmlLoader \u003d new FXMLLoader(MainWindow.class.getResource(\"/view/DialogBox.fxml\"));","lastModifiedDate":"2022-09-10"},{"lineNumber":31,"author":{"gitId":"yusiangeng"},"content":"            fxmlLoader.setController(this);","lastModifiedDate":"2022-09-10"},{"lineNumber":32,"author":{"gitId":"yusiangeng"},"content":"            fxmlLoader.setRoot(this);","lastModifiedDate":"2022-09-10"},{"lineNumber":33,"author":{"gitId":"yusiangeng"},"content":"            fxmlLoader.load();","lastModifiedDate":"2022-09-10"},{"lineNumber":34,"author":{"gitId":"yusiangeng"},"content":"        } catch (IOException e) {","lastModifiedDate":"2022-09-10"},{"lineNumber":35,"author":{"gitId":"yusiangeng"},"content":"            e.printStackTrace();","lastModifiedDate":"2022-09-10"},{"lineNumber":36,"author":{"gitId":"yusiangeng"},"content":"        }","lastModifiedDate":"2022-09-10"},{"lineNumber":37,"author":{"gitId":"yusiangeng"},"content":"","lastModifiedDate":"2022-09-10"},{"lineNumber":38,"author":{"gitId":"yusiangeng"},"content":"        dialog.setText(text);","lastModifiedDate":"2022-09-10"},{"lineNumber":39,"author":{"gitId":"yusiangeng"},"content":"        displayPicture.setImage(img);","lastModifiedDate":"2022-09-10"},{"lineNumber":40,"author":{"gitId":"yusiangeng"},"content":"    }","lastModifiedDate":"2022-09-10"},{"lineNumber":41,"author":{"gitId":"yusiangeng"},"content":"","lastModifiedDate":"2022-09-10"},{"lineNumber":42,"author":{"gitId":"yusiangeng"},"content":"    /**","lastModifiedDate":"2022-09-10"},{"lineNumber":43,"author":{"gitId":"yusiangeng"},"content":"     * Flips the dialog box such that the ImageView is on the left and text on the right.","lastModifiedDate":"2022-09-10"},{"lineNumber":44,"author":{"gitId":"yusiangeng"},"content":"     */","lastModifiedDate":"2022-09-10"},{"lineNumber":45,"author":{"gitId":"yusiangeng"},"content":"    private void flip() {","lastModifiedDate":"2022-09-10"},{"lineNumber":46,"author":{"gitId":"yusiangeng"},"content":"        ObservableList\u003cNode\u003e tmp \u003d FXCollections.observableArrayList(this.getChildren());","lastModifiedDate":"2022-09-10"},{"lineNumber":47,"author":{"gitId":"yusiangeng"},"content":"        Collections.reverse(tmp);","lastModifiedDate":"2022-09-10"},{"lineNumber":48,"author":{"gitId":"yusiangeng"},"content":"        getChildren().setAll(tmp);","lastModifiedDate":"2022-09-10"},{"lineNumber":49,"author":{"gitId":"yusiangeng"},"content":"        setAlignment(Pos.TOP_LEFT);","lastModifiedDate":"2022-09-10"},{"lineNumber":50,"author":{"gitId":"yusiangeng"},"content":"    }","lastModifiedDate":"2022-09-10"},{"lineNumber":51,"author":{"gitId":"yusiangeng"},"content":"","lastModifiedDate":"2022-09-10"},{"lineNumber":52,"author":{"gitId":"yusiangeng"},"content":"    public static DialogBox getUserDialog(String text, Image img) {","lastModifiedDate":"2022-09-10"},{"lineNumber":53,"author":{"gitId":"yusiangeng"},"content":"        return new DialogBox(text, img);","lastModifiedDate":"2022-09-10"},{"lineNumber":54,"author":{"gitId":"yusiangeng"},"content":"    }","lastModifiedDate":"2022-09-10"},{"lineNumber":55,"author":{"gitId":"yusiangeng"},"content":"","lastModifiedDate":"2022-09-10"},{"lineNumber":56,"author":{"gitId":"yusiangeng"},"content":"    public static DialogBox getDukeDialog(String text, Image img) {","lastModifiedDate":"2022-09-10"},{"lineNumber":57,"author":{"gitId":"yusiangeng"},"content":"        var db \u003d new DialogBox(text, img);","lastModifiedDate":"2022-09-10"},{"lineNumber":58,"author":{"gitId":"yusiangeng"},"content":"        db.flip();","lastModifiedDate":"2022-09-10"},{"lineNumber":59,"author":{"gitId":"yusiangeng"},"content":"        return db;","lastModifiedDate":"2022-09-10"},{"lineNumber":60,"author":{"gitId":"yusiangeng"},"content":"    }","lastModifiedDate":"2022-09-10"},{"lineNumber":61,"author":{"gitId":"yusiangeng"},"content":"}","lastModifiedDate":"2022-09-10"}],"authorContributionMap":{"yusiangeng":61}},{"path":"src/main/java/duke/Duke.java","fileType":"java","lines":[{"lineNumber":1,"author":{"gitId":"yusiangeng"},"content":"package duke;","lastModifiedDate":"2022-09-10"},{"lineNumber":2,"author":{"gitId":"yusiangeng"},"content":"","lastModifiedDate":"2022-09-10"},{"lineNumber":3,"author":{"gitId":"yusiangeng"},"content":"import java.io.File;","lastModifiedDate":"2022-09-10"},{"lineNumber":4,"author":{"gitId":"yusiangeng"},"content":"import java.io.FileWriter;","lastModifiedDate":"2022-09-10"},{"lineNumber":5,"author":{"gitId":"yusiangeng"},"content":"import java.time.LocalDate;","lastModifiedDate":"2022-09-10"},{"lineNumber":6,"author":{"gitId":"yusiangeng"},"content":"import java.util.ArrayList;","lastModifiedDate":"2022-08-18"},{"lineNumber":7,"author":{"gitId":"yusiangeng"},"content":"import java.util.List;","lastModifiedDate":"2022-08-18"},{"lineNumber":8,"author":{"gitId":"yusiangeng"},"content":"import java.util.Scanner;","lastModifiedDate":"2022-08-18"},{"lineNumber":9,"author":{"gitId":"yusiangeng"},"content":"","lastModifiedDate":"2022-08-18"},{"lineNumber":10,"author":{"gitId":"-"},"content":"public class Duke {","lastModifiedDate":"2019-07-29"},{"lineNumber":11,"author":{"gitId":"yusiangeng"},"content":"    List\u003cTask\u003e tasks \u003d new ArrayList\u003c\u003e();","lastModifiedDate":"2022-09-10"},{"lineNumber":12,"author":{"gitId":"yusiangeng"},"content":"    static final String FILE_PATH \u003d \"data/duke.txt\";","lastModifiedDate":"2022-09-10"},{"lineNumber":13,"author":{"gitId":"yusiangeng"},"content":"","lastModifiedDate":"2022-09-10"},{"lineNumber":14,"author":{"gitId":"yusiangeng"},"content":"    Duke() {","lastModifiedDate":"2022-09-10"},{"lineNumber":15,"author":{"gitId":"yusiangeng"},"content":"        readDataFile();","lastModifiedDate":"2022-09-10"},{"lineNumber":16,"author":{"gitId":"yusiangeng"},"content":"    }","lastModifiedDate":"2022-09-10"},{"lineNumber":17,"author":{"gitId":"yusiangeng"},"content":"","lastModifiedDate":"2022-09-10"},{"lineNumber":18,"author":{"gitId":"yusiangeng"},"content":"    private void readDataFile() {","lastModifiedDate":"2022-09-10"},{"lineNumber":19,"author":{"gitId":"yusiangeng"},"content":"        // reset tasks","lastModifiedDate":"2022-09-10"},{"lineNumber":20,"author":{"gitId":"yusiangeng"},"content":"        tasks \u003d new ArrayList\u003c\u003e();","lastModifiedDate":"2022-09-10"},{"lineNumber":21,"author":{"gitId":"yusiangeng"},"content":"","lastModifiedDate":"2022-09-10"},{"lineNumber":22,"author":{"gitId":"yusiangeng"},"content":"        try {","lastModifiedDate":"2022-09-10"},{"lineNumber":23,"author":{"gitId":"yusiangeng"},"content":"            File file \u003d new File(FILE_PATH);","lastModifiedDate":"2022-09-10"},{"lineNumber":24,"author":{"gitId":"yusiangeng"},"content":"            if (!file.exists()) {","lastModifiedDate":"2022-09-10"},{"lineNumber":25,"author":{"gitId":"yusiangeng"},"content":"                System.out.printf(\"File %s not found\\n\", FILE_PATH);","lastModifiedDate":"2022-09-10"},{"lineNumber":26,"author":{"gitId":"yusiangeng"},"content":"                return;","lastModifiedDate":"2022-09-10"},{"lineNumber":27,"author":{"gitId":"yusiangeng"},"content":"            }","lastModifiedDate":"2022-09-10"},{"lineNumber":28,"author":{"gitId":"yusiangeng"},"content":"","lastModifiedDate":"2022-09-10"},{"lineNumber":29,"author":{"gitId":"yusiangeng"},"content":"            Scanner s \u003d new Scanner(file);","lastModifiedDate":"2022-09-10"},{"lineNumber":30,"author":{"gitId":"yusiangeng"},"content":"            while (s.hasNextLine()) {","lastModifiedDate":"2022-09-10"},{"lineNumber":31,"author":{"gitId":"yusiangeng"},"content":"                String data \u003d s.nextLine();","lastModifiedDate":"2022-09-10"},{"lineNumber":32,"author":{"gitId":"yusiangeng"},"content":"                String[] taskInfo \u003d data.split(\" \\\\| \");","lastModifiedDate":"2022-09-10"},{"lineNumber":33,"author":{"gitId":"yusiangeng"},"content":"","lastModifiedDate":"2022-09-10"},{"lineNumber":34,"author":{"gitId":"yusiangeng"},"content":"                Task task;","lastModifiedDate":"2022-09-10"},{"lineNumber":35,"author":{"gitId":"yusiangeng"},"content":"                switch (taskInfo[0]) {","lastModifiedDate":"2022-09-10"},{"lineNumber":36,"author":{"gitId":"yusiangeng"},"content":"                    case \"T\":","lastModifiedDate":"2022-09-10"},{"lineNumber":37,"author":{"gitId":"yusiangeng"},"content":"                        task \u003d new Todo(taskInfo[2]);","lastModifiedDate":"2022-09-10"},{"lineNumber":38,"author":{"gitId":"yusiangeng"},"content":"                        break;","lastModifiedDate":"2022-09-10"},{"lineNumber":39,"author":{"gitId":"yusiangeng"},"content":"                    case \"E\":","lastModifiedDate":"2022-09-10"},{"lineNumber":40,"author":{"gitId":"yusiangeng"},"content":"                        LocalDate date \u003d LocalDate.parse(taskInfo[3]);","lastModifiedDate":"2022-09-10"},{"lineNumber":41,"author":{"gitId":"yusiangeng"},"content":"                        task \u003d new Event(taskInfo[2], date);","lastModifiedDate":"2022-09-10"},{"lineNumber":42,"author":{"gitId":"yusiangeng"},"content":"                        break;","lastModifiedDate":"2022-09-10"},{"lineNumber":43,"author":{"gitId":"yusiangeng"},"content":"                    case \"D\":","lastModifiedDate":"2022-09-10"},{"lineNumber":44,"author":{"gitId":"yusiangeng"},"content":"                        date \u003d LocalDate.parse(taskInfo[3]);","lastModifiedDate":"2022-09-10"},{"lineNumber":45,"author":{"gitId":"yusiangeng"},"content":"                        task \u003d new Deadline(taskInfo[2], date);","lastModifiedDate":"2022-09-10"},{"lineNumber":46,"author":{"gitId":"yusiangeng"},"content":"                        break;","lastModifiedDate":"2022-09-10"},{"lineNumber":47,"author":{"gitId":"yusiangeng"},"content":"                    default:","lastModifiedDate":"2022-09-10"},{"lineNumber":48,"author":{"gitId":"yusiangeng"},"content":"                        throw new DukeException(\"Corrupt file\");","lastModifiedDate":"2022-09-10"},{"lineNumber":49,"author":{"gitId":"yusiangeng"},"content":"                }","lastModifiedDate":"2022-09-10"},{"lineNumber":50,"author":{"gitId":"yusiangeng"},"content":"                if (taskInfo[1] \u003d\u003d \"1\") {","lastModifiedDate":"2022-09-10"},{"lineNumber":51,"author":{"gitId":"yusiangeng"},"content":"                    task.mark();","lastModifiedDate":"2022-09-10"},{"lineNumber":52,"author":{"gitId":"yusiangeng"},"content":"                }","lastModifiedDate":"2022-09-10"},{"lineNumber":53,"author":{"gitId":"yusiangeng"},"content":"                tasks.add(task);","lastModifiedDate":"2022-09-10"},{"lineNumber":54,"author":{"gitId":"yusiangeng"},"content":"            }","lastModifiedDate":"2022-09-10"},{"lineNumber":55,"author":{"gitId":"yusiangeng"},"content":"            s.close();","lastModifiedDate":"2022-09-10"},{"lineNumber":56,"author":{"gitId":"yusiangeng"},"content":"","lastModifiedDate":"2022-09-10"},{"lineNumber":57,"author":{"gitId":"yusiangeng"},"content":"            System.out.printf(\"Loaded tasks from %s\\n\\n\", FILE_PATH);","lastModifiedDate":"2022-09-10"},{"lineNumber":58,"author":{"gitId":"yusiangeng"},"content":"        } catch (Exception e) {","lastModifiedDate":"2022-09-10"},{"lineNumber":59,"author":{"gitId":"yusiangeng"},"content":"            System.out.println(\"Error: Could not read from file\");","lastModifiedDate":"2022-09-10"},{"lineNumber":60,"author":{"gitId":"yusiangeng"},"content":"            System.out.println(e);","lastModifiedDate":"2022-09-10"},{"lineNumber":61,"author":{"gitId":"yusiangeng"},"content":"        }","lastModifiedDate":"2022-09-10"},{"lineNumber":62,"author":{"gitId":"yusiangeng"},"content":"    }","lastModifiedDate":"2022-09-10"},{"lineNumber":63,"author":{"gitId":"yusiangeng"},"content":"","lastModifiedDate":"2022-09-10"},{"lineNumber":64,"author":{"gitId":"yusiangeng"},"content":"    private void syncTasksToFile() {","lastModifiedDate":"2022-09-10"},{"lineNumber":65,"author":{"gitId":"yusiangeng"},"content":"        try {","lastModifiedDate":"2022-09-10"},{"lineNumber":66,"author":{"gitId":"yusiangeng"},"content":"            File file \u003d new File(FILE_PATH);","lastModifiedDate":"2022-09-10"},{"lineNumber":67,"author":{"gitId":"yusiangeng"},"content":"            if (!file.exists()) {","lastModifiedDate":"2022-09-10"},{"lineNumber":68,"author":{"gitId":"yusiangeng"},"content":"                file.getParentFile().mkdirs();","lastModifiedDate":"2022-09-10"},{"lineNumber":69,"author":{"gitId":"yusiangeng"},"content":"                file.createNewFile();","lastModifiedDate":"2022-09-10"},{"lineNumber":70,"author":{"gitId":"yusiangeng"},"content":"            }","lastModifiedDate":"2022-09-10"},{"lineNumber":71,"author":{"gitId":"yusiangeng"},"content":"","lastModifiedDate":"2022-09-10"},{"lineNumber":72,"author":{"gitId":"yusiangeng"},"content":"            FileWriter writer \u003d new FileWriter(FILE_PATH);","lastModifiedDate":"2022-09-10"},{"lineNumber":73,"author":{"gitId":"yusiangeng"},"content":"            ArrayList\u003cString\u003e taskStrings \u003d new ArrayList\u003c\u003e();","lastModifiedDate":"2022-09-10"},{"lineNumber":74,"author":{"gitId":"yusiangeng"},"content":"            for (Task task : tasks) {","lastModifiedDate":"2022-09-10"},{"lineNumber":75,"author":{"gitId":"yusiangeng"},"content":"                String taskString \u003d task.toFileString();","lastModifiedDate":"2022-09-10"},{"lineNumber":76,"author":{"gitId":"yusiangeng"},"content":"                taskStrings.add(taskString);","lastModifiedDate":"2022-09-10"},{"lineNumber":77,"author":{"gitId":"yusiangeng"},"content":"            }","lastModifiedDate":"2022-09-10"},{"lineNumber":78,"author":{"gitId":"yusiangeng"},"content":"","lastModifiedDate":"2022-09-10"},{"lineNumber":79,"author":{"gitId":"yusiangeng"},"content":"            String fileString \u003d String.join(\"\\n\", taskStrings);","lastModifiedDate":"2022-09-10"},{"lineNumber":80,"author":{"gitId":"yusiangeng"},"content":"            writer.write(fileString);","lastModifiedDate":"2022-09-10"},{"lineNumber":81,"author":{"gitId":"yusiangeng"},"content":"            writer.close();","lastModifiedDate":"2022-09-10"},{"lineNumber":82,"author":{"gitId":"yusiangeng"},"content":"        } catch (Exception e) {","lastModifiedDate":"2022-09-10"},{"lineNumber":83,"author":{"gitId":"yusiangeng"},"content":"            System.out.println(\"Error: could not write to file\");","lastModifiedDate":"2022-09-10"},{"lineNumber":84,"author":{"gitId":"yusiangeng"},"content":"            System.out.println(e);","lastModifiedDate":"2022-09-10"},{"lineNumber":85,"author":{"gitId":"yusiangeng"},"content":"        }","lastModifiedDate":"2022-09-10"},{"lineNumber":86,"author":{"gitId":"yusiangeng"},"content":"    }","lastModifiedDate":"2022-09-10"},{"lineNumber":87,"author":{"gitId":"yusiangeng"},"content":"","lastModifiedDate":"2022-09-10"},{"lineNumber":88,"author":{"gitId":"yusiangeng"},"content":"    private String markTask(String input, boolean done) throws DukeException {","lastModifiedDate":"2022-09-10"},{"lineNumber":89,"author":{"gitId":"yusiangeng"},"content":"        String[] splitInput \u003d input.split(\" \");","lastModifiedDate":"2022-08-18"},{"lineNumber":90,"author":{"gitId":"yusiangeng"},"content":"        if (splitInput.length \u003c 2) {","lastModifiedDate":"2022-08-18"},{"lineNumber":91,"author":{"gitId":"yusiangeng"},"content":"            throw new DukeException(\"Please specify the number of the task\");","lastModifiedDate":"2022-08-18"},{"lineNumber":92,"author":{"gitId":"yusiangeng"},"content":"        }","lastModifiedDate":"2022-08-18"},{"lineNumber":93,"author":{"gitId":"yusiangeng"},"content":"        try {","lastModifiedDate":"2022-08-18"},{"lineNumber":94,"author":{"gitId":"yusiangeng"},"content":"            int taskIdx \u003d Integer.parseInt(splitInput[1]);","lastModifiedDate":"2022-08-18"},{"lineNumber":95,"author":{"gitId":"yusiangeng"},"content":"            Task task \u003d tasks.get(taskIdx - 1);","lastModifiedDate":"2022-08-18"},{"lineNumber":96,"author":{"gitId":"yusiangeng"},"content":"            if (done) {","lastModifiedDate":"2022-08-18"},{"lineNumber":97,"author":{"gitId":"yusiangeng"},"content":"                task.mark();","lastModifiedDate":"2022-08-18"},{"lineNumber":98,"author":{"gitId":"yusiangeng"},"content":"            } else {","lastModifiedDate":"2022-08-18"},{"lineNumber":99,"author":{"gitId":"yusiangeng"},"content":"                task.unmark();","lastModifiedDate":"2022-08-18"},{"lineNumber":100,"author":{"gitId":"yusiangeng"},"content":"            }","lastModifiedDate":"2022-08-18"},{"lineNumber":101,"author":{"gitId":"yusiangeng"},"content":"            String successMessage \u003d done","lastModifiedDate":"2022-08-18"},{"lineNumber":102,"author":{"gitId":"yusiangeng"},"content":"                    ? \"Nice! I\u0027ve marked this task as done:\\n  %s\\n\"","lastModifiedDate":"2022-08-18"},{"lineNumber":103,"author":{"gitId":"yusiangeng"},"content":"                    : \"OK, I\u0027ve marked this task as not done yet:\\n  %s\\n\";","lastModifiedDate":"2022-08-18"},{"lineNumber":104,"author":{"gitId":"yusiangeng"},"content":"            syncTasksToFile();","lastModifiedDate":"2022-09-10"},{"lineNumber":105,"author":{"gitId":"yusiangeng"},"content":"            return String.format(successMessage, task.toString());","lastModifiedDate":"2022-09-10"},{"lineNumber":106,"author":{"gitId":"yusiangeng"},"content":"        } catch (Exception e) {","lastModifiedDate":"2022-08-18"},{"lineNumber":107,"author":{"gitId":"yusiangeng"},"content":"            throw new DukeException(\"That is not a valid task number!\");","lastModifiedDate":"2022-08-18"},{"lineNumber":108,"author":{"gitId":"yusiangeng"},"content":"        }","lastModifiedDate":"2022-08-18"},{"lineNumber":109,"author":{"gitId":"yusiangeng"},"content":"    }","lastModifiedDate":"2022-08-18"},{"lineNumber":110,"author":{"gitId":"yusiangeng"},"content":"","lastModifiedDate":"2022-08-18"},{"lineNumber":111,"author":{"gitId":"yusiangeng"},"content":"    private String deleteTask(String input) throws DukeException {","lastModifiedDate":"2022-09-10"},{"lineNumber":112,"author":{"gitId":"yusiangeng"},"content":"        String[] splitInput \u003d input.split(\"delete \");","lastModifiedDate":"2022-08-18"},{"lineNumber":113,"author":{"gitId":"yusiangeng"},"content":"        if (splitInput.length \u003c 2) {","lastModifiedDate":"2022-08-18"},{"lineNumber":114,"author":{"gitId":"yusiangeng"},"content":"            throw new DukeException(\"Please specify the number of the task to delete\");","lastModifiedDate":"2022-08-18"},{"lineNumber":115,"author":{"gitId":"yusiangeng"},"content":"        }","lastModifiedDate":"2022-08-18"},{"lineNumber":116,"author":{"gitId":"yusiangeng"},"content":"        assert splitInput.length \u003e\u003d 2;","lastModifiedDate":"2022-09-10"},{"lineNumber":117,"author":{"gitId":"yusiangeng"},"content":"        try {","lastModifiedDate":"2022-08-18"},{"lineNumber":118,"author":{"gitId":"yusiangeng"},"content":"            int taskIdx \u003d Integer.parseInt(splitInput[1]);","lastModifiedDate":"2022-08-18"},{"lineNumber":119,"author":{"gitId":"yusiangeng"},"content":"            Task task \u003d tasks.remove(taskIdx - 1);","lastModifiedDate":"2022-08-18"},{"lineNumber":120,"author":{"gitId":"yusiangeng"},"content":"            syncTasksToFile();","lastModifiedDate":"2022-09-10"},{"lineNumber":121,"author":{"gitId":"yusiangeng"},"content":"            return String.format(\"Noted. I\u0027ve removed this task:\\n  %s\\nNow you have %d tasks in the list.\\n\", task.toString(), tasks.size());","lastModifiedDate":"2022-09-10"},{"lineNumber":122,"author":{"gitId":"yusiangeng"},"content":"        } catch (Exception e) {","lastModifiedDate":"2022-08-18"},{"lineNumber":123,"author":{"gitId":"yusiangeng"},"content":"            throw new DukeException(\"That is not a valid task number!\");","lastModifiedDate":"2022-08-18"},{"lineNumber":124,"author":{"gitId":"yusiangeng"},"content":"        }","lastModifiedDate":"2022-08-18"},{"lineNumber":125,"author":{"gitId":"yusiangeng"},"content":"    }","lastModifiedDate":"2022-08-18"},{"lineNumber":126,"author":{"gitId":"yusiangeng"},"content":"","lastModifiedDate":"2022-08-18"},{"lineNumber":127,"author":{"gitId":"yusiangeng"},"content":"    private String printTasks() {","lastModifiedDate":"2022-09-10"},{"lineNumber":128,"author":{"gitId":"yusiangeng"},"content":"        if (tasks.size() \u003d\u003d 0) {","lastModifiedDate":"2022-08-18"},{"lineNumber":129,"author":{"gitId":"yusiangeng"},"content":"            return \"You currently have no tasks. \";","lastModifiedDate":"2022-09-10"},{"lineNumber":130,"author":{"gitId":"yusiangeng"},"content":"        } else {","lastModifiedDate":"2022-08-18"},{"lineNumber":131,"author":{"gitId":"yusiangeng"},"content":"            ArrayList\u003cString\u003e result \u003d new ArrayList\u003c\u003e();","lastModifiedDate":"2022-09-10"},{"lineNumber":132,"author":{"gitId":"yusiangeng"},"content":"            result.add(\"Here are the tasks in your list:\");","lastModifiedDate":"2022-09-10"},{"lineNumber":133,"author":{"gitId":"yusiangeng"},"content":"            for (int i \u003d 0; i \u003c tasks.size(); i++) {","lastModifiedDate":"2022-08-18"},{"lineNumber":134,"author":{"gitId":"yusiangeng"},"content":"                result.add(String.format(\"%d. %s\", i + 1, tasks.get(i).toString()));","lastModifiedDate":"2022-09-10"},{"lineNumber":135,"author":{"gitId":"yusiangeng"},"content":"            }","lastModifiedDate":"2022-08-18"},{"lineNumber":136,"author":{"gitId":"yusiangeng"},"content":"            return String.join(\"\\n\", result);","lastModifiedDate":"2022-09-10"},{"lineNumber":137,"author":{"gitId":"yusiangeng"},"content":"        }","lastModifiedDate":"2022-09-10"},{"lineNumber":138,"author":{"gitId":"yusiangeng"},"content":"    }","lastModifiedDate":"2022-09-10"},{"lineNumber":139,"author":{"gitId":"yusiangeng"},"content":"","lastModifiedDate":"2022-09-10"},{"lineNumber":140,"author":{"gitId":"yusiangeng"},"content":"    public String getResponse(String input) {","lastModifiedDate":"2022-09-10"},{"lineNumber":141,"author":{"gitId":"yusiangeng"},"content":"        try {","lastModifiedDate":"2022-09-10"},{"lineNumber":142,"author":{"gitId":"yusiangeng"},"content":"            if (input.equals(\"list\")) {","lastModifiedDate":"2022-09-10"},{"lineNumber":143,"author":{"gitId":"yusiangeng"},"content":"                return printTasks();","lastModifiedDate":"2022-09-10"},{"lineNumber":144,"author":{"gitId":"yusiangeng"},"content":"            } else if (input.startsWith(\"mark \")) {","lastModifiedDate":"2022-09-10"},{"lineNumber":145,"author":{"gitId":"yusiangeng"},"content":"                return markTask(input, true);","lastModifiedDate":"2022-09-10"},{"lineNumber":146,"author":{"gitId":"yusiangeng"},"content":"            } else if (input.startsWith(\"unmark \")) {","lastModifiedDate":"2022-09-10"},{"lineNumber":147,"author":{"gitId":"yusiangeng"},"content":"                return markTask(input, false);","lastModifiedDate":"2022-09-10"},{"lineNumber":148,"author":{"gitId":"yusiangeng"},"content":"            } else if (input.startsWith(\"delete \")) {","lastModifiedDate":"2022-09-10"},{"lineNumber":149,"author":{"gitId":"yusiangeng"},"content":"                return deleteTask(input);","lastModifiedDate":"2022-09-10"},{"lineNumber":150,"author":{"gitId":"yusiangeng"},"content":"            } else if (input.startsWith(\"todo \")) {","lastModifiedDate":"2022-09-10"},{"lineNumber":151,"author":{"gitId":"yusiangeng"},"content":"                return addTask(input, TaskType.TODO);","lastModifiedDate":"2022-09-10"},{"lineNumber":152,"author":{"gitId":"yusiangeng"},"content":"            } else if (input.startsWith(\"deadline \")) {","lastModifiedDate":"2022-09-10"},{"lineNumber":153,"author":{"gitId":"yusiangeng"},"content":"                return addTask(input, TaskType.DEADLINE);","lastModifiedDate":"2022-09-10"},{"lineNumber":154,"author":{"gitId":"yusiangeng"},"content":"            } else if (input.startsWith(\"event \")) {","lastModifiedDate":"2022-09-10"},{"lineNumber":155,"author":{"gitId":"yusiangeng"},"content":"                return addTask(input, TaskType.EVENT);","lastModifiedDate":"2022-09-10"},{"lineNumber":156,"author":{"gitId":"yusiangeng"},"content":"            } else if (input.startsWith(\"find \")) {","lastModifiedDate":"2022-09-10"},{"lineNumber":157,"author":{"gitId":"yusiangeng"},"content":"                return searchTask(input);","lastModifiedDate":"2022-09-10"},{"lineNumber":158,"author":{"gitId":"yusiangeng"},"content":"            } else {","lastModifiedDate":"2022-09-10"},{"lineNumber":159,"author":{"gitId":"yusiangeng"},"content":"                throw new DukeException(\"what\");","lastModifiedDate":"2022-09-10"},{"lineNumber":160,"author":{"gitId":"yusiangeng"},"content":"            }","lastModifiedDate":"2022-09-10"},{"lineNumber":161,"author":{"gitId":"yusiangeng"},"content":"        } catch (Exception e) {","lastModifiedDate":"2022-09-10"},{"lineNumber":162,"author":{"gitId":"yusiangeng"},"content":"            return (e.getMessage());","lastModifiedDate":"2022-09-10"},{"lineNumber":163,"author":{"gitId":"yusiangeng"},"content":"        }","lastModifiedDate":"2022-08-18"},{"lineNumber":164,"author":{"gitId":"yusiangeng"},"content":"    }","lastModifiedDate":"2022-08-18"},{"lineNumber":165,"author":{"gitId":"yusiangeng"},"content":"","lastModifiedDate":"2022-08-18"},{"lineNumber":166,"author":{"gitId":"yusiangeng"},"content":"    enum TaskType {","lastModifiedDate":"2022-08-18"},{"lineNumber":167,"author":{"gitId":"yusiangeng"},"content":"        TODO(\"todo \"),","lastModifiedDate":"2022-08-18"},{"lineNumber":168,"author":{"gitId":"yusiangeng"},"content":"        DEADLINE(\"deadline \"),","lastModifiedDate":"2022-08-18"},{"lineNumber":169,"author":{"gitId":"yusiangeng"},"content":"        EVENT(\"event \");","lastModifiedDate":"2022-08-18"},{"lineNumber":170,"author":{"gitId":"yusiangeng"},"content":"","lastModifiedDate":"2022-08-18"},{"lineNumber":171,"author":{"gitId":"yusiangeng"},"content":"        public final String string;","lastModifiedDate":"2022-08-18"},{"lineNumber":172,"author":{"gitId":"yusiangeng"},"content":"","lastModifiedDate":"2022-08-18"},{"lineNumber":173,"author":{"gitId":"yusiangeng"},"content":"        TaskType(String string) {","lastModifiedDate":"2022-08-18"},{"lineNumber":174,"author":{"gitId":"yusiangeng"},"content":"            this.string \u003d string;","lastModifiedDate":"2022-08-18"},{"lineNumber":175,"author":{"gitId":"yusiangeng"},"content":"        }","lastModifiedDate":"2022-08-18"},{"lineNumber":176,"author":{"gitId":"yusiangeng"},"content":"    }","lastModifiedDate":"2022-08-18"},{"lineNumber":177,"author":{"gitId":"yusiangeng"},"content":"","lastModifiedDate":"2022-08-18"},{"lineNumber":178,"author":{"gitId":"yusiangeng"},"content":"    private String addTask(String input, TaskType type) throws DukeException {","lastModifiedDate":"2022-09-10"},{"lineNumber":179,"author":{"gitId":"yusiangeng"},"content":"        String[] splitInput \u003d input.split(type.string);","lastModifiedDate":"2022-08-18"},{"lineNumber":180,"author":{"gitId":"yusiangeng"},"content":"        String errorMessage \u003d type \u003d\u003d TaskType.TODO","lastModifiedDate":"2022-08-18"},{"lineNumber":181,"author":{"gitId":"yusiangeng"},"content":"                ? \"Please add a description for the %s\"","lastModifiedDate":"2022-08-18"},{"lineNumber":182,"author":{"gitId":"yusiangeng"},"content":"                : \"Please add a description and date for the %s\";","lastModifiedDate":"2022-08-18"},{"lineNumber":183,"author":{"gitId":"yusiangeng"},"content":"        if (splitInput.length \u003c 2) {","lastModifiedDate":"2022-08-18"},{"lineNumber":184,"author":{"gitId":"yusiangeng"},"content":"            throw new DukeException(String.format(errorMessage, type.string));","lastModifiedDate":"2022-08-18"},{"lineNumber":185,"author":{"gitId":"yusiangeng"},"content":"        }","lastModifiedDate":"2022-08-18"},{"lineNumber":186,"author":{"gitId":"yusiangeng"},"content":"        Task task;","lastModifiedDate":"2022-08-18"},{"lineNumber":187,"author":{"gitId":"yusiangeng"},"content":"        if (type \u003d\u003d TaskType.TODO) {","lastModifiedDate":"2022-08-18"},{"lineNumber":188,"author":{"gitId":"yusiangeng"},"content":"            String desc \u003d splitInput[1];","lastModifiedDate":"2022-08-18"},{"lineNumber":189,"author":{"gitId":"yusiangeng"},"content":"            task \u003d new Todo(desc);","lastModifiedDate":"2022-08-18"},{"lineNumber":190,"author":{"gitId":"yusiangeng"},"content":"        } else {","lastModifiedDate":"2022-08-18"},{"lineNumber":191,"author":{"gitId":"yusiangeng"},"content":"            splitInput \u003d splitInput[1].split(type \u003d\u003d TaskType.DEADLINE ? \" /by \" : \" /at \");","lastModifiedDate":"2022-08-18"},{"lineNumber":192,"author":{"gitId":"yusiangeng"},"content":"            if (splitInput.length \u003c 2) {","lastModifiedDate":"2022-08-18"},{"lineNumber":193,"author":{"gitId":"yusiangeng"},"content":"                throw new DukeException(String.format(errorMessage, type.string));","lastModifiedDate":"2022-08-18"},{"lineNumber":194,"author":{"gitId":"yusiangeng"},"content":"            }","lastModifiedDate":"2022-08-18"},{"lineNumber":195,"author":{"gitId":"yusiangeng"},"content":"            LocalDate date \u003d LocalDate.parse(splitInput[1]);","lastModifiedDate":"2022-09-10"},{"lineNumber":196,"author":{"gitId":"yusiangeng"},"content":"            task \u003d type \u003d\u003d TaskType.DEADLINE","lastModifiedDate":"2022-08-18"},{"lineNumber":197,"author":{"gitId":"yusiangeng"},"content":"                    ? new Deadline(splitInput[0], date)","lastModifiedDate":"2022-09-10"},{"lineNumber":198,"author":{"gitId":"yusiangeng"},"content":"                    : new Event(splitInput[0], date);","lastModifiedDate":"2022-09-10"},{"lineNumber":199,"author":{"gitId":"yusiangeng"},"content":"        }","lastModifiedDate":"2022-08-18"},{"lineNumber":200,"author":{"gitId":"yusiangeng"},"content":"        tasks.add(task);","lastModifiedDate":"2022-08-18"},{"lineNumber":201,"author":{"gitId":"yusiangeng"},"content":"        syncTasksToFile();","lastModifiedDate":"2022-09-10"},{"lineNumber":202,"author":{"gitId":"yusiangeng"},"content":"        return String.format(\"Got it. I\u0027ve added this task:\\n  %s\\nNow you have %d tasks in the list.\\n\", task.toString(), tasks.size());","lastModifiedDate":"2022-09-10"},{"lineNumber":203,"author":{"gitId":"yusiangeng"},"content":"    }","lastModifiedDate":"2022-08-18"},{"lineNumber":204,"author":{"gitId":"yusiangeng"},"content":"","lastModifiedDate":"2022-08-18"},{"lineNumber":205,"author":{"gitId":"yusiangeng"},"content":"    private String searchTask(String input) {","lastModifiedDate":"2022-09-10"},{"lineNumber":206,"author":{"gitId":"yusiangeng"},"content":"        String searchString \u003d input.split(\"find \")[1];","lastModifiedDate":"2022-09-10"},{"lineNumber":207,"author":{"gitId":"yusiangeng"},"content":"        ArrayList\u003cString\u003e result \u003d new ArrayList\u003c\u003e();","lastModifiedDate":"2022-09-10"},{"lineNumber":208,"author":{"gitId":"yusiangeng"},"content":"        result.add(\"Here are the matching tasks in your list:\");","lastModifiedDate":"2022-09-10"},{"lineNumber":209,"author":{"gitId":"yusiangeng"},"content":"        for (Task task : tasks) {","lastModifiedDate":"2022-09-10"},{"lineNumber":210,"author":{"gitId":"yusiangeng"},"content":"            if (task.description.contains(searchString)) {","lastModifiedDate":"2022-09-10"},{"lineNumber":211,"author":{"gitId":"yusiangeng"},"content":"                result.add(task.toString());","lastModifiedDate":"2022-09-10"},{"lineNumber":212,"author":{"gitId":"yusiangeng"},"content":"            }","lastModifiedDate":"2022-08-18"},{"lineNumber":213,"author":{"gitId":"yusiangeng"},"content":"        }","lastModifiedDate":"2022-08-18"},{"lineNumber":214,"author":{"gitId":"yusiangeng"},"content":"        return String.join(\"\\n\", result);","lastModifiedDate":"2022-09-10"},{"lineNumber":215,"author":{"gitId":"-"},"content":"    }","lastModifiedDate":"2019-07-29"},{"lineNumber":216,"author":{"gitId":"-"},"content":"}","lastModifiedDate":"2019-07-29"}],"authorContributionMap":{"yusiangeng":213,"-":3}},{"path":"src/main/java/duke/DukeException.java","fileType":"java","lines":[{"lineNumber":1,"author":{"gitId":"yusiangeng"},"content":"package duke;","lastModifiedDate":"2022-09-10"},{"lineNumber":2,"author":{"gitId":"yusiangeng"},"content":"","lastModifiedDate":"2022-09-10"},{"lineNumber":3,"author":{"gitId":"yusiangeng"},"content":"public class DukeException extends Exception {","lastModifiedDate":"2022-08-18"},{"lineNumber":4,"author":{"gitId":"yusiangeng"},"content":"    DukeException(String message) {","lastModifiedDate":"2022-08-18"},{"lineNumber":5,"author":{"gitId":"yusiangeng"},"content":"        super(message);","lastModifiedDate":"2022-08-18"},{"lineNumber":6,"author":{"gitId":"yusiangeng"},"content":"    }","lastModifiedDate":"2022-08-18"},{"lineNumber":7,"author":{"gitId":"yusiangeng"},"content":"}","lastModifiedDate":"2022-08-18"}],"authorContributionMap":{"yusiangeng":7}},{"path":"src/main/java/duke/Event.java","fileType":"java","lines":[{"lineNumber":1,"author":{"gitId":"yusiangeng"},"content":"package duke;","lastModifiedDate":"2022-09-10"},{"lineNumber":2,"author":{"gitId":"yusiangeng"},"content":"","lastModifiedDate":"2022-09-10"},{"lineNumber":3,"author":{"gitId":"yusiangeng"},"content":"import java.time.LocalDate;","lastModifiedDate":"2022-09-10"},{"lineNumber":4,"author":{"gitId":"yusiangeng"},"content":"","lastModifiedDate":"2022-09-10"},{"lineNumber":5,"author":{"gitId":"yusiangeng"},"content":"public class Event extends Task {","lastModifiedDate":"2022-08-18"},{"lineNumber":6,"author":{"gitId":"yusiangeng"},"content":"    protected LocalDate at;","lastModifiedDate":"2022-09-10"},{"lineNumber":7,"author":{"gitId":"yusiangeng"},"content":"","lastModifiedDate":"2022-08-18"},{"lineNumber":8,"author":{"gitId":"yusiangeng"},"content":"    public Event(String description, LocalDate at) {","lastModifiedDate":"2022-09-10"},{"lineNumber":9,"author":{"gitId":"yusiangeng"},"content":"        super(description);","lastModifiedDate":"2022-08-18"},{"lineNumber":10,"author":{"gitId":"yusiangeng"},"content":"        this.at \u003d at;","lastModifiedDate":"2022-08-18"},{"lineNumber":11,"author":{"gitId":"yusiangeng"},"content":"    }","lastModifiedDate":"2022-08-18"},{"lineNumber":12,"author":{"gitId":"yusiangeng"},"content":"","lastModifiedDate":"2022-08-18"},{"lineNumber":13,"author":{"gitId":"yusiangeng"},"content":"    @Override","lastModifiedDate":"2022-08-18"},{"lineNumber":14,"author":{"gitId":"yusiangeng"},"content":"    public String toString() {","lastModifiedDate":"2022-08-18"},{"lineNumber":15,"author":{"gitId":"yusiangeng"},"content":"        return \"[E]\" + super.toString() + \" (at: \" + at + \")\";","lastModifiedDate":"2022-08-18"},{"lineNumber":16,"author":{"gitId":"yusiangeng"},"content":"    }","lastModifiedDate":"2022-08-18"},{"lineNumber":17,"author":{"gitId":"yusiangeng"},"content":"","lastModifiedDate":"2022-09-10"},{"lineNumber":18,"author":{"gitId":"yusiangeng"},"content":"    @Override","lastModifiedDate":"2022-09-10"},{"lineNumber":19,"author":{"gitId":"yusiangeng"},"content":"    public String toFileString() {","lastModifiedDate":"2022-09-10"},{"lineNumber":20,"author":{"gitId":"yusiangeng"},"content":"        return String.format(\"E | %d | %s | %s\", isDone ? 1 : 0, description, at.toString());","lastModifiedDate":"2022-09-10"},{"lineNumber":21,"author":{"gitId":"yusiangeng"},"content":"    }","lastModifiedDate":"2022-09-10"},{"lineNumber":22,"author":{"gitId":"yusiangeng"},"content":"}","lastModifiedDate":"2022-08-18"}],"authorContributionMap":{"yusiangeng":22}},{"path":"src/main/java/duke/Launcher.java","fileType":"java","lines":[{"lineNumber":1,"author":{"gitId":"yusiangeng"},"content":"package duke;","lastModifiedDate":"2022-09-10"},{"lineNumber":2,"author":{"gitId":"yusiangeng"},"content":"import javafx.application.Application;","lastModifiedDate":"2022-09-10"},{"lineNumber":3,"author":{"gitId":"yusiangeng"},"content":"","lastModifiedDate":"2022-09-10"},{"lineNumber":4,"author":{"gitId":"yusiangeng"},"content":"/**","lastModifiedDate":"2022-09-10"},{"lineNumber":5,"author":{"gitId":"yusiangeng"},"content":" * A launcher class to workaround classpath issues.","lastModifiedDate":"2022-09-10"},{"lineNumber":6,"author":{"gitId":"yusiangeng"},"content":" */","lastModifiedDate":"2022-09-10"},{"lineNumber":7,"author":{"gitId":"yusiangeng"},"content":"public class Launcher {","lastModifiedDate":"2022-09-10"},{"lineNumber":8,"author":{"gitId":"yusiangeng"},"content":"    public static void main(String[] args) {","lastModifiedDate":"2022-09-10"},{"lineNumber":9,"author":{"gitId":"yusiangeng"},"content":"        Application.launch(Main.class, args);","lastModifiedDate":"2022-09-10"},{"lineNumber":10,"author":{"gitId":"yusiangeng"},"content":"    }","lastModifiedDate":"2022-09-10"},{"lineNumber":11,"author":{"gitId":"yusiangeng"},"content":"}","lastModifiedDate":"2022-09-10"}],"authorContributionMap":{"yusiangeng":11}},{"path":"src/main/java/duke/Main.java","fileType":"java","lines":[{"lineNumber":1,"author":{"gitId":"yusiangeng"},"content":"package duke;","lastModifiedDate":"2022-09-10"},{"lineNumber":2,"author":{"gitId":"yusiangeng"},"content":"","lastModifiedDate":"2022-09-10"},{"lineNumber":3,"author":{"gitId":"yusiangeng"},"content":"import java.io.IOException;","lastModifiedDate":"2022-09-10"},{"lineNumber":4,"author":{"gitId":"yusiangeng"},"content":"","lastModifiedDate":"2022-09-10"},{"lineNumber":5,"author":{"gitId":"yusiangeng"},"content":"import javafx.application.Application;","lastModifiedDate":"2022-09-10"},{"lineNumber":6,"author":{"gitId":"yusiangeng"},"content":"import javafx.fxml.FXMLLoader;","lastModifiedDate":"2022-09-10"},{"lineNumber":7,"author":{"gitId":"yusiangeng"},"content":"import javafx.scene.Scene;","lastModifiedDate":"2022-09-10"},{"lineNumber":8,"author":{"gitId":"yusiangeng"},"content":"import javafx.scene.layout.AnchorPane;","lastModifiedDate":"2022-09-10"},{"lineNumber":9,"author":{"gitId":"yusiangeng"},"content":"import javafx.stage.Stage;","lastModifiedDate":"2022-09-10"},{"lineNumber":10,"author":{"gitId":"yusiangeng"},"content":"","lastModifiedDate":"2022-09-10"},{"lineNumber":11,"author":{"gitId":"yusiangeng"},"content":"/**","lastModifiedDate":"2022-09-10"},{"lineNumber":12,"author":{"gitId":"yusiangeng"},"content":" * A GUI for Duke using FXML.","lastModifiedDate":"2022-09-10"},{"lineNumber":13,"author":{"gitId":"yusiangeng"},"content":" */","lastModifiedDate":"2022-09-10"},{"lineNumber":14,"author":{"gitId":"yusiangeng"},"content":"public class Main extends Application {","lastModifiedDate":"2022-09-10"},{"lineNumber":15,"author":{"gitId":"yusiangeng"},"content":"","lastModifiedDate":"2022-09-10"},{"lineNumber":16,"author":{"gitId":"yusiangeng"},"content":"    private Duke duke \u003d new Duke();","lastModifiedDate":"2022-09-10"},{"lineNumber":17,"author":{"gitId":"yusiangeng"},"content":"","lastModifiedDate":"2022-09-10"},{"lineNumber":18,"author":{"gitId":"yusiangeng"},"content":"    @Override","lastModifiedDate":"2022-09-10"},{"lineNumber":19,"author":{"gitId":"yusiangeng"},"content":"    public void start(Stage stage) {","lastModifiedDate":"2022-09-10"},{"lineNumber":20,"author":{"gitId":"yusiangeng"},"content":"        try {","lastModifiedDate":"2022-09-10"},{"lineNumber":21,"author":{"gitId":"yusiangeng"},"content":"            FXMLLoader fxmlLoader \u003d new FXMLLoader(Main.class.getResource(\"/view/MainWindow.fxml\"));","lastModifiedDate":"2022-09-10"},{"lineNumber":22,"author":{"gitId":"yusiangeng"},"content":"            AnchorPane ap \u003d fxmlLoader.load();","lastModifiedDate":"2022-09-10"},{"lineNumber":23,"author":{"gitId":"yusiangeng"},"content":"            Scene scene \u003d new Scene(ap);","lastModifiedDate":"2022-09-10"},{"lineNumber":24,"author":{"gitId":"yusiangeng"},"content":"            stage.setScene(scene);","lastModifiedDate":"2022-09-10"},{"lineNumber":25,"author":{"gitId":"yusiangeng"},"content":"            fxmlLoader.\u003cMainWindow\u003egetController().setDuke(duke);","lastModifiedDate":"2022-09-10"},{"lineNumber":26,"author":{"gitId":"yusiangeng"},"content":"            stage.show();","lastModifiedDate":"2022-09-10"},{"lineNumber":27,"author":{"gitId":"yusiangeng"},"content":"        } catch (IOException e) {","lastModifiedDate":"2022-09-10"},{"lineNumber":28,"author":{"gitId":"yusiangeng"},"content":"            e.printStackTrace();","lastModifiedDate":"2022-09-10"},{"lineNumber":29,"author":{"gitId":"yusiangeng"},"content":"        }","lastModifiedDate":"2022-09-10"},{"lineNumber":30,"author":{"gitId":"yusiangeng"},"content":"    }","lastModifiedDate":"2022-09-10"},{"lineNumber":31,"author":{"gitId":"yusiangeng"},"content":"}","lastModifiedDate":"2022-09-10"}],"authorContributionMap":{"yusiangeng":31}},{"path":"src/main/java/duke/MainWindow.java","fileType":"java","lines":[{"lineNumber":1,"author":{"gitId":"yusiangeng"},"content":"package duke;","lastModifiedDate":"2022-09-10"},{"lineNumber":2,"author":{"gitId":"yusiangeng"},"content":"","lastModifiedDate":"2022-09-10"},{"lineNumber":3,"author":{"gitId":"yusiangeng"},"content":"import javafx.fxml.FXML;","lastModifiedDate":"2022-09-10"},{"lineNumber":4,"author":{"gitId":"yusiangeng"},"content":"import javafx.scene.control.Button;","lastModifiedDate":"2022-09-10"},{"lineNumber":5,"author":{"gitId":"yusiangeng"},"content":"import javafx.scene.control.ScrollPane;","lastModifiedDate":"2022-09-10"},{"lineNumber":6,"author":{"gitId":"yusiangeng"},"content":"import javafx.scene.control.TextField;","lastModifiedDate":"2022-09-10"},{"lineNumber":7,"author":{"gitId":"yusiangeng"},"content":"import javafx.scene.image.Image;","lastModifiedDate":"2022-09-10"},{"lineNumber":8,"author":{"gitId":"yusiangeng"},"content":"import javafx.scene.layout.AnchorPane;","lastModifiedDate":"2022-09-10"},{"lineNumber":9,"author":{"gitId":"yusiangeng"},"content":"import javafx.scene.layout.VBox;","lastModifiedDate":"2022-09-10"},{"lineNumber":10,"author":{"gitId":"yusiangeng"},"content":"/**","lastModifiedDate":"2022-09-10"},{"lineNumber":11,"author":{"gitId":"yusiangeng"},"content":" * Controller for MainWindow. Provides the layout for the other controls.","lastModifiedDate":"2022-09-10"},{"lineNumber":12,"author":{"gitId":"yusiangeng"},"content":" */","lastModifiedDate":"2022-09-10"},{"lineNumber":13,"author":{"gitId":"yusiangeng"},"content":"public class MainWindow extends AnchorPane {","lastModifiedDate":"2022-09-10"},{"lineNumber":14,"author":{"gitId":"yusiangeng"},"content":"    @FXML","lastModifiedDate":"2022-09-10"},{"lineNumber":15,"author":{"gitId":"yusiangeng"},"content":"    private ScrollPane scrollPane;","lastModifiedDate":"2022-09-10"},{"lineNumber":16,"author":{"gitId":"yusiangeng"},"content":"    @FXML","lastModifiedDate":"2022-09-10"},{"lineNumber":17,"author":{"gitId":"yusiangeng"},"content":"    private VBox dialogContainer;","lastModifiedDate":"2022-09-10"},{"lineNumber":18,"author":{"gitId":"yusiangeng"},"content":"    @FXML","lastModifiedDate":"2022-09-10"},{"lineNumber":19,"author":{"gitId":"yusiangeng"},"content":"    private TextField userInput;","lastModifiedDate":"2022-09-10"},{"lineNumber":20,"author":{"gitId":"yusiangeng"},"content":"    @FXML","lastModifiedDate":"2022-09-10"},{"lineNumber":21,"author":{"gitId":"yusiangeng"},"content":"    private Button sendButton;","lastModifiedDate":"2022-09-10"},{"lineNumber":22,"author":{"gitId":"yusiangeng"},"content":"","lastModifiedDate":"2022-09-10"},{"lineNumber":23,"author":{"gitId":"yusiangeng"},"content":"    private Duke duke;","lastModifiedDate":"2022-09-10"},{"lineNumber":24,"author":{"gitId":"yusiangeng"},"content":"","lastModifiedDate":"2022-09-10"},{"lineNumber":25,"author":{"gitId":"yusiangeng"},"content":"    private Image userImage \u003d new Image(this.getClass().getResourceAsStream(\"/images/DaUser.png\"));","lastModifiedDate":"2022-09-10"},{"lineNumber":26,"author":{"gitId":"yusiangeng"},"content":"    private Image dukeImage \u003d new Image(this.getClass().getResourceAsStream(\"/images/DaDuke.png\"));","lastModifiedDate":"2022-09-10"},{"lineNumber":27,"author":{"gitId":"yusiangeng"},"content":"","lastModifiedDate":"2022-09-10"},{"lineNumber":28,"author":{"gitId":"yusiangeng"},"content":"    @FXML","lastModifiedDate":"2022-09-10"},{"lineNumber":29,"author":{"gitId":"yusiangeng"},"content":"    public void initialize() {","lastModifiedDate":"2022-09-10"},{"lineNumber":30,"author":{"gitId":"yusiangeng"},"content":"        scrollPane.vvalueProperty().bind(dialogContainer.heightProperty());","lastModifiedDate":"2022-09-10"},{"lineNumber":31,"author":{"gitId":"yusiangeng"},"content":"    }","lastModifiedDate":"2022-09-10"},{"lineNumber":32,"author":{"gitId":"yusiangeng"},"content":"","lastModifiedDate":"2022-09-10"},{"lineNumber":33,"author":{"gitId":"yusiangeng"},"content":"    public void setDuke(Duke d) {","lastModifiedDate":"2022-09-10"},{"lineNumber":34,"author":{"gitId":"yusiangeng"},"content":"        duke \u003d d;","lastModifiedDate":"2022-09-10"},{"lineNumber":35,"author":{"gitId":"yusiangeng"},"content":"    }","lastModifiedDate":"2022-09-10"},{"lineNumber":36,"author":{"gitId":"yusiangeng"},"content":"","lastModifiedDate":"2022-09-10"},{"lineNumber":37,"author":{"gitId":"yusiangeng"},"content":"    /**","lastModifiedDate":"2022-09-10"},{"lineNumber":38,"author":{"gitId":"yusiangeng"},"content":"     * Creates two dialog boxes, one echoing user input and the other containing Duke\u0027s reply and then appends them to","lastModifiedDate":"2022-09-10"},{"lineNumber":39,"author":{"gitId":"yusiangeng"},"content":"     * the dialog container. Clears the user input after processing.","lastModifiedDate":"2022-09-10"},{"lineNumber":40,"author":{"gitId":"yusiangeng"},"content":"     */","lastModifiedDate":"2022-09-10"},{"lineNumber":41,"author":{"gitId":"yusiangeng"},"content":"    @FXML","lastModifiedDate":"2022-09-10"},{"lineNumber":42,"author":{"gitId":"yusiangeng"},"content":"    private void handleUserInput() {","lastModifiedDate":"2022-09-10"},{"lineNumber":43,"author":{"gitId":"yusiangeng"},"content":"        String input \u003d userInput.getText();","lastModifiedDate":"2022-09-10"},{"lineNumber":44,"author":{"gitId":"yusiangeng"},"content":"        String response \u003d duke.getResponse(input);","lastModifiedDate":"2022-09-10"},{"lineNumber":45,"author":{"gitId":"yusiangeng"},"content":"        dialogContainer.getChildren().addAll(","lastModifiedDate":"2022-09-10"},{"lineNumber":46,"author":{"gitId":"yusiangeng"},"content":"                DialogBox.getUserDialog(input, userImage),","lastModifiedDate":"2022-09-10"},{"lineNumber":47,"author":{"gitId":"yusiangeng"},"content":"                DialogBox.getDukeDialog(response, dukeImage)","lastModifiedDate":"2022-09-10"},{"lineNumber":48,"author":{"gitId":"yusiangeng"},"content":"        );","lastModifiedDate":"2022-09-10"},{"lineNumber":49,"author":{"gitId":"yusiangeng"},"content":"        userInput.clear();","lastModifiedDate":"2022-09-10"},{"lineNumber":50,"author":{"gitId":"yusiangeng"},"content":"    }","lastModifiedDate":"2022-09-10"},{"lineNumber":51,"author":{"gitId":"yusiangeng"},"content":"}","lastModifiedDate":"2022-09-10"}],"authorContributionMap":{"yusiangeng":51}},{"path":"src/main/java/duke/Storage.java","fileType":"java","lines":[{"lineNumber":1,"author":{"gitId":"yusiangeng"},"content":"package duke;","lastModifiedDate":"2022-09-10"},{"lineNumber":2,"author":{"gitId":"yusiangeng"},"content":"","lastModifiedDate":"2022-09-10"},{"lineNumber":3,"author":{"gitId":"yusiangeng"},"content":"public class Storage {","lastModifiedDate":"2022-09-10"},{"lineNumber":4,"author":{"gitId":"yusiangeng"},"content":"    private String s;","lastModifiedDate":"2022-09-10"},{"lineNumber":5,"author":{"gitId":"yusiangeng"},"content":"","lastModifiedDate":"2022-09-10"},{"lineNumber":6,"author":{"gitId":"yusiangeng"},"content":"    Storage(String s) {","lastModifiedDate":"2022-09-10"},{"lineNumber":7,"author":{"gitId":"yusiangeng"},"content":"        s \u003d s;","lastModifiedDate":"2022-09-10"},{"lineNumber":8,"author":{"gitId":"yusiangeng"},"content":"    }","lastModifiedDate":"2022-09-10"},{"lineNumber":9,"author":{"gitId":"yusiangeng"},"content":"}","lastModifiedDate":"2022-09-10"}],"authorContributionMap":{"yusiangeng":9}},{"path":"src/main/java/duke/Task.java","fileType":"java","lines":[{"lineNumber":1,"author":{"gitId":"yusiangeng"},"content":"package duke;","lastModifiedDate":"2022-09-10"},{"lineNumber":2,"author":{"gitId":"yusiangeng"},"content":"","lastModifiedDate":"2022-09-10"},{"lineNumber":3,"author":{"gitId":"yusiangeng"},"content":"public abstract class Task {","lastModifiedDate":"2022-09-10"},{"lineNumber":4,"author":{"gitId":"yusiangeng"},"content":"    protected String description;","lastModifiedDate":"2022-08-18"},{"lineNumber":5,"author":{"gitId":"yusiangeng"},"content":"    protected boolean isDone;","lastModifiedDate":"2022-08-18"},{"lineNumber":6,"author":{"gitId":"yusiangeng"},"content":"","lastModifiedDate":"2022-08-18"},{"lineNumber":7,"author":{"gitId":"yusiangeng"},"content":"    public Task(String description) {","lastModifiedDate":"2022-08-18"},{"lineNumber":8,"author":{"gitId":"yusiangeng"},"content":"        this.description \u003d description;","lastModifiedDate":"2022-08-18"},{"lineNumber":9,"author":{"gitId":"yusiangeng"},"content":"        this.isDone \u003d false;","lastModifiedDate":"2022-08-18"},{"lineNumber":10,"author":{"gitId":"yusiangeng"},"content":"    }","lastModifiedDate":"2022-08-18"},{"lineNumber":11,"author":{"gitId":"yusiangeng"},"content":"","lastModifiedDate":"2022-08-18"},{"lineNumber":12,"author":{"gitId":"yusiangeng"},"content":"    public String getStatusIcon() {","lastModifiedDate":"2022-08-18"},{"lineNumber":13,"author":{"gitId":"yusiangeng"},"content":"        return (isDone ? \"X\" : \" \"); // mark done task with X","lastModifiedDate":"2022-08-18"},{"lineNumber":14,"author":{"gitId":"yusiangeng"},"content":"    }","lastModifiedDate":"2022-08-18"},{"lineNumber":15,"author":{"gitId":"yusiangeng"},"content":"","lastModifiedDate":"2022-08-18"},{"lineNumber":16,"author":{"gitId":"yusiangeng"},"content":"    public String toString() {","lastModifiedDate":"2022-08-18"},{"lineNumber":17,"author":{"gitId":"yusiangeng"},"content":"        return String.format(\"[%s] %s\", getStatusIcon(), description);","lastModifiedDate":"2022-08-18"},{"lineNumber":18,"author":{"gitId":"yusiangeng"},"content":"    }","lastModifiedDate":"2022-08-18"},{"lineNumber":19,"author":{"gitId":"yusiangeng"},"content":"","lastModifiedDate":"2022-08-18"},{"lineNumber":20,"author":{"gitId":"yusiangeng"},"content":"    public abstract String toFileString();","lastModifiedDate":"2022-09-10"},{"lineNumber":21,"author":{"gitId":"yusiangeng"},"content":"","lastModifiedDate":"2022-09-10"},{"lineNumber":22,"author":{"gitId":"yusiangeng"},"content":"    public void mark() {","lastModifiedDate":"2022-08-18"},{"lineNumber":23,"author":{"gitId":"yusiangeng"},"content":"        this.isDone \u003d true;","lastModifiedDate":"2022-08-18"},{"lineNumber":24,"author":{"gitId":"yusiangeng"},"content":"    }","lastModifiedDate":"2022-08-18"},{"lineNumber":25,"author":{"gitId":"yusiangeng"},"content":"","lastModifiedDate":"2022-08-18"},{"lineNumber":26,"author":{"gitId":"yusiangeng"},"content":"    public void unmark() {","lastModifiedDate":"2022-08-18"},{"lineNumber":27,"author":{"gitId":"yusiangeng"},"content":"        this.isDone \u003d false;","lastModifiedDate":"2022-08-18"},{"lineNumber":28,"author":{"gitId":"yusiangeng"},"content":"    }","lastModifiedDate":"2022-08-18"},{"lineNumber":29,"author":{"gitId":"yusiangeng"},"content":"}","lastModifiedDate":"2022-08-18"}],"authorContributionMap":{"yusiangeng":29}},{"path":"src/main/java/duke/Todo.java","fileType":"java","lines":[{"lineNumber":1,"author":{"gitId":"yusiangeng"},"content":"package duke;","lastModifiedDate":"2022-09-10"},{"lineNumber":2,"author":{"gitId":"yusiangeng"},"content":"","lastModifiedDate":"2022-09-10"},{"lineNumber":3,"author":{"gitId":"yusiangeng"},"content":"public class Todo extends Task {","lastModifiedDate":"2022-08-18"},{"lineNumber":4,"author":{"gitId":"yusiangeng"},"content":"","lastModifiedDate":"2022-08-18"},{"lineNumber":5,"author":{"gitId":"yusiangeng"},"content":"    public Todo(String description) {","lastModifiedDate":"2022-08-18"},{"lineNumber":6,"author":{"gitId":"yusiangeng"},"content":"        super(description);","lastModifiedDate":"2022-08-18"},{"lineNumber":7,"author":{"gitId":"yusiangeng"},"content":"    }","lastModifiedDate":"2022-08-18"},{"lineNumber":8,"author":{"gitId":"yusiangeng"},"content":"","lastModifiedDate":"2022-08-18"},{"lineNumber":9,"author":{"gitId":"yusiangeng"},"content":"    @Override","lastModifiedDate":"2022-08-18"},{"lineNumber":10,"author":{"gitId":"yusiangeng"},"content":"    public String toString() {","lastModifiedDate":"2022-08-18"},{"lineNumber":11,"author":{"gitId":"yusiangeng"},"content":"        return \"[T]\" + super.toString();","lastModifiedDate":"2022-08-18"},{"lineNumber":12,"author":{"gitId":"yusiangeng"},"content":"    }","lastModifiedDate":"2022-08-18"},{"lineNumber":13,"author":{"gitId":"yusiangeng"},"content":"","lastModifiedDate":"2022-09-10"},{"lineNumber":14,"author":{"gitId":"yusiangeng"},"content":"    @Override","lastModifiedDate":"2022-09-10"},{"lineNumber":15,"author":{"gitId":"yusiangeng"},"content":"    public String toFileString() {","lastModifiedDate":"2022-09-10"},{"lineNumber":16,"author":{"gitId":"yusiangeng"},"content":"        return String.format(\"T | %d | %s\", isDone ? 1 : 0, description);","lastModifiedDate":"2022-09-10"},{"lineNumber":17,"author":{"gitId":"yusiangeng"},"content":"    }","lastModifiedDate":"2022-09-10"},{"lineNumber":18,"author":{"gitId":"yusiangeng"},"content":"}","lastModifiedDate":"2022-08-18"}],"authorContributionMap":{"yusiangeng":18}},{"path":"src/main/resources/view/DialogBox.fxml","fileType":"fxml","lines":[{"lineNumber":1,"author":{"gitId":"yusiangeng"},"content":"\u003c?xml version\u003d\"1.0\" encoding\u003d\"UTF-8\"?\u003e","lastModifiedDate":"2022-09-10"},{"lineNumber":2,"author":{"gitId":"yusiangeng"},"content":"","lastModifiedDate":"2022-09-10"},{"lineNumber":3,"author":{"gitId":"yusiangeng"},"content":"\u003c?import javafx.geometry.Insets?\u003e","lastModifiedDate":"2022-09-10"},{"lineNumber":4,"author":{"gitId":"yusiangeng"},"content":"\u003c?import javafx.scene.control.Label?\u003e","lastModifiedDate":"2022-09-10"},{"lineNumber":5,"author":{"gitId":"yusiangeng"},"content":"\u003c?import javafx.scene.image.ImageView?\u003e","lastModifiedDate":"2022-09-10"},{"lineNumber":6,"author":{"gitId":"yusiangeng"},"content":"\u003c?import javafx.scene.layout.HBox?\u003e","lastModifiedDate":"2022-09-10"},{"lineNumber":7,"author":{"gitId":"yusiangeng"},"content":"","lastModifiedDate":"2022-09-10"},{"lineNumber":8,"author":{"gitId":"yusiangeng"},"content":"\u003cfx:root alignment\u003d\"TOP_RIGHT\" maxHeight\u003d\"1.7976931348623157E308\" maxWidth\u003d\"1.7976931348623157E308\" prefWidth\u003d\"400.0\" type\u003d\"javafx.scene.layout.HBox\" xmlns\u003d\"http://javafx.com/javafx/8.0.171\" xmlns:fx\u003d\"http://javafx.com/fxml/1\"\u003e","lastModifiedDate":"2022-09-10"},{"lineNumber":9,"author":{"gitId":"yusiangeng"},"content":"    \u003cchildren\u003e","lastModifiedDate":"2022-09-10"},{"lineNumber":10,"author":{"gitId":"yusiangeng"},"content":"        \u003cLabel fx:id\u003d\"dialog\" text\u003d\"Label\" wrapText\u003d\"true\" /\u003e","lastModifiedDate":"2022-09-10"},{"lineNumber":11,"author":{"gitId":"yusiangeng"},"content":"        \u003cImageView fx:id\u003d\"displayPicture\" fitHeight\u003d\"99.0\" fitWidth\u003d\"99.0\" pickOnBounds\u003d\"true\" preserveRatio\u003d\"true\" /\u003e","lastModifiedDate":"2022-09-10"},{"lineNumber":12,"author":{"gitId":"yusiangeng"},"content":"    \u003c/children\u003e","lastModifiedDate":"2022-09-10"},{"lineNumber":13,"author":{"gitId":"yusiangeng"},"content":"    \u003cpadding\u003e","lastModifiedDate":"2022-09-10"},{"lineNumber":14,"author":{"gitId":"yusiangeng"},"content":"        \u003cInsets bottom\u003d\"15.0\" left\u003d\"5.0\" right\u003d\"5.0\" top\u003d\"15.0\" /\u003e","lastModifiedDate":"2022-09-10"},{"lineNumber":15,"author":{"gitId":"yusiangeng"},"content":"    \u003c/padding\u003e","lastModifiedDate":"2022-09-10"},{"lineNumber":16,"author":{"gitId":"yusiangeng"},"content":"\u003c/fx:root\u003e","lastModifiedDate":"2022-09-10"}],"authorContributionMap":{"yusiangeng":16}},{"path":"src/main/resources/view/MainWindow.fxml","fileType":"fxml","lines":[{"lineNumber":1,"author":{"gitId":"yusiangeng"},"content":"\u003c?xml version\u003d\"1.0\" encoding\u003d\"UTF-8\"?\u003e","lastModifiedDate":"2022-09-10"},{"lineNumber":2,"author":{"gitId":"yusiangeng"},"content":"","lastModifiedDate":"2022-09-10"},{"lineNumber":3,"author":{"gitId":"yusiangeng"},"content":"\u003c?import javafx.scene.control.Button?\u003e","lastModifiedDate":"2022-09-10"},{"lineNumber":4,"author":{"gitId":"yusiangeng"},"content":"\u003c?import javafx.scene.control.ScrollPane?\u003e","lastModifiedDate":"2022-09-10"},{"lineNumber":5,"author":{"gitId":"yusiangeng"},"content":"\u003c?import javafx.scene.control.TextField?\u003e","lastModifiedDate":"2022-09-10"},{"lineNumber":6,"author":{"gitId":"yusiangeng"},"content":"\u003c?import javafx.scene.layout.AnchorPane?\u003e","lastModifiedDate":"2022-09-10"},{"lineNumber":7,"author":{"gitId":"yusiangeng"},"content":"\u003c?import javafx.scene.layout.VBox?\u003e","lastModifiedDate":"2022-09-10"},{"lineNumber":8,"author":{"gitId":"yusiangeng"},"content":"","lastModifiedDate":"2022-09-10"},{"lineNumber":9,"author":{"gitId":"yusiangeng"},"content":"\u003cAnchorPane maxHeight\u003d\"-Infinity\" maxWidth\u003d\"-Infinity\" minHeight\u003d\"-Infinity\" minWidth\u003d\"-Infinity\" prefHeight\u003d\"600.0\" prefWidth\u003d\"400.0\" xmlns\u003d\"http://javafx.com/javafx/8.0.171\" xmlns:fx\u003d\"http://javafx.com/fxml/1\" fx:controller\u003d\"duke.MainWindow\"\u003e","lastModifiedDate":"2022-09-10"},{"lineNumber":10,"author":{"gitId":"yusiangeng"},"content":"    \u003cchildren\u003e","lastModifiedDate":"2022-09-10"},{"lineNumber":11,"author":{"gitId":"yusiangeng"},"content":"        \u003cTextField fx:id\u003d\"userInput\" layoutY\u003d\"558.0\" onAction\u003d\"#handleUserInput\" prefHeight\u003d\"41.0\" prefWidth\u003d\"324.0\" AnchorPane.bottomAnchor\u003d\"1.0\" /\u003e","lastModifiedDate":"2022-09-10"},{"lineNumber":12,"author":{"gitId":"yusiangeng"},"content":"        \u003cButton fx:id\u003d\"sendButton\" layoutX\u003d\"324.0\" layoutY\u003d\"558.0\" mnemonicParsing\u003d\"false\" onAction\u003d\"#handleUserInput\" prefHeight\u003d\"41.0\" prefWidth\u003d\"76.0\" text\u003d\"Send\" /\u003e","lastModifiedDate":"2022-09-10"},{"lineNumber":13,"author":{"gitId":"yusiangeng"},"content":"        \u003cScrollPane fx:id\u003d\"scrollPane\" hbarPolicy\u003d\"NEVER\" hvalue\u003d\"1.0\" prefHeight\u003d\"557.0\" prefWidth\u003d\"400.0\" vvalue\u003d\"1.0\"\u003e","lastModifiedDate":"2022-09-10"},{"lineNumber":14,"author":{"gitId":"yusiangeng"},"content":"            \u003ccontent\u003e","lastModifiedDate":"2022-09-10"},{"lineNumber":15,"author":{"gitId":"yusiangeng"},"content":"                \u003cVBox fx:id\u003d\"dialogContainer\" prefHeight\u003d\"552.0\" prefWidth\u003d\"388.0\" /\u003e","lastModifiedDate":"2022-09-10"},{"lineNumber":16,"author":{"gitId":"yusiangeng"},"content":"            \u003c/content\u003e","lastModifiedDate":"2022-09-10"},{"lineNumber":17,"author":{"gitId":"yusiangeng"},"content":"        \u003c/ScrollPane\u003e","lastModifiedDate":"2022-09-10"},{"lineNumber":18,"author":{"gitId":"yusiangeng"},"content":"    \u003c/children\u003e","lastModifiedDate":"2022-09-10"},{"lineNumber":19,"author":{"gitId":"yusiangeng"},"content":"\u003c/AnchorPane\u003e","lastModifiedDate":"2022-09-10"}],"authorContributionMap":{"yusiangeng":19}},{"path":"src/test/java/duke/StorageTest.java","fileType":"java","lines":[{"lineNumber":1,"author":{"gitId":"yusiangeng"},"content":"package duke;","lastModifiedDate":"2022-09-10"},{"lineNumber":2,"author":{"gitId":"yusiangeng"},"content":"import org.junit.jupiter.api.Test;","lastModifiedDate":"2022-09-10"},{"lineNumber":3,"author":{"gitId":"yusiangeng"},"content":"","lastModifiedDate":"2022-09-10"},{"lineNumber":4,"author":{"gitId":"yusiangeng"},"content":"import static org.junit.jupiter.api.Assertions.assertEquals;","lastModifiedDate":"2022-09-10"},{"lineNumber":5,"author":{"gitId":"yusiangeng"},"content":"","lastModifiedDate":"2022-09-10"},{"lineNumber":6,"author":{"gitId":"yusiangeng"},"content":"public class StorageTest {","lastModifiedDate":"2022-09-10"},{"lineNumber":7,"author":{"gitId":"yusiangeng"},"content":"    @Test","lastModifiedDate":"2022-09-10"},{"lineNumber":8,"author":{"gitId":"yusiangeng"},"content":"    public void dummyTest(){","lastModifiedDate":"2022-09-10"},{"lineNumber":9,"author":{"gitId":"yusiangeng"},"content":"        assertEquals(2, 2);","lastModifiedDate":"2022-09-10"},{"lineNumber":10,"author":{"gitId":"yusiangeng"},"content":"    }","lastModifiedDate":"2022-09-10"},{"lineNumber":11,"author":{"gitId":"yusiangeng"},"content":"","lastModifiedDate":"2022-09-10"},{"lineNumber":12,"author":{"gitId":"yusiangeng"},"content":"    @Test","lastModifiedDate":"2022-09-10"},{"lineNumber":13,"author":{"gitId":"yusiangeng"},"content":"    public void anotherDummyTest(){","lastModifiedDate":"2022-09-10"},{"lineNumber":14,"author":{"gitId":"yusiangeng"},"content":"        assertEquals(4, 4);","lastModifiedDate":"2022-09-10"},{"lineNumber":15,"author":{"gitId":"yusiangeng"},"content":"    }","lastModifiedDate":"2022-09-10"},{"lineNumber":16,"author":{"gitId":"yusiangeng"},"content":"}","lastModifiedDate":"2022-09-10"}],"authorContributionMap":{"yusiangeng":16}},{"path":"src/test/java/duke/TodoTest.java","fileType":"java","lines":[{"lineNumber":1,"author":{"gitId":"yusiangeng"},"content":"package duke;","lastModifiedDate":"2022-09-10"},{"lineNumber":2,"author":{"gitId":"yusiangeng"},"content":"","lastModifiedDate":"2022-09-10"},{"lineNumber":3,"author":{"gitId":"yusiangeng"},"content":"import org.junit.jupiter.api.Test;","lastModifiedDate":"2022-09-10"},{"lineNumber":4,"author":{"gitId":"yusiangeng"},"content":"","lastModifiedDate":"2022-09-10"},{"lineNumber":5,"author":{"gitId":"yusiangeng"},"content":"import static org.junit.jupiter.api.Assertions.assertEquals;","lastModifiedDate":"2022-09-10"},{"lineNumber":6,"author":{"gitId":"yusiangeng"},"content":"","lastModifiedDate":"2022-09-10"},{"lineNumber":7,"author":{"gitId":"yusiangeng"},"content":"public class TodoTest {","lastModifiedDate":"2022-09-10"},{"lineNumber":8,"author":{"gitId":"yusiangeng"},"content":"    @Test","lastModifiedDate":"2022-09-10"},{"lineNumber":9,"author":{"gitId":"yusiangeng"},"content":"    public void dummyTest() {","lastModifiedDate":"2022-09-10"},{"lineNumber":10,"author":{"gitId":"yusiangeng"},"content":"        assertEquals(2, 2);","lastModifiedDate":"2022-09-10"},{"lineNumber":11,"author":{"gitId":"yusiangeng"},"content":"    }","lastModifiedDate":"2022-09-10"},{"lineNumber":12,"author":{"gitId":"yusiangeng"},"content":"","lastModifiedDate":"2022-09-10"},{"lineNumber":13,"author":{"gitId":"yusiangeng"},"content":"    @Test","lastModifiedDate":"2022-09-10"},{"lineNumber":14,"author":{"gitId":"yusiangeng"},"content":"    public void anotherDummyTest() {","lastModifiedDate":"2022-09-10"},{"lineNumber":15,"author":{"gitId":"yusiangeng"},"content":"        assertEquals(4, 4);","lastModifiedDate":"2022-09-10"},{"lineNumber":16,"author":{"gitId":"yusiangeng"},"content":"    }","lastModifiedDate":"2022-09-10"},{"lineNumber":17,"author":{"gitId":"yusiangeng"},"content":"}","lastModifiedDate":"2022-09-10"}],"authorContributionMap":{"yusiangeng":17}},{"path":"text-ui-test/input.txt","fileType":"txt","lines":[{"lineNumber":1,"author":{"gitId":"yusiangeng"},"content":"todo borrow book","lastModifiedDate":"2022-08-18"},{"lineNumber":2,"author":{"gitId":"yusiangeng"},"content":"deadline return book /by Sunday","lastModifiedDate":"2022-08-18"},{"lineNumber":3,"author":{"gitId":"yusiangeng"},"content":"event project meeting /at Mon 2-4pm","lastModifiedDate":"2022-08-18"},{"lineNumber":4,"author":{"gitId":"yusiangeng"},"content":"list","lastModifiedDate":"2022-08-18"},{"lineNumber":5,"author":{"gitId":"yusiangeng"},"content":"mark 1","lastModifiedDate":"2022-08-18"},{"lineNumber":6,"author":{"gitId":"yusiangeng"},"content":"list","lastModifiedDate":"2022-08-18"},{"lineNumber":7,"author":{"gitId":"yusiangeng"},"content":"unmark 1","lastModifiedDate":"2022-08-18"},{"lineNumber":8,"author":{"gitId":"yusiangeng"},"content":"list","lastModifiedDate":"2022-08-18"}],"authorContributionMap":{"yusiangeng":8}}]
