[{"path":"src/main/java/Deadline.java","fileType":"java","lines":[{"lineNumber":1,"author":{"gitId":"domoberzin"},"content":"public class Deadline extends Task{","lastModifiedDate":"2022-08-13"},{"lineNumber":2,"author":{"gitId":"domoberzin"},"content":"    protected String by;","lastModifiedDate":"2022-08-13"},{"lineNumber":3,"author":{"gitId":"domoberzin"},"content":"","lastModifiedDate":"2022-08-13"},{"lineNumber":4,"author":{"gitId":"domoberzin"},"content":"    public Deadline(String description, String by) {","lastModifiedDate":"2022-08-13"},{"lineNumber":5,"author":{"gitId":"domoberzin"},"content":"        super(description);","lastModifiedDate":"2022-08-13"},{"lineNumber":6,"author":{"gitId":"domoberzin"},"content":"        this.by \u003d by;","lastModifiedDate":"2022-08-13"},{"lineNumber":7,"author":{"gitId":"domoberzin"},"content":"    }","lastModifiedDate":"2022-08-13"},{"lineNumber":8,"author":{"gitId":"domoberzin"},"content":"","lastModifiedDate":"2022-08-13"},{"lineNumber":9,"author":{"gitId":"domoberzin"},"content":"    @Override","lastModifiedDate":"2022-08-13"},{"lineNumber":10,"author":{"gitId":"domoberzin"},"content":"    public String toString() {","lastModifiedDate":"2022-08-13"},{"lineNumber":11,"author":{"gitId":"domoberzin"},"content":"        return \"[D]\" + super.toString() + \" (by: \" + by + \")\";","lastModifiedDate":"2022-08-13"},{"lineNumber":12,"author":{"gitId":"domoberzin"},"content":"    }","lastModifiedDate":"2022-08-13"},{"lineNumber":13,"author":{"gitId":"domoberzin"},"content":"}","lastModifiedDate":"2022-08-13"}],"authorContributionMap":{"domoberzin":13}},{"path":"src/main/java/Duke.java","fileType":"java","lines":[{"lineNumber":1,"author":{"gitId":"domoberzin"},"content":"import java.util.Scanner;","lastModifiedDate":"2022-08-17"},{"lineNumber":2,"author":{"gitId":"domoberzin"},"content":"import java.util.ArrayList;","lastModifiedDate":"2022-08-17"},{"lineNumber":3,"author":{"gitId":"domoberzin"},"content":"","lastModifiedDate":"2022-08-13"},{"lineNumber":4,"author":{"gitId":"-"},"content":"public class Duke {","lastModifiedDate":"2019-07-29"},{"lineNumber":5,"author":{"gitId":"domoberzin"},"content":"    private ArrayList\u003cTask\u003e storage \u003d new ArrayList\u003cTask\u003e();","lastModifiedDate":"2022-08-17"},{"lineNumber":6,"author":{"gitId":"domoberzin"},"content":"","lastModifiedDate":"2022-08-13"},{"lineNumber":7,"author":{"gitId":"domoberzin"},"content":"    private void list() {","lastModifiedDate":"2022-08-17"},{"lineNumber":8,"author":{"gitId":"domoberzin"},"content":"        if (this.storage.size() \u003d\u003d 0) {","lastModifiedDate":"2022-08-17"},{"lineNumber":9,"author":{"gitId":"domoberzin"},"content":"            System.out.println(\"List is currently empty\");","lastModifiedDate":"2022-08-13"},{"lineNumber":10,"author":{"gitId":"domoberzin"},"content":"        } else {","lastModifiedDate":"2022-08-13"},{"lineNumber":11,"author":{"gitId":"domoberzin"},"content":"            System.out.println(\"Here are your tasks:\");","lastModifiedDate":"2022-08-13"},{"lineNumber":12,"author":{"gitId":"domoberzin"},"content":"            for (int i \u003d 0; i \u003c this.storage.size(); i++) {","lastModifiedDate":"2022-08-17"},{"lineNumber":13,"author":{"gitId":"domoberzin"},"content":"                System.out.printf(\"%d.%s\\n\", i + 1,","lastModifiedDate":"2022-08-13"},{"lineNumber":14,"author":{"gitId":"domoberzin"},"content":"                        this.storage.get(i).toString());","lastModifiedDate":"2022-08-17"},{"lineNumber":15,"author":{"gitId":"domoberzin"},"content":"            }","lastModifiedDate":"2022-08-13"},{"lineNumber":16,"author":{"gitId":"domoberzin"},"content":"        }","lastModifiedDate":"2022-08-13"},{"lineNumber":17,"author":{"gitId":"domoberzin"},"content":"    }","lastModifiedDate":"2022-08-13"},{"lineNumber":18,"author":{"gitId":"domoberzin"},"content":"","lastModifiedDate":"2022-08-13"},{"lineNumber":19,"author":{"gitId":"domoberzin"},"content":"    private void unmark(String input) throws DukeException {","lastModifiedDate":"2022-08-17"},{"lineNumber":20,"author":{"gitId":"domoberzin"},"content":"        if (this.storage.size() \u003d\u003d 0) {","lastModifiedDate":"2022-08-13"},{"lineNumber":21,"author":{"gitId":"domoberzin"},"content":"            throw new DukeException(\"No tasks to unmark!\");","lastModifiedDate":"2022-08-17"},{"lineNumber":22,"author":{"gitId":"domoberzin"},"content":"        } else {","lastModifiedDate":"2022-08-17"},{"lineNumber":23,"author":{"gitId":"domoberzin"},"content":"            if (input \u003d\u003d null) {","lastModifiedDate":"2022-08-17"},{"lineNumber":24,"author":{"gitId":"domoberzin"},"content":"                throw new DukeException(\"No input provided for unmarking\");","lastModifiedDate":"2022-08-17"},{"lineNumber":25,"author":{"gitId":"domoberzin"},"content":"            }","lastModifiedDate":"2022-08-17"},{"lineNumber":26,"author":{"gitId":"domoberzin"},"content":"            String s \u003d input.replaceAll(\"\\\\D+\", \"\");","lastModifiedDate":"2022-08-17"},{"lineNumber":27,"author":{"gitId":"domoberzin"},"content":"            if (!s.equals(\"\")) {","lastModifiedDate":"2022-08-17"},{"lineNumber":28,"author":{"gitId":"domoberzin"},"content":"                int idx \u003d Integer.parseInt(s);","lastModifiedDate":"2022-08-17"},{"lineNumber":29,"author":{"gitId":"domoberzin"},"content":"                if (idx - 1 \u003e\u003d this.storage.size() || idx \u003c 1) {","lastModifiedDate":"2022-08-17"},{"lineNumber":30,"author":{"gitId":"domoberzin"},"content":"                    throw new DukeException(\"Invalid selection for unmarking\");","lastModifiedDate":"2022-08-17"},{"lineNumber":31,"author":{"gitId":"domoberzin"},"content":"                } else {","lastModifiedDate":"2022-08-13"},{"lineNumber":32,"author":{"gitId":"domoberzin"},"content":"                    Task t \u003d this.storage.get(idx - 1);","lastModifiedDate":"2022-08-13"},{"lineNumber":33,"author":{"gitId":"domoberzin"},"content":"                    t.markAsNotDone();","lastModifiedDate":"2022-08-13"},{"lineNumber":34,"author":{"gitId":"domoberzin"},"content":"                }","lastModifiedDate":"2022-08-13"},{"lineNumber":35,"author":{"gitId":"domoberzin"},"content":"            } else {","lastModifiedDate":"2022-08-13"},{"lineNumber":36,"author":{"gitId":"domoberzin"},"content":"                throw new DukeException(\"Invalid selection for unmarking\");","lastModifiedDate":"2022-08-17"},{"lineNumber":37,"author":{"gitId":"domoberzin"},"content":"            }","lastModifiedDate":"2022-08-17"},{"lineNumber":38,"author":{"gitId":"domoberzin"},"content":"        }","lastModifiedDate":"2022-08-13"},{"lineNumber":39,"author":{"gitId":"domoberzin"},"content":"    }","lastModifiedDate":"2022-08-13"},{"lineNumber":40,"author":{"gitId":"domoberzin"},"content":"","lastModifiedDate":"2022-08-13"},{"lineNumber":41,"author":{"gitId":"domoberzin"},"content":"    private void mark(String input) throws DukeException {","lastModifiedDate":"2022-08-17"},{"lineNumber":42,"author":{"gitId":"domoberzin"},"content":"        if (this.storage.size() \u003d\u003d 0) {","lastModifiedDate":"2022-08-13"},{"lineNumber":43,"author":{"gitId":"domoberzin"},"content":"            throw new DukeException(\"No tasks to mark!\");","lastModifiedDate":"2022-08-17"},{"lineNumber":44,"author":{"gitId":"domoberzin"},"content":"        } else {","lastModifiedDate":"2022-08-17"},{"lineNumber":45,"author":{"gitId":"domoberzin"},"content":"            if (input \u003d\u003d null) {","lastModifiedDate":"2022-08-17"},{"lineNumber":46,"author":{"gitId":"domoberzin"},"content":"                throw new DukeException(\"No input provided for marking\");","lastModifiedDate":"2022-08-17"},{"lineNumber":47,"author":{"gitId":"domoberzin"},"content":"            }","lastModifiedDate":"2022-08-17"},{"lineNumber":48,"author":{"gitId":"domoberzin"},"content":"            String s \u003d input.replaceAll(\"\\\\D+\", \"\");","lastModifiedDate":"2022-08-17"},{"lineNumber":49,"author":{"gitId":"domoberzin"},"content":"            if (!s.equals(\"\")) {","lastModifiedDate":"2022-08-17"},{"lineNumber":50,"author":{"gitId":"domoberzin"},"content":"                int idx \u003d Integer.parseInt(s);","lastModifiedDate":"2022-08-17"},{"lineNumber":51,"author":{"gitId":"domoberzin"},"content":"                if (idx - 1 \u003e\u003d this.storage.size() || idx \u003c 1) {","lastModifiedDate":"2022-08-17"},{"lineNumber":52,"author":{"gitId":"domoberzin"},"content":"                    throw new DukeException(\"Invalid selection for marking\");","lastModifiedDate":"2022-08-17"},{"lineNumber":53,"author":{"gitId":"domoberzin"},"content":"                } else {","lastModifiedDate":"2022-08-13"},{"lineNumber":54,"author":{"gitId":"domoberzin"},"content":"                    Task t \u003d this.storage.get(idx - 1);","lastModifiedDate":"2022-08-13"},{"lineNumber":55,"author":{"gitId":"domoberzin"},"content":"                    t.markAsDone();","lastModifiedDate":"2022-08-13"},{"lineNumber":56,"author":{"gitId":"domoberzin"},"content":"                }","lastModifiedDate":"2022-08-13"},{"lineNumber":57,"author":{"gitId":"domoberzin"},"content":"            } else {","lastModifiedDate":"2022-08-13"},{"lineNumber":58,"author":{"gitId":"domoberzin"},"content":"                throw new DukeException(\"Invalid selection for marking\");","lastModifiedDate":"2022-08-17"},{"lineNumber":59,"author":{"gitId":"domoberzin"},"content":"            }","lastModifiedDate":"2022-08-17"},{"lineNumber":60,"author":{"gitId":"domoberzin"},"content":"        }","lastModifiedDate":"2022-08-13"},{"lineNumber":61,"author":{"gitId":"domoberzin"},"content":"    }","lastModifiedDate":"2022-08-13"},{"lineNumber":62,"author":{"gitId":"domoberzin"},"content":"","lastModifiedDate":"2022-08-13"},{"lineNumber":63,"author":{"gitId":"domoberzin"},"content":"    private void delete(String input) throws DukeException {","lastModifiedDate":"2022-08-17"},{"lineNumber":64,"author":{"gitId":"domoberzin"},"content":"        if (this.storage.size() \u003d\u003d 0) {","lastModifiedDate":"2022-08-13"},{"lineNumber":65,"author":{"gitId":"domoberzin"},"content":"            throw new DukeException(\"No tasks to delete!\");","lastModifiedDate":"2022-08-17"},{"lineNumber":66,"author":{"gitId":"domoberzin"},"content":"        }","lastModifiedDate":"2022-08-17"},{"lineNumber":67,"author":{"gitId":"domoberzin"},"content":"        if (input \u003d\u003d null) {","lastModifiedDate":"2022-08-17"},{"lineNumber":68,"author":{"gitId":"domoberzin"},"content":"            throw new DukeException(\"No input provided for deletion\");","lastModifiedDate":"2022-08-17"},{"lineNumber":69,"author":{"gitId":"domoberzin"},"content":"        }","lastModifiedDate":"2022-08-13"},{"lineNumber":70,"author":{"gitId":"domoberzin"},"content":"        String s \u003d input.replaceAll(\"\\\\D+\", \"\");","lastModifiedDate":"2022-08-17"},{"lineNumber":71,"author":{"gitId":"domoberzin"},"content":"        if (!s.equals(\"\")) {","lastModifiedDate":"2022-08-17"},{"lineNumber":72,"author":{"gitId":"domoberzin"},"content":"            int idx \u003d Integer.parseInt(s);","lastModifiedDate":"2022-08-17"},{"lineNumber":73,"author":{"gitId":"domoberzin"},"content":"            if (idx - 1 \u003e\u003d this.storage.size() || idx \u003c 1) {","lastModifiedDate":"2022-08-17"},{"lineNumber":74,"author":{"gitId":"domoberzin"},"content":"                throw new DukeException(\"Invalid selection for marking\");","lastModifiedDate":"2022-08-17"},{"lineNumber":75,"author":{"gitId":"domoberzin"},"content":"            } else {","lastModifiedDate":"2022-08-13"},{"lineNumber":76,"author":{"gitId":"domoberzin"},"content":"                Task t \u003d this.storage.get(idx - 1);","lastModifiedDate":"2022-08-13"},{"lineNumber":77,"author":{"gitId":"domoberzin"},"content":"                this.storage.remove(idx - 1);","lastModifiedDate":"2022-08-13"},{"lineNumber":78,"author":{"gitId":"domoberzin"},"content":"                System.out.println(\"Removed the following task:\\n\" +","lastModifiedDate":"2022-08-13"},{"lineNumber":79,"author":{"gitId":"domoberzin"},"content":"                        t);","lastModifiedDate":"2022-08-13"},{"lineNumber":80,"author":{"gitId":"domoberzin"},"content":"            }","lastModifiedDate":"2022-08-13"},{"lineNumber":81,"author":{"gitId":"domoberzin"},"content":"        } else {","lastModifiedDate":"2022-08-13"},{"lineNumber":82,"author":{"gitId":"domoberzin"},"content":"            throw new DukeException(\"Invalid selection for deletion\");","lastModifiedDate":"2022-08-17"},{"lineNumber":83,"author":{"gitId":"domoberzin"},"content":"        }","lastModifiedDate":"2022-08-13"},{"lineNumber":84,"author":{"gitId":"domoberzin"},"content":"    }","lastModifiedDate":"2022-08-13"},{"lineNumber":85,"author":{"gitId":"domoberzin"},"content":"","lastModifiedDate":"2022-08-13"},{"lineNumber":86,"author":{"gitId":"domoberzin"},"content":"    private void addTask(String[] input) throws DukeException {","lastModifiedDate":"2022-08-17"},{"lineNumber":87,"author":{"gitId":"domoberzin"},"content":"        switch (input[0]) {","lastModifiedDate":"2022-08-17"},{"lineNumber":88,"author":{"gitId":"domoberzin"},"content":"            case \"todo\":","lastModifiedDate":"2022-08-17"},{"lineNumber":89,"author":{"gitId":"domoberzin"},"content":"                if (input.length \u003c\u003d 1) {","lastModifiedDate":"2022-08-17"},{"lineNumber":90,"author":{"gitId":"domoberzin"},"content":"                    throw new DukeException(\"Description of a todo cannot be empty!\");","lastModifiedDate":"2022-08-17"},{"lineNumber":91,"author":{"gitId":"domoberzin"},"content":"                }","lastModifiedDate":"2022-08-13"},{"lineNumber":92,"author":{"gitId":"domoberzin"},"content":"                Todo todo \u003d new Todo(input[1].trim());","lastModifiedDate":"2022-08-17"},{"lineNumber":93,"author":{"gitId":"domoberzin"},"content":"                this.storage.add(todo);","lastModifiedDate":"2022-08-17"},{"lineNumber":94,"author":{"gitId":"domoberzin"},"content":"                System.out.printf(\"added %s\\n\", todo);","lastModifiedDate":"2022-08-13"},{"lineNumber":95,"author":{"gitId":"domoberzin"},"content":"                break;","lastModifiedDate":"2022-08-17"},{"lineNumber":96,"author":{"gitId":"domoberzin"},"content":"            case \"deadline\":","lastModifiedDate":"2022-08-17"},{"lineNumber":97,"author":{"gitId":"domoberzin"},"content":"                if (input.length \u003c\u003d 1) {","lastModifiedDate":"2022-08-17"},{"lineNumber":98,"author":{"gitId":"domoberzin"},"content":"                    throw new DukeException(\"Description of a deadline \" +","lastModifiedDate":"2022-08-17"},{"lineNumber":99,"author":{"gitId":"domoberzin"},"content":"                            \"cannot be empty!\");","lastModifiedDate":"2022-08-17"},{"lineNumber":100,"author":{"gitId":"domoberzin"},"content":"                }","lastModifiedDate":"2022-08-13"},{"lineNumber":101,"author":{"gitId":"domoberzin"},"content":"                if (!input[1].contains(\"/by\") ||","lastModifiedDate":"2022-08-17"},{"lineNumber":102,"author":{"gitId":"domoberzin"},"content":"                        input[1].indexOf(\"/by\") \u003d\u003d input[1].length() - 3) {","lastModifiedDate":"2022-08-17"},{"lineNumber":103,"author":{"gitId":"domoberzin"},"content":"                    throw new DukeException(\"No date inserted for deadline\");","lastModifiedDate":"2022-08-17"},{"lineNumber":104,"author":{"gitId":"domoberzin"},"content":"                }","lastModifiedDate":"2022-08-13"},{"lineNumber":105,"author":{"gitId":"domoberzin"},"content":"                String[] deadlineInfo \u003d input[1].split(\"/by\", 2);","lastModifiedDate":"2022-08-17"},{"lineNumber":106,"author":{"gitId":"domoberzin"},"content":"                Deadline deadline \u003d new Deadline(deadlineInfo[0].trim(),","lastModifiedDate":"2022-08-13"},{"lineNumber":107,"author":{"gitId":"domoberzin"},"content":"                        deadlineInfo[1].trim());","lastModifiedDate":"2022-08-13"},{"lineNumber":108,"author":{"gitId":"domoberzin"},"content":"                this.storage.add(deadline);","lastModifiedDate":"2022-08-17"},{"lineNumber":109,"author":{"gitId":"domoberzin"},"content":"                System.out.printf(\"added %s\\n\", deadline);","lastModifiedDate":"2022-08-13"},{"lineNumber":110,"author":{"gitId":"domoberzin"},"content":"                break;","lastModifiedDate":"2022-08-17"},{"lineNumber":111,"author":{"gitId":"domoberzin"},"content":"            case \"event\":","lastModifiedDate":"2022-08-17"},{"lineNumber":112,"author":{"gitId":"domoberzin"},"content":"                if (input.length \u003c\u003d 1) {","lastModifiedDate":"2022-08-17"},{"lineNumber":113,"author":{"gitId":"domoberzin"},"content":"                    throw new DukeException(\"Description of an event \" +","lastModifiedDate":"2022-08-17"},{"lineNumber":114,"author":{"gitId":"domoberzin"},"content":"                            \"cannot be empty!\");","lastModifiedDate":"2022-08-17"},{"lineNumber":115,"author":{"gitId":"domoberzin"},"content":"                }","lastModifiedDate":"2022-08-17"},{"lineNumber":116,"author":{"gitId":"domoberzin"},"content":"                if (!input[1].contains(\"/at\") ||","lastModifiedDate":"2022-08-17"},{"lineNumber":117,"author":{"gitId":"domoberzin"},"content":"                        input[1].indexOf(\"/at\") \u003d\u003d input[1].length() - 3) {","lastModifiedDate":"2022-08-17"},{"lineNumber":118,"author":{"gitId":"domoberzin"},"content":"                    throw new DukeException(\"No date inserted for event\");","lastModifiedDate":"2022-08-17"},{"lineNumber":119,"author":{"gitId":"domoberzin"},"content":"","lastModifiedDate":"2022-08-17"},{"lineNumber":120,"author":{"gitId":"domoberzin"},"content":"                }","lastModifiedDate":"2022-08-13"},{"lineNumber":121,"author":{"gitId":"domoberzin"},"content":"                String[] eventInfo \u003d input[1].split(\"/at\", 2);","lastModifiedDate":"2022-08-17"},{"lineNumber":122,"author":{"gitId":"domoberzin"},"content":"                Event event \u003d new Event(eventInfo[0].trim(), eventInfo[1].trim());","lastModifiedDate":"2022-08-13"},{"lineNumber":123,"author":{"gitId":"domoberzin"},"content":"                this.storage.add(event);","lastModifiedDate":"2022-08-17"},{"lineNumber":124,"author":{"gitId":"domoberzin"},"content":"                System.out.printf(\"added %s\\n\", event);","lastModifiedDate":"2022-08-13"},{"lineNumber":125,"author":{"gitId":"domoberzin"},"content":"                break;","lastModifiedDate":"2022-08-17"},{"lineNumber":126,"author":{"gitId":"domoberzin"},"content":"            default:","lastModifiedDate":"2022-08-17"},{"lineNumber":127,"author":{"gitId":"domoberzin"},"content":"                throw new DukeException(\"Invalid task\");","lastModifiedDate":"2022-08-17"},{"lineNumber":128,"author":{"gitId":"domoberzin"},"content":"        }","lastModifiedDate":"2022-08-13"},{"lineNumber":129,"author":{"gitId":"domoberzin"},"content":"        System.out.printf(\"Now you have %d tasks in the list\\n\",","lastModifiedDate":"2022-08-13"},{"lineNumber":130,"author":{"gitId":"domoberzin"},"content":"                storage.size());","lastModifiedDate":"2022-08-17"},{"lineNumber":131,"author":{"gitId":"domoberzin"},"content":"    }","lastModifiedDate":"2022-08-13"},{"lineNumber":132,"author":{"gitId":"domoberzin"},"content":"","lastModifiedDate":"2022-08-13"},{"lineNumber":133,"author":{"gitId":"domoberzin"},"content":"","lastModifiedDate":"2022-08-13"},{"lineNumber":134,"author":{"gitId":"domoberzin"},"content":"    private void handleInput() {","lastModifiedDate":"2022-08-17"},{"lineNumber":135,"author":{"gitId":"domoberzin"},"content":"        Scanner in \u003d new Scanner(System.in);","lastModifiedDate":"2022-08-13"},{"lineNumber":136,"author":{"gitId":"domoberzin"},"content":"","lastModifiedDate":"2022-08-13"},{"lineNumber":137,"author":{"gitId":"domoberzin"},"content":"        while (in.hasNext()) {","lastModifiedDate":"2022-08-13"},{"lineNumber":138,"author":{"gitId":"domoberzin"},"content":"            String[] temp \u003d in.nextLine().split(\" \", 2);","lastModifiedDate":"2022-08-13"},{"lineNumber":139,"author":{"gitId":"domoberzin"},"content":"            String[] next \u003d new String[2];","lastModifiedDate":"2022-08-13"},{"lineNumber":140,"author":{"gitId":"domoberzin"},"content":"            for (int i \u003d 0; i \u003c temp.length; i++) {","lastModifiedDate":"2022-08-13"},{"lineNumber":141,"author":{"gitId":"domoberzin"},"content":"                next[i] \u003d temp[i].trim();","lastModifiedDate":"2022-08-13"},{"lineNumber":142,"author":{"gitId":"domoberzin"},"content":"            }","lastModifiedDate":"2022-08-13"},{"lineNumber":143,"author":{"gitId":"domoberzin"},"content":"","lastModifiedDate":"2022-08-13"},{"lineNumber":144,"author":{"gitId":"domoberzin"},"content":"            next[0] \u003d next[0].toLowerCase();","lastModifiedDate":"2022-08-17"},{"lineNumber":145,"author":{"gitId":"domoberzin"},"content":"            String command \u003d next[0];","lastModifiedDate":"2022-08-17"},{"lineNumber":146,"author":{"gitId":"domoberzin"},"content":"","lastModifiedDate":"2022-08-17"},{"lineNumber":147,"author":{"gitId":"domoberzin"},"content":"            try {","lastModifiedDate":"2022-08-17"},{"lineNumber":148,"author":{"gitId":"domoberzin"},"content":"","lastModifiedDate":"2022-08-17"},{"lineNumber":149,"author":{"gitId":"domoberzin"},"content":"                switch (command) {","lastModifiedDate":"2022-08-17"},{"lineNumber":150,"author":{"gitId":"domoberzin"},"content":"                    case \"bye\":","lastModifiedDate":"2022-08-17"},{"lineNumber":151,"author":{"gitId":"domoberzin"},"content":"                        System.out.println(\"Bye. Hope to see you again soon!\");","lastModifiedDate":"2022-08-17"},{"lineNumber":152,"author":{"gitId":"domoberzin"},"content":"                        return;","lastModifiedDate":"2022-08-17"},{"lineNumber":153,"author":{"gitId":"domoberzin"},"content":"                    case \"list\":","lastModifiedDate":"2022-08-17"},{"lineNumber":154,"author":{"gitId":"domoberzin"},"content":"                        this.list();","lastModifiedDate":"2022-08-17"},{"lineNumber":155,"author":{"gitId":"domoberzin"},"content":"                        break;","lastModifiedDate":"2022-08-17"},{"lineNumber":156,"author":{"gitId":"domoberzin"},"content":"                    case \"unmark\":","lastModifiedDate":"2022-08-17"},{"lineNumber":157,"author":{"gitId":"domoberzin"},"content":"                        this.unmark(next[1]);","lastModifiedDate":"2022-08-17"},{"lineNumber":158,"author":{"gitId":"domoberzin"},"content":"                        break;","lastModifiedDate":"2022-08-17"},{"lineNumber":159,"author":{"gitId":"domoberzin"},"content":"                    case \"mark\":","lastModifiedDate":"2022-08-17"},{"lineNumber":160,"author":{"gitId":"domoberzin"},"content":"                        this.mark(next[1]);","lastModifiedDate":"2022-08-17"},{"lineNumber":161,"author":{"gitId":"domoberzin"},"content":"                        break;","lastModifiedDate":"2022-08-17"},{"lineNumber":162,"author":{"gitId":"domoberzin"},"content":"                    case \"todo\":","lastModifiedDate":"2022-08-17"},{"lineNumber":163,"author":{"gitId":"domoberzin"},"content":"                    case \"deadline\":","lastModifiedDate":"2022-08-17"},{"lineNumber":164,"author":{"gitId":"domoberzin"},"content":"                    case \"event\":","lastModifiedDate":"2022-08-17"},{"lineNumber":165,"author":{"gitId":"domoberzin"},"content":"                        this.addTask(next);","lastModifiedDate":"2022-08-17"},{"lineNumber":166,"author":{"gitId":"domoberzin"},"content":"                        break;","lastModifiedDate":"2022-08-17"},{"lineNumber":167,"author":{"gitId":"domoberzin"},"content":"                    case \"delete\":","lastModifiedDate":"2022-08-17"},{"lineNumber":168,"author":{"gitId":"domoberzin"},"content":"                        this.delete(next[1]);","lastModifiedDate":"2022-08-17"},{"lineNumber":169,"author":{"gitId":"domoberzin"},"content":"                        break;","lastModifiedDate":"2022-08-17"},{"lineNumber":170,"author":{"gitId":"domoberzin"},"content":"                    default:","lastModifiedDate":"2022-08-17"},{"lineNumber":171,"author":{"gitId":"domoberzin"},"content":"                        throw new DukeException(\"Invalid command\");","lastModifiedDate":"2022-08-17"},{"lineNumber":172,"author":{"gitId":"domoberzin"},"content":"                }","lastModifiedDate":"2022-08-17"},{"lineNumber":173,"author":{"gitId":"domoberzin"},"content":"            } catch (DukeException e) {","lastModifiedDate":"2022-08-17"},{"lineNumber":174,"author":{"gitId":"domoberzin"},"content":"                System.out.println(e.getMessage());","lastModifiedDate":"2022-08-17"},{"lineNumber":175,"author":{"gitId":"domoberzin"},"content":"            }","lastModifiedDate":"2022-08-13"},{"lineNumber":176,"author":{"gitId":"domoberzin"},"content":"        }","lastModifiedDate":"2022-08-13"},{"lineNumber":177,"author":{"gitId":"-"},"content":"    }","lastModifiedDate":"2019-07-29"},{"lineNumber":178,"author":{"gitId":"domoberzin"},"content":"","lastModifiedDate":"2022-08-17"},{"lineNumber":179,"author":{"gitId":"-"},"content":"    public static void main(String[] args) {","lastModifiedDate":"2022-08-17"},{"lineNumber":180,"author":{"gitId":"-"},"content":"        String logo \u003d \" ____        _        \\n\"","lastModifiedDate":"2022-08-17"},{"lineNumber":181,"author":{"gitId":"-"},"content":"                + \"|  _ \\\\ _   _| | _____ \\n\"","lastModifiedDate":"2022-08-17"},{"lineNumber":182,"author":{"gitId":"-"},"content":"                + \"| | | | | | | |/ / _ \\\\\\n\"","lastModifiedDate":"2022-08-17"},{"lineNumber":183,"author":{"gitId":"-"},"content":"                + \"| |_| | |_| |   \u003c  __/\\n\"","lastModifiedDate":"2022-08-17"},{"lineNumber":184,"author":{"gitId":"-"},"content":"                + \"|____/ \\\\__,_|_|\\\\_\\\\___|\\n\";","lastModifiedDate":"2022-08-17"},{"lineNumber":185,"author":{"gitId":"-"},"content":"        System.out.println(\"Hello from\\n\" + logo);","lastModifiedDate":"2022-08-17"},{"lineNumber":186,"author":{"gitId":"domoberzin"},"content":"        System.out.println(\"What can I do for you?\");","lastModifiedDate":"2022-08-17"},{"lineNumber":187,"author":{"gitId":"domoberzin"},"content":"        Duke chatBotInstance \u003d new Duke();","lastModifiedDate":"2022-08-17"},{"lineNumber":188,"author":{"gitId":"domoberzin"},"content":"        chatBotInstance.handleInput();","lastModifiedDate":"2022-08-17"},{"lineNumber":189,"author":{"gitId":"-"},"content":"    }","lastModifiedDate":"2022-08-17"},{"lineNumber":190,"author":{"gitId":"-"},"content":"}","lastModifiedDate":"2019-07-29"}],"authorContributionMap":{"domoberzin":179,"-":11}},{"path":"src/main/java/DukeException.java","fileType":"java","lines":[{"lineNumber":1,"author":{"gitId":"domoberzin"},"content":"public class DukeException extends Exception {","lastModifiedDate":"2022-08-17"},{"lineNumber":2,"author":{"gitId":"domoberzin"},"content":"","lastModifiedDate":"2022-08-17"},{"lineNumber":3,"author":{"gitId":"domoberzin"},"content":"    public DukeException(String message) {","lastModifiedDate":"2022-08-17"},{"lineNumber":4,"author":{"gitId":"domoberzin"},"content":"        super(message);","lastModifiedDate":"2022-08-17"},{"lineNumber":5,"author":{"gitId":"domoberzin"},"content":"    }","lastModifiedDate":"2022-08-17"},{"lineNumber":6,"author":{"gitId":"domoberzin"},"content":"","lastModifiedDate":"2022-08-17"},{"lineNumber":7,"author":{"gitId":"domoberzin"},"content":"    @Override","lastModifiedDate":"2022-08-17"},{"lineNumber":8,"author":{"gitId":"domoberzin"},"content":"    public String getMessage() {","lastModifiedDate":"2022-08-17"},{"lineNumber":9,"author":{"gitId":"domoberzin"},"content":"        return super.getMessage();","lastModifiedDate":"2022-08-17"},{"lineNumber":10,"author":{"gitId":"domoberzin"},"content":"    }","lastModifiedDate":"2022-08-17"},{"lineNumber":11,"author":{"gitId":"domoberzin"},"content":"","lastModifiedDate":"2022-08-17"},{"lineNumber":12,"author":{"gitId":"domoberzin"},"content":"}","lastModifiedDate":"2022-08-17"}],"authorContributionMap":{"domoberzin":12}},{"path":"src/main/java/Event.java","fileType":"java","lines":[{"lineNumber":1,"author":{"gitId":"domoberzin"},"content":"public class Event extends Task {","lastModifiedDate":"2022-08-13"},{"lineNumber":2,"author":{"gitId":"domoberzin"},"content":"","lastModifiedDate":"2022-08-13"},{"lineNumber":3,"author":{"gitId":"domoberzin"},"content":"    protected String at;","lastModifiedDate":"2022-08-13"},{"lineNumber":4,"author":{"gitId":"domoberzin"},"content":"","lastModifiedDate":"2022-08-13"},{"lineNumber":5,"author":{"gitId":"domoberzin"},"content":"    public Event(String description, String at) {","lastModifiedDate":"2022-08-13"},{"lineNumber":6,"author":{"gitId":"domoberzin"},"content":"        super(description);","lastModifiedDate":"2022-08-13"},{"lineNumber":7,"author":{"gitId":"domoberzin"},"content":"        this.at \u003d at;","lastModifiedDate":"2022-08-13"},{"lineNumber":8,"author":{"gitId":"domoberzin"},"content":"    }","lastModifiedDate":"2022-08-13"},{"lineNumber":9,"author":{"gitId":"domoberzin"},"content":"","lastModifiedDate":"2022-08-13"},{"lineNumber":10,"author":{"gitId":"domoberzin"},"content":"    @Override","lastModifiedDate":"2022-08-13"},{"lineNumber":11,"author":{"gitId":"domoberzin"},"content":"    public String toString() {","lastModifiedDate":"2022-08-13"},{"lineNumber":12,"author":{"gitId":"domoberzin"},"content":"        return \"[E]\" + super.toString() + \" (at: \" + at + \")\";","lastModifiedDate":"2022-08-13"},{"lineNumber":13,"author":{"gitId":"domoberzin"},"content":"    }","lastModifiedDate":"2022-08-13"},{"lineNumber":14,"author":{"gitId":"domoberzin"},"content":"}","lastModifiedDate":"2022-08-13"}],"authorContributionMap":{"domoberzin":14}},{"path":"src/main/java/Task.java","fileType":"java","lines":[{"lineNumber":1,"author":{"gitId":"domoberzin"},"content":"public class Task {","lastModifiedDate":"2022-08-13"},{"lineNumber":2,"author":{"gitId":"domoberzin"},"content":"    protected String description;","lastModifiedDate":"2022-08-13"},{"lineNumber":3,"author":{"gitId":"domoberzin"},"content":"    protected boolean isDone;","lastModifiedDate":"2022-08-13"},{"lineNumber":4,"author":{"gitId":"domoberzin"},"content":"","lastModifiedDate":"2022-08-13"},{"lineNumber":5,"author":{"gitId":"domoberzin"},"content":"    public Task(String description) {","lastModifiedDate":"2022-08-13"},{"lineNumber":6,"author":{"gitId":"domoberzin"},"content":"        this.description \u003d description;","lastModifiedDate":"2022-08-13"},{"lineNumber":7,"author":{"gitId":"domoberzin"},"content":"        this.isDone \u003d false;","lastModifiedDate":"2022-08-13"},{"lineNumber":8,"author":{"gitId":"domoberzin"},"content":"    }","lastModifiedDate":"2022-08-13"},{"lineNumber":9,"author":{"gitId":"domoberzin"},"content":"","lastModifiedDate":"2022-08-13"},{"lineNumber":10,"author":{"gitId":"domoberzin"},"content":"    public void markAsDone() {","lastModifiedDate":"2022-08-13"},{"lineNumber":11,"author":{"gitId":"domoberzin"},"content":"        if (this.isDone) {","lastModifiedDate":"2022-08-13"},{"lineNumber":12,"author":{"gitId":"domoberzin"},"content":"            System.out.println(\"Task already marked as done\\n\" + this);","lastModifiedDate":"2022-08-13"},{"lineNumber":13,"author":{"gitId":"domoberzin"},"content":"        } else {","lastModifiedDate":"2022-08-13"},{"lineNumber":14,"author":{"gitId":"domoberzin"},"content":"            this.isDone \u003d true;","lastModifiedDate":"2022-08-13"},{"lineNumber":15,"author":{"gitId":"domoberzin"},"content":"            System.out.println(\"Nice! I\u0027ve marked this task as done\\n\" +","lastModifiedDate":"2022-08-13"},{"lineNumber":16,"author":{"gitId":"domoberzin"},"content":"                    this);","lastModifiedDate":"2022-08-13"},{"lineNumber":17,"author":{"gitId":"domoberzin"},"content":"        }","lastModifiedDate":"2022-08-13"},{"lineNumber":18,"author":{"gitId":"domoberzin"},"content":"    }","lastModifiedDate":"2022-08-13"},{"lineNumber":19,"author":{"gitId":"domoberzin"},"content":"","lastModifiedDate":"2022-08-13"},{"lineNumber":20,"author":{"gitId":"domoberzin"},"content":"    public void markAsNotDone() {","lastModifiedDate":"2022-08-13"},{"lineNumber":21,"author":{"gitId":"domoberzin"},"content":"        if (!this.isDone) {","lastModifiedDate":"2022-08-13"},{"lineNumber":22,"author":{"gitId":"domoberzin"},"content":"            System.out.println(\"Task already marked as not done\\n\" + this);","lastModifiedDate":"2022-08-13"},{"lineNumber":23,"author":{"gitId":"domoberzin"},"content":"        } else {","lastModifiedDate":"2022-08-13"},{"lineNumber":24,"author":{"gitId":"domoberzin"},"content":"            this.isDone \u003d false;","lastModifiedDate":"2022-08-13"},{"lineNumber":25,"author":{"gitId":"domoberzin"},"content":"            System.out.println(\"Ok! I\u0027ve unmarked this task\\n\" + this);","lastModifiedDate":"2022-08-13"},{"lineNumber":26,"author":{"gitId":"domoberzin"},"content":"        }","lastModifiedDate":"2022-08-13"},{"lineNumber":27,"author":{"gitId":"domoberzin"},"content":"    }","lastModifiedDate":"2022-08-13"},{"lineNumber":28,"author":{"gitId":"domoberzin"},"content":"","lastModifiedDate":"2022-08-13"},{"lineNumber":29,"author":{"gitId":"domoberzin"},"content":"    public String getStatusIcon() {","lastModifiedDate":"2022-08-13"},{"lineNumber":30,"author":{"gitId":"domoberzin"},"content":"        return (isDone ? \"X\" : \" \");","lastModifiedDate":"2022-08-13"},{"lineNumber":31,"author":{"gitId":"domoberzin"},"content":"    }","lastModifiedDate":"2022-08-13"},{"lineNumber":32,"author":{"gitId":"domoberzin"},"content":"","lastModifiedDate":"2022-08-13"},{"lineNumber":33,"author":{"gitId":"domoberzin"},"content":"    @Override","lastModifiedDate":"2022-08-13"},{"lineNumber":34,"author":{"gitId":"domoberzin"},"content":"    public String toString() {","lastModifiedDate":"2022-08-13"},{"lineNumber":35,"author":{"gitId":"domoberzin"},"content":"        return \"[\" + getStatusIcon() + \"] \" + description;","lastModifiedDate":"2022-08-13"},{"lineNumber":36,"author":{"gitId":"domoberzin"},"content":"    }","lastModifiedDate":"2022-08-13"},{"lineNumber":37,"author":{"gitId":"domoberzin"},"content":"}","lastModifiedDate":"2022-08-13"}],"authorContributionMap":{"domoberzin":37}},{"path":"src/main/java/Todo.java","fileType":"java","lines":[{"lineNumber":1,"author":{"gitId":"domoberzin"},"content":"public class Todo extends Task {","lastModifiedDate":"2022-08-13"},{"lineNumber":2,"author":{"gitId":"domoberzin"},"content":"","lastModifiedDate":"2022-08-13"},{"lineNumber":3,"author":{"gitId":"domoberzin"},"content":"    public Todo(String description) {","lastModifiedDate":"2022-08-13"},{"lineNumber":4,"author":{"gitId":"domoberzin"},"content":"        super(description);","lastModifiedDate":"2022-08-13"},{"lineNumber":5,"author":{"gitId":"domoberzin"},"content":"    }","lastModifiedDate":"2022-08-13"},{"lineNumber":6,"author":{"gitId":"domoberzin"},"content":"","lastModifiedDate":"2022-08-13"},{"lineNumber":7,"author":{"gitId":"domoberzin"},"content":"    @Override","lastModifiedDate":"2022-08-13"},{"lineNumber":8,"author":{"gitId":"domoberzin"},"content":"    public String toString() {","lastModifiedDate":"2022-08-13"},{"lineNumber":9,"author":{"gitId":"domoberzin"},"content":"        return \"[T]\" + super.toString();","lastModifiedDate":"2022-08-13"},{"lineNumber":10,"author":{"gitId":"domoberzin"},"content":"    }","lastModifiedDate":"2022-08-13"},{"lineNumber":11,"author":{"gitId":"domoberzin"},"content":"}","lastModifiedDate":"2022-08-13"}],"authorContributionMap":{"domoberzin":11}},{"path":"text-ui-test/input.txt","fileType":"txt","lines":[{"lineNumber":1,"author":{"gitId":"domoberzin"},"content":"list","lastModifiedDate":"2022-08-13"},{"lineNumber":2,"author":{"gitId":"domoberzin"},"content":"todo borrow book","lastModifiedDate":"2022-08-13"},{"lineNumber":3,"author":{"gitId":"domoberzin"},"content":"todo read book","lastModifiedDate":"2022-08-13"},{"lineNumber":4,"author":{"gitId":"domoberzin"},"content":"buy bread","lastModifiedDate":"2022-08-13"},{"lineNumber":5,"author":{"gitId":"domoberzin"},"content":"deadline return book /by Sunday","lastModifiedDate":"2022-08-13"},{"lineNumber":6,"author":{"gitId":"domoberzin"},"content":"event project meeting /at Mon 2-4pm","lastModifiedDate":"2022-08-13"},{"lineNumber":7,"author":{"gitId":"domoberzin"},"content":"mark 1","lastModifiedDate":"2022-08-13"},{"lineNumber":8,"author":{"gitId":"domoberzin"},"content":"mark 1","lastModifiedDate":"2022-08-13"},{"lineNumber":9,"author":{"gitId":"domoberzin"},"content":"unmark 1","lastModifiedDate":"2022-08-13"},{"lineNumber":10,"author":{"gitId":"domoberzin"},"content":"unmark 2","lastModifiedDate":"2022-08-13"},{"lineNumber":11,"author":{"gitId":"domoberzin"},"content":"list","lastModifiedDate":"2022-08-13"},{"lineNumber":12,"author":{"gitId":"domoberzin"},"content":"mark 5","lastModifiedDate":"2022-08-17"},{"lineNumber":13,"author":{"gitId":"domoberzin"},"content":"mark 10","lastModifiedDate":"2022-08-17"},{"lineNumber":14,"author":{"gitId":"domoberzin"},"content":"unmark 25","lastModifiedDate":"2022-08-17"},{"lineNumber":15,"author":{"gitId":"domoberzin"},"content":"mark","lastModifiedDate":"2022-08-17"},{"lineNumber":16,"author":{"gitId":"domoberzin"},"content":"unmark","lastModifiedDate":"2022-08-17"},{"lineNumber":17,"author":{"gitId":"domoberzin"},"content":"delete","lastModifiedDate":"2022-08-17"},{"lineNumber":18,"author":{"gitId":"domoberzin"},"content":"TODO cycle","lastModifiedDate":"2022-08-17"},{"lineNumber":19,"author":{"gitId":"domoberzin"},"content":"DEADLINE math assignment /by 10pm","lastModifiedDate":"2022-08-17"},{"lineNumber":20,"author":{"gitId":"domoberzin"},"content":"EVENT concert /at 10 December 9pm","lastModifiedDate":"2022-08-17"},{"lineNumber":21,"author":{"gitId":"domoberzin"},"content":"bye","lastModifiedDate":"2022-08-17"}],"authorContributionMap":{"domoberzin":21}}]
