{"authorDailyContributionsMap":{"domoberzin":[{"date":"2022-08-13","commitResults":[{"hash":"9a7ab76a6adc4ac6cf171b88635ea1426b1d9809","messageTitle":"Duke Level 1. Greet, Echo, Exit","messageBody":"","tags":["Level-1"],"fileTypesAndContributionMap":{"java":{"insertions":15,"deletions":0}}},{"hash":"2ba96f9a5e554de8847c821af84a1feb142b3002","messageTitle":"Duke Level 2. Add, List","messageBody":"","tags":["Level-2"],"fileTypesAndContributionMap":{"java":{"insertions":17,"deletions":4}}},{"hash":"5f3b3101c01968429d97d24b510c5d17054edb90","messageTitle":"Duke Level 3. Mark as Done","messageBody":"","tags":["Level-3"],"fileTypesAndContributionMap":{"java":{"insertions":75,"deletions":3}}},{"hash":"638efec435f4bf33ebbf51c927c33c4e3d837a46","messageTitle":"Duke Level 4. ToDos, Events, Deadlines","messageBody":"","tags":["Level-4"],"fileTypesAndContributionMap":{"java":{"insertions":99,"deletions":42}}},{"hash":"cb0bbab3ad9f864cd8f6015d4ac201bc23cb3bcb","messageTitle":"Duke A-TextUiTesting","messageBody":"","tags":["A-TextUiTesting"],"fileTypesAndContributionMap":{"txt":{"insertions":11,"deletions":0},"java":{"insertions":6,"deletions":3}}},{"hash":"990a78d958342186fe9aff546e8c45e69f14824a","messageTitle":"Duke Level 5. Handle Errors","messageBody":"","fileTypesAndContributionMap":{"java":{"insertions":114,"deletions":63}}},{"hash":"b03c5d1bb50dd26721832536ce45133af66cbf9f","messageTitle":"Duke Level 5. Handle Errors","messageBody":"","tags":["Level-5"],"fileTypesAndContributionMap":{"java":{"insertions":2,"deletions":2}}},{"hash":"aa5e2a454568539f0a13691c7fd73ae8bd44ab19","messageTitle":"Duke Level 6. Delete","messageBody":"","tags":["Level-6"],"fileTypesAndContributionMap":{"txt":{"insertions":3,"deletions":1},"java":{"insertions":22,"deletions":0}}}]},{"date":"2022-08-17","commitResults":[{"hash":"e0fab610712686911edbca13672c5d6396f43e69","messageTitle":"Touch-up, completed Level 5 properly by adding exception class Handled various error cases Added relevant test cases","messageBody":"","tags":["Level-6-Edited"],"fileTypesAndContributionMap":{"txt":{"insertions":6,"deletions":2},"java":{"insertions":108,"deletions":84}}},{"hash":"bcb3b2687dcb1894cc251dd507df8332d1d78b95","messageTitle":"Modified handling of uppercase input Converted some if-elses to switch for readability","messageBody":"","fileTypesAndContributionMap":{"txt":{"insertions":5,"deletions":1},"java":{"insertions":92,"deletions":82}}}]},{"date":"2022-08-18","commitResults":[{"hash":"24df4e676baed1b9dfae62f6697e216293d177d9","messageTitle":"Duke Level-7: Save","messageBody":"","tags":["Level-7"],"fileTypesAndContributionMap":{"java":{"insertions":102,"deletions":1},"bat":{"insertions":1,"deletions":0}}},{"hash":"8b0cefdec072e3ec6c15371bf404508ec7d6030f","messageTitle":"Duke Level 8: Dates and Times","messageBody":"","tags":["Level-8"],"fileTypesAndContributionMap":{"java":{"insertions":68,"deletions":48}}}]},{"date":"2022-08-21","commitResults":[{"hash":"4e40dc30d55367d25455f4982b03cde56bffe12b","messageTitle":"Update welcome message","messageBody":"","fileTypesAndContributionMap":{"java":{"insertions":13,"deletions":7}}}]},{"date":"2022-08-24","commitResults":[{"hash":"850239ddeb256b596d89bd0a3ac1fd9b1565308d","messageTitle":"Fix test cases with new date format","messageBody":"","fileTypesAndContributionMap":{"txt":{"insertions":4,"deletions":4}}},{"hash":"9247d7e230c459c6c4e6f533127dba3ba29c6f5a","messageTitle":"Refactor code and sort into packages","messageBody":"","tags":["A-Packages","A-MoreOOP"],"fileTypesAndContributionMap":{"java":{"insertions":395,"deletions":270}}},{"hash":"4045817a3880071df5290ea5bb698f56ff20b1d1","messageTitle":"Configure gradle","messageBody":"","tags":["A-Gradle"],"fileTypesAndContributionMap":{"gradle":{"insertions":2,"deletions":1}}},{"hash":"bbee2ea259e2be4a9bb8e27fbd8354c89ab8ad95","messageTitle":"Add tests for Parser and TaskList","messageBody":"","tags":["A-JUnit"],"fileTypesAndContributionMap":{"gradle":{"insertions":1,"deletions":1},"txt":{"insertions":3,"deletions":0},"java":{"insertions":141,"deletions":90}}},{"hash":"b337cca6954e59accb56a201a4e0f3daaaba0bdf","messageTitle":"Add tests for TaskList","messageBody":"","fileTypesAndContributionMap":{"java":{"insertions":84,"deletions":0}}},{"hash":"3f8746614023809ccc13554beac0a6dd9185e4e1","messageTitle":"Fix read input loop","messageBody":"","tags":["v0.1","A-Jar"],"fileTypesAndContributionMap":{"java":{"insertions":13,"deletions":7}}},{"hash":"36c848d62c62e82f549bfa7a3e9a686ad6f915c7","messageTitle":"Add JavaDocs for various classes and methods","messageBody":"","tags":["A-JavaDoc"],"fileTypesAndContributionMap":{"java":{"insertions":209,"deletions":8}}},{"hash":"9ceec58c117e125a896927507215a9150d394170","messageTitle":"Refactor according to coding standard","messageBody":"","tags":["A-CodingStandard"],"fileTypesAndContributionMap":{"java":{"insertions":44,"deletions":39}}},{"hash":"b6367e8a38c52531022e5be9d8b308070beecbb8","messageTitle":"Create find method","messageBody":"","tags":["Level-9"],"fileTypesAndContributionMap":{"java":{"insertions":23,"deletions":0}}},{"hash":"8a95a2e078dd4ee48010f50f9a4186e0a7fe1702","messageTitle":"Refactor switch statement according to coding standard","messageBody":"","fileTypesAndContributionMap":{"java":{"insertions":22,"deletions":22}}}]},{"date":"2022-08-31","commitResults":[{"hash":"282570eccb233368f21d99f83db1a67f3a39b755","messageTitle":"Fix find bug for level 9","messageBody":"","fileTypesAndContributionMap":{"java":{"insertions":2,"deletions":0}}},{"hash":"e4ab60044fda63d2e220029bc92deb0298065025","messageTitle":"Fix empty task description bug","messageBody":"","fileTypesAndContributionMap":{"java":{"insertions":4,"deletions":12}}},{"hash":"dba5329f222e1d678a5ab3cfb2e4b33f4d3cad7e","messageTitle":"Fix error regarding date and time formatting","messageBody":"","fileTypesAndContributionMap":{"java":{"insertions":2,"deletions":1}}},{"hash":"a7f6f71c393b3a99bdc62261046136c4bbfef77f","messageTitle":"Correct checkstyle errors","messageBody":"","tags":["A-Checkstyle"],"fileTypesAndContributionMap":{"gradle":{"insertions":4,"deletions":0},"java":{"insertions":127,"deletions":126}}},{"hash":"91243cc8c8f034e3a04b3013f2fdb2df920e9733","messageTitle":"Fix further bugs with empty input","messageBody":"","fileTypesAndContributionMap":{"java":{"insertions":6,"deletions":2}}},{"hash":"01213ff65b92dbe55c52dde1f7707fabc771c552","messageTitle":"Build GUI for Duke","messageBody":"","tags":["Level-10"],"fileTypesAndContributionMap":{"gradle":{"insertions":15,"deletions":0},"fxml":{"insertions":35,"deletions":0},"java":{"insertions":275,"deletions":7}}},{"hash":"333fbdb4f9361e17ba6c4dd4eb1535253e6fc80d","messageTitle":"Fix more checkstyle errors","messageBody":"","fileTypesAndContributionMap":{"java":{"insertions":41,"deletions":37}}}]},{"date":"2022-09-07","commitResults":[{"hash":"adde9f44ec5945cc24b13a2026a55071e0aa951f","messageTitle":"GUI feature: make dialog boxes be able to show the full list for long lists","messageBody":"GUI only showed truncated input when the task list was long.\n\nModified the Label height in order to accommodate longer text.\n\nModifying JavaFX label properties is preferable to getting the user to\nmaximise the application window or to leave the message truncated.\n\nUtilised this Stack Overflow discussion to make modifications:\nhttps://stackoverflow.com/questions/35114338/how-do-i-make-my-vbox-\nand-label-resize-according-to-texts-in-label-in-javafx\n","tags":["A-FullCommitMessage"],"fileTypesAndContributionMap":{"fxml":{"insertions":4,"deletions":2}}}]},{"date":"2022-09-08","commitResults":[{"hash":"09e5bdb31969a230e4be6cd5bfb2ff37e6eb5432","messageTitle":"Refactor code according to coding quality guidelines","messageBody":"Several instances of violations (arrow-head, deep nesting, long methods, weak SLAP).\n\nChange code and create new functions to better apply the SLAP principle, and to reduce long methods and nesting.\n\nAlterations were done in line with coding quality guidelines, and abstraction principles.\n","tags":["A-CodeQuality"],"fileTypesAndContributionMap":{"java":{"insertions":238,"deletions":209}}}]}]},"authorFileTypeContributionMap":{"domoberzin":{"java":1203,"md":0,"fxml":37,"sh":0,"bat":1,"gradle":21,"txt":24}},"authorContributionVariance":{"domoberzin":91101.17},"authorDisplayNameMap":{"domoberzin":"CS2103T-W10-4 DOMI.. GIN"}}
