{"authorDailyContributionsMap":{"seanmanik":[{"date":"2022-08-18","commitResults":[{"hash":"8a4241894e6f5e058bcd1150766277953adada9d","messageTitle":"Level-2 completed.","messageBody":"","tags":["Level-1"],"fileTypesAndContributionMap":{"java":{"insertions":13,"deletions":7}}},{"hash":"9208e7f3c3dae5fef20b7a14fa490e2d156502ee","messageTitle":"Revert \"Level-2 completed.\"","messageBody":"This reverts commit 8a4241894e6f5e058bcd1150766277953adada9d.\n","fileTypesAndContributionMap":{"java":{"insertions":7,"deletions":13}}},{"hash":"4a4634f04df4aebc1f190447815b19aee6035ec9","messageTitle":"Added Level-1 code.","messageBody":"","fileTypesAndContributionMap":{"java":{"insertions":12,"deletions":6}}},{"hash":"51d172984b9d20da12bf5346305a29b3526f4c2e","messageTitle":"Bot is now able to record responses in a list, and return them when requested. Level-2 added.","messageBody":"","fileTypesAndContributionMap":{"java":{"insertions":9,"deletions":1}}},{"hash":"ef02fcdfcd70e2f7c25370bc5916ba4f06216d0e","messageTitle":"Mark and unmark functions added. Level-3 done.","messageBody":"","tags":["Level-3"],"fileTypesAndContributionMap":{"java":{"insertions":17,"deletions":1}}},{"hash":"8562305a61225712c8f95d320c725bcaef4ef87f","messageTitle":"Todo, Deadline, and Event has been added. Level-4 completed.","messageBody":"","tags":["Level-4","A-TextUiTesting"],"fileTypesAndContributionMap":{"java":{"insertions":79,"deletions":15}}},{"hash":"2aa0e062eb1f287bbe0d02bbde44c60da0b58043","messageTitle":"Saved test files.","messageBody":"","fileTypesAndContributionMap":{"txt":{"insertions":7,"deletions":0},"java":{"insertions":3,"deletions":2}}},{"hash":"b9794c06b1e8c0e5d71d4c7f0dcb9e5028e1d236","messageTitle":"Error handling added. Level-5 completed.","messageBody":"","tags":["Level-5"],"fileTypesAndContributionMap":{"java":{"insertions":30,"deletions":6}}},{"hash":"11ebfcda50e4949533fa67ab795e9fbaa5237775","messageTitle":"Deletion function added. Level-6 completed.","messageBody":"","tags":["Level-6"],"fileTypesAndContributionMap":{"txt":{"insertions":1,"deletions":0},"java":{"insertions":9,"deletions":0}}},{"hash":"4455b0d461be09389cc9764aca350dfb2f26c910","messageTitle":"Error handling updated to be handled with message shown to user.","messageBody":"","fileTypesAndContributionMap":{"java":{"insertions":66,"deletions":55}}}]},{"date":"2022-08-21","commitResults":[{"hash":"6ceae3beacbe549e0c361ac91dfe7c99845a5b6f","messageTitle":"Change greet function.","messageBody":"","fileTypesAndContributionMap":{"java":{"insertions":5,"deletions":1}}}]},{"date":"2022-08-22","commitResults":[{"hash":"bf633ff92923c4f86266d52f999d28f2cd59d3bc","messageTitle":"Add saving and file read functions. Level-7 completed.","messageBody":"","tags":["Level-7"],"fileTypesAndContributionMap":{"txt":{"insertions":4,"deletions":0},"java":{"insertions":72,"deletions":0}}},{"hash":"9f959083b06732acdcede5fab3b4b595dda52339","messageTitle":"Add date formatter. Level-8 completed.","messageBody":"","tags":["Level-8"],"fileTypesAndContributionMap":{"java":{"insertions":14,"deletions":3}}}]}]},"authorFileTypeContributionMap":{"seanmanik":{"java":233,"md":0,"fxml":0,"sh":0,"bat":0,"gradle":0,"txt":12}},"authorContributionVariance":{"seanmanik":10772.414},"authorDisplayNameMap":{"seanmanik":"CS2103T-W17-1 SEAN..ANIK"}}
