{"authorDailyContributionsMap":{"songivan00":[{"date":"2022-08-17","commitResults":[{"hash":"fcd2f43f1771332c545ff288048846c8df6a6ba8","messageTitle":"Level-1","messageBody":"","tags":["Level-1"],"fileTypesAndContributionMap":{"java":{"insertions":17,"deletions":1}}},{"hash":"a0482603b30e8c2cd8106b8f3b4c9cc6c30346a1","messageTitle":"Level-2","messageBody":"","tags":["Level-2"],"fileTypesAndContributionMap":{"java":{"insertions":10,"deletions":1}}},{"hash":"8b9bff062ba894a96824143212a880094b83ea96","messageTitle":"Level-3","messageBody":"","tags":["Level-3"],"fileTypesAndContributionMap":{"java":{"insertions":46,"deletions":12}}},{"hash":"07d56488109df3f6abd5ec2845125e0b674b2e87","messageTitle":"Level-4","messageBody":"","tags":["Level-4"],"fileTypesAndContributionMap":{"java":{"insertions":80,"deletions":23}}}]},{"date":"2022-08-18","commitResults":[{"hash":"7154051edf2d7471b83a8b8a1d1b5be089fb08e9","messageTitle":"A-TextUiTesting","messageBody":"","tags":["A-TextUiTesting"],"fileTypesAndContributionMap":{"txt":{"insertions":1,"deletions":0},"sh":{"insertions":0,"deletions":0}}},{"hash":"e8f1633ce9bde885e60e626d891597b2e71c23a8","messageTitle":"Level-5","messageBody":"","tags":["Level-5"],"fileTypesAndContributionMap":{"txt":{"insertions":14,"deletions":1},"java":{"insertions":2,"deletions":0}}},{"hash":"c69924a79a74a2f9feb9d30af625f7a39c6e268f","messageTitle":"Level-6","messageBody":"","fileTypesAndContributionMap":{"txt":{"insertions":5,"deletions":0},"java":{"insertions":131,"deletions":50}}},{"hash":"cbb3f55dab2f918b183a80fbdf8b01479cda9ba9","messageTitle":"Adding documentation","messageBody":"","tags":["Level-6"],"fileTypesAndContributionMap":{"java":{"insertions":101,"deletions":3}}}]},{"date":"2022-08-25","commitResults":[{"hash":"e265191932a11ef9eec3e8a5876b6c59ed2ce1f2","messageTitle":"Level-7","messageBody":"","tags":["level-7"],"fileTypesAndContributionMap":{"txt":{"insertions":0,"deletions":0},"java":{"insertions":127,"deletions":37}}},{"hash":"2485022e139ef150abc684483263e8a633c29565","messageTitle":"Level-8","messageBody":"","tags":["Level-8","Leve-8"],"fileTypesAndContributionMap":{"java":{"insertions":20,"deletions":7}}}]},{"date":"2022-08-26","commitResults":[{"hash":"aa6d707ff12a5c64d2de7fe18c684dd5e5eda1c1","messageTitle":"More OOP","messageBody":"","tags":["A-MoreOOP"],"fileTypesAndContributionMap":{"txt":{"insertions":2,"deletions":3},"java":{"insertions":340,"deletions":244}}},{"hash":"a34c9d63bd9849b1eed455f5a9e5573d58bfc82f","messageTitle":"Adding classes to Duke package","messageBody":"","tags":["A-Packages"],"fileTypesAndContributionMap":{"java":{"insertions":18,"deletions":7}}},{"hash":"42a2acee924b494b4189d9d150385a76aabb482d","messageTitle":"Added documentation and gradle","messageBody":"","tags":["A-Gradle"],"fileTypesAndContributionMap":{"java":{"insertions":159,"deletions":16}}}]},{"date":"2022-08-27","commitResults":[{"hash":"76058a3ee743c61a35e769bbb1c26dcb91e147d5","messageTitle":"Add JUnit testing","messageBody":"","tags":["A-Jar","A-JUnit"],"fileTypesAndContributionMap":{"java":{"insertions":40,"deletions":0}}},{"hash":"55ba333c3486d924a0e240ffaa396ec5a7c2c20f","messageTitle":"Finishing JavaDocs","messageBody":"","tags":["A-JavaDoc"],"fileTypesAndContributionMap":{"java":{"insertions":39,"deletions":1}}},{"hash":"4a0594d730dd53919d89c23ded70009d508922db","messageTitle":"Fix coding style","messageBody":"","tags":["A-CodingStandard"],"fileTypesAndContributionMap":{"java":{"insertions":1,"deletions":1}}},{"hash":"fdefb9fd65b4d1b9ffd629613b3f18ad33d3c9b0","messageTitle":"Adding find feature","messageBody":"","tags":["Level-9"],"fileTypesAndContributionMap":{"txt":{"insertions":3,"deletions":1},"java":{"insertions":47,"deletions":0}}}]},{"date":"2022-09-04","commitResults":[{"hash":"7c7dc213bcff417754f59663e696869cf11ff725","messageTitle":"GUI for Duke","messageBody":"","tags":["Level-10"],"fileTypesAndContributionMap":{"gradle":{"insertions":17,"deletions":2},"txt":{"insertions":2,"deletions":3},"fxml":{"insertions":35,"deletions":0},"java":{"insertions":268,"deletions":102}}}]},{"date":"2022-09-08","commitResults":[{"hash":"e099964e98f24b24c6ce878b449ede0a87bf081f","messageTitle":"Fixed OOP and coding style","messageBody":"","fileTypesAndContributionMap":{"txt":{"insertions":3,"deletions":2},"java":{"insertions":164,"deletions":113}}}]}]},"authorFileTypeContributionMap":{"songivan00":{"java":1003,"md":0,"fxml":35,"sh":0,"bat":0,"gradle":17,"txt":22}},"authorContributionVariance":{"songivan00":31380.7},"authorDisplayNameMap":{"songivan00":"CS2103T-T14-2 SONG..IVAN"}}
