{"authorDailyContributionsMap":{"ssyap98":[{"date":"2022-08-18","commitResults":[{"hash":"dbb7d2f040c455ea67fbf19c3919a4fc7191f439","messageTitle":"Added Level-1: Greet, Echo, Exit functions","messageBody":"","tags":["Level-1"],"fileTypesAndContributionMap":{"java":{"insertions":14,"deletions":1}}},{"hash":"3dcd64e7b0ad568105fffd2ef2553b773fd8c3c1","messageTitle":"Added Level-2: Add, list functions","messageBody":"","tags":["Level-2"],"fileTypesAndContributionMap":{"java":{"insertions":15,"deletions":4}}}]},{"date":"2022-08-22","commitResults":[{"hash":"f8486c13d685e72243acec861c8fddf89b1d473d","messageTitle":"Added Level-3: Mark as Done function","messageBody":"","tags":["Level-3"],"fileTypesAndContributionMap":{"java":{"insertions":64,"deletions":13}}},{"hash":"ff2593273cd5076fa1be23d2d14f91313f32b82f","messageTitle":"Added Level-4: ToDos, Events, Deadlines","messageBody":"","tags":["Level-4"],"fileTypesAndContributionMap":{"java":{"insertions":79,"deletions":1}}}]},{"date":"2022-08-23","commitResults":[{"hash":"f9492c8072aae4e2774596626a78fb7ab1a49fa1","messageTitle":"Added A-TextUiTesting: Automated Text UI Testing","messageBody":"","tags":["A-TextUiTesting"],"fileTypesAndContributionMap":{"txt":{"insertions":7,"deletions":0},"java":{"insertions":5,"deletions":1}}}]},{"date":"2022-08-24","commitResults":[{"hash":"5551f11f52967396360f275fc71ca5b9e76a257a","messageTitle":"Added Level-5: Handle Errors Edited EXPECTED.TXT for TextUiTesting","messageBody":"","tags":["Level-5"],"fileTypesAndContributionMap":{"java":{"insertions":136,"deletions":79}}},{"hash":"690ced2e735d2397f4aee7dea95291db7b487072","messageTitle":"Added Level-6: Delete tasks from list","messageBody":"","tags":["Level-6"],"fileTypesAndContributionMap":{"java":{"insertions":15,"deletions":0}}}]},{"date":"2022-08-29","commitResults":[{"hash":"65661dff1777387e4c71c8cbdb87a10a9b35b99d","messageTitle":"Add Level-7: Save","messageBody":"","tags":["Level-7"],"fileTypesAndContributionMap":{"java":{"insertions":97,"deletions":3}}},{"hash":"daf1faaec24c4551144f726eb522f79beca50bf2","messageTitle":"Add Level-8: Dates and Times","messageBody":"","tags":["Level-8"],"fileTypesAndContributionMap":{"java":{"insertions":7,"deletions":3}}}]},{"date":"2022-09-11","commitResults":[{"hash":"efd5205910789c0b237054fec569bd20722782c1","messageTitle":"Add A-MoreOOP","messageBody":"","tags":["A-MoreOOP"],"fileTypesAndContributionMap":{"java":{"insertions":320,"deletions":207}}},{"hash":"e0cdb1b848160d6199683bc5c0eee213a69c0c94","messageTitle":"Organise all classes into one package","messageBody":"","fileTypesAndContributionMap":{"java":{"insertions":20,"deletions":0}}},{"hash":"2a7633ada9ac1cfeee9218a9f38398c4396f7252","messageTitle":"Organise all classes into 1 package","messageBody":"","tags":["A-Packages"],"fileTypesAndContributionMap":{"java":{"insertions":0,"deletions":0}}},{"hash":"e81658dc3cd48e514d51c08e3e5bcdc04b4c9d24","messageTitle":"Move all classes into the duke folder","messageBody":"","fileTypesAndContributionMap":{"java":{"insertions":0,"deletions":0}}}]},{"date":"2022-09-13","commitResults":[{"hash":"771777096e8b7b8bc2e0c87a337a074796a63ea8","messageTitle":"Save Event, Deadline and ToDo tasks to file when created","messageBody":"","fileTypesAndContributionMap":{"java":{"insertions":3,"deletions":0}}},{"hash":"793b714285ff0823f562050818bb6d2b729b8024","messageTitle":"Add JUnit Tests for Event and ToDo class","messageBody":"","tags":["A-JUnit"],"fileTypesAndContributionMap":{"java":{"insertions":38,"deletions":0}}},{"hash":"6203c9cd387a352a9bea7af01ebf971ed9848ca5","messageTitle":"Change mainClassName and archiveBaseName in build.gradle","messageBody":"","tags":["v0.1","A-Jar"],"fileTypesAndContributionMap":{"gradle":{"insertions":2,"deletions":2}}},{"hash":"7a38405cb6321c53c3638dadf6e4676c2a94ae09","messageTitle":"Add JavaDoc comments for Duke.java","messageBody":"","tags":["A-JavaDoc"],"fileTypesAndContributionMap":{"java":{"insertions":36,"deletions":2}}},{"hash":"e0cf62a4aa039e7c3d0cdc4c291e7cb0dec87880","messageTitle":"Use plural form to represent a list of tasks","messageBody":"","tags":["A-CodingStandard"],"fileTypesAndContributionMap":{"java":{"insertions":16,"deletions":16}}},{"hash":"32d820c873f13c41230c542cec01317e721260f7","messageTitle":"Add ability to find a task by searching for a keyword","messageBody":"","tags":["Level-9"],"fileTypesAndContributionMap":{"java":{"insertions":29,"deletions":5}}}]},{"date":"2022-09-14","commitResults":[{"hash":"fcdd02a3eb5a97df272f775c934f297d8f80e3de","messageTitle":"Change list to tasks to follow coding standard","messageBody":"","fileTypesAndContributionMap":{"java":{"insertions":15,"deletions":15}}}]},{"date":"2022-09-17","commitResults":[{"hash":"102f16130d6d4d1191ddf7dfaba491825339c74e","messageTitle":"Create GUI for Duke","messageBody":"","tags":["Level-10"],"fileTypesAndContributionMap":{"gradle":{"insertions":16,"deletions":1},"java":{"insertions":288,"deletions":121}}}]},{"date":"2022-09-19","commitResults":[{"hash":"d5f52dfae74bb95c3f987b7b1231ea2ade4f1b40","messageTitle":"Adds date and time to Event class","messageBody":"To allow Duke to understand dates and times instead of string for event schedule.\n\nStore dates and times in format (yyyy-mm-ddThh:mm:ss) and prints in a different format (MMM dd yyyy hh:mm:ss).\n","tags":["A-FullCommitMessage"],"fileTypesAndContributionMap":{"java":{"insertions":7,"deletions":3}}},{"hash":"79972fa6ea8452b7921055d0cebfa01742e18d92","messageTitle":"Adds flip() method in DialogBox","messageBody":"Flips the dialog box such that the image on the left corresponds to Duke\u0027s output while the image on the right corresponds to the user\u0027s input.\n","fileTypesAndContributionMap":{"java":{"insertions":27,"deletions":3}}},{"hash":"2a9641959b0e36a3602c290f21d8183311aeea61","messageTitle":"Adds assertion to document important assumptions","messageBody":"","fileTypesAndContributionMap":{"java":{"insertions":1,"deletions":0}}},{"hash":"b50dfe32df6a9e560a3118bdc8b373d08117c249","messageTitle":"Fix code quality in Storage class","messageBody":"Avoid arrowhead style code\n","fileTypesAndContributionMap":{"java":{"insertions":11,"deletions":9}}},{"hash":"c6c399c7d71b3a4eeb4369328de719de4194ee8c","messageTitle":"Fix minor bug","messageBody":"","fileTypesAndContributionMap":{"java":{"insertions":1,"deletions":5}}},{"hash":"57ec27f6acc95f4b6f06563d1d3ff0b776dcd927","messageTitle":"Add case \"bye\" to parser which was accidentally removed earlier","messageBody":"","fileTypesAndContributionMap":{"java":{"insertions":5,"deletions":1}}},{"hash":"331eb3479c82da929fddae970da19e75ac78d123","messageTitle":"Adds Category C extension: C-Help","messageBody":"","tags":["BCD-Extension"],"fileTypesAndContributionMap":{"java":{"insertions":30,"deletions":0}}},{"hash":"d9e999cc79f4eaed366ad36da10a39bb132d94db","messageTitle":"Change some phrases used by Duke when responding to commands","messageBody":"","fileTypesAndContributionMap":{"java":{"insertions":5,"deletions":19}}},{"hash":"a05cbe560e24f6a4eebfd8de656052c3d35edd89","messageTitle":"Adds User Guide and Ui screenshot","messageBody":"","tags":["A-UserGuide"],"fileTypesAndContributionMap":{"java":{"insertions":5,"deletions":5},"md":{"insertions":131,"deletions":9}}},{"hash":"04ce91238fd7ac65bcbd55813b741a834d5095ed","messageTitle":"Update README.md","messageBody":"","tags":["v0.2","A-Release"],"fileTypesAndContributionMap":{"md":{"insertions":4,"deletions":2}}}]},{"date":"2022-10-11","commitResults":[{"hash":"eca8928da400449c64660edd3b744513d497a1b2","messageTitle":"Create MainWindow.fxml and DialogBox.fxml in src/main/resources/view","messageBody":"","fileTypesAndContributionMap":{"fxml":{"insertions":35,"deletions":0}}},{"hash":"26c05acf764c56295a362c0a2f51927add4faec6","messageTitle":"Use FXML for Duke","messageBody":"","fileTypesAndContributionMap":{"fxml":{"insertions":1,"deletions":1},"java":{"insertions":116,"deletions":125}}},{"hash":"10803202aa4c4f395f79f60c0b73b37d1beac2ea","messageTitle":"Replace image name","messageBody":"","fileTypesAndContributionMap":{"java":{"insertions":2,"deletions":2}}},{"hash":"f1bb5d696e1ca1338e95b11d0af6843e5e11fce2","messageTitle":"Add welcome/greeting message upon running Duke","messageBody":"","fileTypesAndContributionMap":{"java":{"insertions":3,"deletions":3}}},{"hash":"753caa745e854c3e34205e97f9dc09296c5191cc","messageTitle":"Fix \"bye\" command","messageBody":"Exits Duke when \"bye\" is entered by user\n","fileTypesAndContributionMap":{"java":{"insertions":8,"deletions":0}}},{"hash":"564133551f837ce5b3bf61f8682e5e18103f347c","messageTitle":"Fix error message when unknown command is entered by user","messageBody":"","fileTypesAndContributionMap":{"java":{"insertions":7,"deletions":8}}},{"hash":"132a977b5954fd9f2579bb76ffc9bb4e33513a67","messageTitle":"Add method to show error message when invalid todo, deadline, event, mark, unmark, delete and find is performed","messageBody":"","fileTypesAndContributionMap":{"java":{"insertions":16,"deletions":0}}},{"hash":"2090ffe18ddf88bd5cc60e454d822b055757669d","messageTitle":"Set purple color background for dialog box","messageBody":"","fileTypesAndContributionMap":{"java":{"insertions":9,"deletions":1}}},{"hash":"27aa54812a49f85a2bea13550e1b446708676c99","messageTitle":"Change dialogbox font size and color","messageBody":"","fileTypesAndContributionMap":{"fxml":{"insertions":7,"deletions":3}}},{"hash":"7388ab3de06eefecdb7e7e5477228bc2caad1ca7","messageTitle":"Change mainwindow background color to black","messageBody":"","fileTypesAndContributionMap":{"fxml":{"insertions":1,"deletions":1}}},{"hash":"d38b68bdf867e9c58d0a172e95275943d032608a","messageTitle":"Set dialogbox\u0027s minimum height","messageBody":"","fileTypesAndContributionMap":{"fxml":{"insertions":1,"deletions":1}}}]},{"date":"2022-10-12","commitResults":[{"hash":"62b7e1d9def033ebe02a3b0ca66429d4ad321170","messageTitle":"Add header comments in Deadline.java","messageBody":"","fileTypesAndContributionMap":{"java":{"insertions":9,"deletions":0}}},{"hash":"3ee3d3de72c95432a92506ccd1934e2f1a7e0d1c","messageTitle":"Remove empty space","messageBody":"","fileTypesAndContributionMap":{"java":{"insertions":0,"deletions":1}}},{"hash":"9f170d368a47868a845c5b9fd2be79d2d6131b93","messageTitle":"Add header comments in DialogBox.java","messageBody":"","fileTypesAndContributionMap":{"java":{"insertions":8,"deletions":0}}},{"hash":"79dde49aa45d1214dcbdc7f69a80838e63dc177d","messageTitle":"Update header comment in Deadline.java","messageBody":"","fileTypesAndContributionMap":{"java":{"insertions":2,"deletions":2}}},{"hash":"b04f6d8d83e009a4ed5eee32cceebe4b57c3f542","messageTitle":"Add header comments in Duke.java","messageBody":"","fileTypesAndContributionMap":{"java":{"insertions":53,"deletions":12}}},{"hash":"c6ef3866a4950348e2a9243d9012b558f2e0dd6b","messageTitle":"Add header comments in DukeException.java","messageBody":"","fileTypesAndContributionMap":{"java":{"insertions":9,"deletions":1}}},{"hash":"8cab95576677143f709f8e4f5a83baea8acbd2fa","messageTitle":"Add header comments in Event.java","messageBody":"","fileTypesAndContributionMap":{"java":{"insertions":10,"deletions":0}}},{"hash":"02c42d436f007c542679fc92c774b63921ef9db0","messageTitle":"Add header comments in Parser.java","messageBody":"","fileTypesAndContributionMap":{"java":{"insertions":21,"deletions":0}}},{"hash":"a937afe287acf8156d3a8826eaaf421d6eb2ff19","messageTitle":"Add header comments in Storage.java","messageBody":"","fileTypesAndContributionMap":{"java":{"insertions":20,"deletions":0}}},{"hash":"f966e87521257e5e08bf921fd95d5ee84a1e432a","messageTitle":"Add header comments in Task.java","messageBody":"","fileTypesAndContributionMap":{"java":{"insertions":29,"deletions":1}}},{"hash":"24eabe0ceba0b0f438f4d3fb697d47724e693a3f","messageTitle":"Add header comments in TaskList.java","messageBody":"","fileTypesAndContributionMap":{"java":{"insertions":51,"deletions":0}}},{"hash":"ac4a600fd96d96e4097ae307c271e19202802abd","messageTitle":"Add header comments in ToDo.java","messageBody":"","fileTypesAndContributionMap":{"java":{"insertions":9,"deletions":0}}},{"hash":"8813ac43b8bad882e3b74f20ba4ed1af2693ffad","messageTitle":"Add header comments in Ui.java","messageBody":"","tags":["v0.2.1"],"fileTypesAndContributionMap":{"java":{"insertions":75,"deletions":3}}}]}]},"authorFileTypeContributionMap":{"ssyap98":{"java":1082,"md":131,"fxml":39,"sh":0,"bat":0,"gradle":17,"txt":7}},"authorContributionVariance":{"ssyap98":12660.997},"authorDisplayNameMap":{"ssyap98":"CS2103T-T12-3 YAP ..SOON"}}
