[{"path":"src/main/java/Deadline.java","fileType":"java","lines":[{"lineNumber":1,"author":{"gitId":"Aloynz"},"content":"public class Deadline extends Task {","lastModifiedDate":"2022-08-16"},{"lineNumber":2,"author":{"gitId":"Aloynz"},"content":"    protected String by;","lastModifiedDate":"2022-08-16"},{"lineNumber":3,"author":{"gitId":"Aloynz"},"content":"","lastModifiedDate":"2022-08-16"},{"lineNumber":4,"author":{"gitId":"Aloynz"},"content":"    public Deadline(String description, String by) {","lastModifiedDate":"2022-08-16"},{"lineNumber":5,"author":{"gitId":"Aloynz"},"content":"        super(description);","lastModifiedDate":"2022-08-16"},{"lineNumber":6,"author":{"gitId":"Aloynz"},"content":"        this.by \u003d by;","lastModifiedDate":"2022-08-16"},{"lineNumber":7,"author":{"gitId":"Aloynz"},"content":"    }","lastModifiedDate":"2022-08-16"},{"lineNumber":8,"author":{"gitId":"Aloynz"},"content":"","lastModifiedDate":"2022-08-16"},{"lineNumber":9,"author":{"gitId":"Aloynz"},"content":"    @Override","lastModifiedDate":"2022-08-16"},{"lineNumber":10,"author":{"gitId":"Aloynz"},"content":"    public String toString() {","lastModifiedDate":"2022-08-16"},{"lineNumber":11,"author":{"gitId":"Aloynz"},"content":"        return \"[D]\" + super.toString() + \"(by: \" + by + \")\";","lastModifiedDate":"2022-08-16"},{"lineNumber":12,"author":{"gitId":"Aloynz"},"content":"    }","lastModifiedDate":"2022-08-16"},{"lineNumber":13,"author":{"gitId":"Aloynz"},"content":"}","lastModifiedDate":"2022-08-16"}],"authorContributionMap":{"Aloynz":13}},{"path":"src/main/java/Duke.java","fileType":"java","lines":[{"lineNumber":1,"author":{"gitId":"Aloynz"},"content":"import java.util.Scanner;","lastModifiedDate":"2022-08-15"},{"lineNumber":2,"author":{"gitId":"Aloynz"},"content":"import java.util.ArrayList;","lastModifiedDate":"2022-08-15"},{"lineNumber":3,"author":{"gitId":"Aloynz"},"content":"","lastModifiedDate":"2022-08-15"},{"lineNumber":4,"author":{"gitId":"-"},"content":"public class Duke {","lastModifiedDate":"2019-07-29"},{"lineNumber":5,"author":{"gitId":"Aloynz"},"content":"","lastModifiedDate":"2022-08-17"},{"lineNumber":6,"author":{"gitId":"Aloynz"},"content":"    public static void main(String[] args) throws DukeException {","lastModifiedDate":"2022-08-17"},{"lineNumber":7,"author":{"gitId":"Aloynz"},"content":"        final String ADDED_TASK \u003d \"Got it. I\u0027ve added this task:\";","lastModifiedDate":"2022-08-17"},{"lineNumber":8,"author":{"gitId":"Aloynz"},"content":"        final String REMOVED_TASK \u003d \"Noted. I\u0027ve removed this task:\";","lastModifiedDate":"2022-08-17"},{"lineNumber":9,"author":{"gitId":"Aloynz"},"content":"        ArrayList\u003cTask\u003e tasks \u003d new ArrayList\u003c\u003e();","lastModifiedDate":"2022-08-15"},{"lineNumber":10,"author":{"gitId":"Aloynz"},"content":"        Scanner scanner \u003d new Scanner(System.in);","lastModifiedDate":"2022-08-17"},{"lineNumber":11,"author":{"gitId":"Aloynz"},"content":"        System.out.println(\"Hello! I\u0027m Luke\\nWhat can I do for you?\");","lastModifiedDate":"2022-08-15"},{"lineNumber":12,"author":{"gitId":"Aloynz"},"content":"        String command \u003d \"\";","lastModifiedDate":"2022-08-15"},{"lineNumber":13,"author":{"gitId":"Aloynz"},"content":"        ","lastModifiedDate":"2022-08-17"},{"lineNumber":14,"author":{"gitId":"Aloynz"},"content":"        while (!command.equals(\"bye\")) {","lastModifiedDate":"2022-08-17"},{"lineNumber":15,"author":{"gitId":"Aloynz"},"content":"            try {","lastModifiedDate":"2022-08-17"},{"lineNumber":16,"author":{"gitId":"Aloynz"},"content":"                command \u003d scanner.nextLine().strip();","lastModifiedDate":"2022-08-17"},{"lineNumber":17,"author":{"gitId":"Aloynz"},"content":"","lastModifiedDate":"2022-08-17"},{"lineNumber":18,"author":{"gitId":"Aloynz"},"content":"                if (command.equals(\"list\")) {","lastModifiedDate":"2022-08-17"},{"lineNumber":19,"author":{"gitId":"Aloynz"},"content":"                    System.out.println(\"Here are the tasks in your list:\");","lastModifiedDate":"2022-08-15"},{"lineNumber":20,"author":{"gitId":"Aloynz"},"content":"                    for (int i \u003d 0; i \u003c tasks.size(); i++) {","lastModifiedDate":"2022-08-15"},{"lineNumber":21,"author":{"gitId":"Aloynz"},"content":"                        Task task \u003d tasks.get(i);","lastModifiedDate":"2022-08-15"},{"lineNumber":22,"author":{"gitId":"Aloynz"},"content":"                        System.out.println(String.valueOf(i + 1) + \".\" + task);","lastModifiedDate":"2022-08-16"},{"lineNumber":23,"author":{"gitId":"Aloynz"},"content":"                    }","lastModifiedDate":"2022-08-15"},{"lineNumber":24,"author":{"gitId":"Aloynz"},"content":"    ","lastModifiedDate":"2022-08-15"},{"lineNumber":25,"author":{"gitId":"Aloynz"},"content":"                } else if (command.startsWith(\"mark\")) {","lastModifiedDate":"2022-08-17"},{"lineNumber":26,"author":{"gitId":"Aloynz"},"content":"                    if (command.strip().length() \u003d\u003d 4) {","lastModifiedDate":"2022-08-17"},{"lineNumber":27,"author":{"gitId":"Aloynz"},"content":"                        throw new DukeException(\"Choose which task to mark as done!\");","lastModifiedDate":"2022-08-17"},{"lineNumber":28,"author":{"gitId":"Aloynz"},"content":"                    }","lastModifiedDate":"2022-08-17"},{"lineNumber":29,"author":{"gitId":"Aloynz"},"content":"                    int taskNumber \u003d Integer.parseInt(command.substring(5));","lastModifiedDate":"2022-08-15"},{"lineNumber":30,"author":{"gitId":"Aloynz"},"content":"                    tasks.get(taskNumber - 1).setDone();","lastModifiedDate":"2022-08-15"},{"lineNumber":31,"author":{"gitId":"Aloynz"},"content":"    ","lastModifiedDate":"2022-08-15"},{"lineNumber":32,"author":{"gitId":"Aloynz"},"content":"    ","lastModifiedDate":"2022-08-15"},{"lineNumber":33,"author":{"gitId":"Aloynz"},"content":"                } else if (command.startsWith(\"unmark\")) {","lastModifiedDate":"2022-08-17"},{"lineNumber":34,"author":{"gitId":"Aloynz"},"content":"                    if (command.strip().length() \u003d\u003d 6) {","lastModifiedDate":"2022-08-17"},{"lineNumber":35,"author":{"gitId":"Aloynz"},"content":"                        throw new DukeException(\"Choose which task to mark as undone!\");","lastModifiedDate":"2022-08-17"},{"lineNumber":36,"author":{"gitId":"Aloynz"},"content":"                    }","lastModifiedDate":"2022-08-17"},{"lineNumber":37,"author":{"gitId":"Aloynz"},"content":"                    int taskNumber \u003d Integer.parseInt(command.substring(7));","lastModifiedDate":"2022-08-15"},{"lineNumber":38,"author":{"gitId":"Aloynz"},"content":"                    tasks.get(taskNumber - 1).setUndone();","lastModifiedDate":"2022-08-15"},{"lineNumber":39,"author":{"gitId":"Aloynz"},"content":"                    ","lastModifiedDate":"2022-08-15"},{"lineNumber":40,"author":{"gitId":"Aloynz"},"content":"    ","lastModifiedDate":"2022-08-16"},{"lineNumber":41,"author":{"gitId":"Aloynz"},"content":"                } else if (command.startsWith(\"todo\")) {","lastModifiedDate":"2022-08-17"},{"lineNumber":42,"author":{"gitId":"Aloynz"},"content":"                    if (command.strip().length() \u003d\u003d 4) {","lastModifiedDate":"2022-08-17"},{"lineNumber":43,"author":{"gitId":"Aloynz"},"content":"                        throw new DukeException(\"The description of a todo cannot be empty\");","lastModifiedDate":"2022-08-17"},{"lineNumber":44,"author":{"gitId":"Aloynz"},"content":"                    }","lastModifiedDate":"2022-08-17"},{"lineNumber":45,"author":{"gitId":"Aloynz"},"content":"                    ","lastModifiedDate":"2022-08-16"},{"lineNumber":46,"author":{"gitId":"Aloynz"},"content":"                    Task task \u003d new Todo(command.substring(5));","lastModifiedDate":"2022-08-16"},{"lineNumber":47,"author":{"gitId":"Aloynz"},"content":"                    tasks.add(task);","lastModifiedDate":"2022-08-16"},{"lineNumber":48,"author":{"gitId":"Aloynz"},"content":"                    System.out.println(String.format(\"%s\\n%s\", ADDED_TASK, task));","lastModifiedDate":"2022-08-17"},{"lineNumber":49,"author":{"gitId":"Aloynz"},"content":"                    System.out.println(\"Now you have \" + tasks.size() + (tasks.size() \u003d\u003d 1 ?\" task\" : \" tasks\") + \" in the list.\");","lastModifiedDate":"2022-08-17"},{"lineNumber":50,"author":{"gitId":"Aloynz"},"content":"                    ","lastModifiedDate":"2022-08-17"},{"lineNumber":51,"author":{"gitId":"Aloynz"},"content":"                } else if (command.startsWith(\"event\")) {","lastModifiedDate":"2022-08-17"},{"lineNumber":52,"author":{"gitId":"Aloynz"},"content":"                    if (command.strip().length() \u003d\u003d 5) {","lastModifiedDate":"2022-08-17"},{"lineNumber":53,"author":{"gitId":"Aloynz"},"content":"                        throw new DukeException(\"The description of an event cannot be empty\");","lastModifiedDate":"2022-08-17"},{"lineNumber":54,"author":{"gitId":"Aloynz"},"content":"                    }","lastModifiedDate":"2022-08-17"},{"lineNumber":55,"author":{"gitId":"Aloynz"},"content":"","lastModifiedDate":"2022-08-17"},{"lineNumber":56,"author":{"gitId":"Aloynz"},"content":"                    if (command.strip().indexOf(\u0027/\u0027) \u003d\u003d -1) {","lastModifiedDate":"2022-08-17"},{"lineNumber":57,"author":{"gitId":"Aloynz"},"content":"                        throw new DukeException(\"The date of the event cannot be empty\");","lastModifiedDate":"2022-08-17"},{"lineNumber":58,"author":{"gitId":"Aloynz"},"content":"                    } ","lastModifiedDate":"2022-08-17"},{"lineNumber":59,"author":{"gitId":"Aloynz"},"content":"","lastModifiedDate":"2022-08-16"},{"lineNumber":60,"author":{"gitId":"Aloynz"},"content":"                    String[] split \u003d command.substring(6).split(\"/\");","lastModifiedDate":"2022-08-16"},{"lineNumber":61,"author":{"gitId":"Aloynz"},"content":"                    Task task \u003d new Event(split[0], split[1].substring(3));","lastModifiedDate":"2022-08-16"},{"lineNumber":62,"author":{"gitId":"Aloynz"},"content":"                    tasks.add(task);","lastModifiedDate":"2022-08-16"},{"lineNumber":63,"author":{"gitId":"Aloynz"},"content":"                    System.out.println(String.format(\"%s\\n%s\", ADDED_TASK, task));","lastModifiedDate":"2022-08-17"},{"lineNumber":64,"author":{"gitId":"Aloynz"},"content":"                    System.out.println(\"Now you have \" + tasks.size() + (tasks.size() \u003d\u003d 1 ?\" task\" : \" tasks\") + \" in the list.\");","lastModifiedDate":"2022-08-17"},{"lineNumber":65,"author":{"gitId":"Aloynz"},"content":"    ","lastModifiedDate":"2022-08-16"},{"lineNumber":66,"author":{"gitId":"Aloynz"},"content":"                } else if (command.startsWith(\"deadline\")) {","lastModifiedDate":"2022-08-17"},{"lineNumber":67,"author":{"gitId":"Aloynz"},"content":"                    if (command.strip().length() \u003d\u003d 8) {","lastModifiedDate":"2022-08-17"},{"lineNumber":68,"author":{"gitId":"Aloynz"},"content":"                        throw new DukeException(\"The description of an deadline cannot be empty\");","lastModifiedDate":"2022-08-17"},{"lineNumber":69,"author":{"gitId":"Aloynz"},"content":"                    }","lastModifiedDate":"2022-08-17"},{"lineNumber":70,"author":{"gitId":"Aloynz"},"content":"","lastModifiedDate":"2022-08-16"},{"lineNumber":71,"author":{"gitId":"Aloynz"},"content":"                    if (command.strip().indexOf(\u0027/\u0027) \u003d\u003d -1) {","lastModifiedDate":"2022-08-17"},{"lineNumber":72,"author":{"gitId":"Aloynz"},"content":"                        throw new DukeException(\"The date of the deadline cannot be empty\");","lastModifiedDate":"2022-08-17"},{"lineNumber":73,"author":{"gitId":"Aloynz"},"content":"                    }","lastModifiedDate":"2022-08-16"},{"lineNumber":74,"author":{"gitId":"Aloynz"},"content":"","lastModifiedDate":"2022-08-16"},{"lineNumber":75,"author":{"gitId":"Aloynz"},"content":"","lastModifiedDate":"2022-08-17"},{"lineNumber":76,"author":{"gitId":"Aloynz"},"content":"                    String[] split \u003d command.substring(9).split(\"/\");","lastModifiedDate":"2022-08-17"},{"lineNumber":77,"author":{"gitId":"Aloynz"},"content":"                    Task task \u003d new Deadline(split[0], split[1].substring(3));","lastModifiedDate":"2022-08-17"},{"lineNumber":78,"author":{"gitId":"Aloynz"},"content":"                    tasks.add(task);","lastModifiedDate":"2022-08-17"},{"lineNumber":79,"author":{"gitId":"Aloynz"},"content":"                    System.out.println(String.format(\"%s\\n%s\", ADDED_TASK, task));","lastModifiedDate":"2022-08-17"},{"lineNumber":80,"author":{"gitId":"Aloynz"},"content":"                    System.out.println(\"Now you have \" + tasks.size() + (tasks.size() \u003d\u003d 1 ?\" task\" : \" tasks\") + \" in the list.\");","lastModifiedDate":"2022-08-16"},{"lineNumber":81,"author":{"gitId":"Aloynz"},"content":"","lastModifiedDate":"2022-08-15"},{"lineNumber":82,"author":{"gitId":"Aloynz"},"content":"                } else if (command.startsWith(\"delete\")) {","lastModifiedDate":"2022-08-17"},{"lineNumber":83,"author":{"gitId":"Aloynz"},"content":"                    if (command.strip().length() \u003d\u003d 6) {","lastModifiedDate":"2022-08-17"},{"lineNumber":84,"author":{"gitId":"Aloynz"},"content":"                        throw new DukeException(\"Choose which task to delete!\");","lastModifiedDate":"2022-08-17"},{"lineNumber":85,"author":{"gitId":"Aloynz"},"content":"                    }","lastModifiedDate":"2022-08-17"},{"lineNumber":86,"author":{"gitId":"Aloynz"},"content":"                    int taskNumber \u003d Integer.parseInt(command.substring(7)) - 1 ;","lastModifiedDate":"2022-08-17"},{"lineNumber":87,"author":{"gitId":"Aloynz"},"content":"                    Task task \u003d tasks.get(taskNumber);","lastModifiedDate":"2022-08-17"},{"lineNumber":88,"author":{"gitId":"Aloynz"},"content":"                    tasks.remove(taskNumber);","lastModifiedDate":"2022-08-17"},{"lineNumber":89,"author":{"gitId":"Aloynz"},"content":"                    System.out.println(String.format(\"%s\\n%s\", REMOVED_TASK, task));","lastModifiedDate":"2022-08-17"},{"lineNumber":90,"author":{"gitId":"Aloynz"},"content":"                    System.out.println(\"Now you have \" + tasks.size() + (tasks.size() \u003d\u003d 1 ?\" task\" : \" tasks\") + \" in the list.\");","lastModifiedDate":"2022-08-17"},{"lineNumber":91,"author":{"gitId":"Aloynz"},"content":"","lastModifiedDate":"2022-08-17"},{"lineNumber":92,"author":{"gitId":"Aloynz"},"content":"                } else if (command.equals(\"bye\")) {","lastModifiedDate":"2022-08-17"},{"lineNumber":93,"author":{"gitId":"Aloynz"},"content":"                    System.out.println(\"Bye! Thanks for using Luke!\");","lastModifiedDate":"2022-08-15"},{"lineNumber":94,"author":{"gitId":"Aloynz"},"content":"                    scanner.close();","lastModifiedDate":"2022-08-15"},{"lineNumber":95,"author":{"gitId":"Aloynz"},"content":"    ","lastModifiedDate":"2022-08-15"},{"lineNumber":96,"author":{"gitId":"Aloynz"},"content":"                } else {","lastModifiedDate":"2022-08-17"},{"lineNumber":97,"author":{"gitId":"Aloynz"},"content":"                    throw new DukeException(\"I\u0027m sorry, but I dont know what you mean :(\");","lastModifiedDate":"2022-08-17"},{"lineNumber":98,"author":{"gitId":"Aloynz"},"content":"                }                ","lastModifiedDate":"2022-08-17"},{"lineNumber":99,"author":{"gitId":"Aloynz"},"content":"                ","lastModifiedDate":"2022-08-15"},{"lineNumber":100,"author":{"gitId":"Aloynz"},"content":"            } catch (DukeException e) {","lastModifiedDate":"2022-08-17"},{"lineNumber":101,"author":{"gitId":"Aloynz"},"content":"                System.out.println(e);","lastModifiedDate":"2022-08-17"},{"lineNumber":102,"author":{"gitId":"Aloynz"},"content":"            }","lastModifiedDate":"2022-08-17"},{"lineNumber":103,"author":{"gitId":"Aloynz"},"content":"","lastModifiedDate":"2022-08-15"},{"lineNumber":104,"author":{"gitId":"Aloynz"},"content":"        }","lastModifiedDate":"2022-08-17"},{"lineNumber":105,"author":{"gitId":"Aloynz"},"content":"    ","lastModifiedDate":"2022-08-15"},{"lineNumber":106,"author":{"gitId":"-"},"content":"    }","lastModifiedDate":"2019-07-29"},{"lineNumber":107,"author":{"gitId":"-"},"content":"}","lastModifiedDate":"2019-07-29"}],"authorContributionMap":{"Aloynz":104,"-":3}},{"path":"src/main/java/DukeException.java","fileType":"java","lines":[{"lineNumber":1,"author":{"gitId":"Aloynz"},"content":"public class DukeException extends Exception {","lastModifiedDate":"2022-08-17"},{"lineNumber":2,"author":{"gitId":"Aloynz"},"content":"    ","lastModifiedDate":"2022-08-17"},{"lineNumber":3,"author":{"gitId":"Aloynz"},"content":"    public DukeException(String message) {","lastModifiedDate":"2022-08-17"},{"lineNumber":4,"author":{"gitId":"Aloynz"},"content":"        super(message);","lastModifiedDate":"2022-08-17"},{"lineNumber":5,"author":{"gitId":"Aloynz"},"content":"    }","lastModifiedDate":"2022-08-17"},{"lineNumber":6,"author":{"gitId":"Aloynz"},"content":"","lastModifiedDate":"2022-08-17"},{"lineNumber":7,"author":{"gitId":"Aloynz"},"content":"    @Override","lastModifiedDate":"2022-08-17"},{"lineNumber":8,"author":{"gitId":"Aloynz"},"content":"    public String toString() {","lastModifiedDate":"2022-08-17"},{"lineNumber":9,"author":{"gitId":"Aloynz"},"content":"        return \"OOPS!!! \" + super.getMessage();","lastModifiedDate":"2022-08-17"},{"lineNumber":10,"author":{"gitId":"Aloynz"},"content":"    }","lastModifiedDate":"2022-08-17"},{"lineNumber":11,"author":{"gitId":"Aloynz"},"content":"","lastModifiedDate":"2022-08-17"},{"lineNumber":12,"author":{"gitId":"Aloynz"},"content":"","lastModifiedDate":"2022-08-17"},{"lineNumber":13,"author":{"gitId":"Aloynz"},"content":"}","lastModifiedDate":"2022-08-17"}],"authorContributionMap":{"Aloynz":13}},{"path":"src/main/java/Event.java","fileType":"java","lines":[{"lineNumber":1,"author":{"gitId":"Aloynz"},"content":"public class Event extends Task{","lastModifiedDate":"2022-08-16"},{"lineNumber":2,"author":{"gitId":"Aloynz"},"content":"    protected String at;","lastModifiedDate":"2022-08-16"},{"lineNumber":3,"author":{"gitId":"Aloynz"},"content":"","lastModifiedDate":"2022-08-16"},{"lineNumber":4,"author":{"gitId":"Aloynz"},"content":"    public Event(String description, String at) {","lastModifiedDate":"2022-08-16"},{"lineNumber":5,"author":{"gitId":"Aloynz"},"content":"        super(description);","lastModifiedDate":"2022-08-16"},{"lineNumber":6,"author":{"gitId":"Aloynz"},"content":"        this.at \u003d at;","lastModifiedDate":"2022-08-16"},{"lineNumber":7,"author":{"gitId":"Aloynz"},"content":"    }","lastModifiedDate":"2022-08-16"},{"lineNumber":8,"author":{"gitId":"Aloynz"},"content":"","lastModifiedDate":"2022-08-16"},{"lineNumber":9,"author":{"gitId":"Aloynz"},"content":"    @Override","lastModifiedDate":"2022-08-16"},{"lineNumber":10,"author":{"gitId":"Aloynz"},"content":"    public String toString() {","lastModifiedDate":"2022-08-16"},{"lineNumber":11,"author":{"gitId":"Aloynz"},"content":"        return \"[E]\" + super.toString() + \"(at: \" + at + \")\";","lastModifiedDate":"2022-08-16"},{"lineNumber":12,"author":{"gitId":"Aloynz"},"content":"    }","lastModifiedDate":"2022-08-16"},{"lineNumber":13,"author":{"gitId":"Aloynz"},"content":"","lastModifiedDate":"2022-08-16"},{"lineNumber":14,"author":{"gitId":"Aloynz"},"content":"}","lastModifiedDate":"2022-08-16"}],"authorContributionMap":{"Aloynz":14}},{"path":"src/main/java/Task.java","fileType":"java","lines":[{"lineNumber":1,"author":{"gitId":"Aloynz"},"content":"public class Task {","lastModifiedDate":"2022-08-15"},{"lineNumber":2,"author":{"gitId":"Aloynz"},"content":"    protected String description;","lastModifiedDate":"2022-08-15"},{"lineNumber":3,"author":{"gitId":"Aloynz"},"content":"    protected boolean isDone;","lastModifiedDate":"2022-08-15"},{"lineNumber":4,"author":{"gitId":"Aloynz"},"content":"","lastModifiedDate":"2022-08-15"},{"lineNumber":5,"author":{"gitId":"Aloynz"},"content":"    public Task(String description) {","lastModifiedDate":"2022-08-15"},{"lineNumber":6,"author":{"gitId":"Aloynz"},"content":"        this.description \u003d description;","lastModifiedDate":"2022-08-15"},{"lineNumber":7,"author":{"gitId":"Aloynz"},"content":"        this.isDone \u003d false;","lastModifiedDate":"2022-08-15"},{"lineNumber":8,"author":{"gitId":"Aloynz"},"content":"    }","lastModifiedDate":"2022-08-15"},{"lineNumber":9,"author":{"gitId":"Aloynz"},"content":"","lastModifiedDate":"2022-08-15"},{"lineNumber":10,"author":{"gitId":"Aloynz"},"content":"    public String getStatusIcon() {","lastModifiedDate":"2022-08-15"},{"lineNumber":11,"author":{"gitId":"Aloynz"},"content":"        return (isDone ? \"X\" : \" \");","lastModifiedDate":"2022-08-15"},{"lineNumber":12,"author":{"gitId":"Aloynz"},"content":"    }","lastModifiedDate":"2022-08-15"},{"lineNumber":13,"author":{"gitId":"Aloynz"},"content":"","lastModifiedDate":"2022-08-15"},{"lineNumber":14,"author":{"gitId":"Aloynz"},"content":"    public String getDescription() {","lastModifiedDate":"2022-08-15"},{"lineNumber":15,"author":{"gitId":"Aloynz"},"content":"        return this.description;","lastModifiedDate":"2022-08-15"},{"lineNumber":16,"author":{"gitId":"Aloynz"},"content":"    }","lastModifiedDate":"2022-08-15"},{"lineNumber":17,"author":{"gitId":"Aloynz"},"content":"","lastModifiedDate":"2022-08-15"},{"lineNumber":18,"author":{"gitId":"Aloynz"},"content":"    public void setDone() {","lastModifiedDate":"2022-08-15"},{"lineNumber":19,"author":{"gitId":"Aloynz"},"content":"        this.isDone \u003d true;","lastModifiedDate":"2022-08-15"},{"lineNumber":20,"author":{"gitId":"Aloynz"},"content":"        System.out.println(\"Nice! I\u0027ve marked this task as done:\\n[X] \" + this.description);","lastModifiedDate":"2022-08-15"},{"lineNumber":21,"author":{"gitId":"Aloynz"},"content":"    }","lastModifiedDate":"2022-08-15"},{"lineNumber":22,"author":{"gitId":"Aloynz"},"content":"","lastModifiedDate":"2022-08-15"},{"lineNumber":23,"author":{"gitId":"Aloynz"},"content":"    public void setUndone() {","lastModifiedDate":"2022-08-15"},{"lineNumber":24,"author":{"gitId":"Aloynz"},"content":"        this.isDone \u003d false;","lastModifiedDate":"2022-08-15"},{"lineNumber":25,"author":{"gitId":"Aloynz"},"content":"        System.out.println(\"OK, I\u0027ve marked this task as not done yet:\\n[ ] \" + this.description);","lastModifiedDate":"2022-08-15"},{"lineNumber":26,"author":{"gitId":"Aloynz"},"content":"    }","lastModifiedDate":"2022-08-15"},{"lineNumber":27,"author":{"gitId":"Aloynz"},"content":"","lastModifiedDate":"2022-08-16"},{"lineNumber":28,"author":{"gitId":"Aloynz"},"content":"    @Override","lastModifiedDate":"2022-08-16"},{"lineNumber":29,"author":{"gitId":"Aloynz"},"content":"    public String toString() {","lastModifiedDate":"2022-08-16"},{"lineNumber":30,"author":{"gitId":"Aloynz"},"content":"        return \"[\" + this.getStatusIcon() + \"] \" + this.getDescription();","lastModifiedDate":"2022-08-16"},{"lineNumber":31,"author":{"gitId":"Aloynz"},"content":"    }","lastModifiedDate":"2022-08-16"},{"lineNumber":32,"author":{"gitId":"Aloynz"},"content":"}","lastModifiedDate":"2022-08-15"}],"authorContributionMap":{"Aloynz":32}},{"path":"src/main/java/Todo.java","fileType":"java","lines":[{"lineNumber":1,"author":{"gitId":"Aloynz"},"content":"public class Todo extends Task {","lastModifiedDate":"2022-08-16"},{"lineNumber":2,"author":{"gitId":"Aloynz"},"content":"    ","lastModifiedDate":"2022-08-16"},{"lineNumber":3,"author":{"gitId":"Aloynz"},"content":"    public Todo(String description) {","lastModifiedDate":"2022-08-16"},{"lineNumber":4,"author":{"gitId":"Aloynz"},"content":"        super(description);","lastModifiedDate":"2022-08-16"},{"lineNumber":5,"author":{"gitId":"Aloynz"},"content":"","lastModifiedDate":"2022-08-16"},{"lineNumber":6,"author":{"gitId":"Aloynz"},"content":"    }","lastModifiedDate":"2022-08-16"},{"lineNumber":7,"author":{"gitId":"Aloynz"},"content":"","lastModifiedDate":"2022-08-16"},{"lineNumber":8,"author":{"gitId":"Aloynz"},"content":"    @Override","lastModifiedDate":"2022-08-16"},{"lineNumber":9,"author":{"gitId":"Aloynz"},"content":"    public String toString() {","lastModifiedDate":"2022-08-16"},{"lineNumber":10,"author":{"gitId":"Aloynz"},"content":"        return \"[T]\" + super.toString();","lastModifiedDate":"2022-08-16"},{"lineNumber":11,"author":{"gitId":"Aloynz"},"content":"    }","lastModifiedDate":"2022-08-16"},{"lineNumber":12,"author":{"gitId":"Aloynz"},"content":"}","lastModifiedDate":"2022-08-16"}],"authorContributionMap":{"Aloynz":12}},{"path":"text-ui-test/input.txt","fileType":"txt","lines":[{"lineNumber":1,"author":{"gitId":"Aloynz"},"content":"todo","lastModifiedDate":"2022-08-17"},{"lineNumber":2,"author":{"gitId":"Aloynz"},"content":"todo       ","lastModifiedDate":"2022-08-17"},{"lineNumber":3,"author":{"gitId":"Aloynz"},"content":"todo play basketball","lastModifiedDate":"2022-08-16"},{"lineNumber":4,"author":{"gitId":"Aloynz"},"content":"mark","lastModifiedDate":"2022-08-17"},{"lineNumber":5,"author":{"gitId":"Aloynz"},"content":"mark 1","lastModifiedDate":"2022-08-16"},{"lineNumber":6,"author":{"gitId":"Aloynz"},"content":"deadline cs2103t project","lastModifiedDate":"2022-08-17"},{"lineNumber":7,"author":{"gitId":"Aloynz"},"content":"deadline cs2103t project /by Friday","lastModifiedDate":"2022-08-16"},{"lineNumber":8,"author":{"gitId":"Aloynz"},"content":"event group meeting","lastModifiedDate":"2022-08-17"},{"lineNumber":9,"author":{"gitId":"Aloynz"},"content":"event group meeting /at Mon 3-6pm","lastModifiedDate":"2022-08-16"},{"lineNumber":10,"author":{"gitId":"Aloynz"},"content":"blah","lastModifiedDate":"2022-08-17"},{"lineNumber":11,"author":{"gitId":"Aloynz"},"content":"test","lastModifiedDate":"2022-08-17"},{"lineNumber":12,"author":{"gitId":"Aloynz"},"content":"list","lastModifiedDate":"2022-08-17"},{"lineNumber":13,"author":{"gitId":"Aloynz"},"content":"delete 2","lastModifiedDate":"2022-08-17"},{"lineNumber":14,"author":{"gitId":"Aloynz"},"content":"list","lastModifiedDate":"2022-08-17"},{"lineNumber":15,"author":{"gitId":"Aloynz"},"content":"bye","lastModifiedDate":"2022-08-16"}],"authorContributionMap":{"Aloynz":15}}]
