{"authorDailyContributionsMap":{"lkwlkww":[{"date":"2022-08-14","commitResults":[{"hash":"eeb9e8abde9868522f3eaa8957daf4988191df75","messageTitle":"working version of Duke that satisfies Level-1","messageBody":"","fileTypesAndContributionMap":{"java":{"insertions":34,"deletions":7}}},{"hash":"8e241bfa02c79094f60055cffb32148e6a1bed6d","messageTitle":"add note that all inputs are considered as Strings","messageBody":"","fileTypesAndContributionMap":{"java":{"insertions":1,"deletions":2}}}]},{"date":"2022-08-17","commitResults":[{"hash":"4c8d813df5580d6929df65c08db382814b2a0021","messageTitle":"finish up level-1 implementation","messageBody":"","tags":["Level-1"],"fileTypesAndContributionMap":{"java":{"insertions":5,"deletions":8}}},{"hash":"8ee047e7295712d15b230d316be91f4110a4a624","messageTitle":"finish level-2 implementation","messageBody":"","tags":["Level-2"],"fileTypesAndContributionMap":{"java":{"insertions":22,"deletions":4}}},{"hash":"6e970846807ffbe58834966e301345edbbb40628","messageTitle":"finish implementation for Level-3","messageBody":"","tags":["Level-3"],"fileTypesAndContributionMap":{"java":{"insertions":111,"deletions":17}}}]}]},"authorFileTypeContributionMap":{"lkwlkww":{"java":140,"md":0,"fxml":0,"sh":0,"bat":0,"gradle":0,"txt":0}},"authorContributionVariance":{"lkwlkww":3734.1387},"authorDisplayNameMap":{"lkwlkww":"LEE .. WEI"}}
