[{"path":"src/main/java/Command.java","fileType":"java","lines":[{"lineNumber":1,"author":{"gitId":"ConradLew"},"content":"/**","lastModifiedDate":"2022-08-18"},{"lineNumber":2,"author":{"gitId":"ConradLew"},"content":" * Basic enum containing the list of commands accepted","lastModifiedDate":"2022-08-18"},{"lineNumber":3,"author":{"gitId":"ConradLew"},"content":" * by Duke.","lastModifiedDate":"2022-08-18"},{"lineNumber":4,"author":{"gitId":"ConradLew"},"content":" *","lastModifiedDate":"2022-08-18"},{"lineNumber":5,"author":{"gitId":"ConradLew"},"content":" * @author Conrad","lastModifiedDate":"2022-08-18"},{"lineNumber":6,"author":{"gitId":"ConradLew"},"content":" */","lastModifiedDate":"2022-08-18"},{"lineNumber":7,"author":{"gitId":"ConradLew"},"content":"","lastModifiedDate":"2022-08-18"},{"lineNumber":8,"author":{"gitId":"ConradLew"},"content":"public enum Command {","lastModifiedDate":"2022-08-18"},{"lineNumber":9,"author":{"gitId":"ConradLew"},"content":"    BYE,","lastModifiedDate":"2022-08-18"},{"lineNumber":10,"author":{"gitId":"ConradLew"},"content":"    LIST,","lastModifiedDate":"2022-08-18"},{"lineNumber":11,"author":{"gitId":"ConradLew"},"content":"    MARK,","lastModifiedDate":"2022-08-18"},{"lineNumber":12,"author":{"gitId":"ConradLew"},"content":"    UNMARK,","lastModifiedDate":"2022-08-18"},{"lineNumber":13,"author":{"gitId":"ConradLew"},"content":"    TODO,","lastModifiedDate":"2022-08-18"},{"lineNumber":14,"author":{"gitId":"ConradLew"},"content":"    DEADLINE,","lastModifiedDate":"2022-08-18"},{"lineNumber":15,"author":{"gitId":"ConradLew"},"content":"    EVENT,","lastModifiedDate":"2022-08-18"},{"lineNumber":16,"author":{"gitId":"ConradLew"},"content":"    DELETE","lastModifiedDate":"2022-08-18"},{"lineNumber":17,"author":{"gitId":"ConradLew"},"content":"}","lastModifiedDate":"2022-08-18"}],"authorContributionMap":{"ConradLew":17}},{"path":"src/main/java/Deadline.java","fileType":"java","lines":[{"lineNumber":1,"author":{"gitId":"ConradLew"},"content":"/**","lastModifiedDate":"2022-08-18"},{"lineNumber":2,"author":{"gitId":"ConradLew"},"content":" * Encapsulates a task with a given deadline.","lastModifiedDate":"2022-08-18"},{"lineNumber":3,"author":{"gitId":"ConradLew"},"content":" *","lastModifiedDate":"2022-08-18"},{"lineNumber":4,"author":{"gitId":"ConradLew"},"content":" * @author Conrad","lastModifiedDate":"2022-08-18"},{"lineNumber":5,"author":{"gitId":"ConradLew"},"content":" */","lastModifiedDate":"2022-08-18"},{"lineNumber":6,"author":{"gitId":"ConradLew"},"content":"public class Deadline extends Task {","lastModifiedDate":"2022-08-17"},{"lineNumber":7,"author":{"gitId":"ConradLew"},"content":"    private String deadline;","lastModifiedDate":"2022-08-17"},{"lineNumber":8,"author":{"gitId":"ConradLew"},"content":"","lastModifiedDate":"2022-08-18"},{"lineNumber":9,"author":{"gitId":"ConradLew"},"content":"    /**","lastModifiedDate":"2022-08-18"},{"lineNumber":10,"author":{"gitId":"ConradLew"},"content":"     * Constructor for creating a task with a deadline.","lastModifiedDate":"2022-08-18"},{"lineNumber":11,"author":{"gitId":"ConradLew"},"content":"     *","lastModifiedDate":"2022-08-18"},{"lineNumber":12,"author":{"gitId":"ConradLew"},"content":"     * @param taskDescription A description of the task.","lastModifiedDate":"2022-08-18"},{"lineNumber":13,"author":{"gitId":"ConradLew"},"content":"     * @param taskDeadline The time by which the task has to be completed.","lastModifiedDate":"2022-08-18"},{"lineNumber":14,"author":{"gitId":"ConradLew"},"content":"     */","lastModifiedDate":"2022-08-18"},{"lineNumber":15,"author":{"gitId":"ConradLew"},"content":"    public Deadline(String taskDescription, String taskDeadline) {","lastModifiedDate":"2022-08-17"},{"lineNumber":16,"author":{"gitId":"ConradLew"},"content":"        super(taskDescription);","lastModifiedDate":"2022-08-17"},{"lineNumber":17,"author":{"gitId":"ConradLew"},"content":"        this.deadline \u003d taskDeadline;","lastModifiedDate":"2022-08-17"},{"lineNumber":18,"author":{"gitId":"ConradLew"},"content":"    }","lastModifiedDate":"2022-08-17"},{"lineNumber":19,"author":{"gitId":"ConradLew"},"content":"","lastModifiedDate":"2022-08-17"},{"lineNumber":20,"author":{"gitId":"ConradLew"},"content":"    /**","lastModifiedDate":"2022-08-18"},{"lineNumber":21,"author":{"gitId":"ConradLew"},"content":"     * Return a string representation of a task with a deadline.","lastModifiedDate":"2022-08-18"},{"lineNumber":22,"author":{"gitId":"ConradLew"},"content":"     *","lastModifiedDate":"2022-08-18"},{"lineNumber":23,"author":{"gitId":"ConradLew"},"content":"     * @return The string representation of a task with a deadline.","lastModifiedDate":"2022-08-18"},{"lineNumber":24,"author":{"gitId":"ConradLew"},"content":"     */","lastModifiedDate":"2022-08-18"},{"lineNumber":25,"author":{"gitId":"ConradLew"},"content":"    @Override","lastModifiedDate":"2022-08-17"},{"lineNumber":26,"author":{"gitId":"ConradLew"},"content":"    public String toString() {","lastModifiedDate":"2022-08-17"},{"lineNumber":27,"author":{"gitId":"ConradLew"},"content":"        String taskStatusIndicator \u003d \"[D]\" + (this.isCompleted() ? \"[X] \" : \"[ ] \");","lastModifiedDate":"2022-08-17"},{"lineNumber":28,"author":{"gitId":"ConradLew"},"content":"        return taskStatusIndicator + this.getTaskDescription() + \" (by: \" + this.deadline + \")\";","lastModifiedDate":"2022-08-17"},{"lineNumber":29,"author":{"gitId":"ConradLew"},"content":"    }","lastModifiedDate":"2022-08-17"},{"lineNumber":30,"author":{"gitId":"ConradLew"},"content":"}","lastModifiedDate":"2022-08-17"}],"authorContributionMap":{"ConradLew":30}},{"path":"src/main/java/Duke.java","fileType":"java","lines":[{"lineNumber":1,"author":{"gitId":"ConradLew"},"content":"import java.util.*;","lastModifiedDate":"2022-08-17"},{"lineNumber":2,"author":{"gitId":"ConradLew"},"content":"","lastModifiedDate":"2022-08-17"},{"lineNumber":3,"author":{"gitId":"ConradLew"},"content":"/**","lastModifiedDate":"2022-08-18"},{"lineNumber":4,"author":{"gitId":"ConradLew"},"content":" * A task-keeping chatbot with a command line interface.","lastModifiedDate":"2022-08-18"},{"lineNumber":5,"author":{"gitId":"ConradLew"},"content":" *","lastModifiedDate":"2022-08-18"},{"lineNumber":6,"author":{"gitId":"ConradLew"},"content":" * @author Conrad","lastModifiedDate":"2022-08-18"},{"lineNumber":7,"author":{"gitId":"ConradLew"},"content":" */","lastModifiedDate":"2022-08-18"},{"lineNumber":8,"author":{"gitId":"ConradLew"},"content":"","lastModifiedDate":"2022-08-18"},{"lineNumber":9,"author":{"gitId":"-"},"content":"public class Duke {","lastModifiedDate":"2022-08-18"},{"lineNumber":10,"author":{"gitId":"-"},"content":"    public static void main(String[] args) {","lastModifiedDate":"2019-07-29"},{"lineNumber":11,"author":{"gitId":"ConradLew"},"content":"","lastModifiedDate":"2022-08-17"},{"lineNumber":12,"author":{"gitId":"ConradLew"},"content":"        String dukeGreeting \u003d \"Hello! I\u0027m Duke\\nWhat can I do for you?\";","lastModifiedDate":"2022-08-17"},{"lineNumber":13,"author":{"gitId":"ConradLew"},"content":"        System.out.println(dukeGreeting);","lastModifiedDate":"2022-08-17"},{"lineNumber":14,"author":{"gitId":"ConradLew"},"content":"","lastModifiedDate":"2022-08-17"},{"lineNumber":15,"author":{"gitId":"ConradLew"},"content":"        Scanner sc \u003d new Scanner(System.in);","lastModifiedDate":"2022-08-17"},{"lineNumber":16,"author":{"gitId":"ConradLew"},"content":"        String userResponse \u003d null;","lastModifiedDate":"2022-08-17"},{"lineNumber":17,"author":{"gitId":"ConradLew"},"content":"        ArrayList\u003cTask\u003e userTasks \u003d new ArrayList\u003c\u003e();","lastModifiedDate":"2022-08-17"},{"lineNumber":18,"author":{"gitId":"ConradLew"},"content":"        while (userResponse \u003d\u003d null || !userResponse.equals(\"bye\")) {","lastModifiedDate":"2022-08-17"},{"lineNumber":19,"author":{"gitId":"ConradLew"},"content":"            userResponse \u003d sc.nextLine();","lastModifiedDate":"2022-08-17"},{"lineNumber":20,"author":{"gitId":"ConradLew"},"content":"            String dukeOutput \u003d \"\";","lastModifiedDate":"2022-08-17"},{"lineNumber":21,"author":{"gitId":"ConradLew"},"content":"            String[] parsedUserResponse \u003d userResponse.split(\" \");","lastModifiedDate":"2022-08-17"},{"lineNumber":22,"author":{"gitId":"ConradLew"},"content":"            String mainCommand \u003d parsedUserResponse[0];","lastModifiedDate":"2022-08-17"},{"lineNumber":23,"author":{"gitId":"ConradLew"},"content":"            switch(mainCommand) {","lastModifiedDate":"2022-08-17"},{"lineNumber":24,"author":{"gitId":"ConradLew"},"content":"                case \"\":","lastModifiedDate":"2022-08-17"},{"lineNumber":25,"author":{"gitId":"ConradLew"},"content":"                    break;","lastModifiedDate":"2022-08-17"},{"lineNumber":26,"author":{"gitId":"ConradLew"},"content":"                case \"bye\":","lastModifiedDate":"2022-08-17"},{"lineNumber":27,"author":{"gitId":"ConradLew"},"content":"                    if (parsedUserResponse.length \u003e 1) {","lastModifiedDate":"2022-08-17"},{"lineNumber":28,"author":{"gitId":"ConradLew"},"content":"                        dukeOutput \u003d (\"    \" + \"Invalid number of arguments, only one required\\n\");","lastModifiedDate":"2022-08-18"},{"lineNumber":29,"author":{"gitId":"ConradLew"},"content":"                    } else {","lastModifiedDate":"2022-08-17"},{"lineNumber":30,"author":{"gitId":"ConradLew"},"content":"                        dukeOutput \u003d \"    \" + \"Bye. Hope to see you again soon!\";","lastModifiedDate":"2022-08-17"},{"lineNumber":31,"author":{"gitId":"ConradLew"},"content":"                    }","lastModifiedDate":"2022-08-17"},{"lineNumber":32,"author":{"gitId":"ConradLew"},"content":"                    break;","lastModifiedDate":"2022-08-17"},{"lineNumber":33,"author":{"gitId":"ConradLew"},"content":"                case \"list\":","lastModifiedDate":"2022-08-17"},{"lineNumber":34,"author":{"gitId":"ConradLew"},"content":"                    if (parsedUserResponse.length \u003e 1) {","lastModifiedDate":"2022-08-17"},{"lineNumber":35,"author":{"gitId":"ConradLew"},"content":"                        dukeOutput \u003d (\"    \" + \"Invalid number of arguments, only one required\\n\");","lastModifiedDate":"2022-08-18"},{"lineNumber":36,"author":{"gitId":"ConradLew"},"content":"                    } else {","lastModifiedDate":"2022-08-17"},{"lineNumber":37,"author":{"gitId":"ConradLew"},"content":"                        dukeOutput \u003d \"    \" + \"Here are the tasks in your list:\\n\";","lastModifiedDate":"2022-08-17"},{"lineNumber":38,"author":{"gitId":"ConradLew"},"content":"                        for (int i \u003d 0; i \u003c userTasks.size(); i++) {","lastModifiedDate":"2022-08-17"},{"lineNumber":39,"author":{"gitId":"ConradLew"},"content":"                            Task userTask \u003d userTasks.get(i);","lastModifiedDate":"2022-08-17"},{"lineNumber":40,"author":{"gitId":"ConradLew"},"content":"                            dukeOutput +\u003d \"        \" + (i + 1) + \". \" + userTask + \"\\n\";","lastModifiedDate":"2022-08-17"},{"lineNumber":41,"author":{"gitId":"ConradLew"},"content":"                        }","lastModifiedDate":"2022-08-17"},{"lineNumber":42,"author":{"gitId":"ConradLew"},"content":"                    }","lastModifiedDate":"2022-08-17"},{"lineNumber":43,"author":{"gitId":"ConradLew"},"content":"                    break;","lastModifiedDate":"2022-08-17"},{"lineNumber":44,"author":{"gitId":"ConradLew"},"content":"                case \"mark\":","lastModifiedDate":"2022-08-17"},{"lineNumber":45,"author":{"gitId":"ConradLew"},"content":"                    if (parsedUserResponse.length !\u003d 2) {","lastModifiedDate":"2022-08-17"},{"lineNumber":46,"author":{"gitId":"ConradLew"},"content":"                        dukeOutput \u003d (\"    \" + \"Invalid number of arguments, two required\\n\");","lastModifiedDate":"2022-08-18"},{"lineNumber":47,"author":{"gitId":"ConradLew"},"content":"                    } else {","lastModifiedDate":"2022-08-17"},{"lineNumber":48,"author":{"gitId":"ConradLew"},"content":"                        Integer taskNumber \u003d Integer.parseInt(userResponse.replaceAll(\"[^0-9]\", \"\")) - 1;","lastModifiedDate":"2022-08-17"},{"lineNumber":49,"author":{"gitId":"ConradLew"},"content":"                        try {","lastModifiedDate":"2022-08-18"},{"lineNumber":50,"author":{"gitId":"ConradLew"},"content":"                            Task userTask \u003d userTasks.get(taskNumber);","lastModifiedDate":"2022-08-17"},{"lineNumber":51,"author":{"gitId":"ConradLew"},"content":"                            if (userTask.isCompleted()) {","lastModifiedDate":"2022-08-17"},{"lineNumber":52,"author":{"gitId":"ConradLew"},"content":"                                dukeOutput \u003d \"    \" + \"This task is already marked as done.\\n\";","lastModifiedDate":"2022-08-17"},{"lineNumber":53,"author":{"gitId":"ConradLew"},"content":"                            } else {","lastModifiedDate":"2022-08-17"},{"lineNumber":54,"author":{"gitId":"ConradLew"},"content":"                                userTask.setCompleted();","lastModifiedDate":"2022-08-17"},{"lineNumber":55,"author":{"gitId":"ConradLew"},"content":"                                dukeOutput \u003d \"    \" + \"Nice! I\u0027ve marked this task as done:\\n\"","lastModifiedDate":"2022-08-17"},{"lineNumber":56,"author":{"gitId":"ConradLew"},"content":"                                        + \"      \" + userTask + \"\\n\";","lastModifiedDate":"2022-08-17"},{"lineNumber":57,"author":{"gitId":"ConradLew"},"content":"                            }","lastModifiedDate":"2022-08-17"},{"lineNumber":58,"author":{"gitId":"ConradLew"},"content":"                        } catch (IndexOutOfBoundsException e) {","lastModifiedDate":"2022-08-18"},{"lineNumber":59,"author":{"gitId":"ConradLew"},"content":"                            dukeOutput \u003d \"    \" + \"No such task exists.\\n\";","lastModifiedDate":"2022-08-18"},{"lineNumber":60,"author":{"gitId":"ConradLew"},"content":"                        }","lastModifiedDate":"2022-08-18"},{"lineNumber":61,"author":{"gitId":"ConradLew"},"content":"                    }","lastModifiedDate":"2022-08-17"},{"lineNumber":62,"author":{"gitId":"ConradLew"},"content":"","lastModifiedDate":"2022-08-18"},{"lineNumber":63,"author":{"gitId":"ConradLew"},"content":"                    break;","lastModifiedDate":"2022-08-17"},{"lineNumber":64,"author":{"gitId":"ConradLew"},"content":"                case \"unmark\":","lastModifiedDate":"2022-08-17"},{"lineNumber":65,"author":{"gitId":"ConradLew"},"content":"                    if (parsedUserResponse.length !\u003d 2) {","lastModifiedDate":"2022-08-17"},{"lineNumber":66,"author":{"gitId":"ConradLew"},"content":"                        dukeOutput \u003d (\"    \" + \"Invalid number of arguments, two required\\n\");","lastModifiedDate":"2022-08-18"},{"lineNumber":67,"author":{"gitId":"ConradLew"},"content":"                    } else {","lastModifiedDate":"2022-08-17"},{"lineNumber":68,"author":{"gitId":"ConradLew"},"content":"                        Integer taskNumber \u003d Integer.parseInt(userResponse.replaceAll(\"[^0-9]\", \"\")) - 1;","lastModifiedDate":"2022-08-17"},{"lineNumber":69,"author":{"gitId":"ConradLew"},"content":"                        try {","lastModifiedDate":"2022-08-18"},{"lineNumber":70,"author":{"gitId":"ConradLew"},"content":"                            Task userTask \u003d userTasks.get(taskNumber);","lastModifiedDate":"2022-08-17"},{"lineNumber":71,"author":{"gitId":"ConradLew"},"content":"                            if (!userTask.isCompleted()) {","lastModifiedDate":"2022-08-17"},{"lineNumber":72,"author":{"gitId":"ConradLew"},"content":"                                dukeOutput \u003d \"    \" + \"This task is already marked as not done yet.\\n\";","lastModifiedDate":"2022-08-17"},{"lineNumber":73,"author":{"gitId":"ConradLew"},"content":"                            } else {","lastModifiedDate":"2022-08-17"},{"lineNumber":74,"author":{"gitId":"ConradLew"},"content":"                                userTask.setUncompleted();","lastModifiedDate":"2022-08-17"},{"lineNumber":75,"author":{"gitId":"ConradLew"},"content":"                                dukeOutput \u003d \"    \" + \"OK, I\u0027ve marked this task as not done yet:\\n\"","lastModifiedDate":"2022-08-17"},{"lineNumber":76,"author":{"gitId":"ConradLew"},"content":"                                        + \"      \" + userTask + \"\\n\";","lastModifiedDate":"2022-08-17"},{"lineNumber":77,"author":{"gitId":"ConradLew"},"content":"                            }","lastModifiedDate":"2022-08-17"},{"lineNumber":78,"author":{"gitId":"ConradLew"},"content":"                        } catch (IndexOutOfBoundsException e) {","lastModifiedDate":"2022-08-18"},{"lineNumber":79,"author":{"gitId":"ConradLew"},"content":"                            dukeOutput \u003d \"    \" + \"No such task exists.\\n\";","lastModifiedDate":"2022-08-18"},{"lineNumber":80,"author":{"gitId":"ConradLew"},"content":"                        }","lastModifiedDate":"2022-08-18"},{"lineNumber":81,"author":{"gitId":"ConradLew"},"content":"                    }","lastModifiedDate":"2022-08-17"},{"lineNumber":82,"author":{"gitId":"ConradLew"},"content":"                    break;","lastModifiedDate":"2022-08-17"},{"lineNumber":83,"author":{"gitId":"ConradLew"},"content":"                case \"todo\":","lastModifiedDate":"2022-08-17"},{"lineNumber":84,"author":{"gitId":"ConradLew"},"content":"                    if (parsedUserResponse.length \u003c 2) {","lastModifiedDate":"2022-08-17"},{"lineNumber":85,"author":{"gitId":"ConradLew"},"content":"                        dukeOutput \u003d \"    \" + \"☹ OOPS!!! The description of a todo cannot be empty.\\n\";","lastModifiedDate":"2022-08-17"},{"lineNumber":86,"author":{"gitId":"ConradLew"},"content":"                    } else {","lastModifiedDate":"2022-08-17"},{"lineNumber":87,"author":{"gitId":"ConradLew"},"content":"                        String newTaskDescription \u003d String.join(\" \",","lastModifiedDate":"2022-08-17"},{"lineNumber":88,"author":{"gitId":"ConradLew"},"content":"                                                                Arrays.copyOfRange(parsedUserResponse,","lastModifiedDate":"2022-08-17"},{"lineNumber":89,"author":{"gitId":"ConradLew"},"content":"                                                                              1,","lastModifiedDate":"2022-08-17"},{"lineNumber":90,"author":{"gitId":"ConradLew"},"content":"                                                                                   parsedUserResponse.length));","lastModifiedDate":"2022-08-17"},{"lineNumber":91,"author":{"gitId":"ConradLew"},"content":"                        Task newUserTask \u003d new Todo(newTaskDescription);","lastModifiedDate":"2022-08-17"},{"lineNumber":92,"author":{"gitId":"ConradLew"},"content":"                        userTasks.add(newUserTask);","lastModifiedDate":"2022-08-17"},{"lineNumber":93,"author":{"gitId":"ConradLew"},"content":"                        dukeOutput \u003d \"    \" + \"Got it. I\u0027ve added this task:\\n\"","lastModifiedDate":"2022-08-17"},{"lineNumber":94,"author":{"gitId":"ConradLew"},"content":"                                   + \"        \" + newUserTask + \"\\n\"","lastModifiedDate":"2022-08-17"},{"lineNumber":95,"author":{"gitId":"ConradLew"},"content":"                                   + \"    \" + \"Now you have \" + userTasks.size() + \" tasks in the list.\\n\";","lastModifiedDate":"2022-08-17"},{"lineNumber":96,"author":{"gitId":"ConradLew"},"content":"                    }","lastModifiedDate":"2022-08-17"},{"lineNumber":97,"author":{"gitId":"ConradLew"},"content":"                    break;","lastModifiedDate":"2022-08-17"},{"lineNumber":98,"author":{"gitId":"ConradLew"},"content":"                case \"deadline\":","lastModifiedDate":"2022-08-17"},{"lineNumber":99,"author":{"gitId":"ConradLew"},"content":"                    int bySeparationIndex \u003d Arrays.asList(parsedUserResponse).indexOf(\"/by\");","lastModifiedDate":"2022-08-17"},{"lineNumber":100,"author":{"gitId":"ConradLew"},"content":"                    if (bySeparationIndex \u003d\u003d -1) {","lastModifiedDate":"2022-08-17"},{"lineNumber":101,"author":{"gitId":"ConradLew"},"content":"                        dukeOutput \u003d \"    \" + \"Error: No date added for the deadline.\\n\";","lastModifiedDate":"2022-08-17"},{"lineNumber":102,"author":{"gitId":"ConradLew"},"content":"                    } else {","lastModifiedDate":"2022-08-17"},{"lineNumber":103,"author":{"gitId":"ConradLew"},"content":"                        String newTaskDescription \u003d String.join(\" \",","lastModifiedDate":"2022-08-17"},{"lineNumber":104,"author":{"gitId":"ConradLew"},"content":"                                                                Arrays.copyOfRange(parsedUserResponse,","lastModifiedDate":"2022-08-17"},{"lineNumber":105,"author":{"gitId":"ConradLew"},"content":"                                                                              1,","lastModifiedDate":"2022-08-17"},{"lineNumber":106,"author":{"gitId":"ConradLew"},"content":"                                                                                bySeparationIndex));","lastModifiedDate":"2022-08-17"},{"lineNumber":107,"author":{"gitId":"ConradLew"},"content":"                        String newTaskDeadline \u003d String.join(\" \",","lastModifiedDate":"2022-08-17"},{"lineNumber":108,"author":{"gitId":"ConradLew"},"content":"                                                            Arrays.copyOfRange(parsedUserResponse,","lastModifiedDate":"2022-08-17"},{"lineNumber":109,"author":{"gitId":"ConradLew"},"content":"                                                                    bySeparationIndex + 1,","lastModifiedDate":"2022-08-17"},{"lineNumber":110,"author":{"gitId":"ConradLew"},"content":"                                                                    parsedUserResponse.length));","lastModifiedDate":"2022-08-17"},{"lineNumber":111,"author":{"gitId":"ConradLew"},"content":"                        Task newUserTask \u003d new Deadline(newTaskDescription, newTaskDeadline);","lastModifiedDate":"2022-08-17"},{"lineNumber":112,"author":{"gitId":"ConradLew"},"content":"                        userTasks.add(newUserTask);","lastModifiedDate":"2022-08-17"},{"lineNumber":113,"author":{"gitId":"ConradLew"},"content":"                        dukeOutput \u003d \"    \" + \"Got it. I\u0027ve added this task:\\n\"","lastModifiedDate":"2022-08-17"},{"lineNumber":114,"author":{"gitId":"ConradLew"},"content":"                                + \"        \" + newUserTask + \"\\n\"","lastModifiedDate":"2022-08-17"},{"lineNumber":115,"author":{"gitId":"ConradLew"},"content":"                                + \"    \" + \"Now you have \" + userTasks.size() + \" tasks in the list.\\n\";","lastModifiedDate":"2022-08-17"},{"lineNumber":116,"author":{"gitId":"ConradLew"},"content":"                    }","lastModifiedDate":"2022-08-17"},{"lineNumber":117,"author":{"gitId":"ConradLew"},"content":"","lastModifiedDate":"2022-08-17"},{"lineNumber":118,"author":{"gitId":"ConradLew"},"content":"                    break;","lastModifiedDate":"2022-08-17"},{"lineNumber":119,"author":{"gitId":"ConradLew"},"content":"                case \"event\":","lastModifiedDate":"2022-08-17"},{"lineNumber":120,"author":{"gitId":"ConradLew"},"content":"                    int atSeparationIndex \u003d Arrays.asList(parsedUserResponse).indexOf(\"/at\");","lastModifiedDate":"2022-08-17"},{"lineNumber":121,"author":{"gitId":"ConradLew"},"content":"                    if (atSeparationIndex \u003d\u003d -1) {","lastModifiedDate":"2022-08-17"},{"lineNumber":122,"author":{"gitId":"ConradLew"},"content":"                        dukeOutput \u003d \"    \" + \"Error: No date added for the event.\\n\";","lastModifiedDate":"2022-08-17"},{"lineNumber":123,"author":{"gitId":"ConradLew"},"content":"                    } else {","lastModifiedDate":"2022-08-17"},{"lineNumber":124,"author":{"gitId":"ConradLew"},"content":"                        String newTaskDescription \u003d String.join(\" \",","lastModifiedDate":"2022-08-17"},{"lineNumber":125,"author":{"gitId":"ConradLew"},"content":"                                Arrays.copyOfRange(parsedUserResponse,","lastModifiedDate":"2022-08-17"},{"lineNumber":126,"author":{"gitId":"ConradLew"},"content":"                                        1,","lastModifiedDate":"2022-08-17"},{"lineNumber":127,"author":{"gitId":"ConradLew"},"content":"                                        atSeparationIndex));","lastModifiedDate":"2022-08-17"},{"lineNumber":128,"author":{"gitId":"ConradLew"},"content":"                        String newEventTime \u003d String.join(\" \",","lastModifiedDate":"2022-08-17"},{"lineNumber":129,"author":{"gitId":"ConradLew"},"content":"                                Arrays.copyOfRange(parsedUserResponse,","lastModifiedDate":"2022-08-17"},{"lineNumber":130,"author":{"gitId":"ConradLew"},"content":"                                        atSeparationIndex + 1,","lastModifiedDate":"2022-08-17"},{"lineNumber":131,"author":{"gitId":"ConradLew"},"content":"                                        parsedUserResponse.length));","lastModifiedDate":"2022-08-17"},{"lineNumber":132,"author":{"gitId":"ConradLew"},"content":"                        Task newUserTask \u003d new Event(newTaskDescription, newEventTime);","lastModifiedDate":"2022-08-17"},{"lineNumber":133,"author":{"gitId":"ConradLew"},"content":"                        userTasks.add(newUserTask);","lastModifiedDate":"2022-08-17"},{"lineNumber":134,"author":{"gitId":"ConradLew"},"content":"                        dukeOutput \u003d \"    \" + \"Got it. I\u0027ve added this task:\\n\"","lastModifiedDate":"2022-08-17"},{"lineNumber":135,"author":{"gitId":"ConradLew"},"content":"                                + \"        \" + newUserTask + \"\\n\"","lastModifiedDate":"2022-08-17"},{"lineNumber":136,"author":{"gitId":"ConradLew"},"content":"                                + \"    \" + \"Now you have \" + userTasks.size() + \" tasks in the list.\\n\";","lastModifiedDate":"2022-08-17"},{"lineNumber":137,"author":{"gitId":"ConradLew"},"content":"                    }","lastModifiedDate":"2022-08-17"},{"lineNumber":138,"author":{"gitId":"ConradLew"},"content":"","lastModifiedDate":"2022-08-17"},{"lineNumber":139,"author":{"gitId":"ConradLew"},"content":"                    break;","lastModifiedDate":"2022-08-18"},{"lineNumber":140,"author":{"gitId":"ConradLew"},"content":"                case \"delete\":","lastModifiedDate":"2022-08-18"},{"lineNumber":141,"author":{"gitId":"ConradLew"},"content":"                    if (parsedUserResponse.length !\u003d 2) {","lastModifiedDate":"2022-08-18"},{"lineNumber":142,"author":{"gitId":"ConradLew"},"content":"                        dukeOutput \u003d \"    \" + \"Invalid number of arguments, two required\\n\";","lastModifiedDate":"2022-08-18"},{"lineNumber":143,"author":{"gitId":"ConradLew"},"content":"                    } else {","lastModifiedDate":"2022-08-18"},{"lineNumber":144,"author":{"gitId":"ConradLew"},"content":"                        int taskNumber \u003d Integer.parseInt(userResponse.replaceAll(\"[^0-9]\", \"\")) - 1;","lastModifiedDate":"2022-08-18"},{"lineNumber":145,"author":{"gitId":"ConradLew"},"content":"                        try {","lastModifiedDate":"2022-08-18"},{"lineNumber":146,"author":{"gitId":"ConradLew"},"content":"                            Task userTask \u003d userTasks.get(taskNumber);","lastModifiedDate":"2022-08-18"},{"lineNumber":147,"author":{"gitId":"ConradLew"},"content":"                            userTasks.remove(taskNumber);","lastModifiedDate":"2022-08-18"},{"lineNumber":148,"author":{"gitId":"ConradLew"},"content":"                            dukeOutput \u003d (\"    \" + \"Noted. I\u0027ve removed this task:\\n\" +","lastModifiedDate":"2022-08-18"},{"lineNumber":149,"author":{"gitId":"ConradLew"},"content":"                                    \"    \" + userTask + \"\\n\" +","lastModifiedDate":"2022-08-18"},{"lineNumber":150,"author":{"gitId":"ConradLew"},"content":"                                    \"    \" + \"Now you have \" + userTasks.size() +  \" tasks in the list.\\n\");","lastModifiedDate":"2022-08-18"},{"lineNumber":151,"author":{"gitId":"ConradLew"},"content":"                        } catch (IndexOutOfBoundsException e) {","lastModifiedDate":"2022-08-18"},{"lineNumber":152,"author":{"gitId":"ConradLew"},"content":"                            dukeOutput \u003d \"    \" + \"No such task exists.\\n\";","lastModifiedDate":"2022-08-18"},{"lineNumber":153,"author":{"gitId":"ConradLew"},"content":"                        }","lastModifiedDate":"2022-08-18"},{"lineNumber":154,"author":{"gitId":"ConradLew"},"content":"                    }","lastModifiedDate":"2022-08-18"},{"lineNumber":155,"author":{"gitId":"ConradLew"},"content":"","lastModifiedDate":"2022-08-18"},{"lineNumber":156,"author":{"gitId":"ConradLew"},"content":"                    break;","lastModifiedDate":"2022-08-17"},{"lineNumber":157,"author":{"gitId":"ConradLew"},"content":"                default:","lastModifiedDate":"2022-08-17"},{"lineNumber":158,"author":{"gitId":"ConradLew"},"content":"                    dukeOutput \u003d \"    \" + \"☹ OOPS!!! I\u0027m sorry, but I don\u0027t know what that means :-(\\n\";","lastModifiedDate":"2022-08-17"},{"lineNumber":159,"author":{"gitId":"ConradLew"},"content":"            }","lastModifiedDate":"2022-08-17"},{"lineNumber":160,"author":{"gitId":"ConradLew"},"content":"            System.out.println(dukeOutput);","lastModifiedDate":"2022-08-17"},{"lineNumber":161,"author":{"gitId":"ConradLew"},"content":"        }","lastModifiedDate":"2022-08-17"},{"lineNumber":162,"author":{"gitId":"ConradLew"},"content":"","lastModifiedDate":"2022-08-17"},{"lineNumber":163,"author":{"gitId":"-"},"content":"    }","lastModifiedDate":"2019-07-29"},{"lineNumber":164,"author":{"gitId":"-"},"content":"}","lastModifiedDate":"2019-07-29"}],"authorContributionMap":{"-":4,"ConradLew":160}},{"path":"src/main/java/DukeException.java","fileType":"java","lines":[{"lineNumber":1,"author":{"gitId":"ConradLew"},"content":"/**","lastModifiedDate":"2022-08-18"},{"lineNumber":2,"author":{"gitId":"ConradLew"},"content":" * Encapsulates specific errors unique to Duke.","lastModifiedDate":"2022-08-18"},{"lineNumber":3,"author":{"gitId":"ConradLew"},"content":" *","lastModifiedDate":"2022-08-18"},{"lineNumber":4,"author":{"gitId":"ConradLew"},"content":" * @author Conrad","lastModifiedDate":"2022-08-18"},{"lineNumber":5,"author":{"gitId":"ConradLew"},"content":" */","lastModifiedDate":"2022-08-18"},{"lineNumber":6,"author":{"gitId":"ConradLew"},"content":"","lastModifiedDate":"2022-08-18"},{"lineNumber":7,"author":{"gitId":"ConradLew"},"content":"public class DukeException extends Exception {","lastModifiedDate":"2022-08-18"},{"lineNumber":8,"author":{"gitId":"ConradLew"},"content":"","lastModifiedDate":"2022-08-18"},{"lineNumber":9,"author":{"gitId":"ConradLew"},"content":"    /**","lastModifiedDate":"2022-08-18"},{"lineNumber":10,"author":{"gitId":"ConradLew"},"content":"     * Constructor for creating a Duke-specific exception.","lastModifiedDate":"2022-08-18"},{"lineNumber":11,"author":{"gitId":"ConradLew"},"content":"     *","lastModifiedDate":"2022-08-18"},{"lineNumber":12,"author":{"gitId":"ConradLew"},"content":"     * @param msg Description of the error.","lastModifiedDate":"2022-08-18"},{"lineNumber":13,"author":{"gitId":"ConradLew"},"content":"     */","lastModifiedDate":"2022-08-18"},{"lineNumber":14,"author":{"gitId":"ConradLew"},"content":"    public DukeException(String msg) {","lastModifiedDate":"2022-08-18"},{"lineNumber":15,"author":{"gitId":"ConradLew"},"content":"        super(msg);","lastModifiedDate":"2022-08-18"},{"lineNumber":16,"author":{"gitId":"ConradLew"},"content":"    }","lastModifiedDate":"2022-08-18"},{"lineNumber":17,"author":{"gitId":"ConradLew"},"content":"","lastModifiedDate":"2022-08-18"},{"lineNumber":18,"author":{"gitId":"ConradLew"},"content":"}","lastModifiedDate":"2022-08-18"}],"authorContributionMap":{"ConradLew":18}},{"path":"src/main/java/Event.java","fileType":"java","lines":[{"lineNumber":1,"author":{"gitId":"ConradLew"},"content":"/**","lastModifiedDate":"2022-08-18"},{"lineNumber":2,"author":{"gitId":"ConradLew"},"content":" * Encapsulates an Event task which occurs at a","lastModifiedDate":"2022-08-18"},{"lineNumber":3,"author":{"gitId":"ConradLew"},"content":" * specified time.","lastModifiedDate":"2022-08-18"},{"lineNumber":4,"author":{"gitId":"ConradLew"},"content":" *","lastModifiedDate":"2022-08-18"},{"lineNumber":5,"author":{"gitId":"ConradLew"},"content":" * @author Conrad","lastModifiedDate":"2022-08-18"},{"lineNumber":6,"author":{"gitId":"ConradLew"},"content":" */","lastModifiedDate":"2022-08-18"},{"lineNumber":7,"author":{"gitId":"ConradLew"},"content":"public class Event extends Task {","lastModifiedDate":"2022-08-17"},{"lineNumber":8,"author":{"gitId":"ConradLew"},"content":"","lastModifiedDate":"2022-08-17"},{"lineNumber":9,"author":{"gitId":"ConradLew"},"content":"    private String eventTime;","lastModifiedDate":"2022-08-17"},{"lineNumber":10,"author":{"gitId":"ConradLew"},"content":"","lastModifiedDate":"2022-08-17"},{"lineNumber":11,"author":{"gitId":"ConradLew"},"content":"    /**","lastModifiedDate":"2022-08-18"},{"lineNumber":12,"author":{"gitId":"ConradLew"},"content":"     * Constructor for creating an event task.","lastModifiedDate":"2022-08-18"},{"lineNumber":13,"author":{"gitId":"ConradLew"},"content":"     *","lastModifiedDate":"2022-08-18"},{"lineNumber":14,"author":{"gitId":"ConradLew"},"content":"     * @param taskDescription A description of the event.","lastModifiedDate":"2022-08-18"},{"lineNumber":15,"author":{"gitId":"ConradLew"},"content":"     * @param eventTime The time at which the event takes place.","lastModifiedDate":"2022-08-18"},{"lineNumber":16,"author":{"gitId":"ConradLew"},"content":"     */","lastModifiedDate":"2022-08-18"},{"lineNumber":17,"author":{"gitId":"ConradLew"},"content":"    public Event(String taskDescription, String eventTime) {","lastModifiedDate":"2022-08-17"},{"lineNumber":18,"author":{"gitId":"ConradLew"},"content":"        super(taskDescription);","lastModifiedDate":"2022-08-17"},{"lineNumber":19,"author":{"gitId":"ConradLew"},"content":"        this.eventTime \u003d eventTime;","lastModifiedDate":"2022-08-17"},{"lineNumber":20,"author":{"gitId":"ConradLew"},"content":"    }","lastModifiedDate":"2022-08-17"},{"lineNumber":21,"author":{"gitId":"ConradLew"},"content":"","lastModifiedDate":"2022-08-17"},{"lineNumber":22,"author":{"gitId":"ConradLew"},"content":"    /**","lastModifiedDate":"2022-08-18"},{"lineNumber":23,"author":{"gitId":"ConradLew"},"content":"     * Return a string representation of an event task.","lastModifiedDate":"2022-08-18"},{"lineNumber":24,"author":{"gitId":"ConradLew"},"content":"     *","lastModifiedDate":"2022-08-18"},{"lineNumber":25,"author":{"gitId":"ConradLew"},"content":"     * @return The string representation of an event task.","lastModifiedDate":"2022-08-18"},{"lineNumber":26,"author":{"gitId":"ConradLew"},"content":"     */","lastModifiedDate":"2022-08-18"},{"lineNumber":27,"author":{"gitId":"ConradLew"},"content":"    @Override","lastModifiedDate":"2022-08-17"},{"lineNumber":28,"author":{"gitId":"ConradLew"},"content":"    public String toString() {","lastModifiedDate":"2022-08-17"},{"lineNumber":29,"author":{"gitId":"ConradLew"},"content":"        String taskStatusIndicator \u003d \"[E]\" + (this.isCompleted() ? \"[X] \" : \"[ ] \");","lastModifiedDate":"2022-08-17"},{"lineNumber":30,"author":{"gitId":"ConradLew"},"content":"        return taskStatusIndicator + this.getTaskDescription() + \" (at: \" + this.eventTime + \")\";","lastModifiedDate":"2022-08-17"},{"lineNumber":31,"author":{"gitId":"ConradLew"},"content":"    }","lastModifiedDate":"2022-08-17"},{"lineNumber":32,"author":{"gitId":"ConradLew"},"content":"}","lastModifiedDate":"2022-08-17"}],"authorContributionMap":{"ConradLew":32}},{"path":"src/main/java/Task.java","fileType":"java","lines":[{"lineNumber":1,"author":{"gitId":"ConradLew"},"content":"/**","lastModifiedDate":"2022-08-18"},{"lineNumber":2,"author":{"gitId":"ConradLew"},"content":" * Encapsulates a task to be completed.","lastModifiedDate":"2022-08-18"},{"lineNumber":3,"author":{"gitId":"ConradLew"},"content":" *","lastModifiedDate":"2022-08-18"},{"lineNumber":4,"author":{"gitId":"ConradLew"},"content":" * @author Conrad","lastModifiedDate":"2022-08-18"},{"lineNumber":5,"author":{"gitId":"ConradLew"},"content":" */","lastModifiedDate":"2022-08-18"},{"lineNumber":6,"author":{"gitId":"ConradLew"},"content":"","lastModifiedDate":"2022-08-18"},{"lineNumber":7,"author":{"gitId":"ConradLew"},"content":"public class Task {","lastModifiedDate":"2022-08-17"},{"lineNumber":8,"author":{"gitId":"ConradLew"},"content":"    private String taskDescription;","lastModifiedDate":"2022-08-17"},{"lineNumber":9,"author":{"gitId":"ConradLew"},"content":"    private boolean completed;","lastModifiedDate":"2022-08-17"},{"lineNumber":10,"author":{"gitId":"ConradLew"},"content":"","lastModifiedDate":"2022-08-17"},{"lineNumber":11,"author":{"gitId":"ConradLew"},"content":"    /**","lastModifiedDate":"2022-08-18"},{"lineNumber":12,"author":{"gitId":"ConradLew"},"content":"     * Constructor for creating a task.","lastModifiedDate":"2022-08-18"},{"lineNumber":13,"author":{"gitId":"ConradLew"},"content":"     *","lastModifiedDate":"2022-08-18"},{"lineNumber":14,"author":{"gitId":"ConradLew"},"content":"     * @param taskDescription A description of the task.","lastModifiedDate":"2022-08-18"},{"lineNumber":15,"author":{"gitId":"ConradLew"},"content":"     */","lastModifiedDate":"2022-08-18"},{"lineNumber":16,"author":{"gitId":"ConradLew"},"content":"    public Task(String taskDescription) {","lastModifiedDate":"2022-08-17"},{"lineNumber":17,"author":{"gitId":"ConradLew"},"content":"        this.taskDescription \u003d taskDescription;","lastModifiedDate":"2022-08-17"},{"lineNumber":18,"author":{"gitId":"ConradLew"},"content":"        this.completed \u003d false;","lastModifiedDate":"2022-08-17"},{"lineNumber":19,"author":{"gitId":"ConradLew"},"content":"    }","lastModifiedDate":"2022-08-17"},{"lineNumber":20,"author":{"gitId":"ConradLew"},"content":"","lastModifiedDate":"2022-08-17"},{"lineNumber":21,"author":{"gitId":"ConradLew"},"content":"","lastModifiedDate":"2022-08-18"},{"lineNumber":22,"author":{"gitId":"ConradLew"},"content":"    /**","lastModifiedDate":"2022-08-18"},{"lineNumber":23,"author":{"gitId":"ConradLew"},"content":"     * Marks the task as complete.","lastModifiedDate":"2022-08-18"},{"lineNumber":24,"author":{"gitId":"ConradLew"},"content":"     *","lastModifiedDate":"2022-08-18"},{"lineNumber":25,"author":{"gitId":"ConradLew"},"content":"     */","lastModifiedDate":"2022-08-18"},{"lineNumber":26,"author":{"gitId":"ConradLew"},"content":"    public void setCompleted() {","lastModifiedDate":"2022-08-17"},{"lineNumber":27,"author":{"gitId":"ConradLew"},"content":"        this.completed \u003d true;","lastModifiedDate":"2022-08-17"},{"lineNumber":28,"author":{"gitId":"ConradLew"},"content":"    }","lastModifiedDate":"2022-08-17"},{"lineNumber":29,"author":{"gitId":"ConradLew"},"content":"","lastModifiedDate":"2022-08-17"},{"lineNumber":30,"author":{"gitId":"ConradLew"},"content":"    /**","lastModifiedDate":"2022-08-18"},{"lineNumber":31,"author":{"gitId":"ConradLew"},"content":"     * Marks the task as incomplete.","lastModifiedDate":"2022-08-18"},{"lineNumber":32,"author":{"gitId":"ConradLew"},"content":"     *","lastModifiedDate":"2022-08-18"},{"lineNumber":33,"author":{"gitId":"ConradLew"},"content":"     */","lastModifiedDate":"2022-08-18"},{"lineNumber":34,"author":{"gitId":"ConradLew"},"content":"    public void setUncompleted() {","lastModifiedDate":"2022-08-17"},{"lineNumber":35,"author":{"gitId":"ConradLew"},"content":"        this.completed \u003d false;","lastModifiedDate":"2022-08-17"},{"lineNumber":36,"author":{"gitId":"ConradLew"},"content":"    }","lastModifiedDate":"2022-08-17"},{"lineNumber":37,"author":{"gitId":"ConradLew"},"content":"","lastModifiedDate":"2022-08-17"},{"lineNumber":38,"author":{"gitId":"ConradLew"},"content":"    /**","lastModifiedDate":"2022-08-18"},{"lineNumber":39,"author":{"gitId":"ConradLew"},"content":"     * Checks if the given task is completed.","lastModifiedDate":"2022-08-18"},{"lineNumber":40,"author":{"gitId":"ConradLew"},"content":"     *","lastModifiedDate":"2022-08-18"},{"lineNumber":41,"author":{"gitId":"ConradLew"},"content":"     * @return A boolean representing whether the task is marked as completed.","lastModifiedDate":"2022-08-18"},{"lineNumber":42,"author":{"gitId":"ConradLew"},"content":"     */","lastModifiedDate":"2022-08-18"},{"lineNumber":43,"author":{"gitId":"ConradLew"},"content":"    public boolean isCompleted() {","lastModifiedDate":"2022-08-17"},{"lineNumber":44,"author":{"gitId":"ConradLew"},"content":"        return this.completed;","lastModifiedDate":"2022-08-17"},{"lineNumber":45,"author":{"gitId":"ConradLew"},"content":"    }","lastModifiedDate":"2022-08-17"},{"lineNumber":46,"author":{"gitId":"ConradLew"},"content":"","lastModifiedDate":"2022-08-17"},{"lineNumber":47,"author":{"gitId":"ConradLew"},"content":"    /**","lastModifiedDate":"2022-08-18"},{"lineNumber":48,"author":{"gitId":"ConradLew"},"content":"     * Get the description of the task.","lastModifiedDate":"2022-08-18"},{"lineNumber":49,"author":{"gitId":"ConradLew"},"content":"     *","lastModifiedDate":"2022-08-18"},{"lineNumber":50,"author":{"gitId":"ConradLew"},"content":"     * @return A string representing the description of the task.","lastModifiedDate":"2022-08-18"},{"lineNumber":51,"author":{"gitId":"ConradLew"},"content":"     */","lastModifiedDate":"2022-08-18"},{"lineNumber":52,"author":{"gitId":"ConradLew"},"content":"    public String getTaskDescription() {","lastModifiedDate":"2022-08-17"},{"lineNumber":53,"author":{"gitId":"ConradLew"},"content":"        return this.taskDescription;","lastModifiedDate":"2022-08-17"},{"lineNumber":54,"author":{"gitId":"ConradLew"},"content":"    }","lastModifiedDate":"2022-08-17"},{"lineNumber":55,"author":{"gitId":"ConradLew"},"content":"","lastModifiedDate":"2022-08-17"},{"lineNumber":56,"author":{"gitId":"ConradLew"},"content":"","lastModifiedDate":"2022-08-18"},{"lineNumber":57,"author":{"gitId":"ConradLew"},"content":"    /**","lastModifiedDate":"2022-08-18"},{"lineNumber":58,"author":{"gitId":"ConradLew"},"content":"     * Return a string representation of a task.","lastModifiedDate":"2022-08-18"},{"lineNumber":59,"author":{"gitId":"ConradLew"},"content":"     *","lastModifiedDate":"2022-08-18"},{"lineNumber":60,"author":{"gitId":"ConradLew"},"content":"     * @return The string representation of a task.","lastModifiedDate":"2022-08-18"},{"lineNumber":61,"author":{"gitId":"ConradLew"},"content":"     */","lastModifiedDate":"2022-08-18"},{"lineNumber":62,"author":{"gitId":"ConradLew"},"content":"    @Override","lastModifiedDate":"2022-08-17"},{"lineNumber":63,"author":{"gitId":"ConradLew"},"content":"    public String toString() {","lastModifiedDate":"2022-08-17"},{"lineNumber":64,"author":{"gitId":"ConradLew"},"content":"        String taskStatusIndicator \u003d this.completed ? \" [X] \" : \" [ ] \";","lastModifiedDate":"2022-08-17"},{"lineNumber":65,"author":{"gitId":"ConradLew"},"content":"        return taskStatusIndicator + this.taskDescription;","lastModifiedDate":"2022-08-17"},{"lineNumber":66,"author":{"gitId":"ConradLew"},"content":"    }","lastModifiedDate":"2022-08-17"},{"lineNumber":67,"author":{"gitId":"ConradLew"},"content":"}","lastModifiedDate":"2022-08-17"}],"authorContributionMap":{"ConradLew":67}},{"path":"src/main/java/Todo.java","fileType":"java","lines":[{"lineNumber":1,"author":{"gitId":"ConradLew"},"content":"/**","lastModifiedDate":"2022-08-18"},{"lineNumber":2,"author":{"gitId":"ConradLew"},"content":" * Encapsulates a todo, a task which has to be completed without any time constraints.","lastModifiedDate":"2022-08-18"},{"lineNumber":3,"author":{"gitId":"ConradLew"},"content":" *","lastModifiedDate":"2022-08-18"},{"lineNumber":4,"author":{"gitId":"ConradLew"},"content":" * @author Conrad","lastModifiedDate":"2022-08-18"},{"lineNumber":5,"author":{"gitId":"ConradLew"},"content":" */","lastModifiedDate":"2022-08-18"},{"lineNumber":6,"author":{"gitId":"ConradLew"},"content":"public class Todo extends Task {","lastModifiedDate":"2022-08-17"},{"lineNumber":7,"author":{"gitId":"ConradLew"},"content":"","lastModifiedDate":"2022-08-17"},{"lineNumber":8,"author":{"gitId":"ConradLew"},"content":"    /**","lastModifiedDate":"2022-08-18"},{"lineNumber":9,"author":{"gitId":"ConradLew"},"content":"     * Constructor for creating a todo.","lastModifiedDate":"2022-08-18"},{"lineNumber":10,"author":{"gitId":"ConradLew"},"content":"     *","lastModifiedDate":"2022-08-18"},{"lineNumber":11,"author":{"gitId":"ConradLew"},"content":"     * @param taskDescription A description of the todo.","lastModifiedDate":"2022-08-18"},{"lineNumber":12,"author":{"gitId":"ConradLew"},"content":"     */","lastModifiedDate":"2022-08-18"},{"lineNumber":13,"author":{"gitId":"ConradLew"},"content":"    public Todo(String taskDescription) {","lastModifiedDate":"2022-08-17"},{"lineNumber":14,"author":{"gitId":"ConradLew"},"content":"        super(taskDescription);","lastModifiedDate":"2022-08-17"},{"lineNumber":15,"author":{"gitId":"ConradLew"},"content":"    }","lastModifiedDate":"2022-08-17"},{"lineNumber":16,"author":{"gitId":"ConradLew"},"content":"","lastModifiedDate":"2022-08-17"},{"lineNumber":17,"author":{"gitId":"ConradLew"},"content":"    /**","lastModifiedDate":"2022-08-18"},{"lineNumber":18,"author":{"gitId":"ConradLew"},"content":"     * Return a string representation of a todo.","lastModifiedDate":"2022-08-18"},{"lineNumber":19,"author":{"gitId":"ConradLew"},"content":"     *","lastModifiedDate":"2022-08-18"},{"lineNumber":20,"author":{"gitId":"ConradLew"},"content":"     * @return The string representation of a todo.","lastModifiedDate":"2022-08-18"},{"lineNumber":21,"author":{"gitId":"ConradLew"},"content":"     */","lastModifiedDate":"2022-08-18"},{"lineNumber":22,"author":{"gitId":"ConradLew"},"content":"    @Override","lastModifiedDate":"2022-08-17"},{"lineNumber":23,"author":{"gitId":"ConradLew"},"content":"    public String toString() {","lastModifiedDate":"2022-08-17"},{"lineNumber":24,"author":{"gitId":"ConradLew"},"content":"        String taskStatusIndicator \u003d \"[T]\" + (this.isCompleted() ? \"[X] \" : \"[ ] \");","lastModifiedDate":"2022-08-17"},{"lineNumber":25,"author":{"gitId":"ConradLew"},"content":"        return taskStatusIndicator + this.getTaskDescription();","lastModifiedDate":"2022-08-17"},{"lineNumber":26,"author":{"gitId":"ConradLew"},"content":"    }","lastModifiedDate":"2022-08-17"},{"lineNumber":27,"author":{"gitId":"ConradLew"},"content":"}","lastModifiedDate":"2022-08-17"}],"authorContributionMap":{"ConradLew":27}},{"path":"text-ui-test/input.txt","fileType":"txt","lines":[{"lineNumber":1,"author":{"gitId":"ConradLew"},"content":"todo read book","lastModifiedDate":"2022-08-17"},{"lineNumber":2,"author":{"gitId":"ConradLew"},"content":"deadline return book /by June 6th","lastModifiedDate":"2022-08-17"},{"lineNumber":3,"author":{"gitId":"ConradLew"},"content":"event project meeting /at Aug 6th 2-4pm","lastModifiedDate":"2022-08-17"},{"lineNumber":4,"author":{"gitId":"ConradLew"},"content":"todo join sports club","lastModifiedDate":"2022-08-17"},{"lineNumber":5,"author":{"gitId":"ConradLew"},"content":"mark 1","lastModifiedDate":"2022-08-17"},{"lineNumber":6,"author":{"gitId":"ConradLew"},"content":"mark 4","lastModifiedDate":"2022-08-17"},{"lineNumber":7,"author":{"gitId":"ConradLew"},"content":"todo borrow book","lastModifiedDate":"2022-08-17"},{"lineNumber":8,"author":{"gitId":"ConradLew"},"content":"list","lastModifiedDate":"2022-08-17"},{"lineNumber":9,"author":{"gitId":"ConradLew"},"content":"deadline return book /by Sunday","lastModifiedDate":"2022-08-17"},{"lineNumber":10,"author":{"gitId":"ConradLew"},"content":"event project meeting /at Mon 2-4pm","lastModifiedDate":"2022-08-17"},{"lineNumber":11,"author":{"gitId":"ConradLew"},"content":"deadline do homework /by no idea :-p","lastModifiedDate":"2022-08-17"},{"lineNumber":12,"author":{"gitId":"ConradLew"},"content":"unmark 1","lastModifiedDate":"2022-08-17"},{"lineNumber":13,"author":{"gitId":"ConradLew"},"content":"unmark 1","lastModifiedDate":"2022-08-17"},{"lineNumber":14,"author":{"gitId":"ConradLew"},"content":"mark 4","lastModifiedDate":"2022-08-17"},{"lineNumber":15,"author":{"gitId":"ConradLew"},"content":"list","lastModifiedDate":"2022-08-17"},{"lineNumber":16,"author":{"gitId":"ConradLew"},"content":"delete 4","lastModifiedDate":"2022-08-18"},{"lineNumber":17,"author":{"gitId":"ConradLew"},"content":"list","lastModifiedDate":"2022-08-18"},{"lineNumber":18,"author":{"gitId":"ConradLew"},"content":"blah","lastModifiedDate":"2022-08-18"},{"lineNumber":19,"author":{"gitId":"ConradLew"},"content":"todo","lastModifiedDate":"2022-08-18"},{"lineNumber":20,"author":{"gitId":"ConradLew"},"content":"event","lastModifiedDate":"2022-08-18"},{"lineNumber":21,"author":{"gitId":"ConradLew"},"content":"event do tasks","lastModifiedDate":"2022-08-18"},{"lineNumber":22,"author":{"gitId":"ConradLew"},"content":"deadline","lastModifiedDate":"2022-08-18"},{"lineNumber":23,"author":{"gitId":"ConradLew"},"content":"deadline do tasks","lastModifiedDate":"2022-08-18"},{"lineNumber":24,"author":{"gitId":"ConradLew"},"content":"list a","lastModifiedDate":"2022-08-18"},{"lineNumber":25,"author":{"gitId":"ConradLew"},"content":"bye 2","lastModifiedDate":"2022-08-18"},{"lineNumber":26,"author":{"gitId":"ConradLew"},"content":"mark","lastModifiedDate":"2022-08-18"},{"lineNumber":27,"author":{"gitId":"ConradLew"},"content":"unmark","lastModifiedDate":"2022-08-18"},{"lineNumber":28,"author":{"gitId":"ConradLew"},"content":"delete","lastModifiedDate":"2022-08-18"},{"lineNumber":29,"author":{"gitId":"ConradLew"},"content":"mark 15","lastModifiedDate":"2022-08-18"},{"lineNumber":30,"author":{"gitId":"ConradLew"},"content":"unmark 15","lastModifiedDate":"2022-08-18"},{"lineNumber":31,"author":{"gitId":"ConradLew"},"content":"delete 15","lastModifiedDate":"2022-08-18"},{"lineNumber":32,"author":{"gitId":"ConradLew"},"content":"bye","lastModifiedDate":"2022-08-17"}],"authorContributionMap":{"ConradLew":32}}]
