{"authorDailyContributionsMap":{"Neethesh26":[{"date":"2022-08-16","commitResults":[{"hash":"564b44324aed2cdb282a8c51ae27e0d1cc45a763","messageTitle":"Level-1","messageBody":"","fileTypesAndContributionMap":{"java":{"insertions":18,"deletions":6}}}]},{"date":"2022-08-17","commitResults":[{"hash":"7bfbb5caceeeca71cc64fb3a5210e042596f5a0f","messageTitle":"Level-1","messageBody":"","tags":["Level-2"],"fileTypesAndContributionMap":{"java":{"insertions":18,"deletions":3}}}]},{"date":"2022-08-18","commitResults":[{"hash":"cc5f90fa002cd767f7767a1391f9da31f861d8c3","messageTitle":"Level-3","messageBody":"","tags":["Level-3"],"fileTypesAndContributionMap":{"java":{"insertions":61,"deletions":7}}},{"hash":"8823d4a9c1e2b5fb25aea4ae74b4eacecb7d6608","messageTitle":"Level-4","messageBody":"","tags":["Level-4"],"fileTypesAndContributionMap":{"java":{"insertions":144,"deletions":32}}},{"hash":"c9b2b3844869211c69e37aee2de969e424eee3ad","messageTitle":"Level-5","messageBody":"","tags":["Level-5","A-TextUiTesting"],"fileTypesAndContributionMap":{"txt":{"insertions":1,"deletions":0}}},{"hash":"6409c6e686309c80bee23a7a677854409623b2b5","messageTitle":"Level-5","messageBody":"","fileTypesAndContributionMap":{"java":{"insertions":51,"deletions":6}}},{"hash":"67a6257f0b44df848e14044097bf1fefb0b75c27","messageTitle":"Level-6","messageBody":"","tags":["Level-6"],"fileTypesAndContributionMap":{"java":{"insertions":36,"deletions":12}}}]}]},"authorFileTypeContributionMap":{"Neethesh26":{"java":268,"md":0,"fxml":0,"sh":0,"bat":0,"gradle":0,"txt":1}},"authorContributionVariance":{"Neethesh26":14461.103},"authorDisplayNameMap":{"Neethesh26":"T NE..HESH"}}
