{"authorDailyContributionsMap":{"Neethesh26":[{"date":"2022-08-16","commitResults":[{"hash":"564b44324aed2cdb282a8c51ae27e0d1cc45a763","messageTitle":"Level-1","messageBody":"","fileTypesAndContributionMap":{"java":{"insertions":18,"deletions":6}}}]},{"date":"2022-08-17","commitResults":[{"hash":"7bfbb5caceeeca71cc64fb3a5210e042596f5a0f","messageTitle":"Level-1","messageBody":"","tags":["Level-2"],"fileTypesAndContributionMap":{"java":{"insertions":18,"deletions":3}}}]}]},"authorFileTypeContributionMap":{"Neethesh26":{"java":33,"md":0,"fxml":0,"sh":0,"bat":0,"gradle":0,"txt":0}},"authorContributionVariance":{"Neethesh26":113.25},"authorDisplayNameMap":{"Neethesh26":"T NE..HESH"}}
