{"authorDailyContributionsMap":{"kangzongxian":[{"date":"2022-08-17","commitResults":[{"hash":"4b9f9bdcdd70c0a9820147cdf0cbc5233deebdbb","messageTitle":"Added Greeting, Echo and Exit Capabilities for Duke (Level-1)","messageBody":"","tags":["Level-1"],"fileTypesAndContributionMap":{"java":{"insertions":29,"deletions":1}}},{"hash":"b118e2c705fdd36e440673d5de567d4074901505","messageTitle":"Added Ability to store text into Array (Level-2)","messageBody":"","tags":["Level-2"],"fileTypesAndContributionMap":{"java":{"insertions":16,"deletions":5}}},{"hash":"4b2d361cc19889070d43c8a23295951883ca1bf9","messageTitle":"Make Tasks able to be marked done or undone","messageBody":"","fileTypesAndContributionMap":{"java":{"insertions":95,"deletions":7}}},{"hash":"8fe4d4f8f9bca149bb3a7956b2f8009dcf7914d6","messageTitle":"Able to mark task as done or undone (Level-3)","messageBody":"","tags":["Level-3"],"fileTypesAndContributionMap":{"java":{"insertions":1,"deletions":1}}}]},{"date":"2022-08-18","commitResults":[{"hash":"c5316faa7fe4e5b1503f042e8c55b9382e2a85e1","messageTitle":"Created Deadline, Event and Todo tasks (Level-4)","messageBody":"","tags":["Level-4"],"fileTypesAndContributionMap":{"java":{"insertions":118,"deletions":4}}},{"hash":"184d844cd9099e9ea4c5e33e80b4276e4d78af0f","messageTitle":"Fixed Spacing Bug","messageBody":"","fileTypesAndContributionMap":{"txt":{"insertions":2,"deletions":0},"java":{"insertions":3,"deletions":8},"sh":{"insertions":1,"deletions":1}}},{"hash":"944771a07d14429d9be5a0c80d7e721355f621ec","messageTitle":"Added Testing (A-TextUiTesting)","messageBody":"","tags":["A-TextUiTesting"],"fileTypesAndContributionMap":{"txt":{"insertions":7,"deletions":0}}},{"hash":"6f27044567a448b25379c45bb0cfb2b40e930a67","messageTitle":"Added Exception Handling (Level-5)","messageBody":"","tags":["Level-5"],"fileTypesAndContributionMap":{"java":{"insertions":128,"deletions":67}}},{"hash":"fbd026d297e73d0ee95da03251565e9d2515a43a","messageTitle":"Added Delete Function (Level-6)","messageBody":"","tags":["Level-6"],"fileTypesAndContributionMap":{"java":{"insertions":68,"deletions":33}}},{"hash":"3a2d5e69a863190676623395739aa92e5e0595fa","messageTitle":"Created Constant Variables for Greeting and Departure with Enums","messageBody":"","tags":["A-Enums"],"fileTypesAndContributionMap":{"java":{"insertions":36,"deletions":3}}},{"hash":"ebb992e2dd08c7006c77053a73067d26ef7f2da4","messageTitle":"Fix Task Out of Range Bug","messageBody":"","fileTypesAndContributionMap":{"java":{"insertions":2,"deletions":2}}}]},{"date":"2022-08-24","commitResults":[{"hash":"696f3da8a50f4565098cffcc1d78225cd535ae56","messageTitle":"Implemented writing data to be saved in a File duke.txt","messageBody":"","tags":["Level-7"],"fileTypesAndContributionMap":{"txt":{"insertions":1,"deletions":0},"java":{"insertions":76,"deletions":2}}},{"hash":"3cf1fba103676a69e11e840a4434a5176a8468d9","messageTitle":"Implemented Date and Time Formats","messageBody":"","tags":["Level-8"],"fileTypesAndContributionMap":{"java":{"insertions":35,"deletions":9}}},{"hash":"6ed65e8fb339ac434803df104e56f3ff9c911ff3","messageTitle":"Fixed bug when formatting date and time and writing files (Level-7, Level-8)","messageBody":"","fileTypesAndContributionMap":{"java":{"insertions":2,"deletions":11}}}]},{"date":"2022-08-26","commitResults":[{"hash":"e4c10fe11130ecd408232c40f3c573927c6b0379","messageTitle":"Code Update by segmenting functionalities into more Classes (A-MoreOOP)","messageBody":"","tags":["A-MoreOOP"],"fileTypesAndContributionMap":{"txt":{"insertions":3,"deletions":1},"java":{"insertions":399,"deletions":225}}},{"hash":"d37f52e79f7b3e8ef3901f41dbe3a1c6fe5cf4ec","messageTitle":"Put into duke package (A-Packages)","messageBody":"","tags":["A-Packages"],"fileTypesAndContributionMap":{"java":{"insertions":39,"deletions":19},"bat":{"insertions":1,"deletions":1},"md":{"insertions":2,"deletions":2}}},{"hash":"cb82afbafe967f45e15cea45a5691acf7177ab78","messageTitle":"Added Gradle Support","messageBody":"","tags":["A-Gradle"],"fileTypesAndContributionMap":{"txt":{"insertions":2,"deletions":2}}},{"hash":"2b6e2db7b85e39b30363ec397955954c5658592f","messageTitle":"Added Unit Tests (A-JUnit)","messageBody":"","tags":["A-JUnit"],"fileTypesAndContributionMap":{"java":{"insertions":50,"deletions":0}}},{"hash":"6a9e828b7177429e64648deeafe194681abe30d5","messageTitle":"Created jar file for Duke (A-Jar)","messageBody":"","tags":["A-Jar"],"fileTypesAndContributionMap":{"gradle":{"insertions":1,"deletions":1},"txt":{"insertions":0,"deletions":2},"java":{"insertions":3,"deletions":2}}},{"hash":"9055273552fa3ed5cdd6c36238af3d352fef0374","messageTitle":"Added JavaDocs for methods","messageBody":"","tags":["A-JavaDoc"],"fileTypesAndContributionMap":{"java":{"insertions":98,"deletions":4}}},{"hash":"c79b913f57dfcd957a5a373d8d7a27a60169c649","messageTitle":"Update code to adhere to a coding standard","messageBody":"","tags":["A-CodingStandard"],"fileTypesAndContributionMap":{"java":{"insertions":2,"deletions":2}}},{"hash":"3ddfb37c9fe5ff5e8c3efcc7451ca74b4456a833","messageTitle":"Added find feature","messageBody":"","tags":["Level-9"],"fileTypesAndContributionMap":{"txt":{"insertions":1,"deletions":0},"java":{"insertions":13,"deletions":1}}},{"hash":"5389ac6c5bb5478c5a86a2100152eec6dfe701b5","messageTitle":"Updated find feature","messageBody":"","fileTypesAndContributionMap":{"java":{"insertions":12,"deletions":1}}}]},{"date":"2022-09-02","commitResults":[{"hash":"b518d6c608d5bf5345ff41ee8abeaab6670890ba","messageTitle":"Fixed styling issues with CheckStyle","messageBody":"","tags":["A-CheckStyle"],"fileTypesAndContributionMap":{"gradle":{"insertions":5,"deletions":0},"txt":{"insertions":0,"deletions":1},"java":{"insertions":95,"deletions":39}}},{"hash":"8f2a13afadbc19d69caaa38b8bc534628a8d093b","messageTitle":"Created GUI, attempting to add FXML","messageBody":"","fileTypesAndContributionMap":{"gradle":{"insertions":14,"deletions":0},"fxml":{"insertions":35,"deletions":0},"java":{"insertions":240,"deletions":1}}},{"hash":"31afdbdb5c10990c6be0ccc0bef92a6560b9d13f","messageTitle":"Built GUI for Dukebot (Level-10)","messageBody":"","tags":["Level-10"],"fileTypesAndContributionMap":{"java":{"insertions":188,"deletions":63}}}]},{"date":"2022-09-03","commitResults":[{"hash":"36dcb3353739ed488e5216808887a2866c2da79b","messageTitle":"Add method to get multiple task descriptions","messageBody":"","tags":["A-Varargs"],"fileTypesAndContributionMap":{"txt":{"insertions":0,"deletions":1},"java":{"insertions":19,"deletions":3}}}]},{"date":"2022-09-07","commitResults":[{"hash":"d1df4b5574b2b9ef802ebe4655823d682cb6d3ef","messageTitle":"Cleaned up Code for Duke","messageBody":"There were several imports that were redundant.\nThese were removed to make the code neater and more efficient.\n\nAdded JavaDocs for some methods that were missing.\nThis makes the code much more maintainable.\n\nCode clean up makes the overall code cleaner and more maintainable.\n","tags":["A-FullCommitMessage"],"fileTypesAndContributionMap":{"java":{"insertions":47,"deletions":15}}}]},{"date":"2022-09-08","commitResults":[{"hash":"954c38897c15600c22c0b1af0d40a93a192d9356","messageTitle":"Minor code clean up","messageBody":"","fileTypesAndContributionMap":{"java":{"insertions":0,"deletions":1}}},{"hash":"4b6aec29d9bf1f9a92b6ce98d2222416199e7e27","messageTitle":"Added assertion","messageBody":"","tags":["A-Assertions"],"fileTypesAndContributionMap":{"java":{"insertions":2,"deletions":0}}},{"hash":"5d34cda6df9c654252762f98616feba594ca6fc8","messageTitle":"Code Refactoring","messageBody":"Refactored searching for tasks into a function.\n\nCode refactoring makes the code more maintainable.\nThus, this makes the codebase more extensible and easier to debug.\n","tags":["A-CodeQuality"],"fileTypesAndContributionMap":{"java":{"insertions":22,"deletions":10}}},{"hash":"821522e5ac73903b3140d328cd3116ddd4ca3c9e","messageTitle":"Used streams to make cleaner, functional code to find tasks","messageBody":"","tags":["A-Streams"],"fileTypesAndContributionMap":{"java":{"insertions":15,"deletions":0}}}]},{"date":"2022-09-09","commitResults":[{"hash":"f45b346f92f571d7015d3fb98d222603d6db8133","messageTitle":"Added better Search Functionality","messageBody":"Created a loop to loop through all the keywords.\nThis allows me to find partial keywords in description as well.\nThis makes finidng keywords more general.\n","fileTypesAndContributionMap":{"java":{"insertions":8,"deletions":4}}},{"hash":"8ef13dd11f41fdb371d1385c91005debb0da3044","messageTitle":"Added comment for better readability","messageBody":"","tags":["BCD-Extension"],"fileTypesAndContributionMap":{"java":{"insertions":1,"deletions":0}}}]},{"date":"2022-09-13","commitResults":[{"hash":"ff5ffbbad6d43dab2df30197154265a847089de2","messageTitle":"Improved the GUI e.g Added coloured background","messageBody":"","tags":["A-BetterGui"],"fileTypesAndContributionMap":{"java":{"insertions":21,"deletions":6}}},{"hash":"74d7cb84dc22e5da52e3a4a8eca4161c112ad15a","messageTitle":"Added Personality to Duke (Dukity-Duke)","messageBody":"","tags":["A-Personality"],"fileTypesAndContributionMap":{"txt":{"insertions":2,"deletions":0},"java":{"insertions":18,"deletions":10}}},{"hash":"75be0664250e04e03e6b02ea38e1a6c537df29d8","messageTitle":"More Error Handling","messageBody":"","tags":["A-MoreErrorHandling"],"fileTypesAndContributionMap":{"java":{"insertions":15,"deletions":0}}},{"hash":"ccc3f8dff63816c65f7e258fa24c5d133c376222","messageTitle":"Added more testing","messageBody":"","tags":["A-MoreTesting"],"fileTypesAndContributionMap":{"txt":{"insertions":1,"deletions":2},"java":{"insertions":45,"deletions":1}}},{"hash":"843c33b14e7fa5a4cfd05b3d4e8d7417d1c1a212","messageTitle":"Added Ui Picture","messageBody":"","fileTypesAndContributionMap":{"txt":{"insertions":3,"deletions":1}}},{"hash":"589e3a04c85b969a62d49c656c98314aa2690613","messageTitle":"Added User Guide","messageBody":"","tags":["A-UserGuide"],"fileTypesAndContributionMap":{"txt":{"insertions":1,"deletions":2},"md":{"insertions":106,"deletions":13}}},{"hash":"452c8cb159f72869e131bcac99bbe9361d0681cb","messageTitle":"Ceated Jar File","messageBody":"","tags":["A-Release"],"fileTypesAndContributionMap":{"gradle":{"insertions":6,"deletions":1},"txt":{"insertions":0,"deletions":2},"java":{"insertions":57,"deletions":27}}}]},{"date":"2022-09-14","commitResults":[{"hash":"fd34990056a9f10c61b0fdb654dfae663a0d0f66","messageTitle":"Fixed Imports in Storage","messageBody":"","fileTypesAndContributionMap":{"java":{"insertions":6,"deletions":1}}},{"hash":"e862fc6b79be6cd6362f6acdb68833f409508e30","messageTitle":"Fixed runtest testing","messageBody":"","fileTypesAndContributionMap":{"sh":{"insertions":1,"deletions":1}}},{"hash":"cfa35157889a003ad404c98ab1bf93fba18e920a","messageTitle":"Fixed runtest bug","messageBody":"","fileTypesAndContributionMap":{"bat":{"insertions":1,"deletions":1},"sh":{"insertions":1,"deletions":1}}},{"hash":"fcf78a8401c867a7f62ebccd96432bb371c01a08","messageTitle":"Fixed runtest","messageBody":"","fileTypesAndContributionMap":{"gradle":{"insertions":0,"deletions":3},"bat":{"insertions":1,"deletions":1},"sh":{"insertions":1,"deletions":1}}}]},{"date":"2022-09-15","commitResults":[{"hash":"d7f8bf3de1b007f97527fbfd146417c8dcb7caa8","messageTitle":"Deleted redundant code","messageBody":"","fileTypesAndContributionMap":{"java":{"insertions":53,"deletions":200}}},{"hash":"89401de7e3dc7eb537c8b544a43cd2e36a8e1f7e","messageTitle":"Code refactoring","messageBody":"","fileTypesAndContributionMap":{"java":{"insertions":7,"deletions":10}}}]},{"date":"2022-09-16","commitResults":[{"hash":"28181583cf90c6a20443a5d192e54a4036e41208","messageTitle":"Deleted redundant code","messageBody":"","fileTypesAndContributionMap":{"java":{"insertions":1,"deletions":31}}},{"hash":"d720b6af08c042d8b015a9192f38063edf3fe960","messageTitle":"Fixed deleting task bug","messageBody":"","tags":["A-Release1"],"fileTypesAndContributionMap":{"java":{"insertions":2,"deletions":2}}}]}]},"authorFileTypeContributionMap":{"kangzongxian":{"java":1270,"md":108,"fxml":35,"sh":2,"bat":1,"gradle":22,"txt":9}},"authorContributionVariance":{"kangzongxian":40280.656},"authorDisplayNameMap":{"kangzongxian":"CS2103T-W16-1 KANG..XIAN"}}
