{"authorDailyContributionsMap":{"jsincorporated":[{"date":"2022-08-15","commitResults":[{"hash":"c5d6af8780b5578b883c5df3f4d159244553263e","messageTitle":"Level-1","messageBody":"","tags":["Level-1"],"fileTypesAndContributionMap":{"java":{"insertions":17,"deletions":6}}},{"hash":"5f8f4a85844d3edcf2205bc24241f51f2a245b9f","messageTitle":"Level-2","messageBody":"","tags":["Level-2"],"fileTypesAndContributionMap":{"java":{"insertions":11,"deletions":2}}}]},{"date":"2022-08-16","commitResults":[{"hash":"d44e643d320c465b7d33015006d78e8559a72ac9","messageTitle":"Level-3","messageBody":"","tags":["Level-3"],"fileTypesAndContributionMap":{"java":{"insertions":85,"deletions":11}}},{"hash":"e2119e9e34a9265632b0e1b375f8f595bdd64612","messageTitle":"Level-4","messageBody":"","tags":["Level-4"],"fileTypesAndContributionMap":{"java":{"insertions":104,"deletions":25}}},{"hash":"a8b6ebdf81586d31c448e76e6fa8791f63f18135","messageTitle":"A-TextUiTesting","messageBody":"","tags":["A-TextUiTesting"],"fileTypesAndContributionMap":{"txt":{"insertions":10,"deletions":0},"java":{"insertions":12,"deletions":5}}},{"hash":"37cafb1495ca71295eb39092fb971fba00685fe4","messageTitle":"Level-5","messageBody":"","tags":["Level-5"],"fileTypesAndContributionMap":{"java":{"insertions":28,"deletions":7}}},{"hash":"35872a3bca1a224be1857dad0309b1df1e23aad6","messageTitle":"Level-6","messageBody":"","tags":["Level-6"],"fileTypesAndContributionMap":{"java":{"insertions":15,"deletions":2}}}]},{"date":"2022-08-25","commitResults":[{"hash":"535351caecfce56a4d2cea5ebf029f12e19e3da6","messageTitle":"Level-7","messageBody":"","tags":["Level-7"],"fileTypesAndContributionMap":{"txt":{"insertions":6,"deletions":0},"java":{"insertions":331,"deletions":134},"bat":{"insertions":1,"deletions":1},"sh":{"insertions":1,"deletions":1},"md":{"insertions":2,"deletions":2}}},{"hash":"f23423aba3b88ac38b37f1080fca37641ed01678","messageTitle":"Level-8","messageBody":"","tags":["Level-8"],"fileTypesAndContributionMap":{"java":{"insertions":56,"deletions":26},"bat":{"insertions":1,"deletions":1},"md":{"insertions":2,"deletions":2}}},{"hash":"90378aa589b4f2903ffd8632a3dd5019ae6361aa","messageTitle":"Fixed bug","messageBody":"","fileTypesAndContributionMap":{"txt":{"insertions":3,"deletions":5},"java":{"insertions":11,"deletions":3}}}]},{"date":"2022-08-26","commitResults":[{"hash":"5eec5f911da4f5cb3eac295d249fc5e3b1601c61","messageTitle":"A-MoreOOP","messageBody":"","tags":["A-MoreOOP"],"fileTypesAndContributionMap":{"txt":{"insertions":2,"deletions":0}}},{"hash":"49026f3c2b87f7c3acef21e7bd648ed730eec9db","messageTitle":"A-Packages","messageBody":"","tags":["A-Packages"],"fileTypesAndContributionMap":{"txt":{"insertions":3,"deletions":2}}},{"hash":"974fd745a00f1bb3f554a5d0143aaa00171e2b7d","messageTitle":"A-Gradle","messageBody":"","tags":["A-Gradle"],"fileTypesAndContributionMap":{"txt":{"insertions":1,"deletions":4}}},{"hash":"1d9dbfceb3bf2220a2de20a2bcf94a780b2877cb","messageTitle":"A-JUnit","messageBody":"","tags":["A-JUnit"],"fileTypesAndContributionMap":{"txt":{"insertions":6,"deletions":4},"java":{"insertions":112,"deletions":28},"bat":{"insertions":1,"deletions":1},"md":{"insertions":2,"deletions":2}}}]},{"date":"2022-08-27","commitResults":[{"hash":"883e148b680d1451a66dabfe36840c348dd8502c","messageTitle":"A-JavaDoc","messageBody":"","fileTypesAndContributionMap":{"txt":{"insertions":0,"deletions":1},"java":{"insertions":124,"deletions":30}}},{"hash":"c5ca75f5f6d9b9a57967a49ad05fac5c3867d899","messageTitle":"A-CodingStandard","messageBody":"","fileTypesAndContributionMap":{"txt":{"insertions":0,"deletions":1}}},{"hash":"09acbe161eec15bc6381cc4c54cf7ff169f53730","messageTitle":"Level-9","messageBody":"","fileTypesAndContributionMap":{"txt":{"insertions":4,"deletions":4},"java":{"insertions":49,"deletions":0}}},{"hash":"745e1e9be1072271de602e7da2a649c5b320eda3","messageTitle":"A-JavaDoc","messageBody":"","tags":["A-JavaDoc"],"fileTypesAndContributionMap":{"txt":{"insertions":1,"deletions":0}}}]},{"date":"2022-08-29","commitResults":[{"hash":"64c643554137a5b2c12a069296c5545ee4b995ff","messageTitle":"A-Jar","messageBody":"","tags":["A-Jar"],"fileTypesAndContributionMap":{"txt":{"insertions":0,"deletions":1},"java":{"insertions":1,"deletions":1}}}]},{"date":"2022-08-31","commitResults":[{"hash":"97366d4e7e0c557e72b29de74a678a5dfed54a71","messageTitle":"Setup JavaFX","messageBody":"","fileTypesAndContributionMap":{"gradle":{"insertions":16,"deletions":1},"java":{"insertions":83,"deletions":1}}},{"hash":"bac5dcb713e2a2b439055c5edfcbf0198ff60bdf","messageTitle":"Initial setup of Duke GUI","messageBody":"","fileTypesAndContributionMap":{"fxml":{"insertions":14,"deletions":0},"java":{"insertions":108,"deletions":3}}},{"hash":"b051f299d3ca011570f3decb0bcd46f37606145a","messageTitle":"Update README","messageBody":"","fileTypesAndContributionMap":{"md":{"insertions":33,"deletions":24}}},{"hash":"1777a5e1d46d1ece4b47599621ef8d70db2d477f","messageTitle":"Update README.md","messageBody":"","fileTypesAndContributionMap":{"md":{"insertions":2,"deletions":2}}},{"hash":"d12fd7cfaf9f9d25f89f09109d1be22cccac8069","messageTitle":"Level-10","messageBody":"","fileTypesAndContributionMap":{"txt":{"insertions":5,"deletions":3},"fxml":{"insertions":39,"deletions":11},"java":{"insertions":322,"deletions":184}}},{"hash":"14e3a209eb6189e82fac0e597298c25e634dd45c","messageTitle":"Level-10","messageBody":"","tags":["Level-10"],"fileTypesAndContributionMap":{"txt":{"insertions":0,"deletions":1}}},{"hash":"05473211763d42f7075df7538050f630addf8bae","messageTitle":"A-CheckStyle","messageBody":"","tags":["A-CheckStyle"],"fileTypesAndContributionMap":{"gradle":{"insertions":6,"deletions":1},"txt":{"insertions":2,"deletions":2},"java":{"insertions":12,"deletions":22}}}]},{"date":"2022-09-06","commitResults":[{"hash":"15da64c2121b69c9b2b9fced1f313b06f353cbe9","messageTitle":"A-Assertions","messageBody":"","fileTypesAndContributionMap":{"java":{"insertions":8,"deletions":0}}},{"hash":"04f3c5c58054a4fe4670996c79d9cf3d80512f25","messageTitle":"A-CodeQuality","messageBody":"","fileTypesAndContributionMap":{"java":{"insertions":18,"deletions":50}}},{"hash":"46479427426b0ee44fd3504755f145e1b2256120","messageTitle":"Update Tasks","messageBody":"","tags":["A-FullCommitMessage"],"fileTypesAndContributionMap":{"txt":{"insertions":1,"deletions":0}}}]},{"date":"2022-09-08","commitResults":[{"hash":"5db871fbffd0d167b7f7df12c072bbf0d0240205","messageTitle":"C-Help","messageBody":"","fileTypesAndContributionMap":{"java":{"insertions":38,"deletions":7}}},{"hash":"3c29d2a241df047160f57e8a7ffcb55c3edde647","messageTitle":"C-Help","messageBody":"","tags":["BCD-Extension"],"fileTypesAndContributionMap":{"txt":{"insertions":0,"deletions":1}}}]},{"date":"2022-09-14","commitResults":[{"hash":"16257c3951dc9e8064854bda46de08c6322b72f0","messageTitle":"Add screenshot of Duke","messageBody":"","fileTypesAndContributionMap":{"txt":{"insertions":1,"deletions":1},"java":{"insertions":1,"deletions":0}}},{"hash":"15d268b08763d45c635c6694367beb20cdfbbf07","messageTitle":"Update README.md","messageBody":"","tags":["A-UserGuide"],"fileTypesAndContributionMap":{"md":{"insertions":135,"deletions":11}}},{"hash":"b650c9b4f5fac72a6ae9ce000ded3c1a536012d9","messageTitle":"Update README.md","messageBody":"","fileTypesAndContributionMap":{"md":{"insertions":4,"deletions":0}}},{"hash":"dc7b287c94bf6cd9c61d4d2b9b37e6ebbad84677","messageTitle":"Update README.md","messageBody":"","tags":["A-Release"],"fileTypesAndContributionMap":{"md":{"insertions":2,"deletions":0}}}]},{"date":"2022-09-15","commitResults":[{"hash":"ad4117903d54691ab6e57799e287a2560e524935","messageTitle":"Fix bug: not saving to storage","messageBody":"","fileTypesAndContributionMap":{"txt":{"insertions":0,"deletions":5},"fxml":{"insertions":1,"deletions":1},"java":{"insertions":57,"deletions":32}}}]}]},"authorFileTypeContributionMap":{"jsincorporated":{"java":1025,"md":156,"fxml":42,"sh":1,"bat":1,"gradle":21,"txt":10}},"authorContributionVariance":{"jsincorporated":33418.176},"authorDisplayNameMap":{"jsincorporated":"CS2103T-T08-3 NG J..HENG"}}
