[{"path":"src/main/java/Deadline.java","fileType":"java","lines":[{"lineNumber":1,"author":{"gitId":"L1uY1jun"},"content":"public class Deadline extends Task {","lastModifiedDate":"2022-08-18"},{"lineNumber":2,"author":{"gitId":"L1uY1jun"},"content":"    protected String by;","lastModifiedDate":"2022-08-18"},{"lineNumber":3,"author":{"gitId":"L1uY1jun"},"content":"","lastModifiedDate":"2022-08-18"},{"lineNumber":4,"author":{"gitId":"L1uY1jun"},"content":"    /**","lastModifiedDate":"2022-08-18"},{"lineNumber":5,"author":{"gitId":"L1uY1jun"},"content":"     * Constructor for Deadline class","lastModifiedDate":"2022-08-18"},{"lineNumber":6,"author":{"gitId":"L1uY1jun"},"content":"     * @param description Description of deadline","lastModifiedDate":"2022-08-18"},{"lineNumber":7,"author":{"gitId":"L1uY1jun"},"content":"     * @param by Due timing/date of deadline","lastModifiedDate":"2022-08-18"},{"lineNumber":8,"author":{"gitId":"L1uY1jun"},"content":"     */","lastModifiedDate":"2022-08-18"},{"lineNumber":9,"author":{"gitId":"L1uY1jun"},"content":"    public Deadline(String description, Boolean isDone, String by) {","lastModifiedDate":"2022-08-24"},{"lineNumber":10,"author":{"gitId":"L1uY1jun"},"content":"        super(description);","lastModifiedDate":"2022-08-18"},{"lineNumber":11,"author":{"gitId":"L1uY1jun"},"content":"        if (isDone) {","lastModifiedDate":"2022-08-24"},{"lineNumber":12,"author":{"gitId":"L1uY1jun"},"content":"            super.markAsDone();","lastModifiedDate":"2022-08-24"},{"lineNumber":13,"author":{"gitId":"L1uY1jun"},"content":"        }","lastModifiedDate":"2022-08-24"},{"lineNumber":14,"author":{"gitId":"L1uY1jun"},"content":"        this.by \u003d by;","lastModifiedDate":"2022-08-18"},{"lineNumber":15,"author":{"gitId":"L1uY1jun"},"content":"    }","lastModifiedDate":"2022-08-18"},{"lineNumber":16,"author":{"gitId":"L1uY1jun"},"content":"","lastModifiedDate":"2022-08-18"},{"lineNumber":17,"author":{"gitId":"L1uY1jun"},"content":"    @Override","lastModifiedDate":"2022-08-18"},{"lineNumber":18,"author":{"gitId":"L1uY1jun"},"content":"    public String toString() {","lastModifiedDate":"2022-08-18"},{"lineNumber":19,"author":{"gitId":"L1uY1jun"},"content":"        return \"[D]\" + super.toString() + \"(by: \" + by + \")\";","lastModifiedDate":"2022-08-18"},{"lineNumber":20,"author":{"gitId":"L1uY1jun"},"content":"    }","lastModifiedDate":"2022-08-18"},{"lineNumber":21,"author":{"gitId":"L1uY1jun"},"content":"}","lastModifiedDate":"2022-08-18"}],"authorContributionMap":{"L1uY1jun":21}},{"path":"src/main/java/Duke.java","fileType":"java","lines":[{"lineNumber":1,"author":{"gitId":"L1uY1jun"},"content":"import java.util.ArrayList;","lastModifiedDate":"2022-08-18"},{"lineNumber":2,"author":{"gitId":"L1uY1jun"},"content":"import java.util.Scanner;","lastModifiedDate":"2022-08-18"},{"lineNumber":3,"author":{"gitId":"L1uY1jun"},"content":"","lastModifiedDate":"2022-08-18"},{"lineNumber":4,"author":{"gitId":"-"},"content":"public class Duke {","lastModifiedDate":"2019-07-29"},{"lineNumber":5,"author":{"gitId":"L1uY1jun"},"content":"    private static ArrayList\u003cTask\u003e taskList  \u003d new ArrayList\u003cTask\u003e();","lastModifiedDate":"2022-08-24"},{"lineNumber":6,"author":{"gitId":"L1uY1jun"},"content":"","lastModifiedDate":"2022-08-24"},{"lineNumber":7,"author":{"gitId":"-"},"content":"    public static void main(String[] args) {","lastModifiedDate":"2019-07-29"},{"lineNumber":8,"author":{"gitId":"L1uY1jun"},"content":"        Scanner sc \u003d new Scanner(System.in);  // Create a Scanner object","lastModifiedDate":"2022-08-24"},{"lineNumber":9,"author":{"gitId":"L1uY1jun"},"content":"        welcome();","lastModifiedDate":"2022-08-24"},{"lineNumber":10,"author":{"gitId":"L1uY1jun"},"content":"","lastModifiedDate":"2022-08-18"},{"lineNumber":11,"author":{"gitId":"L1uY1jun"},"content":"        String input \u003d sc.nextLine();","lastModifiedDate":"2022-08-24"},{"lineNumber":12,"author":{"gitId":"L1uY1jun"},"content":"        while (!input.equals(\"bye\")) {","lastModifiedDate":"2022-08-24"},{"lineNumber":13,"author":{"gitId":"L1uY1jun"},"content":"            try {","lastModifiedDate":"2022-08-18"},{"lineNumber":14,"author":{"gitId":"L1uY1jun"},"content":"                processCommand(input);","lastModifiedDate":"2022-08-24"},{"lineNumber":15,"author":{"gitId":"L1uY1jun"},"content":"            } catch (DukeException e) {","lastModifiedDate":"2022-08-18"},{"lineNumber":16,"author":{"gitId":"L1uY1jun"},"content":"                System.out.println(e.getMessage());","lastModifiedDate":"2022-08-18"},{"lineNumber":17,"author":{"gitId":"L1uY1jun"},"content":"            } finally {","lastModifiedDate":"2022-08-24"},{"lineNumber":18,"author":{"gitId":"L1uY1jun"},"content":"                input \u003d sc.nextLine();","lastModifiedDate":"2022-08-24"},{"lineNumber":19,"author":{"gitId":"L1uY1jun"},"content":"            }","lastModifiedDate":"2022-08-18"},{"lineNumber":20,"author":{"gitId":"L1uY1jun"},"content":"        }","lastModifiedDate":"2022-08-18"},{"lineNumber":21,"author":{"gitId":"L1uY1jun"},"content":"        terminate();","lastModifiedDate":"2022-08-24"},{"lineNumber":22,"author":{"gitId":"L1uY1jun"},"content":"    }","lastModifiedDate":"2022-08-24"},{"lineNumber":23,"author":{"gitId":"L1uY1jun"},"content":"","lastModifiedDate":"2022-08-24"},{"lineNumber":24,"author":{"gitId":"L1uY1jun"},"content":"    private static void welcome() {","lastModifiedDate":"2022-08-24"},{"lineNumber":25,"author":{"gitId":"L1uY1jun"},"content":"        System.out.println(\"Hello!\\n\" +","lastModifiedDate":"2022-08-24"},{"lineNumber":26,"author":{"gitId":"L1uY1jun"},"content":"                \"How may i help you today?\");","lastModifiedDate":"2022-08-24"},{"lineNumber":27,"author":{"gitId":"L1uY1jun"},"content":"    }","lastModifiedDate":"2022-08-24"},{"lineNumber":28,"author":{"gitId":"L1uY1jun"},"content":"","lastModifiedDate":"2022-08-24"},{"lineNumber":29,"author":{"gitId":"L1uY1jun"},"content":"    private static void terminate() {","lastModifiedDate":"2022-08-24"},{"lineNumber":30,"author":{"gitId":"L1uY1jun"},"content":"        System.out.println(\"Bye. Hope to see you again soon!\");","lastModifiedDate":"2022-08-24"},{"lineNumber":31,"author":{"gitId":"-"},"content":"    }","lastModifiedDate":"2019-07-29"},{"lineNumber":32,"author":{"gitId":"L1uY1jun"},"content":"","lastModifiedDate":"2022-08-18"},{"lineNumber":33,"author":{"gitId":"L1uY1jun"},"content":"    private static void processCommand(String input) throws DukeException {","lastModifiedDate":"2022-08-24"},{"lineNumber":34,"author":{"gitId":"L1uY1jun"},"content":"        String[] commandAndDescription \u003d input.split(\" \", 2);","lastModifiedDate":"2022-08-24"},{"lineNumber":35,"author":{"gitId":"L1uY1jun"},"content":"        String command \u003d commandAndDescription[0];","lastModifiedDate":"2022-08-24"},{"lineNumber":36,"author":{"gitId":"L1uY1jun"},"content":"","lastModifiedDate":"2022-08-18"},{"lineNumber":37,"author":{"gitId":"L1uY1jun"},"content":"        switch (command) {","lastModifiedDate":"2022-08-18"},{"lineNumber":38,"author":{"gitId":"L1uY1jun"},"content":"        case \"list\" :","lastModifiedDate":"2022-08-24"},{"lineNumber":39,"author":{"gitId":"L1uY1jun"},"content":"            listDisplay(taskList);","lastModifiedDate":"2022-08-24"},{"lineNumber":40,"author":{"gitId":"L1uY1jun"},"content":"            break;","lastModifiedDate":"2022-08-24"},{"lineNumber":41,"author":{"gitId":"L1uY1jun"},"content":"        case \"mark\" :","lastModifiedDate":"2022-08-18"},{"lineNumber":42,"author":{"gitId":"L1uY1jun"},"content":"            markAsDone(commandAndDescription);","lastModifiedDate":"2022-08-24"},{"lineNumber":43,"author":{"gitId":"L1uY1jun"},"content":"            break;","lastModifiedDate":"2022-08-24"},{"lineNumber":44,"author":{"gitId":"L1uY1jun"},"content":"        case \"unmark\" :","lastModifiedDate":"2022-08-24"},{"lineNumber":45,"author":{"gitId":"L1uY1jun"},"content":"            markAsUndone(commandAndDescription);","lastModifiedDate":"2022-08-24"},{"lineNumber":46,"author":{"gitId":"L1uY1jun"},"content":"            break;","lastModifiedDate":"2022-08-24"},{"lineNumber":47,"author":{"gitId":"L1uY1jun"},"content":"        case \"delete\" :","lastModifiedDate":"2022-08-24"},{"lineNumber":48,"author":{"gitId":"L1uY1jun"},"content":"            deleteTask(commandAndDescription);","lastModifiedDate":"2022-08-24"},{"lineNumber":49,"author":{"gitId":"L1uY1jun"},"content":"            break;","lastModifiedDate":"2022-08-24"},{"lineNumber":50,"author":{"gitId":"L1uY1jun"},"content":"        case \"deadline\" :","lastModifiedDate":"2022-08-24"},{"lineNumber":51,"author":{"gitId":"L1uY1jun"},"content":"            createDeadline(commandAndDescription);","lastModifiedDate":"2022-08-24"},{"lineNumber":52,"author":{"gitId":"L1uY1jun"},"content":"            break;","lastModifiedDate":"2022-08-24"},{"lineNumber":53,"author":{"gitId":"L1uY1jun"},"content":"        case \"event\" :","lastModifiedDate":"2022-08-24"},{"lineNumber":54,"author":{"gitId":"L1uY1jun"},"content":"            createEvent(commandAndDescription);","lastModifiedDate":"2022-08-24"},{"lineNumber":55,"author":{"gitId":"L1uY1jun"},"content":"            break;","lastModifiedDate":"2022-08-24"},{"lineNumber":56,"author":{"gitId":"L1uY1jun"},"content":"        case \"todo\" :","lastModifiedDate":"2022-08-24"},{"lineNumber":57,"author":{"gitId":"L1uY1jun"},"content":"            createToDo(commandAndDescription);","lastModifiedDate":"2022-08-24"},{"lineNumber":58,"author":{"gitId":"L1uY1jun"},"content":"            break;","lastModifiedDate":"2022-08-24"},{"lineNumber":59,"author":{"gitId":"L1uY1jun"},"content":"        default:","lastModifiedDate":"2022-08-24"},{"lineNumber":60,"author":{"gitId":"L1uY1jun"},"content":"            throw new DukeException(\"☹ OOPS!!! \" +","lastModifiedDate":"2022-08-24"},{"lineNumber":61,"author":{"gitId":"L1uY1jun"},"content":"                    \"I\u0027m sorry, but I don\u0027t know what that means :-(\");","lastModifiedDate":"2022-08-24"},{"lineNumber":62,"author":{"gitId":"L1uY1jun"},"content":"        }","lastModifiedDate":"2022-08-24"},{"lineNumber":63,"author":{"gitId":"L1uY1jun"},"content":"    }","lastModifiedDate":"2022-08-24"},{"lineNumber":64,"author":{"gitId":"L1uY1jun"},"content":"","lastModifiedDate":"2022-08-24"},{"lineNumber":65,"author":{"gitId":"L1uY1jun"},"content":"    private static void listDisplay(ArrayList\u003cTask\u003e list) {","lastModifiedDate":"2022-08-24"},{"lineNumber":66,"author":{"gitId":"L1uY1jun"},"content":"        if (list.size() \u003d\u003d 0) {","lastModifiedDate":"2022-08-24"},{"lineNumber":67,"author":{"gitId":"L1uY1jun"},"content":"            System.out.println(\"There are currently no tasks in your list\");","lastModifiedDate":"2022-08-24"},{"lineNumber":68,"author":{"gitId":"L1uY1jun"},"content":"        } else {","lastModifiedDate":"2022-08-24"},{"lineNumber":69,"author":{"gitId":"L1uY1jun"},"content":"            System.out.println(\"Here are the tasks in your list:\");","lastModifiedDate":"2022-08-24"},{"lineNumber":70,"author":{"gitId":"L1uY1jun"},"content":"            for (int i \u003d 0; i \u003c list.size(); i++) {","lastModifiedDate":"2022-08-24"},{"lineNumber":71,"author":{"gitId":"L1uY1jun"},"content":"                System.out.println(String.format(\"%d. %s\", i + 1, list.get(i)));","lastModifiedDate":"2022-08-24"},{"lineNumber":72,"author":{"gitId":"L1uY1jun"},"content":"            }","lastModifiedDate":"2022-08-24"},{"lineNumber":73,"author":{"gitId":"L1uY1jun"},"content":"        }","lastModifiedDate":"2022-08-24"},{"lineNumber":74,"author":{"gitId":"L1uY1jun"},"content":"    }","lastModifiedDate":"2022-08-24"},{"lineNumber":75,"author":{"gitId":"L1uY1jun"},"content":"","lastModifiedDate":"2022-08-24"},{"lineNumber":76,"author":{"gitId":"L1uY1jun"},"content":"    private static void markAsDone(String[] commandAndDescription) throws DukeException {","lastModifiedDate":"2022-08-24"},{"lineNumber":77,"author":{"gitId":"L1uY1jun"},"content":"        if (commandAndDescription.length \u003d\u003d 1) {","lastModifiedDate":"2022-08-24"},{"lineNumber":78,"author":{"gitId":"L1uY1jun"},"content":"            throw new DukeException(\"☹ OOPS!!! \" +","lastModifiedDate":"2022-08-18"},{"lineNumber":79,"author":{"gitId":"L1uY1jun"},"content":"                    \"The description of mark cannot be empty.\");","lastModifiedDate":"2022-08-18"},{"lineNumber":80,"author":{"gitId":"L1uY1jun"},"content":"        }","lastModifiedDate":"2022-08-18"},{"lineNumber":81,"author":{"gitId":"L1uY1jun"},"content":"        int indexToMark \u003d Integer.parseInt(commandAndDescription[1]) - 1;","lastModifiedDate":"2022-08-24"},{"lineNumber":82,"author":{"gitId":"L1uY1jun"},"content":"        taskList.get(indexToMark).markAsDone();","lastModifiedDate":"2022-08-24"},{"lineNumber":83,"author":{"gitId":"L1uY1jun"},"content":"        System.out.println(\"Nice! I\u0027ve marked this task as done:\\n\" +","lastModifiedDate":"2022-08-18"},{"lineNumber":84,"author":{"gitId":"L1uY1jun"},"content":"                String.format(\"%s\", taskList.get(indexToMark)));","lastModifiedDate":"2022-08-24"},{"lineNumber":85,"author":{"gitId":"L1uY1jun"},"content":"    }","lastModifiedDate":"2022-08-24"},{"lineNumber":86,"author":{"gitId":"L1uY1jun"},"content":"","lastModifiedDate":"2022-08-24"},{"lineNumber":87,"author":{"gitId":"L1uY1jun"},"content":"    private static void markAsUndone(String[] commandAndDescription) throws DukeException {","lastModifiedDate":"2022-08-24"},{"lineNumber":88,"author":{"gitId":"L1uY1jun"},"content":"        if (commandAndDescription.length \u003d\u003d 1) {","lastModifiedDate":"2022-08-24"},{"lineNumber":89,"author":{"gitId":"L1uY1jun"},"content":"            throw new DukeException(\"☹ OOPS!!! \" +","lastModifiedDate":"2022-08-18"},{"lineNumber":90,"author":{"gitId":"L1uY1jun"},"content":"                    \"The description of unmark cannot be empty.\");","lastModifiedDate":"2022-08-18"},{"lineNumber":91,"author":{"gitId":"L1uY1jun"},"content":"        }","lastModifiedDate":"2022-08-18"},{"lineNumber":92,"author":{"gitId":"L1uY1jun"},"content":"        int indexToUnmark \u003d Integer.parseInt(commandAndDescription[1]) - 1;","lastModifiedDate":"2022-08-24"},{"lineNumber":93,"author":{"gitId":"L1uY1jun"},"content":"        taskList.get(indexToUnmark).markAsUndone();","lastModifiedDate":"2022-08-24"},{"lineNumber":94,"author":{"gitId":"L1uY1jun"},"content":"        System.out.println(\"Ok! I\u0027ve marked this task as not done yet:\\n\" +","lastModifiedDate":"2022-08-18"},{"lineNumber":95,"author":{"gitId":"L1uY1jun"},"content":"                String.format(\"%s\", taskList.get(indexToUnmark)));","lastModifiedDate":"2022-08-24"},{"lineNumber":96,"author":{"gitId":"L1uY1jun"},"content":"    }","lastModifiedDate":"2022-08-24"},{"lineNumber":97,"author":{"gitId":"L1uY1jun"},"content":"","lastModifiedDate":"2022-08-24"},{"lineNumber":98,"author":{"gitId":"L1uY1jun"},"content":"    private static void deleteTask(String[] commandAndDescription) throws DukeException {","lastModifiedDate":"2022-08-24"},{"lineNumber":99,"author":{"gitId":"L1uY1jun"},"content":"        if (commandAndDescription.length \u003d\u003d 1) {","lastModifiedDate":"2022-08-24"},{"lineNumber":100,"author":{"gitId":"L1uY1jun"},"content":"            throw new DukeException(\"☹ OOPS!!! \" +","lastModifiedDate":"2022-08-18"},{"lineNumber":101,"author":{"gitId":"L1uY1jun"},"content":"                    \"The description of delete cannot be empty.\");","lastModifiedDate":"2022-08-18"},{"lineNumber":102,"author":{"gitId":"L1uY1jun"},"content":"        }","lastModifiedDate":"2022-08-18"},{"lineNumber":103,"author":{"gitId":"L1uY1jun"},"content":"        int indexToDelete \u003d Integer.parseInt(commandAndDescription[1]) - 1;","lastModifiedDate":"2022-08-24"},{"lineNumber":104,"author":{"gitId":"L1uY1jun"},"content":"        System.out.println(\"Noted. I\u0027ve removed this task:\\n\" +","lastModifiedDate":"2022-08-18"},{"lineNumber":105,"author":{"gitId":"L1uY1jun"},"content":"                String.format(\"\\t%s\", taskList.get(indexToDelete)));","lastModifiedDate":"2022-08-24"},{"lineNumber":106,"author":{"gitId":"L1uY1jun"},"content":"        taskList.remove(indexToDelete);","lastModifiedDate":"2022-08-24"},{"lineNumber":107,"author":{"gitId":"L1uY1jun"},"content":"        listStatus(taskList);","lastModifiedDate":"2022-08-24"},{"lineNumber":108,"author":{"gitId":"L1uY1jun"},"content":"    }","lastModifiedDate":"2022-08-24"},{"lineNumber":109,"author":{"gitId":"L1uY1jun"},"content":"","lastModifiedDate":"2022-08-24"},{"lineNumber":110,"author":{"gitId":"L1uY1jun"},"content":"    private static void createDeadline(String[] commandAndDescription) throws DukeException {","lastModifiedDate":"2022-08-24"},{"lineNumber":111,"author":{"gitId":"L1uY1jun"},"content":"        if (commandAndDescription.length \u003d\u003d 1) {","lastModifiedDate":"2022-08-24"},{"lineNumber":112,"author":{"gitId":"L1uY1jun"},"content":"            throw new DukeException(\"☹ OOPS!!! \" +","lastModifiedDate":"2022-08-18"},{"lineNumber":113,"author":{"gitId":"L1uY1jun"},"content":"                    \"The description of deadline cannot be empty.\");","lastModifiedDate":"2022-08-18"},{"lineNumber":114,"author":{"gitId":"L1uY1jun"},"content":"        }","lastModifiedDate":"2022-08-18"},{"lineNumber":115,"author":{"gitId":"L1uY1jun"},"content":"        String[] descAndDue \u003d commandAndDescription[1].split(\"/by \");","lastModifiedDate":"2022-08-24"},{"lineNumber":116,"author":{"gitId":"L1uY1jun"},"content":"        if (descAndDue.length \u003d\u003d 1) {","lastModifiedDate":"2022-08-18"},{"lineNumber":117,"author":{"gitId":"L1uY1jun"},"content":"            throw new DukeException(\"☹ OOPS!!! \" +","lastModifiedDate":"2022-08-18"},{"lineNumber":118,"author":{"gitId":"L1uY1jun"},"content":"                    \"There is no specified date/time for the deadline.\");","lastModifiedDate":"2022-08-18"},{"lineNumber":119,"author":{"gitId":"L1uY1jun"},"content":"        }","lastModifiedDate":"2022-08-18"},{"lineNumber":120,"author":{"gitId":"L1uY1jun"},"content":"        System.out.println(\"Got it. I\u0027ve added this task:\");","lastModifiedDate":"2022-08-24"},{"lineNumber":121,"author":{"gitId":"L1uY1jun"},"content":"        taskList.add(new Deadline(descAndDue[0], false, descAndDue[1]));","lastModifiedDate":"2022-08-24"},{"lineNumber":122,"author":{"gitId":"L1uY1jun"},"content":"        System.out.println(String.format(\"\\t%s\",","lastModifiedDate":"2022-08-18"},{"lineNumber":123,"author":{"gitId":"L1uY1jun"},"content":"                taskList.get(taskList.size() - 1)));","lastModifiedDate":"2022-08-24"},{"lineNumber":124,"author":{"gitId":"L1uY1jun"},"content":"        listStatus(taskList);","lastModifiedDate":"2022-08-24"},{"lineNumber":125,"author":{"gitId":"L1uY1jun"},"content":"    }","lastModifiedDate":"2022-08-24"},{"lineNumber":126,"author":{"gitId":"L1uY1jun"},"content":"","lastModifiedDate":"2022-08-24"},{"lineNumber":127,"author":{"gitId":"L1uY1jun"},"content":"    private static void createEvent(String[] commandAndDescription) throws DukeException {","lastModifiedDate":"2022-08-24"},{"lineNumber":128,"author":{"gitId":"L1uY1jun"},"content":"        if (commandAndDescription.length \u003d\u003d 1) {","lastModifiedDate":"2022-08-24"},{"lineNumber":129,"author":{"gitId":"L1uY1jun"},"content":"            throw new DukeException(\"☹ OOPS!!! \" +","lastModifiedDate":"2022-08-18"},{"lineNumber":130,"author":{"gitId":"L1uY1jun"},"content":"                    \"The description of event cannot be empty.\");","lastModifiedDate":"2022-08-18"},{"lineNumber":131,"author":{"gitId":"L1uY1jun"},"content":"        }","lastModifiedDate":"2022-08-18"},{"lineNumber":132,"author":{"gitId":"L1uY1jun"},"content":"        String[] descAndDuration \u003d commandAndDescription[1].split(\"/at \");","lastModifiedDate":"2022-08-24"},{"lineNumber":133,"author":{"gitId":"L1uY1jun"},"content":"        if (descAndDuration.length \u003d\u003d 1) {","lastModifiedDate":"2022-08-18"},{"lineNumber":134,"author":{"gitId":"L1uY1jun"},"content":"            throw new DukeException(\"☹ OOPS!!! \" +","lastModifiedDate":"2022-08-18"},{"lineNumber":135,"author":{"gitId":"L1uY1jun"},"content":"                    \"There is no specified time duration for the event.\");","lastModifiedDate":"2022-08-18"},{"lineNumber":136,"author":{"gitId":"L1uY1jun"},"content":"        }","lastModifiedDate":"2022-08-18"},{"lineNumber":137,"author":{"gitId":"L1uY1jun"},"content":"        System.out.println(\"Got it. I\u0027ve added this task:\");","lastModifiedDate":"2022-08-24"},{"lineNumber":138,"author":{"gitId":"L1uY1jun"},"content":"        taskList.add(new Event(descAndDuration[0], false, descAndDuration[1]));","lastModifiedDate":"2022-08-24"},{"lineNumber":139,"author":{"gitId":"L1uY1jun"},"content":"        System.out.println(String.format(\"\\t%s\",","lastModifiedDate":"2022-08-18"},{"lineNumber":140,"author":{"gitId":"L1uY1jun"},"content":"                taskList.get(taskList.size() - 1)));","lastModifiedDate":"2022-08-24"},{"lineNumber":141,"author":{"gitId":"L1uY1jun"},"content":"        listStatus(taskList);","lastModifiedDate":"2022-08-24"},{"lineNumber":142,"author":{"gitId":"L1uY1jun"},"content":"    }","lastModifiedDate":"2022-08-18"},{"lineNumber":143,"author":{"gitId":"L1uY1jun"},"content":"","lastModifiedDate":"2022-08-18"},{"lineNumber":144,"author":{"gitId":"L1uY1jun"},"content":"    private static void createToDo(String[] commandAndDescription) throws DukeException {","lastModifiedDate":"2022-08-24"},{"lineNumber":145,"author":{"gitId":"L1uY1jun"},"content":"        if (commandAndDescription.length \u003d\u003d 1) {","lastModifiedDate":"2022-08-24"},{"lineNumber":146,"author":{"gitId":"L1uY1jun"},"content":"            throw new DukeException(\"☹ OOPS!!! \" +","lastModifiedDate":"2022-08-24"},{"lineNumber":147,"author":{"gitId":"L1uY1jun"},"content":"                    \"The description of todo cannot be empty.\");","lastModifiedDate":"2022-08-24"},{"lineNumber":148,"author":{"gitId":"L1uY1jun"},"content":"        }","lastModifiedDate":"2022-08-18"},{"lineNumber":149,"author":{"gitId":"L1uY1jun"},"content":"        System.out.println(\"Got it. I\u0027ve added this task:\");","lastModifiedDate":"2022-08-18"},{"lineNumber":150,"author":{"gitId":"L1uY1jun"},"content":"        taskList.add(new ToDo(commandAndDescription[1], false));","lastModifiedDate":"2022-08-24"},{"lineNumber":151,"author":{"gitId":"L1uY1jun"},"content":"        System.out.println(String.format(\"\\t%s\",","lastModifiedDate":"2022-08-24"},{"lineNumber":152,"author":{"gitId":"L1uY1jun"},"content":"                taskList.get(taskList.size() - 1)));","lastModifiedDate":"2022-08-24"},{"lineNumber":153,"author":{"gitId":"L1uY1jun"},"content":"        listStatus(taskList);","lastModifiedDate":"2022-08-24"},{"lineNumber":154,"author":{"gitId":"L1uY1jun"},"content":"    }","lastModifiedDate":"2022-08-18"},{"lineNumber":155,"author":{"gitId":"L1uY1jun"},"content":"    ","lastModifiedDate":"2022-08-18"},{"lineNumber":156,"author":{"gitId":"L1uY1jun"},"content":"    private static void listStatus(ArrayList\u003cTask\u003e list) {","lastModifiedDate":"2022-08-18"},{"lineNumber":157,"author":{"gitId":"L1uY1jun"},"content":"        System.out.println(String.format(\"Now you have %d tasks in the list.\",","lastModifiedDate":"2022-08-18"},{"lineNumber":158,"author":{"gitId":"L1uY1jun"},"content":"                list.size()));","lastModifiedDate":"2022-08-18"},{"lineNumber":159,"author":{"gitId":"-"},"content":"    }","lastModifiedDate":"2022-08-18"},{"lineNumber":160,"author":{"gitId":"-"},"content":"}","lastModifiedDate":"2019-07-29"}],"authorContributionMap":{"L1uY1jun":155,"-":5}},{"path":"src/main/java/DukeException.java","fileType":"java","lines":[{"lineNumber":1,"author":{"gitId":"L1uY1jun"},"content":"public class DukeException extends Exception {","lastModifiedDate":"2022-08-18"},{"lineNumber":2,"author":{"gitId":"L1uY1jun"},"content":"    public DukeException(String message) {","lastModifiedDate":"2022-08-18"},{"lineNumber":3,"author":{"gitId":"L1uY1jun"},"content":"        super(message);","lastModifiedDate":"2022-08-18"},{"lineNumber":4,"author":{"gitId":"L1uY1jun"},"content":"    }","lastModifiedDate":"2022-08-18"},{"lineNumber":5,"author":{"gitId":"L1uY1jun"},"content":"}","lastModifiedDate":"2022-08-18"}],"authorContributionMap":{"L1uY1jun":5}},{"path":"src/main/java/Event.java","fileType":"java","lines":[{"lineNumber":1,"author":{"gitId":"L1uY1jun"},"content":"public class Event extends Task {","lastModifiedDate":"2022-08-18"},{"lineNumber":2,"author":{"gitId":"L1uY1jun"},"content":"    protected String at;","lastModifiedDate":"2022-08-18"},{"lineNumber":3,"author":{"gitId":"L1uY1jun"},"content":"","lastModifiedDate":"2022-08-18"},{"lineNumber":4,"author":{"gitId":"L1uY1jun"},"content":"    /**","lastModifiedDate":"2022-08-18"},{"lineNumber":5,"author":{"gitId":"L1uY1jun"},"content":"     * Constructor for Event class.","lastModifiedDate":"2022-08-18"},{"lineNumber":6,"author":{"gitId":"L1uY1jun"},"content":"     * @param description description for event","lastModifiedDate":"2022-08-18"},{"lineNumber":7,"author":{"gitId":"L1uY1jun"},"content":"     * @param at duration of event","lastModifiedDate":"2022-08-18"},{"lineNumber":8,"author":{"gitId":"L1uY1jun"},"content":"     */","lastModifiedDate":"2022-08-18"},{"lineNumber":9,"author":{"gitId":"L1uY1jun"},"content":"    public Event(String description, Boolean isDone, String at) {","lastModifiedDate":"2022-08-24"},{"lineNumber":10,"author":{"gitId":"L1uY1jun"},"content":"        super(description);","lastModifiedDate":"2022-08-18"},{"lineNumber":11,"author":{"gitId":"L1uY1jun"},"content":"        if (isDone) {","lastModifiedDate":"2022-08-24"},{"lineNumber":12,"author":{"gitId":"L1uY1jun"},"content":"            super.markAsDone();","lastModifiedDate":"2022-08-24"},{"lineNumber":13,"author":{"gitId":"L1uY1jun"},"content":"        }","lastModifiedDate":"2022-08-24"},{"lineNumber":14,"author":{"gitId":"L1uY1jun"},"content":"        this.at \u003d at;","lastModifiedDate":"2022-08-18"},{"lineNumber":15,"author":{"gitId":"L1uY1jun"},"content":"    }","lastModifiedDate":"2022-08-18"},{"lineNumber":16,"author":{"gitId":"L1uY1jun"},"content":"","lastModifiedDate":"2022-08-18"},{"lineNumber":17,"author":{"gitId":"L1uY1jun"},"content":"    @Override","lastModifiedDate":"2022-08-18"},{"lineNumber":18,"author":{"gitId":"L1uY1jun"},"content":"    public String toString() {","lastModifiedDate":"2022-08-18"},{"lineNumber":19,"author":{"gitId":"L1uY1jun"},"content":"        return \"[E]\" + super.toString() + \"(at: \" + at + \")\";","lastModifiedDate":"2022-08-18"},{"lineNumber":20,"author":{"gitId":"L1uY1jun"},"content":"    }","lastModifiedDate":"2022-08-18"},{"lineNumber":21,"author":{"gitId":"L1uY1jun"},"content":"}","lastModifiedDate":"2022-08-18"}],"authorContributionMap":{"L1uY1jun":21}},{"path":"src/main/java/Task.java","fileType":"java","lines":[{"lineNumber":1,"author":{"gitId":"L1uY1jun"},"content":"public abstract class Task {","lastModifiedDate":"2022-08-18"},{"lineNumber":2,"author":{"gitId":"L1uY1jun"},"content":"    protected String description;","lastModifiedDate":"2022-08-18"},{"lineNumber":3,"author":{"gitId":"L1uY1jun"},"content":"    protected boolean isDone;","lastModifiedDate":"2022-08-18"},{"lineNumber":4,"author":{"gitId":"L1uY1jun"},"content":"","lastModifiedDate":"2022-08-18"},{"lineNumber":5,"author":{"gitId":"L1uY1jun"},"content":"    /**","lastModifiedDate":"2022-08-18"},{"lineNumber":6,"author":{"gitId":"L1uY1jun"},"content":"     * Constructor for Task class.","lastModifiedDate":"2022-08-18"},{"lineNumber":7,"author":{"gitId":"L1uY1jun"},"content":"     * @param description description of task","lastModifiedDate":"2022-08-18"},{"lineNumber":8,"author":{"gitId":"L1uY1jun"},"content":"     */","lastModifiedDate":"2022-08-18"},{"lineNumber":9,"author":{"gitId":"L1uY1jun"},"content":"    public Task(String description) {","lastModifiedDate":"2022-08-18"},{"lineNumber":10,"author":{"gitId":"L1uY1jun"},"content":"        this.description \u003d description;","lastModifiedDate":"2022-08-18"},{"lineNumber":11,"author":{"gitId":"L1uY1jun"},"content":"        this.isDone \u003d false;","lastModifiedDate":"2022-08-18"},{"lineNumber":12,"author":{"gitId":"L1uY1jun"},"content":"    }","lastModifiedDate":"2022-08-18"},{"lineNumber":13,"author":{"gitId":"L1uY1jun"},"content":"","lastModifiedDate":"2022-08-18"},{"lineNumber":14,"author":{"gitId":"L1uY1jun"},"content":"    /**","lastModifiedDate":"2022-08-18"},{"lineNumber":15,"author":{"gitId":"L1uY1jun"},"content":"     * Check status of task, done ( ) or not done (X).","lastModifiedDate":"2022-08-18"},{"lineNumber":16,"author":{"gitId":"L1uY1jun"},"content":"     * @return String representation of current status","lastModifiedDate":"2022-08-18"},{"lineNumber":17,"author":{"gitId":"L1uY1jun"},"content":"     */","lastModifiedDate":"2022-08-18"},{"lineNumber":18,"author":{"gitId":"L1uY1jun"},"content":"    public String getStatusIcon() {","lastModifiedDate":"2022-08-18"},{"lineNumber":19,"author":{"gitId":"L1uY1jun"},"content":"        return (isDone ? \"X\" : \" \");","lastModifiedDate":"2022-08-18"},{"lineNumber":20,"author":{"gitId":"L1uY1jun"},"content":"    }","lastModifiedDate":"2022-08-18"},{"lineNumber":21,"author":{"gitId":"L1uY1jun"},"content":"","lastModifiedDate":"2022-08-18"},{"lineNumber":22,"author":{"gitId":"L1uY1jun"},"content":"    /**","lastModifiedDate":"2022-08-18"},{"lineNumber":23,"author":{"gitId":"L1uY1jun"},"content":"     * Mark this task as done","lastModifiedDate":"2022-08-18"},{"lineNumber":24,"author":{"gitId":"L1uY1jun"},"content":"     */","lastModifiedDate":"2022-08-18"},{"lineNumber":25,"author":{"gitId":"L1uY1jun"},"content":"    public void markAsDone() {","lastModifiedDate":"2022-08-18"},{"lineNumber":26,"author":{"gitId":"L1uY1jun"},"content":"        this.isDone \u003d true;","lastModifiedDate":"2022-08-18"},{"lineNumber":27,"author":{"gitId":"L1uY1jun"},"content":"    }","lastModifiedDate":"2022-08-18"},{"lineNumber":28,"author":{"gitId":"L1uY1jun"},"content":"","lastModifiedDate":"2022-08-18"},{"lineNumber":29,"author":{"gitId":"L1uY1jun"},"content":"    /**","lastModifiedDate":"2022-08-18"},{"lineNumber":30,"author":{"gitId":"L1uY1jun"},"content":"     * Mark this task as undone","lastModifiedDate":"2022-08-18"},{"lineNumber":31,"author":{"gitId":"L1uY1jun"},"content":"     */","lastModifiedDate":"2022-08-18"},{"lineNumber":32,"author":{"gitId":"L1uY1jun"},"content":"    public void markAsUndone() {","lastModifiedDate":"2022-08-18"},{"lineNumber":33,"author":{"gitId":"L1uY1jun"},"content":"        this.isDone \u003d false;","lastModifiedDate":"2022-08-18"},{"lineNumber":34,"author":{"gitId":"L1uY1jun"},"content":"    }","lastModifiedDate":"2022-08-18"},{"lineNumber":35,"author":{"gitId":"L1uY1jun"},"content":"","lastModifiedDate":"2022-08-18"},{"lineNumber":36,"author":{"gitId":"L1uY1jun"},"content":"    @Override","lastModifiedDate":"2022-08-18"},{"lineNumber":37,"author":{"gitId":"L1uY1jun"},"content":"    public String toString() {","lastModifiedDate":"2022-08-18"},{"lineNumber":38,"author":{"gitId":"L1uY1jun"},"content":"        return String.format(\"[%s] %s\", this.getStatusIcon(), this.description);","lastModifiedDate":"2022-08-18"},{"lineNumber":39,"author":{"gitId":"L1uY1jun"},"content":"    }","lastModifiedDate":"2022-08-18"},{"lineNumber":40,"author":{"gitId":"L1uY1jun"},"content":"}","lastModifiedDate":"2022-08-18"}],"authorContributionMap":{"L1uY1jun":40}},{"path":"src/main/java/ToDo.java","fileType":"java","lines":[{"lineNumber":1,"author":{"gitId":"L1uY1jun"},"content":"public class ToDo extends Task {","lastModifiedDate":"2022-08-18"},{"lineNumber":2,"author":{"gitId":"L1uY1jun"},"content":"    /**","lastModifiedDate":"2022-08-18"},{"lineNumber":3,"author":{"gitId":"L1uY1jun"},"content":"     * Constructor for ToDos class","lastModifiedDate":"2022-08-18"},{"lineNumber":4,"author":{"gitId":"L1uY1jun"},"content":"     * @param description description of task to do","lastModifiedDate":"2022-08-18"},{"lineNumber":5,"author":{"gitId":"L1uY1jun"},"content":"     */","lastModifiedDate":"2022-08-18"},{"lineNumber":6,"author":{"gitId":"L1uY1jun"},"content":"    public ToDo(String description, Boolean isDone) {","lastModifiedDate":"2022-08-24"},{"lineNumber":7,"author":{"gitId":"L1uY1jun"},"content":"        super(description);","lastModifiedDate":"2022-08-18"},{"lineNumber":8,"author":{"gitId":"L1uY1jun"},"content":"        if (isDone) {","lastModifiedDate":"2022-08-24"},{"lineNumber":9,"author":{"gitId":"L1uY1jun"},"content":"            super.markAsDone();","lastModifiedDate":"2022-08-24"},{"lineNumber":10,"author":{"gitId":"L1uY1jun"},"content":"        }","lastModifiedDate":"2022-08-24"},{"lineNumber":11,"author":{"gitId":"L1uY1jun"},"content":"    }","lastModifiedDate":"2022-08-18"},{"lineNumber":12,"author":{"gitId":"L1uY1jun"},"content":"","lastModifiedDate":"2022-08-18"},{"lineNumber":13,"author":{"gitId":"L1uY1jun"},"content":"    @Override","lastModifiedDate":"2022-08-18"},{"lineNumber":14,"author":{"gitId":"L1uY1jun"},"content":"    public String toString() {","lastModifiedDate":"2022-08-18"},{"lineNumber":15,"author":{"gitId":"L1uY1jun"},"content":"        return \"[T]\" + super.toString();","lastModifiedDate":"2022-08-18"},{"lineNumber":16,"author":{"gitId":"L1uY1jun"},"content":"    }","lastModifiedDate":"2022-08-18"},{"lineNumber":17,"author":{"gitId":"L1uY1jun"},"content":"}","lastModifiedDate":"2022-08-18"}],"authorContributionMap":{"L1uY1jun":17}},{"path":"text-ui-test/input.txt","fileType":"txt","lines":[{"lineNumber":1,"author":{"gitId":"L1uY1jun"},"content":"todo individual project","lastModifiedDate":"2022-08-18"},{"lineNumber":2,"author":{"gitId":"L1uY1jun"},"content":"deadline individual project /by Tomorrow","lastModifiedDate":"2022-08-18"},{"lineNumber":3,"author":{"gitId":"L1uY1jun"},"content":"event CS2103T lecture /at Friday 4-6pm","lastModifiedDate":"2022-08-18"},{"lineNumber":4,"author":{"gitId":"L1uY1jun"},"content":"mark 1","lastModifiedDate":"2022-08-18"},{"lineNumber":5,"author":{"gitId":"L1uY1jun"},"content":"mark 3","lastModifiedDate":"2022-08-18"},{"lineNumber":6,"author":{"gitId":"L1uY1jun"},"content":"mark 2","lastModifiedDate":"2022-08-18"},{"lineNumber":7,"author":{"gitId":"L1uY1jun"},"content":"list","lastModifiedDate":"2022-08-18"},{"lineNumber":8,"author":{"gitId":"L1uY1jun"},"content":"unmark 3","lastModifiedDate":"2022-08-18"},{"lineNumber":9,"author":{"gitId":"L1uY1jun"},"content":"unmark 1","lastModifiedDate":"2022-08-18"},{"lineNumber":10,"author":{"gitId":"L1uY1jun"},"content":"unmark 2","lastModifiedDate":"2022-08-18"},{"lineNumber":11,"author":{"gitId":"L1uY1jun"},"content":"list","lastModifiedDate":"2022-08-18"},{"lineNumber":12,"author":{"gitId":"L1uY1jun"},"content":"mark 1","lastModifiedDate":"2022-08-18"},{"lineNumber":13,"author":{"gitId":"L1uY1jun"},"content":"list","lastModifiedDate":"2022-08-18"},{"lineNumber":14,"author":{"gitId":"L1uY1jun"},"content":"bye","lastModifiedDate":"2022-08-18"}],"authorContributionMap":{"L1uY1jun":14}}]
