{"authorDailyContributionsMap":{"jetlfj":[{"date":"2022-08-12","commitResults":[{"hash":"2431aa54a1a9cdb52a9221ae26a2d4a4fc0b5c73","messageTitle":"add greet, echo, exit","messageBody":"","tags":["Level-1"],"fileTypesAndContributionMap":{"java":{"insertions":22,"deletions":6}}},{"hash":"df7fea28f765e4939bc764a172970b7c9422dc37","messageTitle":"add add, list","messageBody":"","tags":["Level-2"],"fileTypesAndContributionMap":{"java":{"insertions":12,"deletions":3}}},{"hash":"8c92735db737dda28c3a92cd4aea788502d2a9bc","messageTitle":"add mark as done","messageBody":"","tags":["Level-3"],"fileTypesAndContributionMap":{"java":{"insertions":40,"deletions":6}}},{"hash":"349460064203d018d1c57fe83020218569dbf543","messageTitle":"add todos, events, deadlines","messageBody":"","tags":["Level-4"],"fileTypesAndContributionMap":{"java":{"insertions":62,"deletions":13}}},{"hash":"abbf6f447a97fed9ee16f97b35579784cc6bd50f","messageTitle":"add automated text ui testing","messageBody":"","tags":["A-TextUiTesting"],"fileTypesAndContributionMap":{"txt":{"insertions":9,"deletions":0},"java":{"insertions":3,"deletions":3}}}]},{"date":"2022-08-13","commitResults":[{"hash":"7ba8dce81bbafe2cc1e11dfca6a6b4d6d88bdc79","messageTitle":"add handle errors","messageBody":"","tags":["Level-5"],"fileTypesAndContributionMap":{"txt":{"insertions":2,"deletions":0},"java":{"insertions":46,"deletions":32}}},{"hash":"4769b85c8764ae33a99d18603f8d2dc7f63a05f9","messageTitle":"add delete","messageBody":"","tags":["Level-6"],"fileTypesAndContributionMap":{"txt":{"insertions":3,"deletions":0},"java":{"insertions":28,"deletions":11}}},{"hash":"8283f631223e96ecddb31f663b95a4a495afd2a0","messageTitle":"add use enums","messageBody":"","tags":["A-Enums"],"fileTypesAndContributionMap":{"txt":{"insertions":19,"deletions":1},"java":{"insertions":141,"deletions":57}}},{"hash":"0bed8b6a0686b261c84184683f1fa5cf02a92800","messageTitle":"Fix formatting","messageBody":"The code does not follow the rules in the SE_EDU Java coding standard.\n\nCode that follows the rules is less error-prone and is easier for\nothers to read and understand.\n\nLet\u0027s update the code with the correct naming and layout.\n","fileTypesAndContributionMap":{"java":{"insertions":107,"deletions":121}}}]},{"date":"2022-08-15","commitResults":[{"hash":"371741abe8a0c6e5ab792b84d7e4e551a4c4c377","messageTitle":"Add Save","messageBody":"Tasks are removed whenever the application is closed.\n\nSaving and loading tasks allows users to retain the tasks they have\nadded.\n\nLet\u0027s,\n* save the tasks in the hard disk automatically whenever the task list\n  changes\n* load the data from the hard disk when the application starts up\n","fileTypesAndContributionMap":{"java":{"insertions":619,"deletions":219},"bat":{"insertions":2,"deletions":2}}}]},{"date":"2022-08-16","commitResults":[{"hash":"3e8bd19363fdff902ac733b55073949d23bdcaed","messageTitle":"Add Dates and Times","messageBody":"The chatbot stores dates and times as a String.\n\nStoring time as a LocalDate allows for easier comparison and formatting.\n\nLet\u0027s\n* store deadline dates as a java.time.LocalDate in task objects\n* accept dates in a format such as yyyy-mm-dd and print in a different\n  format such as MMM dd yyyy\n","fileTypesAndContributionMap":{"java":{"insertions":10,"deletions":6}}},{"hash":"1f233e6660cd3bc9c8b8bc1829aa961c21a18c48","messageTitle":"Revert \"Add Dates and Times\"","messageBody":"This reverts commit 3e8bd19363fdff902ac733b55073949d23bdcaed.\n","fileTypesAndContributionMap":{"java":{"insertions":6,"deletions":10}}},{"hash":"62a489ff86be917a6508c1052d8fb32410a065a6","messageTitle":"Add Dates and Times","messageBody":"The chatbot stores time as a String.\n\nStoring time as a LocalDate allows for easier comparison and formatting.\n\nLet\u0027s,\n* store deadline dates as a java.time.LocalDate in task objects\n* accept dates in a format such as yyyy-mm-dd and print in a different\n  format such as MMM dd yyyy\n","fileTypesAndContributionMap":{"java":{"insertions":549,"deletions":219}}},{"hash":"34c499bd49f64ab7bdb1995be7d2dbe0cb941ec8","messageTitle":"Add More OOP","messageBody":"","tags":["A-MoreOOP"],"fileTypesAndContributionMap":{"txt":{"insertions":2,"deletions":0},"java":{"insertions":32,"deletions":17}}},{"hash":"aab9fd3549232bfd0e820d04238bda4c416132b4","messageTitle":"Add Packages","messageBody":"","tags":["A-Packages"],"fileTypesAndContributionMap":{"java":{"insertions":89,"deletions":76}}},{"hash":"818c0507aa4866ccf628744f6fe91e0a1188b7eb","messageTitle":"Fix formatting","messageBody":"","fileTypesAndContributionMap":{"java":{"insertions":25,"deletions":25}}}]},{"date":"2022-08-19","commitResults":[{"hash":"2e1165b41e174ec531627c2a52ea461ba6fbcb7d","messageTitle":"Add JUnit Tests","messageBody":"","tags":["A-JUnit"],"fileTypesAndContributionMap":{"java":{"insertions":195,"deletions":11}}}]},{"date":"2022-08-20","commitResults":[{"hash":"92309bf6e70d8b52944b0121d8ccc0aa550ce778","messageTitle":"Add JAR","messageBody":"","tags":["A-Jar"],"fileTypesAndContributionMap":{"java":{"insertions":6,"deletions":0}}},{"hash":"bd8fe05e3b9b07a4635aa476af1b631401fe5b16","messageTitle":"Add JavaDoc","messageBody":"","fileTypesAndContributionMap":{"java":{"insertions":472,"deletions":2}}},{"hash":"a73b2daa1b1b59b610ac027e33cfa1a67608d160","messageTitle":"Follow the Coding Standard","messageBody":"","fileTypesAndContributionMap":{"java":{"insertions":1,"deletions":1}}},{"hash":"71293dfdeae43547240921a16b1acb5d0ea78aed","messageTitle":"Add Find","messageBody":"","fileTypesAndContributionMap":{"java":{"insertions":80,"deletions":1}}}]},{"date":"2022-08-27","commitResults":[{"hash":"5c01a3ac1171db33e47835c3d6cecb7aeb038ae2","messageTitle":"Add GUI","messageBody":"","fileTypesAndContributionMap":{"gradle":{"insertions":16,"deletions":1},"fxml":{"insertions":46,"deletions":0},"java":{"insertions":257,"deletions":172}}},{"hash":"3ff886ab9599c90b9d2347face92238017bdc0ce","messageTitle":"Use Varargs","messageBody":"","fileTypesAndContributionMap":{"java":{"insertions":20,"deletions":12}}}]},{"date":"2022-09-03","commitResults":[{"hash":"73697ffd97eeb04f30ae92a189a0152e2c27530c","messageTitle":"Use Assertions in TaskList methods","messageBody":"There are several methods that may fail if the parameters provided to\nthem are invalid.\n\nUsing Assertions to define assumptions about the program state enables\nthe runtime to verify them. This helps to detect mistakes in the code.\n\nLet\u0027s document important assertions that should hold at various points\nin the code.\n","tags":["A-FullCommitMessage","A-Assertions"],"fileTypesAndContributionMap":{"java":{"insertions":10,"deletions":0}}},{"hash":"0acaa47c40f0b05ea83460d6af9aebcd4e58cc55","messageTitle":"Improve Code Quality","messageBody":"The code has unnecessary this keywords and some large sections of code\ngrouped together.\n\nImproving code quality makes it easier for other developers to read,\nunderstand and modify later on.\n\nLet\u0027s,\n* remove unnecessary this keywords\n* structure code logically with the use of blank lines to group related\nstatements together\n","tags":["A-CodeQuality"],"fileTypesAndContributionMap":{"java":{"insertions":30,"deletions":12}}}]},{"date":"2022-09-04","commitResults":[{"hash":"001e0a7e66c3d446e93f6c44ead90dd12e648fbb","messageTitle":"Add ability to prioritise tasks","messageBody":"All tasks have the same level of priority.\n\nAllowing users to set certain tasks to high priority helps them to\nidentify at a glance which tasks they should complete first.\n\nLet\u0027s,\n* add a Priority field to tasks\n* allow users to set tasks to high priority\n* display an indicator if a task is high priority\n","fileTypesAndContributionMap":{"java":{"insertions":121,"deletions":29}}},{"hash":"2087fb5175afd12665d1f79978346d6c27f970fd","messageTitle":"Use Streams","messageBody":"","tags":["A-Streams"],"fileTypesAndContributionMap":{"java":{"insertions":7,"deletions":13}}}]},{"date":"2022-09-13","commitResults":[{"hash":"f05150958f6fc6154321d66295d46bccbf19f964","messageTitle":"Improve the GUI","messageBody":"","tags":["A-Personality","A-BetterGUI"],"fileTypesAndContributionMap":{"fxml":{"insertions":3,"deletions":3},"java":{"insertions":27,"deletions":15}}},{"hash":"ab66b8e2a3f297e4652c4e6f0aa2b4d54bdbf2fc","messageTitle":"Add more automated testing","messageBody":"","tags":["A-MoreTesting","A-MoreErrorHandling"],"fileTypesAndContributionMap":{"java":{"insertions":455,"deletions":31}}},{"hash":"6e9b17f8863d61d4373d07503ce75b97e818fb14","messageTitle":"Add a User Guide","messageBody":"","tags":["A-UserGuide"],"fileTypesAndContributionMap":{"fxml":{"insertions":2,"deletions":2},"md":{"insertions":208,"deletions":14}}},{"hash":"ab7622238ed712e16bd4448623fa708a1f4f75a7","messageTitle":"Update the User Guide","messageBody":"","fileTypesAndContributionMap":{"md":{"insertions":5,"deletions":6}}},{"hash":"faec8aaaf07b1c9efe63b6ebcdc395935df94302","messageTitle":"Fix the User Guide","messageBody":"","fileTypesAndContributionMap":{"md":{"insertions":19,"deletions":16}}},{"hash":"2d7718005c53de76867ea386c47840768a831527","messageTitle":"Fix the User Guide","messageBody":"","fileTypesAndContributionMap":{"md":{"insertions":12,"deletions":12}}},{"hash":"0859cc4d6a3ac39ca470ed0b3a48378d322d1e4d","messageTitle":"Fix the User Guide","messageBody":"","fileTypesAndContributionMap":{"md":{"insertions":3,"deletions":3}}},{"hash":"f72da5d3ecc40aede2629a80e0fee0a6d15f08bd","messageTitle":"Fix the User Guide","messageBody":"","tags":["A-Release"],"fileTypesAndContributionMap":{"md":{"insertions":1,"deletions":0}}}]},{"date":"2022-09-16","commitResults":[{"hash":"ba93c4f47f7ab9a9e027c95ab13ca7ff4dce7ac7","messageTitle":"Edit README","messageBody":"","fileTypesAndContributionMap":{"fxml":{"insertions":9,"deletions":6},"md":{"insertions":3,"deletions":22}}},{"hash":"7d33ed09fcd48f9e897cd6e162b00472dedd7da0","messageTitle":"Fix GUI resizing","messageBody":"","fileTypesAndContributionMap":{"java":{"insertions":1,"deletions":0}}}]},{"date":"2022-09-17","commitResults":[{"hash":"105508dd05f752c24a64ba001e4acc7a4bab89c9","messageTitle":"Fix the GUI","messageBody":"","fileTypesAndContributionMap":{"java":{"insertions":2,"deletions":2}}}]}]},"authorFileTypeContributionMap":{"jetlfj":{"java":2047,"md":198,"fxml":49,"sh":0,"bat":2,"gradle":21,"txt":34}},"authorContributionVariance":{"jetlfj":77784.67},"authorDisplayNameMap":{"jetlfj":"CS2103T-T11-2 LEE .. JET"}}
