{"authorDailyContributionsMap":{"dreammac3816547290":[{"date":"2022-08-18","commitResults":[{"hash":"c0c217d725e625dbc7d3a9dc6b0294981d9607f7","messageTitle":"Skeletal version of Duke","messageBody":"","tags":["Level-2"],"fileTypesAndContributionMap":{"java":{"insertions":15,"deletions":0}}},{"hash":"1adc1f40cac4cd929869ec2aaa59387c564fdff0","messageTitle":"Add the ability to store text entered by the user","messageBody":"","fileTypesAndContributionMap":{"java":{"insertions":10,"deletions":2}}}]},{"date":"2022-08-19","commitResults":[{"hash":"92577e8bc6e5cdb31648ce273d4181641999e5cd","messageTitle":"Add the ability to mark tasks as done and change the status back to not done.","messageBody":"","tags":["Level-3"],"fileTypesAndContributionMap":{"java":{"insertions":48,"deletions":15}}},{"hash":"d0db35fee491d85b5f4fd7ca5d95e40938e7ea57","messageTitle":"Add support for tracking ToDos, Deadlines, and Events","messageBody":"","tags":["Level-4"],"fileTypesAndContributionMap":{"java":{"insertions":58,"deletions":2}}},{"hash":"e6afc93e4cf647772c2f63b246c0c42bbfe08e60","messageTitle":"Use the input/output redirection technique to semi-automate the testing of Duke.","messageBody":"","tags":["A-TextUiTesting"],"fileTypesAndContributionMap":{"txt":{"insertions":10,"deletions":0},"java":{"insertions":1,"deletions":0}}},{"hash":"248aa72cc33dfda68aa1bc8c111b25cbde8fccad","messageTitle":"Handle errors such as incorrect inputs entered by the user.","messageBody":"","tags":["Level-5"],"fileTypesAndContributionMap":{"java":{"insertions":62,"deletions":52}}},{"hash":"09a9ccd615a684917cc59be3789d45b7b550e0e7","messageTitle":"Add support for deleting tasks from the list.","messageBody":"","tags":["Level-6"],"fileTypesAndContributionMap":{"java":{"insertions":33,"deletions":17}}}]}]},"authorFileTypeContributionMap":{"dreammac3816547290":{"java":145,"md":0,"fxml":0,"sh":0,"bat":0,"gradle":0,"txt":10}},"authorContributionVariance":{"dreammac3816547290":9541.234},"authorDisplayNameMap":{"dreammac3816547290":"CS2103T-W08-4 NATH..ANTO"}}
