{"authorDailyContributionsMap":{"waynezsy":[{"date":"2022-08-15","commitResults":[{"hash":"e6b230379ad8f67a1ad40fa802a133a5106b427a","messageTitle":"Duke class: implement skeletal version","messageBody":"Duke has no functionality.\n\nLet\u0027s,\n* add a greeting on start\n* echo commands entered by the user\n* add an exit command\n","tags":["Level-1"],"fileTypesAndContributionMap":{"java":{"insertions":14,"deletions":0}}},{"hash":"75d91a34e68e04ccaa66c3a557978f3aecb4450a","messageTitle":"Duke class: change formatting of messages","messageBody":"Duke prints messages on successive lines.\n\nLines and indentations differentiate messages between users and Duke\nmore clearly.\n\nLet\u0027s add lines and indentations to Duke\u0027s messages.\n","fileTypesAndContributionMap":{"java":{"insertions":13,"deletions":9}}},{"hash":"b3bbb8d0d38bb92bbf861e41455624851a35d1e5","messageTitle":"Add ability to store text and display as needed","messageBody":"","tags":["Level-2"],"fileTypesAndContributionMap":{"java":{"insertions":57,"deletions":4}}}]},{"date":"2022-08-18","commitResults":[{"hash":"426866ef806f347a06f73f0a4b3d665a90bcf224","messageTitle":"Add ability to mark tasks as done (or not)","messageBody":"","tags":["Level-3","A-Classes"],"fileTypesAndContributionMap":{"java":{"insertions":87,"deletions":28}}},{"hash":"c3cf3d9062ebea71e697f57bf0f5566f78acc626","messageTitle":"Add support for tracking 3 types of tasks","messageBody":"","tags":["Level-4","A-Inheritance"],"fileTypesAndContributionMap":{"java":{"insertions":127,"deletions":4}}},{"hash":"71f88c4f70cfc82d0dac252587701793ed58c358","messageTitle":"Add automated text UI testing","messageBody":"","tags":["A-TextUiTesting"],"fileTypesAndContributionMap":{"txt":{"insertions":18,"deletions":0},"java":{"insertions":3,"deletions":2}}},{"hash":"5ddf2bf4b45264df6d8c81b491e49c2fe0de2653","messageTitle":"Fix minor errors in javadocs","messageBody":"","fileTypesAndContributionMap":{"txt":{"insertions":0,"deletions":1},"java":{"insertions":2,"deletions":2}}}]}]},"authorFileTypeContributionMap":{"waynezsy":{"java":256,"md":0,"fxml":0,"sh":0,"bat":0,"gradle":0,"txt":17}},"authorContributionVariance":{"waynezsy":9260.286},"authorDisplayNameMap":{"waynezsy":"WAYN..YUAN"}}
