{"authorDailyContributionsMap":{"SilasTSL":[{"date":"2022-08-17","commitResults":[{"hash":"a32f75e2ad4f9b07facc611c58fac672af5db0f9","messageTitle":"Changed logo and file name to Luffy","messageBody":"","fileTypesAndContributionMap":{"java":{"insertions":11,"deletions":10}}},{"hash":"f2f76759f2dcb262333cf2162020bf2ec0e810d2","messageTitle":"Added echo","messageBody":"","tags":["Level-1"],"fileTypesAndContributionMap":{"java":{"insertions":20,"deletions":0}}},{"hash":"21d1fcbe0beda39809a132848870ddf5d1be25fc","messageTitle":"Added list","messageBody":"","tags":["Level-2"],"fileTypesAndContributionMap":{"java":{"insertions":11,"deletions":1}}},{"hash":"6511ac7f0b8321a8058bb22116dffc2ce617edd8","messageTitle":"Added mark/unmark, Task class","messageBody":"","tags":["Level-3"],"fileTypesAndContributionMap":{"java":{"insertions":50,"deletions":3}}}]},{"date":"2022-08-18","commitResults":[{"hash":"34a25a01b1433d14a59cb43ed76a18a0195a63e5","messageTitle":"Added todo, deadline, event","messageBody":"","tags":["Level-4"],"fileTypesAndContributionMap":{"java":{"insertions":60,"deletions":9},"sh":{"insertions":1,"deletions":1}}},{"hash":"7c7a350b06326919a23c0f429caa6fb4b58f28a3","messageTitle":"Handle incorrect inputs","messageBody":"","tags":["Level-5"],"fileTypesAndContributionMap":{"java":{"insertions":33,"deletions":5}}},{"hash":"6e740c92c5a0ae23ee95d596c97d29bc0c999f92","messageTitle":"Added delete","messageBody":"","fileTypesAndContributionMap":{"java":{"insertions":57,"deletions":19}}},{"hash":"eeea299d910d6e1b7240530f5d1490e21089532a","messageTitle":"Used Java collections","messageBody":"","tags":["Level-6"],"fileTypesAndContributionMap":{"java":{"insertions":10,"deletions":16}}}]},{"date":"2022-08-21","commitResults":[{"hash":"a5aef866d0aa2ab3858dbd0956a1c5397744c723","messageTitle":"Added Javadocs","messageBody":"","fileTypesAndContributionMap":{"java":{"insertions":33,"deletions":0}}},{"hash":"ba48d2f75a8048d676abf76e37e46bd8f2c5648f","messageTitle":"Javadocs for constructors","messageBody":"","fileTypesAndContributionMap":{"java":{"insertions":18,"deletions":0}}}]},{"date":"2022-08-26","commitResults":[{"hash":"7c67e5c0278143ac021c0b038a94291a58daf9d1","messageTitle":"Added local save file","messageBody":"","fileTypesAndContributionMap":{"java":{"insertions":89,"deletions":13}}},{"hash":"98a8bb87d81837ef1cf7b5b6a35978239a9f15a2","messageTitle":"Used java DateTime","messageBody":"","fileTypesAndContributionMap":{"java":{"insertions":14,"deletions":2}}},{"hash":"4fdd2cd386e6ad6b9e5426102de6a2308eefbe36","messageTitle":"Further OOP","messageBody":"","tags":["A-MoreOOP"],"fileTypesAndContributionMap":{"java":{"insertions":291,"deletions":202}}},{"hash":"d97fc66b8873d3b1f4f42db7d8a0d413ee7feeb2","messageTitle":"Created package luffy","messageBody":"","tags":["A-Packages"],"fileTypesAndContributionMap":{"txt":{"insertions":0,"deletions":0},"java":{"insertions":19,"deletions":0}}},{"hash":"c6ab38b186a56c97fe505a7e017821e652d329b3","messageTitle":"Added gradle","messageBody":"","tags":["A-Gradle"],"fileTypesAndContributionMap":{"gradle":{"insertions":1,"deletions":1}}},{"hash":"6402acaba5ff41b10df2db1de998f66112666ce9","messageTitle":"Added JUnit testing","messageBody":"","tags":["A-JUnit"],"fileTypesAndContributionMap":{"java":{"insertions":25,"deletions":0}}},{"hash":"70c092e88af095d5b0d5aef6e0eddf821e5a65bc","messageTitle":"Fixed storage to create data folder","messageBody":"","tags":["Release-v0.1","A-Jar"],"fileTypesAndContributionMap":{"java":{"insertions":6,"deletions":0}}},{"hash":"c54b0eae8f94c34b7c7271d6acb062bfe4fa571c","messageTitle":"Added and fixed JavaDocs","messageBody":"","fileTypesAndContributionMap":{"java":{"insertions":131,"deletions":10}}},{"hash":"9c19994a9707ef9de184855177993c271e513539","messageTitle":"Fixing JavaDocs","messageBody":"","fileTypesAndContributionMap":{"java":{"insertions":1,"deletions":1}}},{"hash":"d7920608567cd46884a7d34b3c0abd92291efbdd","messageTitle":"Added find functionality","messageBody":"","fileTypesAndContributionMap":{"txt":{"insertions":3,"deletions":0},"java":{"insertions":33,"deletions":0}}},{"hash":"a0a51905fd448f1c3e27fd3b74915e7a44683766","messageTitle":"Fix JavaDoc spacings","messageBody":"","fileTypesAndContributionMap":{"java":{"insertions":49,"deletions":5}}}]},{"date":"2022-09-01","commitResults":[{"hash":"24b234c480dcb840c81722f37bf907aedc629c08","messageTitle":"Basic GUI without functionality","messageBody":"","tags":["A-CheckStyle"],"fileTypesAndContributionMap":{"gradle":{"insertions":21,"deletions":0},"java":{"insertions":172,"deletions":6}}},{"hash":"5e6bfce1afae78f0aca93e2d8513d139a1abb4f8","messageTitle":"GUI with functionality","messageBody":"","tags":["Level-10"],"fileTypesAndContributionMap":{"txt":{"insertions":0,"deletions":3},"java":{"insertions":91,"deletions":71}}}]},{"date":"2022-09-09","commitResults":[{"hash":"e052ff2cafdd77c18305aa11445f39805dde4aa4","messageTitle":"Add Assertion","messageBody":"Currently no assertions were used, assumptions not checked\n\nAdded Java assert to Tasklist delete method\n\nTo check if task being deleted is not null\n","tags":["A-FullCommitMessage","A-Assertions"],"fileTypesAndContributionMap":{"java":{"insertions":2,"deletions":0}}},{"hash":"3a003b2212079c78413ee412ea2f19ddf7b45675","messageTitle":"Fix Parser Code Quality","messageBody":"","fileTypesAndContributionMap":{"java":{"insertions":155,"deletions":81}}},{"hash":"abefa9069c2bf4cbea21a8920906d0457e319295","messageTitle":"Fix Code Quality","messageBody":"","fileTypesAndContributionMap":{"java":{"insertions":1,"deletions":1}}},{"hash":"6d65291e801ae1a12cd554ec32c6c345764e95f4","messageTitle":"Revert \"Fix Code Quality\"","messageBody":"This reverts commit abefa9069c2bf4cbea21a8920906d0457e319295.\n","fileTypesAndContributionMap":{"java":{"insertions":1,"deletions":1}}},{"hash":"8bd863b63cd702a1ce5f804a0bf1d8c2f04cabc3","messageTitle":"Add Deadlines feature","messageBody":"","tags":["BCD-Extension","B-Reminders"],"fileTypesAndContributionMap":{"txt":{"insertions":3,"deletions":0},"java":{"insertions":61,"deletions":8}}}]}]},"authorFileTypeContributionMap":{"SilasTSL":{"java":989,"md":0,"fxml":0,"sh":1,"bat":0,"gradle":22,"txt":3}},"authorContributionVariance":{"SilasTSL":33179.965},"authorDisplayNameMap":{"SilasTSL":"CS2103T-T14-4 SILA.. TAY"}}
