{"authorDailyContributionsMap":{"Francis-Tan":[{"date":"2022-08-16","commitResults":[{"hash":"f1ff9d13cdca9e68006589eb608188e64ccf97f3","messageTitle":"Level-1","messageBody":"","tags":["Level-1"],"fileTypesAndContributionMap":{"java":{"insertions":51,"deletions":6}}},{"hash":"362ac5cc27cff95087a7abae3a5af7f68d384bba","messageTitle":"Level-2","messageBody":"","tags":["Level-2"],"fileTypesAndContributionMap":{"java":{"insertions":44,"deletions":30}}},{"hash":"4aa2baba884a0b82f42287366330d880fde194ad","messageTitle":"Added message when listing tasks","messageBody":"","fileTypesAndContributionMap":{"java":{"insertions":1,"deletions":0}}}]},{"date":"2022-08-17","commitResults":[{"hash":"2a8e294f1123e078736d4a6a2a91fbb577d4be37","messageTitle":"Level-3","messageBody":"","tags":["Level-3"],"fileTypesAndContributionMap":{"java":{"insertions":97,"deletions":9}}},{"hash":"aac71de96c39540149ce49ee6f2b35bdafd9678f","messageTitle":"Level-4","messageBody":"","tags":["Level-4"],"fileTypesAndContributionMap":{"java":{"insertions":162,"deletions":21}}}]}]},"authorFileTypeContributionMap":{"Francis-Tan":{"java":295,"md":0,"fxml":0,"sh":0,"bat":0,"gradle":0,"txt":0}},"authorContributionVariance":{"Francis-Tan":11900.806},"authorDisplayNameMap":{"Francis-Tan":"FRAN..YONG"}}
