{"authorDailyContributionsMap":{"seetohjinwei":[{"date":"2022-08-12","commitResults":[{"hash":"379a115467322c20113d427f68328871100b2c88","messageTitle":"Add skeletal version of Duke","messageBody":"","tags":["Level-1"],"fileTypesAndContributionMap":{"java":{"insertions":33,"deletions":6}}},{"hash":"da2d0ea3be20e39b59fe21fd9e8aa1c636865e10","messageTitle":"Duke: add tasks","messageBody":"","fileTypesAndContributionMap":{"java":{"insertions":5,"deletions":1}}},{"hash":"c019c1a16238073b93d7d5499fd53fb4327a99d7","messageTitle":"Duke: list tasks","messageBody":"","tags":["Level-2"],"fileTypesAndContributionMap":{"java":{"insertions":5,"deletions":0}}},{"hash":"5b83795936aa13f76884773d2e8efc88d3df68f0","messageTitle":"Add Task class","messageBody":"","fileTypesAndContributionMap":{"java":{"insertions":40,"deletions":2}}},{"hash":"29fbd4e0dc4b98bc2d6e67c58cf93bccfab75f45","messageTitle":"Duke class: change switch-case to conditional","messageBody":"","fileTypesAndContributionMap":{"java":{"insertions":10,"deletions":13}}},{"hash":"ae3b69a5660406bb69281de585a9bcefa08bafc2","messageTitle":"Task class: split toggleDone into markAsDone and markAsUndone","messageBody":"","fileTypesAndContributionMap":{"java":{"insertions":10,"deletions":3}}},{"hash":"26be28f85389026ef426ddd0af598cbac870f42c","messageTitle":"Duke class: mark tasks as done and not done","messageBody":"","tags":["Level-3","A-Classes"],"fileTypesAndContributionMap":{"java":{"insertions":19,"deletions":0}}}]},{"date":"2022-08-13","commitResults":[{"hash":"28026eee9a66ebbebd4172f7a1db83b9ab5f0b65","messageTitle":"Add Todo class","messageBody":"Made Task class abstract\n","fileTypesAndContributionMap":{"java":{"insertions":44,"deletions":4}}},{"hash":"949c716d6954769ff4b6a032a6ae2f2f0b75f25c","messageTitle":"Add Deadline class","messageBody":"","fileTypesAndContributionMap":{"java":{"insertions":52,"deletions":0}}},{"hash":"81e39e55710a63df3e4e6c930076de3124a28849","messageTitle":"Add Event class","messageBody":"","fileTypesAndContributionMap":{"java":{"insertions":52,"deletions":0}}},{"hash":"bb48f993052b3a6f31183868b6d21e972dbdfbb2","messageTitle":"Duke class: show number of tasks when adding","messageBody":"","tags":["Level-4","A-Inheritance"],"fileTypesAndContributionMap":{"java":{"insertions":3,"deletions":0}}},{"hash":"699f9d64c255e84cbf1e3d5078d63a8adc61f97b","messageTitle":"Add automated text UI testing","messageBody":"","tags":["A-TextUiTesting"],"fileTypesAndContributionMap":{"txt":{"insertions":12,"deletions":0}}},{"hash":"5d4bc0accb9d2d870b48348f4bc20aac04a3173d","messageTitle":"Add DukeException and error handling for Todo","messageBody":"Change \"true\" while loop to check for scanner input instead.\n","tags":["A-Exceptions"],"fileTypesAndContributionMap":{"java":{"insertions":63,"deletions":47}}},{"hash":"565a91458545fc613bd03547237732d62141711f","messageTitle":"Add error handling for Deadline","messageBody":"","fileTypesAndContributionMap":{"java":{"insertions":9,"deletions":2}}},{"hash":"c4c1b12af011cf7ed5708eca3490f6b40dbbbd8f","messageTitle":"Add error handling for Event","messageBody":"","fileTypesAndContributionMap":{"java":{"insertions":9,"deletions":2}}},{"hash":"0a321e2dba24304f836ad796c918529b85dacf94","messageTitle":"Add error handling for unknown command","messageBody":"","fileTypesAndContributionMap":{"java":{"insertions":2,"deletions":0}}},{"hash":"3d546713c671c2855f4370f7998b360f0961b382","messageTitle":"Add tests for error handling","messageBody":"","tags":["Level-5"],"fileTypesAndContributionMap":{"txt":{"insertions":10,"deletions":0}}},{"hash":"79048411662c7e7b4ed2107222ad0657cfba7a2d","messageTitle":"Duke class: change task array to task arraylist","messageBody":"","tags":["A-Collections"],"fileTypesAndContributionMap":{"java":{"insertions":18,"deletions":12}}},{"hash":"a7eb54075521cb14bc9801d147bb4a944c506e38","messageTitle":"Duke class: add ability to delete tasks","messageBody":"Add error handling and tests for deleting tasks.\nImprove error handling for mark and unmark operations.\n","tags":["Level-6"],"fileTypesAndContributionMap":{"txt":{"insertions":3,"deletions":0},"java":{"insertions":25,"deletions":2}}},{"hash":"72d366c9e3849717bc0031207408a8872e627eb5","messageTitle":"Duke class: improved user input handling","messageBody":"","fileTypesAndContributionMap":{"java":{"insertions":97,"deletions":67}}},{"hash":"ca279e88ca3bec7ece7e1617fd347d2b4be112c8","messageTitle":"Improved input handling for various Todo classes","messageBody":"Abstracted out commonly used exceptions.\n","fileTypesAndContributionMap":{"java":{"insertions":59,"deletions":33}}}]},{"date":"2022-08-17","commitResults":[{"hash":"d7f3cae7ef54baaeb8269a425366083f8ecdbfcd","messageTitle":"Duke: Abstracted out operations into individual methods","messageBody":"","fileTypesAndContributionMap":{"java":{"insertions":108,"deletions":80}}},{"hash":"41c9a8a57d0e84566c9efb2515dd0bea3f0e6a8d","messageTitle":"Load tasks from file","messageBody":"","fileTypesAndContributionMap":{"java":{"insertions":121,"deletions":1}}}]},{"date":"2022-08-18","commitResults":[{"hash":"4a466ba0d2e37936033261b583e1eddde4991dac","messageTitle":"Save tasks to file","messageBody":"","tags":["Level-7"],"fileTypesAndContributionMap":{"java":{"insertions":62,"deletions":1}}}]},{"date":"2022-08-19","commitResults":[{"hash":"9140c0dab5af98419ef1a5ac100ec5473d6c452f","messageTitle":"Change dates from String to LocalDate","messageBody":"","tags":["Level-8"],"fileTypesAndContributionMap":{"txt":{"insertions":4,"deletions":4},"java":{"insertions":35,"deletions":10}}},{"hash":"42c07b8f582177785ea8ab7ec2c63e00f5c0c248","messageTitle":"Fix bug on reading saved dates","messageBody":"","fileTypesAndContributionMap":{"java":{"insertions":2,"deletions":2},"sh":{"insertions":3,"deletions":0}}},{"hash":"6fcae4e226abc0d09c3df483154fbf541d7d424f","messageTitle":"Add Storage class","messageBody":"","fileTypesAndContributionMap":{"java":{"insertions":99,"deletions":84}}}]},{"date":"2022-08-20","commitResults":[{"hash":"0519015e289e8c1e569e1dcc23a4de82c9d6e150","messageTitle":"Add Ui class","messageBody":"","fileTypesAndContributionMap":{"java":{"insertions":155,"deletions":60}}},{"hash":"ece4fe4e15dfcb0491bdadbcd83d539b583c1b1a","messageTitle":"Add Command, CommandResult and *Command classes","messageBody":"","fileTypesAndContributionMap":{"java":{"insertions":261,"deletions":255}}},{"hash":"4176f241850af382922a866d1e435366ab726381","messageTitle":"Add Parser class","messageBody":"","fileTypesAndContributionMap":{"java":{"insertions":138,"deletions":128}}},{"hash":"d2acc2feef9d83b4a5362242d86dfc1078066f40","messageTitle":"Add TaskList class","messageBody":"","fileTypesAndContributionMap":{"java":{"insertions":43,"deletions":21}}},{"hash":"fac6452bffc2b149fe7a6238b3705920c5cff625","messageTitle":"Reorganise Duke class","messageBody":"","tags":["A-MoreOOP"],"fileTypesAndContributionMap":{"java":{"insertions":27,"deletions":22}}}]}]},"authorFileTypeContributionMap":{"seetohjinwei":{"java":753,"md":0,"fxml":0,"sh":3,"bat":0,"gradle":0,"txt":25}},"authorContributionVariance":{"seetohjinwei":123501.29},"authorDisplayNameMap":{"seetohjinwei":"CS2103T-T13-4 SEE .. WEI"}}
