{"authorDailyContributionsMap":{"ryanlml":[{"date":"2022-08-19","commitResults":[{"hash":"7d6fd59b37726c749538bdbf00cb7f434f3b7b29","messageTitle":"added Level 1. Greet, Echo, Exit","messageBody":"","tags":["Level-1"],"fileTypesAndContributionMap":{"java":{"insertions":20,"deletions":0}}},{"hash":"8c91e23b56efc59c4a6785909cdef3fb69eb9705","messageTitle":"added Level 2. Add, List","messageBody":"","tags":["Level-2"],"fileTypesAndContributionMap":{"java":{"insertions":34,"deletions":0}}},{"hash":"8ab40a790446ab4acbcc27df6b8fe5effc9abeb6","messageTitle":"Added Level 3. Mark as Done","messageBody":"","tags":["Level-3"],"fileTypesAndContributionMap":{"java":{"insertions":74,"deletions":0}}},{"hash":"1c097fe05c286600875363af43e17831b454a14b","messageTitle":"Added Level 4. ToDos, Events, Deadlines","messageBody":"","tags":["Level-4"],"fileTypesAndContributionMap":{"java":{"insertions":108,"deletions":0}}},{"hash":"2289e81f24da063a3dc79ff5d2111ebc52890cc6","messageTitle":"Added Level 5. Handle Errors","messageBody":"","tags":["Level-5"],"fileTypesAndContributionMap":{"java":{"insertions":4,"deletions":1}}},{"hash":"a179d37427debb541997fa273b3b4292971a9a8a","messageTitle":"Added Level 6. Delete","messageBody":"","tags":["Level-6"],"fileTypesAndContributionMap":{"java":{"insertions":8,"deletions":0}}},{"hash":"4fe5b8cf5b0a824d2de6169137bde6e4d9201258","messageTitle":"- Added more exception handling, where users may input invalid tasks to mark, unmark or delete. - Cleaned up the code","messageBody":"","fileTypesAndContributionMap":{"java":{"insertions":171,"deletions":1}}}]},{"date":"2022-08-24","commitResults":[{"hash":"27f1cfdf8a5e196852f7011716f4955bdcdc64f0","messageTitle":"Added Level 7. Save and added methods in Task to streamline saving and loading from file.","messageBody":"","tags":["Level-7"],"fileTypesAndContributionMap":{"txt":{"insertions":4,"deletions":0},"java":{"insertions":70,"deletions":2}}},{"hash":"f7ac94f1326966d3f93764edd2e6da49ec781e7f","messageTitle":"Added Level 8. Dates and Times and a command deadlines to see events/deadlines on a specific date.","messageBody":"","fileTypesAndContributionMap":{"java":{"insertions":71,"deletions":89}}}]},{"date":"2022-08-25","commitResults":[{"hash":"b5f054d89ac5ed05d4c35e3ca8f7d91f1f27d14c","messageTitle":"Deleted unnecessary files","messageBody":"","tags":["Level-8"],"fileTypesAndContributionMap":{"java":{"insertions":0,"deletions":102}}},{"hash":"2efd6a11b2086b615ca37b169cb3f2b59e5d576f","messageTitle":"Added A-MoreOOP","messageBody":"","tags":["A-MoreOOP"],"fileTypesAndContributionMap":{"txt":{"insertions":1,"deletions":0},"java":{"insertions":449,"deletions":242}}},{"hash":"a23e1f42f3e438173bcc655d03ea517d5df80fae","messageTitle":"Added A-Packages.","messageBody":"","fileTypesAndContributionMap":{"java":{"insertions":19,"deletions":2}}},{"hash":"9c7c065e574aa3e1215549bca5cdee681bdfa4a3","messageTitle":"Bug fixes","messageBody":"","tags":["A-Packages"],"fileTypesAndContributionMap":{"java":{"insertions":3,"deletions":1}}},{"hash":"7a883c01a6b50e2298846ec2fc16a6acc364ee5e","messageTitle":"Added A-Gradle","messageBody":"","tags":["A-Gradle"],"fileTypesAndContributionMap":{"java":{"insertions":0,"deletions":8}}},{"hash":"774bb499fe7bebd354ba1b9bf9a617c3cc3e7bb6","messageTitle":"Added A-JUnit.","messageBody":"","tags":["A-JUnit"],"fileTypesAndContributionMap":{"gradle":{"insertions":41,"deletions":0},"java":{"insertions":27,"deletions":0}}}]},{"date":"2022-08-26","commitResults":[{"hash":"a940290fe3e1a34a392d79dd4616cf0e86385f27","messageTitle":"Fixed JUnit issues","messageBody":"","fileTypesAndContributionMap":{"java":{"insertions":9,"deletions":4}}},{"hash":"505e7f37781ad752de699309d28cca0262968eeb","messageTitle":"Added A-jar.","messageBody":"","tags":["A-Jar"],"fileTypesAndContributionMap":{"java":{"insertions":2,"deletions":2}}},{"hash":"6c94ebac12421dd66f1820471f3a036a998d66dd","messageTitle":"Added TextUiTesting.","messageBody":"","tags":["TextUiTesting","A-TextUiTesting"],"fileTypesAndContributionMap":{"txt":{"insertions":4,"deletions":0}}},{"hash":"d321f62f95990ba2cf04159a89cdafb185a57a87","messageTitle":"Added A-JavaDoc.","messageBody":"","tags":["A-JavaDoc"],"fileTypesAndContributionMap":{"java":{"insertions":100,"deletions":0}}},{"hash":"f5f3f6a33462fd26ec64e8f2183641bd74da78c4","messageTitle":"Added A-CodingStandard.","messageBody":"","tags":["branch-A-CodingStandard"],"fileTypesAndContributionMap":{"java":{"insertions":1,"deletions":2}}},{"hash":"5fa6f675e0f8cda85b0da432a45fff50368ea0da","messageTitle":"Added Level-9.","messageBody":"","tags":["Level-9"],"fileTypesAndContributionMap":{"java":{"insertions":34,"deletions":1}}}]},{"date":"2022-09-02","commitResults":[{"hash":"329cdd736f5a7cc7056b4d68272b5eb6d6c75bce","messageTitle":"Added Level-10: GUI","messageBody":"","tags":["Level-10"],"fileTypesAndContributionMap":{"gradle":{"insertions":15,"deletions":0},"fxml":{"insertions":35,"deletions":0},"java":{"insertions":325,"deletions":1}}}]},{"date":"2022-09-07","commitResults":[{"hash":"1b1a43ae64f99272d44176db5ad2f7e837ce73f2","messageTitle":"Fixed some issues with GUI","messageBody":"","fileTypesAndContributionMap":{"txt":{"insertions":0,"deletions":1},"java":{"insertions":20,"deletions":70}}},{"hash":"93337fe7fc4bea75923f4cea7eafaaaaa1121527","messageTitle":"Added A-Assertions.","messageBody":"","tags":["A-Assertions"],"fileTypesAndContributionMap":{"java":{"insertions":3,"deletions":0}}}]},{"date":"2022-09-08","commitResults":[{"hash":"c7fbbf0a18bda71093dd0c52e9846e3a16d5de25","messageTitle":"Added A-CodeQuality.","messageBody":"Fixed the following coding standard violations:\n- Missing @parm descriptions in JavaDocs\n- Missing @return descriptions in JavaDocs\n- Removed all extra line breaks between JavaDocs and the method\n- Removed unnecessary line breaks to improve code readability\n- Corrected wrong indentation between switch and case statements\n\nThanks to @jhchee18, @NUSDG and @snigloo for pointing these out!\n","tags":["A-FullCommitMessage","A-CodeQuality"],"fileTypesAndContributionMap":{"java":{"insertions":21,"deletions":33}}},{"hash":"2a31504fb037a265471d536565522613962cb870","messageTitle":"Fixed more coding standard violations.","messageBody":"","fileTypesAndContributionMap":{"java":{"insertions":21,"deletions":21}}},{"hash":"855e11375bd641df785cfe7f924e15d0d3299bad","messageTitle":"Added C-Tagging","messageBody":"","tags":["C-Tagging","BCD-Extension"],"fileTypesAndContributionMap":{"txt":{"insertions":2,"deletions":4},"java":{"insertions":60,"deletions":6}}}]},{"date":"2022-09-09","commitResults":[{"hash":"8779d8b845249bd7d8f4b4453c1f350c3d8889bf","messageTitle":"Improved the tagging system. - You can now add multiple tags to a task. - You can search for tasks with a particular tag. - You can add / remove tags on any task.","messageBody":"Also abstracted out repeated code, made a method showTasksWithThisProperty to easily filter and print tasks.\nPushed (most) system.out.println() to the Ui class.\n","fileTypesAndContributionMap":{"txt":{"insertions":3,"deletions":2},"java":{"insertions":181,"deletions":89}}},{"hash":"05702578a49dca4e58ea28770d4dfd4b68a1d21d","messageTitle":"Already using streams where appropriate","messageBody":"","tags":["A-Streams"],"fileTypesAndContributionMap":{"java":{"insertions":1,"deletions":0}}}]},{"date":"2022-09-14","commitResults":[{"hash":"26f5da0d173808bddd6941b92e366b9cf7b830ed","messageTitle":"Packaged tasks into its own file.","messageBody":"","fileTypesAndContributionMap":{"java":{"insertions":22,"deletions":6}}}]}]},"authorFileTypeContributionMap":{"ryanlml":{"java":1186,"md":0,"fxml":35,"sh":0,"bat":0,"gradle":17,"txt":7}},"authorContributionVariance":{"ryanlml":32577.262},"authorDisplayNameMap":{"ryanlml":"CS2103-F13-2 LEE ..RYAN"}}
