[{"path":"src/main/java/Deadline.java","fileType":"java","lines":[{"lineNumber":1,"author":{"gitId":"nqt230"},"content":"import java.time.LocalDate;","lastModifiedDate":"2022-08-30"},{"lineNumber":2,"author":{"gitId":"nqt230"},"content":"","lastModifiedDate":"2022-08-30"},{"lineNumber":3,"author":{"gitId":"nqt230"},"content":"/**","lastModifiedDate":"2022-08-18"},{"lineNumber":4,"author":{"gitId":"nqt230"},"content":" * Class used to represent a Deadline type task that has a due date.","lastModifiedDate":"2022-08-18"},{"lineNumber":5,"author":{"gitId":"nqt230"},"content":" */","lastModifiedDate":"2022-08-18"},{"lineNumber":6,"author":{"gitId":"nqt230"},"content":"public class Deadline extends Task {","lastModifiedDate":"2022-08-18"},{"lineNumber":7,"author":{"gitId":"nqt230"},"content":"    protected LocalDate dueDate;","lastModifiedDate":"2022-08-30"},{"lineNumber":8,"author":{"gitId":"nqt230"},"content":"","lastModifiedDate":"2022-08-18"},{"lineNumber":9,"author":{"gitId":"nqt230"},"content":"    public Deadline(String taskName, boolean isDone, LocalDate dueDate) {","lastModifiedDate":"2022-08-30"},{"lineNumber":10,"author":{"gitId":"nqt230"},"content":"        super(taskName, isDone);","lastModifiedDate":"2022-08-18"},{"lineNumber":11,"author":{"gitId":"nqt230"},"content":"        this.dueDate \u003d dueDate;","lastModifiedDate":"2022-08-18"},{"lineNumber":12,"author":{"gitId":"nqt230"},"content":"    }","lastModifiedDate":"2022-08-18"},{"lineNumber":13,"author":{"gitId":"nqt230"},"content":"","lastModifiedDate":"2022-08-18"},{"lineNumber":14,"author":{"gitId":"nqt230"},"content":"    @Override","lastModifiedDate":"2022-08-18"},{"lineNumber":15,"author":{"gitId":"nqt230"},"content":"    public String toString() {","lastModifiedDate":"2022-08-18"},{"lineNumber":16,"author":{"gitId":"nqt230"},"content":"        return String.format(\"[D]%s (by: %s)\", super.toString(), dueDate);","lastModifiedDate":"2022-08-18"},{"lineNumber":17,"author":{"gitId":"nqt230"},"content":"    }","lastModifiedDate":"2022-08-18"},{"lineNumber":18,"author":{"gitId":"nqt230"},"content":"}","lastModifiedDate":"2022-08-18"}],"authorContributionMap":{"nqt230":18}},{"path":"src/main/java/Duke.java","fileType":"java","lines":[{"lineNumber":1,"author":{"gitId":"nqt230"},"content":"import java.io.File;","lastModifiedDate":"2022-08-28"},{"lineNumber":2,"author":{"gitId":"nqt230"},"content":"import java.io.FileWriter;","lastModifiedDate":"2022-08-28"},{"lineNumber":3,"author":{"gitId":"nqt230"},"content":"import java.io.IOException;","lastModifiedDate":"2022-08-28"},{"lineNumber":4,"author":{"gitId":"nqt230"},"content":"import java.nio.file.Path;","lastModifiedDate":"2022-08-28"},{"lineNumber":5,"author":{"gitId":"nqt230"},"content":"import java.nio.file.Files;","lastModifiedDate":"2022-08-28"},{"lineNumber":6,"author":{"gitId":"nqt230"},"content":"import java.nio.file.Paths;","lastModifiedDate":"2022-08-28"},{"lineNumber":7,"author":{"gitId":"nqt230"},"content":"import java.time.LocalDate;","lastModifiedDate":"2022-08-30"},{"lineNumber":8,"author":{"gitId":"nqt230"},"content":"import java.time.format.DateTimeParseException;","lastModifiedDate":"2022-08-30"},{"lineNumber":9,"author":{"gitId":"nqt230"},"content":"import java.util.Scanner;","lastModifiedDate":"2022-08-18"},{"lineNumber":10,"author":{"gitId":"nqt230"},"content":"import java.util.ArrayList;","lastModifiedDate":"2022-08-18"},{"lineNumber":11,"author":{"gitId":"nqt230"},"content":"import java.util.List;","lastModifiedDate":"2022-08-18"},{"lineNumber":12,"author":{"gitId":"nqt230"},"content":"","lastModifiedDate":"2022-08-18"},{"lineNumber":13,"author":{"gitId":"-"},"content":"public class Duke {","lastModifiedDate":"2019-07-29"},{"lineNumber":14,"author":{"gitId":"nqt230"},"content":"    private static String botName \u003d \"Duke\";","lastModifiedDate":"2022-08-18"},{"lineNumber":15,"author":{"gitId":"nqt230"},"content":"    private static int lineLength \u003d 80;","lastModifiedDate":"2022-08-18"},{"lineNumber":16,"author":{"gitId":"nqt230"},"content":"    private static List\u003cTask\u003e taskList \u003d new ArrayList\u003c\u003e();","lastModifiedDate":"2022-08-18"},{"lineNumber":17,"author":{"gitId":"nqt230"},"content":"    private static boolean isRunning;","lastModifiedDate":"2022-08-18"},{"lineNumber":18,"author":{"gitId":"nqt230"},"content":"    private static final String DATA_FILE_PATH \u003d \"data\";","lastModifiedDate":"2022-08-28"},{"lineNumber":19,"author":{"gitId":"nqt230"},"content":"    private static final String DATA_FILE_NAME \u003d \"duke.txt\";","lastModifiedDate":"2022-08-28"},{"lineNumber":20,"author":{"gitId":"nqt230"},"content":"    private static FileWriter dataFileWriter;","lastModifiedDate":"2022-08-28"},{"lineNumber":21,"author":{"gitId":"nqt230"},"content":"","lastModifiedDate":"2022-08-18"},{"lineNumber":22,"author":{"gitId":"-"},"content":"    public static void main(String[] args) {","lastModifiedDate":"2019-07-29"},{"lineNumber":23,"author":{"gitId":"-"},"content":"        String logo \u003d \" ____        _        \\n\"","lastModifiedDate":"2019-07-29"},{"lineNumber":24,"author":{"gitId":"-"},"content":"                    + \"|  _ \\\\ _   _| | _____ \\n\"","lastModifiedDate":"2019-07-29"},{"lineNumber":25,"author":{"gitId":"-"},"content":"                    + \"| | | | | | | |/ / _ \\\\\\n\"","lastModifiedDate":"2019-07-29"},{"lineNumber":26,"author":{"gitId":"-"},"content":"                    + \"| |_| | |_| |   \u003c  __/\\n\"","lastModifiedDate":"2019-07-29"},{"lineNumber":27,"author":{"gitId":"-"},"content":"                    + \"|____/ \\\\__,_|_|\\\\_\\\\___|\\n\";","lastModifiedDate":"2019-07-29"},{"lineNumber":28,"author":{"gitId":"-"},"content":"        System.out.println(\"Hello from\\n\" + logo);","lastModifiedDate":"2019-07-29"},{"lineNumber":29,"author":{"gitId":"nqt230"},"content":"","lastModifiedDate":"2022-08-18"},{"lineNumber":30,"author":{"gitId":"nqt230"},"content":"        System.out.printf(\"Hello, I\u0027m %s\\n\", botName);","lastModifiedDate":"2022-08-18"},{"lineNumber":31,"author":{"gitId":"nqt230"},"content":"        System.out.println(\"What can I do for you?\");","lastModifiedDate":"2022-08-18"},{"lineNumber":32,"author":{"gitId":"nqt230"},"content":"","lastModifiedDate":"2022-08-18"},{"lineNumber":33,"author":{"gitId":"nqt230"},"content":"        try {","lastModifiedDate":"2022-08-28"},{"lineNumber":34,"author":{"gitId":"nqt230"},"content":"            loadData();","lastModifiedDate":"2022-08-28"},{"lineNumber":35,"author":{"gitId":"nqt230"},"content":"        } catch (IOException e) {","lastModifiedDate":"2022-08-28"},{"lineNumber":36,"author":{"gitId":"nqt230"},"content":"            e.printStackTrace();","lastModifiedDate":"2022-08-28"},{"lineNumber":37,"author":{"gitId":"nqt230"},"content":"            System.out.println(\"Error: Failed to access data\");","lastModifiedDate":"2022-08-28"},{"lineNumber":38,"author":{"gitId":"nqt230"},"content":"            return;","lastModifiedDate":"2022-08-28"},{"lineNumber":39,"author":{"gitId":"nqt230"},"content":"        }","lastModifiedDate":"2022-08-28"},{"lineNumber":40,"author":{"gitId":"nqt230"},"content":"","lastModifiedDate":"2022-08-28"},{"lineNumber":41,"author":{"gitId":"nqt230"},"content":"        Scanner scanner \u003d new Scanner(System.in);","lastModifiedDate":"2022-08-18"},{"lineNumber":42,"author":{"gitId":"nqt230"},"content":"","lastModifiedDate":"2022-08-18"},{"lineNumber":43,"author":{"gitId":"nqt230"},"content":"        isRunning \u003d true;","lastModifiedDate":"2022-08-18"},{"lineNumber":44,"author":{"gitId":"nqt230"},"content":"        while (isRunning) {","lastModifiedDate":"2022-08-18"},{"lineNumber":45,"author":{"gitId":"nqt230"},"content":"            GenerateLine(lineLength);","lastModifiedDate":"2022-08-18"},{"lineNumber":46,"author":{"gitId":"nqt230"},"content":"            String input \u003d scanner.nextLine();","lastModifiedDate":"2022-08-18"},{"lineNumber":47,"author":{"gitId":"nqt230"},"content":"            GenerateLine(lineLength);","lastModifiedDate":"2022-08-18"},{"lineNumber":48,"author":{"gitId":"nqt230"},"content":"","lastModifiedDate":"2022-08-18"},{"lineNumber":49,"author":{"gitId":"nqt230"},"content":"            try {","lastModifiedDate":"2022-08-18"},{"lineNumber":50,"author":{"gitId":"nqt230"},"content":"                if (ParseInput(input)) {","lastModifiedDate":"2022-08-28"},{"lineNumber":51,"author":{"gitId":"nqt230"},"content":"                    dataFileWriter.append(input+\"\\n\");","lastModifiedDate":"2022-08-28"},{"lineNumber":52,"author":{"gitId":"nqt230"},"content":"                }","lastModifiedDate":"2022-08-28"},{"lineNumber":53,"author":{"gitId":"nqt230"},"content":"            } catch (DukeException e) {","lastModifiedDate":"2022-08-18"},{"lineNumber":54,"author":{"gitId":"nqt230"},"content":"                System.out.println(e.getMessage());","lastModifiedDate":"2022-08-18"},{"lineNumber":55,"author":{"gitId":"nqt230"},"content":"            } catch (IOException e) {","lastModifiedDate":"2022-08-28"},{"lineNumber":56,"author":{"gitId":"nqt230"},"content":"                System.out.println(\"Error: Failed to write to save file\");","lastModifiedDate":"2022-08-28"},{"lineNumber":57,"author":{"gitId":"nqt230"},"content":"            }","lastModifiedDate":"2022-08-18"},{"lineNumber":58,"author":{"gitId":"nqt230"},"content":"        }","lastModifiedDate":"2022-08-18"},{"lineNumber":59,"author":{"gitId":"nqt230"},"content":"","lastModifiedDate":"2022-08-18"},{"lineNumber":60,"author":{"gitId":"nqt230"},"content":"        System.out.println(\"Goodbye.\");","lastModifiedDate":"2022-08-18"},{"lineNumber":61,"author":{"gitId":"nqt230"},"content":"        try {","lastModifiedDate":"2022-08-28"},{"lineNumber":62,"author":{"gitId":"nqt230"},"content":"            dataFileWriter.close();","lastModifiedDate":"2022-08-28"},{"lineNumber":63,"author":{"gitId":"nqt230"},"content":"        } catch (IOException e) {","lastModifiedDate":"2022-08-28"},{"lineNumber":64,"author":{"gitId":"nqt230"},"content":"            System.out.println(\"Error: Failed to close file writer\");","lastModifiedDate":"2022-08-28"},{"lineNumber":65,"author":{"gitId":"nqt230"},"content":"        }","lastModifiedDate":"2022-08-28"},{"lineNumber":66,"author":{"gitId":"nqt230"},"content":"    }","lastModifiedDate":"2022-08-28"},{"lineNumber":67,"author":{"gitId":"nqt230"},"content":"","lastModifiedDate":"2022-08-28"},{"lineNumber":68,"author":{"gitId":"nqt230"},"content":"    /**","lastModifiedDate":"2022-08-28"},{"lineNumber":69,"author":{"gitId":"nqt230"},"content":"     * Attempts to load saved tasks from the hard disk.","lastModifiedDate":"2022-08-28"},{"lineNumber":70,"author":{"gitId":"nqt230"},"content":"     * Creates the save file and directory if missing.","lastModifiedDate":"2022-08-28"},{"lineNumber":71,"author":{"gitId":"nqt230"},"content":"     *","lastModifiedDate":"2022-08-28"},{"lineNumber":72,"author":{"gitId":"nqt230"},"content":"     * @throws IOException","lastModifiedDate":"2022-08-28"},{"lineNumber":73,"author":{"gitId":"nqt230"},"content":"     */","lastModifiedDate":"2022-08-28"},{"lineNumber":74,"author":{"gitId":"nqt230"},"content":"    public static void loadData() throws IOException {","lastModifiedDate":"2022-08-28"},{"lineNumber":75,"author":{"gitId":"nqt230"},"content":"        Path parentDir \u003d Paths.get(DATA_FILE_PATH);","lastModifiedDate":"2022-08-28"},{"lineNumber":76,"author":{"gitId":"nqt230"},"content":"        if (!Files.exists(parentDir)) {","lastModifiedDate":"2022-08-28"},{"lineNumber":77,"author":{"gitId":"nqt230"},"content":"            Files.createDirectories(parentDir);","lastModifiedDate":"2022-08-28"},{"lineNumber":78,"author":{"gitId":"nqt230"},"content":"        }","lastModifiedDate":"2022-08-28"},{"lineNumber":79,"author":{"gitId":"nqt230"},"content":"","lastModifiedDate":"2022-08-28"},{"lineNumber":80,"author":{"gitId":"nqt230"},"content":"        File dataFile \u003d new File(Paths.get(parentDir.toString(), DATA_FILE_NAME).toString());","lastModifiedDate":"2022-08-28"},{"lineNumber":81,"author":{"gitId":"nqt230"},"content":"        if (!dataFile.exists()) {","lastModifiedDate":"2022-08-28"},{"lineNumber":82,"author":{"gitId":"nqt230"},"content":"            dataFile.createNewFile();","lastModifiedDate":"2022-08-28"},{"lineNumber":83,"author":{"gitId":"nqt230"},"content":"        }","lastModifiedDate":"2022-08-28"},{"lineNumber":84,"author":{"gitId":"nqt230"},"content":"","lastModifiedDate":"2022-08-28"},{"lineNumber":85,"author":{"gitId":"nqt230"},"content":"        Scanner scanner \u003d new Scanner(dataFile);","lastModifiedDate":"2022-08-28"},{"lineNumber":86,"author":{"gitId":"nqt230"},"content":"        while (scanner.hasNextLine()) {","lastModifiedDate":"2022-08-28"},{"lineNumber":87,"author":{"gitId":"nqt230"},"content":"            GenerateLine(lineLength);","lastModifiedDate":"2022-08-28"},{"lineNumber":88,"author":{"gitId":"nqt230"},"content":"            String input \u003d scanner.nextLine();","lastModifiedDate":"2022-08-28"},{"lineNumber":89,"author":{"gitId":"nqt230"},"content":"            System.out.println(input);","lastModifiedDate":"2022-08-28"},{"lineNumber":90,"author":{"gitId":"nqt230"},"content":"            GenerateLine(lineLength);","lastModifiedDate":"2022-08-28"},{"lineNumber":91,"author":{"gitId":"nqt230"},"content":"","lastModifiedDate":"2022-08-28"},{"lineNumber":92,"author":{"gitId":"nqt230"},"content":"            try {","lastModifiedDate":"2022-08-28"},{"lineNumber":93,"author":{"gitId":"nqt230"},"content":"                ParseInput(input);","lastModifiedDate":"2022-08-28"},{"lineNumber":94,"author":{"gitId":"nqt230"},"content":"            } catch (DukeException e) {","lastModifiedDate":"2022-08-28"},{"lineNumber":95,"author":{"gitId":"nqt230"},"content":"                System.out.println(e.getMessage());","lastModifiedDate":"2022-08-28"},{"lineNumber":96,"author":{"gitId":"nqt230"},"content":"            }","lastModifiedDate":"2022-08-28"},{"lineNumber":97,"author":{"gitId":"nqt230"},"content":"        }","lastModifiedDate":"2022-08-28"},{"lineNumber":98,"author":{"gitId":"nqt230"},"content":"        scanner.close();","lastModifiedDate":"2022-08-28"},{"lineNumber":99,"author":{"gitId":"nqt230"},"content":"","lastModifiedDate":"2022-08-28"},{"lineNumber":100,"author":{"gitId":"nqt230"},"content":"        dataFileWriter \u003d new FileWriter(dataFile, true);","lastModifiedDate":"2022-08-28"},{"lineNumber":101,"author":{"gitId":"nqt230"},"content":"    }","lastModifiedDate":"2022-08-18"},{"lineNumber":102,"author":{"gitId":"nqt230"},"content":"","lastModifiedDate":"2022-08-18"},{"lineNumber":103,"author":{"gitId":"nqt230"},"content":"    /**","lastModifiedDate":"2022-08-18"},{"lineNumber":104,"author":{"gitId":"nqt230"},"content":"     * Parses an input string and calls the relevant method (if any)","lastModifiedDate":"2022-08-18"},{"lineNumber":105,"author":{"gitId":"nqt230"},"content":"     * Calls AddToList by default","lastModifiedDate":"2022-08-18"},{"lineNumber":106,"author":{"gitId":"nqt230"},"content":"     *","lastModifiedDate":"2022-08-18"},{"lineNumber":107,"author":{"gitId":"nqt230"},"content":"     * @param input - the input string to be parsed","lastModifiedDate":"2022-08-18"},{"lineNumber":108,"author":{"gitId":"nqt230"},"content":"     */","lastModifiedDate":"2022-08-18"},{"lineNumber":109,"author":{"gitId":"nqt230"},"content":"    public static boolean ParseInput(String input) throws DukeException {","lastModifiedDate":"2022-08-28"},{"lineNumber":110,"author":{"gitId":"nqt230"},"content":"        String[] words \u003d input.toLowerCase().split(\" \", 2);","lastModifiedDate":"2022-08-18"},{"lineNumber":111,"author":{"gitId":"nqt230"},"content":"        String command \u003d words[0];","lastModifiedDate":"2022-08-18"},{"lineNumber":112,"author":{"gitId":"nqt230"},"content":"        String args \u003d \"\";","lastModifiedDate":"2022-08-18"},{"lineNumber":113,"author":{"gitId":"nqt230"},"content":"        if (words.length \u003e 1) {","lastModifiedDate":"2022-08-18"},{"lineNumber":114,"author":{"gitId":"nqt230"},"content":"            args \u003d words[1];","lastModifiedDate":"2022-08-18"},{"lineNumber":115,"author":{"gitId":"nqt230"},"content":"        }","lastModifiedDate":"2022-08-18"},{"lineNumber":116,"author":{"gitId":"nqt230"},"content":"","lastModifiedDate":"2022-08-18"},{"lineNumber":117,"author":{"gitId":"nqt230"},"content":"        switch (command) {","lastModifiedDate":"2022-08-18"},{"lineNumber":118,"author":{"gitId":"nqt230"},"content":"            case \"bye\":","lastModifiedDate":"2022-08-18"},{"lineNumber":119,"author":{"gitId":"nqt230"},"content":"                isRunning \u003d false;","lastModifiedDate":"2022-08-18"},{"lineNumber":120,"author":{"gitId":"nqt230"},"content":"                return false;","lastModifiedDate":"2022-08-28"},{"lineNumber":121,"author":{"gitId":"nqt230"},"content":"            case \"list\":","lastModifiedDate":"2022-08-18"},{"lineNumber":122,"author":{"gitId":"nqt230"},"content":"                DisplayList();","lastModifiedDate":"2022-08-18"},{"lineNumber":123,"author":{"gitId":"nqt230"},"content":"                break;","lastModifiedDate":"2022-08-18"},{"lineNumber":124,"author":{"gitId":"nqt230"},"content":"            case \"mark\":","lastModifiedDate":"2022-08-18"},{"lineNumber":125,"author":{"gitId":"nqt230"},"content":"                TryMark(true, args);","lastModifiedDate":"2022-08-18"},{"lineNumber":126,"author":{"gitId":"nqt230"},"content":"                break;","lastModifiedDate":"2022-08-18"},{"lineNumber":127,"author":{"gitId":"nqt230"},"content":"            case \"unmark\":","lastModifiedDate":"2022-08-18"},{"lineNumber":128,"author":{"gitId":"nqt230"},"content":"                TryMark(false, args);","lastModifiedDate":"2022-08-18"},{"lineNumber":129,"author":{"gitId":"nqt230"},"content":"                break;","lastModifiedDate":"2022-08-18"},{"lineNumber":130,"author":{"gitId":"nqt230"},"content":"            case \"todo\":","lastModifiedDate":"2022-08-18"},{"lineNumber":131,"author":{"gitId":"nqt230"},"content":"                TryAddToDo(args);","lastModifiedDate":"2022-08-18"},{"lineNumber":132,"author":{"gitId":"nqt230"},"content":"                break;","lastModifiedDate":"2022-08-18"},{"lineNumber":133,"author":{"gitId":"nqt230"},"content":"            case \"deadline\":","lastModifiedDate":"2022-08-18"},{"lineNumber":134,"author":{"gitId":"nqt230"},"content":"                TryAddDeadline(args);","lastModifiedDate":"2022-08-18"},{"lineNumber":135,"author":{"gitId":"nqt230"},"content":"                break;","lastModifiedDate":"2022-08-18"},{"lineNumber":136,"author":{"gitId":"nqt230"},"content":"            case \"event\":","lastModifiedDate":"2022-08-18"},{"lineNumber":137,"author":{"gitId":"nqt230"},"content":"                TryAddEvent(args);","lastModifiedDate":"2022-08-18"},{"lineNumber":138,"author":{"gitId":"nqt230"},"content":"                break;","lastModifiedDate":"2022-08-18"},{"lineNumber":139,"author":{"gitId":"nqt230"},"content":"            case \"delete\":","lastModifiedDate":"2022-08-18"},{"lineNumber":140,"author":{"gitId":"nqt230"},"content":"                TryDelete(args);","lastModifiedDate":"2022-08-18"},{"lineNumber":141,"author":{"gitId":"nqt230"},"content":"                break;","lastModifiedDate":"2022-08-18"},{"lineNumber":142,"author":{"gitId":"nqt230"},"content":"            default:","lastModifiedDate":"2022-08-18"},{"lineNumber":143,"author":{"gitId":"nqt230"},"content":"                throw new DukeException(\"Command not recognised\");","lastModifiedDate":"2022-08-18"},{"lineNumber":144,"author":{"gitId":"nqt230"},"content":"        }","lastModifiedDate":"2022-08-18"},{"lineNumber":145,"author":{"gitId":"nqt230"},"content":"","lastModifiedDate":"2022-08-28"},{"lineNumber":146,"author":{"gitId":"nqt230"},"content":"        return true;","lastModifiedDate":"2022-08-28"},{"lineNumber":147,"author":{"gitId":"nqt230"},"content":"    }","lastModifiedDate":"2022-08-18"},{"lineNumber":148,"author":{"gitId":"nqt230"},"content":"","lastModifiedDate":"2022-08-18"},{"lineNumber":149,"author":{"gitId":"nqt230"},"content":"    /**","lastModifiedDate":"2022-08-18"},{"lineNumber":150,"author":{"gitId":"nqt230"},"content":"     * Prints a line of a specified character length","lastModifiedDate":"2022-08-18"},{"lineNumber":151,"author":{"gitId":"nqt230"},"content":"     *","lastModifiedDate":"2022-08-18"},{"lineNumber":152,"author":{"gitId":"nqt230"},"content":"     * @param length - the character length of the line to print","lastModifiedDate":"2022-08-18"},{"lineNumber":153,"author":{"gitId":"nqt230"},"content":"     */","lastModifiedDate":"2022-08-18"},{"lineNumber":154,"author":{"gitId":"nqt230"},"content":"    public static void GenerateLine(int length) {","lastModifiedDate":"2022-08-18"},{"lineNumber":155,"author":{"gitId":"nqt230"},"content":"        System.out.println(String.format(\"%\" + length + \"s\", \"\").replace(\" \", \"-\"));","lastModifiedDate":"2022-08-18"},{"lineNumber":156,"author":{"gitId":"nqt230"},"content":"    }","lastModifiedDate":"2022-08-18"},{"lineNumber":157,"author":{"gitId":"nqt230"},"content":"","lastModifiedDate":"2022-08-18"},{"lineNumber":158,"author":{"gitId":"nqt230"},"content":"    /**","lastModifiedDate":"2022-08-18"},{"lineNumber":159,"author":{"gitId":"nqt230"},"content":"     * Adds a task to the list which is displayed when DisplayList is called","lastModifiedDate":"2022-08-18"},{"lineNumber":160,"author":{"gitId":"nqt230"},"content":"     *","lastModifiedDate":"2022-08-18"},{"lineNumber":161,"author":{"gitId":"nqt230"},"content":"     * @param task - the task to add to the list","lastModifiedDate":"2022-08-18"},{"lineNumber":162,"author":{"gitId":"nqt230"},"content":"     */","lastModifiedDate":"2022-08-18"},{"lineNumber":163,"author":{"gitId":"nqt230"},"content":"    public static void AddToList(Task task) {","lastModifiedDate":"2022-08-18"},{"lineNumber":164,"author":{"gitId":"nqt230"},"content":"        taskList.add(task);","lastModifiedDate":"2022-08-18"},{"lineNumber":165,"author":{"gitId":"nqt230"},"content":"        System.out.printf(\"Task added: %s\\n\", task);","lastModifiedDate":"2022-08-18"},{"lineNumber":166,"author":{"gitId":"nqt230"},"content":"        System.out.printf(\"You now have %d task(s) in the list\\n\", taskList.size());","lastModifiedDate":"2022-08-18"},{"lineNumber":167,"author":{"gitId":"nqt230"},"content":"    }","lastModifiedDate":"2022-08-18"},{"lineNumber":168,"author":{"gitId":"nqt230"},"content":"","lastModifiedDate":"2022-08-18"},{"lineNumber":169,"author":{"gitId":"nqt230"},"content":"    /**","lastModifiedDate":"2022-08-18"},{"lineNumber":170,"author":{"gitId":"nqt230"},"content":"     * Creates a ToDo task from the given argument string","lastModifiedDate":"2022-08-18"},{"lineNumber":171,"author":{"gitId":"nqt230"},"content":"     *","lastModifiedDate":"2022-08-18"},{"lineNumber":172,"author":{"gitId":"nqt230"},"content":"     * @param args - the argument string to be parsed","lastModifiedDate":"2022-08-18"},{"lineNumber":173,"author":{"gitId":"nqt230"},"content":"     */","lastModifiedDate":"2022-08-18"},{"lineNumber":174,"author":{"gitId":"nqt230"},"content":"    public static void TryAddToDo(String args) throws DukeException {","lastModifiedDate":"2022-08-18"},{"lineNumber":175,"author":{"gitId":"nqt230"},"content":"        String name \u003d args.strip();","lastModifiedDate":"2022-08-18"},{"lineNumber":176,"author":{"gitId":"nqt230"},"content":"        if (name \u003d\u003d \"\") {","lastModifiedDate":"2022-08-18"},{"lineNumber":177,"author":{"gitId":"nqt230"},"content":"            throw new DukeException(\"Failed to create todo: No task name given\");","lastModifiedDate":"2022-08-18"},{"lineNumber":178,"author":{"gitId":"nqt230"},"content":"        }","lastModifiedDate":"2022-08-18"},{"lineNumber":179,"author":{"gitId":"nqt230"},"content":"","lastModifiedDate":"2022-08-18"},{"lineNumber":180,"author":{"gitId":"nqt230"},"content":"        AddToList(new ToDo(name, false));","lastModifiedDate":"2022-08-18"},{"lineNumber":181,"author":{"gitId":"nqt230"},"content":"    }","lastModifiedDate":"2022-08-18"},{"lineNumber":182,"author":{"gitId":"nqt230"},"content":"","lastModifiedDate":"2022-08-18"},{"lineNumber":183,"author":{"gitId":"nqt230"},"content":"    /**","lastModifiedDate":"2022-08-18"},{"lineNumber":184,"author":{"gitId":"nqt230"},"content":"     * Creates a Deadline task from the given argument string","lastModifiedDate":"2022-08-18"},{"lineNumber":185,"author":{"gitId":"nqt230"},"content":"     *","lastModifiedDate":"2022-08-18"},{"lineNumber":186,"author":{"gitId":"nqt230"},"content":"     * @param args - the argument string to be parsed","lastModifiedDate":"2022-08-18"},{"lineNumber":187,"author":{"gitId":"nqt230"},"content":"     */","lastModifiedDate":"2022-08-18"},{"lineNumber":188,"author":{"gitId":"nqt230"},"content":"    public static void TryAddDeadline(String args) throws DukeException {","lastModifiedDate":"2022-08-18"},{"lineNumber":189,"author":{"gitId":"nqt230"},"content":"        String[] argsArr \u003d args.split(\" /by \", 2);","lastModifiedDate":"2022-08-18"},{"lineNumber":190,"author":{"gitId":"nqt230"},"content":"        if (argsArr.length \u003c 2) {","lastModifiedDate":"2022-08-18"},{"lineNumber":191,"author":{"gitId":"nqt230"},"content":"            throw new DukeException(\"Failed to create deadline: Invalid number of arguments\");","lastModifiedDate":"2022-08-18"},{"lineNumber":192,"author":{"gitId":"nqt230"},"content":"        }","lastModifiedDate":"2022-08-18"},{"lineNumber":193,"author":{"gitId":"nqt230"},"content":"","lastModifiedDate":"2022-08-18"},{"lineNumber":194,"author":{"gitId":"nqt230"},"content":"        String name \u003d argsArr[0].strip();","lastModifiedDate":"2022-08-18"},{"lineNumber":195,"author":{"gitId":"nqt230"},"content":"        String dateStr \u003d argsArr[1].strip();","lastModifiedDate":"2022-08-30"},{"lineNumber":196,"author":{"gitId":"nqt230"},"content":"","lastModifiedDate":"2022-08-18"},{"lineNumber":197,"author":{"gitId":"nqt230"},"content":"        if (name \u003d\u003d \"\") {","lastModifiedDate":"2022-08-18"},{"lineNumber":198,"author":{"gitId":"nqt230"},"content":"            throw new DukeException(\"Failed to create deadline: No task name given\");","lastModifiedDate":"2022-08-18"},{"lineNumber":199,"author":{"gitId":"nqt230"},"content":"        }","lastModifiedDate":"2022-08-18"},{"lineNumber":200,"author":{"gitId":"nqt230"},"content":"","lastModifiedDate":"2022-08-18"},{"lineNumber":201,"author":{"gitId":"nqt230"},"content":"        if (dateStr \u003d\u003d \"\") {","lastModifiedDate":"2022-08-30"},{"lineNumber":202,"author":{"gitId":"nqt230"},"content":"            throw new DukeException(\"Failed to create deadline: No date given\");","lastModifiedDate":"2022-08-18"},{"lineNumber":203,"author":{"gitId":"nqt230"},"content":"        }","lastModifiedDate":"2022-08-18"},{"lineNumber":204,"author":{"gitId":"nqt230"},"content":"","lastModifiedDate":"2022-08-18"},{"lineNumber":205,"author":{"gitId":"nqt230"},"content":"        LocalDate date;","lastModifiedDate":"2022-08-30"},{"lineNumber":206,"author":{"gitId":"nqt230"},"content":"        try {","lastModifiedDate":"2022-08-30"},{"lineNumber":207,"author":{"gitId":"nqt230"},"content":"            date \u003d LocalDate.parse(dateStr);","lastModifiedDate":"2022-08-30"},{"lineNumber":208,"author":{"gitId":"nqt230"},"content":"        } catch (DateTimeParseException e) {","lastModifiedDate":"2022-08-30"},{"lineNumber":209,"author":{"gitId":"nqt230"},"content":"            throw new DukeException(\"Failed to create deadline: Invalid date given\");","lastModifiedDate":"2022-08-30"},{"lineNumber":210,"author":{"gitId":"nqt230"},"content":"        }","lastModifiedDate":"2022-08-30"},{"lineNumber":211,"author":{"gitId":"nqt230"},"content":"","lastModifiedDate":"2022-08-30"},{"lineNumber":212,"author":{"gitId":"nqt230"},"content":"        AddToList(new Deadline(name, false, date));","lastModifiedDate":"2022-08-18"},{"lineNumber":213,"author":{"gitId":"nqt230"},"content":"    }","lastModifiedDate":"2022-08-18"},{"lineNumber":214,"author":{"gitId":"nqt230"},"content":"","lastModifiedDate":"2022-08-18"},{"lineNumber":215,"author":{"gitId":"nqt230"},"content":"    /**","lastModifiedDate":"2022-08-18"},{"lineNumber":216,"author":{"gitId":"nqt230"},"content":"     * Creates an Event task from the given argument string","lastModifiedDate":"2022-08-18"},{"lineNumber":217,"author":{"gitId":"nqt230"},"content":"     *","lastModifiedDate":"2022-08-18"},{"lineNumber":218,"author":{"gitId":"nqt230"},"content":"     * @param args - the argument string to be parsed","lastModifiedDate":"2022-08-18"},{"lineNumber":219,"author":{"gitId":"nqt230"},"content":"     */","lastModifiedDate":"2022-08-18"},{"lineNumber":220,"author":{"gitId":"nqt230"},"content":"    public static void TryAddEvent(String args) throws DukeException {","lastModifiedDate":"2022-08-18"},{"lineNumber":221,"author":{"gitId":"nqt230"},"content":"        String[] argsArr \u003d args.split(\" /at \", 2);","lastModifiedDate":"2022-08-18"},{"lineNumber":222,"author":{"gitId":"nqt230"},"content":"        if (argsArr.length \u003c 2) {","lastModifiedDate":"2022-08-18"},{"lineNumber":223,"author":{"gitId":"nqt230"},"content":"            throw new DukeException(\"Failed to create event: Invalid number of arguments\");","lastModifiedDate":"2022-08-18"},{"lineNumber":224,"author":{"gitId":"nqt230"},"content":"        }","lastModifiedDate":"2022-08-18"},{"lineNumber":225,"author":{"gitId":"nqt230"},"content":"","lastModifiedDate":"2022-08-18"},{"lineNumber":226,"author":{"gitId":"nqt230"},"content":"        String name \u003d argsArr[0].strip();","lastModifiedDate":"2022-08-18"},{"lineNumber":227,"author":{"gitId":"nqt230"},"content":"        String dateStr \u003d argsArr[1].strip();","lastModifiedDate":"2022-08-30"},{"lineNumber":228,"author":{"gitId":"nqt230"},"content":"","lastModifiedDate":"2022-08-18"},{"lineNumber":229,"author":{"gitId":"nqt230"},"content":"        if (name \u003d\u003d \"\") {","lastModifiedDate":"2022-08-18"},{"lineNumber":230,"author":{"gitId":"nqt230"},"content":"            throw new DukeException(\"Failed to create event: No task name given\");","lastModifiedDate":"2022-08-18"},{"lineNumber":231,"author":{"gitId":"nqt230"},"content":"        }","lastModifiedDate":"2022-08-18"},{"lineNumber":232,"author":{"gitId":"nqt230"},"content":"","lastModifiedDate":"2022-08-18"},{"lineNumber":233,"author":{"gitId":"nqt230"},"content":"        if (dateStr \u003d\u003d \"\") {","lastModifiedDate":"2022-08-30"},{"lineNumber":234,"author":{"gitId":"nqt230"},"content":"            throw new DukeException(\"Failed to create event: No date given\");","lastModifiedDate":"2022-08-18"},{"lineNumber":235,"author":{"gitId":"nqt230"},"content":"        }","lastModifiedDate":"2022-08-18"},{"lineNumber":236,"author":{"gitId":"nqt230"},"content":"","lastModifiedDate":"2022-08-18"},{"lineNumber":237,"author":{"gitId":"nqt230"},"content":"        LocalDate date;","lastModifiedDate":"2022-08-30"},{"lineNumber":238,"author":{"gitId":"nqt230"},"content":"        try {","lastModifiedDate":"2022-08-30"},{"lineNumber":239,"author":{"gitId":"nqt230"},"content":"            date \u003d LocalDate.parse(dateStr);","lastModifiedDate":"2022-08-30"},{"lineNumber":240,"author":{"gitId":"nqt230"},"content":"        } catch (DateTimeParseException e) {","lastModifiedDate":"2022-08-30"},{"lineNumber":241,"author":{"gitId":"nqt230"},"content":"            throw new DukeException(\"Failed to create event: Invalid date given\");","lastModifiedDate":"2022-08-30"},{"lineNumber":242,"author":{"gitId":"nqt230"},"content":"        }","lastModifiedDate":"2022-08-30"},{"lineNumber":243,"author":{"gitId":"nqt230"},"content":"","lastModifiedDate":"2022-08-30"},{"lineNumber":244,"author":{"gitId":"nqt230"},"content":"        AddToList(new Deadline(name, false, date));","lastModifiedDate":"2022-08-30"},{"lineNumber":245,"author":{"gitId":"nqt230"},"content":"    }","lastModifiedDate":"2022-08-18"},{"lineNumber":246,"author":{"gitId":"nqt230"},"content":"","lastModifiedDate":"2022-08-18"},{"lineNumber":247,"author":{"gitId":"nqt230"},"content":"    /**","lastModifiedDate":"2022-08-18"},{"lineNumber":248,"author":{"gitId":"nqt230"},"content":"     * Displays the list of tasks added to the list so far in order","lastModifiedDate":"2022-08-18"},{"lineNumber":249,"author":{"gitId":"nqt230"},"content":"     */","lastModifiedDate":"2022-08-18"},{"lineNumber":250,"author":{"gitId":"nqt230"},"content":"    public static void DisplayList() {","lastModifiedDate":"2022-08-18"},{"lineNumber":251,"author":{"gitId":"nqt230"},"content":"        for (int i \u003d 0; i \u003c taskList.size(); i++) {","lastModifiedDate":"2022-08-18"},{"lineNumber":252,"author":{"gitId":"nqt230"},"content":"            System.out.printf(\"%d. %s\\n\", i + 1, taskList.get(i));","lastModifiedDate":"2022-08-18"},{"lineNumber":253,"author":{"gitId":"nqt230"},"content":"        }","lastModifiedDate":"2022-08-18"},{"lineNumber":254,"author":{"gitId":"nqt230"},"content":"","lastModifiedDate":"2022-08-18"},{"lineNumber":255,"author":{"gitId":"nqt230"},"content":"        System.out.printf(\"You have %d task(s) in your list\\n\", taskList.size());","lastModifiedDate":"2022-08-18"},{"lineNumber":256,"author":{"gitId":"nqt230"},"content":"    }","lastModifiedDate":"2022-08-18"},{"lineNumber":257,"author":{"gitId":"nqt230"},"content":"","lastModifiedDate":"2022-08-18"},{"lineNumber":258,"author":{"gitId":"nqt230"},"content":"    /**","lastModifiedDate":"2022-08-18"},{"lineNumber":259,"author":{"gitId":"nqt230"},"content":"     * Try to mark or unmark a task based on the parsed task index","lastModifiedDate":"2022-08-18"},{"lineNumber":260,"author":{"gitId":"nqt230"},"content":"     *","lastModifiedDate":"2022-08-18"},{"lineNumber":261,"author":{"gitId":"nqt230"},"content":"     * @param marked - if true, attempt to mark the task, otherwise attempt to unmark","lastModifiedDate":"2022-08-18"},{"lineNumber":262,"author":{"gitId":"nqt230"},"content":"     * @param args - a list of string inputs, the first of which will be parsed as the task index to mark/unmark","lastModifiedDate":"2022-08-18"},{"lineNumber":263,"author":{"gitId":"nqt230"},"content":"     */","lastModifiedDate":"2022-08-18"},{"lineNumber":264,"author":{"gitId":"nqt230"},"content":"    public static void TryMark(boolean marked, String args) throws DukeException {","lastModifiedDate":"2022-08-18"},{"lineNumber":265,"author":{"gitId":"nqt230"},"content":"        int index;","lastModifiedDate":"2022-08-18"},{"lineNumber":266,"author":{"gitId":"nqt230"},"content":"        try {","lastModifiedDate":"2022-08-18"},{"lineNumber":267,"author":{"gitId":"nqt230"},"content":"            index \u003d Integer.parseInt(args.strip());","lastModifiedDate":"2022-08-18"},{"lineNumber":268,"author":{"gitId":"nqt230"},"content":"        } catch (NumberFormatException e) {","lastModifiedDate":"2022-08-18"},{"lineNumber":269,"author":{"gitId":"nqt230"},"content":"            throw new DukeException(\"Mark failed, invalid index\");","lastModifiedDate":"2022-08-18"},{"lineNumber":270,"author":{"gitId":"nqt230"},"content":"        }","lastModifiedDate":"2022-08-18"},{"lineNumber":271,"author":{"gitId":"nqt230"},"content":"        index--;","lastModifiedDate":"2022-08-18"},{"lineNumber":272,"author":{"gitId":"nqt230"},"content":"","lastModifiedDate":"2022-08-18"},{"lineNumber":273,"author":{"gitId":"nqt230"},"content":"        if (index \u003c 0 || index \u003e\u003d taskList.size()) {","lastModifiedDate":"2022-08-18"},{"lineNumber":274,"author":{"gitId":"nqt230"},"content":"            throw new DukeException(\"Mark failed, index out of range\");","lastModifiedDate":"2022-08-18"},{"lineNumber":275,"author":{"gitId":"nqt230"},"content":"        }","lastModifiedDate":"2022-08-18"},{"lineNumber":276,"author":{"gitId":"nqt230"},"content":"","lastModifiedDate":"2022-08-18"},{"lineNumber":277,"author":{"gitId":"nqt230"},"content":"        Task task \u003d taskList.get(index);","lastModifiedDate":"2022-08-18"},{"lineNumber":278,"author":{"gitId":"nqt230"},"content":"        if (marked) {","lastModifiedDate":"2022-08-18"},{"lineNumber":279,"author":{"gitId":"nqt230"},"content":"            task.mark();","lastModifiedDate":"2022-08-18"},{"lineNumber":280,"author":{"gitId":"nqt230"},"content":"            System.out.printf(\"Task marked as done: %s\\n\", task);","lastModifiedDate":"2022-08-18"},{"lineNumber":281,"author":{"gitId":"nqt230"},"content":"        } else {","lastModifiedDate":"2022-08-18"},{"lineNumber":282,"author":{"gitId":"nqt230"},"content":"            task.unmark();","lastModifiedDate":"2022-08-18"},{"lineNumber":283,"author":{"gitId":"nqt230"},"content":"            System.out.printf(\"Task marked as not done: %s\\n\", task);","lastModifiedDate":"2022-08-18"},{"lineNumber":284,"author":{"gitId":"nqt230"},"content":"        }","lastModifiedDate":"2022-08-18"},{"lineNumber":285,"author":{"gitId":"-"},"content":"    }","lastModifiedDate":"2019-07-29"},{"lineNumber":286,"author":{"gitId":"nqt230"},"content":"","lastModifiedDate":"2022-08-18"},{"lineNumber":287,"author":{"gitId":"nqt230"},"content":"    public static void TryDelete(String args) throws DukeException {","lastModifiedDate":"2022-08-18"},{"lineNumber":288,"author":{"gitId":"nqt230"},"content":"        int index;","lastModifiedDate":"2022-08-18"},{"lineNumber":289,"author":{"gitId":"nqt230"},"content":"        try {","lastModifiedDate":"2022-08-18"},{"lineNumber":290,"author":{"gitId":"nqt230"},"content":"            index \u003d Integer.parseInt(args.strip());","lastModifiedDate":"2022-08-18"},{"lineNumber":291,"author":{"gitId":"nqt230"},"content":"        } catch (NumberFormatException e) {","lastModifiedDate":"2022-08-18"},{"lineNumber":292,"author":{"gitId":"nqt230"},"content":"            throw new DukeException(\"Delete failed, invalid index\");","lastModifiedDate":"2022-08-18"},{"lineNumber":293,"author":{"gitId":"nqt230"},"content":"        }","lastModifiedDate":"2022-08-18"},{"lineNumber":294,"author":{"gitId":"nqt230"},"content":"        index--;","lastModifiedDate":"2022-08-18"},{"lineNumber":295,"author":{"gitId":"nqt230"},"content":"","lastModifiedDate":"2022-08-18"},{"lineNumber":296,"author":{"gitId":"nqt230"},"content":"        if (index \u003c 0 || index \u003e\u003d taskList.size()) {","lastModifiedDate":"2022-08-18"},{"lineNumber":297,"author":{"gitId":"nqt230"},"content":"            throw new DukeException(\"Delete failed, index out of range\");","lastModifiedDate":"2022-08-18"},{"lineNumber":298,"author":{"gitId":"nqt230"},"content":"        }","lastModifiedDate":"2022-08-18"},{"lineNumber":299,"author":{"gitId":"nqt230"},"content":"","lastModifiedDate":"2022-08-18"},{"lineNumber":300,"author":{"gitId":"nqt230"},"content":"        Task task \u003d taskList.get(index);","lastModifiedDate":"2022-08-18"},{"lineNumber":301,"author":{"gitId":"nqt230"},"content":"        taskList.remove(index);","lastModifiedDate":"2022-08-18"},{"lineNumber":302,"author":{"gitId":"nqt230"},"content":"        System.out.printf(\"Task deleted: %s\\n\", task);","lastModifiedDate":"2022-08-18"},{"lineNumber":303,"author":{"gitId":"nqt230"},"content":"        System.out.printf(\"You now have %d task(s) in the list\\n\", taskList.size());","lastModifiedDate":"2022-08-18"},{"lineNumber":304,"author":{"gitId":"-"},"content":"    }","lastModifiedDate":"2022-08-18"},{"lineNumber":305,"author":{"gitId":"-"},"content":"}","lastModifiedDate":"2019-07-29"}],"authorContributionMap":{"nqt230":294,"-":11}},{"path":"src/main/java/DukeException.java","fileType":"java","lines":[{"lineNumber":1,"author":{"gitId":"nqt230"},"content":"/**","lastModifiedDate":"2022-08-18"},{"lineNumber":2,"author":{"gitId":"nqt230"},"content":" * A class used to represent Exceptions specific to Duke","lastModifiedDate":"2022-08-18"},{"lineNumber":3,"author":{"gitId":"nqt230"},"content":" */","lastModifiedDate":"2022-08-18"},{"lineNumber":4,"author":{"gitId":"nqt230"},"content":"public class DukeException extends Exception {","lastModifiedDate":"2022-08-18"},{"lineNumber":5,"author":{"gitId":"nqt230"},"content":"    public DukeException(String message) {","lastModifiedDate":"2022-08-18"},{"lineNumber":6,"author":{"gitId":"nqt230"},"content":"        super(message);","lastModifiedDate":"2022-08-18"},{"lineNumber":7,"author":{"gitId":"nqt230"},"content":"    }","lastModifiedDate":"2022-08-18"},{"lineNumber":8,"author":{"gitId":"nqt230"},"content":"}","lastModifiedDate":"2022-08-18"}],"authorContributionMap":{"nqt230":8}},{"path":"src/main/java/Event.java","fileType":"java","lines":[{"lineNumber":1,"author":{"gitId":"nqt230"},"content":"import java.time.LocalDate;","lastModifiedDate":"2022-08-30"},{"lineNumber":2,"author":{"gitId":"nqt230"},"content":"","lastModifiedDate":"2022-08-30"},{"lineNumber":3,"author":{"gitId":"nqt230"},"content":"/**","lastModifiedDate":"2022-08-18"},{"lineNumber":4,"author":{"gitId":"nqt230"},"content":" * Class used to represent an Event type task that has a start and end datetime.","lastModifiedDate":"2022-08-18"},{"lineNumber":5,"author":{"gitId":"nqt230"},"content":" */","lastModifiedDate":"2022-08-18"},{"lineNumber":6,"author":{"gitId":"nqt230"},"content":"public class Event extends Task {","lastModifiedDate":"2022-08-18"},{"lineNumber":7,"author":{"gitId":"nqt230"},"content":"    protected LocalDate eventDate;","lastModifiedDate":"2022-08-30"},{"lineNumber":8,"author":{"gitId":"nqt230"},"content":"","lastModifiedDate":"2022-08-18"},{"lineNumber":9,"author":{"gitId":"nqt230"},"content":"    public Event(String taskName, boolean isDone, LocalDate eventDate) {","lastModifiedDate":"2022-08-30"},{"lineNumber":10,"author":{"gitId":"nqt230"},"content":"        super(taskName, isDone);","lastModifiedDate":"2022-08-18"},{"lineNumber":11,"author":{"gitId":"nqt230"},"content":"        this.eventDate \u003d eventDate;","lastModifiedDate":"2022-08-18"},{"lineNumber":12,"author":{"gitId":"nqt230"},"content":"    }","lastModifiedDate":"2022-08-18"},{"lineNumber":13,"author":{"gitId":"nqt230"},"content":"","lastModifiedDate":"2022-08-18"},{"lineNumber":14,"author":{"gitId":"nqt230"},"content":"    @Override","lastModifiedDate":"2022-08-18"},{"lineNumber":15,"author":{"gitId":"nqt230"},"content":"    public String toString() {","lastModifiedDate":"2022-08-18"},{"lineNumber":16,"author":{"gitId":"nqt230"},"content":"        return String.format(\"[E]%s (at: %s)\", super.toString(), eventDate);","lastModifiedDate":"2022-08-18"},{"lineNumber":17,"author":{"gitId":"nqt230"},"content":"    }","lastModifiedDate":"2022-08-18"},{"lineNumber":18,"author":{"gitId":"nqt230"},"content":"}","lastModifiedDate":"2022-08-18"}],"authorContributionMap":{"nqt230":18}},{"path":"src/main/java/Task.java","fileType":"java","lines":[{"lineNumber":1,"author":{"gitId":"nqt230"},"content":"/**","lastModifiedDate":"2022-08-18"},{"lineNumber":2,"author":{"gitId":"nqt230"},"content":" * A class used to represent a task. A task has a name and completion status.","lastModifiedDate":"2022-08-18"},{"lineNumber":3,"author":{"gitId":"nqt230"},"content":" */","lastModifiedDate":"2022-08-18"},{"lineNumber":4,"author":{"gitId":"nqt230"},"content":"public class Task {","lastModifiedDate":"2022-08-18"},{"lineNumber":5,"author":{"gitId":"nqt230"},"content":"    protected String taskName \u003d \"\";","lastModifiedDate":"2022-08-18"},{"lineNumber":6,"author":{"gitId":"nqt230"},"content":"    protected boolean isDone \u003d false;","lastModifiedDate":"2022-08-18"},{"lineNumber":7,"author":{"gitId":"nqt230"},"content":"","lastModifiedDate":"2022-08-18"},{"lineNumber":8,"author":{"gitId":"nqt230"},"content":"    protected static final String MARK_CHARACTER \u003d \"X\";","lastModifiedDate":"2022-08-18"},{"lineNumber":9,"author":{"gitId":"nqt230"},"content":"","lastModifiedDate":"2022-08-18"},{"lineNumber":10,"author":{"gitId":"nqt230"},"content":"    public Task(String taskName, boolean isDone) {","lastModifiedDate":"2022-08-18"},{"lineNumber":11,"author":{"gitId":"nqt230"},"content":"        this.taskName \u003d taskName;","lastModifiedDate":"2022-08-18"},{"lineNumber":12,"author":{"gitId":"nqt230"},"content":"        this.isDone \u003d isDone;","lastModifiedDate":"2022-08-18"},{"lineNumber":13,"author":{"gitId":"nqt230"},"content":"    }","lastModifiedDate":"2022-08-18"},{"lineNumber":14,"author":{"gitId":"nqt230"},"content":"","lastModifiedDate":"2022-08-18"},{"lineNumber":15,"author":{"gitId":"nqt230"},"content":"    public void mark() {","lastModifiedDate":"2022-08-18"},{"lineNumber":16,"author":{"gitId":"nqt230"},"content":"        this.isDone \u003d true;","lastModifiedDate":"2022-08-18"},{"lineNumber":17,"author":{"gitId":"nqt230"},"content":"    }","lastModifiedDate":"2022-08-18"},{"lineNumber":18,"author":{"gitId":"nqt230"},"content":"","lastModifiedDate":"2022-08-18"},{"lineNumber":19,"author":{"gitId":"nqt230"},"content":"    public void unmark() {","lastModifiedDate":"2022-08-18"},{"lineNumber":20,"author":{"gitId":"nqt230"},"content":"        this.isDone \u003d false;","lastModifiedDate":"2022-08-18"},{"lineNumber":21,"author":{"gitId":"nqt230"},"content":"    }","lastModifiedDate":"2022-08-18"},{"lineNumber":22,"author":{"gitId":"nqt230"},"content":"","lastModifiedDate":"2022-08-18"},{"lineNumber":23,"author":{"gitId":"nqt230"},"content":"    @Override","lastModifiedDate":"2022-08-18"},{"lineNumber":24,"author":{"gitId":"nqt230"},"content":"    public String toString() {","lastModifiedDate":"2022-08-18"},{"lineNumber":25,"author":{"gitId":"nqt230"},"content":"        return String.format(\"[%s] %s\", isDone ? MARK_CHARACTER : \" \", this.taskName);","lastModifiedDate":"2022-08-18"},{"lineNumber":26,"author":{"gitId":"nqt230"},"content":"    }","lastModifiedDate":"2022-08-18"},{"lineNumber":27,"author":{"gitId":"nqt230"},"content":"}","lastModifiedDate":"2022-08-18"}],"authorContributionMap":{"nqt230":27}},{"path":"src/main/java/ToDo.java","fileType":"java","lines":[{"lineNumber":1,"author":{"gitId":"nqt230"},"content":"/**","lastModifiedDate":"2022-08-18"},{"lineNumber":2,"author":{"gitId":"nqt230"},"content":" * Class used to represent a ToDo type task that has no date.","lastModifiedDate":"2022-08-18"},{"lineNumber":3,"author":{"gitId":"nqt230"},"content":" */","lastModifiedDate":"2022-08-18"},{"lineNumber":4,"author":{"gitId":"nqt230"},"content":"public class ToDo extends Task {","lastModifiedDate":"2022-08-18"},{"lineNumber":5,"author":{"gitId":"nqt230"},"content":"    public ToDo(String taskName, boolean isDone) {","lastModifiedDate":"2022-08-18"},{"lineNumber":6,"author":{"gitId":"nqt230"},"content":"        super(taskName, isDone);","lastModifiedDate":"2022-08-18"},{"lineNumber":7,"author":{"gitId":"nqt230"},"content":"    }","lastModifiedDate":"2022-08-18"},{"lineNumber":8,"author":{"gitId":"nqt230"},"content":"","lastModifiedDate":"2022-08-18"},{"lineNumber":9,"author":{"gitId":"nqt230"},"content":"    @Override","lastModifiedDate":"2022-08-18"},{"lineNumber":10,"author":{"gitId":"nqt230"},"content":"    public String toString() {","lastModifiedDate":"2022-08-18"},{"lineNumber":11,"author":{"gitId":"nqt230"},"content":"        return \"[T]\" + super.toString();","lastModifiedDate":"2022-08-18"},{"lineNumber":12,"author":{"gitId":"nqt230"},"content":"    }","lastModifiedDate":"2022-08-18"},{"lineNumber":13,"author":{"gitId":"nqt230"},"content":"}","lastModifiedDate":"2022-08-18"}],"authorContributionMap":{"nqt230":13}},{"path":"text-ui-test/input.txt","fileType":"txt","lines":[{"lineNumber":1,"author":{"gitId":"nqt230"},"content":"mark 1","lastModifiedDate":"2022-08-18"},{"lineNumber":2,"author":{"gitId":"nqt230"},"content":"todo asdf","lastModifiedDate":"2022-08-18"},{"lineNumber":3,"author":{"gitId":"nqt230"},"content":"deadline ghjk /by 19:00","lastModifiedDate":"2022-08-18"},{"lineNumber":4,"author":{"gitId":"nqt230"},"content":"event tyui /at Aug 8, 2pm - 4pm","lastModifiedDate":"2022-08-18"},{"lineNumber":5,"author":{"gitId":"nqt230"},"content":"list","lastModifiedDate":"2022-08-18"},{"lineNumber":6,"author":{"gitId":"nqt230"},"content":"mark 1","lastModifiedDate":"2022-08-18"},{"lineNumber":7,"author":{"gitId":"nqt230"},"content":"list","lastModifiedDate":"2022-08-18"},{"lineNumber":8,"author":{"gitId":"nqt230"},"content":"unmark 1","lastModifiedDate":"2022-08-18"},{"lineNumber":9,"author":{"gitId":"nqt230"},"content":"mark 5","lastModifiedDate":"2022-08-18"},{"lineNumber":10,"author":{"gitId":"nqt230"},"content":"deadline a","lastModifiedDate":"2022-08-18"},{"lineNumber":11,"author":{"gitId":"nqt230"},"content":"event b","lastModifiedDate":"2022-08-18"},{"lineNumber":12,"author":{"gitId":"nqt230"},"content":"todo","lastModifiedDate":"2022-08-18"},{"lineNumber":13,"author":{"gitId":"nqt230"},"content":"list","lastModifiedDate":"2022-08-18"},{"lineNumber":14,"author":{"gitId":"nqt230"},"content":"deadline  /by","lastModifiedDate":"2022-08-18"},{"lineNumber":15,"author":{"gitId":"nqt230"},"content":"event  /at","lastModifiedDate":"2022-08-18"},{"lineNumber":16,"author":{"gitId":"nqt230"},"content":"list","lastModifiedDate":"2022-08-18"},{"lineNumber":17,"author":{"gitId":"nqt230"},"content":"delete 1","lastModifiedDate":"2022-08-18"},{"lineNumber":18,"author":{"gitId":"nqt230"},"content":"delete 1","lastModifiedDate":"2022-08-18"},{"lineNumber":19,"author":{"gitId":"nqt230"},"content":"delete","lastModifiedDate":"2022-08-18"},{"lineNumber":20,"author":{"gitId":"nqt230"},"content":"delete","lastModifiedDate":"2022-08-18"},{"lineNumber":21,"author":{"gitId":"nqt230"},"content":"delete 3","lastModifiedDate":"2022-08-18"},{"lineNumber":22,"author":{"gitId":"nqt230"},"content":"todo a","lastModifiedDate":"2022-08-18"},{"lineNumber":23,"author":{"gitId":"nqt230"},"content":"todo b","lastModifiedDate":"2022-08-18"},{"lineNumber":24,"author":{"gitId":"nqt230"},"content":"todo c","lastModifiedDate":"2022-08-18"},{"lineNumber":25,"author":{"gitId":"nqt230"},"content":"delete 4","lastModifiedDate":"2022-08-18"},{"lineNumber":26,"author":{"gitId":"nqt230"},"content":"mark 1","lastModifiedDate":"2022-08-18"},{"lineNumber":27,"author":{"gitId":"nqt230"},"content":"delete 1","lastModifiedDate":"2022-08-18"},{"lineNumber":28,"author":{"gitId":"nqt230"},"content":"bye","lastModifiedDate":"2022-08-18"}],"authorContributionMap":{"nqt230":28}}]
