{"authorDailyContributionsMap":{"Chustinjeng":[{"date":"2022-08-18","commitResults":[{"hash":"6fb35e2183dac7619b41801661519224c44af3fe","messageTitle":"no message","messageBody":"","fileTypesAndContributionMap":{"java":{"insertions":70,"deletions":1}}},{"hash":"b1bd47d29f732e933ccb52a0d84238990d8c897d","messageTitle":"Level-3 Level-4","messageBody":"","tags":["Level-4","Level-3","A-TextUiTesting"],"fileTypesAndContributionMap":{"txt":{"insertions":0,"deletions":0},"java":{"insertions":100,"deletions":43},"bat":{"insertions":0,"deletions":21},"sh":{"insertions":0,"deletions":38}}},{"hash":"a304648ffc965406742c52476df0ddfb573630fd","messageTitle":"Level-5","messageBody":"","tags":["Level-5"],"fileTypesAndContributionMap":{"txt":{"insertions":0,"deletions":0},"java":{"insertions":69,"deletions":38},"bat":{"insertions":21,"deletions":0},"sh":{"insertions":34,"deletions":0}}},{"hash":"cd9f9d5779072e9552b65799712ac26bfed08a72","messageTitle":"Level-6","messageBody":"","tags":["Level-6"],"fileTypesAndContributionMap":{"java":{"insertions":155,"deletions":90}}},{"hash":"b04f303a1bc3bb25b637c502485c7036462f61ab","messageTitle":"Level-1 Level-2","messageBody":"","tags":["Level-2","Level-1-Level-2","Level-1"],"fileTypesAndContributionMap":{"java":{"insertions":1,"deletions":1}}}]},{"date":"2022-08-20","commitResults":[{"hash":"89f5fe7efa7bcc5fb95e269bf88513cbd89f5923","messageTitle":"no message","messageBody":"","tags":["A-Enums"],"fileTypesAndContributionMap":{"java":{"insertions":62,"deletions":38}}}]},{"date":"2022-08-22","commitResults":[{"hash":"85ef2e633ddbe435636fe1ea99e638f477123153","messageTitle":"Add FileWriter and method to write to files","messageBody":"","tags":["Level-7"],"fileTypesAndContributionMap":{"txt":{"insertions":2,"deletions":0},"java":{"insertions":39,"deletions":8}}},{"hash":"08808d988dcfd415541e0eed668cd5c531a1b624","messageTitle":"Added LocalDate formatting","messageBody":"","tags":["Level-8"],"fileTypesAndContributionMap":{"java":{"insertions":23,"deletions":10}}}]},{"date":"2022-08-23","commitResults":[{"hash":"c996c4c788b40fc3122e55c0e9eeb2b3dea7925c","messageTitle":"no message","messageBody":"","fileTypesAndContributionMap":{"java":{"insertions":0,"deletions":3}}}]},{"date":"2022-08-24","commitResults":[{"hash":"a138a98d5e3eefd72ea591dfdb238ad4790d5ca6","messageTitle":"Added JUnit tests","messageBody":"","tags":["A-JUnit"],"fileTypesAndContributionMap":{"txt":{"insertions":2,"deletions":2},"java":{"insertions":154,"deletions":39}}}]},{"date":"2022-08-28","commitResults":[{"hash":"92ecc202ff54c4077c32b4c537ef244e42c1471e","messageTitle":"Added new classes and packages","messageBody":"","tags":["A-Packages","A-MoreOOP"],"fileTypesAndContributionMap":{"txt":{"insertions":0,"deletions":2},"java":{"insertions":639,"deletions":220}}},{"hash":"4689829b782ba02a1ab3c522922ded14da5bb2df","messageTitle":"Added Javadocs","messageBody":"","fileTypesAndContributionMap":{"java":{"insertions":405,"deletions":5}}},{"hash":"3364b1c10bf8c04cf4cbcf09f5312ca3db486c9c","messageTitle":"Corrected some coding mistakes","messageBody":"","fileTypesAndContributionMap":{"java":{"insertions":4,"deletions":2}}},{"hash":"2d0acb3b7f5a8c69af3092c1afa0361ecb83bc6f","messageTitle":"Added JavaDocs","messageBody":"","fileTypesAndContributionMap":{"java":{"insertions":26,"deletions":3}}},{"hash":"2c9afa1dee4cd8ca997fe7baada6fc8fe7761393","messageTitle":"Added Level-9: Find","messageBody":"","fileTypesAndContributionMap":{"txt":{"insertions":2,"deletions":0},"java":{"insertions":44,"deletions":0}}},{"hash":"0b04f1d60f7f53aac17543c277f1251448e324d8","messageTitle":"no message","messageBody":"","fileTypesAndContributionMap":{"java":{"insertions":9,"deletions":12}}},{"hash":"1e69bdd348aef9e52c365295e403b2bb127e74a3","messageTitle":"Made changes to Junit tests","messageBody":"","tags":["Level-9","A-JavaDoc","A-CodingStandard"],"fileTypesAndContributionMap":{"java":{"insertions":15,"deletions":32}}},{"hash":"f33f0872a7c0e3fcad6fb89ae0b75e9a032ccb55","messageTitle":"Added jar file","messageBody":"","tags":["A-Jar"],"fileTypesAndContributionMap":{"gradle":{"insertions":1,"deletions":1}}}]},{"date":"2022-08-29","commitResults":[{"hash":"1d8fdd8a6cb00be4114de001545caaa24e5f7555","messageTitle":"Changed main class name to JustinBot and added new packages","messageBody":"","fileTypesAndContributionMap":{"txt":{"insertions":1,"deletions":0},"java":{"insertions":107,"deletions":95}}}]},{"date":"2022-09-03","commitResults":[{"hash":"1b01e9c99fafb7af5604be7ff7a624793d55e3c2","messageTitle":"Added javafx GUI","messageBody":"","tags":["Level-10"],"fileTypesAndContributionMap":{"gradle":{"insertions":21,"deletions":2},"txt":{"insertions":8,"deletions":3},"fxml":{"insertions":47,"deletions":0},"java":{"insertions":430,"deletions":213}}}]},{"date":"2022-09-04","commitResults":[{"hash":"024844f2f196321ce54790c2a30965f5d6f9aa1f","messageTitle":"Added javadocs","messageBody":"","fileTypesAndContributionMap":{"txt":{"insertions":1,"deletions":0},"java":{"insertions":129,"deletions":121}}}]},{"date":"2022-09-06","commitResults":[{"hash":"ed5a531c6b869174eb4b442e6668121ca52892e3","messageTitle":"Added Varargs","messageBody":"","tags":["A-Varargs"],"fileTypesAndContributionMap":{"txt":{"insertions":6,"deletions":9},"java":{"insertions":104,"deletions":58}}}]},{"date":"2022-09-10","commitResults":[{"hash":"d9144c9fc91521e81e7c0fccb887669273460021","messageTitle":"Add assertion statements to various methods to signify important assumptions.","messageBody":"Some important assumptions are not stated clearly in code and cannot be\nidentified by users easily.\n\nLet\u0027s place some assertion statements to improve code readability and\nallow users to understand some important assumptions.\n","tags":["A-FullCommitMessage","A-Assertions"],"fileTypesAndContributionMap":{"gradle":{"insertions":1,"deletions":1},"txt":{"insertions":0,"deletions":6},"java":{"insertions":50,"deletions":24}}},{"hash":"cbdbb3f19bb8abfbeb7d7d5661bb524a6b475d30","messageTitle":"Improve code quality and readability through better Single Level of Abstraction principle.","messageBody":"There are some methods that did not utilise the Single Level of\nAbstraction principle as they provide multiple levels of abstraction.\n\nReadability of code is not good if there are multiple levels of\nabstraction.\n\nLet\u0027s improve abstraction levels by creating more methods to encapsulate\ntheir meaning in code.\n","tags":["A-CodeQuality"],"fileTypesAndContributionMap":{"java":{"insertions":19,"deletions":16}}},{"hash":"8da3bb7ed67ccbb622f439bfc6c5ffd687b6c139","messageTitle":"Added the ability to identify overlaps in events","messageBody":"","tags":["BCD-Extension"],"fileTypesAndContributionMap":{"txt":{"insertions":1,"deletions":0},"java":{"insertions":71,"deletions":4}}}]}]},"authorFileTypeContributionMap":{"Chustinjeng":{"java":1670,"md":0,"fxml":47,"sh":3,"bat":0,"gradle":21,"txt":1}},"authorContributionVariance":{"Chustinjeng":89909.164},"authorDisplayNameMap":{"Chustinjeng":"CS2103T-T10-4 JUST..NZHE"}}
