[{"path":"build.gradle","fileType":"gradle","lines":[{"lineNumber":1,"author":{"gitId":"zylee348"},"content":"plugins {","lastModifiedDate":"2022-08-23"},{"lineNumber":2,"author":{"gitId":"zylee348"},"content":"    id \u0027java\u0027","lastModifiedDate":"2022-08-23"},{"lineNumber":3,"author":{"gitId":"zylee348"},"content":"    id \u0027application\u0027","lastModifiedDate":"2022-08-23"},{"lineNumber":4,"author":{"gitId":"zylee348"},"content":"    id \u0027checkstyle\u0027","lastModifiedDate":"2022-08-23"},{"lineNumber":5,"author":{"gitId":"zylee348"},"content":"    id \u0027com.github.johnrengelman.shadow\u0027 version \u00275.1.0\u0027","lastModifiedDate":"2022-08-23"},{"lineNumber":6,"author":{"gitId":"zylee348"},"content":"}","lastModifiedDate":"2022-08-23"},{"lineNumber":7,"author":{"gitId":"zylee348"},"content":"","lastModifiedDate":"2022-08-23"},{"lineNumber":8,"author":{"gitId":"zylee348"},"content":"repositories {","lastModifiedDate":"2022-08-23"},{"lineNumber":9,"author":{"gitId":"zylee348"},"content":"    mavenCentral()","lastModifiedDate":"2022-08-23"},{"lineNumber":10,"author":{"gitId":"zylee348"},"content":"}","lastModifiedDate":"2022-08-23"},{"lineNumber":11,"author":{"gitId":"zylee348"},"content":"","lastModifiedDate":"2022-08-23"},{"lineNumber":12,"author":{"gitId":"zylee348"},"content":"checkstyle {","lastModifiedDate":"2022-08-23"},{"lineNumber":13,"author":{"gitId":"zylee348"},"content":"    toolVersion \u003d \u002710.2\u0027","lastModifiedDate":"2022-08-23"},{"lineNumber":14,"author":{"gitId":"zylee348"},"content":"}","lastModifiedDate":"2022-08-23"},{"lineNumber":15,"author":{"gitId":"zylee348"},"content":"","lastModifiedDate":"2022-08-23"},{"lineNumber":16,"author":{"gitId":"zylee348"},"content":"dependencies {","lastModifiedDate":"2022-08-23"},{"lineNumber":17,"author":{"gitId":"zylee348"},"content":"    testImplementation group: \u0027org.junit.jupiter\u0027, name: \u0027junit-jupiter-api\u0027, version: \u00275.5.0\u0027","lastModifiedDate":"2022-08-23"},{"lineNumber":18,"author":{"gitId":"zylee348"},"content":"    testRuntimeOnly group: \u0027org.junit.jupiter\u0027, name: \u0027junit-jupiter-engine\u0027, version: \u00275.5.0\u0027","lastModifiedDate":"2022-08-23"},{"lineNumber":19,"author":{"gitId":"zylee348"},"content":"}","lastModifiedDate":"2022-08-23"},{"lineNumber":20,"author":{"gitId":"zylee348"},"content":"","lastModifiedDate":"2022-08-23"},{"lineNumber":21,"author":{"gitId":"zylee348"},"content":"test {","lastModifiedDate":"2022-08-23"},{"lineNumber":22,"author":{"gitId":"zylee348"},"content":"    useJUnitPlatform()","lastModifiedDate":"2022-08-23"},{"lineNumber":23,"author":{"gitId":"zylee348"},"content":"","lastModifiedDate":"2022-08-23"},{"lineNumber":24,"author":{"gitId":"zylee348"},"content":"    testLogging {","lastModifiedDate":"2022-08-23"},{"lineNumber":25,"author":{"gitId":"zylee348"},"content":"        events \"passed\", \"skipped\", \"failed\"","lastModifiedDate":"2022-08-23"},{"lineNumber":26,"author":{"gitId":"zylee348"},"content":"","lastModifiedDate":"2022-08-23"},{"lineNumber":27,"author":{"gitId":"zylee348"},"content":"        showExceptions true","lastModifiedDate":"2022-08-23"},{"lineNumber":28,"author":{"gitId":"zylee348"},"content":"        exceptionFormat \"full\"","lastModifiedDate":"2022-08-23"},{"lineNumber":29,"author":{"gitId":"zylee348"},"content":"        showCauses true","lastModifiedDate":"2022-08-23"},{"lineNumber":30,"author":{"gitId":"zylee348"},"content":"        showStackTraces true","lastModifiedDate":"2022-08-23"},{"lineNumber":31,"author":{"gitId":"zylee348"},"content":"        showStandardStreams \u003d false","lastModifiedDate":"2022-08-23"},{"lineNumber":32,"author":{"gitId":"zylee348"},"content":"","lastModifiedDate":"2022-08-23"},{"lineNumber":33,"author":{"gitId":"zylee348"},"content":"","lastModifiedDate":"2022-08-23"},{"lineNumber":34,"author":{"gitId":"zylee348"},"content":"    }","lastModifiedDate":"2022-08-23"},{"lineNumber":35,"author":{"gitId":"zylee348"},"content":"}","lastModifiedDate":"2022-08-23"},{"lineNumber":36,"author":{"gitId":"zylee348"},"content":"","lastModifiedDate":"2022-08-23"},{"lineNumber":37,"author":{"gitId":"zylee348"},"content":"test {","lastModifiedDate":"2022-08-23"},{"lineNumber":38,"author":{"gitId":"zylee348"},"content":"    useJUnitPlatform()","lastModifiedDate":"2022-08-23"},{"lineNumber":39,"author":{"gitId":"zylee348"},"content":"","lastModifiedDate":"2022-08-23"},{"lineNumber":40,"author":{"gitId":"zylee348"},"content":"    testLogging {","lastModifiedDate":"2022-08-23"},{"lineNumber":41,"author":{"gitId":"zylee348"},"content":"        events \"passed\", \"skipped\", \"failed\"","lastModifiedDate":"2022-08-23"},{"lineNumber":42,"author":{"gitId":"zylee348"},"content":"","lastModifiedDate":"2022-08-23"},{"lineNumber":43,"author":{"gitId":"zylee348"},"content":"        showExceptions true","lastModifiedDate":"2022-08-23"},{"lineNumber":44,"author":{"gitId":"zylee348"},"content":"        exceptionFormat \"full\"","lastModifiedDate":"2022-08-23"},{"lineNumber":45,"author":{"gitId":"zylee348"},"content":"        showCauses true","lastModifiedDate":"2022-08-23"},{"lineNumber":46,"author":{"gitId":"zylee348"},"content":"        showStackTraces true","lastModifiedDate":"2022-08-23"},{"lineNumber":47,"author":{"gitId":"zylee348"},"content":"        showStandardStreams \u003d false","lastModifiedDate":"2022-08-23"},{"lineNumber":48,"author":{"gitId":"zylee348"},"content":"    }","lastModifiedDate":"2022-08-23"},{"lineNumber":49,"author":{"gitId":"zylee348"},"content":"}","lastModifiedDate":"2022-08-23"},{"lineNumber":50,"author":{"gitId":"zylee348"},"content":"","lastModifiedDate":"2022-08-23"},{"lineNumber":51,"author":{"gitId":"zylee348"},"content":"application {","lastModifiedDate":"2022-08-23"},{"lineNumber":52,"author":{"gitId":"zylee348"},"content":"    mainClassName \u003d \"duke.Duke\"","lastModifiedDate":"2022-08-23"},{"lineNumber":53,"author":{"gitId":"zylee348"},"content":"}","lastModifiedDate":"2022-08-23"},{"lineNumber":54,"author":{"gitId":"zylee348"},"content":"","lastModifiedDate":"2022-08-23"},{"lineNumber":55,"author":{"gitId":"zylee348"},"content":"shadowJar {","lastModifiedDate":"2022-08-23"},{"lineNumber":56,"author":{"gitId":"zylee348"},"content":"    archiveBaseName \u003d \"duke\"","lastModifiedDate":"2022-08-23"},{"lineNumber":57,"author":{"gitId":"zylee348"},"content":"    archiveClassifier \u003d null","lastModifiedDate":"2022-08-23"},{"lineNumber":58,"author":{"gitId":"zylee348"},"content":"}","lastModifiedDate":"2022-08-23"},{"lineNumber":59,"author":{"gitId":"zylee348"},"content":"","lastModifiedDate":"2022-08-23"},{"lineNumber":60,"author":{"gitId":"zylee348"},"content":"run{","lastModifiedDate":"2022-08-23"},{"lineNumber":61,"author":{"gitId":"zylee348"},"content":"    standardInput \u003d System.in","lastModifiedDate":"2022-08-23"},{"lineNumber":62,"author":{"gitId":"zylee348"},"content":"}","lastModifiedDate":"2022-08-23"}],"authorContributionMap":{"zylee348":62}},{"path":"data/duke.txt","fileType":"txt","lines":[{"lineNumber":1,"author":{"gitId":"zylee348"},"content":"D | 1 | return book | 2010-08-15T09:23","lastModifiedDate":"2022-08-23"},{"lineNumber":2,"author":{"gitId":"zylee348"},"content":"D | 1 | return book | 2010-08-15T09:25","lastModifiedDate":"2022-08-23"},{"lineNumber":3,"author":{"gitId":"zylee348"},"content":"E | 1 | return horhd | 2013-08-15T15:34","lastModifiedDate":"2022-08-23"},{"lineNumber":4,"author":{"gitId":"zylee348"},"content":"T | 0 | hi","lastModifiedDate":"2022-08-23"},{"lineNumber":5,"author":{"gitId":"zylee348"},"content":"D | 0 | return horhd | 2013-08-15T15:34","lastModifiedDate":"2022-08-23"},{"lineNumber":6,"author":{"gitId":"zylee348"},"content":"D | 0 | return horhd | 2013-08-15T15:45","lastModifiedDate":"2022-08-23"},{"lineNumber":7,"author":{"gitId":"zylee348"},"content":"E | 0 | poop | 2010-02-12T19:23","lastModifiedDate":"2022-08-23"},{"lineNumber":8,"author":{"gitId":"zylee348"},"content":"D | 0 | sdfsdf | 2010-12-21T18:00","lastModifiedDate":"2022-08-23"}],"authorContributionMap":{"zylee348":8}},{"path":"gradlew.bat","fileType":"bat","lines":[{"lineNumber":1,"author":{"gitId":"zylee348"},"content":"@rem","lastModifiedDate":"2022-08-23"},{"lineNumber":2,"author":{"gitId":"zylee348"},"content":"@rem Copyright 2015 the original author or authors.","lastModifiedDate":"2022-08-23"},{"lineNumber":3,"author":{"gitId":"zylee348"},"content":"@rem","lastModifiedDate":"2022-08-23"},{"lineNumber":4,"author":{"gitId":"zylee348"},"content":"@rem Licensed under the Apache License, Version 2.0 (the \"License\");","lastModifiedDate":"2022-08-23"},{"lineNumber":5,"author":{"gitId":"zylee348"},"content":"@rem you may not use this file except in compliance with the License.","lastModifiedDate":"2022-08-23"},{"lineNumber":6,"author":{"gitId":"zylee348"},"content":"@rem You may obtain a copy of the License at","lastModifiedDate":"2022-08-23"},{"lineNumber":7,"author":{"gitId":"zylee348"},"content":"@rem","lastModifiedDate":"2022-08-23"},{"lineNumber":8,"author":{"gitId":"zylee348"},"content":"@rem      https://www.apache.org/licenses/LICENSE-2.0","lastModifiedDate":"2022-08-23"},{"lineNumber":9,"author":{"gitId":"zylee348"},"content":"@rem","lastModifiedDate":"2022-08-23"},{"lineNumber":10,"author":{"gitId":"zylee348"},"content":"@rem Unless required by applicable law or agreed to in writing, software","lastModifiedDate":"2022-08-23"},{"lineNumber":11,"author":{"gitId":"zylee348"},"content":"@rem distributed under the License is distributed on an \"AS IS\" BASIS,","lastModifiedDate":"2022-08-23"},{"lineNumber":12,"author":{"gitId":"zylee348"},"content":"@rem WITHOUT WARRANTIES OR CONDITIONS OF ANY KIND, either express or implied.","lastModifiedDate":"2022-08-23"},{"lineNumber":13,"author":{"gitId":"zylee348"},"content":"@rem See the License for the specific language governing permissions and","lastModifiedDate":"2022-08-23"},{"lineNumber":14,"author":{"gitId":"zylee348"},"content":"@rem limitations under the License.","lastModifiedDate":"2022-08-23"},{"lineNumber":15,"author":{"gitId":"zylee348"},"content":"@rem","lastModifiedDate":"2022-08-23"},{"lineNumber":16,"author":{"gitId":"zylee348"},"content":"","lastModifiedDate":"2022-08-23"},{"lineNumber":17,"author":{"gitId":"zylee348"},"content":"@if \"%DEBUG%\" \u003d\u003d \"\" @echo off","lastModifiedDate":"2022-08-23"},{"lineNumber":18,"author":{"gitId":"zylee348"},"content":"@rem ##########################################################################","lastModifiedDate":"2022-08-23"},{"lineNumber":19,"author":{"gitId":"zylee348"},"content":"@rem","lastModifiedDate":"2022-08-23"},{"lineNumber":20,"author":{"gitId":"zylee348"},"content":"@rem  Gradle startup script for Windows","lastModifiedDate":"2022-08-23"},{"lineNumber":21,"author":{"gitId":"zylee348"},"content":"@rem","lastModifiedDate":"2022-08-23"},{"lineNumber":22,"author":{"gitId":"zylee348"},"content":"@rem ##########################################################################","lastModifiedDate":"2022-08-23"},{"lineNumber":23,"author":{"gitId":"zylee348"},"content":"","lastModifiedDate":"2022-08-23"},{"lineNumber":24,"author":{"gitId":"zylee348"},"content":"@rem Set local scope for the variables with windows NT shell","lastModifiedDate":"2022-08-23"},{"lineNumber":25,"author":{"gitId":"zylee348"},"content":"if \"%OS%\"\u003d\u003d\"Windows_NT\" setlocal","lastModifiedDate":"2022-08-23"},{"lineNumber":26,"author":{"gitId":"zylee348"},"content":"","lastModifiedDate":"2022-08-23"},{"lineNumber":27,"author":{"gitId":"zylee348"},"content":"set DIRNAME\u003d%~dp0","lastModifiedDate":"2022-08-23"},{"lineNumber":28,"author":{"gitId":"zylee348"},"content":"if \"%DIRNAME%\" \u003d\u003d \"\" set DIRNAME\u003d.","lastModifiedDate":"2022-08-23"},{"lineNumber":29,"author":{"gitId":"zylee348"},"content":"set APP_BASE_NAME\u003d%~n0","lastModifiedDate":"2022-08-23"},{"lineNumber":30,"author":{"gitId":"zylee348"},"content":"set APP_HOME\u003d%DIRNAME%","lastModifiedDate":"2022-08-23"},{"lineNumber":31,"author":{"gitId":"zylee348"},"content":"","lastModifiedDate":"2022-08-23"},{"lineNumber":32,"author":{"gitId":"zylee348"},"content":"@rem Resolve any \".\" and \"..\" in APP_HOME to make it shorter.","lastModifiedDate":"2022-08-23"},{"lineNumber":33,"author":{"gitId":"zylee348"},"content":"for %%i in (\"%APP_HOME%\") do set APP_HOME\u003d%%~fi","lastModifiedDate":"2022-08-23"},{"lineNumber":34,"author":{"gitId":"zylee348"},"content":"","lastModifiedDate":"2022-08-23"},{"lineNumber":35,"author":{"gitId":"zylee348"},"content":"@rem Add default JVM options here. You can also use JAVA_OPTS and GRADLE_OPTS to pass JVM options to this script.","lastModifiedDate":"2022-08-23"},{"lineNumber":36,"author":{"gitId":"zylee348"},"content":"set DEFAULT_JVM_OPTS\u003d\"-Xmx64m\" \"-Xms64m\"","lastModifiedDate":"2022-08-23"},{"lineNumber":37,"author":{"gitId":"zylee348"},"content":"","lastModifiedDate":"2022-08-23"},{"lineNumber":38,"author":{"gitId":"zylee348"},"content":"@rem Find java.exe","lastModifiedDate":"2022-08-23"},{"lineNumber":39,"author":{"gitId":"zylee348"},"content":"if defined JAVA_HOME goto findJavaFromJavaHome","lastModifiedDate":"2022-08-23"},{"lineNumber":40,"author":{"gitId":"zylee348"},"content":"","lastModifiedDate":"2022-08-23"},{"lineNumber":41,"author":{"gitId":"zylee348"},"content":"set JAVA_EXE\u003djava.exe","lastModifiedDate":"2022-08-23"},{"lineNumber":42,"author":{"gitId":"zylee348"},"content":"%JAVA_EXE% -version \u003eNUL 2\u003e\u00261","lastModifiedDate":"2022-08-23"},{"lineNumber":43,"author":{"gitId":"zylee348"},"content":"if \"%ERRORLEVEL%\" \u003d\u003d \"0\" goto init","lastModifiedDate":"2022-08-23"},{"lineNumber":44,"author":{"gitId":"zylee348"},"content":"","lastModifiedDate":"2022-08-23"},{"lineNumber":45,"author":{"gitId":"zylee348"},"content":"echo.","lastModifiedDate":"2022-08-23"},{"lineNumber":46,"author":{"gitId":"zylee348"},"content":"echo ERROR: JAVA_HOME is not set and no \u0027java\u0027 command could be found in your PATH.","lastModifiedDate":"2022-08-23"},{"lineNumber":47,"author":{"gitId":"zylee348"},"content":"echo.","lastModifiedDate":"2022-08-23"},{"lineNumber":48,"author":{"gitId":"zylee348"},"content":"echo Please set the JAVA_HOME variable in your environment to match the","lastModifiedDate":"2022-08-23"},{"lineNumber":49,"author":{"gitId":"zylee348"},"content":"echo location of your Java installation.","lastModifiedDate":"2022-08-23"},{"lineNumber":50,"author":{"gitId":"zylee348"},"content":"","lastModifiedDate":"2022-08-23"},{"lineNumber":51,"author":{"gitId":"zylee348"},"content":"goto fail","lastModifiedDate":"2022-08-23"},{"lineNumber":52,"author":{"gitId":"zylee348"},"content":"","lastModifiedDate":"2022-08-23"},{"lineNumber":53,"author":{"gitId":"zylee348"},"content":":findJavaFromJavaHome","lastModifiedDate":"2022-08-23"},{"lineNumber":54,"author":{"gitId":"zylee348"},"content":"set JAVA_HOME\u003d%JAVA_HOME:\"\u003d%","lastModifiedDate":"2022-08-23"},{"lineNumber":55,"author":{"gitId":"zylee348"},"content":"set JAVA_EXE\u003d%JAVA_HOME%/bin/java.exe","lastModifiedDate":"2022-08-23"},{"lineNumber":56,"author":{"gitId":"zylee348"},"content":"","lastModifiedDate":"2022-08-23"},{"lineNumber":57,"author":{"gitId":"zylee348"},"content":"if exist \"%JAVA_EXE%\" goto init","lastModifiedDate":"2022-08-23"},{"lineNumber":58,"author":{"gitId":"zylee348"},"content":"","lastModifiedDate":"2022-08-23"},{"lineNumber":59,"author":{"gitId":"zylee348"},"content":"echo.","lastModifiedDate":"2022-08-23"},{"lineNumber":60,"author":{"gitId":"zylee348"},"content":"echo ERROR: JAVA_HOME is set to an invalid directory: %JAVA_HOME%","lastModifiedDate":"2022-08-23"},{"lineNumber":61,"author":{"gitId":"zylee348"},"content":"echo.","lastModifiedDate":"2022-08-23"},{"lineNumber":62,"author":{"gitId":"zylee348"},"content":"echo Please set the JAVA_HOME variable in your environment to match the","lastModifiedDate":"2022-08-23"},{"lineNumber":63,"author":{"gitId":"zylee348"},"content":"echo location of your Java installation.","lastModifiedDate":"2022-08-23"},{"lineNumber":64,"author":{"gitId":"zylee348"},"content":"","lastModifiedDate":"2022-08-23"},{"lineNumber":65,"author":{"gitId":"zylee348"},"content":"goto fail","lastModifiedDate":"2022-08-23"},{"lineNumber":66,"author":{"gitId":"zylee348"},"content":"","lastModifiedDate":"2022-08-23"},{"lineNumber":67,"author":{"gitId":"zylee348"},"content":":init","lastModifiedDate":"2022-08-23"},{"lineNumber":68,"author":{"gitId":"zylee348"},"content":"@rem Get command-line arguments, handling Windows variants","lastModifiedDate":"2022-08-23"},{"lineNumber":69,"author":{"gitId":"zylee348"},"content":"","lastModifiedDate":"2022-08-23"},{"lineNumber":70,"author":{"gitId":"zylee348"},"content":"if not \"%OS%\" \u003d\u003d \"Windows_NT\" goto win9xME_args","lastModifiedDate":"2022-08-23"},{"lineNumber":71,"author":{"gitId":"zylee348"},"content":"","lastModifiedDate":"2022-08-23"},{"lineNumber":72,"author":{"gitId":"zylee348"},"content":":win9xME_args","lastModifiedDate":"2022-08-23"},{"lineNumber":73,"author":{"gitId":"zylee348"},"content":"@rem Slurp the command line arguments.","lastModifiedDate":"2022-08-23"},{"lineNumber":74,"author":{"gitId":"zylee348"},"content":"set CMD_LINE_ARGS\u003d","lastModifiedDate":"2022-08-23"},{"lineNumber":75,"author":{"gitId":"zylee348"},"content":"set _SKIP\u003d2","lastModifiedDate":"2022-08-23"},{"lineNumber":76,"author":{"gitId":"zylee348"},"content":"","lastModifiedDate":"2022-08-23"},{"lineNumber":77,"author":{"gitId":"zylee348"},"content":":win9xME_args_slurp","lastModifiedDate":"2022-08-23"},{"lineNumber":78,"author":{"gitId":"zylee348"},"content":"if \"x%~1\" \u003d\u003d \"x\" goto execute","lastModifiedDate":"2022-08-23"},{"lineNumber":79,"author":{"gitId":"zylee348"},"content":"","lastModifiedDate":"2022-08-23"},{"lineNumber":80,"author":{"gitId":"zylee348"},"content":"set CMD_LINE_ARGS\u003d%*","lastModifiedDate":"2022-08-23"},{"lineNumber":81,"author":{"gitId":"zylee348"},"content":"","lastModifiedDate":"2022-08-23"},{"lineNumber":82,"author":{"gitId":"zylee348"},"content":":execute","lastModifiedDate":"2022-08-23"},{"lineNumber":83,"author":{"gitId":"zylee348"},"content":"@rem Setup the command line","lastModifiedDate":"2022-08-23"},{"lineNumber":84,"author":{"gitId":"zylee348"},"content":"","lastModifiedDate":"2022-08-23"},{"lineNumber":85,"author":{"gitId":"zylee348"},"content":"set CLASSPATH\u003d%APP_HOME%\\gradle\\wrapper\\gradle-wrapper.jar","lastModifiedDate":"2022-08-23"},{"lineNumber":86,"author":{"gitId":"zylee348"},"content":"","lastModifiedDate":"2022-08-23"},{"lineNumber":87,"author":{"gitId":"zylee348"},"content":"@rem Execute Gradle","lastModifiedDate":"2022-08-23"},{"lineNumber":88,"author":{"gitId":"zylee348"},"content":"\"%JAVA_EXE%\" %DEFAULT_JVM_OPTS% %JAVA_OPTS% %GRADLE_OPTS% \"-Dorg.gradle.appname\u003d%APP_BASE_NAME%\" -classpath \"%CLASSPATH%\" org.gradle.wrapper.GradleWrapperMain %CMD_LINE_ARGS%","lastModifiedDate":"2022-08-23"},{"lineNumber":89,"author":{"gitId":"zylee348"},"content":"","lastModifiedDate":"2022-08-23"},{"lineNumber":90,"author":{"gitId":"zylee348"},"content":":end","lastModifiedDate":"2022-08-23"},{"lineNumber":91,"author":{"gitId":"zylee348"},"content":"@rem End local scope for the variables with windows NT shell","lastModifiedDate":"2022-08-23"},{"lineNumber":92,"author":{"gitId":"zylee348"},"content":"if \"%ERRORLEVEL%\"\u003d\u003d\"0\" goto mainEnd","lastModifiedDate":"2022-08-23"},{"lineNumber":93,"author":{"gitId":"zylee348"},"content":"","lastModifiedDate":"2022-08-23"},{"lineNumber":94,"author":{"gitId":"zylee348"},"content":":fail","lastModifiedDate":"2022-08-23"},{"lineNumber":95,"author":{"gitId":"zylee348"},"content":"rem Set variable GRADLE_EXIT_CONSOLE if you need the _script_ return code instead of","lastModifiedDate":"2022-08-23"},{"lineNumber":96,"author":{"gitId":"zylee348"},"content":"rem the _cmd.exe /c_ return code!","lastModifiedDate":"2022-08-23"},{"lineNumber":97,"author":{"gitId":"zylee348"},"content":"if  not \"\" \u003d\u003d \"%GRADLE_EXIT_CONSOLE%\" exit 1","lastModifiedDate":"2022-08-23"},{"lineNumber":98,"author":{"gitId":"zylee348"},"content":"exit /b 1","lastModifiedDate":"2022-08-23"},{"lineNumber":99,"author":{"gitId":"zylee348"},"content":"","lastModifiedDate":"2022-08-23"},{"lineNumber":100,"author":{"gitId":"zylee348"},"content":":mainEnd","lastModifiedDate":"2022-08-23"},{"lineNumber":101,"author":{"gitId":"zylee348"},"content":"if \"%OS%\"\u003d\u003d\"Windows_NT\" endlocal","lastModifiedDate":"2022-08-23"},{"lineNumber":102,"author":{"gitId":"zylee348"},"content":"","lastModifiedDate":"2022-08-23"},{"lineNumber":103,"author":{"gitId":"zylee348"},"content":":omega","lastModifiedDate":"2022-08-23"}],"authorContributionMap":{"zylee348":103}},{"path":"src/main/java/duke/Deadline.java","fileType":"java","lines":[{"lineNumber":1,"author":{"gitId":"zylee348"},"content":"package duke;","lastModifiedDate":"2022-08-23"},{"lineNumber":2,"author":{"gitId":"zylee348"},"content":"","lastModifiedDate":"2022-08-23"},{"lineNumber":3,"author":{"gitId":"zylee348"},"content":"import java.time.LocalDateTime;","lastModifiedDate":"2022-08-23"},{"lineNumber":4,"author":{"gitId":"zylee348"},"content":"import java.time.format.DateTimeFormatter;","lastModifiedDate":"2022-08-23"},{"lineNumber":5,"author":{"gitId":"zylee348"},"content":"","lastModifiedDate":"2022-08-23"},{"lineNumber":6,"author":{"gitId":"zylee348"},"content":"public class Deadline extends Task {","lastModifiedDate":"2022-08-18"},{"lineNumber":7,"author":{"gitId":"zylee348"},"content":"","lastModifiedDate":"2022-08-18"},{"lineNumber":8,"author":{"gitId":"zylee348"},"content":"    protected LocalDateTime by;","lastModifiedDate":"2022-08-23"},{"lineNumber":9,"author":{"gitId":"zylee348"},"content":"","lastModifiedDate":"2022-08-18"},{"lineNumber":10,"author":{"gitId":"zylee348"},"content":"    public Deadline(String description, LocalDateTime by) {","lastModifiedDate":"2022-08-23"},{"lineNumber":11,"author":{"gitId":"zylee348"},"content":"        super(description);","lastModifiedDate":"2022-08-18"},{"lineNumber":12,"author":{"gitId":"zylee348"},"content":"        this.by \u003d by;","lastModifiedDate":"2022-08-18"},{"lineNumber":13,"author":{"gitId":"zylee348"},"content":"    }","lastModifiedDate":"2022-08-18"},{"lineNumber":14,"author":{"gitId":"zylee348"},"content":"","lastModifiedDate":"2022-08-18"},{"lineNumber":15,"author":{"gitId":"zylee348"},"content":"    @Override","lastModifiedDate":"2022-08-22"},{"lineNumber":16,"author":{"gitId":"zylee348"},"content":"    public String toStringFileFormat() {","lastModifiedDate":"2022-08-22"},{"lineNumber":17,"author":{"gitId":"zylee348"},"content":"        return \"D | \" + super.toStringFileFormat() + \" | \" + this.by;","lastModifiedDate":"2022-08-22"},{"lineNumber":18,"author":{"gitId":"zylee348"},"content":"    }","lastModifiedDate":"2022-08-22"},{"lineNumber":19,"author":{"gitId":"zylee348"},"content":"","lastModifiedDate":"2022-08-22"},{"lineNumber":20,"author":{"gitId":"zylee348"},"content":"    @Override","lastModifiedDate":"2022-08-18"},{"lineNumber":21,"author":{"gitId":"zylee348"},"content":"    public String toString() {","lastModifiedDate":"2022-08-18"},{"lineNumber":22,"author":{"gitId":"zylee348"},"content":"        return \"[D]\" + super.toString() + \"(by: \" + by.format(DateTimeFormatter.ofPattern(\"d MMM yyyy, HH:mm\")) + \")\";","lastModifiedDate":"2022-08-23"},{"lineNumber":23,"author":{"gitId":"zylee348"},"content":"    }","lastModifiedDate":"2022-08-18"},{"lineNumber":24,"author":{"gitId":"zylee348"},"content":"}","lastModifiedDate":"2022-08-18"}],"authorContributionMap":{"zylee348":24}},{"path":"src/main/java/duke/Duke.java","fileType":"java","lines":[{"lineNumber":1,"author":{"gitId":"zylee348"},"content":"package duke;","lastModifiedDate":"2022-08-23"},{"lineNumber":2,"author":{"gitId":"zylee348"},"content":"","lastModifiedDate":"2022-08-23"},{"lineNumber":3,"author":{"gitId":"zylee348"},"content":"","lastModifiedDate":"2022-08-15"},{"lineNumber":4,"author":{"gitId":"-"},"content":"public class Duke {","lastModifiedDate":"2019-07-29"},{"lineNumber":5,"author":{"gitId":"zylee348"},"content":"","lastModifiedDate":"2022-08-15"},{"lineNumber":6,"author":{"gitId":"zylee348"},"content":"    public void run() {","lastModifiedDate":"2022-08-23"},{"lineNumber":7,"author":{"gitId":"zylee348"},"content":"        UI.start();","lastModifiedDate":"2022-08-23"},{"lineNumber":8,"author":{"gitId":"zylee348"},"content":"        Parser.parseInput();","lastModifiedDate":"2022-08-23"},{"lineNumber":9,"author":{"gitId":"zylee348"},"content":"    }","lastModifiedDate":"2022-08-22"},{"lineNumber":10,"author":{"gitId":"zylee348"},"content":"","lastModifiedDate":"2022-08-22"},{"lineNumber":11,"author":{"gitId":"zylee348"},"content":"","lastModifiedDate":"2022-08-22"},{"lineNumber":12,"author":{"gitId":"-"},"content":"    public static void main(String[] args) {","lastModifiedDate":"2019-07-29"},{"lineNumber":13,"author":{"gitId":"zylee348"},"content":"        new Duke().run();","lastModifiedDate":"2022-08-23"},{"lineNumber":14,"author":{"gitId":"-"},"content":"    }","lastModifiedDate":"2019-07-29"},{"lineNumber":15,"author":{"gitId":"-"},"content":"}","lastModifiedDate":"2019-07-29"}],"authorContributionMap":{"zylee348":11,"-":4}},{"path":"src/main/java/duke/DukeException.java","fileType":"java","lines":[{"lineNumber":1,"author":{"gitId":"zylee348"},"content":"package duke;","lastModifiedDate":"2022-08-23"},{"lineNumber":2,"author":{"gitId":"zylee348"},"content":"","lastModifiedDate":"2022-08-23"},{"lineNumber":3,"author":{"gitId":"zylee348"},"content":"","lastModifiedDate":"2022-08-23"},{"lineNumber":4,"author":{"gitId":"zylee348"},"content":"class DukeException extends RuntimeException{","lastModifiedDate":"2022-08-18"},{"lineNumber":5,"author":{"gitId":"zylee348"},"content":"    private final String exception;","lastModifiedDate":"2022-08-18"},{"lineNumber":6,"author":{"gitId":"zylee348"},"content":"","lastModifiedDate":"2022-08-18"},{"lineNumber":7,"author":{"gitId":"zylee348"},"content":"    public DukeException(String exception) {","lastModifiedDate":"2022-08-18"},{"lineNumber":8,"author":{"gitId":"zylee348"},"content":"        this.exception \u003d exception;","lastModifiedDate":"2022-08-18"},{"lineNumber":9,"author":{"gitId":"zylee348"},"content":"    }","lastModifiedDate":"2022-08-18"},{"lineNumber":10,"author":{"gitId":"zylee348"},"content":"","lastModifiedDate":"2022-08-18"},{"lineNumber":11,"author":{"gitId":"zylee348"},"content":"    @Override","lastModifiedDate":"2022-08-18"},{"lineNumber":12,"author":{"gitId":"zylee348"},"content":"    public String toString() {","lastModifiedDate":"2022-08-18"},{"lineNumber":13,"author":{"gitId":"zylee348"},"content":"        return this.exception;","lastModifiedDate":"2022-08-18"},{"lineNumber":14,"author":{"gitId":"zylee348"},"content":"    }","lastModifiedDate":"2022-08-18"},{"lineNumber":15,"author":{"gitId":"zylee348"},"content":"}","lastModifiedDate":"2022-08-18"}],"authorContributionMap":{"zylee348":15}},{"path":"src/main/java/duke/Event.java","fileType":"java","lines":[{"lineNumber":1,"author":{"gitId":"zylee348"},"content":"package duke;","lastModifiedDate":"2022-08-23"},{"lineNumber":2,"author":{"gitId":"zylee348"},"content":"","lastModifiedDate":"2022-08-23"},{"lineNumber":3,"author":{"gitId":"zylee348"},"content":"import java.time.LocalDateTime;","lastModifiedDate":"2022-08-23"},{"lineNumber":4,"author":{"gitId":"zylee348"},"content":"import java.time.format.DateTimeFormatter;","lastModifiedDate":"2022-08-23"},{"lineNumber":5,"author":{"gitId":"zylee348"},"content":"","lastModifiedDate":"2022-08-18"},{"lineNumber":6,"author":{"gitId":"zylee348"},"content":"public class Event extends Task {","lastModifiedDate":"2022-08-18"},{"lineNumber":7,"author":{"gitId":"zylee348"},"content":"","lastModifiedDate":"2022-08-18"},{"lineNumber":8,"author":{"gitId":"zylee348"},"content":"    private LocalDateTime at;","lastModifiedDate":"2022-08-23"},{"lineNumber":9,"author":{"gitId":"zylee348"},"content":"","lastModifiedDate":"2022-08-18"},{"lineNumber":10,"author":{"gitId":"zylee348"},"content":"    public Event(String description, LocalDateTime at) {","lastModifiedDate":"2022-08-23"},{"lineNumber":11,"author":{"gitId":"zylee348"},"content":"        super(description);","lastModifiedDate":"2022-08-18"},{"lineNumber":12,"author":{"gitId":"zylee348"},"content":"        this.at \u003d at;","lastModifiedDate":"2022-08-18"},{"lineNumber":13,"author":{"gitId":"zylee348"},"content":"    }","lastModifiedDate":"2022-08-18"},{"lineNumber":14,"author":{"gitId":"zylee348"},"content":"","lastModifiedDate":"2022-08-18"},{"lineNumber":15,"author":{"gitId":"zylee348"},"content":"    @Override","lastModifiedDate":"2022-08-22"},{"lineNumber":16,"author":{"gitId":"zylee348"},"content":"    public String toStringFileFormat() {","lastModifiedDate":"2022-08-22"},{"lineNumber":17,"author":{"gitId":"zylee348"},"content":"        return \"E | \" + super.toStringFileFormat() + \" | \" + this.at;","lastModifiedDate":"2022-08-22"},{"lineNumber":18,"author":{"gitId":"zylee348"},"content":"    }","lastModifiedDate":"2022-08-22"},{"lineNumber":19,"author":{"gitId":"zylee348"},"content":"","lastModifiedDate":"2022-08-22"},{"lineNumber":20,"author":{"gitId":"zylee348"},"content":"    @Override","lastModifiedDate":"2022-08-18"},{"lineNumber":21,"author":{"gitId":"zylee348"},"content":"    public String toString() {","lastModifiedDate":"2022-08-18"},{"lineNumber":22,"author":{"gitId":"zylee348"},"content":"        return \"[E]\" + super.toString() + \"(at: \" + at.format(DateTimeFormatter.ofPattern(\"d MMM yyyy, HH:mm\")) + \")\";","lastModifiedDate":"2022-08-23"},{"lineNumber":23,"author":{"gitId":"zylee348"},"content":"    }","lastModifiedDate":"2022-08-18"},{"lineNumber":24,"author":{"gitId":"zylee348"},"content":"}","lastModifiedDate":"2022-08-18"}],"authorContributionMap":{"zylee348":24}},{"path":"src/main/java/duke/Parser.java","fileType":"java","lines":[{"lineNumber":1,"author":{"gitId":"zylee348"},"content":"package duke;","lastModifiedDate":"2022-08-23"},{"lineNumber":2,"author":{"gitId":"zylee348"},"content":"","lastModifiedDate":"2022-08-23"},{"lineNumber":3,"author":{"gitId":"zylee348"},"content":"","lastModifiedDate":"2022-08-23"},{"lineNumber":4,"author":{"gitId":"zylee348"},"content":"import java.io.IOException;","lastModifiedDate":"2022-08-23"},{"lineNumber":5,"author":{"gitId":"zylee348"},"content":"import java.util.InputMismatchException;","lastModifiedDate":"2022-08-23"},{"lineNumber":6,"author":{"gitId":"zylee348"},"content":"import java.util.Scanner;","lastModifiedDate":"2022-08-23"},{"lineNumber":7,"author":{"gitId":"zylee348"},"content":"","lastModifiedDate":"2022-08-23"},{"lineNumber":8,"author":{"gitId":"zylee348"},"content":"public class Parser {","lastModifiedDate":"2022-08-23"},{"lineNumber":9,"author":{"gitId":"zylee348"},"content":"","lastModifiedDate":"2022-08-23"},{"lineNumber":10,"author":{"gitId":"zylee348"},"content":"    public static String[] parseTypingInput(String str) {","lastModifiedDate":"2022-08-23"},{"lineNumber":11,"author":{"gitId":"zylee348"},"content":"        String allLowerCase \u003d str.toLowerCase();","lastModifiedDate":"2022-08-23"},{"lineNumber":12,"author":{"gitId":"zylee348"},"content":"        return allLowerCase.strip().split(\" \", 2);","lastModifiedDate":"2022-08-23"},{"lineNumber":13,"author":{"gitId":"zylee348"},"content":"    }","lastModifiedDate":"2022-08-23"},{"lineNumber":14,"author":{"gitId":"zylee348"},"content":"","lastModifiedDate":"2022-08-23"},{"lineNumber":15,"author":{"gitId":"zylee348"},"content":"    public static void parseInput() {","lastModifiedDate":"2022-08-23"},{"lineNumber":16,"author":{"gitId":"zylee348"},"content":"        Scanner sc \u003d new Scanner(System.in);","lastModifiedDate":"2022-08-23"},{"lineNumber":17,"author":{"gitId":"zylee348"},"content":"        boolean running \u003d true;","lastModifiedDate":"2022-08-23"},{"lineNumber":18,"author":{"gitId":"zylee348"},"content":"","lastModifiedDate":"2022-08-23"},{"lineNumber":19,"author":{"gitId":"zylee348"},"content":"        while (running) {","lastModifiedDate":"2022-08-23"},{"lineNumber":20,"author":{"gitId":"zylee348"},"content":"            try {","lastModifiedDate":"2022-08-23"},{"lineNumber":21,"author":{"gitId":"zylee348"},"content":"                new TaskList(Storage.loadTask());","lastModifiedDate":"2022-08-23"},{"lineNumber":22,"author":{"gitId":"zylee348"},"content":"                //parse","lastModifiedDate":"2022-08-23"},{"lineNumber":23,"author":{"gitId":"zylee348"},"content":"                String str1 \u003d sc.nextLine();","lastModifiedDate":"2022-08-23"},{"lineNumber":24,"author":{"gitId":"zylee348"},"content":"                String[] wordArray \u003d parseTypingInput(str1);","lastModifiedDate":"2022-08-23"},{"lineNumber":25,"author":{"gitId":"zylee348"},"content":"                String str2 \u003d \"\";","lastModifiedDate":"2022-08-23"},{"lineNumber":26,"author":{"gitId":"zylee348"},"content":"","lastModifiedDate":"2022-08-23"},{"lineNumber":27,"author":{"gitId":"zylee348"},"content":"                if (wordArray.length \u003e\u003d 2) {","lastModifiedDate":"2022-08-23"},{"lineNumber":28,"author":{"gitId":"zylee348"},"content":"                    str2 \u003d wordArray[1];","lastModifiedDate":"2022-08-23"},{"lineNumber":29,"author":{"gitId":"zylee348"},"content":"                }","lastModifiedDate":"2022-08-23"},{"lineNumber":30,"author":{"gitId":"zylee348"},"content":"                String firstWord \u003d wordArray[0];","lastModifiedDate":"2022-08-23"},{"lineNumber":31,"author":{"gitId":"zylee348"},"content":"","lastModifiedDate":"2022-08-23"},{"lineNumber":32,"author":{"gitId":"zylee348"},"content":"                switch (firstWord) {","lastModifiedDate":"2022-08-23"},{"lineNumber":33,"author":{"gitId":"zylee348"},"content":"","lastModifiedDate":"2022-08-23"},{"lineNumber":34,"author":{"gitId":"zylee348"},"content":"                case \"bye\":","lastModifiedDate":"2022-08-23"},{"lineNumber":35,"author":{"gitId":"zylee348"},"content":"                    UI.end();","lastModifiedDate":"2022-08-23"},{"lineNumber":36,"author":{"gitId":"zylee348"},"content":"                    running \u003d false;","lastModifiedDate":"2022-08-23"},{"lineNumber":37,"author":{"gitId":"zylee348"},"content":"                    break;","lastModifiedDate":"2022-08-23"},{"lineNumber":38,"author":{"gitId":"zylee348"},"content":"","lastModifiedDate":"2022-08-23"},{"lineNumber":39,"author":{"gitId":"zylee348"},"content":"                case \"list\":","lastModifiedDate":"2022-08-23"},{"lineNumber":40,"author":{"gitId":"zylee348"},"content":"                    UI.printList();","lastModifiedDate":"2022-08-23"},{"lineNumber":41,"author":{"gitId":"zylee348"},"content":"                    break;","lastModifiedDate":"2022-08-23"},{"lineNumber":42,"author":{"gitId":"zylee348"},"content":"","lastModifiedDate":"2022-08-23"},{"lineNumber":43,"author":{"gitId":"zylee348"},"content":"                case \"mark\":","lastModifiedDate":"2022-08-23"},{"lineNumber":44,"author":{"gitId":"zylee348"},"content":"                    TaskList.markAsDone(str2);","lastModifiedDate":"2022-08-23"},{"lineNumber":45,"author":{"gitId":"zylee348"},"content":"                    break;","lastModifiedDate":"2022-08-23"},{"lineNumber":46,"author":{"gitId":"zylee348"},"content":"","lastModifiedDate":"2022-08-23"},{"lineNumber":47,"author":{"gitId":"zylee348"},"content":"                case \"unmark\":","lastModifiedDate":"2022-08-23"},{"lineNumber":48,"author":{"gitId":"zylee348"},"content":"                    TaskList.markAsUndone(str2);","lastModifiedDate":"2022-08-23"},{"lineNumber":49,"author":{"gitId":"zylee348"},"content":"                    break;","lastModifiedDate":"2022-08-23"},{"lineNumber":50,"author":{"gitId":"zylee348"},"content":"","lastModifiedDate":"2022-08-23"},{"lineNumber":51,"author":{"gitId":"zylee348"},"content":"                case \"delete\":","lastModifiedDate":"2022-08-23"},{"lineNumber":52,"author":{"gitId":"zylee348"},"content":"                    TaskList.deleteTaskFromArray(str2);","lastModifiedDate":"2022-08-24"},{"lineNumber":53,"author":{"gitId":"zylee348"},"content":"                    break;","lastModifiedDate":"2022-08-23"},{"lineNumber":54,"author":{"gitId":"zylee348"},"content":"","lastModifiedDate":"2022-08-23"},{"lineNumber":55,"author":{"gitId":"zylee348"},"content":"                case \"deadline\":","lastModifiedDate":"2022-08-23"},{"lineNumber":56,"author":{"gitId":"zylee348"},"content":"                    TaskList.addTaskToArray(str2, Task.TYPE.DEADLINE);","lastModifiedDate":"2022-08-23"},{"lineNumber":57,"author":{"gitId":"zylee348"},"content":"                    break;","lastModifiedDate":"2022-08-23"},{"lineNumber":58,"author":{"gitId":"zylee348"},"content":"","lastModifiedDate":"2022-08-23"},{"lineNumber":59,"author":{"gitId":"zylee348"},"content":"                case \"todo\":","lastModifiedDate":"2022-08-23"},{"lineNumber":60,"author":{"gitId":"zylee348"},"content":"                    TaskList.addTaskToArray(str2, Task.TYPE.TODO);","lastModifiedDate":"2022-08-23"},{"lineNumber":61,"author":{"gitId":"zylee348"},"content":"                    break;","lastModifiedDate":"2022-08-23"},{"lineNumber":62,"author":{"gitId":"zylee348"},"content":"","lastModifiedDate":"2022-08-23"},{"lineNumber":63,"author":{"gitId":"zylee348"},"content":"                case \"event\":","lastModifiedDate":"2022-08-23"},{"lineNumber":64,"author":{"gitId":"zylee348"},"content":"                    TaskList.addTaskToArray(str2, Task.TYPE.EVENT);","lastModifiedDate":"2022-08-23"},{"lineNumber":65,"author":{"gitId":"zylee348"},"content":"                    break;","lastModifiedDate":"2022-08-23"},{"lineNumber":66,"author":{"gitId":"zylee348"},"content":"","lastModifiedDate":"2022-08-23"},{"lineNumber":67,"author":{"gitId":"zylee348"},"content":"                default:","lastModifiedDate":"2022-08-23"},{"lineNumber":68,"author":{"gitId":"zylee348"},"content":"                    throw new DukeException(\"☹ OOPS!!! I\u0027m sorry, but I don\u0027t know what that means :-(\");","lastModifiedDate":"2022-08-23"},{"lineNumber":69,"author":{"gitId":"zylee348"},"content":"","lastModifiedDate":"2022-08-23"},{"lineNumber":70,"author":{"gitId":"zylee348"},"content":"                }","lastModifiedDate":"2022-08-23"},{"lineNumber":71,"author":{"gitId":"zylee348"},"content":"                Storage.save(TaskList.getTaskList());","lastModifiedDate":"2022-08-23"},{"lineNumber":72,"author":{"gitId":"zylee348"},"content":"","lastModifiedDate":"2022-08-23"},{"lineNumber":73,"author":{"gitId":"zylee348"},"content":"            } catch (InputMismatchException e) {","lastModifiedDate":"2022-08-23"},{"lineNumber":74,"author":{"gitId":"zylee348"},"content":"                UI.getLINE();","lastModifiedDate":"2022-08-23"},{"lineNumber":75,"author":{"gitId":"zylee348"},"content":"                System.out.println(\"Invalid input\");","lastModifiedDate":"2022-08-23"},{"lineNumber":76,"author":{"gitId":"zylee348"},"content":"                UI.getLINE();","lastModifiedDate":"2022-08-23"},{"lineNumber":77,"author":{"gitId":"zylee348"},"content":"","lastModifiedDate":"2022-08-23"},{"lineNumber":78,"author":{"gitId":"zylee348"},"content":"            } catch (DukeException e) {","lastModifiedDate":"2022-08-23"},{"lineNumber":79,"author":{"gitId":"zylee348"},"content":"                UI.getLINE();","lastModifiedDate":"2022-08-23"},{"lineNumber":80,"author":{"gitId":"zylee348"},"content":"                System.out.println(e);","lastModifiedDate":"2022-08-23"},{"lineNumber":81,"author":{"gitId":"zylee348"},"content":"                UI.getLINE();","lastModifiedDate":"2022-08-23"},{"lineNumber":82,"author":{"gitId":"zylee348"},"content":"","lastModifiedDate":"2022-08-23"},{"lineNumber":83,"author":{"gitId":"zylee348"},"content":"            } catch (IOException e) {","lastModifiedDate":"2022-08-23"},{"lineNumber":84,"author":{"gitId":"zylee348"},"content":"                System.out.println(e.getMessage());","lastModifiedDate":"2022-08-23"},{"lineNumber":85,"author":{"gitId":"zylee348"},"content":"            }","lastModifiedDate":"2022-08-23"},{"lineNumber":86,"author":{"gitId":"zylee348"},"content":"        }","lastModifiedDate":"2022-08-23"},{"lineNumber":87,"author":{"gitId":"zylee348"},"content":"    }","lastModifiedDate":"2022-08-23"},{"lineNumber":88,"author":{"gitId":"zylee348"},"content":"}","lastModifiedDate":"2022-08-23"}],"authorContributionMap":{"zylee348":88}},{"path":"src/main/java/duke/Storage.java","fileType":"java","lines":[{"lineNumber":1,"author":{"gitId":"zylee348"},"content":"package duke;","lastModifiedDate":"2022-08-23"},{"lineNumber":2,"author":{"gitId":"zylee348"},"content":"","lastModifiedDate":"2022-08-23"},{"lineNumber":3,"author":{"gitId":"zylee348"},"content":"import java.io.File;","lastModifiedDate":"2022-08-23"},{"lineNumber":4,"author":{"gitId":"zylee348"},"content":"import java.io.FileNotFoundException;","lastModifiedDate":"2022-08-23"},{"lineNumber":5,"author":{"gitId":"zylee348"},"content":"import java.io.FileWriter;","lastModifiedDate":"2022-08-23"},{"lineNumber":6,"author":{"gitId":"zylee348"},"content":"import java.io.IOException;","lastModifiedDate":"2022-08-23"},{"lineNumber":7,"author":{"gitId":"zylee348"},"content":"import java.time.LocalDateTime;","lastModifiedDate":"2022-08-23"},{"lineNumber":8,"author":{"gitId":"zylee348"},"content":"import java.time.format.DateTimeParseException;","lastModifiedDate":"2022-08-23"},{"lineNumber":9,"author":{"gitId":"zylee348"},"content":"import java.util.ArrayList;","lastModifiedDate":"2022-08-23"},{"lineNumber":10,"author":{"gitId":"zylee348"},"content":"import java.util.Scanner;","lastModifiedDate":"2022-08-23"},{"lineNumber":11,"author":{"gitId":"zylee348"},"content":"","lastModifiedDate":"2022-08-23"},{"lineNumber":12,"author":{"gitId":"zylee348"},"content":"public class Storage {","lastModifiedDate":"2022-08-23"},{"lineNumber":13,"author":{"gitId":"zylee348"},"content":"","lastModifiedDate":"2022-08-23"},{"lineNumber":14,"author":{"gitId":"zylee348"},"content":"    public static void save(ArrayList\u003cTask\u003e taskArrayList) {","lastModifiedDate":"2022-08-23"},{"lineNumber":15,"author":{"gitId":"zylee348"},"content":"        try {","lastModifiedDate":"2022-08-23"},{"lineNumber":16,"author":{"gitId":"zylee348"},"content":"            File file \u003d new File(\"data/duke.txt\");","lastModifiedDate":"2022-08-23"},{"lineNumber":17,"author":{"gitId":"zylee348"},"content":"            File directory \u003d new File(\"data\");","lastModifiedDate":"2022-08-23"},{"lineNumber":18,"author":{"gitId":"zylee348"},"content":"","lastModifiedDate":"2022-08-23"},{"lineNumber":19,"author":{"gitId":"zylee348"},"content":"            if (!directory.exists()) {","lastModifiedDate":"2022-08-23"},{"lineNumber":20,"author":{"gitId":"zylee348"},"content":"                directory.mkdir();","lastModifiedDate":"2022-08-23"},{"lineNumber":21,"author":{"gitId":"zylee348"},"content":"            }","lastModifiedDate":"2022-08-23"},{"lineNumber":22,"author":{"gitId":"zylee348"},"content":"","lastModifiedDate":"2022-08-23"},{"lineNumber":23,"author":{"gitId":"zylee348"},"content":"            FileWriter myWriter \u003d new FileWriter(file);","lastModifiedDate":"2022-08-23"},{"lineNumber":24,"author":{"gitId":"zylee348"},"content":"            for (Task t: taskArrayList) {","lastModifiedDate":"2022-08-23"},{"lineNumber":25,"author":{"gitId":"zylee348"},"content":"                myWriter.write(t.toStringFileFormat() + System.lineSeparator());","lastModifiedDate":"2022-08-23"},{"lineNumber":26,"author":{"gitId":"zylee348"},"content":"            }","lastModifiedDate":"2022-08-23"},{"lineNumber":27,"author":{"gitId":"zylee348"},"content":"            myWriter.close();","lastModifiedDate":"2022-08-23"},{"lineNumber":28,"author":{"gitId":"zylee348"},"content":"        } catch (IOException e) {","lastModifiedDate":"2022-08-23"},{"lineNumber":29,"author":{"gitId":"zylee348"},"content":"            throw new DukeException(\"Save issue.\");","lastModifiedDate":"2022-08-23"},{"lineNumber":30,"author":{"gitId":"zylee348"},"content":"        }","lastModifiedDate":"2022-08-23"},{"lineNumber":31,"author":{"gitId":"zylee348"},"content":"    }","lastModifiedDate":"2022-08-23"},{"lineNumber":32,"author":{"gitId":"zylee348"},"content":"    public static ArrayList\u003cTask\u003e loadTask() throws IOException {","lastModifiedDate":"2022-08-23"},{"lineNumber":33,"author":{"gitId":"zylee348"},"content":"        ArrayList\u003cTask\u003e taskArrayList \u003d new ArrayList\u003c\u003e();","lastModifiedDate":"2022-08-23"},{"lineNumber":34,"author":{"gitId":"zylee348"},"content":"        try {","lastModifiedDate":"2022-08-23"},{"lineNumber":35,"author":{"gitId":"zylee348"},"content":"            File taskFile \u003d new File(\"data/duke.txt\");","lastModifiedDate":"2022-08-23"},{"lineNumber":36,"author":{"gitId":"zylee348"},"content":"            Scanner sc \u003d new Scanner(taskFile);","lastModifiedDate":"2022-08-23"},{"lineNumber":37,"author":{"gitId":"zylee348"},"content":"","lastModifiedDate":"2022-08-23"},{"lineNumber":38,"author":{"gitId":"zylee348"},"content":"            while (sc.hasNext()) {","lastModifiedDate":"2022-08-23"},{"lineNumber":39,"author":{"gitId":"zylee348"},"content":"                String taskString \u003d sc.nextLine();","lastModifiedDate":"2022-08-23"},{"lineNumber":40,"author":{"gitId":"zylee348"},"content":"                String[] taskStringInArray \u003d taskString.split(\" \\\\| \");","lastModifiedDate":"2022-08-23"},{"lineNumber":41,"author":{"gitId":"zylee348"},"content":"                String taskType \u003d taskStringInArray[0];","lastModifiedDate":"2022-08-23"},{"lineNumber":42,"author":{"gitId":"zylee348"},"content":"                if (taskStringInArray.length \u003e 1) {","lastModifiedDate":"2022-08-23"},{"lineNumber":43,"author":{"gitId":"zylee348"},"content":"                    boolean isDone \u003d taskStringInArray[1].equals(\"1\");","lastModifiedDate":"2022-08-23"},{"lineNumber":44,"author":{"gitId":"zylee348"},"content":"                    String taskDesription \u003d taskStringInArray[2];","lastModifiedDate":"2022-08-23"},{"lineNumber":45,"author":{"gitId":"zylee348"},"content":"                    Task t;","lastModifiedDate":"2022-08-23"},{"lineNumber":46,"author":{"gitId":"zylee348"},"content":"","lastModifiedDate":"2022-08-23"},{"lineNumber":47,"author":{"gitId":"zylee348"},"content":"                    switch (taskType) {","lastModifiedDate":"2022-08-23"},{"lineNumber":48,"author":{"gitId":"zylee348"},"content":"                    case \"T\":","lastModifiedDate":"2022-08-23"},{"lineNumber":49,"author":{"gitId":"zylee348"},"content":"                        t \u003d new Todo(taskDesription);","lastModifiedDate":"2022-08-23"},{"lineNumber":50,"author":{"gitId":"zylee348"},"content":"                        break;","lastModifiedDate":"2022-08-23"},{"lineNumber":51,"author":{"gitId":"zylee348"},"content":"","lastModifiedDate":"2022-08-23"},{"lineNumber":52,"author":{"gitId":"zylee348"},"content":"                    case \"D\":","lastModifiedDate":"2022-08-23"},{"lineNumber":53,"author":{"gitId":"zylee348"},"content":"                        if (taskStringInArray.length \u003c 3) {","lastModifiedDate":"2022-08-23"},{"lineNumber":54,"author":{"gitId":"zylee348"},"content":"                            throw new DukeException(\"Deadline required.\");","lastModifiedDate":"2022-08-23"},{"lineNumber":55,"author":{"gitId":"zylee348"},"content":"                        }","lastModifiedDate":"2022-08-23"},{"lineNumber":56,"author":{"gitId":"zylee348"},"content":"                        String deadline \u003d taskStringInArray[3];","lastModifiedDate":"2022-08-23"},{"lineNumber":57,"author":{"gitId":"zylee348"},"content":"                        LocalDateTime deadlineDate \u003d LocalDateTime.parse(deadline);","lastModifiedDate":"2022-08-23"},{"lineNumber":58,"author":{"gitId":"zylee348"},"content":"                        t \u003d new Deadline(taskDesription, deadlineDate);","lastModifiedDate":"2022-08-23"},{"lineNumber":59,"author":{"gitId":"zylee348"},"content":"                        break;","lastModifiedDate":"2022-08-23"},{"lineNumber":60,"author":{"gitId":"zylee348"},"content":"","lastModifiedDate":"2022-08-23"},{"lineNumber":61,"author":{"gitId":"zylee348"},"content":"                    case \"E\":","lastModifiedDate":"2022-08-23"},{"lineNumber":62,"author":{"gitId":"zylee348"},"content":"                        if (taskStringInArray.length \u003c 3) {","lastModifiedDate":"2022-08-23"},{"lineNumber":63,"author":{"gitId":"zylee348"},"content":"                            throw new DukeException(\"Event time required.\");","lastModifiedDate":"2022-08-23"},{"lineNumber":64,"author":{"gitId":"zylee348"},"content":"                        }","lastModifiedDate":"2022-08-23"},{"lineNumber":65,"author":{"gitId":"zylee348"},"content":"                        String eventTime \u003d taskStringInArray[3];","lastModifiedDate":"2022-08-23"},{"lineNumber":66,"author":{"gitId":"zylee348"},"content":"                        LocalDateTime eventTimeInDate \u003d LocalDateTime.parse(eventTime);","lastModifiedDate":"2022-08-23"},{"lineNumber":67,"author":{"gitId":"zylee348"},"content":"                        t \u003d new Event(taskDesription, eventTimeInDate);","lastModifiedDate":"2022-08-23"},{"lineNumber":68,"author":{"gitId":"zylee348"},"content":"                        break;","lastModifiedDate":"2022-08-23"},{"lineNumber":69,"author":{"gitId":"zylee348"},"content":"                    default:","lastModifiedDate":"2022-08-23"},{"lineNumber":70,"author":{"gitId":"zylee348"},"content":"                        throw new DukeException(\"File error.\");","lastModifiedDate":"2022-08-23"},{"lineNumber":71,"author":{"gitId":"zylee348"},"content":"                    }","lastModifiedDate":"2022-08-23"},{"lineNumber":72,"author":{"gitId":"zylee348"},"content":"","lastModifiedDate":"2022-08-23"},{"lineNumber":73,"author":{"gitId":"zylee348"},"content":"","lastModifiedDate":"2022-08-23"},{"lineNumber":74,"author":{"gitId":"zylee348"},"content":"                    if (isDone) {","lastModifiedDate":"2022-08-23"},{"lineNumber":75,"author":{"gitId":"zylee348"},"content":"                        t.markAsDone();","lastModifiedDate":"2022-08-23"},{"lineNumber":76,"author":{"gitId":"zylee348"},"content":"                    }","lastModifiedDate":"2022-08-23"},{"lineNumber":77,"author":{"gitId":"zylee348"},"content":"","lastModifiedDate":"2022-08-23"},{"lineNumber":78,"author":{"gitId":"zylee348"},"content":"                    taskArrayList.add(t);","lastModifiedDate":"2022-08-23"},{"lineNumber":79,"author":{"gitId":"zylee348"},"content":"                }","lastModifiedDate":"2022-08-23"},{"lineNumber":80,"author":{"gitId":"zylee348"},"content":"            }","lastModifiedDate":"2022-08-23"},{"lineNumber":81,"author":{"gitId":"zylee348"},"content":"        } catch (FileNotFoundException e) {","lastModifiedDate":"2022-08-23"},{"lineNumber":82,"author":{"gitId":"zylee348"},"content":"            System.out.println(\"No file found, add tasks to create new file.\");","lastModifiedDate":"2022-08-23"},{"lineNumber":83,"author":{"gitId":"zylee348"},"content":"        } catch (DateTimeParseException e) {","lastModifiedDate":"2022-08-23"},{"lineNumber":84,"author":{"gitId":"zylee348"},"content":"            System.out.println(\"Check date format.\");","lastModifiedDate":"2022-08-23"},{"lineNumber":85,"author":{"gitId":"zylee348"},"content":"        }","lastModifiedDate":"2022-08-23"},{"lineNumber":86,"author":{"gitId":"zylee348"},"content":"        return taskArrayList;","lastModifiedDate":"2022-08-23"},{"lineNumber":87,"author":{"gitId":"zylee348"},"content":"    }","lastModifiedDate":"2022-08-23"},{"lineNumber":88,"author":{"gitId":"zylee348"},"content":"","lastModifiedDate":"2022-08-23"},{"lineNumber":89,"author":{"gitId":"zylee348"},"content":"}","lastModifiedDate":"2022-08-23"}],"authorContributionMap":{"zylee348":89}},{"path":"src/main/java/duke/Task.java","fileType":"java","lines":[{"lineNumber":1,"author":{"gitId":"zylee348"},"content":"package duke;","lastModifiedDate":"2022-08-23"},{"lineNumber":2,"author":{"gitId":"zylee348"},"content":"","lastModifiedDate":"2022-08-23"},{"lineNumber":3,"author":{"gitId":"zylee348"},"content":"","lastModifiedDate":"2022-08-23"},{"lineNumber":4,"author":{"gitId":"zylee348"},"content":"public class Task {","lastModifiedDate":"2022-08-15"},{"lineNumber":5,"author":{"gitId":"zylee348"},"content":"    protected String description;","lastModifiedDate":"2022-08-15"},{"lineNumber":6,"author":{"gitId":"zylee348"},"content":"    protected boolean isDone;","lastModifiedDate":"2022-08-15"},{"lineNumber":7,"author":{"gitId":"zylee348"},"content":"    protected enum TYPE{ DEADLINE, TODO, EVENT }","lastModifiedDate":"2022-08-18"},{"lineNumber":8,"author":{"gitId":"zylee348"},"content":"","lastModifiedDate":"2022-08-15"},{"lineNumber":9,"author":{"gitId":"zylee348"},"content":"    public Task(String description) {","lastModifiedDate":"2022-08-15"},{"lineNumber":10,"author":{"gitId":"zylee348"},"content":"        this.description \u003d description;","lastModifiedDate":"2022-08-15"},{"lineNumber":11,"author":{"gitId":"zylee348"},"content":"        this.isDone \u003d false;","lastModifiedDate":"2022-08-15"},{"lineNumber":12,"author":{"gitId":"zylee348"},"content":"    }","lastModifiedDate":"2022-08-15"},{"lineNumber":13,"author":{"gitId":"zylee348"},"content":"","lastModifiedDate":"2022-08-15"},{"lineNumber":14,"author":{"gitId":"zylee348"},"content":"    public String getStatusIcon() {","lastModifiedDate":"2022-08-15"},{"lineNumber":15,"author":{"gitId":"zylee348"},"content":"        return (isDone ? \"X\" : \" \"); // mark done task with X","lastModifiedDate":"2022-08-15"},{"lineNumber":16,"author":{"gitId":"zylee348"},"content":"    }","lastModifiedDate":"2022-08-15"},{"lineNumber":17,"author":{"gitId":"zylee348"},"content":"","lastModifiedDate":"2022-08-15"},{"lineNumber":18,"author":{"gitId":"zylee348"},"content":"    public void markAsDone() {","lastModifiedDate":"2022-08-15"},{"lineNumber":19,"author":{"gitId":"zylee348"},"content":"        this.isDone \u003d true;","lastModifiedDate":"2022-08-15"},{"lineNumber":20,"author":{"gitId":"zylee348"},"content":"    }","lastModifiedDate":"2022-08-15"},{"lineNumber":21,"author":{"gitId":"zylee348"},"content":"","lastModifiedDate":"2022-08-15"},{"lineNumber":22,"author":{"gitId":"zylee348"},"content":"    public void markAsUndone() {","lastModifiedDate":"2022-08-18"},{"lineNumber":23,"author":{"gitId":"zylee348"},"content":"        this.isDone \u003d false;","lastModifiedDate":"2022-08-18"},{"lineNumber":24,"author":{"gitId":"zylee348"},"content":"    }","lastModifiedDate":"2022-08-18"},{"lineNumber":25,"author":{"gitId":"zylee348"},"content":"","lastModifiedDate":"2022-08-18"},{"lineNumber":26,"author":{"gitId":"zylee348"},"content":"    public String toStringFileFormat() {","lastModifiedDate":"2022-08-22"},{"lineNumber":27,"author":{"gitId":"zylee348"},"content":"        return (isDone ? 1 : 0 ) + \" | \" + this.description;","lastModifiedDate":"2022-08-22"},{"lineNumber":28,"author":{"gitId":"zylee348"},"content":"    }","lastModifiedDate":"2022-08-22"},{"lineNumber":29,"author":{"gitId":"zylee348"},"content":"","lastModifiedDate":"2022-08-22"},{"lineNumber":30,"author":{"gitId":"zylee348"},"content":"    @Override","lastModifiedDate":"2022-08-15"},{"lineNumber":31,"author":{"gitId":"zylee348"},"content":"    public String toString() {","lastModifiedDate":"2022-08-15"},{"lineNumber":32,"author":{"gitId":"zylee348"},"content":"        return \"[\" + this.getStatusIcon() + \"] \" + this.description;","lastModifiedDate":"2022-08-18"},{"lineNumber":33,"author":{"gitId":"zylee348"},"content":"    }","lastModifiedDate":"2022-08-15"},{"lineNumber":34,"author":{"gitId":"zylee348"},"content":"}","lastModifiedDate":"2022-08-15"}],"authorContributionMap":{"zylee348":34}},{"path":"src/main/java/duke/TaskList.java","fileType":"java","lines":[{"lineNumber":1,"author":{"gitId":"zylee348"},"content":"package duke;","lastModifiedDate":"2022-08-23"},{"lineNumber":2,"author":{"gitId":"zylee348"},"content":"","lastModifiedDate":"2022-08-23"},{"lineNumber":3,"author":{"gitId":"zylee348"},"content":"import java.time.LocalDateTime;","lastModifiedDate":"2022-08-23"},{"lineNumber":4,"author":{"gitId":"zylee348"},"content":"import java.time.format.DateTimeFormatter;","lastModifiedDate":"2022-08-23"},{"lineNumber":5,"author":{"gitId":"zylee348"},"content":"import java.time.format.DateTimeParseException;","lastModifiedDate":"2022-08-23"},{"lineNumber":6,"author":{"gitId":"zylee348"},"content":"import java.util.ArrayList;","lastModifiedDate":"2022-08-23"},{"lineNumber":7,"author":{"gitId":"zylee348"},"content":"","lastModifiedDate":"2022-08-23"},{"lineNumber":8,"author":{"gitId":"zylee348"},"content":"public class TaskList {","lastModifiedDate":"2022-08-23"},{"lineNumber":9,"author":{"gitId":"zylee348"},"content":"    private static ArrayList\u003cTask\u003e taskList;","lastModifiedDate":"2022-08-23"},{"lineNumber":10,"author":{"gitId":"zylee348"},"content":"","lastModifiedDate":"2022-08-23"},{"lineNumber":11,"author":{"gitId":"zylee348"},"content":"    public TaskList(ArrayList\u003cTask\u003e taskList) throws DukeException {","lastModifiedDate":"2022-08-23"},{"lineNumber":12,"author":{"gitId":"zylee348"},"content":"        try {","lastModifiedDate":"2022-08-23"},{"lineNumber":13,"author":{"gitId":"zylee348"},"content":"            this.taskList \u003d taskList;","lastModifiedDate":"2022-08-23"},{"lineNumber":14,"author":{"gitId":"zylee348"},"content":"        } catch (Exception e) {","lastModifiedDate":"2022-08-23"},{"lineNumber":15,"author":{"gitId":"zylee348"},"content":"            throw new DukeException(e.getMessage());","lastModifiedDate":"2022-08-23"},{"lineNumber":16,"author":{"gitId":"zylee348"},"content":"        }","lastModifiedDate":"2022-08-23"},{"lineNumber":17,"author":{"gitId":"zylee348"},"content":"    }","lastModifiedDate":"2022-08-23"},{"lineNumber":18,"author":{"gitId":"zylee348"},"content":"","lastModifiedDate":"2022-08-23"},{"lineNumber":19,"author":{"gitId":"zylee348"},"content":"    public static ArrayList\u003cTask\u003e getTaskList() {","lastModifiedDate":"2022-08-23"},{"lineNumber":20,"author":{"gitId":"zylee348"},"content":"        return taskList;","lastModifiedDate":"2022-08-23"},{"lineNumber":21,"author":{"gitId":"zylee348"},"content":"    }","lastModifiedDate":"2022-08-23"},{"lineNumber":22,"author":{"gitId":"zylee348"},"content":"","lastModifiedDate":"2022-08-23"},{"lineNumber":23,"author":{"gitId":"zylee348"},"content":"    public static void addTaskToArray(String s, Task.TYPE type) {","lastModifiedDate":"2022-08-23"},{"lineNumber":24,"author":{"gitId":"zylee348"},"content":"        Task t;","lastModifiedDate":"2022-08-23"},{"lineNumber":25,"author":{"gitId":"zylee348"},"content":"        DateTimeFormatter formatter \u003d DateTimeFormatter.ofPattern(\"yyyy-MM-dd HH:mm\");","lastModifiedDate":"2022-08-23"},{"lineNumber":26,"author":{"gitId":"zylee348"},"content":"        try {","lastModifiedDate":"2022-08-23"},{"lineNumber":27,"author":{"gitId":"zylee348"},"content":"            switch (type) {","lastModifiedDate":"2022-08-23"},{"lineNumber":28,"author":{"gitId":"zylee348"},"content":"            case DEADLINE:","lastModifiedDate":"2022-08-23"},{"lineNumber":29,"author":{"gitId":"zylee348"},"content":"                if (s.length() \u003c 1) {","lastModifiedDate":"2022-08-23"},{"lineNumber":30,"author":{"gitId":"zylee348"},"content":"                    throw new DukeException(\"☹ OOPS!!! The description of a deadline cannot be empty.\");","lastModifiedDate":"2022-08-23"},{"lineNumber":31,"author":{"gitId":"zylee348"},"content":"                }","lastModifiedDate":"2022-08-23"},{"lineNumber":32,"author":{"gitId":"zylee348"},"content":"                String[] splitStringDL \u003d s.split(\" /by \");","lastModifiedDate":"2022-08-23"},{"lineNumber":33,"author":{"gitId":"zylee348"},"content":"                if (splitStringDL.length \u003c 2) {","lastModifiedDate":"2022-08-23"},{"lineNumber":34,"author":{"gitId":"zylee348"},"content":"                    throw new DukeException(\"☹ Deadline requires a BY time typed correctly.\");","lastModifiedDate":"2022-08-23"},{"lineNumber":35,"author":{"gitId":"zylee348"},"content":"                }","lastModifiedDate":"2022-08-23"},{"lineNumber":36,"author":{"gitId":"zylee348"},"content":"                String taskStringDL \u003d splitStringDL[0];","lastModifiedDate":"2022-08-23"},{"lineNumber":37,"author":{"gitId":"zylee348"},"content":"                String by \u003d splitStringDL[1];","lastModifiedDate":"2022-08-23"},{"lineNumber":38,"author":{"gitId":"zylee348"},"content":"                //for date only","lastModifiedDate":"2022-08-23"},{"lineNumber":39,"author":{"gitId":"zylee348"},"content":"                String[] dateDeadlineOnly \u003d by.split(\" \");","lastModifiedDate":"2022-08-23"},{"lineNumber":40,"author":{"gitId":"zylee348"},"content":"                if (dateDeadlineOnly.length \u003d\u003d 1) {","lastModifiedDate":"2022-08-23"},{"lineNumber":41,"author":{"gitId":"zylee348"},"content":"                    throw new DukeException(\"Time required!\");","lastModifiedDate":"2022-08-23"},{"lineNumber":42,"author":{"gitId":"zylee348"},"content":"                } else {","lastModifiedDate":"2022-08-23"},{"lineNumber":43,"author":{"gitId":"zylee348"},"content":"                    LocalDateTime dateBy \u003d LocalDateTime.parse(by, formatter);","lastModifiedDate":"2022-08-23"},{"lineNumber":44,"author":{"gitId":"zylee348"},"content":"                    t \u003d new Deadline(taskStringDL, dateBy);","lastModifiedDate":"2022-08-23"},{"lineNumber":45,"author":{"gitId":"zylee348"},"content":"                    break;","lastModifiedDate":"2022-08-23"},{"lineNumber":46,"author":{"gitId":"zylee348"},"content":"                }","lastModifiedDate":"2022-08-23"},{"lineNumber":47,"author":{"gitId":"zylee348"},"content":"","lastModifiedDate":"2022-08-23"},{"lineNumber":48,"author":{"gitId":"zylee348"},"content":"            case TODO:","lastModifiedDate":"2022-08-23"},{"lineNumber":49,"author":{"gitId":"zylee348"},"content":"                if (s.length() \u003c 1) {","lastModifiedDate":"2022-08-23"},{"lineNumber":50,"author":{"gitId":"zylee348"},"content":"                    throw new DukeException(\"☹ OOPS!!! The description of a todo cannot be empty.\");","lastModifiedDate":"2022-08-23"},{"lineNumber":51,"author":{"gitId":"zylee348"},"content":"                }","lastModifiedDate":"2022-08-23"},{"lineNumber":52,"author":{"gitId":"zylee348"},"content":"                t \u003d new Todo(s);","lastModifiedDate":"2022-08-23"},{"lineNumber":53,"author":{"gitId":"zylee348"},"content":"                break;","lastModifiedDate":"2022-08-23"},{"lineNumber":54,"author":{"gitId":"zylee348"},"content":"","lastModifiedDate":"2022-08-23"},{"lineNumber":55,"author":{"gitId":"zylee348"},"content":"            case EVENT:","lastModifiedDate":"2022-08-23"},{"lineNumber":56,"author":{"gitId":"zylee348"},"content":"                if (s.length() \u003c 1) {","lastModifiedDate":"2022-08-23"},{"lineNumber":57,"author":{"gitId":"zylee348"},"content":"                    throw new DukeException(\"☹ OOPS!!! The description of an event cannot be empty.\");","lastModifiedDate":"2022-08-23"},{"lineNumber":58,"author":{"gitId":"zylee348"},"content":"                }","lastModifiedDate":"2022-08-23"},{"lineNumber":59,"author":{"gitId":"zylee348"},"content":"                String[] splitStringTD \u003d s.split(\" /at \");","lastModifiedDate":"2022-08-23"},{"lineNumber":60,"author":{"gitId":"zylee348"},"content":"","lastModifiedDate":"2022-08-23"},{"lineNumber":61,"author":{"gitId":"zylee348"},"content":"                if (splitStringTD.length \u003c 2) {","lastModifiedDate":"2022-08-23"},{"lineNumber":62,"author":{"gitId":"zylee348"},"content":"                    System.out.println(splitStringTD.length);","lastModifiedDate":"2022-08-23"},{"lineNumber":63,"author":{"gitId":"zylee348"},"content":"                    throw new DukeException(\"☹ Event requires an AT time typed correctly.\");","lastModifiedDate":"2022-08-23"},{"lineNumber":64,"author":{"gitId":"zylee348"},"content":"                }","lastModifiedDate":"2022-08-23"},{"lineNumber":65,"author":{"gitId":"zylee348"},"content":"                String taskStringTD \u003d splitStringTD[0];","lastModifiedDate":"2022-08-23"},{"lineNumber":66,"author":{"gitId":"zylee348"},"content":"                String at \u003d splitStringTD[1];","lastModifiedDate":"2022-08-23"},{"lineNumber":67,"author":{"gitId":"zylee348"},"content":"                String[] dateEventOnly \u003d at.split(\" \");","lastModifiedDate":"2022-08-23"},{"lineNumber":68,"author":{"gitId":"zylee348"},"content":"                if (dateEventOnly.length \u003d\u003d 1) {","lastModifiedDate":"2022-08-23"},{"lineNumber":69,"author":{"gitId":"zylee348"},"content":"                    throw new DukeException(\"Time required!\");","lastModifiedDate":"2022-08-23"},{"lineNumber":70,"author":{"gitId":"zylee348"},"content":"                } else {","lastModifiedDate":"2022-08-23"},{"lineNumber":71,"author":{"gitId":"zylee348"},"content":"                    LocalDateTime dateAt \u003d LocalDateTime.parse(at, formatter);","lastModifiedDate":"2022-08-23"},{"lineNumber":72,"author":{"gitId":"zylee348"},"content":"                    t \u003d new Event(taskStringTD, dateAt);","lastModifiedDate":"2022-08-23"},{"lineNumber":73,"author":{"gitId":"zylee348"},"content":"                    break;","lastModifiedDate":"2022-08-23"},{"lineNumber":74,"author":{"gitId":"zylee348"},"content":"                }","lastModifiedDate":"2022-08-23"},{"lineNumber":75,"author":{"gitId":"zylee348"},"content":"","lastModifiedDate":"2022-08-23"},{"lineNumber":76,"author":{"gitId":"zylee348"},"content":"            default:","lastModifiedDate":"2022-08-23"},{"lineNumber":77,"author":{"gitId":"zylee348"},"content":"                throw new DukeException(\"☹ OOPS!!! I\u0027m sorry, but I don\u0027t know what that means :-(\");","lastModifiedDate":"2022-08-23"},{"lineNumber":78,"author":{"gitId":"zylee348"},"content":"            }","lastModifiedDate":"2022-08-23"},{"lineNumber":79,"author":{"gitId":"zylee348"},"content":"            taskList.add(t);","lastModifiedDate":"2022-08-23"},{"lineNumber":80,"author":{"gitId":"zylee348"},"content":"            UI.printAddition(t);","lastModifiedDate":"2022-08-23"},{"lineNumber":81,"author":{"gitId":"zylee348"},"content":"        } catch (DateTimeParseException e) {","lastModifiedDate":"2022-08-23"},{"lineNumber":82,"author":{"gitId":"zylee348"},"content":"            throw new DukeException(\"Date/Time not in correct format!\");","lastModifiedDate":"2022-08-23"},{"lineNumber":83,"author":{"gitId":"zylee348"},"content":"        }","lastModifiedDate":"2022-08-23"},{"lineNumber":84,"author":{"gitId":"zylee348"},"content":"    }","lastModifiedDate":"2022-08-23"},{"lineNumber":85,"author":{"gitId":"zylee348"},"content":"","lastModifiedDate":"2022-08-23"},{"lineNumber":86,"author":{"gitId":"zylee348"},"content":"    public static int taskListLength() {","lastModifiedDate":"2022-08-23"},{"lineNumber":87,"author":{"gitId":"zylee348"},"content":"        return taskList.size();","lastModifiedDate":"2022-08-23"},{"lineNumber":88,"author":{"gitId":"zylee348"},"content":"    }","lastModifiedDate":"2022-08-23"},{"lineNumber":89,"author":{"gitId":"zylee348"},"content":"","lastModifiedDate":"2022-08-23"},{"lineNumber":90,"author":{"gitId":"zylee348"},"content":"    public static void deleteTaskFromArray(String taskNumber) {","lastModifiedDate":"2022-08-24"},{"lineNumber":91,"author":{"gitId":"zylee348"},"content":"        String numberToRemove \u003d taskNumber.replaceAll(\"[^0-9]\", \"\");","lastModifiedDate":"2022-08-23"},{"lineNumber":92,"author":{"gitId":"zylee348"},"content":"        int numberToRemoveInt \u003d Integer.parseInt(numberToRemove) - 1;","lastModifiedDate":"2022-08-23"},{"lineNumber":93,"author":{"gitId":"zylee348"},"content":"        Task t \u003d taskList.get(numberToRemoveInt);","lastModifiedDate":"2022-08-23"},{"lineNumber":94,"author":{"gitId":"zylee348"},"content":"        taskList.remove(numberToRemoveInt);","lastModifiedDate":"2022-08-23"},{"lineNumber":95,"author":{"gitId":"zylee348"},"content":"        UI.getLINE();","lastModifiedDate":"2022-08-23"},{"lineNumber":96,"author":{"gitId":"zylee348"},"content":"        System.out.println(\"Noted. I\u0027ve removed this task:\\n \" + \" \" + t.toString() +","lastModifiedDate":"2022-08-23"},{"lineNumber":97,"author":{"gitId":"zylee348"},"content":"                \"\\nNow you have \" + taskListLength() + \" tasks in the list.\");","lastModifiedDate":"2022-08-23"},{"lineNumber":98,"author":{"gitId":"zylee348"},"content":"        UI.getLINE();","lastModifiedDate":"2022-08-23"},{"lineNumber":99,"author":{"gitId":"zylee348"},"content":"    }","lastModifiedDate":"2022-08-23"},{"lineNumber":100,"author":{"gitId":"zylee348"},"content":"","lastModifiedDate":"2022-08-23"},{"lineNumber":101,"author":{"gitId":"zylee348"},"content":"    //method to mark as done","lastModifiedDate":"2022-08-23"},{"lineNumber":102,"author":{"gitId":"zylee348"},"content":"    public static void markAsDone(String removeTaskNumberString) {","lastModifiedDate":"2022-08-23"},{"lineNumber":103,"author":{"gitId":"zylee348"},"content":"        String numberToRemove \u003d removeTaskNumberString.replaceAll(\"[^0-9]\", \"\");","lastModifiedDate":"2022-08-23"},{"lineNumber":104,"author":{"gitId":"zylee348"},"content":"        int numberToRemoveInt \u003d Integer.parseInt(numberToRemove) - 1;","lastModifiedDate":"2022-08-23"},{"lineNumber":105,"author":{"gitId":"zylee348"},"content":"        if (numberToRemoveInt \u003d\u003d taskListLength()) {","lastModifiedDate":"2022-08-23"},{"lineNumber":106,"author":{"gitId":"zylee348"},"content":"            throw new DukeException(\"Number larger than current list.\");","lastModifiedDate":"2022-08-23"},{"lineNumber":107,"author":{"gitId":"zylee348"},"content":"        }","lastModifiedDate":"2022-08-23"},{"lineNumber":108,"author":{"gitId":"zylee348"},"content":"        Task tsk \u003d taskList.get(numberToRemoveInt);","lastModifiedDate":"2022-08-23"},{"lineNumber":109,"author":{"gitId":"zylee348"},"content":"        tsk.markAsDone();","lastModifiedDate":"2022-08-23"},{"lineNumber":110,"author":{"gitId":"zylee348"},"content":"        UI.markAsDoneUI(tsk);","lastModifiedDate":"2022-08-23"},{"lineNumber":111,"author":{"gitId":"zylee348"},"content":"    }","lastModifiedDate":"2022-08-23"},{"lineNumber":112,"author":{"gitId":"zylee348"},"content":"","lastModifiedDate":"2022-08-23"},{"lineNumber":113,"author":{"gitId":"zylee348"},"content":"    public static void markAsUndone(String addTaskNumberString) {","lastModifiedDate":"2022-08-23"},{"lineNumber":114,"author":{"gitId":"zylee348"},"content":"        String numberToAddAgain \u003d addTaskNumberString.replaceAll(\"[^0-9]\", \"\");","lastModifiedDate":"2022-08-23"},{"lineNumber":115,"author":{"gitId":"zylee348"},"content":"        int numberToRemoveInt \u003d Integer.parseInt(numberToAddAgain) - 1;","lastModifiedDate":"2022-08-23"},{"lineNumber":116,"author":{"gitId":"zylee348"},"content":"        if (numberToRemoveInt \u003d\u003d taskListLength()) {","lastModifiedDate":"2022-08-23"},{"lineNumber":117,"author":{"gitId":"zylee348"},"content":"            throw new DukeException(\"Number larger than current list.\");","lastModifiedDate":"2022-08-23"},{"lineNumber":118,"author":{"gitId":"zylee348"},"content":"        }","lastModifiedDate":"2022-08-23"},{"lineNumber":119,"author":{"gitId":"zylee348"},"content":"        Task tsk \u003d taskList.get(numberToRemoveInt);","lastModifiedDate":"2022-08-23"},{"lineNumber":120,"author":{"gitId":"zylee348"},"content":"        tsk.markAsUndone();","lastModifiedDate":"2022-08-23"},{"lineNumber":121,"author":{"gitId":"zylee348"},"content":"        UI.markAsUndoneUI(tsk);","lastModifiedDate":"2022-08-23"},{"lineNumber":122,"author":{"gitId":"zylee348"},"content":"    }","lastModifiedDate":"2022-08-23"},{"lineNumber":123,"author":{"gitId":"zylee348"},"content":"","lastModifiedDate":"2022-08-23"},{"lineNumber":124,"author":{"gitId":"zylee348"},"content":"","lastModifiedDate":"2022-08-23"},{"lineNumber":125,"author":{"gitId":"zylee348"},"content":"}","lastModifiedDate":"2022-08-23"}],"authorContributionMap":{"zylee348":125}},{"path":"src/main/java/duke/Todo.java","fileType":"java","lines":[{"lineNumber":1,"author":{"gitId":"zylee348"},"content":"package duke;","lastModifiedDate":"2022-08-23"},{"lineNumber":2,"author":{"gitId":"zylee348"},"content":"","lastModifiedDate":"2022-08-23"},{"lineNumber":3,"author":{"gitId":"zylee348"},"content":"public class Todo extends Task {","lastModifiedDate":"2022-08-18"},{"lineNumber":4,"author":{"gitId":"zylee348"},"content":"","lastModifiedDate":"2022-08-18"},{"lineNumber":5,"author":{"gitId":"zylee348"},"content":"    protected String at;","lastModifiedDate":"2022-08-18"},{"lineNumber":6,"author":{"gitId":"zylee348"},"content":"","lastModifiedDate":"2022-08-18"},{"lineNumber":7,"author":{"gitId":"zylee348"},"content":"    public Todo(String description) {","lastModifiedDate":"2022-08-18"},{"lineNumber":8,"author":{"gitId":"zylee348"},"content":"        super(description);","lastModifiedDate":"2022-08-18"},{"lineNumber":9,"author":{"gitId":"zylee348"},"content":"    }","lastModifiedDate":"2022-08-18"},{"lineNumber":10,"author":{"gitId":"zylee348"},"content":"","lastModifiedDate":"2022-08-18"},{"lineNumber":11,"author":{"gitId":"zylee348"},"content":"    @Override","lastModifiedDate":"2022-08-22"},{"lineNumber":12,"author":{"gitId":"zylee348"},"content":"    public String toStringFileFormat() {","lastModifiedDate":"2022-08-22"},{"lineNumber":13,"author":{"gitId":"zylee348"},"content":"        return \"T | \" + super.toStringFileFormat();","lastModifiedDate":"2022-08-22"},{"lineNumber":14,"author":{"gitId":"zylee348"},"content":"    }","lastModifiedDate":"2022-08-22"},{"lineNumber":15,"author":{"gitId":"zylee348"},"content":"","lastModifiedDate":"2022-08-22"},{"lineNumber":16,"author":{"gitId":"zylee348"},"content":"    @Override","lastModifiedDate":"2022-08-18"},{"lineNumber":17,"author":{"gitId":"zylee348"},"content":"    public String toString() {","lastModifiedDate":"2022-08-18"},{"lineNumber":18,"author":{"gitId":"zylee348"},"content":"        return \"[T]\" + super.toString();","lastModifiedDate":"2022-08-18"},{"lineNumber":19,"author":{"gitId":"zylee348"},"content":"    }","lastModifiedDate":"2022-08-18"},{"lineNumber":20,"author":{"gitId":"zylee348"},"content":"}","lastModifiedDate":"2022-08-18"}],"authorContributionMap":{"zylee348":20}},{"path":"src/main/java/duke/UI.java","fileType":"java","lines":[{"lineNumber":1,"author":{"gitId":"zylee348"},"content":"package duke;","lastModifiedDate":"2022-08-23"},{"lineNumber":2,"author":{"gitId":"zylee348"},"content":"","lastModifiedDate":"2022-08-23"},{"lineNumber":3,"author":{"gitId":"zylee348"},"content":"import java.util.ArrayList;","lastModifiedDate":"2022-08-23"},{"lineNumber":4,"author":{"gitId":"zylee348"},"content":"","lastModifiedDate":"2022-08-23"},{"lineNumber":5,"author":{"gitId":"zylee348"},"content":"public class UI {","lastModifiedDate":"2022-08-23"},{"lineNumber":6,"author":{"gitId":"zylee348"},"content":"    private static final String LINE \u003d \"____________________________________________________________\";","lastModifiedDate":"2022-08-23"},{"lineNumber":7,"author":{"gitId":"zylee348"},"content":"","lastModifiedDate":"2022-08-23"},{"lineNumber":8,"author":{"gitId":"zylee348"},"content":"    private static final String LOGO \u003d \"Hello from\\n\" +","lastModifiedDate":"2022-08-23"},{"lineNumber":9,"author":{"gitId":"zylee348"},"content":"            \" ____        _        \\n\"","lastModifiedDate":"2022-08-23"},{"lineNumber":10,"author":{"gitId":"zylee348"},"content":"            + \"|  _ \\\\ _   _| | _____ \\n\"","lastModifiedDate":"2022-08-23"},{"lineNumber":11,"author":{"gitId":"zylee348"},"content":"            + \"| | | | | | | |/ / _ \\\\\\n\"","lastModifiedDate":"2022-08-23"},{"lineNumber":12,"author":{"gitId":"zylee348"},"content":"            + \"| |_| | |_| |   \u003c  __/\\n\"","lastModifiedDate":"2022-08-23"},{"lineNumber":13,"author":{"gitId":"zylee348"},"content":"            + \"|____/ \\\\__,_|_|\\\\_\\\\___|\\n\";","lastModifiedDate":"2022-08-23"},{"lineNumber":14,"author":{"gitId":"zylee348"},"content":"    private static final String MESSAGE_LOGO \u003d \"Hello from\\n\" + LOGO;","lastModifiedDate":"2022-08-23"},{"lineNumber":15,"author":{"gitId":"zylee348"},"content":"","lastModifiedDate":"2022-08-23"},{"lineNumber":16,"author":{"gitId":"zylee348"},"content":"    private static final String GREETING \u003d \"Hello! I\u0027m Duke\\n\" +","lastModifiedDate":"2022-08-23"},{"lineNumber":17,"author":{"gitId":"zylee348"},"content":"            \"What can I do for you?\";","lastModifiedDate":"2022-08-23"},{"lineNumber":18,"author":{"gitId":"zylee348"},"content":"","lastModifiedDate":"2022-08-23"},{"lineNumber":19,"author":{"gitId":"zylee348"},"content":"    private static final String GOODBYE_MESSAGE \u003d \"Bye, Hope to see you again soon!\";","lastModifiedDate":"2022-08-23"},{"lineNumber":20,"author":{"gitId":"zylee348"},"content":"","lastModifiedDate":"2022-08-23"},{"lineNumber":21,"author":{"gitId":"zylee348"},"content":"    public static void getLOGO() {","lastModifiedDate":"2022-08-23"},{"lineNumber":22,"author":{"gitId":"zylee348"},"content":"        System.out.println(LOGO);","lastModifiedDate":"2022-08-23"},{"lineNumber":23,"author":{"gitId":"zylee348"},"content":"    }","lastModifiedDate":"2022-08-23"},{"lineNumber":24,"author":{"gitId":"zylee348"},"content":"","lastModifiedDate":"2022-08-23"},{"lineNumber":25,"author":{"gitId":"zylee348"},"content":"    public static void getLINE() {","lastModifiedDate":"2022-08-23"},{"lineNumber":26,"author":{"gitId":"zylee348"},"content":"        System.out.println(LINE);","lastModifiedDate":"2022-08-23"},{"lineNumber":27,"author":{"gitId":"zylee348"},"content":"    }","lastModifiedDate":"2022-08-23"},{"lineNumber":28,"author":{"gitId":"zylee348"},"content":"","lastModifiedDate":"2022-08-23"},{"lineNumber":29,"author":{"gitId":"zylee348"},"content":"    public static void getGREETING() {","lastModifiedDate":"2022-08-23"},{"lineNumber":30,"author":{"gitId":"zylee348"},"content":"        System.out.println(GREETING);","lastModifiedDate":"2022-08-23"},{"lineNumber":31,"author":{"gitId":"zylee348"},"content":"    }","lastModifiedDate":"2022-08-23"},{"lineNumber":32,"author":{"gitId":"zylee348"},"content":"","lastModifiedDate":"2022-08-23"},{"lineNumber":33,"author":{"gitId":"zylee348"},"content":"    public static void start() {","lastModifiedDate":"2022-08-23"},{"lineNumber":34,"author":{"gitId":"zylee348"},"content":"        System.out.println(GREETING);","lastModifiedDate":"2022-08-23"},{"lineNumber":35,"author":{"gitId":"zylee348"},"content":"        System.out.println(LINE);","lastModifiedDate":"2022-08-23"},{"lineNumber":36,"author":{"gitId":"zylee348"},"content":"    }","lastModifiedDate":"2022-08-23"},{"lineNumber":37,"author":{"gitId":"zylee348"},"content":"","lastModifiedDate":"2022-08-23"},{"lineNumber":38,"author":{"gitId":"zylee348"},"content":"    public static void end() {","lastModifiedDate":"2022-08-23"},{"lineNumber":39,"author":{"gitId":"zylee348"},"content":"        System.out.println(LINE);","lastModifiedDate":"2022-08-23"},{"lineNumber":40,"author":{"gitId":"zylee348"},"content":"        System.out.println(GOODBYE_MESSAGE);","lastModifiedDate":"2022-08-23"},{"lineNumber":41,"author":{"gitId":"zylee348"},"content":"        System.out.println(LINE);","lastModifiedDate":"2022-08-23"},{"lineNumber":42,"author":{"gitId":"zylee348"},"content":"    }","lastModifiedDate":"2022-08-23"},{"lineNumber":43,"author":{"gitId":"zylee348"},"content":"","lastModifiedDate":"2022-08-23"},{"lineNumber":44,"author":{"gitId":"zylee348"},"content":"    public static void getGoodbyeMessage() {","lastModifiedDate":"2022-08-23"},{"lineNumber":45,"author":{"gitId":"zylee348"},"content":"        System.out.println(GOODBYE_MESSAGE);","lastModifiedDate":"2022-08-23"},{"lineNumber":46,"author":{"gitId":"zylee348"},"content":"    }","lastModifiedDate":"2022-08-23"},{"lineNumber":47,"author":{"gitId":"zylee348"},"content":"","lastModifiedDate":"2022-08-23"},{"lineNumber":48,"author":{"gitId":"zylee348"},"content":"    //method to print in list format","lastModifiedDate":"2022-08-23"},{"lineNumber":49,"author":{"gitId":"zylee348"},"content":"    public static void printList() {","lastModifiedDate":"2022-08-23"},{"lineNumber":50,"author":{"gitId":"zylee348"},"content":"        int len \u003d TaskList.taskListLength();","lastModifiedDate":"2022-08-23"},{"lineNumber":51,"author":{"gitId":"zylee348"},"content":"        if (len \u003c 1) {","lastModifiedDate":"2022-08-23"},{"lineNumber":52,"author":{"gitId":"zylee348"},"content":"            throw new DukeException(\"List is empty, you have no tasks!\");","lastModifiedDate":"2022-08-23"},{"lineNumber":53,"author":{"gitId":"zylee348"},"content":"        }","lastModifiedDate":"2022-08-23"},{"lineNumber":54,"author":{"gitId":"zylee348"},"content":"        ArrayList\u003cTask\u003e taskArrayList \u003d TaskList.getTaskList();","lastModifiedDate":"2022-08-23"},{"lineNumber":55,"author":{"gitId":"zylee348"},"content":"        int counter \u003d 0;","lastModifiedDate":"2022-08-23"},{"lineNumber":56,"author":{"gitId":"zylee348"},"content":"        int numbering \u003d 1;","lastModifiedDate":"2022-08-23"},{"lineNumber":57,"author":{"gitId":"zylee348"},"content":"        UI.getLINE();","lastModifiedDate":"2022-08-23"},{"lineNumber":58,"author":{"gitId":"zylee348"},"content":"        while (counter \u003c len) {","lastModifiedDate":"2022-08-23"},{"lineNumber":59,"author":{"gitId":"zylee348"},"content":"            Task temp \u003d taskArrayList.get(counter);","lastModifiedDate":"2022-08-23"},{"lineNumber":60,"author":{"gitId":"zylee348"},"content":"            System.out.println(numbering + \".\" + temp);","lastModifiedDate":"2022-08-23"},{"lineNumber":61,"author":{"gitId":"zylee348"},"content":"            counter++;","lastModifiedDate":"2022-08-23"},{"lineNumber":62,"author":{"gitId":"zylee348"},"content":"            numbering++;","lastModifiedDate":"2022-08-23"},{"lineNumber":63,"author":{"gitId":"zylee348"},"content":"        }","lastModifiedDate":"2022-08-23"},{"lineNumber":64,"author":{"gitId":"zylee348"},"content":"        getLINE();","lastModifiedDate":"2022-08-23"},{"lineNumber":65,"author":{"gitId":"zylee348"},"content":"    }","lastModifiedDate":"2022-08-23"},{"lineNumber":66,"author":{"gitId":"zylee348"},"content":"","lastModifiedDate":"2022-08-23"},{"lineNumber":67,"author":{"gitId":"zylee348"},"content":"    public static void printAddition(Task task) {","lastModifiedDate":"2022-08-23"},{"lineNumber":68,"author":{"gitId":"zylee348"},"content":"        int tasksLeft \u003d TaskList.taskListLength();","lastModifiedDate":"2022-08-23"},{"lineNumber":69,"author":{"gitId":"zylee348"},"content":"        UI.getLINE();","lastModifiedDate":"2022-08-23"},{"lineNumber":70,"author":{"gitId":"zylee348"},"content":"        ;","lastModifiedDate":"2022-08-23"},{"lineNumber":71,"author":{"gitId":"zylee348"},"content":"        System.out.println(\"Got it. I\u0027ve added this task:\\n \" + \" \" + task.toString() +","lastModifiedDate":"2022-08-23"},{"lineNumber":72,"author":{"gitId":"zylee348"},"content":"                \"\\nNow you have \" + tasksLeft + \" tasks in the list.\");","lastModifiedDate":"2022-08-23"},{"lineNumber":73,"author":{"gitId":"zylee348"},"content":"        UI.getLINE();","lastModifiedDate":"2022-08-23"},{"lineNumber":74,"author":{"gitId":"zylee348"},"content":"        ;","lastModifiedDate":"2022-08-23"},{"lineNumber":75,"author":{"gitId":"zylee348"},"content":"","lastModifiedDate":"2022-08-23"},{"lineNumber":76,"author":{"gitId":"zylee348"},"content":"    }","lastModifiedDate":"2022-08-23"},{"lineNumber":77,"author":{"gitId":"zylee348"},"content":"","lastModifiedDate":"2022-08-23"},{"lineNumber":78,"author":{"gitId":"zylee348"},"content":"    public static void markAsDoneUI(Task tsk) {","lastModifiedDate":"2022-08-23"},{"lineNumber":79,"author":{"gitId":"zylee348"},"content":"        UI.getLINE();","lastModifiedDate":"2022-08-23"},{"lineNumber":80,"author":{"gitId":"zylee348"},"content":"        System.out.println(\"Nice! I\u0027ve marked this task as done:\\n\" +","lastModifiedDate":"2022-08-23"},{"lineNumber":81,"author":{"gitId":"zylee348"},"content":"                \"  \" + tsk);","lastModifiedDate":"2022-08-23"},{"lineNumber":82,"author":{"gitId":"zylee348"},"content":"        UI.getLINE();","lastModifiedDate":"2022-08-23"},{"lineNumber":83,"author":{"gitId":"zylee348"},"content":"    }","lastModifiedDate":"2022-08-23"},{"lineNumber":84,"author":{"gitId":"zylee348"},"content":"","lastModifiedDate":"2022-08-23"},{"lineNumber":85,"author":{"gitId":"zylee348"},"content":"    public static void markAsUndoneUI(Task tsk) {","lastModifiedDate":"2022-08-23"},{"lineNumber":86,"author":{"gitId":"zylee348"},"content":"        UI.getLINE();","lastModifiedDate":"2022-08-23"},{"lineNumber":87,"author":{"gitId":"zylee348"},"content":"        System.out.println(\"OK, I\u0027ve marked this task as not done yet:\\n\" +","lastModifiedDate":"2022-08-23"},{"lineNumber":88,"author":{"gitId":"zylee348"},"content":"                \"  \" + tsk);","lastModifiedDate":"2022-08-23"},{"lineNumber":89,"author":{"gitId":"zylee348"},"content":"        UI.getLINE();","lastModifiedDate":"2022-08-23"},{"lineNumber":90,"author":{"gitId":"zylee348"},"content":"    }","lastModifiedDate":"2022-08-23"},{"lineNumber":91,"author":{"gitId":"zylee348"},"content":"}","lastModifiedDate":"2022-08-23"}],"authorContributionMap":{"zylee348":91}},{"path":"src/test/java/duke/ParserTest.java","fileType":"java","lines":[{"lineNumber":1,"author":{"gitId":"zylee348"},"content":"package duke;","lastModifiedDate":"2022-08-23"},{"lineNumber":2,"author":{"gitId":"zylee348"},"content":"import org.junit.jupiter.api.Test;","lastModifiedDate":"2022-08-23"},{"lineNumber":3,"author":{"gitId":"zylee348"},"content":"import static org.junit.jupiter.api.Assertions.assertEquals;","lastModifiedDate":"2022-08-23"},{"lineNumber":4,"author":{"gitId":"zylee348"},"content":"import static org.junit.jupiter.api.Assertions.assertThrows;","lastModifiedDate":"2022-08-23"},{"lineNumber":5,"author":{"gitId":"zylee348"},"content":"","lastModifiedDate":"2022-08-23"},{"lineNumber":6,"author":{"gitId":"zylee348"},"content":"public class ParserTest {","lastModifiedDate":"2022-08-23"},{"lineNumber":7,"author":{"gitId":"zylee348"},"content":"","lastModifiedDate":"2022-08-23"},{"lineNumber":8,"author":{"gitId":"zylee348"},"content":"    @Test","lastModifiedDate":"2022-08-23"},{"lineNumber":9,"author":{"gitId":"zylee348"},"content":"    public void parseTypingInputTest1(){","lastModifiedDate":"2022-08-23"},{"lineNumber":10,"author":{"gitId":"zylee348"},"content":"        String[] strArray \u003d Parser.parseTypingInput(\"Bye\");","lastModifiedDate":"2022-08-23"},{"lineNumber":11,"author":{"gitId":"zylee348"},"content":"        int length \u003d strArray.length;","lastModifiedDate":"2022-08-23"},{"lineNumber":12,"author":{"gitId":"zylee348"},"content":"        assertEquals(1, length);","lastModifiedDate":"2022-08-23"},{"lineNumber":13,"author":{"gitId":"zylee348"},"content":"        }","lastModifiedDate":"2022-08-23"},{"lineNumber":14,"author":{"gitId":"zylee348"},"content":"","lastModifiedDate":"2022-08-23"},{"lineNumber":15,"author":{"gitId":"zylee348"},"content":"    @Test","lastModifiedDate":"2022-08-23"},{"lineNumber":16,"author":{"gitId":"zylee348"},"content":"    public void parseTypingInputTest2(){","lastModifiedDate":"2022-08-23"},{"lineNumber":17,"author":{"gitId":"zylee348"},"content":"        String[] strArray \u003d Parser.parseTypingInput(\"Bye\");","lastModifiedDate":"2022-08-23"},{"lineNumber":18,"author":{"gitId":"zylee348"},"content":"        assertEquals(\"bye\", strArray[0]);","lastModifiedDate":"2022-08-23"},{"lineNumber":19,"author":{"gitId":"zylee348"},"content":"    }","lastModifiedDate":"2022-08-23"},{"lineNumber":20,"author":{"gitId":"zylee348"},"content":"}","lastModifiedDate":"2022-08-23"}],"authorContributionMap":{"zylee348":20}},{"path":"src/test/java/duke/TaskListTest.java","fileType":"java","lines":[{"lineNumber":1,"author":{"gitId":"zylee348"},"content":"package duke;","lastModifiedDate":"2022-08-23"},{"lineNumber":2,"author":{"gitId":"zylee348"},"content":"import org.junit.jupiter.api.Test;","lastModifiedDate":"2022-08-23"},{"lineNumber":3,"author":{"gitId":"zylee348"},"content":"import java.util.ArrayList;","lastModifiedDate":"2022-08-23"},{"lineNumber":4,"author":{"gitId":"zylee348"},"content":"","lastModifiedDate":"2022-08-23"},{"lineNumber":5,"author":{"gitId":"zylee348"},"content":"import static org.junit.jupiter.api.Assertions.*;","lastModifiedDate":"2022-08-23"},{"lineNumber":6,"author":{"gitId":"zylee348"},"content":"","lastModifiedDate":"2022-08-23"},{"lineNumber":7,"author":{"gitId":"zylee348"},"content":"public class TaskListTest {","lastModifiedDate":"2022-08-23"},{"lineNumber":8,"author":{"gitId":"zylee348"},"content":"    @Test","lastModifiedDate":"2022-08-23"},{"lineNumber":9,"author":{"gitId":"zylee348"},"content":"    public void taskListTest1(){","lastModifiedDate":"2022-08-23"},{"lineNumber":10,"author":{"gitId":"zylee348"},"content":"        new TaskList(new ArrayList\u003cTask\u003e());","lastModifiedDate":"2022-08-23"},{"lineNumber":11,"author":{"gitId":"zylee348"},"content":"        TaskList.addTaskToArray(\"deadline assignment /by 2019-04-22 18:30\", Task.TYPE.DEADLINE);","lastModifiedDate":"2022-08-23"},{"lineNumber":12,"author":{"gitId":"zylee348"},"content":"        TaskList.addTaskToArray(\"todo work\", Task.TYPE.TODO);","lastModifiedDate":"2022-08-23"},{"lineNumber":13,"author":{"gitId":"zylee348"},"content":"        TaskList.markAsDone(\"2\");","lastModifiedDate":"2022-08-23"},{"lineNumber":14,"author":{"gitId":"zylee348"},"content":"        boolean test \u003d TaskList.getTaskList().get(1).isDone;","lastModifiedDate":"2022-08-23"},{"lineNumber":15,"author":{"gitId":"zylee348"},"content":"        assertTrue(test);","lastModifiedDate":"2022-08-23"},{"lineNumber":16,"author":{"gitId":"zylee348"},"content":"    }","lastModifiedDate":"2022-08-23"},{"lineNumber":17,"author":{"gitId":"zylee348"},"content":"","lastModifiedDate":"2022-08-23"},{"lineNumber":18,"author":{"gitId":"zylee348"},"content":"    @Test","lastModifiedDate":"2022-08-23"},{"lineNumber":19,"author":{"gitId":"zylee348"},"content":"    public void taskListTest2(){","lastModifiedDate":"2022-08-23"},{"lineNumber":20,"author":{"gitId":"zylee348"},"content":"","lastModifiedDate":"2022-08-23"},{"lineNumber":21,"author":{"gitId":"zylee348"},"content":"        ArrayList\u003cTask\u003e t2 \u003d new ArrayList\u003c\u003e();","lastModifiedDate":"2022-08-23"},{"lineNumber":22,"author":{"gitId":"zylee348"},"content":"        new TaskList(t2);","lastModifiedDate":"2022-08-23"},{"lineNumber":23,"author":{"gitId":"zylee348"},"content":"        TaskList.addTaskToArray(\"deadline assignment /by 2019-04-22 18:30\", Task.TYPE.DEADLINE);","lastModifiedDate":"2022-08-23"},{"lineNumber":24,"author":{"gitId":"zylee348"},"content":"        TaskList.addTaskToArray(\"todo work\", Task.TYPE.TODO);","lastModifiedDate":"2022-08-23"},{"lineNumber":25,"author":{"gitId":"zylee348"},"content":"        assertEquals(2, t2.size());","lastModifiedDate":"2022-08-23"},{"lineNumber":26,"author":{"gitId":"zylee348"},"content":"    }","lastModifiedDate":"2022-08-23"},{"lineNumber":27,"author":{"gitId":"zylee348"},"content":"}","lastModifiedDate":"2022-08-23"}],"authorContributionMap":{"zylee348":27}},{"path":"text-ui-test/input.txt","fileType":"txt","lines":[{"lineNumber":1,"author":{"gitId":"zylee348"},"content":"todo borrow book","lastModifiedDate":"2022-08-18"},{"lineNumber":2,"author":{"gitId":"zylee348"},"content":"list","lastModifiedDate":"2022-08-18"},{"lineNumber":3,"author":{"gitId":"zylee348"},"content":"deadline return book /by Sunday","lastModifiedDate":"2022-08-18"},{"lineNumber":4,"author":{"gitId":"zylee348"},"content":"event project meeting /at Mon 2-4pm","lastModifiedDate":"2022-08-18"},{"lineNumber":5,"author":{"gitId":"zylee348"},"content":"list","lastModifiedDate":"2022-08-18"},{"lineNumber":6,"author":{"gitId":"zylee348"},"content":"mark 1","lastModifiedDate":"2022-08-18"},{"lineNumber":7,"author":{"gitId":"zylee348"},"content":"mark 2","lastModifiedDate":"2022-08-18"},{"lineNumber":8,"author":{"gitId":"zylee348"},"content":"list","lastModifiedDate":"2022-08-18"},{"lineNumber":9,"author":{"gitId":"zylee348"},"content":"unmark 1","lastModifiedDate":"2022-08-18"},{"lineNumber":10,"author":{"gitId":"zylee348"},"content":"list","lastModifiedDate":"2022-08-18"},{"lineNumber":11,"author":{"gitId":"zylee348"},"content":"bye","lastModifiedDate":"2022-08-18"}],"authorContributionMap":{"zylee348":11}}]
