{"authorDailyContributionsMap":{"zylee348":[{"date":"2022-08-15","commitResults":[{"hash":"78339f4c3b972eb99caf5803c0c2e15367ceb0af","messageTitle":"Level - 1","messageBody":"","tags":["Level-1"],"fileTypesAndContributionMap":{"java":{"insertions":28,"deletions":6}}},{"hash":"b22c7220c33f4d7207a553db8c96777b325be99f","messageTitle":"Level - 2","messageBody":"","tags":["Level-2"],"fileTypesAndContributionMap":{"java":{"insertions":22,"deletions":1}}},{"hash":"622a60180a6b398697624582ab5eff824986a1e5","messageTitle":"Level-3","messageBody":"","tags":["Level-3"],"fileTypesAndContributionMap":{"java":{"insertions":48,"deletions":7}}}]},{"date":"2022-08-18","commitResults":[{"hash":"3edc607ddccddd90b169526a46fdf0c2027cef03","messageTitle":"Level-4","messageBody":"","tags":["Level-4"],"fileTypesAndContributionMap":{"java":{"insertions":167,"deletions":29}}},{"hash":"08b9f9e0e525b186de9ebf7e9467c70d6f1d9149","messageTitle":"Level-5","messageBody":"","tags":["Level-5"],"fileTypesAndContributionMap":{"java":{"insertions":2,"deletions":0}}},{"hash":"8eae6dd0db5de7d94174736e5e3423b7ec0ce924","messageTitle":"Level-6","messageBody":"","tags":["Level-6"],"fileTypesAndContributionMap":{"txt":{"insertions":11,"deletions":0},"java":{"insertions":54,"deletions":7}}},{"hash":"bd1f313c45491637bcd343c1ab6edbf7a62670ad","messageTitle":"Level-6","messageBody":"","fileTypesAndContributionMap":{"java":{"insertions":1,"deletions":0}}}]}]},"authorFileTypeContributionMap":{"zylee348":{"java":278,"md":0,"fxml":0,"sh":0,"bat":0,"gradle":0,"txt":11}},"authorContributionVariance":{"zylee348":9289.918},"authorDisplayNameMap":{"zylee348":"CS2103T-W10-1 LEE ..YANG"}}
