{"authorDailyContributionsMap":{"zylee348":[{"date":"2022-08-15","commitResults":[{"hash":"78339f4c3b972eb99caf5803c0c2e15367ceb0af","messageTitle":"Level - 1","messageBody":"","tags":["Level-1"],"fileTypesAndContributionMap":{"java":{"insertions":28,"deletions":6}}},{"hash":"b22c7220c33f4d7207a553db8c96777b325be99f","messageTitle":"Level - 2","messageBody":"","tags":["Level-2"],"fileTypesAndContributionMap":{"java":{"insertions":22,"deletions":1}}},{"hash":"622a60180a6b398697624582ab5eff824986a1e5","messageTitle":"Level-3","messageBody":"","tags":["Level-3"],"fileTypesAndContributionMap":{"java":{"insertions":48,"deletions":7}}}]},{"date":"2022-08-18","commitResults":[{"hash":"3edc607ddccddd90b169526a46fdf0c2027cef03","messageTitle":"Level-4","messageBody":"","tags":["Level-4"],"fileTypesAndContributionMap":{"java":{"insertions":167,"deletions":29}}},{"hash":"08b9f9e0e525b186de9ebf7e9467c70d6f1d9149","messageTitle":"Level-5","messageBody":"","tags":["Level-5","A-TextUiTesting"],"fileTypesAndContributionMap":{"java":{"insertions":2,"deletions":0}}},{"hash":"8eae6dd0db5de7d94174736e5e3423b7ec0ce924","messageTitle":"Level-6","messageBody":"","tags":["Level-6"],"fileTypesAndContributionMap":{"txt":{"insertions":11,"deletions":0},"java":{"insertions":54,"deletions":7}}},{"hash":"bd1f313c45491637bcd343c1ab6edbf7a62670ad","messageTitle":"Level-6","messageBody":"","tags":["A-Enums"],"fileTypesAndContributionMap":{"java":{"insertions":1,"deletions":0}}}]},{"date":"2022-08-22","commitResults":[{"hash":"8fd61ce700162cccd5c9494574bfb8200b2d505b","messageTitle":"branch-level-7","messageBody":"","fileTypesAndContributionMap":{"java":{"insertions":105,"deletions":4}}},{"hash":"e21b82d45e9e5cc774646f5d31706b200b280aa2","messageTitle":"branch-level-7","messageBody":"","tags":["branch-level-7"],"fileTypesAndContributionMap":{"java":{"insertions":8,"deletions":2}}}]},{"date":"2022-08-23","commitResults":[{"hash":"becbc9ba81cfd14aac93c95dd34985591ae8e319","messageTitle":"branch-level-8","messageBody":"","tags":["branch-level-8"],"fileTypesAndContributionMap":{"txt":{"insertions":2,"deletions":0},"java":{"insertions":61,"deletions":28}}},{"hash":"8bf586af9f2e50859f248573fcfc59edffd3c894","messageTitle":"A-moreOOP","messageBody":"","fileTypesAndContributionMap":{"txt":{"insertions":5,"deletions":2},"java":{"insertions":386,"deletions":305}}},{"hash":"040bcfe7d96236875a5e70398f21af039a1d2c5a","messageTitle":"A-moreOOP","messageBody":"","tags":["A-moreOOP"],"fileTypesAndContributionMap":{"java":{"insertions":0,"deletions":4}}},{"hash":"71ba74320c724432ee3a3cecd1b7e21a19548fe5","messageTitle":"A-Packages","messageBody":"","tags":["A-Packages"],"fileTypesAndContributionMap":{"txt":{"insertions":2,"deletions":1},"java":{"insertions":24,"deletions":0}}},{"hash":"b294d30bd20b1f9eafe50ed6d8cedc2a58b9ef58","messageTitle":"A-Gradle","messageBody":"","tags":["A-Gradle"],"fileTypesAndContributionMap":{"gradle":{"insertions":46,"deletions":0},"txt":{"insertions":1,"deletions":0},"java":{"insertions":6,"deletions":2},"bat":{"insertions":103,"deletions":0}}},{"hash":"a1b1e0700cffc5b74e22db978fc1bccbfea8907c","messageTitle":"A-JUnit","messageBody":"","tags":["A-JUnit"],"fileTypesAndContributionMap":{"gradle":{"insertions":17,"deletions":1},"java":{"insertions":48,"deletions":3}}},{"hash":"9553c3dd655cf0455964d2dbf2a71c3855f23129","messageTitle":"A-Jar","messageBody":"","tags":["A-Jar"],"fileTypesAndContributionMap":{"txt":{"insertions":1,"deletions":0},"java":{"insertions":2,"deletions":2}}}]},{"date":"2022-08-24","commitResults":[{"hash":"7a8743e40379a8ca0d838fb8665ca21d0d40fcc5","messageTitle":"A-JavaDocs","messageBody":"","fileTypesAndContributionMap":{"java":{"insertions":57,"deletions":57}}},{"hash":"4286cd583b509bd156c8ce57c3443b42beed7965","messageTitle":"Revert \"A-JavaDocs\"","messageBody":"This reverts commit 7a8743e40379a8ca0d838fb8665ca21d0d40fcc5.\n","fileTypesAndContributionMap":{"java":{"insertions":57,"deletions":57}}},{"hash":"685d1d4f14425cb59cc1bf3abb85d20c960aa555","messageTitle":"Revert \"Revert \"A-JavaDocs\"\"","messageBody":"This reverts commit 4286cd583b509bd156c8ce57c3443b42beed7965.\n","fileTypesAndContributionMap":{"java":{"insertions":57,"deletions":57}}},{"hash":"e1332f4db7a437ba7c03985a7424526f1571f946","messageTitle":"Revert \"Revert \"Revert \"A-JavaDocs\"\"\"","messageBody":"This reverts commit 685d1d4f14425cb59cc1bf3abb85d20c960aa555.\n","fileTypesAndContributionMap":{"java":{"insertions":57,"deletions":57}}},{"hash":"2bbb27910b45af32af22833cc1dbddc8c4421dda","messageTitle":"Revert \"Revert \"Revert \"Revert \"A-JavaDocs\"\"\"\"","messageBody":"This reverts commit e1332f4db7a437ba7c03985a7424526f1571f946.\n","tags":["branch-A-CodingStandard"],"fileTypesAndContributionMap":{"java":{"insertions":57,"deletions":57}}},{"hash":"56a9c2f33e9515700383af3449429387f9d5a018","messageTitle":"branch-A-JavaDoc","messageBody":"","tags":["branch-A-JavaDoc"],"fileTypesAndContributionMap":{"java":{"insertions":98,"deletions":4}}},{"hash":"fe59f26fe772d05f047f181fd79c5a89042eb465","messageTitle":"branch-Level-9","messageBody":"","fileTypesAndContributionMap":{"java":{"insertions":62,"deletions":26}}}]}]},"authorFileTypeContributionMap":{"zylee348":{"java":701,"md":0,"fxml":0,"sh":0,"bat":103,"gradle":62,"txt":19}},"authorContributionVariance":{"zylee348":105581.38},"authorDisplayNameMap":{"zylee348":"CS2103T-W10-1 LEE ..YANG"}}
