{"authorDailyContributionsMap":{"linuschui":[{"date":"2022-08-13","commitResults":[{"hash":"28fa353640f845b410fc4a490769f37679f6aef0","messageTitle":"Level-1","messageBody":"","fileTypesAndContributionMap":{"java":{"insertions":23,"deletions":6}}},{"hash":"9cc0ad533e0181b1571c46bee09fa7acf8d666e2","messageTitle":"Level-1","messageBody":"","tags":["Level-1"],"fileTypesAndContributionMap":{"java":{"insertions":1,"deletions":1}}},{"hash":"618251d7e560b99b28b346c896339f2a0a22916c","messageTitle":"Level-2","messageBody":"","fileTypesAndContributionMap":{"java":{"insertions":18,"deletions":1}}},{"hash":"e9109e6fd6e2ef3c8b4a61adc99fbe5b57c224d9","messageTitle":"Level-3","messageBody":"","tags":["Level-3"],"fileTypesAndContributionMap":{"java":{"insertions":78,"deletions":6}}},{"hash":"145845a89ef2a5818b16a679792dba5c086aef14","messageTitle":"Level-4","messageBody":"","tags":["Level-4"],"fileTypesAndContributionMap":{"java":{"insertions":145,"deletions":61}}},{"hash":"15054b3275bd74566392ba045c1afc00d1603ce2","messageTitle":"A-TextUiTesting","messageBody":"","tags":["A-TextUiTesting"],"fileTypesAndContributionMap":{"txt":{"insertions":10,"deletions":0},"sh":{"insertions":1,"deletions":5}}}]},{"date":"2022-08-14","commitResults":[{"hash":"0c917c3186ed37c35d3d521ab1d980e085bc0360","messageTitle":"Level-5","messageBody":"","fileTypesAndContributionMap":{"java":{"insertions":107,"deletions":46}}},{"hash":"22d330753dae153a551225841b7fd181d80254cd","messageTitle":"Level-5","messageBody":"","fileTypesAndContributionMap":{"java":{"insertions":3,"deletions":3}}},{"hash":"873253cb35dc3ab66c4186464143f0d6350fe885","messageTitle":"Level-5","messageBody":"","fileTypesAndContributionMap":{"java":{"insertions":1,"deletions":1}}},{"hash":"43e476e8ec6f74ea60d185ac241bec96e10e0453","messageTitle":"Level-5","messageBody":"","tags":["Level-5"],"fileTypesAndContributionMap":{"java":{"insertions":2,"deletions":2}}}]},{"date":"2022-08-20","commitResults":[{"hash":"ed857a56bc992134f850cd1caa024549dd4bce78","messageTitle":"Level-6","messageBody":"","fileTypesAndContributionMap":{"java":{"insertions":24,"deletions":2}}}]}]},"authorFileTypeContributionMap":{"linuschui":{"java":279,"md":0,"fxml":0,"sh":1,"bat":0,"gradle":0,"txt":10}},"authorContributionVariance":{"linuschui":13487.95},"authorDisplayNameMap":{"linuschui":"LINU.. KIN"}}
