{"authorDailyContributionsMap":{"JasonCP14":[{"date":"2022-08-17","commitResults":[{"hash":"f303b0235156ddf51cd762d33850fb4bea399cdb","messageTitle":"Added level 1 functionality","messageBody":"","tags":["Level-1"],"fileTypesAndContributionMap":{"java":{"insertions":39,"deletions":6}}},{"hash":"b00dcb385a5f9e29acf462601f416fa37af90cb1","messageTitle":"Added level 2 functionality","messageBody":"","tags":["Level-2"],"fileTypesAndContributionMap":{"java":{"insertions":18,"deletions":4}}},{"hash":"b8c61a70dce34624529bcbaf317e9f770344d944","messageTitle":"Added level 3 functionality","messageBody":"","tags":["Level-3"],"fileTypesAndContributionMap":{"java":{"insertions":67,"deletions":20}}},{"hash":"ea4a67476fec321bce180105e81e372effb717af","messageTitle":"Added level 4 functionality","messageBody":"","tags":["Level-4"],"fileTypesAndContributionMap":{"java":{"insertions":92,"deletions":9}}}]},{"date":"2022-08-18","commitResults":[{"hash":"4477127e88b6a07c6e407078ea8001e4e0201fd5","messageTitle":"Added TaskList Class","messageBody":"","fileTypesAndContributionMap":{"java":{"insertions":52,"deletions":27}}},{"hash":"8e47fb68a86184d9c9cad2bcce828e33b91faea3","messageTitle":"Added level 5 functionality","messageBody":"","tags":["Level-5"],"fileTypesAndContributionMap":{"java":{"insertions":102,"deletions":44}}},{"hash":"aef365246387390c370ad2f55bfffadf0f75508a","messageTitle":"Added level 6 functionality","messageBody":"","tags":["Level-6"],"fileTypesAndContributionMap":{"java":{"insertions":42,"deletions":17}}},{"hash":"79da3a0a541644bcafe5b162702804e7b59760e5","messageTitle":"Removed redundant statements","messageBody":"","fileTypesAndContributionMap":{"java":{"insertions":20,"deletions":24}}}]},{"date":"2022-08-19","commitResults":[{"hash":"a6f54f13f0c17f1cbc22a93c0b7d7cb12a8071a3","messageTitle":"Added text UI testing","messageBody":"","tags":["A-TextUiTesting"],"fileTypesAndContributionMap":{"txt":{"insertions":43,"deletions":0},"java":{"insertions":34,"deletions":22}}}]}]},"authorFileTypeContributionMap":{"JasonCP14":{"java":297,"md":0,"fxml":0,"sh":0,"bat":0,"gradle":0,"txt":43}},"authorContributionVariance":{"JasonCP14":15533.6875},"authorDisplayNameMap":{"JasonCP14":"JASO..SUNG"}}
