{"authorDailyContributionsMap":{"JasonCP14":[{"date":"2022-08-17","commitResults":[{"hash":"f303b0235156ddf51cd762d33850fb4bea399cdb","messageTitle":"Added level 1 functionality","messageBody":"","tags":["Level-1"],"fileTypesAndContributionMap":{"java":{"insertions":39,"deletions":6}}},{"hash":"b00dcb385a5f9e29acf462601f416fa37af90cb1","messageTitle":"Added level 2 functionality","messageBody":"","tags":["Level-2"],"fileTypesAndContributionMap":{"java":{"insertions":18,"deletions":4}}},{"hash":"b8c61a70dce34624529bcbaf317e9f770344d944","messageTitle":"Added level 3 functionality","messageBody":"","tags":["Level-3"],"fileTypesAndContributionMap":{"java":{"insertions":67,"deletions":20}}},{"hash":"ea4a67476fec321bce180105e81e372effb717af","messageTitle":"Added level 4 functionality","messageBody":"","tags":["Level-4"],"fileTypesAndContributionMap":{"java":{"insertions":92,"deletions":9}}}]},{"date":"2022-08-18","commitResults":[{"hash":"4477127e88b6a07c6e407078ea8001e4e0201fd5","messageTitle":"Added TaskList Class","messageBody":"","fileTypesAndContributionMap":{"java":{"insertions":52,"deletions":27}}},{"hash":"8e47fb68a86184d9c9cad2bcce828e33b91faea3","messageTitle":"Added level 5 functionality","messageBody":"","tags":["Level-5"],"fileTypesAndContributionMap":{"java":{"insertions":102,"deletions":44}}},{"hash":"aef365246387390c370ad2f55bfffadf0f75508a","messageTitle":"Added level 6 functionality","messageBody":"","tags":["Level-6"],"fileTypesAndContributionMap":{"java":{"insertions":42,"deletions":17}}},{"hash":"79da3a0a541644bcafe5b162702804e7b59760e5","messageTitle":"Removed redundant statements","messageBody":"","fileTypesAndContributionMap":{"java":{"insertions":20,"deletions":24}}}]},{"date":"2022-08-19","commitResults":[{"hash":"a6f54f13f0c17f1cbc22a93c0b7d7cb12a8071a3","messageTitle":"Added text UI testing","messageBody":"","tags":["A-TextUiTesting"],"fileTypesAndContributionMap":{"txt":{"insertions":43,"deletions":0},"java":{"insertions":34,"deletions":22}}}]},{"date":"2022-08-22","commitResults":[{"hash":"ca0fabbefd3a206d22bd4e761af45a05f8760db6","messageTitle":"Add level 7 functionality","messageBody":"","tags":["Level-7"],"fileTypesAndContributionMap":{"txt":{"insertions":1,"deletions":0},"java":{"insertions":128,"deletions":4}}}]},{"date":"2022-08-23","commitResults":[{"hash":"342bb0bcb333040a0e039da489536093171c8494","messageTitle":"Add level 8 functionality","messageBody":"","fileTypesAndContributionMap":{"java":{"insertions":43,"deletions":8}}},{"hash":"55e1752aacfa9def3064165fcf26f17719677fa7","messageTitle":"Add function to parse time","messageBody":"","fileTypesAndContributionMap":{"java":{"insertions":20,"deletions":17}}}]},{"date":"2022-08-24","commitResults":[{"hash":"6e95fbc4501848f59880b4798d2d8c70300534e3","messageTitle":"Separate into new classes and update text UI testing","messageBody":"","tags":["A-MoreOOP"],"fileTypesAndContributionMap":{"txt":{"insertions":21,"deletions":15},"java":{"insertions":195,"deletions":156}}},{"hash":"60e3d143cb13ec18337f1bfbc739722443ef0698","messageTitle":"Divide classes into packages","messageBody":"","tags":["A-Packages"],"fileTypesAndContributionMap":{"java":{"insertions":42,"deletions":2}}},{"hash":"11fcaebc1117714c95e699e47e564fbcef46c2a8","messageTitle":"Add gradle files","messageBody":"","tags":["A-Gradle"],"fileTypesAndContributionMap":{"gradle":{"insertions":41,"deletions":0},"bat":{"insertions":103,"deletions":0}}},{"hash":"a29e9a70d76dc5baa4b8d69710c631225af5b46e","messageTitle":"Add JUnit tests","messageBody":"","tags":["A-JUnit"],"fileTypesAndContributionMap":{"gradle":{"insertions":6,"deletions":1},"java":{"insertions":65,"deletions":0}}},{"hash":"46b408cf53276eed62ffab874a2ba77285660bb4","messageTitle":"Remove UiTest","messageBody":"","fileTypesAndContributionMap":{"java":{"insertions":0,"deletions":0}}}]}]},"authorFileTypeContributionMap":{"JasonCP14":{"java":609,"md":0,"fxml":0,"sh":0,"bat":103,"gradle":46,"txt":50}},"authorContributionVariance":{"JasonCP14":33972.637},"authorDisplayNameMap":{"JasonCP14":"JASO..SUNG"}}
