{"authorDailyContributionsMap":{"misterpuffin":[{"date":"2022-08-15","commitResults":[{"hash":"c7884b4c1d1c4eddca6df3d84b72cf7fbb33d24c","messageTitle":"Implement Level 1 - Greet, Echo, Exit","messageBody":"","tags":["Level-1"],"fileTypesAndContributionMap":{"java":{"insertions":15,"deletions":6}}},{"hash":"1af0874fcb4edd0ba7ee8cbaa9d3e78cb6b967e3","messageTitle":"Implemented Level 2 - Add, List","messageBody":"","tags":["Level-2","A-Collections"],"fileTypesAndContributionMap":{"java":{"insertions":32,"deletions":1}}},{"hash":"c6205d19236292b8c453d35308b742f716a63b56","messageTitle":"Implement Level 3 - Mark as Done","messageBody":"","tags":["Level-3","A-Classes"],"fileTypesAndContributionMap":{"java":{"insertions":50,"deletions":3}}}]},{"date":"2022-08-16","commitResults":[{"hash":"74689aa414af879486ed9c8264a44969ec5109bd","messageTitle":"Implemented Level 4 - Todo, Event, Deadline","messageBody":"","tags":["Level-4","A-Inheritance"],"fileTypesAndContributionMap":{"java":{"insertions":185,"deletions":71}}},{"hash":"6c9c46ecfb959cc8ffcec20ff991a01bb8ee5986","messageTitle":"Add automated testing","messageBody":"","tags":["A-TextUiTesting"],"fileTypesAndContributionMap":{"txt":{"insertions":10,"deletions":0},"java":{"insertions":4,"deletions":1}}}]},{"date":"2022-08-17","commitResults":[{"hash":"993e7cfa3b7c9ff589f89f9e9d358f0c2795fb14","messageTitle":"Add error handling and refactor","messageBody":"","tags":["Level-5","A-Exceptions","A-Enums"],"fileTypesAndContributionMap":{"java":{"insertions":339,"deletions":113}}},{"hash":"b735e39871da63022fa094b98f0079332cf21e16","messageTitle":"Add delete command","messageBody":"","tags":["Level-6"],"fileTypesAndContributionMap":{"java":{"insertions":44,"deletions":17}}}]},{"date":"2022-08-18","commitResults":[{"hash":"291857a5774943d0a3d072915bb5d61fe40cd692","messageTitle":"Delete DukeHandler.java","messageBody":"","fileTypesAndContributionMap":{"java":{"insertions":0,"deletions":0}}}]},{"date":"2022-08-23","commitResults":[{"hash":"fd9a54d012d1126fc8b49b4e047701fcdb722c72","messageTitle":"Implement Level 7 - Save into FileStorage","messageBody":"","tags":["Level-7"],"fileTypesAndContributionMap":{"java":{"insertions":237,"deletions":69}}},{"hash":"7a8642959275e7eb8f3c2d2f9a0b535400720aec","messageTitle":"Implement Level 8 - Dates and Times","messageBody":"","fileTypesAndContributionMap":{"java":{"insertions":34,"deletions":12}}},{"hash":"c68a2b67ea2c12fe9978eb97dc72c4b86ec35f5b","messageTitle":"Remove unused imports","messageBody":"","fileTypesAndContributionMap":{"java":{"insertions":0,"deletions":7}}},{"hash":"1dc28ef328070d5eaeaaeb22b76c87665535ddbd","messageTitle":"Make code more OOP","messageBody":"","tags":["A-MoreOOP"],"fileTypesAndContributionMap":{"java":{"insertions":59,"deletions":83}}}]},{"date":"2022-08-24","commitResults":[{"hash":"445234694bca92fe4f8449654ab4d1e296baae8d","messageTitle":"Refactor packages","messageBody":"Updated testing script for new folder structure\n","tags":["A-Packages"],"fileTypesAndContributionMap":{"java":{"insertions":109,"deletions":96},"sh":{"insertions":2,"deletions":2}}},{"hash":"7b29de7b2d2521d6c72d350d22b2ee7c72d4cc95","messageTitle":"Add JUnit tests","messageBody":"","tags":["A-Jar","A-JUnit"],"fileTypesAndContributionMap":{"java":{"insertions":44,"deletions":0}}},{"hash":"8e9733d9500dffb1f77df33e48166f2a01a1345a","messageTitle":"Change to follow Java Coding Standards","messageBody":"","fileTypesAndContributionMap":{"java":{"insertions":7,"deletions":7}}}]},{"date":"2022-08-26","commitResults":[{"hash":"0c5a17544edfe8030a347ab2ee11133ba07c0bb3","messageTitle":"Implement Level 9 - Find","messageBody":"","fileTypesAndContributionMap":{"java":{"insertions":45,"deletions":1}}}]},{"date":"2022-08-30","commitResults":[{"hash":"dbd5989e62c8f5742c3cbbd70e0054931f7b061f","messageTitle":"Remove unused imports","messageBody":"","fileTypesAndContributionMap":{"java":{"insertions":0,"deletions":2}}},{"hash":"418ecb342493e4274b58651a021adb7e846fe559","messageTitle":"Add JavaDoc to public methods","messageBody":"","fileTypesAndContributionMap":{"java":{"insertions":59,"deletions":1}}}]},{"date":"2022-09-02","commitResults":[{"hash":"c197eb701a132d428cd8faf4378802b9f49e17a2","messageTitle":"Update README.md","messageBody":"","fileTypesAndContributionMap":{"md":{"insertions":28,"deletions":20}}}]}]},"authorFileTypeContributionMap":{"misterpuffin":{"java":789,"md":27,"fxml":0,"sh":2,"bat":0,"gradle":0,"txt":10}},"authorContributionVariance":{"misterpuffin":24039.795},"authorDisplayNameMap":{"misterpuffin":"CS2103-W14-1 SNG ..OREN"}}
