{"authorDailyContributionsMap":{"Qiaoran-M":[{"date":"2022-08-18","commitResults":[{"hash":"12039b151d1ad09c244aca02b8485e7ff335c40f","messageTitle":"Add Level-1.","messageBody":"","tags":["Level-1"],"fileTypesAndContributionMap":{"java":{"insertions":19,"deletions":6}}},{"hash":"85a63fd3c4d4ee9ea2918cc5ae006258039739a9","messageTitle":"Add Level-2.","messageBody":"","tags":["Level-2"],"fileTypesAndContributionMap":{"java":{"insertions":14,"deletions":1}}},{"hash":"15a82244bed98c8bf7d212d4d0c56322f1b8d912","messageTitle":"Add Level-3.","messageBody":"","fileTypesAndContributionMap":{"java":{"insertions":25,"deletions":0}}},{"hash":"af490cacc78c66a498951cdb32363c18140e8c27","messageTitle":"Add Level-3.","messageBody":"","tags":["Level-3"],"fileTypesAndContributionMap":{"java":{"insertions":23,"deletions":5}}},{"hash":"334f5dbf304a156412ae8f0508a508c6480d9fc5","messageTitle":"Add Level-4.","messageBody":"","tags":["Level-4"],"fileTypesAndContributionMap":{"java":{"insertions":73,"deletions":0}}},{"hash":"685b6521f7476186b86dac2f76ac67b64fab6084","messageTitle":"A-TestUiTesting","messageBody":"","tags":["A-TextUiTesting"],"fileTypesAndContributionMap":{"txt":{"insertions":14,"deletions":0},"sh":{"insertions":2,"deletions":2}}},{"hash":"4062d693bab66ce7afb4c4983b8b65157d34ec10","messageTitle":"Level-5","messageBody":"","tags":["Level-5"],"fileTypesAndContributionMap":{"java":{"insertions":65,"deletions":6}}},{"hash":"a3828cd8728c1953b21253db797c410c41f5868a","messageTitle":"Level-6","messageBody":"","tags":["Level-6"],"fileTypesAndContributionMap":{"java":{"insertions":23,"deletions":0}}}]},{"date":"2022-08-23","commitResults":[{"hash":"06284b8dc1b79159c11256be738997c8e73613d2","messageTitle":"Add level 7.","messageBody":"","fileTypesAndContributionMap":{"java":{"insertions":163,"deletions":75}}}]},{"date":"2022-08-24","commitResults":[{"hash":"d74103d6e47c24658f00b555d8b0f15a66f27771","messageTitle":"Add level 8.","messageBody":"","fileTypesAndContributionMap":{"java":{"insertions":215,"deletions":38}}}]},{"date":"2022-08-27","commitResults":[{"hash":"480edf51af119ad506954d9b38b70e1383d65f80","messageTitle":"Add A-MoreOOP.","messageBody":"","tags":["A-MoreOOP"],"fileTypesAndContributionMap":{"java":{"insertions":405,"deletions":340}}},{"hash":"8012d16506e8ea3dfc31459630766a52fa6f6955","messageTitle":"Add A-Packages.","messageBody":"","tags":["A-Packages"],"fileTypesAndContributionMap":{"java":{"insertions":27,"deletions":2}}},{"hash":"30ae1b5cab9fa63e579c88d9855efd3bbb7e7d3e","messageTitle":"Add A-Gradle.","messageBody":"","tags":["A-Gradle"],"fileTypesAndContributionMap":{"gradle":{"insertions":41,"deletions":0},"bat":{"insertions":103,"deletions":0}}},{"hash":"6ef8c5f1a4aae042fa9e5f68e1c6362809c0c25e","messageTitle":"Add A-JUnit.","messageBody":"","tags":["A-JUnit"],"fileTypesAndContributionMap":{"java":{"insertions":139,"deletions":8}}},{"hash":"dcd4364d6a789d48e04d796fd48a16a0f9bdb6bc","messageTitle":"Add A-Jar.","messageBody":"","tags":["A-Jar"],"fileTypesAndContributionMap":{"gradle":{"insertions":2,"deletions":2}}},{"hash":"d1a4e7a43e73b30d82715d11f6266ed801442091","messageTitle":"A-JavaDoc","messageBody":"","fileTypesAndContributionMap":{"java":{"insertions":147,"deletions":2}}},{"hash":"9835eb525bb1d155f39dc960cd4037e484c08642","messageTitle":"Add javadoc.","messageBody":"","tags":["A-JavaDoc"],"fileTypesAndContributionMap":{"java":{"insertions":1,"deletions":1}}},{"hash":"925eee411543b9adafc909d129536ff2d80e019e","messageTitle":"Style all task classes.","messageBody":"","fileTypesAndContributionMap":{"java":{"insertions":14,"deletions":1}}},{"hash":"323c3344228cfd5725ab5156acbeccb92e177f31","messageTitle":"Style Duke.java.","messageBody":"","fileTypesAndContributionMap":{"java":{"insertions":7,"deletions":8}}},{"hash":"01fb25fb7d033b569d48c0051e24018258b91435","messageTitle":"Style DukeException.java.","messageBody":"","fileTypesAndContributionMap":{"java":{"insertions":3,"deletions":2}}},{"hash":"c537362ba942132382e19fbb68cf6c55769222f2","messageTitle":"Style Parser.java.","messageBody":"","fileTypesAndContributionMap":{"java":{"insertions":30,"deletions":30}}},{"hash":"e6da35130c4e8682964bb1c41b51c611651ac1b7","messageTitle":"Style Storage.java.","messageBody":"","fileTypesAndContributionMap":{"java":{"insertions":1,"deletions":6}}},{"hash":"669b8585c966bba6a83dd6b306d7310c2a22af37","messageTitle":"Style TaskList.java.","messageBody":"","fileTypesAndContributionMap":{"java":{"insertions":7,"deletions":9}}},{"hash":"2401033c48a880824df8227f55cf35db3ab7d826","messageTitle":"Style Ui.java.","messageBody":"","tags":["A-CodingStandard"],"fileTypesAndContributionMap":{"java":{"insertions":10,"deletions":6}}},{"hash":"59db0ef11530e76ca65e0d84d68f5ef54fc96587","messageTitle":"Add Level 9 search by keyword method.","messageBody":"","tags":["Level-9"],"fileTypesAndContributionMap":{"java":{"insertions":30,"deletions":7}}}]},{"date":"2022-09-01","commitResults":[{"hash":"869449cad100e4b19df1c23e6a1ef566a19f8aa3","messageTitle":"Add checkstyle configuration files and fix coding violations.","messageBody":"","fileTypesAndContributionMap":{"java":{"insertions":57,"deletions":25}}}]},{"date":"2022-09-03","commitResults":[{"hash":"a75a207dec7001eae406eede62525756ccfd4a86","messageTitle":"Add GUI images and FXML files.","messageBody":"","fileTypesAndContributionMap":{"fxml":{"insertions":35,"deletions":0},"java":{"insertions":151,"deletions":0}}},{"hash":"2a3fbe389aab3805d207925b1aad69bd6c9ea646","messageTitle":"Update duke package.","messageBody":"","fileTypesAndContributionMap":{"java":{"insertions":108,"deletions":95}}},{"hash":"f29fbfe4029451323e92cdb72964cde13aab7bc6","messageTitle":"Add Main class.","messageBody":"","fileTypesAndContributionMap":{"java":{"insertions":32,"deletions":2}}},{"hash":"4de13576471c74a43517a5e89ddf4186299d769a","messageTitle":"Change dialog text display.","messageBody":"","tags":["Level-10"],"fileTypesAndContributionMap":{"fxml":{"insertions":3,"deletions":2},"java":{"insertions":19,"deletions":12}}}]},{"date":"2022-09-08","commitResults":[{"hash":"41cd86e4b12ac386174442b5d1219d424872dcbc","messageTitle":"Add assertions to check code error.","messageBody":"","tags":["A-Assertions"],"fileTypesAndContributionMap":{"java":{"insertions":31,"deletions":42}}},{"hash":"697cd0bb9cd4eb84ef346c8d4c22badd90feb304","messageTitle":"Modify save task list function","messageBody":"The save function in Storage class are never used after the GUI is changed, duke chatbot cannot save task after every change.\n\nAdding saving function to duke chatbot, modifying UI class and Parser class for correct reply message to user input\n\nLet’s,\n* change the position of save function to allow saving tasks based on each change.\n* change some String returned in parseCommand function to protect abstraction principle\n* change some String returned from UI to print correct message in chatbot\n","tags":["A-FullCommitMessage"],"fileTypesAndContributionMap":{"java":{"insertions":14,"deletions":6}}}]}]},"authorFileTypeContributionMap":{"Qiaoran-M":{"java":1127,"md":0,"fxml":36,"sh":2,"bat":103,"gradle":41,"txt":14}},"authorContributionVariance":{"Qiaoran-M":74288.26},"authorDisplayNameMap":{"Qiaoran-M":"CS2103-F09-2 MENG..ORAN"}}
