[{"path":"build.gradle","fileType":"gradle","lines":[{"lineNumber":1,"author":{"gitId":"-"},"content":"plugins {","lastModifiedDate":"2020-05-25"},{"lineNumber":2,"author":{"gitId":"-"},"content":"    id \u0027java\u0027","lastModifiedDate":"2020-05-25"},{"lineNumber":3,"author":{"gitId":"-"},"content":"    id \u0027application\u0027","lastModifiedDate":"2020-05-25"},{"lineNumber":4,"author":{"gitId":"-"},"content":"    id \u0027com.github.johnrengelman.shadow\u0027 version \u00275.1.0\u0027","lastModifiedDate":"2020-05-25"},{"lineNumber":5,"author":{"gitId":"kavantan"},"content":"    id \u0027checkstyle\u0027","lastModifiedDate":"2022-08-31"},{"lineNumber":6,"author":{"gitId":"kavantan"},"content":"}","lastModifiedDate":"2022-08-31"},{"lineNumber":7,"author":{"gitId":"kavantan"},"content":"","lastModifiedDate":"2022-08-31"},{"lineNumber":8,"author":{"gitId":"kavantan"},"content":"checkstyle {","lastModifiedDate":"2022-08-31"},{"lineNumber":9,"author":{"gitId":"kavantan"},"content":"    toolVersion \u003d \u002710.2\u0027","lastModifiedDate":"2022-08-31"},{"lineNumber":10,"author":{"gitId":"-"},"content":"}","lastModifiedDate":"2020-05-25"},{"lineNumber":11,"author":{"gitId":"-"},"content":"","lastModifiedDate":"2020-05-25"},{"lineNumber":12,"author":{"gitId":"-"},"content":"repositories {","lastModifiedDate":"2020-05-25"},{"lineNumber":13,"author":{"gitId":"-"},"content":"    mavenCentral()","lastModifiedDate":"2020-05-25"},{"lineNumber":14,"author":{"gitId":"-"},"content":"}","lastModifiedDate":"2020-05-25"},{"lineNumber":15,"author":{"gitId":"-"},"content":"","lastModifiedDate":"2020-05-25"},{"lineNumber":16,"author":{"gitId":"-"},"content":"dependencies {","lastModifiedDate":"2020-05-25"},{"lineNumber":17,"author":{"gitId":"-"},"content":"    testImplementation group: \u0027org.junit.jupiter\u0027, name: \u0027junit-jupiter-api\u0027, version: \u00275.5.0\u0027","lastModifiedDate":"2020-05-25"},{"lineNumber":18,"author":{"gitId":"-"},"content":"    testRuntimeOnly group: \u0027org.junit.jupiter\u0027, name: \u0027junit-jupiter-engine\u0027, version: \u00275.5.0\u0027","lastModifiedDate":"2020-05-25"},{"lineNumber":19,"author":{"gitId":"-"},"content":"}","lastModifiedDate":"2020-05-25"},{"lineNumber":20,"author":{"gitId":"-"},"content":"","lastModifiedDate":"2020-05-25"},{"lineNumber":21,"author":{"gitId":"-"},"content":"test {","lastModifiedDate":"2020-05-25"},{"lineNumber":22,"author":{"gitId":"-"},"content":"    useJUnitPlatform()","lastModifiedDate":"2020-05-25"},{"lineNumber":23,"author":{"gitId":"-"},"content":"","lastModifiedDate":"2020-05-25"},{"lineNumber":24,"author":{"gitId":"-"},"content":"    testLogging {","lastModifiedDate":"2020-05-25"},{"lineNumber":25,"author":{"gitId":"-"},"content":"        events \"passed\", \"skipped\", \"failed\"","lastModifiedDate":"2020-05-25"},{"lineNumber":26,"author":{"gitId":"-"},"content":"","lastModifiedDate":"2020-05-25"},{"lineNumber":27,"author":{"gitId":"-"},"content":"        showExceptions true","lastModifiedDate":"2020-05-25"},{"lineNumber":28,"author":{"gitId":"-"},"content":"        exceptionFormat \"full\"","lastModifiedDate":"2020-05-25"},{"lineNumber":29,"author":{"gitId":"-"},"content":"        showCauses true","lastModifiedDate":"2020-05-25"},{"lineNumber":30,"author":{"gitId":"-"},"content":"        showStackTraces true","lastModifiedDate":"2020-05-25"},{"lineNumber":31,"author":{"gitId":"-"},"content":"        showStandardStreams \u003d false","lastModifiedDate":"2020-05-25"},{"lineNumber":32,"author":{"gitId":"-"},"content":"    }","lastModifiedDate":"2020-05-25"},{"lineNumber":33,"author":{"gitId":"-"},"content":"}","lastModifiedDate":"2020-05-25"},{"lineNumber":34,"author":{"gitId":"-"},"content":"","lastModifiedDate":"2020-05-25"},{"lineNumber":35,"author":{"gitId":"-"},"content":"application {","lastModifiedDate":"2020-05-25"},{"lineNumber":36,"author":{"gitId":"kavantan"},"content":"    mainClassName \u003d \"duke.Duke\"","lastModifiedDate":"2022-08-28"},{"lineNumber":37,"author":{"gitId":"-"},"content":"}","lastModifiedDate":"2020-05-25"},{"lineNumber":38,"author":{"gitId":"-"},"content":"","lastModifiedDate":"2020-05-25"},{"lineNumber":39,"author":{"gitId":"-"},"content":"shadowJar {","lastModifiedDate":"2020-05-25"},{"lineNumber":40,"author":{"gitId":"kavantan"},"content":"    archiveBaseName \u003d \"Duke\"","lastModifiedDate":"2022-08-28"},{"lineNumber":41,"author":{"gitId":"-"},"content":"    archiveClassifier \u003d null","lastModifiedDate":"2020-05-25"},{"lineNumber":42,"author":{"gitId":"-"},"content":"}","lastModifiedDate":"2020-05-25"},{"lineNumber":43,"author":{"gitId":"-"},"content":"","lastModifiedDate":"2020-05-25"},{"lineNumber":44,"author":{"gitId":"-"},"content":"run {","lastModifiedDate":"2020-05-25"},{"lineNumber":45,"author":{"gitId":"-"},"content":"    standardInput \u003d System.in","lastModifiedDate":"2020-05-25"},{"lineNumber":46,"author":{"gitId":"-"},"content":"}","lastModifiedDate":"2020-05-25"}],"authorContributionMap":{"kavantan":7,"-":39}},{"path":"src/main/java/duke/Duke.java","fileType":"java","lines":[{"lineNumber":1,"author":{"gitId":"kavantan"},"content":"package duke;","lastModifiedDate":"2022-08-25"},{"lineNumber":2,"author":{"gitId":"kavantan"},"content":"","lastModifiedDate":"2022-08-25"},{"lineNumber":3,"author":{"gitId":"kavantan"},"content":"import duke.task.TaskList;","lastModifiedDate":"2022-08-26"},{"lineNumber":4,"author":{"gitId":"kavantan"},"content":"import duke.util.Parser;","lastModifiedDate":"2022-08-26"},{"lineNumber":5,"author":{"gitId":"kavantan"},"content":"import duke.util.StoredTasks;","lastModifiedDate":"2022-08-26"},{"lineNumber":6,"author":{"gitId":"kavantan"},"content":"import duke.util.Ui;","lastModifiedDate":"2022-08-26"},{"lineNumber":7,"author":{"gitId":"kavantan"},"content":"","lastModifiedDate":"2022-08-26"},{"lineNumber":8,"author":{"gitId":"kavantan"},"content":"import java.io.File;","lastModifiedDate":"2022-08-25"},{"lineNumber":9,"author":{"gitId":"kavantan"},"content":"","lastModifiedDate":"2022-08-18"},{"lineNumber":10,"author":{"gitId":"kavantan"},"content":"/**","lastModifiedDate":"2022-08-28"},{"lineNumber":11,"author":{"gitId":"kavantan"},"content":" * Duke class to run and execute the program.","lastModifiedDate":"2022-08-28"},{"lineNumber":12,"author":{"gitId":"kavantan"},"content":" *","lastModifiedDate":"2022-08-28"},{"lineNumber":13,"author":{"gitId":"kavantan"},"content":" * @author Kavan","lastModifiedDate":"2022-08-28"},{"lineNumber":14,"author":{"gitId":"kavantan"},"content":" */","lastModifiedDate":"2022-08-28"},{"lineNumber":15,"author":{"gitId":"-"},"content":"public class Duke {","lastModifiedDate":"2019-07-29"},{"lineNumber":16,"author":{"gitId":"kavantan"},"content":"    private static final String FILE_DIR \u003d \"data\";","lastModifiedDate":"2022-08-28"},{"lineNumber":17,"author":{"gitId":"kavantan"},"content":"    private static final String FILE_PATH \u003d FILE_DIR + File.separator + \"duke.txt\";","lastModifiedDate":"2022-08-28"},{"lineNumber":18,"author":{"gitId":"kavantan"},"content":"","lastModifiedDate":"2022-08-18"},{"lineNumber":19,"author":{"gitId":"kavantan"},"content":"    private StoredTasks storedTasks;","lastModifiedDate":"2022-08-25"},{"lineNumber":20,"author":{"gitId":"kavantan"},"content":"    private TaskList tasks;","lastModifiedDate":"2022-08-25"},{"lineNumber":21,"author":{"gitId":"kavantan"},"content":"    private Ui ui;","lastModifiedDate":"2022-08-25"},{"lineNumber":22,"author":{"gitId":"kavantan"},"content":"","lastModifiedDate":"2022-08-24"},{"lineNumber":23,"author":{"gitId":"kavantan"},"content":"    /**","lastModifiedDate":"2022-08-28"},{"lineNumber":24,"author":{"gitId":"kavantan"},"content":"     * Constructor for Duke class.","lastModifiedDate":"2022-08-28"},{"lineNumber":25,"author":{"gitId":"kavantan"},"content":"     *","lastModifiedDate":"2022-08-28"},{"lineNumber":26,"author":{"gitId":"kavantan"},"content":"     * @param fileDir Target File Directory.","lastModifiedDate":"2022-08-28"},{"lineNumber":27,"author":{"gitId":"kavantan"},"content":"     * @param filePath Target File Path.","lastModifiedDate":"2022-08-28"},{"lineNumber":28,"author":{"gitId":"kavantan"},"content":"     */","lastModifiedDate":"2022-08-28"},{"lineNumber":29,"author":{"gitId":"kavantan"},"content":"    public Duke(String fileDir, String filePath) {","lastModifiedDate":"2022-08-25"},{"lineNumber":30,"author":{"gitId":"kavantan"},"content":"        this.storedTasks \u003d new StoredTasks(fileDir, filePath);","lastModifiedDate":"2022-08-25"},{"lineNumber":31,"author":{"gitId":"kavantan"},"content":"        this.ui \u003d new Ui();","lastModifiedDate":"2022-08-25"},{"lineNumber":32,"author":{"gitId":"kavantan"},"content":"        try {","lastModifiedDate":"2022-08-25"},{"lineNumber":33,"author":{"gitId":"kavantan"},"content":"            this.tasks \u003d new TaskList(this.storedTasks.load());","lastModifiedDate":"2022-08-25"},{"lineNumber":34,"author":{"gitId":"kavantan"},"content":"        } catch (DukeException e) {","lastModifiedDate":"2022-08-25"},{"lineNumber":35,"author":{"gitId":"kavantan"},"content":"            this.tasks \u003d new TaskList();","lastModifiedDate":"2022-08-25"},{"lineNumber":36,"author":{"gitId":"kavantan"},"content":"        }","lastModifiedDate":"2022-08-18"},{"lineNumber":37,"author":{"gitId":"kavantan"},"content":"    }","lastModifiedDate":"2022-08-18"},{"lineNumber":38,"author":{"gitId":"kavantan"},"content":"","lastModifiedDate":"2022-08-18"},{"lineNumber":39,"author":{"gitId":"kavantan"},"content":"    /**","lastModifiedDate":"2022-08-28"},{"lineNumber":40,"author":{"gitId":"kavantan"},"content":"     * Runs the Duke program.","lastModifiedDate":"2022-08-28"},{"lineNumber":41,"author":{"gitId":"kavantan"},"content":"     */","lastModifiedDate":"2022-08-28"},{"lineNumber":42,"author":{"gitId":"kavantan"},"content":"    public void runDuke() {","lastModifiedDate":"2022-08-28"},{"lineNumber":43,"author":{"gitId":"kavantan"},"content":"        while (true) {","lastModifiedDate":"2022-08-18"},{"lineNumber":44,"author":{"gitId":"kavantan"},"content":"            String command \u003d this.ui.getUserCommand();","lastModifiedDate":"2022-08-25"},{"lineNumber":45,"author":{"gitId":"kavantan"},"content":"            try {","lastModifiedDate":"2022-08-18"},{"lineNumber":46,"author":{"gitId":"kavantan"},"content":"                Parser.handleCommand(command, this.tasks);","lastModifiedDate":"2022-08-25"},{"lineNumber":47,"author":{"gitId":"kavantan"},"content":"                if (command.equals(\"bye\")) {","lastModifiedDate":"2022-08-18"},{"lineNumber":48,"author":{"gitId":"kavantan"},"content":"                    this.storedTasks.save(this.tasks);","lastModifiedDate":"2022-08-25"},{"lineNumber":49,"author":{"gitId":"kavantan"},"content":"                    break;","lastModifiedDate":"2022-08-18"},{"lineNumber":50,"author":{"gitId":"kavantan"},"content":"                }","lastModifiedDate":"2022-08-18"},{"lineNumber":51,"author":{"gitId":"kavantan"},"content":"            } catch (DukeException de) {","lastModifiedDate":"2022-08-18"},{"lineNumber":52,"author":{"gitId":"kavantan"},"content":"                this.storedTasks.save(this.tasks);","lastModifiedDate":"2022-08-25"},{"lineNumber":53,"author":{"gitId":"kavantan"},"content":"                System.out.println(de);","lastModifiedDate":"2022-08-18"},{"lineNumber":54,"author":{"gitId":"kavantan"},"content":"                break;","lastModifiedDate":"2022-08-18"},{"lineNumber":55,"author":{"gitId":"kavantan"},"content":"            }","lastModifiedDate":"2022-08-18"},{"lineNumber":56,"author":{"gitId":"kavantan"},"content":"        }","lastModifiedDate":"2022-08-18"},{"lineNumber":57,"author":{"gitId":"-"},"content":"    }","lastModifiedDate":"2019-07-29"},{"lineNumber":58,"author":{"gitId":"kavantan"},"content":"","lastModifiedDate":"2022-08-25"},{"lineNumber":59,"author":{"gitId":"kavantan"},"content":"    /**","lastModifiedDate":"2022-08-28"},{"lineNumber":60,"author":{"gitId":"kavantan"},"content":"     * Main method for the Duke class.","lastModifiedDate":"2022-08-28"},{"lineNumber":61,"author":{"gitId":"kavantan"},"content":"     *","lastModifiedDate":"2022-08-28"},{"lineNumber":62,"author":{"gitId":"kavantan"},"content":"     * @param args Command line arguments.","lastModifiedDate":"2022-08-28"},{"lineNumber":63,"author":{"gitId":"kavantan"},"content":"     */","lastModifiedDate":"2022-08-28"},{"lineNumber":64,"author":{"gitId":"kavantan"},"content":"    public static void main(String[] args) {","lastModifiedDate":"2022-08-25"},{"lineNumber":65,"author":{"gitId":"kavantan"},"content":"        new Duke(FILE_DIR, FILE_PATH).runDuke();","lastModifiedDate":"2022-08-28"},{"lineNumber":66,"author":{"gitId":"kavantan"},"content":"    }","lastModifiedDate":"2022-08-25"},{"lineNumber":67,"author":{"gitId":"-"},"content":"}","lastModifiedDate":"2019-07-29"}],"authorContributionMap":{"kavantan":64,"-":3}},{"path":"src/main/java/duke/DukeException.java","fileType":"java","lines":[{"lineNumber":1,"author":{"gitId":"kavantan"},"content":"package duke;","lastModifiedDate":"2022-08-25"},{"lineNumber":2,"author":{"gitId":"kavantan"},"content":"","lastModifiedDate":"2022-08-25"},{"lineNumber":3,"author":{"gitId":"kavantan"},"content":"/**","lastModifiedDate":"2022-08-28"},{"lineNumber":4,"author":{"gitId":"kavantan"},"content":" * DukeException class which inherits from Exception.","lastModifiedDate":"2022-08-28"},{"lineNumber":5,"author":{"gitId":"kavantan"},"content":" *","lastModifiedDate":"2022-08-28"},{"lineNumber":6,"author":{"gitId":"kavantan"},"content":" * @author Kavan","lastModifiedDate":"2022-08-28"},{"lineNumber":7,"author":{"gitId":"kavantan"},"content":" */","lastModifiedDate":"2022-08-28"},{"lineNumber":8,"author":{"gitId":"kavantan"},"content":"public class DukeException extends Exception {","lastModifiedDate":"2022-08-18"},{"lineNumber":9,"author":{"gitId":"kavantan"},"content":"","lastModifiedDate":"2022-08-18"},{"lineNumber":10,"author":{"gitId":"kavantan"},"content":"    /**","lastModifiedDate":"2022-08-28"},{"lineNumber":11,"author":{"gitId":"kavantan"},"content":"     * Constructs a new Exception with the specified description.","lastModifiedDate":"2022-08-28"},{"lineNumber":12,"author":{"gitId":"kavantan"},"content":"     *","lastModifiedDate":"2022-08-28"},{"lineNumber":13,"author":{"gitId":"kavantan"},"content":"     * @param description Description of Exception.","lastModifiedDate":"2022-08-28"},{"lineNumber":14,"author":{"gitId":"kavantan"},"content":"     */","lastModifiedDate":"2022-08-28"},{"lineNumber":15,"author":{"gitId":"kavantan"},"content":"    public DukeException(String description) {","lastModifiedDate":"2022-08-18"},{"lineNumber":16,"author":{"gitId":"kavantan"},"content":"        super(\"☹ OOPS!!! \" + description);","lastModifiedDate":"2022-08-18"},{"lineNumber":17,"author":{"gitId":"kavantan"},"content":"    }","lastModifiedDate":"2022-08-18"},{"lineNumber":18,"author":{"gitId":"kavantan"},"content":"}","lastModifiedDate":"2022-08-18"}],"authorContributionMap":{"kavantan":18}},{"path":"src/main/java/duke/task/Deadlines.java","fileType":"java","lines":[{"lineNumber":1,"author":{"gitId":"kavantan"},"content":"package duke.task;","lastModifiedDate":"2022-08-26"},{"lineNumber":2,"author":{"gitId":"kavantan"},"content":"","lastModifiedDate":"2022-08-26"},{"lineNumber":3,"author":{"gitId":"kavantan"},"content":"import duke.util.DateAndTimeParser;","lastModifiedDate":"2022-08-26"},{"lineNumber":4,"author":{"gitId":"kavantan"},"content":"","lastModifiedDate":"2022-08-25"},{"lineNumber":5,"author":{"gitId":"kavantan"},"content":"import java.time.LocalDate;","lastModifiedDate":"2022-08-24"},{"lineNumber":6,"author":{"gitId":"kavantan"},"content":"","lastModifiedDate":"2022-08-24"},{"lineNumber":7,"author":{"gitId":"kavantan"},"content":"/**","lastModifiedDate":"2022-08-28"},{"lineNumber":8,"author":{"gitId":"kavantan"},"content":" * Deadlines class which inherits from Task class.","lastModifiedDate":"2022-08-28"},{"lineNumber":9,"author":{"gitId":"kavantan"},"content":" *","lastModifiedDate":"2022-08-28"},{"lineNumber":10,"author":{"gitId":"kavantan"},"content":" * @author Kavan","lastModifiedDate":"2022-08-28"},{"lineNumber":11,"author":{"gitId":"kavantan"},"content":" */","lastModifiedDate":"2022-08-28"},{"lineNumber":12,"author":{"gitId":"kavantan"},"content":"public class Deadlines extends Task {","lastModifiedDate":"2022-08-18"},{"lineNumber":13,"author":{"gitId":"kavantan"},"content":"    private String dateTime;","lastModifiedDate":"2022-08-18"},{"lineNumber":14,"author":{"gitId":"kavantan"},"content":"    private LocalDate date;","lastModifiedDate":"2022-08-24"},{"lineNumber":15,"author":{"gitId":"kavantan"},"content":"","lastModifiedDate":"2022-08-18"},{"lineNumber":16,"author":{"gitId":"kavantan"},"content":"    /**","lastModifiedDate":"2022-08-28"},{"lineNumber":17,"author":{"gitId":"kavantan"},"content":"     * @param description Description of deadline.","lastModifiedDate":"2022-08-28"},{"lineNumber":18,"author":{"gitId":"kavantan"},"content":"     * @param dateTime Date and time of deadline.","lastModifiedDate":"2022-08-28"},{"lineNumber":19,"author":{"gitId":"kavantan"},"content":"     * @param date Date and time of deadline.","lastModifiedDate":"2022-08-28"},{"lineNumber":20,"author":{"gitId":"kavantan"},"content":"     */","lastModifiedDate":"2022-08-28"},{"lineNumber":21,"author":{"gitId":"kavantan"},"content":"    public Deadlines(String description, String dateTime, LocalDate date) {","lastModifiedDate":"2022-08-24"},{"lineNumber":22,"author":{"gitId":"kavantan"},"content":"        super(description);","lastModifiedDate":"2022-08-18"},{"lineNumber":23,"author":{"gitId":"kavantan"},"content":"        this.dateTime \u003d dateTime;","lastModifiedDate":"2022-08-18"},{"lineNumber":24,"author":{"gitId":"kavantan"},"content":"        this.date \u003d date;","lastModifiedDate":"2022-08-24"},{"lineNumber":25,"author":{"gitId":"kavantan"},"content":"    }","lastModifiedDate":"2022-08-18"},{"lineNumber":26,"author":{"gitId":"kavantan"},"content":"","lastModifiedDate":"2022-08-18"},{"lineNumber":27,"author":{"gitId":"kavantan"},"content":"    @Override","lastModifiedDate":"2022-08-28"},{"lineNumber":28,"author":{"gitId":"kavantan"},"content":"    public String storedTaskString() {","lastModifiedDate":"2022-08-24"},{"lineNumber":29,"author":{"gitId":"kavantan"},"content":"        return \"D|\" + String.valueOf(this.isDone) + \"|\" + this.description + \"|\" + this.dateTime;","lastModifiedDate":"2022-08-24"},{"lineNumber":30,"author":{"gitId":"kavantan"},"content":"    }","lastModifiedDate":"2022-08-24"},{"lineNumber":31,"author":{"gitId":"kavantan"},"content":"","lastModifiedDate":"2022-08-24"},{"lineNumber":32,"author":{"gitId":"kavantan"},"content":"    @Override","lastModifiedDate":"2022-08-18"},{"lineNumber":33,"author":{"gitId":"kavantan"},"content":"    public String toString() {","lastModifiedDate":"2022-08-18"},{"lineNumber":34,"author":{"gitId":"kavantan"},"content":"        if (date !\u003d null) {","lastModifiedDate":"2022-08-24"},{"lineNumber":35,"author":{"gitId":"kavantan"},"content":"            return \"[D]\" + super.toString() + \" (by: \" + DateAndTimeParser.convertDate(this.date) + \")\";","lastModifiedDate":"2022-08-24"},{"lineNumber":36,"author":{"gitId":"kavantan"},"content":"        } else {","lastModifiedDate":"2022-08-24"},{"lineNumber":37,"author":{"gitId":"kavantan"},"content":"            return \"[D]\" + super.toString() + \" (by: \" + this.dateTime + \")\";","lastModifiedDate":"2022-08-18"},{"lineNumber":38,"author":{"gitId":"kavantan"},"content":"        }","lastModifiedDate":"2022-08-18"},{"lineNumber":39,"author":{"gitId":"kavantan"},"content":"    }","lastModifiedDate":"2022-08-18"},{"lineNumber":40,"author":{"gitId":"kavantan"},"content":"","lastModifiedDate":"2022-08-18"},{"lineNumber":41,"author":{"gitId":"kavantan"},"content":"}","lastModifiedDate":"2022-08-18"}],"authorContributionMap":{"kavantan":41}},{"path":"src/main/java/duke/task/Events.java","fileType":"java","lines":[{"lineNumber":1,"author":{"gitId":"kavantan"},"content":"package duke.task;","lastModifiedDate":"2022-08-26"},{"lineNumber":2,"author":{"gitId":"kavantan"},"content":"","lastModifiedDate":"2022-08-25"},{"lineNumber":3,"author":{"gitId":"kavantan"},"content":"/**","lastModifiedDate":"2022-08-28"},{"lineNumber":4,"author":{"gitId":"kavantan"},"content":" * Events class which inherits from Task class.","lastModifiedDate":"2022-08-28"},{"lineNumber":5,"author":{"gitId":"kavantan"},"content":" *","lastModifiedDate":"2022-08-28"},{"lineNumber":6,"author":{"gitId":"kavantan"},"content":" * @author Kavan","lastModifiedDate":"2022-08-28"},{"lineNumber":7,"author":{"gitId":"kavantan"},"content":" */","lastModifiedDate":"2022-08-28"},{"lineNumber":8,"author":{"gitId":"kavantan"},"content":"public class Events extends Task {","lastModifiedDate":"2022-08-18"},{"lineNumber":9,"author":{"gitId":"kavantan"},"content":"    private String specificTime;","lastModifiedDate":"2022-08-18"},{"lineNumber":10,"author":{"gitId":"kavantan"},"content":"","lastModifiedDate":"2022-08-18"},{"lineNumber":11,"author":{"gitId":"kavantan"},"content":"    /**","lastModifiedDate":"2022-08-28"},{"lineNumber":12,"author":{"gitId":"kavantan"},"content":"     * Constructor for Events class.","lastModifiedDate":"2022-08-28"},{"lineNumber":13,"author":{"gitId":"kavantan"},"content":"     *","lastModifiedDate":"2022-08-28"},{"lineNumber":14,"author":{"gitId":"kavantan"},"content":"     * @param description Description of event.","lastModifiedDate":"2022-08-28"},{"lineNumber":15,"author":{"gitId":"kavantan"},"content":"     * @param specificTime Time of event.","lastModifiedDate":"2022-08-28"},{"lineNumber":16,"author":{"gitId":"kavantan"},"content":"     */","lastModifiedDate":"2022-08-28"},{"lineNumber":17,"author":{"gitId":"kavantan"},"content":"    public Events(String description, String specificTime) {","lastModifiedDate":"2022-08-18"},{"lineNumber":18,"author":{"gitId":"kavantan"},"content":"        super(description);","lastModifiedDate":"2022-08-18"},{"lineNumber":19,"author":{"gitId":"kavantan"},"content":"        this.specificTime \u003d specificTime;","lastModifiedDate":"2022-08-18"},{"lineNumber":20,"author":{"gitId":"kavantan"},"content":"    }","lastModifiedDate":"2022-08-18"},{"lineNumber":21,"author":{"gitId":"kavantan"},"content":"","lastModifiedDate":"2022-08-18"},{"lineNumber":22,"author":{"gitId":"kavantan"},"content":"    @Override","lastModifiedDate":"2022-08-28"},{"lineNumber":23,"author":{"gitId":"kavantan"},"content":"    public String storedTaskString() {","lastModifiedDate":"2022-08-24"},{"lineNumber":24,"author":{"gitId":"kavantan"},"content":"        return \"E|\" + String.valueOf(this.isDone) + \"|\" + this.description + \"|\" + this.specificTime;","lastModifiedDate":"2022-08-24"},{"lineNumber":25,"author":{"gitId":"kavantan"},"content":"    }","lastModifiedDate":"2022-08-24"},{"lineNumber":26,"author":{"gitId":"kavantan"},"content":"","lastModifiedDate":"2022-08-24"},{"lineNumber":27,"author":{"gitId":"kavantan"},"content":"    @Override","lastModifiedDate":"2022-08-18"},{"lineNumber":28,"author":{"gitId":"kavantan"},"content":"    public String toString() {","lastModifiedDate":"2022-08-18"},{"lineNumber":29,"author":{"gitId":"kavantan"},"content":"        return \"[E]\" + super.toString() + \" (at: \" + this.specificTime + \")\";","lastModifiedDate":"2022-08-18"},{"lineNumber":30,"author":{"gitId":"kavantan"},"content":"    }","lastModifiedDate":"2022-08-18"},{"lineNumber":31,"author":{"gitId":"kavantan"},"content":"}","lastModifiedDate":"2022-08-18"}],"authorContributionMap":{"kavantan":31}},{"path":"src/main/java/duke/task/Task.java","fileType":"java","lines":[{"lineNumber":1,"author":{"gitId":"kavantan"},"content":"package duke.task;","lastModifiedDate":"2022-08-26"},{"lineNumber":2,"author":{"gitId":"kavantan"},"content":"","lastModifiedDate":"2022-08-25"},{"lineNumber":3,"author":{"gitId":"kavantan"},"content":"/**","lastModifiedDate":"2022-08-28"},{"lineNumber":4,"author":{"gitId":"kavantan"},"content":" * Task class which represents a task, e.g. Deadlines, Events, Todos.","lastModifiedDate":"2022-08-28"},{"lineNumber":5,"author":{"gitId":"kavantan"},"content":" *","lastModifiedDate":"2022-08-28"},{"lineNumber":6,"author":{"gitId":"kavantan"},"content":" * @author Kavan","lastModifiedDate":"2022-08-28"},{"lineNumber":7,"author":{"gitId":"kavantan"},"content":" */","lastModifiedDate":"2022-08-28"},{"lineNumber":8,"author":{"gitId":"kavantan"},"content":"public abstract class Task {","lastModifiedDate":"2022-08-24"},{"lineNumber":9,"author":{"gitId":"kavantan"},"content":"    protected String description;","lastModifiedDate":"2022-08-18"},{"lineNumber":10,"author":{"gitId":"kavantan"},"content":"    protected boolean isDone;","lastModifiedDate":"2022-08-18"},{"lineNumber":11,"author":{"gitId":"kavantan"},"content":"","lastModifiedDate":"2022-08-18"},{"lineNumber":12,"author":{"gitId":"kavantan"},"content":"    /**","lastModifiedDate":"2022-08-28"},{"lineNumber":13,"author":{"gitId":"kavantan"},"content":"     * Constructor for Task class.","lastModifiedDate":"2022-08-28"},{"lineNumber":14,"author":{"gitId":"kavantan"},"content":"     *","lastModifiedDate":"2022-08-28"},{"lineNumber":15,"author":{"gitId":"kavantan"},"content":"     * @param description Description of Task.","lastModifiedDate":"2022-08-28"},{"lineNumber":16,"author":{"gitId":"kavantan"},"content":"     */","lastModifiedDate":"2022-08-28"},{"lineNumber":17,"author":{"gitId":"kavantan"},"content":"    public Task(String description) {","lastModifiedDate":"2022-08-18"},{"lineNumber":18,"author":{"gitId":"kavantan"},"content":"        this.description \u003d description;","lastModifiedDate":"2022-08-18"},{"lineNumber":19,"author":{"gitId":"kavantan"},"content":"        this.isDone \u003d false;","lastModifiedDate":"2022-08-18"},{"lineNumber":20,"author":{"gitId":"kavantan"},"content":"    }","lastModifiedDate":"2022-08-18"},{"lineNumber":21,"author":{"gitId":"kavantan"},"content":"","lastModifiedDate":"2022-08-18"},{"lineNumber":22,"author":{"gitId":"kavantan"},"content":"    /**","lastModifiedDate":"2022-08-28"},{"lineNumber":23,"author":{"gitId":"kavantan"},"content":"     * Returns the status of a Task as a String, where \u0027X\u0027 is done and \u0027 \u0027 is undone.","lastModifiedDate":"2022-08-28"},{"lineNumber":24,"author":{"gitId":"kavantan"},"content":"     *","lastModifiedDate":"2022-08-28"},{"lineNumber":25,"author":{"gitId":"kavantan"},"content":"     * @return Status of a Task.","lastModifiedDate":"2022-08-28"},{"lineNumber":26,"author":{"gitId":"kavantan"},"content":"     */","lastModifiedDate":"2022-08-28"},{"lineNumber":27,"author":{"gitId":"kavantan"},"content":"    public String getStatusIcon() {","lastModifiedDate":"2022-08-18"},{"lineNumber":28,"author":{"gitId":"kavantan"},"content":"        return (isDone ? \"X\" : \" \"); // mark done task with X","lastModifiedDate":"2022-08-18"},{"lineNumber":29,"author":{"gitId":"kavantan"},"content":"    }","lastModifiedDate":"2022-08-18"},{"lineNumber":30,"author":{"gitId":"kavantan"},"content":"","lastModifiedDate":"2022-08-18"},{"lineNumber":31,"author":{"gitId":"kavantan"},"content":"    /**","lastModifiedDate":"2022-08-28"},{"lineNumber":32,"author":{"gitId":"kavantan"},"content":"     * Mark a Task as done.","lastModifiedDate":"2022-08-28"},{"lineNumber":33,"author":{"gitId":"kavantan"},"content":"     */","lastModifiedDate":"2022-08-28"},{"lineNumber":34,"author":{"gitId":"kavantan"},"content":"    public void markAsDone() {","lastModifiedDate":"2022-08-18"},{"lineNumber":35,"author":{"gitId":"kavantan"},"content":"        this.isDone \u003d true;","lastModifiedDate":"2022-08-18"},{"lineNumber":36,"author":{"gitId":"kavantan"},"content":"    }","lastModifiedDate":"2022-08-18"},{"lineNumber":37,"author":{"gitId":"kavantan"},"content":"","lastModifiedDate":"2022-08-18"},{"lineNumber":38,"author":{"gitId":"kavantan"},"content":"    /**","lastModifiedDate":"2022-08-28"},{"lineNumber":39,"author":{"gitId":"kavantan"},"content":"     * Mark a Task as undone.","lastModifiedDate":"2022-08-28"},{"lineNumber":40,"author":{"gitId":"kavantan"},"content":"     */","lastModifiedDate":"2022-08-28"},{"lineNumber":41,"author":{"gitId":"kavantan"},"content":"    public void markAsUndone() {","lastModifiedDate":"2022-08-18"},{"lineNumber":42,"author":{"gitId":"kavantan"},"content":"        this.isDone \u003d false;","lastModifiedDate":"2022-08-18"},{"lineNumber":43,"author":{"gitId":"kavantan"},"content":"    }","lastModifiedDate":"2022-08-18"},{"lineNumber":44,"author":{"gitId":"kavantan"},"content":"","lastModifiedDate":"2022-08-18"},{"lineNumber":45,"author":{"gitId":"kavantan"},"content":"    /**","lastModifiedDate":"2022-08-28"},{"lineNumber":46,"author":{"gitId":"kavantan"},"content":"     * Returns true if input keyword is found in Task description.","lastModifiedDate":"2022-08-28"},{"lineNumber":47,"author":{"gitId":"kavantan"},"content":"     *","lastModifiedDate":"2022-08-28"},{"lineNumber":48,"author":{"gitId":"kavantan"},"content":"     * @param keyword Keyword to search.","lastModifiedDate":"2022-08-28"},{"lineNumber":49,"author":{"gitId":"kavantan"},"content":"     * @return Boolean determining presence of keyword in Task description.","lastModifiedDate":"2022-08-28"},{"lineNumber":50,"author":{"gitId":"kavantan"},"content":"     */","lastModifiedDate":"2022-08-28"},{"lineNumber":51,"author":{"gitId":"kavantan"},"content":"    public boolean containsKeyword(String keyword) {","lastModifiedDate":"2022-08-28"},{"lineNumber":52,"author":{"gitId":"kavantan"},"content":"        String[] descriptionDelimited \u003d this.description.split(\" \");","lastModifiedDate":"2022-08-28"},{"lineNumber":53,"author":{"gitId":"kavantan"},"content":"        for (String word : descriptionDelimited) {","lastModifiedDate":"2022-08-28"},{"lineNumber":54,"author":{"gitId":"kavantan"},"content":"            if (keyword.equals(word)) {","lastModifiedDate":"2022-08-28"},{"lineNumber":55,"author":{"gitId":"kavantan"},"content":"                return true;","lastModifiedDate":"2022-08-28"},{"lineNumber":56,"author":{"gitId":"kavantan"},"content":"            }","lastModifiedDate":"2022-08-28"},{"lineNumber":57,"author":{"gitId":"kavantan"},"content":"        }","lastModifiedDate":"2022-08-28"},{"lineNumber":58,"author":{"gitId":"kavantan"},"content":"        return false;","lastModifiedDate":"2022-08-28"},{"lineNumber":59,"author":{"gitId":"kavantan"},"content":"    }","lastModifiedDate":"2022-08-28"},{"lineNumber":60,"author":{"gitId":"kavantan"},"content":"","lastModifiedDate":"2022-08-28"},{"lineNumber":61,"author":{"gitId":"kavantan"},"content":"    /**","lastModifiedDate":"2022-08-28"},{"lineNumber":62,"author":{"gitId":"kavantan"},"content":"     * Return Task as a String to be saved in a .txt file.","lastModifiedDate":"2022-08-28"},{"lineNumber":63,"author":{"gitId":"kavantan"},"content":"     *","lastModifiedDate":"2022-08-28"},{"lineNumber":64,"author":{"gitId":"kavantan"},"content":"     * @return Task as a String.","lastModifiedDate":"2022-08-28"},{"lineNumber":65,"author":{"gitId":"kavantan"},"content":"     */","lastModifiedDate":"2022-08-28"},{"lineNumber":66,"author":{"gitId":"kavantan"},"content":"    abstract String storedTaskString();","lastModifiedDate":"2022-08-24"},{"lineNumber":67,"author":{"gitId":"kavantan"},"content":"","lastModifiedDate":"2022-08-24"},{"lineNumber":68,"author":{"gitId":"kavantan"},"content":"    @Override","lastModifiedDate":"2022-08-18"},{"lineNumber":69,"author":{"gitId":"kavantan"},"content":"    public String toString() {","lastModifiedDate":"2022-08-18"},{"lineNumber":70,"author":{"gitId":"kavantan"},"content":"        return \"[\" + getStatusIcon() + \"] \" + this.description;","lastModifiedDate":"2022-08-18"},{"lineNumber":71,"author":{"gitId":"kavantan"},"content":"    }","lastModifiedDate":"2022-08-18"},{"lineNumber":72,"author":{"gitId":"kavantan"},"content":"}","lastModifiedDate":"2022-08-18"}],"authorContributionMap":{"kavantan":72}},{"path":"src/main/java/duke/task/TaskList.java","fileType":"java","lines":[{"lineNumber":1,"author":{"gitId":"kavantan"},"content":"package duke.task;","lastModifiedDate":"2022-08-26"},{"lineNumber":2,"author":{"gitId":"kavantan"},"content":"","lastModifiedDate":"2022-08-26"},{"lineNumber":3,"author":{"gitId":"kavantan"},"content":"import duke.DukeException;","lastModifiedDate":"2022-08-26"},{"lineNumber":4,"author":{"gitId":"kavantan"},"content":"import duke.util.DateAndTimeParser;","lastModifiedDate":"2022-08-28"},{"lineNumber":5,"author":{"gitId":"kavantan"},"content":"","lastModifiedDate":"2022-08-25"},{"lineNumber":6,"author":{"gitId":"kavantan"},"content":"import java.io.BufferedReader;","lastModifiedDate":"2022-08-25"},{"lineNumber":7,"author":{"gitId":"kavantan"},"content":"import java.io.IOException;","lastModifiedDate":"2022-08-25"},{"lineNumber":8,"author":{"gitId":"kavantan"},"content":"import java.util.ArrayList;","lastModifiedDate":"2022-08-25"},{"lineNumber":9,"author":{"gitId":"kavantan"},"content":"","lastModifiedDate":"2022-08-25"},{"lineNumber":10,"author":{"gitId":"kavantan"},"content":"/**","lastModifiedDate":"2022-08-28"},{"lineNumber":11,"author":{"gitId":"kavantan"},"content":" * TaskList class which represents an array of Task objects.","lastModifiedDate":"2022-08-28"},{"lineNumber":12,"author":{"gitId":"kavantan"},"content":" *","lastModifiedDate":"2022-08-28"},{"lineNumber":13,"author":{"gitId":"kavantan"},"content":" * @author Kavan","lastModifiedDate":"2022-08-28"},{"lineNumber":14,"author":{"gitId":"kavantan"},"content":" */","lastModifiedDate":"2022-08-28"},{"lineNumber":15,"author":{"gitId":"kavantan"},"content":"public class TaskList {","lastModifiedDate":"2022-08-25"},{"lineNumber":16,"author":{"gitId":"kavantan"},"content":"    private final int TASK_TYPE \u003d 0;","lastModifiedDate":"2022-08-28"},{"lineNumber":17,"author":{"gitId":"kavantan"},"content":"    private final int IS_TASK_DONE \u003d 1;","lastModifiedDate":"2022-08-28"},{"lineNumber":18,"author":{"gitId":"kavantan"},"content":"    private final int TASK_DESCRIPTION \u003d 2;","lastModifiedDate":"2022-08-28"},{"lineNumber":19,"author":{"gitId":"kavantan"},"content":"    private final int TASK_TIME \u003d 3;","lastModifiedDate":"2022-08-28"},{"lineNumber":20,"author":{"gitId":"kavantan"},"content":"","lastModifiedDate":"2022-08-25"},{"lineNumber":21,"author":{"gitId":"kavantan"},"content":"    private ArrayList\u003cTask\u003e tasks;","lastModifiedDate":"2022-08-25"},{"lineNumber":22,"author":{"gitId":"kavantan"},"content":"    private BufferedReader br;","lastModifiedDate":"2022-08-25"},{"lineNumber":23,"author":{"gitId":"kavantan"},"content":"","lastModifiedDate":"2022-08-25"},{"lineNumber":24,"author":{"gitId":"kavantan"},"content":"    /**","lastModifiedDate":"2022-08-28"},{"lineNumber":25,"author":{"gitId":"kavantan"},"content":"     * Constructor for a new TaskList object.","lastModifiedDate":"2022-08-28"},{"lineNumber":26,"author":{"gitId":"kavantan"},"content":"     */","lastModifiedDate":"2022-08-28"},{"lineNumber":27,"author":{"gitId":"kavantan"},"content":"    public TaskList() {","lastModifiedDate":"2022-08-25"},{"lineNumber":28,"author":{"gitId":"kavantan"},"content":"        this.tasks \u003d new ArrayList\u003c\u003e(100);","lastModifiedDate":"2022-08-25"},{"lineNumber":29,"author":{"gitId":"kavantan"},"content":"    }","lastModifiedDate":"2022-08-25"},{"lineNumber":30,"author":{"gitId":"kavantan"},"content":"","lastModifiedDate":"2022-08-25"},{"lineNumber":31,"author":{"gitId":"kavantan"},"content":"    /**","lastModifiedDate":"2022-08-28"},{"lineNumber":32,"author":{"gitId":"kavantan"},"content":"     * Constructor for a TaskList object loaded from StoredTasks.","lastModifiedDate":"2022-08-28"},{"lineNumber":33,"author":{"gitId":"kavantan"},"content":"     *","lastModifiedDate":"2022-08-28"},{"lineNumber":34,"author":{"gitId":"kavantan"},"content":"     * @param br Saved-data stored as BufferedReader object.","lastModifiedDate":"2022-08-28"},{"lineNumber":35,"author":{"gitId":"kavantan"},"content":"     * @throws DukeException If IOException is caught.","lastModifiedDate":"2022-08-28"},{"lineNumber":36,"author":{"gitId":"kavantan"},"content":"     */","lastModifiedDate":"2022-08-28"},{"lineNumber":37,"author":{"gitId":"kavantan"},"content":"    public TaskList(BufferedReader br) throws DukeException {","lastModifiedDate":"2022-08-25"},{"lineNumber":38,"author":{"gitId":"kavantan"},"content":"        this.br \u003d br;","lastModifiedDate":"2022-08-25"},{"lineNumber":39,"author":{"gitId":"kavantan"},"content":"        this.tasks \u003d load();","lastModifiedDate":"2022-08-25"},{"lineNumber":40,"author":{"gitId":"kavantan"},"content":"    }","lastModifiedDate":"2022-08-25"},{"lineNumber":41,"author":{"gitId":"kavantan"},"content":"","lastModifiedDate":"2022-08-25"},{"lineNumber":42,"author":{"gitId":"kavantan"},"content":"    /**","lastModifiedDate":"2022-08-28"},{"lineNumber":43,"author":{"gitId":"kavantan"},"content":"     * Returns the number of Tasks in the array.","lastModifiedDate":"2022-08-28"},{"lineNumber":44,"author":{"gitId":"kavantan"},"content":"     *","lastModifiedDate":"2022-08-28"},{"lineNumber":45,"author":{"gitId":"kavantan"},"content":"     * @return Number of Tasks in the array as int.","lastModifiedDate":"2022-08-28"},{"lineNumber":46,"author":{"gitId":"kavantan"},"content":"     */","lastModifiedDate":"2022-08-28"},{"lineNumber":47,"author":{"gitId":"kavantan"},"content":"    public int size() {","lastModifiedDate":"2022-08-25"},{"lineNumber":48,"author":{"gitId":"kavantan"},"content":"        return this.tasks.size();","lastModifiedDate":"2022-08-25"},{"lineNumber":49,"author":{"gitId":"kavantan"},"content":"    }","lastModifiedDate":"2022-08-25"},{"lineNumber":50,"author":{"gitId":"kavantan"},"content":"","lastModifiedDate":"2022-08-25"},{"lineNumber":51,"author":{"gitId":"kavantan"},"content":"    /**","lastModifiedDate":"2022-08-28"},{"lineNumber":52,"author":{"gitId":"kavantan"},"content":"     * Returns Task object at index i.","lastModifiedDate":"2022-08-28"},{"lineNumber":53,"author":{"gitId":"kavantan"},"content":"     *","lastModifiedDate":"2022-08-28"},{"lineNumber":54,"author":{"gitId":"kavantan"},"content":"     * @param i Index of Task object to be retrieved.","lastModifiedDate":"2022-08-28"},{"lineNumber":55,"author":{"gitId":"kavantan"},"content":"     * @return Task object at index i.","lastModifiedDate":"2022-08-28"},{"lineNumber":56,"author":{"gitId":"kavantan"},"content":"     */","lastModifiedDate":"2022-08-28"},{"lineNumber":57,"author":{"gitId":"kavantan"},"content":"    public Task get(int i) {","lastModifiedDate":"2022-08-25"},{"lineNumber":58,"author":{"gitId":"kavantan"},"content":"        return this.tasks.get(i);","lastModifiedDate":"2022-08-25"},{"lineNumber":59,"author":{"gitId":"kavantan"},"content":"    }","lastModifiedDate":"2022-08-25"},{"lineNumber":60,"author":{"gitId":"kavantan"},"content":"","lastModifiedDate":"2022-08-25"},{"lineNumber":61,"author":{"gitId":"kavantan"},"content":"    /**","lastModifiedDate":"2022-08-28"},{"lineNumber":62,"author":{"gitId":"kavantan"},"content":"     * Appends Task object to the end of the TaskList array.","lastModifiedDate":"2022-08-28"},{"lineNumber":63,"author":{"gitId":"kavantan"},"content":"     *","lastModifiedDate":"2022-08-28"},{"lineNumber":64,"author":{"gitId":"kavantan"},"content":"     * @param task Task object to be appended.","lastModifiedDate":"2022-08-28"},{"lineNumber":65,"author":{"gitId":"kavantan"},"content":"     */","lastModifiedDate":"2022-08-28"},{"lineNumber":66,"author":{"gitId":"kavantan"},"content":"    public void add(Task task) {","lastModifiedDate":"2022-08-25"},{"lineNumber":67,"author":{"gitId":"kavantan"},"content":"        this.tasks.add(task);","lastModifiedDate":"2022-08-25"},{"lineNumber":68,"author":{"gitId":"kavantan"},"content":"    }","lastModifiedDate":"2022-08-25"},{"lineNumber":69,"author":{"gitId":"kavantan"},"content":"","lastModifiedDate":"2022-08-25"},{"lineNumber":70,"author":{"gitId":"kavantan"},"content":"    /**","lastModifiedDate":"2022-08-28"},{"lineNumber":71,"author":{"gitId":"kavantan"},"content":"     * Removes Task object at index i.","lastModifiedDate":"2022-08-28"},{"lineNumber":72,"author":{"gitId":"kavantan"},"content":"     *","lastModifiedDate":"2022-08-28"},{"lineNumber":73,"author":{"gitId":"kavantan"},"content":"     * @param i Index of Task object to be removed.","lastModifiedDate":"2022-08-28"},{"lineNumber":74,"author":{"gitId":"kavantan"},"content":"     */","lastModifiedDate":"2022-08-28"},{"lineNumber":75,"author":{"gitId":"kavantan"},"content":"    public void remove(int i) {","lastModifiedDate":"2022-08-25"},{"lineNumber":76,"author":{"gitId":"kavantan"},"content":"        this.tasks.remove(i);","lastModifiedDate":"2022-08-25"},{"lineNumber":77,"author":{"gitId":"kavantan"},"content":"    }","lastModifiedDate":"2022-08-25"},{"lineNumber":78,"author":{"gitId":"kavantan"},"content":"","lastModifiedDate":"2022-08-25"},{"lineNumber":79,"author":{"gitId":"kavantan"},"content":"    /**","lastModifiedDate":"2022-08-28"},{"lineNumber":80,"author":{"gitId":"kavantan"},"content":"     * Return TaskList as a String to be saved in a .txt file.","lastModifiedDate":"2022-08-28"},{"lineNumber":81,"author":{"gitId":"kavantan"},"content":"     *","lastModifiedDate":"2022-08-28"},{"lineNumber":82,"author":{"gitId":"kavantan"},"content":"     * @return TaskList as a String.","lastModifiedDate":"2022-08-28"},{"lineNumber":83,"author":{"gitId":"kavantan"},"content":"     */","lastModifiedDate":"2022-08-28"},{"lineNumber":84,"author":{"gitId":"kavantan"},"content":"    public String taskListToSaveString() {","lastModifiedDate":"2022-08-25"},{"lineNumber":85,"author":{"gitId":"kavantan"},"content":"        StringBuilder saveString \u003d new StringBuilder();","lastModifiedDate":"2022-08-25"},{"lineNumber":86,"author":{"gitId":"kavantan"},"content":"        for (Task task : this.tasks) {","lastModifiedDate":"2022-08-25"},{"lineNumber":87,"author":{"gitId":"kavantan"},"content":"            saveString.append(task.storedTaskString()).append(\"\\n\");","lastModifiedDate":"2022-08-25"},{"lineNumber":88,"author":{"gitId":"kavantan"},"content":"        }","lastModifiedDate":"2022-08-25"},{"lineNumber":89,"author":{"gitId":"kavantan"},"content":"        return saveString.toString();","lastModifiedDate":"2022-08-25"},{"lineNumber":90,"author":{"gitId":"kavantan"},"content":"    }","lastModifiedDate":"2022-08-25"},{"lineNumber":91,"author":{"gitId":"kavantan"},"content":"","lastModifiedDate":"2022-08-25"},{"lineNumber":92,"author":{"gitId":"kavantan"},"content":"    /**","lastModifiedDate":"2022-08-28"},{"lineNumber":93,"author":{"gitId":"kavantan"},"content":"     * Returns TaskList as an ArrayList\u003cTask\u003e.","lastModifiedDate":"2022-08-28"},{"lineNumber":94,"author":{"gitId":"kavantan"},"content":"     *","lastModifiedDate":"2022-08-28"},{"lineNumber":95,"author":{"gitId":"kavantan"},"content":"     * @return TaskList as an ArrayList\u003cTask\u003e.","lastModifiedDate":"2022-08-28"},{"lineNumber":96,"author":{"gitId":"kavantan"},"content":"     * @throws DukeException If IOException is caught.","lastModifiedDate":"2022-08-28"},{"lineNumber":97,"author":{"gitId":"kavantan"},"content":"     */","lastModifiedDate":"2022-08-28"},{"lineNumber":98,"author":{"gitId":"kavantan"},"content":"    private ArrayList\u003cTask\u003e load() throws DukeException {","lastModifiedDate":"2022-08-25"},{"lineNumber":99,"author":{"gitId":"kavantan"},"content":"        ArrayList\u003cTask\u003e storedTasks \u003d new ArrayList\u003c\u003e(100);","lastModifiedDate":"2022-08-25"},{"lineNumber":100,"author":{"gitId":"kavantan"},"content":"        try {","lastModifiedDate":"2022-08-25"},{"lineNumber":101,"author":{"gitId":"kavantan"},"content":"            String line \u003d this.br.readLine();","lastModifiedDate":"2022-08-25"},{"lineNumber":102,"author":{"gitId":"kavantan"},"content":"            while (line !\u003d null) {","lastModifiedDate":"2022-08-25"},{"lineNumber":103,"author":{"gitId":"kavantan"},"content":"                String[] taskArr \u003d line.split(\"\\\\|\");","lastModifiedDate":"2022-08-25"},{"lineNumber":104,"author":{"gitId":"kavantan"},"content":"                switch (taskArr[TASK_TYPE]) {","lastModifiedDate":"2022-08-28"},{"lineNumber":105,"author":{"gitId":"kavantan"},"content":"                case \"T\":","lastModifiedDate":"2022-08-25"},{"lineNumber":106,"author":{"gitId":"kavantan"},"content":"                    Todos todo \u003d new Todos(taskArr[TASK_DESCRIPTION]);","lastModifiedDate":"2022-08-28"},{"lineNumber":107,"author":{"gitId":"kavantan"},"content":"                    if (Boolean.parseBoolean(taskArr[IS_TASK_DONE])) {","lastModifiedDate":"2022-08-28"},{"lineNumber":108,"author":{"gitId":"kavantan"},"content":"                        todo.markAsDone();","lastModifiedDate":"2022-08-25"},{"lineNumber":109,"author":{"gitId":"kavantan"},"content":"                    }","lastModifiedDate":"2022-08-25"},{"lineNumber":110,"author":{"gitId":"kavantan"},"content":"                    storedTasks.add(todo);","lastModifiedDate":"2022-08-25"},{"lineNumber":111,"author":{"gitId":"kavantan"},"content":"                    break;","lastModifiedDate":"2022-08-25"},{"lineNumber":112,"author":{"gitId":"kavantan"},"content":"                case \"D\":","lastModifiedDate":"2022-08-25"},{"lineNumber":113,"author":{"gitId":"kavantan"},"content":"                    Deadlines deadline \u003d new Deadlines(taskArr[TASK_DESCRIPTION], taskArr[TASK_TIME],","lastModifiedDate":"2022-08-28"},{"lineNumber":114,"author":{"gitId":"kavantan"},"content":"                            DateAndTimeParser.validateAndParse(taskArr[TASK_TIME]));","lastModifiedDate":"2022-08-28"},{"lineNumber":115,"author":{"gitId":"kavantan"},"content":"                    if (Boolean.parseBoolean(taskArr[IS_TASK_DONE])) {","lastModifiedDate":"2022-08-28"},{"lineNumber":116,"author":{"gitId":"kavantan"},"content":"                        deadline.markAsDone();","lastModifiedDate":"2022-08-25"},{"lineNumber":117,"author":{"gitId":"kavantan"},"content":"                    }","lastModifiedDate":"2022-08-25"},{"lineNumber":118,"author":{"gitId":"kavantan"},"content":"                    storedTasks.add(deadline);","lastModifiedDate":"2022-08-25"},{"lineNumber":119,"author":{"gitId":"kavantan"},"content":"                    break;","lastModifiedDate":"2022-08-25"},{"lineNumber":120,"author":{"gitId":"kavantan"},"content":"                case \"E\":","lastModifiedDate":"2022-08-25"},{"lineNumber":121,"author":{"gitId":"kavantan"},"content":"                    Events event \u003d new Events(taskArr[TASK_DESCRIPTION], taskArr[TASK_TIME]);","lastModifiedDate":"2022-08-28"},{"lineNumber":122,"author":{"gitId":"kavantan"},"content":"                    if (Boolean.parseBoolean(taskArr[IS_TASK_DONE])) {","lastModifiedDate":"2022-08-28"},{"lineNumber":123,"author":{"gitId":"kavantan"},"content":"                        event.markAsDone();","lastModifiedDate":"2022-08-25"},{"lineNumber":124,"author":{"gitId":"kavantan"},"content":"                    }","lastModifiedDate":"2022-08-25"},{"lineNumber":125,"author":{"gitId":"kavantan"},"content":"                    storedTasks.add(event);","lastModifiedDate":"2022-08-25"},{"lineNumber":126,"author":{"gitId":"kavantan"},"content":"                    break;","lastModifiedDate":"2022-08-25"},{"lineNumber":127,"author":{"gitId":"kavantan"},"content":"                }","lastModifiedDate":"2022-08-25"},{"lineNumber":128,"author":{"gitId":"kavantan"},"content":"                line \u003d br.readLine();","lastModifiedDate":"2022-08-25"},{"lineNumber":129,"author":{"gitId":"kavantan"},"content":"            }","lastModifiedDate":"2022-08-25"},{"lineNumber":130,"author":{"gitId":"kavantan"},"content":"            br.close();","lastModifiedDate":"2022-08-25"},{"lineNumber":131,"author":{"gitId":"kavantan"},"content":"        } catch (IOException e) {","lastModifiedDate":"2022-08-25"},{"lineNumber":132,"author":{"gitId":"kavantan"},"content":"            throw new DukeException(\"Failure in reading file, creating new save file\");","lastModifiedDate":"2022-08-25"},{"lineNumber":133,"author":{"gitId":"kavantan"},"content":"        }","lastModifiedDate":"2022-08-25"},{"lineNumber":134,"author":{"gitId":"kavantan"},"content":"        return storedTasks;","lastModifiedDate":"2022-08-25"},{"lineNumber":135,"author":{"gitId":"kavantan"},"content":"    }","lastModifiedDate":"2022-08-25"},{"lineNumber":136,"author":{"gitId":"kavantan"},"content":"}","lastModifiedDate":"2022-08-25"}],"authorContributionMap":{"kavantan":136}},{"path":"src/main/java/duke/task/Todos.java","fileType":"java","lines":[{"lineNumber":1,"author":{"gitId":"kavantan"},"content":"package duke.task;","lastModifiedDate":"2022-08-26"},{"lineNumber":2,"author":{"gitId":"kavantan"},"content":"","lastModifiedDate":"2022-08-25"},{"lineNumber":3,"author":{"gitId":"kavantan"},"content":"/**","lastModifiedDate":"2022-08-28"},{"lineNumber":4,"author":{"gitId":"kavantan"},"content":" * Todos class which inherits from Task class.","lastModifiedDate":"2022-08-28"},{"lineNumber":5,"author":{"gitId":"kavantan"},"content":" *","lastModifiedDate":"2022-08-28"},{"lineNumber":6,"author":{"gitId":"kavantan"},"content":" * @author Kavan","lastModifiedDate":"2022-08-28"},{"lineNumber":7,"author":{"gitId":"kavantan"},"content":" */","lastModifiedDate":"2022-08-28"},{"lineNumber":8,"author":{"gitId":"kavantan"},"content":"public class Todos extends Task {","lastModifiedDate":"2022-08-18"},{"lineNumber":9,"author":{"gitId":"kavantan"},"content":"    /**","lastModifiedDate":"2022-08-28"},{"lineNumber":10,"author":{"gitId":"kavantan"},"content":"     * Constructor for Todos class.","lastModifiedDate":"2022-08-28"},{"lineNumber":11,"author":{"gitId":"kavantan"},"content":"     *","lastModifiedDate":"2022-08-28"},{"lineNumber":12,"author":{"gitId":"kavantan"},"content":"     * @param description Description of task todo.","lastModifiedDate":"2022-08-28"},{"lineNumber":13,"author":{"gitId":"kavantan"},"content":"     */","lastModifiedDate":"2022-08-28"},{"lineNumber":14,"author":{"gitId":"kavantan"},"content":"    public Todos(String description) {","lastModifiedDate":"2022-08-18"},{"lineNumber":15,"author":{"gitId":"kavantan"},"content":"        super(description);","lastModifiedDate":"2022-08-18"},{"lineNumber":16,"author":{"gitId":"kavantan"},"content":"    }","lastModifiedDate":"2022-08-18"},{"lineNumber":17,"author":{"gitId":"kavantan"},"content":"","lastModifiedDate":"2022-08-18"},{"lineNumber":18,"author":{"gitId":"kavantan"},"content":"    @Override","lastModifiedDate":"2022-08-28"},{"lineNumber":19,"author":{"gitId":"kavantan"},"content":"    public String storedTaskString() {","lastModifiedDate":"2022-08-24"},{"lineNumber":20,"author":{"gitId":"kavantan"},"content":"        return \"T|\" + String.valueOf(this.isDone) + \"|\" + this.description;","lastModifiedDate":"2022-08-24"},{"lineNumber":21,"author":{"gitId":"kavantan"},"content":"    }","lastModifiedDate":"2022-08-24"},{"lineNumber":22,"author":{"gitId":"kavantan"},"content":"","lastModifiedDate":"2022-08-24"},{"lineNumber":23,"author":{"gitId":"kavantan"},"content":"    @Override","lastModifiedDate":"2022-08-18"},{"lineNumber":24,"author":{"gitId":"kavantan"},"content":"    public String toString() {","lastModifiedDate":"2022-08-18"},{"lineNumber":25,"author":{"gitId":"kavantan"},"content":"        return \"[T]\" + super.toString();","lastModifiedDate":"2022-08-18"},{"lineNumber":26,"author":{"gitId":"kavantan"},"content":"    }","lastModifiedDate":"2022-08-18"},{"lineNumber":27,"author":{"gitId":"kavantan"},"content":"}","lastModifiedDate":"2022-08-18"}],"authorContributionMap":{"kavantan":27}},{"path":"src/main/java/duke/util/DateAndTimeParser.java","fileType":"java","lines":[{"lineNumber":1,"author":{"gitId":"kavantan"},"content":"package duke.util;","lastModifiedDate":"2022-08-26"},{"lineNumber":2,"author":{"gitId":"kavantan"},"content":"","lastModifiedDate":"2022-08-25"},{"lineNumber":3,"author":{"gitId":"kavantan"},"content":"import java.time.LocalDate;","lastModifiedDate":"2022-08-24"},{"lineNumber":4,"author":{"gitId":"kavantan"},"content":"import java.time.format.DateTimeFormatter;","lastModifiedDate":"2022-08-24"},{"lineNumber":5,"author":{"gitId":"kavantan"},"content":"import java.time.format.DateTimeParseException;","lastModifiedDate":"2022-08-24"},{"lineNumber":6,"author":{"gitId":"kavantan"},"content":"","lastModifiedDate":"2022-08-24"},{"lineNumber":7,"author":{"gitId":"kavantan"},"content":"/**","lastModifiedDate":"2022-08-28"},{"lineNumber":8,"author":{"gitId":"kavantan"},"content":" * Class to convert between LocalDate and String objects.","lastModifiedDate":"2022-08-28"},{"lineNumber":9,"author":{"gitId":"kavantan"},"content":" *","lastModifiedDate":"2022-08-28"},{"lineNumber":10,"author":{"gitId":"kavantan"},"content":" * @author Kavan","lastModifiedDate":"2022-08-28"},{"lineNumber":11,"author":{"gitId":"kavantan"},"content":" */","lastModifiedDate":"2022-08-28"},{"lineNumber":12,"author":{"gitId":"kavantan"},"content":"public abstract class DateAndTimeParser {","lastModifiedDate":"2022-08-24"},{"lineNumber":13,"author":{"gitId":"kavantan"},"content":"    /**","lastModifiedDate":"2022-08-28"},{"lineNumber":14,"author":{"gitId":"kavantan"},"content":"     * Returns dateTime in \u0027MMM dd uuuu\u0027 format (e.g. Oct 15 2019).","lastModifiedDate":"2022-08-28"},{"lineNumber":15,"author":{"gitId":"kavantan"},"content":"     *","lastModifiedDate":"2022-08-28"},{"lineNumber":16,"author":{"gitId":"kavantan"},"content":"     * @param dateTime LocalDate object.","lastModifiedDate":"2022-08-28"},{"lineNumber":17,"author":{"gitId":"kavantan"},"content":"     * @return dateTime as a String object.","lastModifiedDate":"2022-08-28"},{"lineNumber":18,"author":{"gitId":"kavantan"},"content":"     */","lastModifiedDate":"2022-08-28"},{"lineNumber":19,"author":{"gitId":"kavantan"},"content":"    public static String convertDate(LocalDate dateTime) {","lastModifiedDate":"2022-08-24"},{"lineNumber":20,"author":{"gitId":"kavantan"},"content":"        DateTimeFormatter formatter \u003d DateTimeFormatter.ofPattern(\"MMM dd uuuu\");","lastModifiedDate":"2022-08-24"},{"lineNumber":21,"author":{"gitId":"kavantan"},"content":"        return dateTime.format(formatter);","lastModifiedDate":"2022-08-24"},{"lineNumber":22,"author":{"gitId":"kavantan"},"content":"    }","lastModifiedDate":"2022-08-24"},{"lineNumber":23,"author":{"gitId":"kavantan"},"content":"","lastModifiedDate":"2022-08-24"},{"lineNumber":24,"author":{"gitId":"kavantan"},"content":"    /**","lastModifiedDate":"2022-08-28"},{"lineNumber":25,"author":{"gitId":"kavantan"},"content":"     * Returns dateTime as a LocalDate object.","lastModifiedDate":"2022-08-28"},{"lineNumber":26,"author":{"gitId":"kavantan"},"content":"     *","lastModifiedDate":"2022-08-28"},{"lineNumber":27,"author":{"gitId":"kavantan"},"content":"     * @param dateTime dateTime as a String.","lastModifiedDate":"2022-08-28"},{"lineNumber":28,"author":{"gitId":"kavantan"},"content":"     * @return dateTime as a LocalDate object.","lastModifiedDate":"2022-08-28"},{"lineNumber":29,"author":{"gitId":"kavantan"},"content":"     */","lastModifiedDate":"2022-08-28"},{"lineNumber":30,"author":{"gitId":"kavantan"},"content":"    public static LocalDate validateAndParse(String dateTime) {","lastModifiedDate":"2022-08-24"},{"lineNumber":31,"author":{"gitId":"kavantan"},"content":"        DateTimeFormatter formatter \u003d DateTimeFormatter.ofPattern(\"yyyy-MM-dd\");","lastModifiedDate":"2022-08-24"},{"lineNumber":32,"author":{"gitId":"kavantan"},"content":"        LocalDate formattedDateTime \u003d null;","lastModifiedDate":"2022-08-24"},{"lineNumber":33,"author":{"gitId":"kavantan"},"content":"        try {","lastModifiedDate":"2022-08-24"},{"lineNumber":34,"author":{"gitId":"kavantan"},"content":"            formattedDateTime \u003d LocalDate.parse(dateTime, formatter);","lastModifiedDate":"2022-08-24"},{"lineNumber":35,"author":{"gitId":"kavantan"},"content":"        } catch (DateTimeParseException e) {","lastModifiedDate":"2022-08-24"},{"lineNumber":36,"author":{"gitId":"kavantan"},"content":"            return null;","lastModifiedDate":"2022-08-24"},{"lineNumber":37,"author":{"gitId":"kavantan"},"content":"        }","lastModifiedDate":"2022-08-24"},{"lineNumber":38,"author":{"gitId":"kavantan"},"content":"        return formattedDateTime;","lastModifiedDate":"2022-08-24"},{"lineNumber":39,"author":{"gitId":"kavantan"},"content":"    }","lastModifiedDate":"2022-08-24"},{"lineNumber":40,"author":{"gitId":"kavantan"},"content":"}","lastModifiedDate":"2022-08-24"}],"authorContributionMap":{"kavantan":40}},{"path":"src/main/java/duke/util/Parser.java","fileType":"java","lines":[{"lineNumber":1,"author":{"gitId":"kavantan"},"content":"package duke.util;","lastModifiedDate":"2022-08-26"},{"lineNumber":2,"author":{"gitId":"kavantan"},"content":"","lastModifiedDate":"2022-08-26"},{"lineNumber":3,"author":{"gitId":"kavantan"},"content":"import duke.DukeException;","lastModifiedDate":"2022-08-26"},{"lineNumber":4,"author":{"gitId":"kavantan"},"content":"import duke.task.Deadlines;","lastModifiedDate":"2022-08-26"},{"lineNumber":5,"author":{"gitId":"kavantan"},"content":"import duke.task.Events;","lastModifiedDate":"2022-08-26"},{"lineNumber":6,"author":{"gitId":"kavantan"},"content":"import duke.task.Task;","lastModifiedDate":"2022-08-26"},{"lineNumber":7,"author":{"gitId":"kavantan"},"content":"import duke.task.TaskList;","lastModifiedDate":"2022-08-26"},{"lineNumber":8,"author":{"gitId":"kavantan"},"content":"import duke.task.Todos;","lastModifiedDate":"2022-08-26"},{"lineNumber":9,"author":{"gitId":"kavantan"},"content":"","lastModifiedDate":"2022-08-25"},{"lineNumber":10,"author":{"gitId":"kavantan"},"content":"import java.util.ArrayList;","lastModifiedDate":"2022-08-25"},{"lineNumber":11,"author":{"gitId":"kavantan"},"content":"import java.util.Arrays;","lastModifiedDate":"2022-08-25"},{"lineNumber":12,"author":{"gitId":"kavantan"},"content":"","lastModifiedDate":"2022-08-25"},{"lineNumber":13,"author":{"gitId":"kavantan"},"content":"/**","lastModifiedDate":"2022-08-28"},{"lineNumber":14,"author":{"gitId":"kavantan"},"content":" * Class to deal with making sense of the user\u0027s command.","lastModifiedDate":"2022-08-28"},{"lineNumber":15,"author":{"gitId":"kavantan"},"content":" *","lastModifiedDate":"2022-08-28"},{"lineNumber":16,"author":{"gitId":"kavantan"},"content":" * @author Kavan","lastModifiedDate":"2022-08-28"},{"lineNumber":17,"author":{"gitId":"kavantan"},"content":" */","lastModifiedDate":"2022-08-28"},{"lineNumber":18,"author":{"gitId":"kavantan"},"content":"public class Parser {","lastModifiedDate":"2022-08-25"},{"lineNumber":19,"author":{"gitId":"kavantan"},"content":"    private static final String HORIZONTAL_LINE \u003d \"  ____________________________________________________________\";","lastModifiedDate":"2022-08-25"},{"lineNumber":20,"author":{"gitId":"kavantan"},"content":"","lastModifiedDate":"2022-08-25"},{"lineNumber":21,"author":{"gitId":"kavantan"},"content":"    /**","lastModifiedDate":"2022-08-28"},{"lineNumber":22,"author":{"gitId":"kavantan"},"content":"     * Handles the user\u0027s input accordingly.","lastModifiedDate":"2022-08-28"},{"lineNumber":23,"author":{"gitId":"kavantan"},"content":"     *","lastModifiedDate":"2022-08-28"},{"lineNumber":24,"author":{"gitId":"kavantan"},"content":"     * @param command     User input.","lastModifiedDate":"2022-08-28"},{"lineNumber":25,"author":{"gitId":"kavantan"},"content":"     * @param storedTasks User\u0027s current TaskList object.","lastModifiedDate":"2022-08-28"},{"lineNumber":26,"author":{"gitId":"kavantan"},"content":"     * @throws DukeException If command is not known.","lastModifiedDate":"2022-08-28"},{"lineNumber":27,"author":{"gitId":"kavantan"},"content":"     */","lastModifiedDate":"2022-08-28"},{"lineNumber":28,"author":{"gitId":"kavantan"},"content":"    public static void handleCommand(String command, TaskList storedTasks) throws DukeException {","lastModifiedDate":"2022-08-25"},{"lineNumber":29,"author":{"gitId":"kavantan"},"content":"        if (command.equals(\"bye\")) {","lastModifiedDate":"2022-08-25"},{"lineNumber":30,"author":{"gitId":"kavantan"},"content":"            System.out.println(HORIZONTAL_LINE + \"\\n  Bye. Hope to see you again soon!\\n\" + HORIZONTAL_LINE);","lastModifiedDate":"2022-08-25"},{"lineNumber":31,"author":{"gitId":"kavantan"},"content":"        } else if (command.equals(\"list\")) {","lastModifiedDate":"2022-08-25"},{"lineNumber":32,"author":{"gitId":"kavantan"},"content":"            System.out.println(HORIZONTAL_LINE);","lastModifiedDate":"2022-08-25"},{"lineNumber":33,"author":{"gitId":"kavantan"},"content":"            for (int i \u003d 0; i \u003c storedTasks.size(); i++) {","lastModifiedDate":"2022-08-25"},{"lineNumber":34,"author":{"gitId":"kavantan"},"content":"                System.out.println(\"  \" + String.valueOf(i + 1) + \". \" + storedTasks.get(i));","lastModifiedDate":"2022-08-25"},{"lineNumber":35,"author":{"gitId":"kavantan"},"content":"            }","lastModifiedDate":"2022-08-25"},{"lineNumber":36,"author":{"gitId":"kavantan"},"content":"            System.out.println(HORIZONTAL_LINE);","lastModifiedDate":"2022-08-25"},{"lineNumber":37,"author":{"gitId":"kavantan"},"content":"        } else if (command.split(\" \").length \u003d\u003d 2 \u0026\u0026 command.split(\" \")[0].equals(\"mark\")) {","lastModifiedDate":"2022-08-25"},{"lineNumber":38,"author":{"gitId":"kavantan"},"content":"            int taskNumber \u003d Integer.parseInt(command.split(\" \")[1]) - 1;","lastModifiedDate":"2022-08-25"},{"lineNumber":39,"author":{"gitId":"kavantan"},"content":"            storedTasks.get(taskNumber).markAsDone();","lastModifiedDate":"2022-08-25"},{"lineNumber":40,"author":{"gitId":"kavantan"},"content":"            System.out.println(HORIZONTAL_LINE + \"\\n  Nice! I\u0027ve marked this task as done:\\n\"","lastModifiedDate":"2022-08-25"},{"lineNumber":41,"author":{"gitId":"kavantan"},"content":"                    + storedTasks.get(taskNumber) + \"\\n\" + HORIZONTAL_LINE);","lastModifiedDate":"2022-08-25"},{"lineNumber":42,"author":{"gitId":"kavantan"},"content":"        } else if (command.split(\" \").length \u003d\u003d 2 \u0026\u0026 command.split(\" \")[0].equals(\"unmark\")) {","lastModifiedDate":"2022-08-25"},{"lineNumber":43,"author":{"gitId":"kavantan"},"content":"            int taskNumber \u003d Integer.parseInt(command.split(\" \")[1]) - 1;","lastModifiedDate":"2022-08-25"},{"lineNumber":44,"author":{"gitId":"kavantan"},"content":"            storedTasks.get(taskNumber).markAsUndone();","lastModifiedDate":"2022-08-25"},{"lineNumber":45,"author":{"gitId":"kavantan"},"content":"            System.out.println(HORIZONTAL_LINE + \"\\n  OK, I\u0027ve marked this task as not done yet:\\n\"","lastModifiedDate":"2022-08-25"},{"lineNumber":46,"author":{"gitId":"kavantan"},"content":"                    + storedTasks.get(taskNumber) + \"\\n\" + HORIZONTAL_LINE);","lastModifiedDate":"2022-08-25"},{"lineNumber":47,"author":{"gitId":"kavantan"},"content":"        } else if (command.split(\" \").length \u003d\u003d 2 \u0026\u0026 command.split(\" \")[0].equals(\"delete\")) {","lastModifiedDate":"2022-08-25"},{"lineNumber":48,"author":{"gitId":"kavantan"},"content":"            int taskNumber \u003d Integer.parseInt(command.split(\" \")[1]) - 1;","lastModifiedDate":"2022-08-25"},{"lineNumber":49,"author":{"gitId":"kavantan"},"content":"            System.out.println(HORIZONTAL_LINE + \"\\n  Noted. I\u0027ve removed this task:\\n    \"","lastModifiedDate":"2022-08-25"},{"lineNumber":50,"author":{"gitId":"kavantan"},"content":"                    + storedTasks.get(taskNumber));","lastModifiedDate":"2022-08-25"},{"lineNumber":51,"author":{"gitId":"kavantan"},"content":"            storedTasks.remove(taskNumber);","lastModifiedDate":"2022-08-25"},{"lineNumber":52,"author":{"gitId":"kavantan"},"content":"            System.out.println(\"  Now you have \"","lastModifiedDate":"2022-08-25"},{"lineNumber":53,"author":{"gitId":"kavantan"},"content":"                    + String.valueOf(storedTasks.size()) + \" tasks in the list.\\n\" + HORIZONTAL_LINE);","lastModifiedDate":"2022-08-25"},{"lineNumber":54,"author":{"gitId":"kavantan"},"content":"        } else if (command.split(\" \").length \u003d\u003d 2 \u0026\u0026 command.split(\" \")[0].equals(\"find\")) {","lastModifiedDate":"2022-08-28"},{"lineNumber":55,"author":{"gitId":"kavantan"},"content":"            String keyword \u003d command.split(\" \")[1];","lastModifiedDate":"2022-08-28"},{"lineNumber":56,"author":{"gitId":"kavantan"},"content":"            int counter \u003d 0;","lastModifiedDate":"2022-08-28"},{"lineNumber":57,"author":{"gitId":"kavantan"},"content":"            System.out.println(HORIZONTAL_LINE + \"\\n  Here are the matching tasks in your list:\\n\");","lastModifiedDate":"2022-08-28"},{"lineNumber":58,"author":{"gitId":"kavantan"},"content":"            for (int i \u003d 0; i \u003c storedTasks.size(); i++) {","lastModifiedDate":"2022-08-28"},{"lineNumber":59,"author":{"gitId":"kavantan"},"content":"                if (storedTasks.get(i).containsKeyword(keyword)) {","lastModifiedDate":"2022-08-28"},{"lineNumber":60,"author":{"gitId":"kavantan"},"content":"                    counter++;","lastModifiedDate":"2022-08-28"},{"lineNumber":61,"author":{"gitId":"kavantan"},"content":"                    System.out.println(\"  \" + String.valueOf(counter) + \". \" + storedTasks.get(i));","lastModifiedDate":"2022-08-28"},{"lineNumber":62,"author":{"gitId":"kavantan"},"content":"                }","lastModifiedDate":"2022-08-28"},{"lineNumber":63,"author":{"gitId":"kavantan"},"content":"            }","lastModifiedDate":"2022-08-28"},{"lineNumber":64,"author":{"gitId":"kavantan"},"content":"            System.out.println(HORIZONTAL_LINE);","lastModifiedDate":"2022-08-28"},{"lineNumber":65,"author":{"gitId":"kavantan"},"content":"        } else if (command.split(\" \").length \u003e 1 \u0026\u0026 command.split(\" \")[0].equals(\"todo\")) {","lastModifiedDate":"2022-08-25"},{"lineNumber":66,"author":{"gitId":"kavantan"},"content":"            ArrayList\u003cString\u003e commandDelimited \u003d new ArrayList\u003cString\u003e(Arrays.asList(command.split(\" \")));","lastModifiedDate":"2022-08-25"},{"lineNumber":67,"author":{"gitId":"kavantan"},"content":"            if (commandDelimited.size() \u003d\u003d 1) {","lastModifiedDate":"2022-08-25"},{"lineNumber":68,"author":{"gitId":"kavantan"},"content":"                throw new DukeException(\"The description of a todo cannot be empty.\");","lastModifiedDate":"2022-08-25"},{"lineNumber":69,"author":{"gitId":"kavantan"},"content":"            }","lastModifiedDate":"2022-08-25"},{"lineNumber":70,"author":{"gitId":"kavantan"},"content":"            StringBuilder description \u003d new StringBuilder();","lastModifiedDate":"2022-08-25"},{"lineNumber":71,"author":{"gitId":"kavantan"},"content":"            for (int i \u003d 1; i \u003c commandDelimited.size(); i++) {","lastModifiedDate":"2022-08-25"},{"lineNumber":72,"author":{"gitId":"kavantan"},"content":"                description.append(commandDelimited.get(i));","lastModifiedDate":"2022-08-25"},{"lineNumber":73,"author":{"gitId":"kavantan"},"content":"                if (i !\u003d commandDelimited.size() - 1) {","lastModifiedDate":"2022-08-25"},{"lineNumber":74,"author":{"gitId":"kavantan"},"content":"                    description.append(\" \");","lastModifiedDate":"2022-08-25"},{"lineNumber":75,"author":{"gitId":"kavantan"},"content":"                }","lastModifiedDate":"2022-08-25"},{"lineNumber":76,"author":{"gitId":"kavantan"},"content":"            }","lastModifiedDate":"2022-08-25"},{"lineNumber":77,"author":{"gitId":"kavantan"},"content":"            Task todo \u003d new Todos(description.toString());","lastModifiedDate":"2022-08-25"},{"lineNumber":78,"author":{"gitId":"kavantan"},"content":"            storedTasks.add(todo);","lastModifiedDate":"2022-08-25"},{"lineNumber":79,"author":{"gitId":"kavantan"},"content":"            System.out.println(","lastModifiedDate":"2022-08-25"},{"lineNumber":80,"author":{"gitId":"kavantan"},"content":"                    HORIZONTAL_LINE + \"\\n  Got it. I\u0027ve added this task:\\n  \" + todo + \"\\n  Now you have \"","lastModifiedDate":"2022-08-25"},{"lineNumber":81,"author":{"gitId":"kavantan"},"content":"                            + String.valueOf(storedTasks.size()) + \" tasks in the list.\\n\" + HORIZONTAL_LINE);","lastModifiedDate":"2022-08-25"},{"lineNumber":82,"author":{"gitId":"kavantan"},"content":"        } else if (command.split(\" \").length \u003e 3 \u0026\u0026 command.split(\" \")[0].equals(\"deadline\")) {","lastModifiedDate":"2022-08-25"},{"lineNumber":83,"author":{"gitId":"kavantan"},"content":"            ArrayList\u003cString\u003e commandDelimited \u003d new ArrayList\u003cString\u003e(Arrays.asList(command.split(\" \")));","lastModifiedDate":"2022-08-25"},{"lineNumber":84,"author":{"gitId":"kavantan"},"content":"            int posOfBy \u003d commandDelimited.indexOf(\"/by\");","lastModifiedDate":"2022-08-25"},{"lineNumber":85,"author":{"gitId":"kavantan"},"content":"            StringBuilder description \u003d new StringBuilder();","lastModifiedDate":"2022-08-25"},{"lineNumber":86,"author":{"gitId":"kavantan"},"content":"            StringBuilder dateTime \u003d new StringBuilder();","lastModifiedDate":"2022-08-25"},{"lineNumber":87,"author":{"gitId":"kavantan"},"content":"            for (int i \u003d 1; i \u003c commandDelimited.size(); i++) {","lastModifiedDate":"2022-08-25"},{"lineNumber":88,"author":{"gitId":"kavantan"},"content":"                if (i \u003c posOfBy) {","lastModifiedDate":"2022-08-25"},{"lineNumber":89,"author":{"gitId":"kavantan"},"content":"                    description.append(commandDelimited.get(i));","lastModifiedDate":"2022-08-25"},{"lineNumber":90,"author":{"gitId":"kavantan"},"content":"                    if (i !\u003d posOfBy - 1) {","lastModifiedDate":"2022-08-25"},{"lineNumber":91,"author":{"gitId":"kavantan"},"content":"                        description.append(\" \");","lastModifiedDate":"2022-08-25"},{"lineNumber":92,"author":{"gitId":"kavantan"},"content":"                    }","lastModifiedDate":"2022-08-25"},{"lineNumber":93,"author":{"gitId":"kavantan"},"content":"                } else if (i \u003e posOfBy) {","lastModifiedDate":"2022-08-25"},{"lineNumber":94,"author":{"gitId":"kavantan"},"content":"                    dateTime.append(commandDelimited.get(i));","lastModifiedDate":"2022-08-25"},{"lineNumber":95,"author":{"gitId":"kavantan"},"content":"                    if (i !\u003d commandDelimited.size() - 1) {","lastModifiedDate":"2022-08-25"},{"lineNumber":96,"author":{"gitId":"kavantan"},"content":"                        dateTime.append(\" \");","lastModifiedDate":"2022-08-25"},{"lineNumber":97,"author":{"gitId":"kavantan"},"content":"                    }","lastModifiedDate":"2022-08-25"},{"lineNumber":98,"author":{"gitId":"kavantan"},"content":"                }","lastModifiedDate":"2022-08-25"},{"lineNumber":99,"author":{"gitId":"kavantan"},"content":"            }","lastModifiedDate":"2022-08-25"},{"lineNumber":100,"author":{"gitId":"kavantan"},"content":"","lastModifiedDate":"2022-08-25"},{"lineNumber":101,"author":{"gitId":"kavantan"},"content":"            Task deadline \u003d new Deadlines(description.toString(), dateTime.toString(),","lastModifiedDate":"2022-08-25"},{"lineNumber":102,"author":{"gitId":"kavantan"},"content":"                    DateAndTimeParser.validateAndParse(dateTime.toString()));","lastModifiedDate":"2022-08-25"},{"lineNumber":103,"author":{"gitId":"kavantan"},"content":"            storedTasks.add(deadline);","lastModifiedDate":"2022-08-25"},{"lineNumber":104,"author":{"gitId":"kavantan"},"content":"            System.out.println(","lastModifiedDate":"2022-08-25"},{"lineNumber":105,"author":{"gitId":"kavantan"},"content":"                    HORIZONTAL_LINE + \"\\n  Got it. I\u0027ve added this task:\\n  \" + deadline + \"\\n  Now you have \"","lastModifiedDate":"2022-08-25"},{"lineNumber":106,"author":{"gitId":"kavantan"},"content":"                            + String.valueOf(storedTasks.size()) + \" tasks in the list.\\n\" + HORIZONTAL_LINE);","lastModifiedDate":"2022-08-25"},{"lineNumber":107,"author":{"gitId":"kavantan"},"content":"        } else if (command.split(\" \").length \u003e 3 \u0026\u0026 command.split(\" \")[0].equals(\"event\")) {","lastModifiedDate":"2022-08-25"},{"lineNumber":108,"author":{"gitId":"kavantan"},"content":"            ArrayList\u003cString\u003e commandDelimited \u003d new ArrayList\u003cString\u003e(Arrays.asList(command.split(\" \")));","lastModifiedDate":"2022-08-25"},{"lineNumber":109,"author":{"gitId":"kavantan"},"content":"            int posOfAt \u003d commandDelimited.indexOf(\"/at\");","lastModifiedDate":"2022-08-25"},{"lineNumber":110,"author":{"gitId":"kavantan"},"content":"            StringBuilder description \u003d new StringBuilder();","lastModifiedDate":"2022-08-25"},{"lineNumber":111,"author":{"gitId":"kavantan"},"content":"            StringBuilder specificTime \u003d new StringBuilder();","lastModifiedDate":"2022-08-25"},{"lineNumber":112,"author":{"gitId":"kavantan"},"content":"            for (int i \u003d 1; i \u003c commandDelimited.size(); i++) {","lastModifiedDate":"2022-08-25"},{"lineNumber":113,"author":{"gitId":"kavantan"},"content":"                if (i \u003c posOfAt) {","lastModifiedDate":"2022-08-25"},{"lineNumber":114,"author":{"gitId":"kavantan"},"content":"                    description.append(commandDelimited.get(i));","lastModifiedDate":"2022-08-25"},{"lineNumber":115,"author":{"gitId":"kavantan"},"content":"                    if (i !\u003d posOfAt - 1) {","lastModifiedDate":"2022-08-25"},{"lineNumber":116,"author":{"gitId":"kavantan"},"content":"                        description.append(\" \");","lastModifiedDate":"2022-08-25"},{"lineNumber":117,"author":{"gitId":"kavantan"},"content":"                    }","lastModifiedDate":"2022-08-25"},{"lineNumber":118,"author":{"gitId":"kavantan"},"content":"                } else if (i \u003e posOfAt) {","lastModifiedDate":"2022-08-25"},{"lineNumber":119,"author":{"gitId":"kavantan"},"content":"                    specificTime.append(commandDelimited.get(i));","lastModifiedDate":"2022-08-25"},{"lineNumber":120,"author":{"gitId":"kavantan"},"content":"                    if (i !\u003d commandDelimited.size() - 1) {","lastModifiedDate":"2022-08-25"},{"lineNumber":121,"author":{"gitId":"kavantan"},"content":"                        specificTime.append(\" \");","lastModifiedDate":"2022-08-25"},{"lineNumber":122,"author":{"gitId":"kavantan"},"content":"                    }","lastModifiedDate":"2022-08-25"},{"lineNumber":123,"author":{"gitId":"kavantan"},"content":"                }","lastModifiedDate":"2022-08-25"},{"lineNumber":124,"author":{"gitId":"kavantan"},"content":"            }","lastModifiedDate":"2022-08-25"},{"lineNumber":125,"author":{"gitId":"kavantan"},"content":"            Task event \u003d new Events(description.toString(), specificTime.toString());","lastModifiedDate":"2022-08-25"},{"lineNumber":126,"author":{"gitId":"kavantan"},"content":"            storedTasks.add(event);","lastModifiedDate":"2022-08-25"},{"lineNumber":127,"author":{"gitId":"kavantan"},"content":"            System.out.println(","lastModifiedDate":"2022-08-25"},{"lineNumber":128,"author":{"gitId":"kavantan"},"content":"                    HORIZONTAL_LINE + \"\\n  Got it. I\u0027ve added this task:\\n  \" + event + \"\\n  Now you have \"","lastModifiedDate":"2022-08-25"},{"lineNumber":129,"author":{"gitId":"kavantan"},"content":"                            + String.valueOf(storedTasks.size()) + \" tasks in the list.\\n\" + HORIZONTAL_LINE);","lastModifiedDate":"2022-08-25"},{"lineNumber":130,"author":{"gitId":"kavantan"},"content":"        } else {","lastModifiedDate":"2022-08-25"},{"lineNumber":131,"author":{"gitId":"kavantan"},"content":"            throw new DukeException(\"I\u0027m sorry, but I don\u0027t know what that means :-(\");","lastModifiedDate":"2022-08-25"},{"lineNumber":132,"author":{"gitId":"kavantan"},"content":"        }","lastModifiedDate":"2022-08-25"},{"lineNumber":133,"author":{"gitId":"kavantan"},"content":"    }","lastModifiedDate":"2022-08-25"},{"lineNumber":134,"author":{"gitId":"kavantan"},"content":"}","lastModifiedDate":"2022-08-25"}],"authorContributionMap":{"kavantan":134}},{"path":"src/main/java/duke/util/StoredTasks.java","fileType":"java","lines":[{"lineNumber":1,"author":{"gitId":"kavantan"},"content":"package duke.util;","lastModifiedDate":"2022-08-26"},{"lineNumber":2,"author":{"gitId":"kavantan"},"content":"","lastModifiedDate":"2022-08-26"},{"lineNumber":3,"author":{"gitId":"kavantan"},"content":"import duke.DukeException;","lastModifiedDate":"2022-08-26"},{"lineNumber":4,"author":{"gitId":"kavantan"},"content":"import duke.task.TaskList;","lastModifiedDate":"2022-08-26"},{"lineNumber":5,"author":{"gitId":"kavantan"},"content":"","lastModifiedDate":"2022-08-25"},{"lineNumber":6,"author":{"gitId":"kavantan"},"content":"import java.io.BufferedReader;","lastModifiedDate":"2022-08-24"},{"lineNumber":7,"author":{"gitId":"kavantan"},"content":"import java.io.File;","lastModifiedDate":"2022-08-24"},{"lineNumber":8,"author":{"gitId":"kavantan"},"content":"import java.io.FileReader;","lastModifiedDate":"2022-08-24"},{"lineNumber":9,"author":{"gitId":"kavantan"},"content":"import java.io.FileWriter;","lastModifiedDate":"2022-08-24"},{"lineNumber":10,"author":{"gitId":"kavantan"},"content":"import java.io.IOException;","lastModifiedDate":"2022-08-24"},{"lineNumber":11,"author":{"gitId":"kavantan"},"content":"","lastModifiedDate":"2022-08-24"},{"lineNumber":12,"author":{"gitId":"kavantan"},"content":"/**","lastModifiedDate":"2022-08-28"},{"lineNumber":13,"author":{"gitId":"kavantan"},"content":" * Class to save and load users\u0027 TaskList object.","lastModifiedDate":"2022-08-28"},{"lineNumber":14,"author":{"gitId":"kavantan"},"content":" *","lastModifiedDate":"2022-08-28"},{"lineNumber":15,"author":{"gitId":"kavantan"},"content":" * @author Kavan","lastModifiedDate":"2022-08-28"},{"lineNumber":16,"author":{"gitId":"kavantan"},"content":" */","lastModifiedDate":"2022-08-28"},{"lineNumber":17,"author":{"gitId":"kavantan"},"content":"public class StoredTasks {","lastModifiedDate":"2022-08-24"},{"lineNumber":18,"author":{"gitId":"kavantan"},"content":"    private String fileDir;","lastModifiedDate":"2022-08-25"},{"lineNumber":19,"author":{"gitId":"kavantan"},"content":"    private String filePath;","lastModifiedDate":"2022-08-25"},{"lineNumber":20,"author":{"gitId":"kavantan"},"content":"","lastModifiedDate":"2022-08-25"},{"lineNumber":21,"author":{"gitId":"kavantan"},"content":"    /**","lastModifiedDate":"2022-08-28"},{"lineNumber":22,"author":{"gitId":"kavantan"},"content":"     * Constructor for StoredTasks class.","lastModifiedDate":"2022-08-28"},{"lineNumber":23,"author":{"gitId":"kavantan"},"content":"     *","lastModifiedDate":"2022-08-28"},{"lineNumber":24,"author":{"gitId":"kavantan"},"content":"     * @param fileDir Target File Directory.","lastModifiedDate":"2022-08-28"},{"lineNumber":25,"author":{"gitId":"kavantan"},"content":"     * @param filePath Target File Path.","lastModifiedDate":"2022-08-28"},{"lineNumber":26,"author":{"gitId":"kavantan"},"content":"     */","lastModifiedDate":"2022-08-28"},{"lineNumber":27,"author":{"gitId":"kavantan"},"content":"    public StoredTasks(String fileDir, String filePath) {","lastModifiedDate":"2022-08-25"},{"lineNumber":28,"author":{"gitId":"kavantan"},"content":"        this.fileDir \u003d fileDir;","lastModifiedDate":"2022-08-25"},{"lineNumber":29,"author":{"gitId":"kavantan"},"content":"        this.filePath \u003d filePath;","lastModifiedDate":"2022-08-25"},{"lineNumber":30,"author":{"gitId":"kavantan"},"content":"    }","lastModifiedDate":"2022-08-25"},{"lineNumber":31,"author":{"gitId":"kavantan"},"content":"","lastModifiedDate":"2022-08-25"},{"lineNumber":32,"author":{"gitId":"kavantan"},"content":"    /**","lastModifiedDate":"2022-08-28"},{"lineNumber":33,"author":{"gitId":"kavantan"},"content":"     * Returns saved-data.","lastModifiedDate":"2022-08-28"},{"lineNumber":34,"author":{"gitId":"kavantan"},"content":"     *","lastModifiedDate":"2022-08-28"},{"lineNumber":35,"author":{"gitId":"kavantan"},"content":"     * @return Saved-data stored as BufferedReader object.","lastModifiedDate":"2022-08-28"},{"lineNumber":36,"author":{"gitId":"kavantan"},"content":"     * @throws DukeException If IOException is caught.","lastModifiedDate":"2022-08-28"},{"lineNumber":37,"author":{"gitId":"kavantan"},"content":"     */","lastModifiedDate":"2022-08-28"},{"lineNumber":38,"author":{"gitId":"kavantan"},"content":"    public BufferedReader load() throws DukeException {","lastModifiedDate":"2022-08-25"},{"lineNumber":39,"author":{"gitId":"kavantan"},"content":"        BufferedReader br;","lastModifiedDate":"2022-08-25"},{"lineNumber":40,"author":{"gitId":"kavantan"},"content":"        try {","lastModifiedDate":"2022-08-24"},{"lineNumber":41,"author":{"gitId":"kavantan"},"content":"            File dir \u003d new File(this.fileDir);","lastModifiedDate":"2022-08-25"},{"lineNumber":42,"author":{"gitId":"kavantan"},"content":"            if (!dir.exists()) {","lastModifiedDate":"2022-08-24"},{"lineNumber":43,"author":{"gitId":"kavantan"},"content":"                dir.mkdir();","lastModifiedDate":"2022-08-24"},{"lineNumber":44,"author":{"gitId":"kavantan"},"content":"            }","lastModifiedDate":"2022-08-24"},{"lineNumber":45,"author":{"gitId":"kavantan"},"content":"            File fileName \u003d new File(this.filePath);","lastModifiedDate":"2022-08-25"},{"lineNumber":46,"author":{"gitId":"kavantan"},"content":"            if (!fileName.exists()) {","lastModifiedDate":"2022-08-24"},{"lineNumber":47,"author":{"gitId":"kavantan"},"content":"                fileName.createNewFile();","lastModifiedDate":"2022-08-24"},{"lineNumber":48,"author":{"gitId":"kavantan"},"content":"            }","lastModifiedDate":"2022-08-24"},{"lineNumber":49,"author":{"gitId":"kavantan"},"content":"            br \u003d new BufferedReader(new FileReader(fileName));","lastModifiedDate":"2022-08-25"},{"lineNumber":50,"author":{"gitId":"kavantan"},"content":"        } catch (IOException e) {","lastModifiedDate":"2022-08-24"},{"lineNumber":51,"author":{"gitId":"kavantan"},"content":"            throw new DukeException(\"Failure in reading file, creating new save file\");","lastModifiedDate":"2022-08-25"},{"lineNumber":52,"author":{"gitId":"kavantan"},"content":"        }","lastModifiedDate":"2022-08-24"},{"lineNumber":53,"author":{"gitId":"kavantan"},"content":"        return br;","lastModifiedDate":"2022-08-25"},{"lineNumber":54,"author":{"gitId":"kavantan"},"content":"    }","lastModifiedDate":"2022-08-24"},{"lineNumber":55,"author":{"gitId":"kavantan"},"content":"","lastModifiedDate":"2022-08-24"},{"lineNumber":56,"author":{"gitId":"kavantan"},"content":"    /**","lastModifiedDate":"2022-08-28"},{"lineNumber":57,"author":{"gitId":"kavantan"},"content":"     * Saves users\u0027 TaskList as a text file.","lastModifiedDate":"2022-08-28"},{"lineNumber":58,"author":{"gitId":"kavantan"},"content":"     *","lastModifiedDate":"2022-08-28"},{"lineNumber":59,"author":{"gitId":"kavantan"},"content":"     * @param storedTasks TaskList Object.","lastModifiedDate":"2022-08-28"},{"lineNumber":60,"author":{"gitId":"kavantan"},"content":"     */","lastModifiedDate":"2022-08-28"},{"lineNumber":61,"author":{"gitId":"kavantan"},"content":"    public void save(TaskList storedTasks) {","lastModifiedDate":"2022-08-25"},{"lineNumber":62,"author":{"gitId":"kavantan"},"content":"        try {","lastModifiedDate":"2022-08-24"},{"lineNumber":63,"author":{"gitId":"kavantan"},"content":"            FileWriter fw \u003d new FileWriter(this.filePath);","lastModifiedDate":"2022-08-25"},{"lineNumber":64,"author":{"gitId":"kavantan"},"content":"            fw.write(storedTasks.taskListToSaveString());","lastModifiedDate":"2022-08-25"},{"lineNumber":65,"author":{"gitId":"kavantan"},"content":"            fw.close();","lastModifiedDate":"2022-08-24"},{"lineNumber":66,"author":{"gitId":"kavantan"},"content":"        } catch (IOException e) {","lastModifiedDate":"2022-08-24"},{"lineNumber":67,"author":{"gitId":"kavantan"},"content":"            System.out.println(e.getMessage());","lastModifiedDate":"2022-08-24"},{"lineNumber":68,"author":{"gitId":"kavantan"},"content":"        }","lastModifiedDate":"2022-08-24"},{"lineNumber":69,"author":{"gitId":"kavantan"},"content":"    }","lastModifiedDate":"2022-08-24"},{"lineNumber":70,"author":{"gitId":"kavantan"},"content":"}","lastModifiedDate":"2022-08-24"}],"authorContributionMap":{"kavantan":70}},{"path":"src/main/java/duke/util/Ui.java","fileType":"java","lines":[{"lineNumber":1,"author":{"gitId":"kavantan"},"content":"package duke.util;","lastModifiedDate":"2022-08-26"},{"lineNumber":2,"author":{"gitId":"kavantan"},"content":"","lastModifiedDate":"2022-08-25"},{"lineNumber":3,"author":{"gitId":"kavantan"},"content":"import java.util.Scanner;","lastModifiedDate":"2022-08-25"},{"lineNumber":4,"author":{"gitId":"kavantan"},"content":"","lastModifiedDate":"2022-08-25"},{"lineNumber":5,"author":{"gitId":"kavantan"},"content":"/**","lastModifiedDate":"2022-08-28"},{"lineNumber":6,"author":{"gitId":"kavantan"},"content":" * Class to deal with interactions with the user.","lastModifiedDate":"2022-08-28"},{"lineNumber":7,"author":{"gitId":"kavantan"},"content":" *","lastModifiedDate":"2022-08-28"},{"lineNumber":8,"author":{"gitId":"kavantan"},"content":" * @author Kavan","lastModifiedDate":"2022-08-28"},{"lineNumber":9,"author":{"gitId":"kavantan"},"content":" */","lastModifiedDate":"2022-08-28"},{"lineNumber":10,"author":{"gitId":"kavantan"},"content":"public class Ui {","lastModifiedDate":"2022-08-25"},{"lineNumber":11,"author":{"gitId":"kavantan"},"content":"    private static final String HORIZONTAL_LINE \u003d \"  ____________________________________________________________\";","lastModifiedDate":"2022-08-25"},{"lineNumber":12,"author":{"gitId":"kavantan"},"content":"    private Scanner commands;","lastModifiedDate":"2022-08-25"},{"lineNumber":13,"author":{"gitId":"kavantan"},"content":"","lastModifiedDate":"2022-08-25"},{"lineNumber":14,"author":{"gitId":"kavantan"},"content":"    /**","lastModifiedDate":"2022-08-28"},{"lineNumber":15,"author":{"gitId":"kavantan"},"content":"     * Constructor for Ui Class.","lastModifiedDate":"2022-08-28"},{"lineNumber":16,"author":{"gitId":"kavantan"},"content":"     */","lastModifiedDate":"2022-08-28"},{"lineNumber":17,"author":{"gitId":"kavantan"},"content":"    public Ui() {","lastModifiedDate":"2022-08-25"},{"lineNumber":18,"author":{"gitId":"kavantan"},"content":"        String logo \u003d \" ____        _        \\n\"","lastModifiedDate":"2022-08-25"},{"lineNumber":19,"author":{"gitId":"kavantan"},"content":"                + \"|  _ \\\\ _   _| | _____ \\n\"","lastModifiedDate":"2022-08-25"},{"lineNumber":20,"author":{"gitId":"kavantan"},"content":"                + \"| | | | | | | |/ / _ \\\\\\n\"","lastModifiedDate":"2022-08-25"},{"lineNumber":21,"author":{"gitId":"kavantan"},"content":"                + \"| |_| | |_| |   \u003c  __/\\n\"","lastModifiedDate":"2022-08-25"},{"lineNumber":22,"author":{"gitId":"kavantan"},"content":"                + \"|____/ \\\\__,_|_|\\\\_\\\\___|\\n\";","lastModifiedDate":"2022-08-25"},{"lineNumber":23,"author":{"gitId":"kavantan"},"content":"        System.out.println(\"Hello from\\n\" + logo);","lastModifiedDate":"2022-08-25"},{"lineNumber":24,"author":{"gitId":"kavantan"},"content":"        System.out.println(HORIZONTAL_LINE + \"\\n  Hello! I\u0027m Duke\\n  What can I do for you?\\n\" + HORIZONTAL_LINE);","lastModifiedDate":"2022-08-25"},{"lineNumber":25,"author":{"gitId":"kavantan"},"content":"        this.commands \u003d new Scanner(System.in);","lastModifiedDate":"2022-08-25"},{"lineNumber":26,"author":{"gitId":"kavantan"},"content":"    }","lastModifiedDate":"2022-08-25"},{"lineNumber":27,"author":{"gitId":"kavantan"},"content":"","lastModifiedDate":"2022-08-25"},{"lineNumber":28,"author":{"gitId":"kavantan"},"content":"    /**","lastModifiedDate":"2022-08-28"},{"lineNumber":29,"author":{"gitId":"kavantan"},"content":"     * Returns the user input as a String.","lastModifiedDate":"2022-08-28"},{"lineNumber":30,"author":{"gitId":"kavantan"},"content":"     *","lastModifiedDate":"2022-08-28"},{"lineNumber":31,"author":{"gitId":"kavantan"},"content":"     * @return User Input.","lastModifiedDate":"2022-08-28"},{"lineNumber":32,"author":{"gitId":"kavantan"},"content":"     */","lastModifiedDate":"2022-08-28"},{"lineNumber":33,"author":{"gitId":"kavantan"},"content":"    public String getUserCommand() {","lastModifiedDate":"2022-08-25"},{"lineNumber":34,"author":{"gitId":"kavantan"},"content":"        return commands.nextLine();","lastModifiedDate":"2022-08-25"},{"lineNumber":35,"author":{"gitId":"kavantan"},"content":"    }","lastModifiedDate":"2022-08-25"},{"lineNumber":36,"author":{"gitId":"kavantan"},"content":"}","lastModifiedDate":"2022-08-25"},{"lineNumber":37,"author":{"gitId":"kavantan"},"content":"","lastModifiedDate":"2022-08-25"}],"authorContributionMap":{"kavantan":37}},{"path":"src/test/java/duke/util/DateAndTimeParserTest.java","fileType":"java","lines":[{"lineNumber":1,"author":{"gitId":"kavantan"},"content":"package duke.util;","lastModifiedDate":"2022-08-28"},{"lineNumber":2,"author":{"gitId":"kavantan"},"content":"","lastModifiedDate":"2022-08-28"},{"lineNumber":3,"author":{"gitId":"kavantan"},"content":"import org.junit.jupiter.api.Test;","lastModifiedDate":"2022-08-28"},{"lineNumber":4,"author":{"gitId":"kavantan"},"content":"","lastModifiedDate":"2022-08-28"},{"lineNumber":5,"author":{"gitId":"kavantan"},"content":"import java.time.LocalDate;","lastModifiedDate":"2022-08-28"},{"lineNumber":6,"author":{"gitId":"kavantan"},"content":"","lastModifiedDate":"2022-08-28"},{"lineNumber":7,"author":{"gitId":"kavantan"},"content":"import static org.junit.jupiter.api.Assertions.assertEquals;","lastModifiedDate":"2022-08-28"},{"lineNumber":8,"author":{"gitId":"kavantan"},"content":"import static org.junit.jupiter.api.Assertions.assertNull;","lastModifiedDate":"2022-08-28"},{"lineNumber":9,"author":{"gitId":"kavantan"},"content":"","lastModifiedDate":"2022-08-28"},{"lineNumber":10,"author":{"gitId":"kavantan"},"content":"public class DateAndTimeParserTest {","lastModifiedDate":"2022-08-28"},{"lineNumber":11,"author":{"gitId":"kavantan"},"content":"    @Test","lastModifiedDate":"2022-08-28"},{"lineNumber":12,"author":{"gitId":"kavantan"},"content":"    public void convertDateTest() {","lastModifiedDate":"2022-08-28"},{"lineNumber":13,"author":{"gitId":"kavantan"},"content":"        LocalDate dateInput \u003d LocalDate.of(2022, 8, 28);","lastModifiedDate":"2022-08-28"},{"lineNumber":14,"author":{"gitId":"kavantan"},"content":"        String dateOutput \u003d \"Aug 28 2022\";","lastModifiedDate":"2022-08-28"},{"lineNumber":15,"author":{"gitId":"kavantan"},"content":"        assertEquals(dateOutput, DateAndTimeParser.convertDate(dateInput));","lastModifiedDate":"2022-08-28"},{"lineNumber":16,"author":{"gitId":"kavantan"},"content":"    }","lastModifiedDate":"2022-08-28"},{"lineNumber":17,"author":{"gitId":"kavantan"},"content":"","lastModifiedDate":"2022-08-28"},{"lineNumber":18,"author":{"gitId":"kavantan"},"content":"    @Test","lastModifiedDate":"2022-08-28"},{"lineNumber":19,"author":{"gitId":"kavantan"},"content":"    public void validateAndParseTest() {","lastModifiedDate":"2022-08-28"},{"lineNumber":20,"author":{"gitId":"kavantan"},"content":"        String unrecognisedDateFormat \u003d \"August 28th, 2022\";","lastModifiedDate":"2022-08-28"},{"lineNumber":21,"author":{"gitId":"kavantan"},"content":"        String recognisedDateFormat \u003d \"2022-08-28\";","lastModifiedDate":"2022-08-28"},{"lineNumber":22,"author":{"gitId":"kavantan"},"content":"        LocalDate dateOutput \u003d LocalDate.of(2022, 8, 28);","lastModifiedDate":"2022-08-28"},{"lineNumber":23,"author":{"gitId":"kavantan"},"content":"","lastModifiedDate":"2022-08-28"},{"lineNumber":24,"author":{"gitId":"kavantan"},"content":"        assertNull(DateAndTimeParser.validateAndParse(unrecognisedDateFormat));","lastModifiedDate":"2022-08-28"},{"lineNumber":25,"author":{"gitId":"kavantan"},"content":"        assertEquals(dateOutput, DateAndTimeParser.validateAndParse(recognisedDateFormat));","lastModifiedDate":"2022-08-28"},{"lineNumber":26,"author":{"gitId":"kavantan"},"content":"","lastModifiedDate":"2022-08-28"},{"lineNumber":27,"author":{"gitId":"kavantan"},"content":"    }","lastModifiedDate":"2022-08-28"},{"lineNumber":28,"author":{"gitId":"kavantan"},"content":"}","lastModifiedDate":"2022-08-28"}],"authorContributionMap":{"kavantan":28}},{"path":"text-ui-test/input.txt","fileType":"txt","lines":[{"lineNumber":1,"author":{"gitId":"kavantan"},"content":"list","lastModifiedDate":"2022-08-19"},{"lineNumber":2,"author":{"gitId":"kavantan"},"content":"deadline cs2100 lab /by next monday","lastModifiedDate":"2022-08-19"},{"lineNumber":3,"author":{"gitId":"kavantan"},"content":"event bizco /at tonight","lastModifiedDate":"2022-08-19"},{"lineNumber":4,"author":{"gitId":"kavantan"},"content":"list","lastModifiedDate":"2022-08-19"},{"lineNumber":5,"author":{"gitId":"kavantan"},"content":"mark 2","lastModifiedDate":"2022-08-19"},{"lineNumber":6,"author":{"gitId":"kavantan"},"content":"mark 1","lastModifiedDate":"2022-08-19"},{"lineNumber":7,"author":{"gitId":"kavantan"},"content":"list","lastModifiedDate":"2022-08-19"},{"lineNumber":8,"author":{"gitId":"kavantan"},"content":"todo join odac!","lastModifiedDate":"2022-08-19"},{"lineNumber":9,"author":{"gitId":"kavantan"},"content":"delete 2","lastModifiedDate":"2022-08-19"},{"lineNumber":10,"author":{"gitId":"kavantan"},"content":"list","lastModifiedDate":"2022-08-19"},{"lineNumber":11,"author":{"gitId":"kavantan"},"content":"bye","lastModifiedDate":"2022-08-19"}],"authorContributionMap":{"kavantan":11}}]
