{"authorDailyContributionsMap":{"kavantan":[{"date":"2022-08-18","commitResults":[{"hash":"6047f073b252690a8097f25eff5065731cabda97","messageTitle":"Implemented Level-1: Greet, Echo, Exit","messageBody":"","tags":["Level-1"],"fileTypesAndContributionMap":{"java":{"insertions":17,"deletions":0}}},{"hash":"53cee11e84b1fd3818cb9ffde8c9a9616fcbbdb2","messageTitle":"Moved HORIZONTAL_LINE constant into main","messageBody":"","fileTypesAndContributionMap":{"java":{"insertions":3,"deletions":2}}},{"hash":"0bed1f32138f1fd0f0de45a1b97e2607903bde02","messageTitle":"Stylistic changes (indentations)","messageBody":"","fileTypesAndContributionMap":{"java":{"insertions":1,"deletions":1}}},{"hash":"63225d0553dc620e1dad551ceff468ae4f84545a","messageTitle":"Imported ArrayList and initialised storedText array","messageBody":"","fileTypesAndContributionMap":{"java":{"insertions":2,"deletions":0}}},{"hash":"526fad4a71672e104a75984c23131e27982b6b07","messageTitle":"Added \u0027list\u0027 conditional logic and implementation","messageBody":"","fileTypesAndContributionMap":{"java":{"insertions":8,"deletions":3}}},{"hash":"9a443db0df4f848360bc4ae576aaa000849c1050","messageTitle":"Stylistic changes to match requirements (list numbering, \u0027added:\u0027)","messageBody":"","tags":["Level-2"],"fileTypesAndContributionMap":{"java":{"insertions":4,"deletions":2}}},{"hash":"7ddde4d17605196a19a6eeca729c70ec2e51ea91","messageTitle":"Created Task.java skeleton class","messageBody":"","fileTypesAndContributionMap":{"java":{"insertions":13,"deletions":0}}},{"hash":"d3dd7508c4242e5960b7d730784354650f94148d","messageTitle":"Added markAsDone method in Task class","messageBody":"","fileTypesAndContributionMap":{"java":{"insertions":4,"deletions":0}}},{"hash":"81edd04ae41208e8341dbc32b4d7ff7530cb7024","messageTitle":"Added markAsUndone method in Task class","messageBody":"","fileTypesAndContributionMap":{"java":{"insertions":4,"deletions":0}}},{"hash":"68b44561f0faed02aecd9e6a0c169beb08da0565","messageTitle":"Added toString method to Task class","messageBody":"","fileTypesAndContributionMap":{"java":{"insertions":5,"deletions":0}}},{"hash":"143688a5d3a267d19d8167a1d3e3d261bf9a303c","messageTitle":"Changed Array to store instances of class Task instead of String","messageBody":"","fileTypesAndContributionMap":{"java":{"insertions":5,"deletions":5}}},{"hash":"bb6a5793130e9188cc351318c1531343cf6eb9f2","messageTitle":"Implemented \u0027mark\u0027 logic","messageBody":"","fileTypesAndContributionMap":{"java":{"insertions":5,"deletions":0}}},{"hash":"2a4ab1013a76359e0a384dd232e84ecd698e023f","messageTitle":"Implemented \u0027unmark\u0027 logic","messageBody":"","tags":["Level-3"],"fileTypesAndContributionMap":{"java":{"insertions":5,"deletions":0}}},{"hash":"de900094eaf361456bafe25129d22ff75905cd9e","messageTitle":"Added Todos class which inherits Task class","messageBody":"","fileTypesAndContributionMap":{"java":{"insertions":11,"deletions":0}}},{"hash":"10930cc3ea6ada238254f4f84bfad40e59526e2a","messageTitle":"Added Deadlines class which inherits Task class","messageBody":"","fileTypesAndContributionMap":{"java":{"insertions":14,"deletions":0}}},{"hash":"9897d4b39a0016f0ce31de7033fd1558c465ab9d","messageTitle":"Added Events class which inherits Task class","messageBody":"","fileTypesAndContributionMap":{"java":{"insertions":13,"deletions":0}}},{"hash":"8de3f692aff66721897d4d210dbf515600388163","messageTitle":"Added \u0027todo\u0027 functionality into main logic","messageBody":"","fileTypesAndContributionMap":{"java":{"insertions":6,"deletions":0}}},{"hash":"1f91008c4458eb2369a3a8f17c77cd841fe49adc","messageTitle":"Stylistic change to match requirements (added space to Deadlines\u0027 toString method)","messageBody":"","fileTypesAndContributionMap":{"java":{"insertions":1,"deletions":1}}},{"hash":"6e60b945f6de142d074820f0d2b39fff8aa53fb0","messageTitle":"Stylistic change to match requirements (added whitespaces to Deadlines\u0027 and Events\u0027 toString methods respectively)","messageBody":"","fileTypesAndContributionMap":{"java":{"insertions":2,"deletions":2}}},{"hash":"61a87cfabf888758fdb481d7e5458f1adf41987e","messageTitle":"Added \u0027deadline\u0027 functionality into main logic","messageBody":"","fileTypesAndContributionMap":{"java":{"insertions":24,"deletions":0}}},{"hash":"f245072c088bbf536fdd48ba80e676f01869612b","messageTitle":"Added \u0027event\u0027 functionality into main logic","messageBody":"","tags":["Level-4"],"fileTypesAndContributionMap":{"java":{"insertions":23,"deletions":3}}},{"hash":"a3fd682aa3801f812da1b59019a53caf416e8d21","messageTitle":"Created DukeException class which inherits Exception","messageBody":"","fileTypesAndContributionMap":{"java":{"insertions":6,"deletions":0}}},{"hash":"8b7bbdc26b89f34a1c98eea97029bc5f93fc6073","messageTitle":"Improved String concatenation using StringBuilder","messageBody":"","fileTypesAndContributionMap":{"java":{"insertions":14,"deletions":14}}},{"hash":"fd25aae364405a2e4167afe94254e58a9e79fb9b","messageTitle":"Slightly refactored Duke.java and added \u0027unknown input\u0027 DukeException","messageBody":"","fileTypesAndContributionMap":{"java":{"insertions":12,"deletions":1}}},{"hash":"180dee1c8cf254e09e0d93c6e4ff38bc731b1b93","messageTitle":"Rectified bug in \u0027todo\u0027 conditional","messageBody":"","fileTypesAndContributionMap":{"java":{"insertions":9,"deletions":1}}},{"hash":"bcee0635dce279a65713a505a0ee7b89e158b6ce","messageTitle":"Added \u0027empty todo input\u0027 DukeException","messageBody":"","fileTypesAndContributionMap":{"java":{"insertions":4,"deletions":0}}},{"hash":"7c9ac16b3eefc42b5b96bc9e72426ddea85a9a4b","messageTitle":"Added \u0027delete\u0027 functionality into tracker logic","messageBody":"","fileTypesAndContributionMap":{"java":{"insertions":7,"deletions":0}}},{"hash":"fe8e6a20208a3ecc91f8ed55d58b275d3c6873bd","messageTitle":"Refactored Duke.java to a greater extent","messageBody":"","fileTypesAndContributionMap":{"java":{"insertions":105,"deletions":102}}},{"hash":"440b69bbb8669b721ae127bebf571ac377d6ec7f","messageTitle":"Refactored DukeException.java to include the \u0027oops\u0027 part","messageBody":"","fileTypesAndContributionMap":{"java":{"insertions":3,"deletions":3}}}]},{"date":"2022-08-19","commitResults":[{"hash":"bfeee810c0c74a78e81e1f6349e4bed0cb36ac11","messageTitle":"Implemented testing using the i/o redirection technique","messageBody":"","tags":["Level-6","Level-5","A-TextUiTesting"],"fileTypesAndContributionMap":{"txt":{"insertions":11,"deletions":0}}}]},{"date":"2022-08-24","commitResults":[{"hash":"23412bf20f79a4c9800c2a126c6fd412c5f5e40f","messageTitle":"Change taskNumber type declaration to \u0027int\u0027 from \u0027Integer\u0027","messageBody":"","fileTypesAndContributionMap":{"java":{"insertions":2,"deletions":2}}},{"hash":"22e79348f310f1dfa924bf155a8be29833b712a5","messageTitle":"Implement StoredTasks.java with skeleton \u0027save\u0027 method","messageBody":"","fileTypesAndContributionMap":{"java":{"insertions":21,"deletions":0}}},{"hash":"a702041a8bf0df8e94943182e8966d5d4bc95345","messageTitle":"Implement skeleton \u0027load\u0027 method in StoredTasks.java","messageBody":"","fileTypesAndContributionMap":{"java":{"insertions":30,"deletions":3}}},{"hash":"829de146989196d04877d6445b738b9ba11ace67","messageTitle":"Change Task class to be abstract and added abstract storedTaskString method","messageBody":"","fileTypesAndContributionMap":{"java":{"insertions":3,"deletions":1}}},{"hash":"407dd3567e6afebe61b0ac2a89829457f4bfebab","messageTitle":"Implement storedTaskString method in Todos.java, Deadlines.java and Deadlines.java","messageBody":"","fileTypesAndContributionMap":{"java":{"insertions":12,"deletions":0}}},{"hash":"97eeca2d4a6420732a1a937b4d55e37f171f9df2","messageTitle":"Implement (fully) load and save methods in StoredTasks.java","messageBody":"","fileTypesAndContributionMap":{"java":{"insertions":29,"deletions":3}}},{"hash":"a5caf7a6a45525eff9c9e2ccf3f6988d1a0882a9","messageTitle":"Implement load and save capabilities into Duke.java","messageBody":"","fileTypesAndContributionMap":{"java":{"insertions":3,"deletions":1}}},{"hash":"b5d02fcdefac1ee4857e32a2cfff2ac5ee877af6","messageTitle":"Remove redundant imports from Duke.java","messageBody":"","tags":["Level-7"],"fileTypesAndContributionMap":{"java":{"insertions":0,"deletions":2}}},{"hash":"8204f868672a61e556e6e2fda13ab685c0224958","messageTitle":"Add LocalDate encapsulation into Deadline class","messageBody":"","fileTypesAndContributionMap":{"java":{"insertions":9,"deletions":3}}},{"hash":"355a51307007020c82c15ad5dffb20cc3f00ba81","messageTitle":"Implement parsing of string into LocalDate object in Duke.java","messageBody":"","fileTypesAndContributionMap":{"java":{"insertions":8,"deletions":1}}},{"hash":"ca41805d38cc79d9fb82349d0402fcd1ac3aab86","messageTitle":"Refactor \u0027date and time parsing logic\u0027 into its own class","messageBody":"","fileTypesAndContributionMap":{"java":{"insertions":31,"deletions":10}}},{"hash":"ffe6aa38e1a0858f5981f501cc0f757460ccac08","messageTitle":"Resolve incompatibility issues with branch-Level-7 and branch-Level-8","messageBody":"","tags":["Level-8"],"fileTypesAndContributionMap":{"java":{"insertions":10,"deletions":7}}}]},{"date":"2022-08-25","commitResults":[{"hash":"a36070a3433fc49acf38225fa2085c2217ab567f","messageTitle":"Add constructor for StoredTasks class","messageBody":"","fileTypesAndContributionMap":{"java":{"insertions":14,"deletions":8}}},{"hash":"efc1dfe923ed6651639ddbce82d09610635b4a85","messageTitle":"Implement Ui class which deals with user interactions","messageBody":"","fileTypesAndContributionMap":{"java":{"insertions":22,"deletions":0}}},{"hash":"c5f6296bfc7da55141d9444a26c4d02841d2d252","messageTitle":"Implement Parser class which handles user commands","messageBody":"","fileTypesAndContributionMap":{"java":{"insertions":102,"deletions":0}}},{"hash":"bc17ac3fb2397fc1a3da5610c873ffdc4be97da6","messageTitle":"Refactor Duke to encapsulate Ui, Parser and StoredTasks classes","messageBody":"","fileTypesAndContributionMap":{"java":{"insertions":22,"deletions":114}}},{"hash":"f3ee1aa6a7c22653b929325eac01b0ec0a46208e","messageTitle":"Implement TaskList class which contains the task list","messageBody":"","fileTypesAndContributionMap":{"java":{"insertions":85,"deletions":0}}},{"hash":"c1e41a7b2f6419d5dc96145e283c6409ad269803","messageTitle":"Refactor load functionality from StoredTasks to TaskList","messageBody":"","fileTypesAndContributionMap":{"java":{"insertions":6,"deletions":46}}},{"hash":"1743d8e1bc475613949e380507da6fa91272e411","messageTitle":"Refactor Duke and Parser to encapsulate TaskList","messageBody":"","tags":["A-MoreOOP"],"fileTypesAndContributionMap":{"java":{"insertions":4,"deletions":5}}},{"hash":"3d73abea10050d718ad9ec71521b1bb89f359b9b","messageTitle":"Put all classes into duke package","messageBody":"","tags":["A-Packages"],"fileTypesAndContributionMap":{"java":{"insertions":22,"deletions":0}}},{"hash":"1732c491f7084f3f3b9f8d29fc957429522fc3b0","messageTitle":"Fix incorrect indentations across all project files","messageBody":"","fileTypesAndContributionMap":{"java":{"insertions":62,"deletions":62}}}]}]},"authorFileTypeContributionMap":{"kavantan":{"java":426,"md":0,"fxml":0,"sh":0,"bat":0,"gradle":0,"txt":11}},"authorContributionVariance":{"kavantan":34006.0},"authorDisplayNameMap":{"kavantan":"CS2103T-T15-4 KAVA.. TAN"}}
