{"authorDailyContributionsMap":{"shaniceng":[{"date":"2022-08-16","commitResults":[{"hash":"3ff0af149b1698f2e3665f76d8ed12d6a42feb4d","messageTitle":"level 1 complete","messageBody":"","fileTypesAndContributionMap":{"java":{"insertions":21,"deletions":6}}},{"hash":"5f23912dcd26cfe83917ebd3c51032135d2d2486","messageTitle":"Revert \"level 1 complete\"","messageBody":"This reverts commit 3ff0af149b1698f2e3665f76d8ed12d6a42feb4d.\n","fileTypesAndContributionMap":{"java":{"insertions":6,"deletions":21}}},{"hash":"cf0b5a0fae788c87f150b183dc81b31a539bab20","messageTitle":"level 1 complete","messageBody":"","tags":["Level-1"],"fileTypesAndContributionMap":{"java":{"insertions":23,"deletions":6}}},{"hash":"45f8a575b87358f24f63279bb20a19ff6f0e008f","messageTitle":"level 2 complete","messageBody":"","tags":["Level-2"],"fileTypesAndContributionMap":{"java":{"insertions":20,"deletions":5}}},{"hash":"b7ba305207048122a947694f23cae0ee1865cee5","messageTitle":"level 3 complete","messageBody":"","tags":["Level-3"],"fileTypesAndContributionMap":{"java":{"insertions":54,"deletions":14}}}]},{"date":"2022-08-17","commitResults":[{"hash":"832f6a22a9a33906cee4843b33cecec843261c6c","messageTitle":"level 4 complete","messageBody":"","tags":["Level-4"],"fileTypesAndContributionMap":{"java":{"insertions":78,"deletions":16}}},{"hash":"4bc6c115b618acc8aa45e3df3c309fb48e391afa","messageTitle":"edit level 4","messageBody":"","tags":["A-TextUiTesting"],"fileTypesAndContributionMap":{"txt":{"insertions":4,"deletions":0},"java":{"insertions":9,"deletions":12}}},{"hash":"f1b96197540872e5541ac85456529d48239c3297","messageTitle":"level 5 complete","messageBody":"","tags":["Level-5"],"fileTypesAndContributionMap":{"java":{"insertions":64,"deletions":27}}},{"hash":"ceb184a0e9e08daa54dda2bb5074d7a865cc7c68","messageTitle":"level 6 complete","messageBody":"","tags":["Level-6"],"fileTypesAndContributionMap":{"txt":{"insertions":3,"deletions":1},"java":{"insertions":21,"deletions":1}}}]},{"date":"2022-08-21","commitResults":[{"hash":"7d42e52f22e84fdd6b107c1442a909df93e33620","messageTitle":"Update DukeException and include functions to handle each input keyword","messageBody":"","tags":["A-Jar"],"fileTypesAndContributionMap":{"txt":{"insertions":12,"deletions":1},"java":{"insertions":134,"deletions":108}}},{"hash":"9f39937447f023bd22ee0ac69b0c5d219b434da9","messageTitle":"Add Level-7","messageBody":"","fileTypesAndContributionMap":{"txt":{"insertions":5,"deletions":0},"java":{"insertions":156,"deletions":6}}}]},{"date":"2022-08-22","commitResults":[{"hash":"c0565974d12676122ba5d212f8e82801c9940016","messageTitle":"Add Level-8","messageBody":"","fileTypesAndContributionMap":{"txt":{"insertions":5,"deletions":6},"java":{"insertions":111,"deletions":44}}}]},{"date":"2022-08-23","commitResults":[{"hash":"3ae75f39851fdc7d07167cfa508c4f09752fdb0e","messageTitle":"Add A-MoreOOP","messageBody":"","tags":["A-MoreOOP"],"fileTypesAndContributionMap":{"txt":{"insertions":8,"deletions":7},"java":{"insertions":545,"deletions":370}}},{"hash":"14b6968f815f267e603d5e54d3132d6979e39a31","messageTitle":"Add A-Packages","messageBody":"","tags":["A-Packages"],"fileTypesAndContributionMap":{"txt":{"insertions":17,"deletions":3},"java":{"insertions":143,"deletions":14},"bat":{"insertions":1,"deletions":1},"md":{"insertions":2,"deletions":2}}},{"hash":"d6cbc809dda7bc19e09f7322bac13c9a9e1e653f","messageTitle":"Add A-Gradle","messageBody":"","tags":["A-Gradle"],"fileTypesAndContributionMap":{"gradle":{"insertions":2,"deletions":1},"txt":{"insertions":1,"deletions":0}}},{"hash":"97ca260fe965f9b8dc38f23dccc7319ee4501753","messageTitle":"Add 3 test methods for A-JUnit","messageBody":"","tags":["A-JUnit"],"fileTypesAndContributionMap":{"java":{"insertions":47,"deletions":0}}}]},{"date":"2022-08-25","commitResults":[{"hash":"03fd7b0d3794f72d6b51b53d18876ff0861f62aa","messageTitle":"Add A-Jar","messageBody":"","fileTypesAndContributionMap":{"txt":{"insertions":1,"deletions":15},"java":{"insertions":5,"deletions":8}}},{"hash":"146c962ca3a9e3929ee8f41fb9755d0bdcd1ba44","messageTitle":"Revert \"Add A-Jar\"","messageBody":"This reverts commit 03fd7b0d3794f72d6b51b53d18876ff0861f62aa.\n","fileTypesAndContributionMap":{"txt":{"insertions":15,"deletions":1},"java":{"insertions":8,"deletions":5}}},{"hash":"5f1b61c64dcdb2046da694e37c52e1fbe420fd15","messageTitle":"Add JavaDoc comments to the code","messageBody":"","fileTypesAndContributionMap":{"java":{"insertions":264,"deletions":27}}},{"hash":"8d3236cfd3a73785f304d3f6adfefb95671d7b22","messageTitle":"Tweak the code to comply with a coding standard","messageBody":"","fileTypesAndContributionMap":{"java":{"insertions":44,"deletions":41}}},{"hash":"88700abdc1ee1e628302ff35e44fe43592d1f83c","messageTitle":"Add Level-9","messageBody":"","fileTypesAndContributionMap":{"java":{"insertions":96,"deletions":32}}}]},{"date":"2022-08-28","commitResults":[{"hash":"9d4fba9a9ac2a80bc17ad60af6d49011986d115a","messageTitle":"Edit Date Time format to include time and edit naming convention","messageBody":"","fileTypesAndContributionMap":{"txt":{"insertions":3,"deletions":2},"java":{"insertions":97,"deletions":93}}}]},{"date":"2022-09-01","commitResults":[{"hash":"b2468cd9146a09cf469659c936e858078ca6de37","messageTitle":"Add GUI Add more test methods for A-Junit Add more javaDoc comments for all public classes and methods Edit README.md to include pictures taken from Freepik and rawpixel.com","messageBody":"","fileTypesAndContributionMap":{"gradle":{"insertions":19,"deletions":0},"txt":{"insertions":5,"deletions":3},"fxml":{"insertions":69,"deletions":0},"java":{"insertions":449,"deletions":133},"md":{"insertions":7,"deletions":0}}},{"hash":"07a895091ee0547a6dbfd2851eb3b6ed125e9483","messageTitle":"Revert \"Add GUI\"","messageBody":"This reverts commit b2468cd9146a09cf469659c936e858078ca6de37.\n","fileTypesAndContributionMap":{"gradle":{"insertions":0,"deletions":19},"txt":{"insertions":3,"deletions":5},"fxml":{"insertions":0,"deletions":69},"java":{"insertions":133,"deletions":449},"md":{"insertions":0,"deletions":7}}},{"hash":"8d8a1e15bbbf01bc4fd71044a74e2e02c275f6aa","messageTitle":"Revert \"Add GUI\"","messageBody":"This reverts commit b2468cd9146a09cf469659c936e858078ca6de37.\n","fileTypesAndContributionMap":{"gradle":{"insertions":0,"deletions":19},"txt":{"insertions":3,"deletions":5},"fxml":{"insertions":0,"deletions":69},"java":{"insertions":133,"deletions":449},"md":{"insertions":0,"deletions":7}}},{"hash":"d2193530d58d8f8bdec0f12e6da44df65288df74","messageTitle":"Add GUI Add more test methods for A-Junit Add more javaDoc comments for all public classes and methods Edit README.md to include pictures taken from Freepik and rawpixel.com","messageBody":"","fileTypesAndContributionMap":{"gradle":{"insertions":19,"deletions":0},"txt":{"insertions":2,"deletions":1},"fxml":{"insertions":69,"deletions":0},"java":{"insertions":473,"deletions":128},"md":{"insertions":6,"deletions":0}}}]},{"date":"2022-09-04","commitResults":[{"hash":"ba00d71d4d19bbc95616eafb9e1b9a2baca5b505","messageTitle":"Add assertions to Parser and Storage in Duke","messageBody":"Assert statements used in this program is only to check the length of input by the user.\nThis helps to test the correctness of any assumptions that have been made in the program.\n\nLet\u0027s,\n* update the Parser and Storage class to include assert statements so as to ensure our assumptions are correct\n","fileTypesAndContributionMap":{"txt":{"insertions":1,"deletions":0},"java":{"insertions":38,"deletions":8}}},{"hash":"bd05f5707990435cd4f69fb02a18ebac059e5f80","messageTitle":"Improve Code Quality","messageBody":"Egyptian style braces helps program to have better readability and\nplacing line breaks at correct position also helps to have better readability\nUpdated code structures to include level of abstractions.\n\nLet\u0027s,\n* update the code to use Egyptian style braces\n* place line breaks to improve readability\n","fileTypesAndContributionMap":{"java":{"insertions":11,"deletions":8}}},{"hash":"a975cbfbf23c7c8d9a4dc131f0d3e6c06d6120e0","messageTitle":"Add C-DetectDuplicates","messageBody":"Detecting duplicates helps to ensure users do not double type the same tasks if they have too many tasks to do\n\nLet\u0027s\n* update the adding tasks function to detect duplicates by going through the task list\n* prints an error message if the exact same tasks has been added in the task list before\n","tags":["BCD-Extension","A-FullCommitMessage"],"fileTypesAndContributionMap":{"java":{"insertions":41,"deletions":9}}},{"hash":"8c606e273be8e0771fb0b9cf1659bf6768fcc65f","messageTitle":"Update Javadoc for TaskList","messageBody":"","fileTypesAndContributionMap":{"java":{"insertions":6,"deletions":0}}}]},{"date":"2022-09-08","commitResults":[{"hash":"f0a2bbd6f3bef72dcddc8fee186ca1c6d8dfb77c","messageTitle":"Update Build.gradle","messageBody":"","fileTypesAndContributionMap":{"gradle":{"insertions":1,"deletions":1}}}]},{"date":"2022-09-14","commitResults":[{"hash":"d88c477e13537f29504519fff541c63ad254a1e6","messageTitle":"Improve GUI","messageBody":"","tags":["A-BetterGui"],"fileTypesAndContributionMap":{"txt":{"insertions":5,"deletions":1},"fxml":{"insertions":25,"deletions":28},"java":{"insertions":105,"deletions":100},"md":{"insertions":2,"deletions":2}}},{"hash":"bbf0743b3038f53ebe03a1afe62d8ad0eb4fadae","messageTitle":"Add a user guide Update Find method Add Help command","messageBody":"","fileTypesAndContributionMap":{"txt":{"insertions":5,"deletions":7},"java":{"insertions":68,"deletions":4},"md":{"insertions":105,"deletions":14}}},{"hash":"3db925fbe0cda9ef46ba9942410aa1c6dcd4b2b6","messageTitle":"Update README.md","messageBody":"","fileTypesAndContributionMap":{"md":{"insertions":2,"deletions":2}}},{"hash":"b385e743504a4c895f79a7d0062917efaca7b983","messageTitle":"Update README.md","messageBody":"","fileTypesAndContributionMap":{"md":{"insertions":3,"deletions":3}}},{"hash":"0a340f8cf488078d838dafb6762d732361a07a1d","messageTitle":"Update README.md","messageBody":"","fileTypesAndContributionMap":{"md":{"insertions":13,"deletions":12}}},{"hash":"78d4c00493ab317f419bb9933bdbd16e787ac233","messageTitle":"Update README.md","messageBody":"","fileTypesAndContributionMap":{"md":{"insertions":1,"deletions":1}}},{"hash":"ea06e7a8a6349a0c7c7271f4d89f880ed2ef0d92","messageTitle":"Update README.md","messageBody":"","fileTypesAndContributionMap":{"md":{"insertions":7,"deletions":6}}},{"hash":"d2291b384786a6a4c853d89fad9efe78da33a19b","messageTitle":"Update README.md","messageBody":"","fileTypesAndContributionMap":{"md":{"insertions":4,"deletions":2}}},{"hash":"238fd33ed5fa37277e06f3258c8e54b9eaaecfe2","messageTitle":"Update jar file","messageBody":"","fileTypesAndContributionMap":{"gradle":{"insertions":2,"deletions":2},"txt":{"insertions":0,"deletions":5},"java":{"insertions":4,"deletions":7}}},{"hash":"b4e7e60a7e2babebc86f255f8a83625239917ecb","messageTitle":"Update README.md","messageBody":"","fileTypesAndContributionMap":{"md":{"insertions":1,"deletions":1}}}]},{"date":"2022-09-15","commitResults":[{"hash":"c15dbb2f1566dc170ab07bfdec88a6657f3632c9","messageTitle":"Update exit platform","messageBody":"","fileTypesAndContributionMap":{"java":{"insertions":5,"deletions":0}}}]},{"date":"2022-09-16","commitResults":[{"hash":"19a6ee950e60da55ac1e85d85fa1717b9768ce81","messageTitle":"Update Help command","messageBody":"","fileTypesAndContributionMap":{"java":{"insertions":0,"deletions":1}}}]}]},"authorFileTypeContributionMap":{"shaniceng":{"java":1605,"md":118,"fxml":66,"sh":0,"bat":1,"gradle":22,"txt":33}},"authorContributionVariance":{"shaniceng":243757.56},"authorDisplayNameMap":{"shaniceng":"CS2103T-F11-3 SHAN..N YI"}}
