{"authorDailyContributionsMap":{"o-ohst":[{"date":"2022-08-15","commitResults":[{"hash":"3f6ff20f8572fef10da6bd385bcdaf57da2db55c","messageTitle":"greet, echo, exit","messageBody":"","tags":["Level-1"],"fileTypesAndContributionMap":{"java":{"insertions":14,"deletions":6}}},{"hash":"c6113d2506b23e3a485a11990cf07616d744be6d","messageTitle":"add, list","messageBody":"","tags":["Level-2"],"fileTypesAndContributionMap":{"java":{"insertions":15,"deletions":4}}}]},{"date":"2022-08-19","commitResults":[{"hash":"4cb004d2464661ff06ca01b61e35b702de2a5664","messageTitle":"mark as done","messageBody":"","tags":["Level-3"],"fileTypesAndContributionMap":{"java":{"insertions":59,"deletions":8}}},{"hash":"62b9fb9c63eead26d16d4c82d182deb6b0b4974b","messageTitle":"todo, event, deadline","messageBody":"","tags":["Level-4"],"fileTypesAndContributionMap":{"java":{"insertions":95,"deletions":12}}},{"hash":"9657a640f5b190c6e73b3e67c6306f9cee8c79f5","messageTitle":"automated text ui testing","messageBody":"","tags":["A-TextUiTesting"],"fileTypesAndContributionMap":{"txt":{"insertions":13,"deletions":0},"java":{"insertions":0,"deletions":6},"sh":{"insertions":1,"deletions":1}}},{"hash":"b0329e1a52cc27d5b2d2645ee82e9a91b755766f","messageTitle":"handle errors","messageBody":"","tags":["Level-5"],"fileTypesAndContributionMap":{"txt":{"insertions":3,"deletions":0},"java":{"insertions":20,"deletions":1}}},{"hash":"2acf861f1a89445e88ab205ea5d57d1ad1e4f222","messageTitle":"delete","messageBody":"","tags":["Level-6"],"fileTypesAndContributionMap":{"txt":{"insertions":2,"deletions":0},"java":{"insertions":19,"deletions":3}}}]},{"date":"2022-08-23","commitResults":[{"hash":"411b42130051b57fd93c2a333085b2b623f28c30","messageTitle":"change runtest.sh","messageBody":"","fileTypesAndContributionMap":{"sh":{"insertions":1,"deletions":1}}}]},{"date":"2022-08-24","commitResults":[{"hash":"b040c42d3367db96ce7858310421142dcc16b881","messageTitle":"save","messageBody":"","tags":["Level-7"],"fileTypesAndContributionMap":{"java":{"insertions":153,"deletions":18}}},{"hash":"5f799d041fd967862320e70b350fdc6e178a5ff2","messageTitle":"dates and times","messageBody":"","fileTypesAndContributionMap":{"java":{"insertions":44,"deletions":8}}}]},{"date":"2022-08-25","commitResults":[{"hash":"d137a37bb4532bef4b28a3d645cb396d54b1bdf2","messageTitle":"date and time","messageBody":"","tags":["Level-8"],"fileTypesAndContributionMap":{"java":{"insertions":2,"deletions":4}}},{"hash":"64e8ef9217eb49a99aa6e210467e6c04c7607478","messageTitle":"more OOP","messageBody":"","tags":["A-MoreOOP"],"fileTypesAndContributionMap":{"txt":{"insertions":4,"deletions":0},"java":{"insertions":241,"deletions":153},"sh":{"insertions":0,"deletions":0}}},{"hash":"e0823b61d1548d02b5dbf1f8f2bf2a0f3e97015b","messageTitle":"packages","messageBody":"","tags":["A-Packages"],"fileTypesAndContributionMap":{"txt":{"insertions":1,"deletions":0},"java":{"insertions":19,"deletions":4}}}]},{"date":"2022-08-30","commitResults":[{"hash":"09cf46d26e98a7aefca1c9527c7fd63e9d0c3808","messageTitle":"tests","messageBody":"","tags":["A-Jar"],"fileTypesAndContributionMap":{"java":{"insertions":14,"deletions":0}}},{"hash":"d3fdd0b0001e9a25a27c8ef1deb01cad941b721a","messageTitle":"A-JUnit","messageBody":"","tags":["A-JUnit"],"fileTypesAndContributionMap":{"txt":{"insertions":0,"deletions":5},"java":{"insertions":17,"deletions":3}}},{"hash":"5c8dfa2bcc920bfe999439d2226e25259c8c57e0","messageTitle":"add javadoc","messageBody":"","fileTypesAndContributionMap":{"java":{"insertions":55,"deletions":3}}},{"hash":"76198258e6ca3d6b90c376c08793b18dcaab275c","messageTitle":"add coding standard","messageBody":"","tags":["A-CodingStandard"],"fileTypesAndContributionMap":{"java":{"insertions":0,"deletions":1}}},{"hash":"3a41788a13f0c87f383645059ad03132a15f4329","messageTitle":"add find","messageBody":"","fileTypesAndContributionMap":{"java":{"insertions":15,"deletions":0}}}]},{"date":"2022-09-05","commitResults":[{"hash":"94f6bb3dc54f282288bb59ccb83f627e1a3e71dd","messageTitle":"add GUI","messageBody":"","tags":["Level-10"],"fileTypesAndContributionMap":{"gradle":{"insertions":9,"deletions":0},"java":{"insertions":335,"deletions":197}}},{"hash":"5588b9943ab6d14187257e4e617999f2f17fbcef","messageTitle":"Use assertions to check for valid datetime inputs.","messageBody":"Currently, bad inputs are not checked and can go unnoticed.\n\nAssertions can help to detect bad inputs properly and early.\n\nAssertions are used temporarily for simplicity.\n","tags":["A-Assertions"],"fileTypesAndContributionMap":{"java":{"insertions":8,"deletions":2}}},{"hash":"d471a396d8d4af925d459c5924db0edf2a229fb7","messageTitle":"Improve code quality by making file path a constant.","messageBody":"Currently, the file path is hard coded.\n\nMaking it static and final allows it to be a single, constant value, which is appropriate for a file path.\n","tags":["A-FullCommitMessage","A-CodeQuality"],"fileTypesAndContributionMap":{"java":{"insertions":3,"deletions":8}}},{"hash":"f1b1cc3cf2f2ec3317c210a5c168d42651a06f53","messageTitle":"snooze","messageBody":"","tags":["BCD-Extension","B-Snooze"],"fileTypesAndContributionMap":{"java":{"insertions":52,"deletions":13}}}]},{"date":"2022-09-15","commitResults":[{"hash":"a5c97eab839ba42769077ea9498b9292495e5d5b","messageTitle":"level 10","messageBody":"","fileTypesAndContributionMap":{"java":{"insertions":1,"deletions":0}}}]}]},"authorFileTypeContributionMap":{"o-ohst":{"java":737,"md":0,"fxml":0,"sh":0,"bat":0,"gradle":9,"txt":18}},"authorContributionVariance":{"o-ohst":17689.422},"authorDisplayNameMap":{"o-ohst":"CS2103T-T12-3 HAO ..TONG"}}
