{"authorDailyContributionsMap":{"jjtan444":[{"date":"2022-08-17","commitResults":[{"hash":"e63df6a7c56cf6bf092ceabe803f96bbdb3b88d8","messageTitle":"Level-1","messageBody":"","tags":["Level-1"],"fileTypesAndContributionMap":{"java":{"insertions":15,"deletions":6}}},{"hash":"e3a446638f8aaacc3c89fd81e394014f35b5f161","messageTitle":"Level-2","messageBody":"","tags":["Level-2"],"fileTypesAndContributionMap":{"java":{"insertions":14,"deletions":4}}},{"hash":"fc35358903af31a1cb3c98da16c41eb01c397753","messageTitle":"Level-3","messageBody":"","tags":["Level-3"],"fileTypesAndContributionMap":{"java":{"insertions":61,"deletions":6}}},{"hash":"afe2009fb5c44ed4b2a7fdaa33e3f0dc1f54c610","messageTitle":"Level-4","messageBody":"","tags":["Level-4"],"fileTypesAndContributionMap":{"java":{"insertions":96,"deletions":24}}},{"hash":"b2f5826811ec56e918f171e1b66e6a4c039e304b","messageTitle":"A-TextUiTesting","messageBody":"","tags":["A-TextUiTesting"],"fileTypesAndContributionMap":{"txt":{"insertions":8,"deletions":0},"java":{"insertions":4,"deletions":5}}},{"hash":"6749f21fd9ae824ca0a152cbb4ec7902b40d8448","messageTitle":"Level-5","messageBody":"","tags":["Level-5"],"fileTypesAndContributionMap":{"java":{"insertions":71,"deletions":16}}}]},{"date":"2022-08-18","commitResults":[{"hash":"c30b6ff0ee6fbe6766b85f98d293e7416119a068","messageTitle":"Level-6","messageBody":"","tags":["Level-6"],"fileTypesAndContributionMap":{"java":{"insertions":35,"deletions":19}}}]},{"date":"2022-08-23","commitResults":[{"hash":"626a0a907b667b68e22f5075b894cb2dd3e46f4a","messageTitle":"Level-7","messageBody":"","fileTypesAndContributionMap":{"txt":{"insertions":0,"deletions":0},"java":{"insertions":130,"deletions":40}}},{"hash":"824586ac9539bf4f5b33b36874782401a8402e28","messageTitle":"Revert \"Level-7\"","messageBody":"This reverts commit 626a0a907b667b68e22f5075b894cb2dd3e46f4a.\n","fileTypesAndContributionMap":{"txt":{"insertions":0,"deletions":0},"java":{"insertions":40,"deletions":130}}},{"hash":"afec30f9371df5ce1b2246481d0dcb987c35f434","messageTitle":"To level 7","messageBody":"","fileTypesAndContributionMap":{"java":{"insertions":135,"deletions":43}}}]},{"date":"2022-08-24","commitResults":[{"hash":"ae744431c3f82b906ca959c29e0f01b4f87e1866","messageTitle":"To level 8","messageBody":"","fileTypesAndContributionMap":{"java":{"insertions":18,"deletions":3}}},{"hash":"e02b68255dab22fce1d5f98c4914d0f667448542","messageTitle":"A-MoreOOP","messageBody":"","tags":["A-MoreOOP"],"fileTypesAndContributionMap":{"java":{"insertions":220,"deletions":106}}},{"hash":"7a429a61308049700f58442f80af16bf48367fea","messageTitle":"A-Packages","messageBody":"","tags":["A-Packages"],"fileTypesAndContributionMap":{"java":{"insertions":21,"deletions":1},"bat":{"insertions":1,"deletions":1},"md":{"insertions":1,"deletions":1}}}]},{"date":"2022-08-25","commitResults":[{"hash":"2eb32e9f5a0833695e34860289c53ae17022c241","messageTitle":"A-Gradle","messageBody":"","tags":["A-Gradle"],"fileTypesAndContributionMap":{"gradle":{"insertions":1,"deletions":1}}},{"hash":"e6355de9494c487f17e26d4788ba2924ca25555a","messageTitle":"A-JUnit","messageBody":"","tags":["A-Jar","A-JUnit"],"fileTypesAndContributionMap":{"java":{"insertions":19,"deletions":0}}},{"hash":"864eb3bdbbe76f5c71be13aeb718c33652c2d9f7","messageTitle":"A-JavaDoc","messageBody":"","tags":["A-JavaDoc"],"fileTypesAndContributionMap":{"java":{"insertions":121,"deletions":2}}},{"hash":"db29a4aa29da3f95e6bc23418faa0e2423b885eb","messageTitle":"A-Coding-Standard","messageBody":"","fileTypesAndContributionMap":{"java":{"insertions":61,"deletions":62}}},{"hash":"2ec170fd86ded3e8003620ef9f8b5fc07de5e3fb","messageTitle":"Level-9","messageBody":"","tags":["Level-9"],"fileTypesAndContributionMap":{"java":{"insertions":50,"deletions":2}}}]}]},"authorFileTypeContributionMap":{"jjtan444":{"java":657,"md":1,"fxml":0,"sh":0,"bat":1,"gradle":1,"txt":8}},"authorContributionVariance":{"jjtan444":31395.838},"authorDisplayNameMap":{"jjtan444":"CS2103T-T09-3 TAN .. JIE"}}
