{"authorDailyContributionsMap":{"yunruu":[{"date":"2022-08-18","commitResults":[{"hash":"abf307d54099fc31c8dce88cc106b9702bd4f328","messageTitle":"First commit; level 1 complete.","messageBody":"","fileTypesAndContributionMap":{"txt":{"insertions":0,"deletions":0},"java":{"insertions":33,"deletions":3}}},{"hash":"fb45f3e643c2cd2aaf453b4b3644610db6fc3475","messageTitle":"Level 2 completed; can add and list user input","messageBody":"","fileTypesAndContributionMap":{"java":{"insertions":29,"deletions":5}}},{"hash":"f316f6b5f0977f5da48711505441c81d938b96ef","messageTitle":"Level 3 completed. Added Task class.","messageBody":"","fileTypesAndContributionMap":{"txt":{"insertions":0,"deletions":0},"java":{"insertions":89,"deletions":14}}},{"hash":"9343313c72e041c5f75833c9814b9268f972878f","messageTitle":"Edited mark \u0026 unmark functionality to print task.","messageBody":"","fileTypesAndContributionMap":{"java":{"insertions":1,"deletions":1}}}]},{"date":"2022-08-19","commitResults":[{"hash":"7c6c8b5ff8b43ecb10eaedf5597b1904cb474161","messageTitle":"Level 4 complete. Create Todo, Event and Deadline.","messageBody":"","fileTypesAndContributionMap":{"java":{"insertions":130,"deletions":47}}}]},{"date":"2022-08-20","commitResults":[{"hash":"d7f19c2eda89def3a593031bf1370e990bb61d36","messageTitle":"Complete level 5. Implement DukeException.","messageBody":"","fileTypesAndContributionMap":{"txt":{"insertions":2,"deletions":0},"java":{"insertions":113,"deletions":72}}}]},{"date":"2022-08-21","commitResults":[{"hash":"72f0b9fe5ea3961b43cdf490c5e8cc905060e14b","messageTitle":"Complete level 5. Add delete task, more exceptions","messageBody":"","fileTypesAndContributionMap":{"java":{"insertions":24,"deletions":2}}}]},{"date":"2022-08-23","commitResults":[{"hash":"76caced81bd55e3eb861e4debb2821ef32ed5b80","messageTitle":"Change UI","messageBody":"","fileTypesAndContributionMap":{"java":{"insertions":1,"deletions":1}}}]},{"date":"2022-08-25","commitResults":[{"hash":"c3cc791f5eb3a989bddc25a0887e0f100c0302ca","messageTitle":"Add DataLoader to load saved data","messageBody":"","fileTypesAndContributionMap":{"txt":{"insertions":3,"deletions":0},"java":{"insertions":56,"deletions":0}}}]},{"date":"2022-08-26","commitResults":[{"hash":"1e6b918a18ab5bea1a8ad073bf01068cd2bc31be","messageTitle":"Change bot name, add save and load data functions","messageBody":"","fileTypesAndContributionMap":{"txt":{"insertions":4,"deletions":3},"java":{"insertions":125,"deletions":64}}},{"hash":"4095b14f7f35f7bfd6077633d0c662f8d7e69c73","messageTitle":"Improve error handling","messageBody":"","fileTypesAndContributionMap":{"txt":{"insertions":1,"deletions":0},"java":{"insertions":39,"deletions":45}}},{"hash":"e5057b755388ea7be6860c32f5d06901858c434d","messageTitle":"Resolve conflict","messageBody":"","fileTypesAndContributionMap":{"txt":{"insertions":1,"deletions":1},"java":{"insertions":13,"deletions":0}}}]},{"date":"2022-08-29","commitResults":[{"hash":"088379f04d036b948a277248eb56ea38d3473aa3","messageTitle":"Revert \"Change UI\"","messageBody":"This reverts commit 76caced81bd55e3eb861e4debb2821ef32ed5b80.\n","fileTypesAndContributionMap":{"txt":{"insertions":0,"deletions":4},"java":{"insertions":4,"deletions":0}}},{"hash":"1eff2a773ed076c2194e8527bb85231c56a52d84","messageTitle":"Confuse changes","messageBody":"","fileTypesAndContributionMap":{"java":{"insertions":38,"deletions":141}}},{"hash":"c14fb7ac1eeb2347ea81b6d27be0abcc974a438a","messageTitle":"Revert \"Change bot name, add save and load data functions\"","messageBody":"This reverts commit 1e6b918a18ab5bea1a8ad073bf01068cd2bc31be.\n","fileTypesAndContributionMap":{"txt":{"insertions":3,"deletions":0},"java":{"insertions":121,"deletions":40}}},{"hash":"53eeb39608415524171ff7d51b14498328a5d43e","messageTitle":"Reset changes","messageBody":"","fileTypesAndContributionMap":{"java":{"insertions":14,"deletions":30}}},{"hash":"4175afb3c25ea12e0930aa0c3d6c966134a4ad1d","messageTitle":"Add load and write data functions","messageBody":"","fileTypesAndContributionMap":{"java":{"insertions":7,"deletions":3}}},{"hash":"f7da70e74cc90bc98788fec88d547440c0398a20","messageTitle":"Update data storage text","messageBody":"","fileTypesAndContributionMap":{"txt":{"insertions":1,"deletions":1}}},{"hash":"937811209695836627577c46c608b73bffac81be","messageTitle":"Add date time reading function","messageBody":"","fileTypesAndContributionMap":{"txt":{"insertions":0,"deletions":3},"java":{"insertions":34,"deletions":92}}},{"hash":"f60feea7be5ae71e3126ac74f67c3671476407c2","messageTitle":"Add date time reading functionality","messageBody":"","fileTypesAndContributionMap":{"java":{"insertions":30,"deletions":102}}}]}]},"authorFileTypeContributionMap":{"yunruu":{"java":419,"md":0,"fxml":0,"sh":0,"bat":0,"gradle":0,"txt":7}},"authorContributionVariance":{"yunruu":27470.78},"authorDisplayNameMap":{"yunruu":"CS2103T-T12-2 CHIN..N RU"}}
