{"authorDailyContributionsMap":{"phualiting":[{"date":"2022-08-15","commitResults":[{"hash":"1b808ef8606085852480b249fbbf71f5eed6a2a9","messageTitle":"Add greet, echo, exit","messageBody":"","tags":["Level-1"],"fileTypesAndContributionMap":{"java":{"insertions":17,"deletions":0}}},{"hash":"b91f7618523327162b8f5898f293c2d14fe634a0","messageTitle":"Add add, list","messageBody":"","tags":["Level-2"],"fileTypesAndContributionMap":{"java":{"insertions":16,"deletions":1}}},{"hash":"c4e3b0b8f841292388b1d01e480d45b545ecfeb4","messageTitle":"Add mark as done, unmark","messageBody":"","tags":["Level-3"],"fileTypesAndContributionMap":{"java":{"insertions":41,"deletions":3}}}]},{"date":"2022-08-16","commitResults":[{"hash":"22e076512bddee59994cca5bdf3750355463f615","messageTitle":"Add todos, events, deadlines","messageBody":"","tags":["Level-4"],"fileTypesAndContributionMap":{"java":{"insertions":94,"deletions":25}}}]},{"date":"2022-08-17","commitResults":[{"hash":"a380b219305cc7d6dea55cc0ddb7de223045ba22","messageTitle":"Add automated text ui testing","messageBody":"","tags":["A-TextUiTesting"],"fileTypesAndContributionMap":{"txt":{"insertions":11,"deletions":0},"java":{"insertions":6,"deletions":6}}},{"hash":"d2906564c07e3865a2890ea0605493ae33304a68","messageTitle":"Add handle errors","messageBody":"","tags":["Level-5"],"fileTypesAndContributionMap":{"txt":{"insertions":2,"deletions":1},"java":{"insertions":31,"deletions":7}}},{"hash":"ce4b380657badd6061f9dbe112892dc3497b4a5a","messageTitle":"Add delete","messageBody":"","tags":["Level-6"],"fileTypesAndContributionMap":{"txt":{"insertions":2,"deletions":0},"java":{"insertions":27,"deletions":9}}}]},{"date":"2022-08-18","commitResults":[{"hash":"a3e2953ebc4beafdcac2b51e342dd4d4d626b131","messageTitle":"Add use enums","messageBody":"","tags":["A-Enums"],"fileTypesAndContributionMap":{"java":{"insertions":48,"deletions":31}}}]},{"date":"2022-08-21","commitResults":[{"hash":"8872a0982cdd595fcd54e05bcc8a1d3512e07ba8","messageTitle":"Add save","messageBody":"","fileTypesAndContributionMap":{"java":{"insertions":110,"deletions":17}}},{"hash":"407aa534a9aadf43522aa780d49a6e9e689b3c95","messageTitle":"Add dates and times","messageBody":"","fileTypesAndContributionMap":{"txt":{"insertions":1,"deletions":1},"java":{"insertions":16,"deletions":9}}},{"hash":"33084c5bd18b09044e4149b2806ce2fc9cbcc528","messageTitle":"Fix date bug","messageBody":"","fileTypesAndContributionMap":{"java":{"insertions":1,"deletions":1}}}]},{"date":"2022-08-22","commitResults":[{"hash":"29a038c167d0f8d82b92b3a14f844d2ab73c523a","messageTitle":"Add more oop","messageBody":"","tags":["A-MoreOOP"],"fileTypesAndContributionMap":{"java":{"insertions":189,"deletions":110}}}]},{"date":"2022-08-23","commitResults":[{"hash":"40f6eea26e9b217f168d49f1ebb0e03aa304d14d","messageTitle":"Add organize into packages","messageBody":"","tags":["A-Packages"],"fileTypesAndContributionMap":{"java":{"insertions":20,"deletions":1},"bat":{"insertions":1,"deletions":1},"sh":{"insertions":1,"deletions":1}}}]},{"date":"2022-08-24","commitResults":[{"hash":"825530f90da227aab438886735c703897ac557c1","messageTitle":"Add JUnit tests","messageBody":"","tags":["A-Jar","A-JUnit"],"fileTypesAndContributionMap":{"java":{"insertions":61,"deletions":5}}},{"hash":"44a08d3c176017fbdfdd076478f0d930466e062e","messageTitle":"Add checkstyle","messageBody":"","tags":["A-CheckStyle"],"fileTypesAndContributionMap":{"gradle":{"insertions":6,"deletions":1}}}]},{"date":"2022-08-25","commitResults":[{"hash":"0d1a20b8bbffc8d482fa2d1c287c1edd2ce01c31","messageTitle":"Add Javadoc comments","messageBody":"","fileTypesAndContributionMap":{"java":{"insertions":151,"deletions":0}}},{"hash":"9864fd084cfa9bb356c7072934d1fd967815980a","messageTitle":"Follow coding standard","messageBody":"","fileTypesAndContributionMap":{"java":{"insertions":44,"deletions":35}}},{"hash":"1550fea5fc95aaa28af0973e2b2811b1ac6bc1f2","messageTitle":"Add find","messageBody":"","fileTypesAndContributionMap":{"java":{"insertions":49,"deletions":11}}}]},{"date":"2022-08-31","commitResults":[{"hash":"adc5b92d8dcedf13ace6ae272988b5e2ca3d135b","messageTitle":"Add GUI","messageBody":"","fileTypesAndContributionMap":{"gradle":{"insertions":15,"deletions":0},"fxml":{"insertions":35,"deletions":0},"java":{"insertions":239,"deletions":106}}}]},{"date":"2022-09-01","commitResults":[{"hash":"d7c9237b205f895aef77014840592e0343725566","messageTitle":"Fix coding standard","messageBody":"","fileTypesAndContributionMap":{"java":{"insertions":49,"deletions":51}}}]},{"date":"2022-09-06","commitResults":[{"hash":"d56139818f059afd3eaa126ea18faea9140a053d","messageTitle":"Fix gui bug","messageBody":"","fileTypesAndContributionMap":{"gradle":{"insertions":1,"deletions":1},"fxml":{"insertions":1,"deletions":1}}}]},{"date":"2022-09-07","commitResults":[{"hash":"2662cb40aa68cf25bf8a07883a18095cea46408c","messageTitle":"Add assertions","messageBody":"Incorrect values of arguments for some methods can cause errors.\n\nAssertions check for possible bugs in the code during runtime.\n\nLet\u0027s include assertions to check values of variables at certain\npoints in the code to detect bugs.\n","tags":["A-FullCommitMessage"],"fileTypesAndContributionMap":{"gradle":{"insertions":1,"deletions":0},"java":{"insertions":12,"deletions":1}}},{"hash":"7697351bf6d35c7ac6e69ccbd283370e8aecaba3","messageTitle":"Improve code quality","messageBody":"Code has sections that may be hard to understand.\n\nImproving code quality would make the code clearer.\n\nLet\u0027s make code more readable by making the happy path prominent.\n","fileTypesAndContributionMap":{"java":{"insertions":114,"deletions":68}}}]},{"date":"2022-09-08","commitResults":[{"hash":"aa033de4776b10b2fc0bb80803597bff5ffd4b96","messageTitle":"Add tagging","messageBody":"","fileTypesAndContributionMap":{"java":{"insertions":134,"deletions":9}}}]},{"date":"2022-09-15","commitResults":[{"hash":"0d9622ec0e99801570980bd50db72b2abcbd6c49","messageTitle":"Update images","messageBody":"","fileTypesAndContributionMap":{"java":{"insertions":1,"deletions":0}}}]},{"date":"2022-09-16","commitResults":[{"hash":"ce0ab0b17af6ab169c5161d2a31ab27ee86bc2f0","messageTitle":"Finalize code","messageBody":"","fileTypesAndContributionMap":{"java":{"insertions":9,"deletions":9}}},{"hash":"c8b4e305d980b38de688a97bc880dad15c7f50f4","messageTitle":"Update README, add product screenshot","messageBody":"","tags":["A-UserGuide"],"fileTypesAndContributionMap":{"md":{"insertions":251,"deletions":12}}},{"hash":"0a19502761beb78314318d5ffc7e619b2c3b7c31","messageTitle":"Update README","messageBody":"","tags":["v0.2","A-Release"],"fileTypesAndContributionMap":{"md":{"insertions":0,"deletions":51}}}]}]},"authorFileTypeContributionMap":{"phualiting":{"java":971,"md":184,"fxml":35,"sh":1,"bat":1,"gradle":22,"txt":14}},"authorContributionVariance":{"phualiting":11579.916},"authorDisplayNameMap":{"phualiting":"CS2103T-F11-2 PHUA..TING"}}
