[{"path":"data/duke.txt","fileType":"txt","lines":[{"lineNumber":1,"author":{"gitId":"samuelcheongws"},"content":"T##Y##todo todo 1 ","lastModifiedDate":"2022-08-28"},{"lineNumber":2,"author":{"gitId":"samuelcheongws"},"content":"E##Y##event event 1 ##2022-01-01","lastModifiedDate":"2022-08-28"},{"lineNumber":3,"author":{"gitId":"samuelcheongws"},"content":"D##N##deadline deadline 1 ##2022-01-01","lastModifiedDate":"2022-08-28"},{"lineNumber":4,"author":{"gitId":"samuelcheongws"},"content":"E##N##event event 2 ##2022-01-02","lastModifiedDate":"2022-08-28"},{"lineNumber":5,"author":{"gitId":"samuelcheongws"},"content":"D##N##deadline dl ##2022-01-02","lastModifiedDate":"2022-08-28"},{"lineNumber":6,"author":{"gitId":"samuelcheongws"},"content":"T##Y##todo todo 6","lastModifiedDate":"2022-08-28"},{"lineNumber":7,"author":{"gitId":"samuelcheongws"},"content":"T##Y##todo todo 7 ","lastModifiedDate":"2022-08-28"},{"lineNumber":8,"author":{"gitId":"samuelcheongws"},"content":"D##N##deadline dl 8 ##2022-01-01","lastModifiedDate":"2022-08-28"}],"authorContributionMap":{"samuelcheongws":8}},{"path":"src/main/java/Duke.java","fileType":"java","lines":[{"lineNumber":1,"author":{"gitId":"samuelcheongws"},"content":"import java.util.Scanner;","lastModifiedDate":"2022-08-16"},{"lineNumber":2,"author":{"gitId":"samuelcheongws"},"content":"","lastModifiedDate":"2022-08-16"},{"lineNumber":3,"author":{"gitId":"-"},"content":"public class Duke {","lastModifiedDate":"2019-07-29"},{"lineNumber":4,"author":{"gitId":"samuelcheongws"},"content":"","lastModifiedDate":"2022-08-16"},{"lineNumber":5,"author":{"gitId":"samuelcheongws"},"content":"    private static TaskList taskArr \u003d new TaskList();","lastModifiedDate":"2022-08-26"},{"lineNumber":6,"author":{"gitId":"samuelcheongws"},"content":"//    private Storage storage;","lastModifiedDate":"2022-08-26"},{"lineNumber":7,"author":{"gitId":"samuelcheongws"},"content":"    private Ui ui;","lastModifiedDate":"2022-08-26"},{"lineNumber":8,"author":{"gitId":"samuelcheongws"},"content":"    String input;","lastModifiedDate":"2022-08-26"},{"lineNumber":9,"author":{"gitId":"samuelcheongws"},"content":"","lastModifiedDate":"2022-08-16"},{"lineNumber":10,"author":{"gitId":"samuelcheongws"},"content":"","lastModifiedDate":"2022-08-16"},{"lineNumber":11,"author":{"gitId":"samuelcheongws"},"content":"    public Duke(String filePath) {","lastModifiedDate":"2022-08-26"},{"lineNumber":12,"author":{"gitId":"samuelcheongws"},"content":"        ui \u003d new Ui();","lastModifiedDate":"2022-08-26"},{"lineNumber":13,"author":{"gitId":"samuelcheongws"},"content":"        ui.printGreetings();","lastModifiedDate":"2022-08-26"},{"lineNumber":14,"author":{"gitId":"samuelcheongws"},"content":"","lastModifiedDate":"2022-08-24"},{"lineNumber":15,"author":{"gitId":"samuelcheongws"},"content":"        try {","lastModifiedDate":"2022-08-24"},{"lineNumber":16,"author":{"gitId":"samuelcheongws"},"content":"            Storage.loadFileData(taskArr);","lastModifiedDate":"2022-08-26"},{"lineNumber":17,"author":{"gitId":"samuelcheongws"},"content":"        } catch (DukeException e) {","lastModifiedDate":"2022-08-24"},{"lineNumber":18,"author":{"gitId":"samuelcheongws"},"content":"            System.out.println(e.getMessage());","lastModifiedDate":"2022-08-24"},{"lineNumber":19,"author":{"gitId":"samuelcheongws"},"content":"        }","lastModifiedDate":"2022-08-24"},{"lineNumber":20,"author":{"gitId":"samuelcheongws"},"content":"","lastModifiedDate":"2022-08-24"},{"lineNumber":21,"author":{"gitId":"samuelcheongws"},"content":"        Scanner sc \u003d new Scanner(System.in);","lastModifiedDate":"2022-08-16"},{"lineNumber":22,"author":{"gitId":"samuelcheongws"},"content":"        input \u003d sc.nextLine();","lastModifiedDate":"2022-08-26"},{"lineNumber":23,"author":{"gitId":"samuelcheongws"},"content":"    }","lastModifiedDate":"2022-08-26"},{"lineNumber":24,"author":{"gitId":"samuelcheongws"},"content":"","lastModifiedDate":"2022-08-16"},{"lineNumber":25,"author":{"gitId":"samuelcheongws"},"content":"    public void run() {","lastModifiedDate":"2022-08-26"},{"lineNumber":26,"author":{"gitId":"samuelcheongws"},"content":"        while (!input.equals(\"bye\")) {","lastModifiedDate":"2022-08-16"},{"lineNumber":27,"author":{"gitId":"samuelcheongws"},"content":"            try {","lastModifiedDate":"2022-08-18"},{"lineNumber":28,"author":{"gitId":"samuelcheongws"},"content":"                Parser.parseInput(input,taskArr);","lastModifiedDate":"2022-08-26"},{"lineNumber":29,"author":{"gitId":"samuelcheongws"},"content":"","lastModifiedDate":"2022-08-18"},{"lineNumber":30,"author":{"gitId":"samuelcheongws"},"content":"            } catch (DukeException e) {","lastModifiedDate":"2022-08-18"},{"lineNumber":31,"author":{"gitId":"samuelcheongws"},"content":"                System.out.println(e.getMessage());","lastModifiedDate":"2022-08-18"},{"lineNumber":32,"author":{"gitId":"samuelcheongws"},"content":"            }","lastModifiedDate":"2022-08-18"},{"lineNumber":33,"author":{"gitId":"samuelcheongws"},"content":"","lastModifiedDate":"2022-08-18"},{"lineNumber":34,"author":{"gitId":"samuelcheongws"},"content":"            input \u003d ui.nextLine();","lastModifiedDate":"2022-08-26"},{"lineNumber":35,"author":{"gitId":"samuelcheongws"},"content":"        }","lastModifiedDate":"2022-08-16"},{"lineNumber":36,"author":{"gitId":"samuelcheongws"},"content":"        System.out.println(\"Bye. Hope to see you again soon!\\n\");","lastModifiedDate":"2022-08-16"},{"lineNumber":37,"author":{"gitId":"-"},"content":"    }","lastModifiedDate":"2019-07-29"},{"lineNumber":38,"author":{"gitId":"samuelcheongws"},"content":"","lastModifiedDate":"2022-08-16"},{"lineNumber":39,"author":{"gitId":"-"},"content":"    public static void main(String[] args) {","lastModifiedDate":"2022-08-26"},{"lineNumber":40,"author":{"gitId":"samuelcheongws"},"content":"        new Duke(\"data/duke.txt\").run();","lastModifiedDate":"2022-08-26"},{"lineNumber":41,"author":{"gitId":"-"},"content":"    }","lastModifiedDate":"2022-08-26"},{"lineNumber":42,"author":{"gitId":"-"},"content":"}","lastModifiedDate":"2019-07-29"}],"authorContributionMap":{"-":5,"samuelcheongws":37}},{"path":"src/main/java/DukeException.java","fileType":"java","lines":[{"lineNumber":1,"author":{"gitId":"samuelcheongws"},"content":"public class DukeException extends Exception {","lastModifiedDate":"2022-08-18"},{"lineNumber":2,"author":{"gitId":"samuelcheongws"},"content":"    public DukeException (String errorMessage) {","lastModifiedDate":"2022-08-18"},{"lineNumber":3,"author":{"gitId":"samuelcheongws"},"content":"        super (errorMessage);","lastModifiedDate":"2022-08-18"},{"lineNumber":4,"author":{"gitId":"samuelcheongws"},"content":"    }","lastModifiedDate":"2022-08-18"},{"lineNumber":5,"author":{"gitId":"samuelcheongws"},"content":"}","lastModifiedDate":"2022-08-18"}],"authorContributionMap":{"samuelcheongws":5}},{"path":"src/main/java/Parser.java","fileType":"java","lines":[{"lineNumber":1,"author":{"gitId":"samuelcheongws"},"content":"import task.Deadline;","lastModifiedDate":"2022-08-26"},{"lineNumber":2,"author":{"gitId":"samuelcheongws"},"content":"import task.Event;","lastModifiedDate":"2022-08-26"},{"lineNumber":3,"author":{"gitId":"samuelcheongws"},"content":"import task.Task;","lastModifiedDate":"2022-08-26"},{"lineNumber":4,"author":{"gitId":"samuelcheongws"},"content":"import task.ToDo;","lastModifiedDate":"2022-08-26"},{"lineNumber":5,"author":{"gitId":"samuelcheongws"},"content":"","lastModifiedDate":"2022-08-26"},{"lineNumber":6,"author":{"gitId":"samuelcheongws"},"content":"import java.time.LocalDate;","lastModifiedDate":"2022-08-26"},{"lineNumber":7,"author":{"gitId":"samuelcheongws"},"content":"import java.util.ArrayList;","lastModifiedDate":"2022-08-26"},{"lineNumber":8,"author":{"gitId":"samuelcheongws"},"content":"","lastModifiedDate":"2022-08-26"},{"lineNumber":9,"author":{"gitId":"samuelcheongws"},"content":"public class Parser {","lastModifiedDate":"2022-08-26"},{"lineNumber":10,"author":{"gitId":"samuelcheongws"},"content":"    private static Ui ui \u003d new Ui();","lastModifiedDate":"2022-08-26"},{"lineNumber":11,"author":{"gitId":"samuelcheongws"},"content":"    public static void parseInput(String input, ArrayList\u003cTask\u003e taskArr) throws DukeException {","lastModifiedDate":"2022-08-26"},{"lineNumber":12,"author":{"gitId":"samuelcheongws"},"content":"        if (input.equals(\"list\")) {","lastModifiedDate":"2022-08-26"},{"lineNumber":13,"author":{"gitId":"samuelcheongws"},"content":"            ui.printArrAsNumberedList(taskArr);","lastModifiedDate":"2022-08-26"},{"lineNumber":14,"author":{"gitId":"samuelcheongws"},"content":"        } else if (input.startsWith(\"mark\")) {","lastModifiedDate":"2022-08-26"},{"lineNumber":15,"author":{"gitId":"samuelcheongws"},"content":"            taskArr.get(Integer.parseInt(input.substring(5)) - 1).mark();","lastModifiedDate":"2022-08-26"},{"lineNumber":16,"author":{"gitId":"samuelcheongws"},"content":"        } else if (input.startsWith(\"unmark\")) {","lastModifiedDate":"2022-08-26"},{"lineNumber":17,"author":{"gitId":"samuelcheongws"},"content":"            taskArr.get(Integer.parseInt(input.substring(7)) - 1).unmark();","lastModifiedDate":"2022-08-26"},{"lineNumber":18,"author":{"gitId":"samuelcheongws"},"content":"        } else {","lastModifiedDate":"2022-08-26"},{"lineNumber":19,"author":{"gitId":"samuelcheongws"},"content":"            // this is under task creation","lastModifiedDate":"2022-08-26"},{"lineNumber":20,"author":{"gitId":"samuelcheongws"},"content":"            if (input.startsWith(\"event\")) {","lastModifiedDate":"2022-08-26"},{"lineNumber":21,"author":{"gitId":"samuelcheongws"},"content":"                String[] inputArr \u003d input.split(\"/\");","lastModifiedDate":"2022-08-26"},{"lineNumber":22,"author":{"gitId":"samuelcheongws"},"content":"                taskArr.add(new Event(inputArr[0], LocalDate.parse(inputArr[1].substring(3))));","lastModifiedDate":"2022-08-26"},{"lineNumber":23,"author":{"gitId":"samuelcheongws"},"content":"                ui.printAddTask(taskArr.get(taskArr.size() - 1).toString());","lastModifiedDate":"2022-08-26"},{"lineNumber":24,"author":{"gitId":"samuelcheongws"},"content":"            } else if (input.startsWith(\"todo\")) {","lastModifiedDate":"2022-08-26"},{"lineNumber":25,"author":{"gitId":"samuelcheongws"},"content":"","lastModifiedDate":"2022-08-26"},{"lineNumber":26,"author":{"gitId":"samuelcheongws"},"content":"                if (input.substring(4).equals(\"\")){","lastModifiedDate":"2022-08-26"},{"lineNumber":27,"author":{"gitId":"samuelcheongws"},"content":"                    throw new DukeException(\"☹ OOPS!!! The description of a todo cannot be empty.\");","lastModifiedDate":"2022-08-26"},{"lineNumber":28,"author":{"gitId":"samuelcheongws"},"content":"                } else {","lastModifiedDate":"2022-08-26"},{"lineNumber":29,"author":{"gitId":"samuelcheongws"},"content":"                    taskArr.add(new ToDo(input));","lastModifiedDate":"2022-08-26"},{"lineNumber":30,"author":{"gitId":"samuelcheongws"},"content":"                    ui.printAddTask(taskArr.get(taskArr.size() - 1).toString());","lastModifiedDate":"2022-08-26"},{"lineNumber":31,"author":{"gitId":"samuelcheongws"},"content":"                }","lastModifiedDate":"2022-08-26"},{"lineNumber":32,"author":{"gitId":"samuelcheongws"},"content":"            } else if (input.startsWith(\"deadline\")) {","lastModifiedDate":"2022-08-26"},{"lineNumber":33,"author":{"gitId":"samuelcheongws"},"content":"                String[] inputArr \u003d input.split(\"/\");","lastModifiedDate":"2022-08-26"},{"lineNumber":34,"author":{"gitId":"samuelcheongws"},"content":"                taskArr.add(new Deadline(inputArr[0], LocalDate.parse(inputArr[1].substring(3))));","lastModifiedDate":"2022-08-26"},{"lineNumber":35,"author":{"gitId":"samuelcheongws"},"content":"                ui.printAddTask(taskArr.get(taskArr.size() - 1).toString());","lastModifiedDate":"2022-08-26"},{"lineNumber":36,"author":{"gitId":"samuelcheongws"},"content":"            } else if (input.startsWith(\"delete\")) {","lastModifiedDate":"2022-08-26"},{"lineNumber":37,"author":{"gitId":"samuelcheongws"},"content":"                int index \u003d Integer.parseInt(input.substring(7)) - 1;","lastModifiedDate":"2022-08-26"},{"lineNumber":38,"author":{"gitId":"samuelcheongws"},"content":"                System.out.printf(\"Noted. I\u0027ve removed this task:\\n%s\\nNow you have %s tasks in the list.\\n\",","lastModifiedDate":"2022-08-26"},{"lineNumber":39,"author":{"gitId":"samuelcheongws"},"content":"                        taskArr.get(index).toString(), (taskArr.size() - 1));","lastModifiedDate":"2022-08-26"},{"lineNumber":40,"author":{"gitId":"samuelcheongws"},"content":"                taskArr.remove(index);","lastModifiedDate":"2022-08-26"},{"lineNumber":41,"author":{"gitId":"samuelcheongws"},"content":"            } else {","lastModifiedDate":"2022-08-26"},{"lineNumber":42,"author":{"gitId":"samuelcheongws"},"content":"                throw new DukeException(\"☹ OOPS!!! I\u0027m sorry, but I don\u0027t know what that means :-(\");","lastModifiedDate":"2022-08-26"},{"lineNumber":43,"author":{"gitId":"samuelcheongws"},"content":"            }","lastModifiedDate":"2022-08-26"},{"lineNumber":44,"author":{"gitId":"samuelcheongws"},"content":"        }","lastModifiedDate":"2022-08-26"},{"lineNumber":45,"author":{"gitId":"samuelcheongws"},"content":"        Storage.saveFileData(taskArr);","lastModifiedDate":"2022-08-26"},{"lineNumber":46,"author":{"gitId":"samuelcheongws"},"content":"","lastModifiedDate":"2022-08-26"},{"lineNumber":47,"author":{"gitId":"samuelcheongws"},"content":"    }","lastModifiedDate":"2022-08-26"},{"lineNumber":48,"author":{"gitId":"samuelcheongws"},"content":"}","lastModifiedDate":"2022-08-26"}],"authorContributionMap":{"samuelcheongws":48}},{"path":"src/main/java/Storage.java","fileType":"java","lines":[{"lineNumber":1,"author":{"gitId":"samuelcheongws"},"content":"import task.Deadline;","lastModifiedDate":"2022-08-26"},{"lineNumber":2,"author":{"gitId":"samuelcheongws"},"content":"import task.Event;","lastModifiedDate":"2022-08-26"},{"lineNumber":3,"author":{"gitId":"samuelcheongws"},"content":"import task.Task;","lastModifiedDate":"2022-08-26"},{"lineNumber":4,"author":{"gitId":"samuelcheongws"},"content":"import task.ToDo;","lastModifiedDate":"2022-08-26"},{"lineNumber":5,"author":{"gitId":"samuelcheongws"},"content":"","lastModifiedDate":"2022-08-26"},{"lineNumber":6,"author":{"gitId":"samuelcheongws"},"content":"import java.io.File;","lastModifiedDate":"2022-08-26"},{"lineNumber":7,"author":{"gitId":"samuelcheongws"},"content":"import java.io.FileNotFoundException;","lastModifiedDate":"2022-08-26"},{"lineNumber":8,"author":{"gitId":"samuelcheongws"},"content":"import java.io.FileWriter;","lastModifiedDate":"2022-08-26"},{"lineNumber":9,"author":{"gitId":"samuelcheongws"},"content":"import java.io.IOException;","lastModifiedDate":"2022-08-26"},{"lineNumber":10,"author":{"gitId":"samuelcheongws"},"content":"import java.nio.file.Files;","lastModifiedDate":"2022-08-26"},{"lineNumber":11,"author":{"gitId":"samuelcheongws"},"content":"import java.nio.file.Paths;","lastModifiedDate":"2022-08-26"},{"lineNumber":12,"author":{"gitId":"samuelcheongws"},"content":"import java.time.LocalDate;","lastModifiedDate":"2022-08-26"},{"lineNumber":13,"author":{"gitId":"samuelcheongws"},"content":"import java.time.format.DateTimeParseException;","lastModifiedDate":"2022-08-26"},{"lineNumber":14,"author":{"gitId":"samuelcheongws"},"content":"import java.util.ArrayList;","lastModifiedDate":"2022-08-26"},{"lineNumber":15,"author":{"gitId":"samuelcheongws"},"content":"import java.util.Scanner;","lastModifiedDate":"2022-08-26"},{"lineNumber":16,"author":{"gitId":"samuelcheongws"},"content":"","lastModifiedDate":"2022-08-26"},{"lineNumber":17,"author":{"gitId":"samuelcheongws"},"content":"public class Storage {","lastModifiedDate":"2022-08-26"},{"lineNumber":18,"author":{"gitId":"samuelcheongws"},"content":"    private String filePath;","lastModifiedDate":"2022-08-26"},{"lineNumber":19,"author":{"gitId":"samuelcheongws"},"content":"","lastModifiedDate":"2022-08-26"},{"lineNumber":20,"author":{"gitId":"samuelcheongws"},"content":"    public Storage(String filePath) {","lastModifiedDate":"2022-08-26"},{"lineNumber":21,"author":{"gitId":"samuelcheongws"},"content":"        this.filePath \u003d filePath;","lastModifiedDate":"2022-08-26"},{"lineNumber":22,"author":{"gitId":"samuelcheongws"},"content":"    }","lastModifiedDate":"2022-08-26"},{"lineNumber":23,"author":{"gitId":"samuelcheongws"},"content":"","lastModifiedDate":"2022-08-26"},{"lineNumber":24,"author":{"gitId":"samuelcheongws"},"content":"    public static void loadFileData(ArrayList\u003cTask\u003e taskArr) throws DukeException {","lastModifiedDate":"2022-08-26"},{"lineNumber":25,"author":{"gitId":"samuelcheongws"},"content":"        try {","lastModifiedDate":"2022-08-26"},{"lineNumber":26,"author":{"gitId":"samuelcheongws"},"content":"            File file \u003d new File(\"data/duke.txt\");","lastModifiedDate":"2022-08-26"},{"lineNumber":27,"author":{"gitId":"samuelcheongws"},"content":"            Scanner sc \u003d new Scanner(file);","lastModifiedDate":"2022-08-26"},{"lineNumber":28,"author":{"gitId":"samuelcheongws"},"content":"            while (sc.hasNext()) {","lastModifiedDate":"2022-08-26"},{"lineNumber":29,"author":{"gitId":"samuelcheongws"},"content":"                String[] split \u003d sc.nextLine().split(\"##\");","lastModifiedDate":"2022-08-26"},{"lineNumber":30,"author":{"gitId":"samuelcheongws"},"content":"                Task task;","lastModifiedDate":"2022-08-26"},{"lineNumber":31,"author":{"gitId":"samuelcheongws"},"content":"                if (\"D\".equals(split[0])) {","lastModifiedDate":"2022-08-26"},{"lineNumber":32,"author":{"gitId":"samuelcheongws"},"content":"                    LocalDate localDate \u003d LocalDate.parse(split[3]);","lastModifiedDate":"2022-08-26"},{"lineNumber":33,"author":{"gitId":"samuelcheongws"},"content":"                    task \u003d new Deadline(split[2], localDate);","lastModifiedDate":"2022-08-26"},{"lineNumber":34,"author":{"gitId":"samuelcheongws"},"content":"                } else if (\"E\".equals(split[0])) {","lastModifiedDate":"2022-08-26"},{"lineNumber":35,"author":{"gitId":"samuelcheongws"},"content":"                    LocalDate localDate \u003d LocalDate.parse(split[3]);","lastModifiedDate":"2022-08-26"},{"lineNumber":36,"author":{"gitId":"samuelcheongws"},"content":"                    task \u003d new Event(split[2], localDate);","lastModifiedDate":"2022-08-26"},{"lineNumber":37,"author":{"gitId":"samuelcheongws"},"content":"                } else if (\"T\".equals(split[0])) {","lastModifiedDate":"2022-08-26"},{"lineNumber":38,"author":{"gitId":"samuelcheongws"},"content":"                    task \u003d new ToDo(split[2]);","lastModifiedDate":"2022-08-26"},{"lineNumber":39,"author":{"gitId":"samuelcheongws"},"content":"                } else {","lastModifiedDate":"2022-08-26"},{"lineNumber":40,"author":{"gitId":"samuelcheongws"},"content":"                    throw new DukeException(\"Unable to parse items in file.\");","lastModifiedDate":"2022-08-26"},{"lineNumber":41,"author":{"gitId":"samuelcheongws"},"content":"                }","lastModifiedDate":"2022-08-26"},{"lineNumber":42,"author":{"gitId":"samuelcheongws"},"content":"                if (split[1].equals(\"Y\")) {","lastModifiedDate":"2022-08-26"},{"lineNumber":43,"author":{"gitId":"samuelcheongws"},"content":"                    task.toggleDone();","lastModifiedDate":"2022-08-26"},{"lineNumber":44,"author":{"gitId":"samuelcheongws"},"content":"                }","lastModifiedDate":"2022-08-26"},{"lineNumber":45,"author":{"gitId":"samuelcheongws"},"content":"                taskArr.add(task);","lastModifiedDate":"2022-08-26"},{"lineNumber":46,"author":{"gitId":"samuelcheongws"},"content":"            }","lastModifiedDate":"2022-08-26"},{"lineNumber":47,"author":{"gitId":"samuelcheongws"},"content":"        } catch (FileNotFoundException e) {","lastModifiedDate":"2022-08-26"},{"lineNumber":48,"author":{"gitId":"samuelcheongws"},"content":"            try {","lastModifiedDate":"2022-08-26"},{"lineNumber":49,"author":{"gitId":"samuelcheongws"},"content":"                Files.createDirectories(Paths.get(\"data/\"));","lastModifiedDate":"2022-08-26"},{"lineNumber":50,"author":{"gitId":"samuelcheongws"},"content":"                File file \u003d new File(\"data/duke.txt\");","lastModifiedDate":"2022-08-26"},{"lineNumber":51,"author":{"gitId":"samuelcheongws"},"content":"                System.out.println(\"New file created to store tasks.\");","lastModifiedDate":"2022-08-26"},{"lineNumber":52,"author":{"gitId":"samuelcheongws"},"content":"            } catch (IOException ex) {","lastModifiedDate":"2022-08-26"},{"lineNumber":53,"author":{"gitId":"samuelcheongws"},"content":"                throw new DukeException(ex.getMessage());","lastModifiedDate":"2022-08-26"},{"lineNumber":54,"author":{"gitId":"samuelcheongws"},"content":"            }","lastModifiedDate":"2022-08-26"},{"lineNumber":55,"author":{"gitId":"samuelcheongws"},"content":"        } catch (DateTimeParseException e) {","lastModifiedDate":"2022-08-26"},{"lineNumber":56,"author":{"gitId":"samuelcheongws"},"content":"            throw new DukeException(\"Unable to parse dates in file.\");","lastModifiedDate":"2022-08-26"},{"lineNumber":57,"author":{"gitId":"samuelcheongws"},"content":"        }","lastModifiedDate":"2022-08-26"},{"lineNumber":58,"author":{"gitId":"samuelcheongws"},"content":"    }","lastModifiedDate":"2022-08-26"},{"lineNumber":59,"author":{"gitId":"samuelcheongws"},"content":"","lastModifiedDate":"2022-08-26"},{"lineNumber":60,"author":{"gitId":"samuelcheongws"},"content":"","lastModifiedDate":"2022-08-26"},{"lineNumber":61,"author":{"gitId":"samuelcheongws"},"content":"    public static void saveFileData(ArrayList\u003cTask\u003e taskArr) throws DukeException {","lastModifiedDate":"2022-08-26"},{"lineNumber":62,"author":{"gitId":"samuelcheongws"},"content":"        try {","lastModifiedDate":"2022-08-26"},{"lineNumber":63,"author":{"gitId":"samuelcheongws"},"content":"            FileWriter fw \u003d new FileWriter(\"data/duke.txt\");","lastModifiedDate":"2022-08-26"},{"lineNumber":64,"author":{"gitId":"samuelcheongws"},"content":"            for (Task task : taskArr) {","lastModifiedDate":"2022-08-26"},{"lineNumber":65,"author":{"gitId":"samuelcheongws"},"content":"                String str \u003d task.stringify();","lastModifiedDate":"2022-08-26"},{"lineNumber":66,"author":{"gitId":"samuelcheongws"},"content":"                fw.write(str + \"\\n\");","lastModifiedDate":"2022-08-26"},{"lineNumber":67,"author":{"gitId":"samuelcheongws"},"content":"            }","lastModifiedDate":"2022-08-26"},{"lineNumber":68,"author":{"gitId":"samuelcheongws"},"content":"            fw.close();","lastModifiedDate":"2022-08-26"},{"lineNumber":69,"author":{"gitId":"samuelcheongws"},"content":"        } catch (IOException e) {","lastModifiedDate":"2022-08-26"},{"lineNumber":70,"author":{"gitId":"samuelcheongws"},"content":"            throw new DukeException(e.getMessage());","lastModifiedDate":"2022-08-26"},{"lineNumber":71,"author":{"gitId":"samuelcheongws"},"content":"        }","lastModifiedDate":"2022-08-26"},{"lineNumber":72,"author":{"gitId":"samuelcheongws"},"content":"    }","lastModifiedDate":"2022-08-26"},{"lineNumber":73,"author":{"gitId":"samuelcheongws"},"content":"}","lastModifiedDate":"2022-08-26"}],"authorContributionMap":{"samuelcheongws":73}},{"path":"src/main/java/TaskList.java","fileType":"java","lines":[{"lineNumber":1,"author":{"gitId":"samuelcheongws"},"content":"import task.Task;","lastModifiedDate":"2022-08-26"},{"lineNumber":2,"author":{"gitId":"samuelcheongws"},"content":"","lastModifiedDate":"2022-08-26"},{"lineNumber":3,"author":{"gitId":"samuelcheongws"},"content":"import java.util.ArrayList;","lastModifiedDate":"2022-08-26"},{"lineNumber":4,"author":{"gitId":"samuelcheongws"},"content":"","lastModifiedDate":"2022-08-26"},{"lineNumber":5,"author":{"gitId":"samuelcheongws"},"content":"public class TaskList extends ArrayList\u003cTask\u003e {","lastModifiedDate":"2022-08-26"},{"lineNumber":6,"author":{"gitId":"samuelcheongws"},"content":"","lastModifiedDate":"2022-08-26"},{"lineNumber":7,"author":{"gitId":"samuelcheongws"},"content":"    public TaskList() {","lastModifiedDate":"2022-08-26"},{"lineNumber":8,"author":{"gitId":"samuelcheongws"},"content":"        super();","lastModifiedDate":"2022-08-26"},{"lineNumber":9,"author":{"gitId":"samuelcheongws"},"content":"    }","lastModifiedDate":"2022-08-26"},{"lineNumber":10,"author":{"gitId":"samuelcheongws"},"content":"","lastModifiedDate":"2022-08-26"},{"lineNumber":11,"author":{"gitId":"samuelcheongws"},"content":"}","lastModifiedDate":"2022-08-26"}],"authorContributionMap":{"samuelcheongws":11}},{"path":"src/main/java/Ui.java","fileType":"java","lines":[{"lineNumber":1,"author":{"gitId":"samuelcheongws"},"content":"import task.Task;","lastModifiedDate":"2022-08-26"},{"lineNumber":2,"author":{"gitId":"samuelcheongws"},"content":"","lastModifiedDate":"2022-08-26"},{"lineNumber":3,"author":{"gitId":"samuelcheongws"},"content":"import java.util.ArrayList;","lastModifiedDate":"2022-08-26"},{"lineNumber":4,"author":{"gitId":"samuelcheongws"},"content":"import java.util.Scanner;","lastModifiedDate":"2022-08-26"},{"lineNumber":5,"author":{"gitId":"samuelcheongws"},"content":"","lastModifiedDate":"2022-08-26"},{"lineNumber":6,"author":{"gitId":"samuelcheongws"},"content":"public class Ui {","lastModifiedDate":"2022-08-26"},{"lineNumber":7,"author":{"gitId":"samuelcheongws"},"content":"","lastModifiedDate":"2022-08-26"},{"lineNumber":8,"author":{"gitId":"samuelcheongws"},"content":"    private Scanner sc;","lastModifiedDate":"2022-08-26"},{"lineNumber":9,"author":{"gitId":"samuelcheongws"},"content":"    private static final String logo \u003d \" ____        _        \\n\"","lastModifiedDate":"2022-08-26"},{"lineNumber":10,"author":{"gitId":"samuelcheongws"},"content":"            + \"|  _ \\\\ _   _| | _____ \\n\"","lastModifiedDate":"2022-08-26"},{"lineNumber":11,"author":{"gitId":"samuelcheongws"},"content":"            + \"| | | | | | | |/ / _ \\\\\\n\"","lastModifiedDate":"2022-08-26"},{"lineNumber":12,"author":{"gitId":"samuelcheongws"},"content":"            + \"| |_| | |_| |   \u003c  __/\\n\"","lastModifiedDate":"2022-08-26"},{"lineNumber":13,"author":{"gitId":"samuelcheongws"},"content":"            + \"|____/ \\\\__,_|_|\\\\_\\\\___|\\n\";","lastModifiedDate":"2022-08-26"},{"lineNumber":14,"author":{"gitId":"samuelcheongws"},"content":"","lastModifiedDate":"2022-08-26"},{"lineNumber":15,"author":{"gitId":"samuelcheongws"},"content":"    private static final String GREETINGS \u003d \"Hello! I\u0027m Duke\\nWhat can I do for you?\\n\";","lastModifiedDate":"2022-08-26"},{"lineNumber":16,"author":{"gitId":"samuelcheongws"},"content":"","lastModifiedDate":"2022-08-26"},{"lineNumber":17,"author":{"gitId":"samuelcheongws"},"content":"    public Ui() {","lastModifiedDate":"2022-08-26"},{"lineNumber":18,"author":{"gitId":"samuelcheongws"},"content":"        this.sc \u003d new Scanner(System.in);","lastModifiedDate":"2022-08-26"},{"lineNumber":19,"author":{"gitId":"samuelcheongws"},"content":"    }","lastModifiedDate":"2022-08-26"},{"lineNumber":20,"author":{"gitId":"samuelcheongws"},"content":"","lastModifiedDate":"2022-08-26"},{"lineNumber":21,"author":{"gitId":"samuelcheongws"},"content":"    public String nextLine() {","lastModifiedDate":"2022-08-26"},{"lineNumber":22,"author":{"gitId":"samuelcheongws"},"content":"        return this.sc.nextLine();","lastModifiedDate":"2022-08-26"},{"lineNumber":23,"author":{"gitId":"samuelcheongws"},"content":"    }","lastModifiedDate":"2022-08-26"},{"lineNumber":24,"author":{"gitId":"samuelcheongws"},"content":"","lastModifiedDate":"2022-08-26"},{"lineNumber":25,"author":{"gitId":"samuelcheongws"},"content":"    public void printGreetings() {","lastModifiedDate":"2022-08-26"},{"lineNumber":26,"author":{"gitId":"samuelcheongws"},"content":"        System.out.println(\"Hello from\\n\" + logo);","lastModifiedDate":"2022-08-26"},{"lineNumber":27,"author":{"gitId":"samuelcheongws"},"content":"        System.out.println(GREETINGS);","lastModifiedDate":"2022-08-26"},{"lineNumber":28,"author":{"gitId":"samuelcheongws"},"content":"    }","lastModifiedDate":"2022-08-26"},{"lineNumber":29,"author":{"gitId":"samuelcheongws"},"content":"","lastModifiedDate":"2022-08-26"},{"lineNumber":30,"author":{"gitId":"samuelcheongws"},"content":"    public void printAddTask(String str) {","lastModifiedDate":"2022-08-26"},{"lineNumber":31,"author":{"gitId":"samuelcheongws"},"content":"        System.out.println(\"Got it. I\u0027ve added this task:\\n\" + str);","lastModifiedDate":"2022-08-26"},{"lineNumber":32,"author":{"gitId":"samuelcheongws"},"content":"    }","lastModifiedDate":"2022-08-26"},{"lineNumber":33,"author":{"gitId":"samuelcheongws"},"content":"","lastModifiedDate":"2022-08-26"},{"lineNumber":34,"author":{"gitId":"samuelcheongws"},"content":"    public void printArrAsNumberedList(ArrayList\u003cTask\u003e arr) {","lastModifiedDate":"2022-08-26"},{"lineNumber":35,"author":{"gitId":"samuelcheongws"},"content":"        for (int i \u003d 0; i \u003c arr.size(); i++) {","lastModifiedDate":"2022-08-26"},{"lineNumber":36,"author":{"gitId":"samuelcheongws"},"content":"            System.out.println(i+1 + \". \" + arr.get(i).toString());","lastModifiedDate":"2022-08-26"},{"lineNumber":37,"author":{"gitId":"samuelcheongws"},"content":"        }","lastModifiedDate":"2022-08-26"},{"lineNumber":38,"author":{"gitId":"samuelcheongws"},"content":"    }","lastModifiedDate":"2022-08-26"},{"lineNumber":39,"author":{"gitId":"samuelcheongws"},"content":"","lastModifiedDate":"2022-08-26"},{"lineNumber":40,"author":{"gitId":"samuelcheongws"},"content":"    public void bye() {","lastModifiedDate":"2022-08-26"},{"lineNumber":41,"author":{"gitId":"samuelcheongws"},"content":"        System.out.println(\"Bye. Hope to see you again soon!\");","lastModifiedDate":"2022-08-26"},{"lineNumber":42,"author":{"gitId":"samuelcheongws"},"content":"        sc.close();","lastModifiedDate":"2022-08-26"},{"lineNumber":43,"author":{"gitId":"samuelcheongws"},"content":"    }","lastModifiedDate":"2022-08-26"},{"lineNumber":44,"author":{"gitId":"samuelcheongws"},"content":"","lastModifiedDate":"2022-08-26"},{"lineNumber":45,"author":{"gitId":"samuelcheongws"},"content":"}","lastModifiedDate":"2022-08-26"}],"authorContributionMap":{"samuelcheongws":45}},{"path":"src/main/java/task/Deadline.java","fileType":"java","lines":[{"lineNumber":1,"author":{"gitId":"samuelcheongws"},"content":"package task;","lastModifiedDate":"2022-08-26"},{"lineNumber":2,"author":{"gitId":"samuelcheongws"},"content":"","lastModifiedDate":"2022-08-26"},{"lineNumber":3,"author":{"gitId":"samuelcheongws"},"content":"import java.time.LocalDate;","lastModifiedDate":"2022-08-24"},{"lineNumber":4,"author":{"gitId":"samuelcheongws"},"content":"import java.time.format.DateTimeFormatter;","lastModifiedDate":"2022-08-24"},{"lineNumber":5,"author":{"gitId":"samuelcheongws"},"content":"","lastModifiedDate":"2022-08-24"},{"lineNumber":6,"author":{"gitId":"samuelcheongws"},"content":"public class Deadline extends Task {","lastModifiedDate":"2022-08-17"},{"lineNumber":7,"author":{"gitId":"samuelcheongws"},"content":"    private final LocalDate by;","lastModifiedDate":"2022-08-24"},{"lineNumber":8,"author":{"gitId":"samuelcheongws"},"content":"","lastModifiedDate":"2022-08-17"},{"lineNumber":9,"author":{"gitId":"samuelcheongws"},"content":"    public Deadline(String description, LocalDate by) {","lastModifiedDate":"2022-08-24"},{"lineNumber":10,"author":{"gitId":"samuelcheongws"},"content":"        super(description);","lastModifiedDate":"2022-08-17"},{"lineNumber":11,"author":{"gitId":"samuelcheongws"},"content":"        this.by \u003d by;","lastModifiedDate":"2022-08-17"},{"lineNumber":12,"author":{"gitId":"samuelcheongws"},"content":"    }","lastModifiedDate":"2022-08-17"},{"lineNumber":13,"author":{"gitId":"samuelcheongws"},"content":"","lastModifiedDate":"2022-08-17"},{"lineNumber":14,"author":{"gitId":"samuelcheongws"},"content":"    @Override","lastModifiedDate":"2022-08-24"},{"lineNumber":15,"author":{"gitId":"samuelcheongws"},"content":"    public String stringify() {","lastModifiedDate":"2022-08-24"},{"lineNumber":16,"author":{"gitId":"samuelcheongws"},"content":"        return String.format(\"D##%s##%s\", super.stringify(), this.by);","lastModifiedDate":"2022-08-24"},{"lineNumber":17,"author":{"gitId":"samuelcheongws"},"content":"    }","lastModifiedDate":"2022-08-24"},{"lineNumber":18,"author":{"gitId":"samuelcheongws"},"content":"","lastModifiedDate":"2022-08-24"},{"lineNumber":19,"author":{"gitId":"samuelcheongws"},"content":"    @Override","lastModifiedDate":"2022-08-17"},{"lineNumber":20,"author":{"gitId":"samuelcheongws"},"content":"    public String toString() {","lastModifiedDate":"2022-08-17"},{"lineNumber":21,"author":{"gitId":"samuelcheongws"},"content":"        return String.format(\"[D]%s(by: %s)\", super.toString(), this.by.format(DateTimeFormatter.ofPattern(\"dd MMM yyyy\")));","lastModifiedDate":"2022-08-25"},{"lineNumber":22,"author":{"gitId":"samuelcheongws"},"content":"    }","lastModifiedDate":"2022-08-17"},{"lineNumber":23,"author":{"gitId":"samuelcheongws"},"content":"}","lastModifiedDate":"2022-08-17"}],"authorContributionMap":{"samuelcheongws":23}},{"path":"src/main/java/task/Event.java","fileType":"java","lines":[{"lineNumber":1,"author":{"gitId":"samuelcheongws"},"content":"package task;","lastModifiedDate":"2022-08-26"},{"lineNumber":2,"author":{"gitId":"samuelcheongws"},"content":"","lastModifiedDate":"2022-08-26"},{"lineNumber":3,"author":{"gitId":"samuelcheongws"},"content":"import java.time.LocalDate;","lastModifiedDate":"2022-08-24"},{"lineNumber":4,"author":{"gitId":"samuelcheongws"},"content":"import java.time.format.DateTimeFormatter;","lastModifiedDate":"2022-08-24"},{"lineNumber":5,"author":{"gitId":"samuelcheongws"},"content":"","lastModifiedDate":"2022-08-24"},{"lineNumber":6,"author":{"gitId":"samuelcheongws"},"content":"public class Event extends Task {","lastModifiedDate":"2022-08-17"},{"lineNumber":7,"author":{"gitId":"samuelcheongws"},"content":"    private final LocalDate at;","lastModifiedDate":"2022-08-24"},{"lineNumber":8,"author":{"gitId":"samuelcheongws"},"content":"    public Event(String description, LocalDate at) {","lastModifiedDate":"2022-08-24"},{"lineNumber":9,"author":{"gitId":"samuelcheongws"},"content":"        super(description);","lastModifiedDate":"2022-08-17"},{"lineNumber":10,"author":{"gitId":"samuelcheongws"},"content":"        this.at \u003d at;","lastModifiedDate":"2022-08-17"},{"lineNumber":11,"author":{"gitId":"samuelcheongws"},"content":"    }","lastModifiedDate":"2022-08-17"},{"lineNumber":12,"author":{"gitId":"samuelcheongws"},"content":"","lastModifiedDate":"2022-08-17"},{"lineNumber":13,"author":{"gitId":"samuelcheongws"},"content":"    @Override","lastModifiedDate":"2022-08-24"},{"lineNumber":14,"author":{"gitId":"samuelcheongws"},"content":"    public String stringify() {","lastModifiedDate":"2022-08-24"},{"lineNumber":15,"author":{"gitId":"samuelcheongws"},"content":"        return String.format(\"E##%s##%s\", super.stringify(), this.at);","lastModifiedDate":"2022-08-26"},{"lineNumber":16,"author":{"gitId":"samuelcheongws"},"content":"    }","lastModifiedDate":"2022-08-24"},{"lineNumber":17,"author":{"gitId":"samuelcheongws"},"content":"    @Override","lastModifiedDate":"2022-08-17"},{"lineNumber":18,"author":{"gitId":"samuelcheongws"},"content":"    public String toString() {","lastModifiedDate":"2022-08-17"},{"lineNumber":19,"author":{"gitId":"samuelcheongws"},"content":"        return String.format(\"[E]%s(at: %s)\", super.toString(), this.at.format(DateTimeFormatter.ofPattern(\"dd MMM yyyy\")));","lastModifiedDate":"2022-08-25"},{"lineNumber":20,"author":{"gitId":"samuelcheongws"},"content":"    }","lastModifiedDate":"2022-08-17"},{"lineNumber":21,"author":{"gitId":"samuelcheongws"},"content":"}","lastModifiedDate":"2022-08-17"}],"authorContributionMap":{"samuelcheongws":21}},{"path":"src/main/java/task/Task.java","fileType":"java","lines":[{"lineNumber":1,"author":{"gitId":"samuelcheongws"},"content":"package task;","lastModifiedDate":"2022-08-26"},{"lineNumber":2,"author":{"gitId":"samuelcheongws"},"content":"","lastModifiedDate":"2022-08-26"},{"lineNumber":3,"author":{"gitId":"samuelcheongws"},"content":"public abstract class Task {","lastModifiedDate":"2022-08-17"},{"lineNumber":4,"author":{"gitId":"samuelcheongws"},"content":"    private final String description;","lastModifiedDate":"2022-08-16"},{"lineNumber":5,"author":{"gitId":"samuelcheongws"},"content":"    private boolean isDone;","lastModifiedDate":"2022-08-16"},{"lineNumber":6,"author":{"gitId":"samuelcheongws"},"content":"","lastModifiedDate":"2022-08-16"},{"lineNumber":7,"author":{"gitId":"samuelcheongws"},"content":"    public Task(String description) {","lastModifiedDate":"2022-08-16"},{"lineNumber":8,"author":{"gitId":"samuelcheongws"},"content":"        this.description \u003d description;","lastModifiedDate":"2022-08-16"},{"lineNumber":9,"author":{"gitId":"samuelcheongws"},"content":"        this.isDone \u003d false;","lastModifiedDate":"2022-08-16"},{"lineNumber":10,"author":{"gitId":"samuelcheongws"},"content":"    }","lastModifiedDate":"2022-08-16"},{"lineNumber":11,"author":{"gitId":"samuelcheongws"},"content":"","lastModifiedDate":"2022-08-16"},{"lineNumber":12,"author":{"gitId":"samuelcheongws"},"content":"    public String getStatus() {","lastModifiedDate":"2022-08-16"},{"lineNumber":13,"author":{"gitId":"samuelcheongws"},"content":"        return isDone ? \"X\" : \" \";","lastModifiedDate":"2022-08-16"},{"lineNumber":14,"author":{"gitId":"samuelcheongws"},"content":"    }","lastModifiedDate":"2022-08-16"},{"lineNumber":15,"author":{"gitId":"samuelcheongws"},"content":"","lastModifiedDate":"2022-08-16"},{"lineNumber":16,"author":{"gitId":"samuelcheongws"},"content":"","lastModifiedDate":"2022-08-25"},{"lineNumber":17,"author":{"gitId":"samuelcheongws"},"content":"","lastModifiedDate":"2022-08-16"},{"lineNumber":18,"author":{"gitId":"samuelcheongws"},"content":"    public void toggleDone() {","lastModifiedDate":"2022-08-24"},{"lineNumber":19,"author":{"gitId":"samuelcheongws"},"content":"        isDone \u003d !isDone;","lastModifiedDate":"2022-08-24"},{"lineNumber":20,"author":{"gitId":"samuelcheongws"},"content":"    }","lastModifiedDate":"2022-08-24"},{"lineNumber":21,"author":{"gitId":"samuelcheongws"},"content":"","lastModifiedDate":"2022-08-25"},{"lineNumber":22,"author":{"gitId":"samuelcheongws"},"content":"    public String stringify() {","lastModifiedDate":"2022-08-24"},{"lineNumber":23,"author":{"gitId":"samuelcheongws"},"content":"        return isDone ? \"Y##\" + this.description : \"N##\" + this.description;","lastModifiedDate":"2022-08-24"},{"lineNumber":24,"author":{"gitId":"samuelcheongws"},"content":"    }","lastModifiedDate":"2022-08-24"},{"lineNumber":25,"author":{"gitId":"samuelcheongws"},"content":"","lastModifiedDate":"2022-08-24"},{"lineNumber":26,"author":{"gitId":"samuelcheongws"},"content":"    public void mark() {","lastModifiedDate":"2022-08-25"},{"lineNumber":27,"author":{"gitId":"samuelcheongws"},"content":"        this.isDone \u003d true;","lastModifiedDate":"2022-08-25"},{"lineNumber":28,"author":{"gitId":"samuelcheongws"},"content":"        System.out.println(\"Nice! I\u0027ve marked this task as done:\");","lastModifiedDate":"2022-08-25"},{"lineNumber":29,"author":{"gitId":"samuelcheongws"},"content":"        System.out.println(this);","lastModifiedDate":"2022-08-25"},{"lineNumber":30,"author":{"gitId":"samuelcheongws"},"content":"    }","lastModifiedDate":"2022-08-25"},{"lineNumber":31,"author":{"gitId":"samuelcheongws"},"content":"","lastModifiedDate":"2022-08-25"},{"lineNumber":32,"author":{"gitId":"samuelcheongws"},"content":"    public void unmark() {","lastModifiedDate":"2022-08-16"},{"lineNumber":33,"author":{"gitId":"samuelcheongws"},"content":"        this.isDone \u003d false;","lastModifiedDate":"2022-08-16"},{"lineNumber":34,"author":{"gitId":"samuelcheongws"},"content":"        System.out.println(\"OK, I\u0027ve marked this task as not done yet:\");","lastModifiedDate":"2022-08-16"},{"lineNumber":35,"author":{"gitId":"samuelcheongws"},"content":"        System.out.println(this);","lastModifiedDate":"2022-08-16"},{"lineNumber":36,"author":{"gitId":"samuelcheongws"},"content":"    }","lastModifiedDate":"2022-08-16"},{"lineNumber":37,"author":{"gitId":"samuelcheongws"},"content":"","lastModifiedDate":"2022-08-16"},{"lineNumber":38,"author":{"gitId":"samuelcheongws"},"content":"    @Override","lastModifiedDate":"2022-08-16"},{"lineNumber":39,"author":{"gitId":"samuelcheongws"},"content":"    public String toString() {","lastModifiedDate":"2022-08-16"},{"lineNumber":40,"author":{"gitId":"samuelcheongws"},"content":"        return String.format(\"[%s] %s\", this.getStatus(), this.description);","lastModifiedDate":"2022-08-16"},{"lineNumber":41,"author":{"gitId":"samuelcheongws"},"content":"    }","lastModifiedDate":"2022-08-16"},{"lineNumber":42,"author":{"gitId":"samuelcheongws"},"content":"}","lastModifiedDate":"2022-08-16"}],"authorContributionMap":{"samuelcheongws":42}},{"path":"src/main/java/task/ToDo.java","fileType":"java","lines":[{"lineNumber":1,"author":{"gitId":"samuelcheongws"},"content":"package task;","lastModifiedDate":"2022-08-26"},{"lineNumber":2,"author":{"gitId":"samuelcheongws"},"content":"","lastModifiedDate":"2022-08-26"},{"lineNumber":3,"author":{"gitId":"samuelcheongws"},"content":"public class ToDo extends Task {","lastModifiedDate":"2022-08-17"},{"lineNumber":4,"author":{"gitId":"samuelcheongws"},"content":"","lastModifiedDate":"2022-08-17"},{"lineNumber":5,"author":{"gitId":"samuelcheongws"},"content":"    public ToDo(String description) {","lastModifiedDate":"2022-08-17"},{"lineNumber":6,"author":{"gitId":"samuelcheongws"},"content":"        super(description);","lastModifiedDate":"2022-08-17"},{"lineNumber":7,"author":{"gitId":"samuelcheongws"},"content":"    }","lastModifiedDate":"2022-08-17"},{"lineNumber":8,"author":{"gitId":"samuelcheongws"},"content":"","lastModifiedDate":"2022-08-17"},{"lineNumber":9,"author":{"gitId":"samuelcheongws"},"content":"    @Override","lastModifiedDate":"2022-08-24"},{"lineNumber":10,"author":{"gitId":"samuelcheongws"},"content":"    public String stringify() {","lastModifiedDate":"2022-08-24"},{"lineNumber":11,"author":{"gitId":"samuelcheongws"},"content":"        return \"T##\" + super.stringify();","lastModifiedDate":"2022-08-24"},{"lineNumber":12,"author":{"gitId":"samuelcheongws"},"content":"    }","lastModifiedDate":"2022-08-24"},{"lineNumber":13,"author":{"gitId":"samuelcheongws"},"content":"    @Override","lastModifiedDate":"2022-08-17"},{"lineNumber":14,"author":{"gitId":"samuelcheongws"},"content":"    public String toString() {","lastModifiedDate":"2022-08-17"},{"lineNumber":15,"author":{"gitId":"samuelcheongws"},"content":"        return String.format(\"[T]%s\", super.toString());","lastModifiedDate":"2022-08-17"},{"lineNumber":16,"author":{"gitId":"samuelcheongws"},"content":"    }","lastModifiedDate":"2022-08-17"},{"lineNumber":17,"author":{"gitId":"samuelcheongws"},"content":"}","lastModifiedDate":"2022-08-17"}],"authorContributionMap":{"samuelcheongws":17}},{"path":"src/test/java/duke/task/EventTest.java","fileType":"java","lines":[{"lineNumber":1,"author":{"gitId":"samuelcheongws"},"content":"package duke.task;","lastModifiedDate":"2022-08-28"},{"lineNumber":2,"author":{"gitId":"samuelcheongws"},"content":"","lastModifiedDate":"2022-08-28"},{"lineNumber":3,"author":{"gitId":"samuelcheongws"},"content":"import org.junit.jupiter.api.Test;","lastModifiedDate":"2022-08-28"},{"lineNumber":4,"author":{"gitId":"samuelcheongws"},"content":"import task.Event;","lastModifiedDate":"2022-08-28"},{"lineNumber":5,"author":{"gitId":"samuelcheongws"},"content":"","lastModifiedDate":"2022-08-28"},{"lineNumber":6,"author":{"gitId":"samuelcheongws"},"content":"import java.time.LocalDate;","lastModifiedDate":"2022-08-28"},{"lineNumber":7,"author":{"gitId":"samuelcheongws"},"content":"","lastModifiedDate":"2022-08-28"},{"lineNumber":8,"author":{"gitId":"samuelcheongws"},"content":"import static org.junit.jupiter.api.Assertions.assertEquals;","lastModifiedDate":"2022-08-28"},{"lineNumber":9,"author":{"gitId":"samuelcheongws"},"content":"","lastModifiedDate":"2022-08-28"},{"lineNumber":10,"author":{"gitId":"samuelcheongws"},"content":"public class EventTest {","lastModifiedDate":"2022-08-28"},{"lineNumber":11,"author":{"gitId":"samuelcheongws"},"content":"","lastModifiedDate":"2022-08-28"},{"lineNumber":12,"author":{"gitId":"samuelcheongws"},"content":"    @Test","lastModifiedDate":"2022-08-28"},{"lineNumber":13,"author":{"gitId":"samuelcheongws"},"content":"    public void addEventTest() {","lastModifiedDate":"2022-08-28"},{"lineNumber":14,"author":{"gitId":"samuelcheongws"},"content":"        Event event \u003d new Event(\"Event Test 1\", LocalDate.parse(\"2022-01-01\"));","lastModifiedDate":"2022-08-28"},{"lineNumber":15,"author":{"gitId":"samuelcheongws"},"content":"        assertEquals(\"[E][ ] Event Test 1(at: 01 Jan 2022)\", event.toString());","lastModifiedDate":"2022-08-28"},{"lineNumber":16,"author":{"gitId":"samuelcheongws"},"content":"    }","lastModifiedDate":"2022-08-28"},{"lineNumber":17,"author":{"gitId":"samuelcheongws"},"content":"","lastModifiedDate":"2022-08-28"},{"lineNumber":18,"author":{"gitId":"samuelcheongws"},"content":"    @Test","lastModifiedDate":"2022-08-28"},{"lineNumber":19,"author":{"gitId":"samuelcheongws"},"content":"    public void saveEventTest() {","lastModifiedDate":"2022-08-28"},{"lineNumber":20,"author":{"gitId":"samuelcheongws"},"content":"        Event event \u003d new Event(\"Event Test 1\", LocalDate.parse(\"2022-01-21\"));","lastModifiedDate":"2022-08-28"},{"lineNumber":21,"author":{"gitId":"samuelcheongws"},"content":"        assertEquals(\"E##N##Event Test 1##2022-01-21\", event.stringify());","lastModifiedDate":"2022-08-28"},{"lineNumber":22,"author":{"gitId":"samuelcheongws"},"content":"    }","lastModifiedDate":"2022-08-28"},{"lineNumber":23,"author":{"gitId":"samuelcheongws"},"content":"}","lastModifiedDate":"2022-08-28"}],"authorContributionMap":{"samuelcheongws":23}},{"path":"src/test/java/duke/task/ToDoTest.java","fileType":"java","lines":[{"lineNumber":1,"author":{"gitId":"samuelcheongws"},"content":"package duke.task;","lastModifiedDate":"2022-08-28"},{"lineNumber":2,"author":{"gitId":"samuelcheongws"},"content":"","lastModifiedDate":"2022-08-28"},{"lineNumber":3,"author":{"gitId":"samuelcheongws"},"content":"import org.junit.jupiter.api.Test;","lastModifiedDate":"2022-08-28"},{"lineNumber":4,"author":{"gitId":"samuelcheongws"},"content":"import task.ToDo;","lastModifiedDate":"2022-08-28"},{"lineNumber":5,"author":{"gitId":"samuelcheongws"},"content":"","lastModifiedDate":"2022-08-28"},{"lineNumber":6,"author":{"gitId":"samuelcheongws"},"content":"import static org.junit.jupiter.api.Assertions.assertEquals;","lastModifiedDate":"2022-08-28"},{"lineNumber":7,"author":{"gitId":"samuelcheongws"},"content":"","lastModifiedDate":"2022-08-28"},{"lineNumber":8,"author":{"gitId":"samuelcheongws"},"content":"public class ToDoTest {","lastModifiedDate":"2022-08-28"},{"lineNumber":9,"author":{"gitId":"samuelcheongws"},"content":"","lastModifiedDate":"2022-08-28"},{"lineNumber":10,"author":{"gitId":"samuelcheongws"},"content":"    @Test","lastModifiedDate":"2022-08-28"},{"lineNumber":11,"author":{"gitId":"samuelcheongws"},"content":"    public void addToDoTest() {","lastModifiedDate":"2022-08-28"},{"lineNumber":12,"author":{"gitId":"samuelcheongws"},"content":"        ToDo todo \u003d new ToDo(\"add todo 1\");","lastModifiedDate":"2022-08-28"},{"lineNumber":13,"author":{"gitId":"samuelcheongws"},"content":"        assertEquals(\"[T][ ] add todo 1\", todo.toString());","lastModifiedDate":"2022-08-28"},{"lineNumber":14,"author":{"gitId":"samuelcheongws"},"content":"    }","lastModifiedDate":"2022-08-28"},{"lineNumber":15,"author":{"gitId":"samuelcheongws"},"content":"","lastModifiedDate":"2022-08-28"},{"lineNumber":16,"author":{"gitId":"samuelcheongws"},"content":"    @Test","lastModifiedDate":"2022-08-28"},{"lineNumber":17,"author":{"gitId":"samuelcheongws"},"content":"    public void saveToDoTest() {","lastModifiedDate":"2022-08-28"},{"lineNumber":18,"author":{"gitId":"samuelcheongws"},"content":"        ToDo todo \u003d new ToDo(\"save todo 2\");","lastModifiedDate":"2022-08-28"},{"lineNumber":19,"author":{"gitId":"samuelcheongws"},"content":"        assertEquals(\"[T][ ] save todo 2\", todo.toString());","lastModifiedDate":"2022-08-28"},{"lineNumber":20,"author":{"gitId":"samuelcheongws"},"content":"    }","lastModifiedDate":"2022-08-28"},{"lineNumber":21,"author":{"gitId":"samuelcheongws"},"content":"}","lastModifiedDate":"2022-08-28"}],"authorContributionMap":{"samuelcheongws":21}},{"path":"text-ui-test/input.txt","fileType":"txt","lines":[{"lineNumber":1,"author":{"gitId":"samuelcheongws"},"content":"list","lastModifiedDate":"2022-08-18"},{"lineNumber":2,"author":{"gitId":"samuelcheongws"},"content":"todo something first","lastModifiedDate":"2022-08-18"},{"lineNumber":3,"author":{"gitId":"samuelcheongws"},"content":"list","lastModifiedDate":"2022-08-18"},{"lineNumber":4,"author":{"gitId":"samuelcheongws"},"content":"deadline something else /by tonight","lastModifiedDate":"2022-08-18"},{"lineNumber":5,"author":{"gitId":"samuelcheongws"},"content":"event another thing /at tmr 5pm","lastModifiedDate":"2022-08-18"},{"lineNumber":6,"author":{"gitId":"samuelcheongws"},"content":"list","lastModifiedDate":"2022-08-18"},{"lineNumber":7,"author":{"gitId":"samuelcheongws"},"content":"mark 1","lastModifiedDate":"2022-08-18"},{"lineNumber":8,"author":{"gitId":"samuelcheongws"},"content":"list","lastModifiedDate":"2022-08-18"},{"lineNumber":9,"author":{"gitId":"samuelcheongws"},"content":"unmark 1","lastModifiedDate":"2022-08-18"},{"lineNumber":10,"author":{"gitId":"samuelcheongws"},"content":"list","lastModifiedDate":"2022-08-18"},{"lineNumber":11,"author":{"gitId":"samuelcheongws"},"content":"delete 1","lastModifiedDate":"2022-08-18"},{"lineNumber":12,"author":{"gitId":"samuelcheongws"},"content":"list","lastModifiedDate":"2022-08-18"},{"lineNumber":13,"author":{"gitId":"samuelcheongws"},"content":"blah","lastModifiedDate":"2022-08-18"},{"lineNumber":14,"author":{"gitId":"samuelcheongws"},"content":"todo","lastModifiedDate":"2022-08-18"},{"lineNumber":15,"author":{"gitId":"samuelcheongws"},"content":"bye","lastModifiedDate":"2022-08-18"}],"authorContributionMap":{"samuelcheongws":15}}]
