{"authorDailyContributionsMap":{"ee-suan":[{"date":"2022-08-17","commitResults":[{"hash":"cedc6af390884eb26d6987b4e0c2016080082825","messageTitle":"Add Level-1","messageBody":"","tags":["Level-1"],"fileTypesAndContributionMap":{"java":{"insertions":15,"deletions":6}}},{"hash":"176a48a465371695b08954b9eac73ab07ff6494a","messageTitle":"Add Level-2","messageBody":"","tags":["Level-2"],"fileTypesAndContributionMap":{"java":{"insertions":25,"deletions":3}}},{"hash":"6f60fb70d6cc6e8f4e03de62c33a963c7502c98e","messageTitle":"Abstract greet() and exit()","messageBody":"","fileTypesAndContributionMap":{"java":{"insertions":10,"deletions":2}}},{"hash":"a73d931664d62a63d16d63a8d0e93e25e96cdab7","messageTitle":"Add Task class","messageBody":"","fileTypesAndContributionMap":{"java":{"insertions":22,"deletions":0}}},{"hash":"c6eede5fb2fa161fed6abc047c0ea547e9e00d10","messageTitle":"Add Level-3","messageBody":"","tags":["Level-3"],"fileTypesAndContributionMap":{"java":{"insertions":31,"deletions":6}}},{"hash":"84965030bf9fb5f32cee65ad61cd12f17e420e36","messageTitle":"Add support for todos, deadlines, and events (Level-4)","messageBody":"","tags":["Level-4"],"fileTypesAndContributionMap":{"java":{"insertions":120,"deletions":18}}}]},{"date":"2022-08-18","commitResults":[{"hash":"6ba80d1856330817eff69f03d2940641f059ea1b","messageTitle":"Add I/O redirection testing","messageBody":"","tags":["A-TextUiTesting"],"fileTypesAndContributionMap":{"txt":{"insertions":2,"deletions":0},"java":{"insertions":11,"deletions":15}}},{"hash":"d7a2a2144d0c77a033ad00b9a5f0b22f238fb7b1","messageTitle":"Handle some errors","messageBody":"","tags":["Level-5"],"fileTypesAndContributionMap":{"java":{"insertions":73,"deletions":51}}},{"hash":"c09c5b9568d2cabef61d5c1b483747f0a9121234","messageTitle":"Abstracted Duke\u0027s reply message","messageBody":"","fileTypesAndContributionMap":{"java":{"insertions":61,"deletions":59}}},{"hash":"c8853be37351574e9ca800be1cb568fb153afa87","messageTitle":"Add Level-6","messageBody":"","tags":["Level-6"],"fileTypesAndContributionMap":{"txt":{"insertions":3,"deletions":0},"java":{"insertions":28,"deletions":15}}},{"hash":"b0817c9e7b014a3534559572abc1f20941c47f0e","messageTitle":"Add more error handling with exceptions","messageBody":"","fileTypesAndContributionMap":{"txt":{"insertions":4,"deletions":1},"java":{"insertions":46,"deletions":28}}}]},{"date":"2022-08-24","commitResults":[{"hash":"10010198ec8fbe9f6706c7d1386e1d8a670319f3","messageTitle":"Add support for saving file","messageBody":"","tags":["Level-7"],"fileTypesAndContributionMap":{"txt":{"insertions":3,"deletions":0},"java":{"insertions":94,"deletions":6}}},{"hash":"f6fd5a6aa840b14da8c6081ef1598a09a372453a","messageTitle":"Add support for dates","messageBody":"","tags":["Level-8"],"fileTypesAndContributionMap":{"java":{"insertions":26,"deletions":10}}}]},{"date":"2022-08-25","commitResults":[{"hash":"47a996826ea9eb3f86c1c8c1ceab42bd1c940c8d","messageTitle":"Add more OOP","messageBody":"","tags":["A-MoreOOP"],"fileTypesAndContributionMap":{"txt":{"insertions":3,"deletions":2},"java":{"insertions":292,"deletions":195}}},{"hash":"f75402c68269cb3ff14c56fd6d54c93ec519ec7b","messageTitle":"Organise classes into package","messageBody":"","tags":["A-Packages"],"fileTypesAndContributionMap":{"java":{"insertions":19,"deletions":0}}},{"hash":"1baa4b549556d4b97a7145519c437f31591fd928","messageTitle":"Add JUnit tests","messageBody":"","tags":["A-JUnit"],"fileTypesAndContributionMap":{"java":{"insertions":50,"deletions":0}}},{"hash":"9ec23397258edf9bf2a9e6c98ab2e1d3f69d203a","messageTitle":"adjust file path","messageBody":"","tags":["v0.1","A-Jar"],"fileTypesAndContributionMap":{"gradle":{"insertions":1,"deletions":1},"java":{"insertions":11,"deletions":6}}},{"hash":"a2d10d4fe2373684e4ee627b34ca94b09e66df98","messageTitle":"Add JavaDoc comments","messageBody":"","tags":["A-JavaDoc"],"fileTypesAndContributionMap":{"java":{"insertions":215,"deletions":6}}},{"hash":"32b7dd88c04ab20e64d8498a160328e0f2545013","messageTitle":"Update code to comply with coding standard","messageBody":"","tags":["A-CodingStandard"],"fileTypesAndContributionMap":{"java":{"insertions":3,"deletions":10}}},{"hash":"dad760704b0747e64d1d6e576d46d31f4103e132","messageTitle":"Add support for find","messageBody":"","tags":["Level-9"],"fileTypesAndContributionMap":{"java":{"insertions":42,"deletions":9}}}]},{"date":"2022-09-01","commitResults":[{"hash":"7ba999f3e1ad66aac6456320deadfcd263c1bc18","messageTitle":"Add GUI","messageBody":"","tags":["Level-10"],"fileTypesAndContributionMap":{"gradle":{"insertions":15,"deletions":1},"fxml":{"insertions":35,"deletions":0},"java":{"insertions":266,"deletions":130}}},{"hash":"f37c2ffd73cb63a2189b3c75f149e83d735c69fe","messageTitle":"Add Checkstyle","messageBody":"","tags":["A-Checkstyle"],"fileTypesAndContributionMap":{"gradle":{"insertions":5,"deletions":0},"java":{"insertions":9,"deletions":4}}}]},{"date":"2022-09-07","commitResults":[{"hash":"b2f169f5663d38f2be2409393a61ca77e0ff6ebc","messageTitle":"Fix dialogue box size and clean up code","messageBody":"","fileTypesAndContributionMap":{"fxml":{"insertions":1,"deletions":1},"java":{"insertions":0,"deletions":1}}},{"hash":"f316c4363033fd2b03e1d20cf729c747bee0839b","messageTitle":"Add assertions","messageBody":"","fileTypesAndContributionMap":{"java":{"insertions":19,"deletions":17}}},{"hash":"7ca71771d15f6759b1d48be8f4db7d9f60bac251","messageTitle":"Fix coding style","messageBody":"","fileTypesAndContributionMap":{"java":{"insertions":34,"deletions":36}}},{"hash":"dd054e08b83199bf717a8addbd744c884519bc67","messageTitle":"Enable Assertions","messageBody":"","fileTypesAndContributionMap":{"gradle":{"insertions":2,"deletions":1}}}]},{"date":"2022-09-08","commitResults":[{"hash":"d7c2d86c06ea2025c21c31ef058402dccc498f8c","messageTitle":"Add support for BetterSearch","messageBody":"","tags":["BCD-Extension"],"fileTypesAndContributionMap":{"java":{"insertions":42,"deletions":27}}}]}]},"authorFileTypeContributionMap":{"ee-suan":{"java":921,"md":0,"fxml":35,"sh":0,"bat":0,"gradle":21,"txt":12}},"authorContributionVariance":{"ee-suan":36982.07},"authorDisplayNameMap":{"ee-suan":"CS2103T-T15-4 KOK ..SUAN"}}
