[{"path":"src/main/java/Deadline.java","fileType":"java","lines":[{"lineNumber":1,"author":{"gitId":"jonasgwt"},"content":"public class Deadline extends Task{","lastModifiedDate":"2022-08-13"},{"lineNumber":2,"author":{"gitId":"jonasgwt"},"content":"","lastModifiedDate":"2022-08-13"},{"lineNumber":3,"author":{"gitId":"jonasgwt"},"content":"    private final String deadline;","lastModifiedDate":"2022-08-13"},{"lineNumber":4,"author":{"gitId":"jonasgwt"},"content":"","lastModifiedDate":"2022-08-13"},{"lineNumber":5,"author":{"gitId":"jonasgwt"},"content":"    public Deadline(String description, String deadline) {","lastModifiedDate":"2022-08-13"},{"lineNumber":6,"author":{"gitId":"jonasgwt"},"content":"        super(description);","lastModifiedDate":"2022-08-13"},{"lineNumber":7,"author":{"gitId":"jonasgwt"},"content":"        this.deadline \u003d deadline;","lastModifiedDate":"2022-08-13"},{"lineNumber":8,"author":{"gitId":"jonasgwt"},"content":"    }","lastModifiedDate":"2022-08-13"},{"lineNumber":9,"author":{"gitId":"jonasgwt"},"content":"","lastModifiedDate":"2022-08-13"},{"lineNumber":10,"author":{"gitId":"jonasgwt"},"content":"    @Override","lastModifiedDate":"2022-08-13"},{"lineNumber":11,"author":{"gitId":"jonasgwt"},"content":"    public String toString() {","lastModifiedDate":"2022-08-13"},{"lineNumber":12,"author":{"gitId":"jonasgwt"},"content":"        return \"[D][\" + super.getStatusIcon() + \"] \" + super.description + \" (by: \" + this.deadline + \")\";","lastModifiedDate":"2022-08-13"},{"lineNumber":13,"author":{"gitId":"jonasgwt"},"content":"    }","lastModifiedDate":"2022-08-13"},{"lineNumber":14,"author":{"gitId":"jonasgwt"},"content":"}","lastModifiedDate":"2022-08-13"}],"authorContributionMap":{"jonasgwt":14}},{"path":"src/main/java/Duke.java","fileType":"java","lines":[{"lineNumber":1,"author":{"gitId":"jonasgwt"},"content":"import java.util.ArrayList;","lastModifiedDate":"2022-08-13"},{"lineNumber":2,"author":{"gitId":"jonasgwt"},"content":"import java.util.Scanner;","lastModifiedDate":"2022-08-13"},{"lineNumber":3,"author":{"gitId":"jonasgwt"},"content":"","lastModifiedDate":"2022-08-13"},{"lineNumber":4,"author":{"gitId":"-"},"content":"public class Duke {","lastModifiedDate":"2019-07-29"},{"lineNumber":5,"author":{"gitId":"jonasgwt"},"content":"    private static final ArrayList\u003cTask\u003e data \u003d new ArrayList\u003c\u003e();","lastModifiedDate":"2022-08-13"},{"lineNumber":6,"author":{"gitId":"jonasgwt"},"content":"    private enum Commands {list, mark, unmark, todo, event, deadline, delete};","lastModifiedDate":"2022-08-16"},{"lineNumber":7,"author":{"gitId":"jonasgwt"},"content":"","lastModifiedDate":"2022-08-13"},{"lineNumber":8,"author":{"gitId":"jonasgwt"},"content":"    // lists all the tasks","lastModifiedDate":"2022-08-13"},{"lineNumber":9,"author":{"gitId":"jonasgwt"},"content":"    public static String listData() {","lastModifiedDate":"2022-08-13"},{"lineNumber":10,"author":{"gitId":"jonasgwt"},"content":"        if (data.size() \u003d\u003d 0) return \"Nothing here...\";","lastModifiedDate":"2022-08-14"},{"lineNumber":11,"author":{"gitId":"jonasgwt"},"content":"        StringBuilder output \u003d new StringBuilder();","lastModifiedDate":"2022-08-13"},{"lineNumber":12,"author":{"gitId":"jonasgwt"},"content":"        for (int i \u003d 0; i \u003c data.size(); i++) {","lastModifiedDate":"2022-08-13"},{"lineNumber":13,"author":{"gitId":"jonasgwt"},"content":"            Task task \u003d data.get(i);","lastModifiedDate":"2022-08-13"},{"lineNumber":14,"author":{"gitId":"jonasgwt"},"content":"            output.append(i+1).append(\". \").append(task).append(\"\\n\");","lastModifiedDate":"2022-08-13"},{"lineNumber":15,"author":{"gitId":"jonasgwt"},"content":"        }","lastModifiedDate":"2022-08-13"},{"lineNumber":16,"author":{"gitId":"jonasgwt"},"content":"        return output.substring(0, output.length()-1);","lastModifiedDate":"2022-08-13"},{"lineNumber":17,"author":{"gitId":"jonasgwt"},"content":"    }","lastModifiedDate":"2022-08-13"},{"lineNumber":18,"author":{"gitId":"jonasgwt"},"content":"","lastModifiedDate":"2022-08-13"},{"lineNumber":19,"author":{"gitId":"jonasgwt"},"content":"    // checks if number input is valid and returns the index of the task","lastModifiedDate":"2022-08-14"},{"lineNumber":20,"author":{"gitId":"jonasgwt"},"content":"    public static int getIndex(String res) throws InvalidInput {","lastModifiedDate":"2022-08-16"},{"lineNumber":21,"author":{"gitId":"jonasgwt"},"content":"        if (!res.matches(\"[0-9]+\")) throw new InvalidInput(\"Input is not a number\");","lastModifiedDate":"2022-08-16"},{"lineNumber":22,"author":{"gitId":"jonasgwt"},"content":"        int target_index \u003d Integer.parseInt(res) - 1;","lastModifiedDate":"2022-08-14"},{"lineNumber":23,"author":{"gitId":"jonasgwt"},"content":"        if (target_index \u003c 0 || target_index \u003e\u003d data.size()) throw new InvalidInput(\"Please input a correct number\");","lastModifiedDate":"2022-08-16"},{"lineNumber":24,"author":{"gitId":"jonasgwt"},"content":"        return target_index;","lastModifiedDate":"2022-08-14"},{"lineNumber":25,"author":{"gitId":"jonasgwt"},"content":"    }","lastModifiedDate":"2022-08-14"},{"lineNumber":26,"author":{"gitId":"jonasgwt"},"content":"","lastModifiedDate":"2022-08-14"},{"lineNumber":27,"author":{"gitId":"jonasgwt"},"content":"    // marks task as complete or not complete","lastModifiedDate":"2022-08-14"},{"lineNumber":28,"author":{"gitId":"jonasgwt"},"content":"    public static String setTaskCompletion(String input, boolean isComplete) throws InvalidInput{","lastModifiedDate":"2022-08-16"},{"lineNumber":29,"author":{"gitId":"jonasgwt"},"content":"        String res \u003d input.substring(isComplete ? 4 : 6).trim();","lastModifiedDate":"2022-08-14"},{"lineNumber":30,"author":{"gitId":"jonasgwt"},"content":"        Task task \u003d data.get(getIndex(res));","lastModifiedDate":"2022-08-14"},{"lineNumber":31,"author":{"gitId":"jonasgwt"},"content":"        if (isComplete) task.markDone();","lastModifiedDate":"2022-08-13"},{"lineNumber":32,"author":{"gitId":"jonasgwt"},"content":"        else task.markNotDone();","lastModifiedDate":"2022-08-13"},{"lineNumber":33,"author":{"gitId":"jonasgwt"},"content":"        return (isComplete ? \"Nice! I\u0027ve marked this task as done:\\n\" : \"OK, I\u0027ve marked this task as not done yet:\\n\")","lastModifiedDate":"2022-08-14"},{"lineNumber":34,"author":{"gitId":"jonasgwt"},"content":"                + task;","lastModifiedDate":"2022-08-14"},{"lineNumber":35,"author":{"gitId":"jonasgwt"},"content":"    }","lastModifiedDate":"2022-08-13"},{"lineNumber":36,"author":{"gitId":"jonasgwt"},"content":"","lastModifiedDate":"2022-08-13"},{"lineNumber":37,"author":{"gitId":"jonasgwt"},"content":"    // create a todo task","lastModifiedDate":"2022-08-16"},{"lineNumber":38,"author":{"gitId":"jonasgwt"},"content":"    public static String createTodo(String input) throws InvalidInput {","lastModifiedDate":"2022-08-16"},{"lineNumber":39,"author":{"gitId":"jonasgwt"},"content":"        String description \u003d input.substring(4).trim();","lastModifiedDate":"2022-08-14"},{"lineNumber":40,"author":{"gitId":"jonasgwt"},"content":"        if (description.length() \u003d\u003d 0) throw new InvalidInput(\"The description of a todo cannot be empty.\");","lastModifiedDate":"2022-08-16"},{"lineNumber":41,"author":{"gitId":"jonasgwt"},"content":"        ToDo task \u003d new ToDo(description);","lastModifiedDate":"2022-08-14"},{"lineNumber":42,"author":{"gitId":"jonasgwt"},"content":"        data.add(task);","lastModifiedDate":"2022-08-14"},{"lineNumber":43,"author":{"gitId":"jonasgwt"},"content":"        return \"Got it. I\u0027ve added this task:\\n\" + task + \"\\nNow you have \" + data.size() + \" tasks.\";","lastModifiedDate":"2022-08-14"},{"lineNumber":44,"author":{"gitId":"jonasgwt"},"content":"    }","lastModifiedDate":"2022-08-14"},{"lineNumber":45,"author":{"gitId":"jonasgwt"},"content":"","lastModifiedDate":"2022-08-16"},{"lineNumber":46,"author":{"gitId":"jonasgwt"},"content":"    // create event task","lastModifiedDate":"2022-08-16"},{"lineNumber":47,"author":{"gitId":"jonasgwt"},"content":"    public static String createEvent(String input) throws InvalidInput{","lastModifiedDate":"2022-08-16"},{"lineNumber":48,"author":{"gitId":"jonasgwt"},"content":"        String[] info \u003d input.substring(5).split(\"/at\");","lastModifiedDate":"2022-08-14"},{"lineNumber":49,"author":{"gitId":"jonasgwt"},"content":"        if (info.length !\u003d 2) throw new InvalidInput(\"Ensure input format is correct.\");","lastModifiedDate":"2022-08-16"},{"lineNumber":50,"author":{"gitId":"jonasgwt"},"content":"        String description \u003d info[0].strip();","lastModifiedDate":"2022-08-14"},{"lineNumber":51,"author":{"gitId":"jonasgwt"},"content":"        String at \u003d info[1].strip();","lastModifiedDate":"2022-08-14"},{"lineNumber":52,"author":{"gitId":"jonasgwt"},"content":"        if (description.length() \u003d\u003d 0 || at.length() \u003d\u003d 0)","lastModifiedDate":"2022-08-14"},{"lineNumber":53,"author":{"gitId":"jonasgwt"},"content":"            throw new InvalidInput(\"The description of event cannot be empty.\");","lastModifiedDate":"2022-08-16"},{"lineNumber":54,"author":{"gitId":"jonasgwt"},"content":"        Event task \u003d new Event(description, at);","lastModifiedDate":"2022-08-14"},{"lineNumber":55,"author":{"gitId":"jonasgwt"},"content":"        data.add(task);","lastModifiedDate":"2022-08-14"},{"lineNumber":56,"author":{"gitId":"jonasgwt"},"content":"        return \"Got it. I\u0027ve added this task:\\n\" + task + \"\\nNow you have \" + data.size() + \" tasks.\";","lastModifiedDate":"2022-08-14"},{"lineNumber":57,"author":{"gitId":"jonasgwt"},"content":"    }","lastModifiedDate":"2022-08-14"},{"lineNumber":58,"author":{"gitId":"jonasgwt"},"content":"","lastModifiedDate":"2022-08-16"},{"lineNumber":59,"author":{"gitId":"jonasgwt"},"content":"    // create deadline task","lastModifiedDate":"2022-08-16"},{"lineNumber":60,"author":{"gitId":"jonasgwt"},"content":"    public static String createDeadline(String input) throws InvalidInput {","lastModifiedDate":"2022-08-16"},{"lineNumber":61,"author":{"gitId":"jonasgwt"},"content":"        String[] info \u003d input.substring(8).split(\"/by\");","lastModifiedDate":"2022-08-14"},{"lineNumber":62,"author":{"gitId":"jonasgwt"},"content":"        if (info.length !\u003d 2) throw new InvalidInput(\"Ensure input format is correct.\");","lastModifiedDate":"2022-08-16"},{"lineNumber":63,"author":{"gitId":"jonasgwt"},"content":"        String description \u003d info[0].strip();","lastModifiedDate":"2022-08-14"},{"lineNumber":64,"author":{"gitId":"jonasgwt"},"content":"        String by \u003d info[1].strip();","lastModifiedDate":"2022-08-14"},{"lineNumber":65,"author":{"gitId":"jonasgwt"},"content":"        if (description.length() \u003d\u003d 0 || by.length() \u003d\u003d 0)","lastModifiedDate":"2022-08-14"},{"lineNumber":66,"author":{"gitId":"jonasgwt"},"content":"            throw new InvalidInput(\"The description of deadline cannot be empty.\");","lastModifiedDate":"2022-08-16"},{"lineNumber":67,"author":{"gitId":"jonasgwt"},"content":"        Deadline task \u003d new Deadline(description, by);","lastModifiedDate":"2022-08-14"},{"lineNumber":68,"author":{"gitId":"jonasgwt"},"content":"        data.add(task);","lastModifiedDate":"2022-08-14"},{"lineNumber":69,"author":{"gitId":"jonasgwt"},"content":"        return \"Got it. I\u0027ve added this task:\\n\" + task + \"\\nNow you have \" + data.size() + \" tasks.\";","lastModifiedDate":"2022-08-14"},{"lineNumber":70,"author":{"gitId":"jonasgwt"},"content":"    }","lastModifiedDate":"2022-08-14"},{"lineNumber":71,"author":{"gitId":"jonasgwt"},"content":"","lastModifiedDate":"2022-08-16"},{"lineNumber":72,"author":{"gitId":"jonasgwt"},"content":"    // delete a specified task","lastModifiedDate":"2022-08-16"},{"lineNumber":73,"author":{"gitId":"jonasgwt"},"content":"    public static String deleteTask(String input) throws InvalidInput {","lastModifiedDate":"2022-08-16"},{"lineNumber":74,"author":{"gitId":"jonasgwt"},"content":"        String res \u003d input.substring(6).trim();","lastModifiedDate":"2022-08-14"},{"lineNumber":75,"author":{"gitId":"jonasgwt"},"content":"        int target_index \u003d getIndex(res);","lastModifiedDate":"2022-08-14"},{"lineNumber":76,"author":{"gitId":"jonasgwt"},"content":"        Task task \u003d data.get(target_index);","lastModifiedDate":"2022-08-14"},{"lineNumber":77,"author":{"gitId":"jonasgwt"},"content":"        data.remove(target_index);","lastModifiedDate":"2022-08-14"},{"lineNumber":78,"author":{"gitId":"jonasgwt"},"content":"        return \"Noted. I\u0027ve removed this task:\\n\" + task + \"\\nNow you have \" + data.size() + \" tasks.\";","lastModifiedDate":"2022-08-14"},{"lineNumber":79,"author":{"gitId":"jonasgwt"},"content":"    }","lastModifiedDate":"2022-08-14"},{"lineNumber":80,"author":{"gitId":"jonasgwt"},"content":"","lastModifiedDate":"2022-08-16"},{"lineNumber":81,"author":{"gitId":"jonasgwt"},"content":"    public static String reply(String input) throws DukeException {","lastModifiedDate":"2022-08-16"},{"lineNumber":82,"author":{"gitId":"jonasgwt"},"content":"        Commands command;","lastModifiedDate":"2022-08-16"},{"lineNumber":83,"author":{"gitId":"jonasgwt"},"content":"        try {","lastModifiedDate":"2022-08-16"},{"lineNumber":84,"author":{"gitId":"jonasgwt"},"content":"            command \u003d Commands.valueOf(input.split(\" \")[0]);","lastModifiedDate":"2022-08-16"},{"lineNumber":85,"author":{"gitId":"jonasgwt"},"content":"        } catch (IllegalArgumentException e) {","lastModifiedDate":"2022-08-16"},{"lineNumber":86,"author":{"gitId":"jonasgwt"},"content":"            throw new UnknownCommand();","lastModifiedDate":"2022-08-16"},{"lineNumber":87,"author":{"gitId":"jonasgwt"},"content":"        }","lastModifiedDate":"2022-08-16"},{"lineNumber":88,"author":{"gitId":"jonasgwt"},"content":"        switch (command) {","lastModifiedDate":"2022-08-16"},{"lineNumber":89,"author":{"gitId":"jonasgwt"},"content":"            case list:","lastModifiedDate":"2022-08-16"},{"lineNumber":90,"author":{"gitId":"jonasgwt"},"content":"                return listData();","lastModifiedDate":"2022-08-16"},{"lineNumber":91,"author":{"gitId":"jonasgwt"},"content":"            case mark:","lastModifiedDate":"2022-08-16"},{"lineNumber":92,"author":{"gitId":"jonasgwt"},"content":"                return setTaskCompletion(input, true);","lastModifiedDate":"2022-08-16"},{"lineNumber":93,"author":{"gitId":"jonasgwt"},"content":"            case unmark:","lastModifiedDate":"2022-08-16"},{"lineNumber":94,"author":{"gitId":"jonasgwt"},"content":"                return setTaskCompletion(input, false);","lastModifiedDate":"2022-08-16"},{"lineNumber":95,"author":{"gitId":"jonasgwt"},"content":"            case todo:","lastModifiedDate":"2022-08-16"},{"lineNumber":96,"author":{"gitId":"jonasgwt"},"content":"                return createTodo(input);","lastModifiedDate":"2022-08-16"},{"lineNumber":97,"author":{"gitId":"jonasgwt"},"content":"            case event:","lastModifiedDate":"2022-08-16"},{"lineNumber":98,"author":{"gitId":"jonasgwt"},"content":"                return createEvent(input);","lastModifiedDate":"2022-08-16"},{"lineNumber":99,"author":{"gitId":"jonasgwt"},"content":"            case deadline:","lastModifiedDate":"2022-08-16"},{"lineNumber":100,"author":{"gitId":"jonasgwt"},"content":"                return createDeadline(input);","lastModifiedDate":"2022-08-16"},{"lineNumber":101,"author":{"gitId":"jonasgwt"},"content":"            case delete:","lastModifiedDate":"2022-08-16"},{"lineNumber":102,"author":{"gitId":"jonasgwt"},"content":"                return deleteTask(input);","lastModifiedDate":"2022-08-16"},{"lineNumber":103,"author":{"gitId":"jonasgwt"},"content":"            default:","lastModifiedDate":"2022-08-16"},{"lineNumber":104,"author":{"gitId":"jonasgwt"},"content":"                throw new UnknownCommand();","lastModifiedDate":"2022-08-16"},{"lineNumber":105,"author":{"gitId":"jonasgwt"},"content":"        }","lastModifiedDate":"2022-08-14"},{"lineNumber":106,"author":{"gitId":"jonasgwt"},"content":"    }","lastModifiedDate":"2022-08-13"},{"lineNumber":107,"author":{"gitId":"jonasgwt"},"content":"","lastModifiedDate":"2022-08-13"},{"lineNumber":108,"author":{"gitId":"-"},"content":"    public static void main(String[] args) {","lastModifiedDate":"2019-07-29"},{"lineNumber":109,"author":{"gitId":"jonasgwt"},"content":"        System.out.println(\"Quack! I\u0027m Duck\\nWhat can I do for you?\");","lastModifiedDate":"2022-08-13"},{"lineNumber":110,"author":{"gitId":"jonasgwt"},"content":"        Scanner sc \u003d new Scanner(System.in);","lastModifiedDate":"2022-08-13"},{"lineNumber":111,"author":{"gitId":"jonasgwt"},"content":"        while (sc.hasNextLine()) {","lastModifiedDate":"2022-08-13"},{"lineNumber":112,"author":{"gitId":"jonasgwt"},"content":"            System.out.println(\"____________________________________________________________\");","lastModifiedDate":"2022-08-13"},{"lineNumber":113,"author":{"gitId":"jonasgwt"},"content":"            System.out.println(\"Duck:\");","lastModifiedDate":"2022-08-13"},{"lineNumber":114,"author":{"gitId":"jonasgwt"},"content":"            String input \u003d sc.nextLine();","lastModifiedDate":"2022-08-13"},{"lineNumber":115,"author":{"gitId":"jonasgwt"},"content":"            if (input.equals(\"bye\")) {","lastModifiedDate":"2022-08-13"},{"lineNumber":116,"author":{"gitId":"jonasgwt"},"content":"                sc.close();","lastModifiedDate":"2022-08-16"},{"lineNumber":117,"author":{"gitId":"jonasgwt"},"content":"                System.out.println(\"Quack! Hope to see you again soon!\");","lastModifiedDate":"2022-08-13"},{"lineNumber":118,"author":{"gitId":"jonasgwt"},"content":"                System.out.println(\"____________________________________________________________\");","lastModifiedDate":"2022-08-14"},{"lineNumber":119,"author":{"gitId":"jonasgwt"},"content":"                return;","lastModifiedDate":"2022-08-13"},{"lineNumber":120,"author":{"gitId":"jonasgwt"},"content":"            } else {","lastModifiedDate":"2022-08-14"},{"lineNumber":121,"author":{"gitId":"jonasgwt"},"content":"                try {","lastModifiedDate":"2022-08-14"},{"lineNumber":122,"author":{"gitId":"jonasgwt"},"content":"                    String reply \u003d reply(input);","lastModifiedDate":"2022-08-14"},{"lineNumber":123,"author":{"gitId":"jonasgwt"},"content":"                    System.out.println(reply);","lastModifiedDate":"2022-08-14"},{"lineNumber":124,"author":{"gitId":"jonasgwt"},"content":"                } catch (DukeException e) {","lastModifiedDate":"2022-08-14"},{"lineNumber":125,"author":{"gitId":"jonasgwt"},"content":"                    System.out.println(e);","lastModifiedDate":"2022-08-14"},{"lineNumber":126,"author":{"gitId":"jonasgwt"},"content":"                }","lastModifiedDate":"2022-08-14"},{"lineNumber":127,"author":{"gitId":"jonasgwt"},"content":"            }","lastModifiedDate":"2022-08-14"},{"lineNumber":128,"author":{"gitId":"jonasgwt"},"content":"            System.out.println(\"____________________________________________________________\");","lastModifiedDate":"2022-08-13"},{"lineNumber":129,"author":{"gitId":"jonasgwt"},"content":"        }","lastModifiedDate":"2022-08-13"},{"lineNumber":130,"author":{"gitId":"-"},"content":"    }","lastModifiedDate":"2019-07-29"},{"lineNumber":131,"author":{"gitId":"-"},"content":"}","lastModifiedDate":"2019-07-29"}],"authorContributionMap":{"jonasgwt":127,"-":4}},{"path":"src/main/java/DukeException.java","fileType":"java","lines":[{"lineNumber":1,"author":{"gitId":"jonasgwt"},"content":"public class DukeException extends Exception {","lastModifiedDate":"2022-08-14"},{"lineNumber":2,"author":{"gitId":"jonasgwt"},"content":"    DukeException(String message) {","lastModifiedDate":"2022-08-14"},{"lineNumber":3,"author":{"gitId":"jonasgwt"},"content":"        super(message);","lastModifiedDate":"2022-08-14"},{"lineNumber":4,"author":{"gitId":"jonasgwt"},"content":"    }","lastModifiedDate":"2022-08-14"},{"lineNumber":5,"author":{"gitId":"jonasgwt"},"content":"    @Override","lastModifiedDate":"2022-08-14"},{"lineNumber":6,"author":{"gitId":"jonasgwt"},"content":"    public String toString() {","lastModifiedDate":"2022-08-14"},{"lineNumber":7,"author":{"gitId":"jonasgwt"},"content":"        return \"☹ OOPS! \" + super.getMessage();","lastModifiedDate":"2022-08-16"},{"lineNumber":8,"author":{"gitId":"jonasgwt"},"content":"    }","lastModifiedDate":"2022-08-14"},{"lineNumber":9,"author":{"gitId":"jonasgwt"},"content":"}","lastModifiedDate":"2022-08-14"}],"authorContributionMap":{"jonasgwt":9}},{"path":"src/main/java/Event.java","fileType":"java","lines":[{"lineNumber":1,"author":{"gitId":"jonasgwt"},"content":"public class Event extends Task {","lastModifiedDate":"2022-08-13"},{"lineNumber":2,"author":{"gitId":"jonasgwt"},"content":"    private final String time;","lastModifiedDate":"2022-08-13"},{"lineNumber":3,"author":{"gitId":"jonasgwt"},"content":"","lastModifiedDate":"2022-08-13"},{"lineNumber":4,"author":{"gitId":"jonasgwt"},"content":"    public Event(String description, String time) {","lastModifiedDate":"2022-08-13"},{"lineNumber":5,"author":{"gitId":"jonasgwt"},"content":"        super(description);","lastModifiedDate":"2022-08-13"},{"lineNumber":6,"author":{"gitId":"jonasgwt"},"content":"        this.time \u003d time;","lastModifiedDate":"2022-08-13"},{"lineNumber":7,"author":{"gitId":"jonasgwt"},"content":"    }","lastModifiedDate":"2022-08-13"},{"lineNumber":8,"author":{"gitId":"jonasgwt"},"content":"","lastModifiedDate":"2022-08-13"},{"lineNumber":9,"author":{"gitId":"jonasgwt"},"content":"    @Override","lastModifiedDate":"2022-08-13"},{"lineNumber":10,"author":{"gitId":"jonasgwt"},"content":"    public String toString() {","lastModifiedDate":"2022-08-13"},{"lineNumber":11,"author":{"gitId":"jonasgwt"},"content":"        return \"[E][\" + super.getStatusIcon() + \"] \" + super.description + \" (at: \" + this.time + \")\";","lastModifiedDate":"2022-08-13"},{"lineNumber":12,"author":{"gitId":"jonasgwt"},"content":"    }","lastModifiedDate":"2022-08-13"},{"lineNumber":13,"author":{"gitId":"jonasgwt"},"content":"}","lastModifiedDate":"2022-08-13"}],"authorContributionMap":{"jonasgwt":13}},{"path":"src/main/java/InvalidInput.java","fileType":"java","lines":[{"lineNumber":1,"author":{"gitId":"jonasgwt"},"content":"public class InvalidInput extends DukeException {","lastModifiedDate":"2022-08-16"},{"lineNumber":2,"author":{"gitId":"jonasgwt"},"content":"    InvalidInput(String message) {","lastModifiedDate":"2022-08-16"},{"lineNumber":3,"author":{"gitId":"jonasgwt"},"content":"        super(\"Invalid Input! \" + message);","lastModifiedDate":"2022-08-16"},{"lineNumber":4,"author":{"gitId":"jonasgwt"},"content":"    }","lastModifiedDate":"2022-08-16"},{"lineNumber":5,"author":{"gitId":"jonasgwt"},"content":"}","lastModifiedDate":"2022-08-16"}],"authorContributionMap":{"jonasgwt":5}},{"path":"src/main/java/Task.java","fileType":"java","lines":[{"lineNumber":1,"author":{"gitId":"jonasgwt"},"content":"public class Task {","lastModifiedDate":"2022-08-13"},{"lineNumber":2,"author":{"gitId":"jonasgwt"},"content":"    protected String description;","lastModifiedDate":"2022-08-13"},{"lineNumber":3,"author":{"gitId":"jonasgwt"},"content":"    protected boolean isDone;","lastModifiedDate":"2022-08-13"},{"lineNumber":4,"author":{"gitId":"jonasgwt"},"content":"","lastModifiedDate":"2022-08-13"},{"lineNumber":5,"author":{"gitId":"jonasgwt"},"content":"    public Task(String description) {","lastModifiedDate":"2022-08-13"},{"lineNumber":6,"author":{"gitId":"jonasgwt"},"content":"        this.description \u003d description;","lastModifiedDate":"2022-08-13"},{"lineNumber":7,"author":{"gitId":"jonasgwt"},"content":"        this.isDone \u003d false;","lastModifiedDate":"2022-08-13"},{"lineNumber":8,"author":{"gitId":"jonasgwt"},"content":"    }","lastModifiedDate":"2022-08-13"},{"lineNumber":9,"author":{"gitId":"jonasgwt"},"content":"","lastModifiedDate":"2022-08-13"},{"lineNumber":10,"author":{"gitId":"jonasgwt"},"content":"    public String getStatusIcon() {","lastModifiedDate":"2022-08-13"},{"lineNumber":11,"author":{"gitId":"jonasgwt"},"content":"        return (isDone ? \"X\" : \" \");","lastModifiedDate":"2022-08-13"},{"lineNumber":12,"author":{"gitId":"jonasgwt"},"content":"    }","lastModifiedDate":"2022-08-13"},{"lineNumber":13,"author":{"gitId":"jonasgwt"},"content":"","lastModifiedDate":"2022-08-13"},{"lineNumber":14,"author":{"gitId":"jonasgwt"},"content":"    public void markDone() {","lastModifiedDate":"2022-08-13"},{"lineNumber":15,"author":{"gitId":"jonasgwt"},"content":"        this.isDone \u003d true;","lastModifiedDate":"2022-08-13"},{"lineNumber":16,"author":{"gitId":"jonasgwt"},"content":"    }","lastModifiedDate":"2022-08-13"},{"lineNumber":17,"author":{"gitId":"jonasgwt"},"content":"","lastModifiedDate":"2022-08-13"},{"lineNumber":18,"author":{"gitId":"jonasgwt"},"content":"    public void markNotDone() {","lastModifiedDate":"2022-08-13"},{"lineNumber":19,"author":{"gitId":"jonasgwt"},"content":"        this.isDone \u003d false;","lastModifiedDate":"2022-08-13"},{"lineNumber":20,"author":{"gitId":"jonasgwt"},"content":"    }","lastModifiedDate":"2022-08-13"},{"lineNumber":21,"author":{"gitId":"jonasgwt"},"content":"","lastModifiedDate":"2022-08-13"},{"lineNumber":22,"author":{"gitId":"jonasgwt"},"content":"    @Override","lastModifiedDate":"2022-08-13"},{"lineNumber":23,"author":{"gitId":"jonasgwt"},"content":"    public String toString() {","lastModifiedDate":"2022-08-13"},{"lineNumber":24,"author":{"gitId":"jonasgwt"},"content":"        return \"[\" + getStatusIcon() + \"] \" + this.description;","lastModifiedDate":"2022-08-13"},{"lineNumber":25,"author":{"gitId":"jonasgwt"},"content":"    }","lastModifiedDate":"2022-08-13"},{"lineNumber":26,"author":{"gitId":"jonasgwt"},"content":"}","lastModifiedDate":"2022-08-13"}],"authorContributionMap":{"jonasgwt":26}},{"path":"src/main/java/ToDo.java","fileType":"java","lines":[{"lineNumber":1,"author":{"gitId":"jonasgwt"},"content":"public class ToDo extends Task{","lastModifiedDate":"2022-08-13"},{"lineNumber":2,"author":{"gitId":"jonasgwt"},"content":"","lastModifiedDate":"2022-08-13"},{"lineNumber":3,"author":{"gitId":"jonasgwt"},"content":"    public ToDo(String description) {","lastModifiedDate":"2022-08-13"},{"lineNumber":4,"author":{"gitId":"jonasgwt"},"content":"        super(description);","lastModifiedDate":"2022-08-13"},{"lineNumber":5,"author":{"gitId":"jonasgwt"},"content":"    }","lastModifiedDate":"2022-08-13"},{"lineNumber":6,"author":{"gitId":"jonasgwt"},"content":"","lastModifiedDate":"2022-08-13"},{"lineNumber":7,"author":{"gitId":"jonasgwt"},"content":"    @Override","lastModifiedDate":"2022-08-13"},{"lineNumber":8,"author":{"gitId":"jonasgwt"},"content":"    public String toString() {","lastModifiedDate":"2022-08-13"},{"lineNumber":9,"author":{"gitId":"jonasgwt"},"content":"        return \"[T][\" + super.getStatusIcon() + \"] \" + super.description;","lastModifiedDate":"2022-08-13"},{"lineNumber":10,"author":{"gitId":"jonasgwt"},"content":"    }","lastModifiedDate":"2022-08-13"},{"lineNumber":11,"author":{"gitId":"jonasgwt"},"content":"}","lastModifiedDate":"2022-08-13"}],"authorContributionMap":{"jonasgwt":11}},{"path":"src/main/java/UnknownCommand.java","fileType":"java","lines":[{"lineNumber":1,"author":{"gitId":"jonasgwt"},"content":"public class UnknownCommand extends DukeException {","lastModifiedDate":"2022-08-16"},{"lineNumber":2,"author":{"gitId":"jonasgwt"},"content":"    UnknownCommand() {","lastModifiedDate":"2022-08-16"},{"lineNumber":3,"author":{"gitId":"jonasgwt"},"content":"        super(\"Unknown Command!\");","lastModifiedDate":"2022-08-16"},{"lineNumber":4,"author":{"gitId":"jonasgwt"},"content":"    }","lastModifiedDate":"2022-08-16"},{"lineNumber":5,"author":{"gitId":"jonasgwt"},"content":"}","lastModifiedDate":"2022-08-16"}],"authorContributionMap":{"jonasgwt":5}},{"path":"text-ui-test/input.txt","fileType":"txt","lines":[{"lineNumber":1,"author":{"gitId":"jonasgwt"},"content":"gibberish","lastModifiedDate":"2022-08-14"},{"lineNumber":2,"author":{"gitId":"jonasgwt"},"content":"list","lastModifiedDate":"2022-08-14"},{"lineNumber":3,"author":{"gitId":"jonasgwt"},"content":"todo","lastModifiedDate":"2022-08-14"},{"lineNumber":4,"author":{"gitId":"jonasgwt"},"content":"todo borrow book","lastModifiedDate":"2022-08-14"},{"lineNumber":5,"author":{"gitId":"jonasgwt"},"content":"list","lastModifiedDate":"2022-08-14"},{"lineNumber":6,"author":{"gitId":"jonasgwt"},"content":"deadline return book","lastModifiedDate":"2022-08-14"},{"lineNumber":7,"author":{"gitId":"jonasgwt"},"content":"deadline return book /by Sunday","lastModifiedDate":"2022-08-14"},{"lineNumber":8,"author":{"gitId":"jonasgwt"},"content":"event /at Mon 2-4pm","lastModifiedDate":"2022-08-14"},{"lineNumber":9,"author":{"gitId":"jonasgwt"},"content":"event project meeting /at Mon 2-4pm","lastModifiedDate":"2022-08-14"},{"lineNumber":10,"author":{"gitId":"jonasgwt"},"content":"mark 5","lastModifiedDate":"2022-08-14"},{"lineNumber":11,"author":{"gitId":"jonasgwt"},"content":"mark hello","lastModifiedDate":"2022-08-14"},{"lineNumber":12,"author":{"gitId":"jonasgwt"},"content":"mark 1","lastModifiedDate":"2022-08-14"},{"lineNumber":13,"author":{"gitId":"jonasgwt"},"content":"mark 2","lastModifiedDate":"2022-08-14"},{"lineNumber":14,"author":{"gitId":"jonasgwt"},"content":"mark 3","lastModifiedDate":"2022-08-14"},{"lineNumber":15,"author":{"gitId":"jonasgwt"},"content":"list","lastModifiedDate":"2022-08-14"},{"lineNumber":16,"author":{"gitId":"jonasgwt"},"content":"unmark 1","lastModifiedDate":"2022-08-14"},{"lineNumber":17,"author":{"gitId":"jonasgwt"},"content":"unmark 2","lastModifiedDate":"2022-08-14"},{"lineNumber":18,"author":{"gitId":"jonasgwt"},"content":"unmark 3","lastModifiedDate":"2022-08-14"},{"lineNumber":19,"author":{"gitId":"jonasgwt"},"content":"list","lastModifiedDate":"2022-08-14"},{"lineNumber":20,"author":{"gitId":"jonasgwt"},"content":"event atatata /at now","lastModifiedDate":"2022-08-14"},{"lineNumber":21,"author":{"gitId":"jonasgwt"},"content":"list","lastModifiedDate":"2022-08-14"},{"lineNumber":22,"author":{"gitId":"jonasgwt"},"content":"event /at","lastModifiedDate":"2022-08-14"},{"lineNumber":23,"author":{"gitId":"jonasgwt"},"content":"event here /at","lastModifiedDate":"2022-08-14"},{"lineNumber":24,"author":{"gitId":"jonasgwt"},"content":"event /at now","lastModifiedDate":"2022-08-14"},{"lineNumber":25,"author":{"gitId":"jonasgwt"},"content":"delete 4","lastModifiedDate":"2022-08-14"},{"lineNumber":26,"author":{"gitId":"jonasgwt"},"content":"list","lastModifiedDate":"2022-08-14"},{"lineNumber":27,"author":{"gitId":"jonasgwt"},"content":"delete hello","lastModifiedDate":"2022-08-14"},{"lineNumber":28,"author":{"gitId":"jonasgwt"},"content":"delete 4","lastModifiedDate":"2022-08-14"},{"lineNumber":29,"author":{"gitId":"jonasgwt"},"content":"bye","lastModifiedDate":"2022-08-14"}],"authorContributionMap":{"jonasgwt":29}}]
