{"authorDailyContributionsMap":{"ElginL":[{"date":"2022-08-14","commitResults":[{"hash":"6e18ddd650a64fb1f94df35a55194974c3c1821a","messageTitle":"add Duke\u0027s ability to greet user","messageBody":"","fileTypesAndContributionMap":{"java":{"insertions":25,"deletions":6}}},{"hash":"f1944aca425e86fd827c6b62021e551772d59728","messageTitle":"add Duke\u0027s ability to echo text and exit","messageBody":"","tags":["Level-1"],"fileTypesAndContributionMap":{"java":{"insertions":18,"deletions":2}}},{"hash":"95ec447603ba10ac75cae8ba4797b329672c0361","messageTitle":"add Duke\u0027s ability to add items and list when required","messageBody":"","tags":["Level-2"],"fileTypesAndContributionMap":{"java":{"insertions":23,"deletions":4}}},{"hash":"ced6f32e6736ad1fe246ecba014b6d413a69b1dc","messageTitle":"add Duke\u0027s ability to mark and unmark things and list accurately","messageBody":"","tags":["Level-3"],"fileTypesAndContributionMap":{"java":{"insertions":33,"deletions":2}}},{"hash":"c0ca51c1ae5bc794b55b7d3ab5a7461950cfd0b8","messageTitle":"add Task class which represents a class","messageBody":"","fileTypesAndContributionMap":{"java":{"insertions":30,"deletions":0}}},{"hash":"337be1fc4e294e8f3bb49a29e35dc80dc9aa0418","messageTitle":"add usage of Task class in Duke","messageBody":"","tags":["A-Classes"],"fileTypesAndContributionMap":{"java":{"insertions":25,"deletions":22}}},{"hash":"1c6891c7d622f6b313b68afc1b3872014b3a5c14","messageTitle":"add ToDo class (subtype of Task)","messageBody":"","fileTypesAndContributionMap":{"java":{"insertions":14,"deletions":0}}},{"hash":"92f1db1385f56f35b97eb502081e0da735a268c4","messageTitle":"add Deadline class (Subtype of Task)","messageBody":"","fileTypesAndContributionMap":{"java":{"insertions":25,"deletions":0}}},{"hash":"affbc639d2a94b3740220f0451489c431d23e971","messageTitle":"refactored toString in Task and changed usage in Duke","messageBody":"","fileTypesAndContributionMap":{"java":{"insertions":5,"deletions":11}}},{"hash":"b853df55a8eb76232cff12eb836d8103d78ed5b1","messageTitle":"refactored ToDo class toString method","messageBody":"","fileTypesAndContributionMap":{"java":{"insertions":2,"deletions":2}}},{"hash":"b47574ff39c0bb1d9d0e28a18c3bc83c402e08a3","messageTitle":"refactored deadline class toString method","messageBody":"","fileTypesAndContributionMap":{"java":{"insertions":2,"deletions":2}}},{"hash":"5cf22fd036070f8a72693434418564210e8c6d03","messageTitle":"add Event class that is a subtype of Task","messageBody":"","fileTypesAndContributionMap":{"java":{"insertions":30,"deletions":0}}},{"hash":"93bd86781940f9cbc06edbfc90f0e3a5b311ffc7","messageTitle":"add documentation to ToDo class","messageBody":"","fileTypesAndContributionMap":{"java":{"insertions":9,"deletions":0}}}]},{"date":"2022-08-15","commitResults":[{"hash":"116d476b08678b5ed7bd6229b2c5254b76a1398c","messageTitle":"change duke to have tasks from event, todo and deadline","messageBody":"","fileTypesAndContributionMap":{"java":{"insertions":18,"deletions":3}}},{"hash":"ba92b57cfe8f05ca1984960efdbd000cab7a5f0d","messageTitle":"edit Event toString and attributes encapsulated","messageBody":"","fileTypesAndContributionMap":{"java":{"insertions":4,"deletions":9}}},{"hash":"42a9a80a082f8b69b758c1cc4d30fb9c46b2279f","messageTitle":"edit deadline toString format","messageBody":"","tags":["Level-4","A-Inheritance"],"fileTypesAndContributionMap":{"java":{"insertions":1,"deletions":1}}},{"hash":"85b78c93c7d2fb8761784dd7b6b185c8ee37a506","messageTitle":"add automated text ui testing (with input and expected output txt)","messageBody":"","tags":["A-TextUiTesting"],"fileTypesAndContributionMap":{"txt":{"insertions":9,"deletions":0}}},{"hash":"d04f9bd22483190fb17f180909da9370cb91008c","messageTitle":"add DukeException","messageBody":"","fileTypesAndContributionMap":{"java":{"insertions":13,"deletions":0}}},{"hash":"90f7f0110e999abc818c78b9d931692ccd3b4c84","messageTitle":"add error handling for user input for mark and create","messageBody":"","tags":["Level-5","A-Exceptions"],"fileTypesAndContributionMap":{"java":{"insertions":67,"deletions":28}}},{"hash":"91fb7679a87ba7cf5703ee7d2da7dc1a127f6df9","messageTitle":"add delete functionality, refactored startService into multiple methods to add/list/delete/etc.","messageBody":"","fileTypesAndContributionMap":{"java":{"insertions":166,"deletions":68}}},{"hash":"19a4d623343a9b2061d37a789ba597e165e09f6f","messageTitle":"changed string representation of Event","messageBody":"","fileTypesAndContributionMap":{"java":{"insertions":1,"deletions":1}}},{"hash":"b5f54a6ce15269417a5398b703e022e92843b325","messageTitle":"delete total task created tracking","messageBody":"","fileTypesAndContributionMap":{"java":{"insertions":0,"deletions":3}}}]},{"date":"2022-08-20","commitResults":[{"hash":"5808dd3ffb3fa495855db1f7d3d01a59d5db69a8","messageTitle":"modify DukeException getMessage method","messageBody":"","fileTypesAndContributionMap":{"java":{"insertions":1,"deletions":1}}},{"hash":"9839a0afd5d2fba30a35baaa896f395483ceb4dc","messageTitle":"update Duke to give better style and formatting","messageBody":"","fileTypesAndContributionMap":{"java":{"insertions":91,"deletions":77}}}]},{"date":"2022-08-21","commitResults":[{"hash":"ead53f644e324963c3b6807b52a330c1f2bdee8f","messageTitle":"Update Deadline, Event, Task, ToDo","messageBody":"New constructors to initialize task name and isDone together as it\nhelps in preloading of tasks from file\n","fileTypesAndContributionMap":{"java":{"insertions":46,"deletions":0}}},{"hash":"59e8b300ee9ee5d7c8df120d4b3b122399a7f668","messageTitle":"Update Duke","messageBody":"Add preloading of tasks from file functionality from a text file\n","fileTypesAndContributionMap":{"java":{"insertions":58,"deletions":28}}},{"hash":"627b9a0b85e79dc970fc08f1da7e73ad560bdc8f","messageTitle":"Update Duke.java","messageBody":"Commands (add/delete/mark/etc.) now saves to duke.txt file\n","fileTypesAndContributionMap":{"java":{"insertions":75,"deletions":6}}},{"hash":"66d97a5216ffa86f495b1ab0659c2022bb23bb72","messageTitle":"Add duke.txt","messageBody":"File that contains some tasks for preloading\n","fileTypesAndContributionMap":{"txt":{"insertions":3,"deletions":0}}},{"hash":"a5006f7972fe978f34a7b305bcd032010006f6fc","messageTitle":"Update Deadline, Event","messageBody":"Deadline and Event stores date as LocalDate instead of String,\nConstructor throws DateTimeParseException on failure to cast into\nLocalDate\n","fileTypesAndContributionMap":{"java":{"insertions":18,"deletions":8}}},{"hash":"335e1d0a9d5d8b489d0ccf6b7d425bc204f7beaf","messageTitle":"Update Duke.java","messageBody":"Handles cases where user input date is invalid\n","fileTypesAndContributionMap":{"java":{"insertions":14,"deletions":10}}}]},{"date":"2022-08-22","commitResults":[{"hash":"c6bc0fc2e8c6f5b7ce5c144f1436d01f9c1b7735","messageTitle":"Add checkstyle with gradle","messageBody":"","fileTypesAndContributionMap":{"gradle":{"insertions":5,"deletions":0}}},{"hash":"8d3b5e616fbaa8f75da1d3f4b30a07391899e47d","messageTitle":"Fix styling in project","messageBody":"Duke.java and DukeException.java style changed according to\ngradle style check\n","tags":["A-Gradle"],"fileTypesAndContributionMap":{"java":{"insertions":53,"deletions":25}}},{"hash":"2006550dc76371310d666e49c6aa10e4a8e012af","messageTitle":"Add storage class","messageBody":"Handles saving and loading of tasks to Duke, for better OOP\npractice\n","fileTypesAndContributionMap":{"txt":{"insertions":1,"deletions":3},"java":{"insertions":123,"deletions":0}}},{"hash":"05163ccce295362e44291b43c603e4a384b6e226","messageTitle":"Update Duke","messageBody":"Uses Storage object to handle saving and loading of tasks\n","fileTypesAndContributionMap":{"java":{"insertions":37,"deletions":140}}}]},{"date":"2022-08-23","commitResults":[{"hash":"2624b1626e27a4f94889ae8386f95bb901fc69b6","messageTitle":"Add TaskList class","messageBody":"Handles add/delete/mark operations for tasks and stores all tasks\n","fileTypesAndContributionMap":{"java":{"insertions":162,"deletions":0}}},{"hash":"4baa4c50b87e79cd7ca76d7e9db411196b872361","messageTitle":"Modify Duke and Storage","messageBody":"Support the use of TaskList\n","fileTypesAndContributionMap":{"java":{"insertions":33,"deletions":147}}}]},{"date":"2022-08-24","commitResults":[{"hash":"50284182a1f8e42400645ba01768ef6fd814358f","messageTitle":"Add Command class","messageBody":"","fileTypesAndContributionMap":{"java":{"insertions":27,"deletions":0}}},{"hash":"ef18c7f8e798bcaba8d37319001dfc96241ef867","messageTitle":"Add AddCommand, DeleteCommand, ExitCommand, ListCommand, MarkCommand, UnmarkCommand","messageBody":"Helps to execute commands to create an outcome\n","fileTypesAndContributionMap":{"java":{"insertions":183,"deletions":0}}},{"hash":"d1e7118b50241fd4a1ebaa29beef8010d26c8bdd","messageTitle":"Add Parser class","messageBody":"Helps to makes sense of a user input\n","fileTypesAndContributionMap":{"java":{"insertions":88,"deletions":0}}},{"hash":"6f7e90103710e22b7604955f6470671d99d42afd","messageTitle":"Add Ui class","messageBody":"Helps to handle interaction between Duke and User\n","fileTypesAndContributionMap":{"java":{"insertions":147,"deletions":0}}},{"hash":"b80ae7c03bc6be9961804cd61e9326694d6c2505","messageTitle":"Modify Deadline, Event, Task, ToDo","messageBody":"Add documentation for methods\n","fileTypesAndContributionMap":{"java":{"insertions":33,"deletions":0}}},{"hash":"14638a52fc1ef8d48a9f1a6e455f55ef1d3e3c58","messageTitle":"Update DukeException","messageBody":"Removed OOPS!!! from getMessage because it is now added in Ui class\n","fileTypesAndContributionMap":{"java":{"insertions":1,"deletions":1}}},{"hash":"7f77200492a331804b43035b9e8c9e8c1d84c340","messageTitle":"Update TaskList","messageBody":"Add documentation and modified some methods to return task\n","fileTypesAndContributionMap":{"java":{"insertions":41,"deletions":40}}},{"hash":"a1ca35af5f139c62ac277bcb1cf949ef96396a26","messageTitle":"Update Duke","messageBody":"Incorporated all new Command classes, Ui, and Parser to serve\nthe main method\n","tags":["A-MoreOOP"],"fileTypesAndContributionMap":{"java":{"insertions":17,"deletions":86}}},{"hash":"8518b8fc6b9bf909c089f48433518d91a36fb7a2","messageTitle":"Refactor all classes into Duke package","messageBody":"","fileTypesAndContributionMap":{"txt":{"insertions":3,"deletions":1},"java":{"insertions":36,"deletions":3}}},{"hash":"1013eeb4a3e927f07a2566952ae67cd6cd76bd9c","messageTitle":"Refactored classes into more packages","messageBody":"Now has command, exception, parser, storage, task and ui package\n","tags":["A-Packages"],"fileTypesAndContributionMap":{"java":{"insertions":117,"deletions":23}}}]},{"date":"2022-08-25","commitResults":[{"hash":"b52e5c3f349342039df87beefd39a6b861f36b71","messageTitle":"Add JUnit test for AddCommand and Parser","messageBody":"","tags":["A-JUnit"],"fileTypesAndContributionMap":{"java":{"insertions":183,"deletions":0}}},{"hash":"b76548bb4b933f64ba65def084440173d7d5f396","messageTitle":"Modify AddCommandTest and ParserTest","messageBody":"Add JavaDoc to testing methods\n","fileTypesAndContributionMap":{"java":{"insertions":50,"deletions":0}}},{"hash":"9fbba3c581d65c71dfbc2325418405dc800775df","messageTitle":"Add Find Command","messageBody":"Command that helps to find matching descriptors in Task\n","fileTypesAndContributionMap":{"java":{"insertions":38,"deletions":0}}},{"hash":"c72342b848724b07da6a3215b4f42e48bb47182a","messageTitle":"Modify Parser","messageBody":"Parser now detects find command and returns it if called\n","fileTypesAndContributionMap":{"java":{"insertions":8,"deletions":1}}},{"hash":"e6ef3be52a0de613908b013a4172a1526b19b092","messageTitle":"Modify TaskList and Ui","messageBody":"TaskList now has find method and Ui now has a method that print\nsearch results\n","fileTypesAndContributionMap":{"java":{"insertions":37,"deletions":0}}},{"hash":"1dec96d7f801821810c8cb9a28c17b26c7ec6ded","messageTitle":"Update duke.txt with new tasks","messageBody":"","fileTypesAndContributionMap":{"txt":{"insertions":4,"deletions":3}}},{"hash":"071bb65b65dfbad9d91bef79b32d536f308e0ed7","messageTitle":"Modify all files to comply with coding standard","messageBody":"","fileTypesAndContributionMap":{"java":{"insertions":1,"deletions":1}}}]},{"date":"2022-08-27","commitResults":[{"hash":"eab125df18eed4817936eaf9d237a5340d9f0f7a","messageTitle":"Update Ui","messageBody":"Change Javadoc comment for bye method\n","fileTypesAndContributionMap":{"java":{"insertions":1,"deletions":1}}}]},{"date":"2022-08-31","commitResults":[{"hash":"4c0225ef08aa9fbfb4b2ecacdf7af87ebf9ad606","messageTitle":"Add MainWindow.fxml, MainWindow.java, Main.java, Launcher.java","messageBody":"Shows a GUI with a TextInput and submit button, but does not show\nthe results yet\n","fileTypesAndContributionMap":{"gradle":{"insertions":15,"deletions":0},"fxml":{"insertions":34,"deletions":0},"java":{"insertions":104,"deletions":28}}}]},{"date":"2022-09-01","commitResults":[{"hash":"1898c405883d651c61abf6e5222c29bae75538f2","messageTitle":"Update commands, Ui, fxml, controllers","messageBody":"Commands execute method now returns a string of what duke wants\nto say\nUi now returns strings to texts instead of printing to command line\nControllers and fxml updated for cleaner ui\n","fileTypesAndContributionMap":{"txt":{"insertions":2,"deletions":4},"fxml":{"insertions":33,"deletions":0},"java":{"insertions":170,"deletions":136}}},{"hash":"6e07c03f9b8be16c918410b813c84a835e7d0507","messageTitle":"Update Javadoc","messageBody":"Update javadoc for all classes to pass checkstyleMain\n","fileTypesAndContributionMap":{"java":{"insertions":34,"deletions":17}}},{"hash":"8fd164d6f8ecd1962e88edbcabc660516205d8b7","messageTitle":"Update Ui","messageBody":"Change method names to verbs and updated classes that use is affected\naccordingly\n","fileTypesAndContributionMap":{"java":{"insertions":22,"deletions":22}}}]}]},"authorFileTypeContributionMap":{"ElginL":{"java":1604,"md":0,"fxml":67,"sh":0,"bat":0,"gradle":20,"txt":11}},"authorContributionVariance":{"ElginL":48699.97},"authorDisplayNameMap":{"ElginL":"CS2103T-T09-1 ELGI..HENG"}}
