{"authorDailyContributionsMap":{"marclzh":[{"date":"2022-08-17","commitResults":[{"hash":"0b74a3e714f185104fbd4f2fc7d6b029bd42e90b","messageTitle":"Finished functionality for Level-1","messageBody":"","tags":["Level-1"],"fileTypesAndContributionMap":{"java":{"insertions":29,"deletions":6}}},{"hash":"b4131f6f16efef27695927426e2cf152ce22e207","messageTitle":"Completed Level-2 Functionality","messageBody":"","tags":["Level-2"],"fileTypesAndContributionMap":{"java":{"insertions":23,"deletions":10}}}]}]},"authorFileTypeContributionMap":{"marclzh":{"java":42,"md":0,"fxml":0,"sh":0,"bat":0,"gradle":0,"txt":0}},"authorContributionVariance":{"marclzh":642.2222},"authorDisplayNameMap":{"marclzh":"LEE ..RCUS"}}
