{"authorDailyContributionsMap":{"marclzh":[{"date":"2022-08-17","commitResults":[{"hash":"0b74a3e714f185104fbd4f2fc7d6b029bd42e90b","messageTitle":"Finished functionality for Level-1","messageBody":"","tags":["Level-1"],"fileTypesAndContributionMap":{"java":{"insertions":29,"deletions":6}}},{"hash":"b4131f6f16efef27695927426e2cf152ce22e207","messageTitle":"Completed Level-2 Functionality","messageBody":"","tags":["Level-2"],"fileTypesAndContributionMap":{"java":{"insertions":23,"deletions":10}}},{"hash":"29a66a5dce604fad8003b4fbacdae1f5f120c08c","messageTitle":"Completed Level-3 Functionality","messageBody":"","tags":["Level-3"],"fileTypesAndContributionMap":{"java":{"insertions":96,"deletions":11}}},{"hash":"a2a9784618f5cafcf0b9d862f6a0b33b6a537e87","messageTitle":"Completed Level-4 functionality","messageBody":"","tags":["Level-4"],"fileTypesAndContributionMap":{"java":{"insertions":73,"deletions":11}}},{"hash":"24ff46bce0946c0a7c37851a8849293dd9826bbb","messageTitle":"Completed A-TextUiTesting","messageBody":"","tags":["A-TextUiTesting"],"fileTypesAndContributionMap":{"txt":{"insertions":17,"deletions":0}}},{"hash":"dda9c60bdcca5dd71b22e7e096dfd5754e87e6c7","messageTitle":"Completed Level-5 Functionality","messageBody":"","tags":["Level-5"],"fileTypesAndContributionMap":{"txt":{"insertions":4,"deletions":0},"java":{"insertions":98,"deletions":39}}},{"hash":"ff1db59f6501c581443fe29d1c3e9b37d3b73ffe","messageTitle":"Updated Expected Test File","messageBody":"","fileTypesAndContributionMap":{"txt":{"insertions":6,"deletions":1}}},{"hash":"a111487c8ecda9b45e5fc5bdd242301676e1208f","messageTitle":"Completed Level-6 functionality","messageBody":"","tags":["Level-6"],"fileTypesAndContributionMap":{"txt":{"insertions":6,"deletions":0},"java":{"insertions":23,"deletions":0}}},{"hash":"94a7594592541d7a8670100ae37425e7868e99ab","messageTitle":"Updated Imports","messageBody":"","fileTypesAndContributionMap":{"java":{"insertions":0,"deletions":1}}}]},{"date":"2022-08-18","commitResults":[{"hash":"55fb6b3e5ee9a3f0bf8a7f5ddea1202f835a57c5","messageTitle":"Added Enums for consistency with commands inputted.","messageBody":"","tags":["A-Enums"],"fileTypesAndContributionMap":{"java":{"insertions":88,"deletions":39}}}]},{"date":"2022-08-25","commitResults":[{"hash":"b9e2b6f824ac5c7bf259161879bc3abf5a2f41f9","messageTitle":"Add Enums to different java class","messageBody":"","fileTypesAndContributionMap":{"java":{"insertions":38,"deletions":37}}},{"hash":"9f8f8a56bc7c9b094d263b78a7cabe8b6fb1b568","messageTitle":"Add save to harddrive functionality (Level-7)","messageBody":"","tags":["Level-7"],"fileTypesAndContributionMap":{"java":{"insertions":154,"deletions":3}}}]},{"date":"2022-08-26","commitResults":[{"hash":"ac78cece60d59b4a83ce9975ce591fe46a4bb19e","messageTitle":"Add date formatting for tasks (Level-8)","messageBody":"","tags":["Level-8"],"fileTypesAndContributionMap":{"java":{"insertions":65,"deletions":21}}},{"hash":"93ca417279910b1efac696317ba45db75ddbfbf6","messageTitle":"Refactor code to suit OOP style better","messageBody":"","tags":["A-MoreOOP"],"fileTypesAndContributionMap":{"txt":{"insertions":4,"deletions":0},"java":{"insertions":263,"deletions":160}}},{"hash":"5e7e081339a618fec30980b38344b17f33d47363","messageTitle":"Sort classes into packages","messageBody":"","tags":["A-Packages"],"fileTypesAndContributionMap":{"java":{"insertions":42,"deletions":3},"bat":{"insertions":2,"deletions":0}}},{"hash":"3f312902f8b0b8fcba93173ab4c7f899b1ba1ff3","messageTitle":"Update .bat test to work with packages","messageBody":"","fileTypesAndContributionMap":{"bat":{"insertions":4,"deletions":1}}},{"hash":"209f1767082b15901bc88bb6a8dd3fee30c53cca","messageTitle":"Gradle fix","messageBody":"","tags":["A-Gradle"],"fileTypesAndContributionMap":{"gradle":{"insertions":1,"deletions":1}}},{"hash":"03906e702221598c8f270325b08f07cc2a20a08a","messageTitle":"Add JUnit Test Cases","messageBody":"","tags":["A-JUnit"],"fileTypesAndContributionMap":{"java":{"insertions":90,"deletions":1}}},{"hash":"7f08f5acfcfa5b2116fa794a9d751a5c3183624e","messageTitle":"Create JAR file","messageBody":"","tags":["A-Jar"],"fileTypesAndContributionMap":{"txt":{"insertions":1,"deletions":1}}},{"hash":"6a5847d840768375f2287befd87e87f7c17e263a","messageTitle":"Fix + add JavaDocs","messageBody":"","tags":["A-JavaDoc"],"fileTypesAndContributionMap":{"java":{"insertions":88,"deletions":12}}},{"hash":"ff073e0322a99363f21f559d1ac48ae75419114e","messageTitle":"Adjust code to follow coding standard","messageBody":"","tags":["A-CodingStandard"],"fileTypesAndContributionMap":{"java":{"insertions":23,"deletions":9}}},{"hash":"55617117e5f4faf7aa7f8266bf14d62031f51c95","messageTitle":"Add find functionality (Level-9)","messageBody":"","tags":["Level-9"],"fileTypesAndContributionMap":{"txt":{"insertions":6,"deletions":0},"java":{"insertions":30,"deletions":1}}},{"hash":"d68cfc790a9607ac169207c90d805c4ad22a770d","messageTitle":"Bugfix mark harddisk saving","messageBody":"","fileTypesAndContributionMap":{"txt":{"insertions":0,"deletions":4},"java":{"insertions":2,"deletions":0}}}]},{"date":"2022-09-01","commitResults":[{"hash":"fc26fff4610dfeea7362954b49b5bbdf1c6f5894","messageTitle":"Add checkstyle and fix style changes","messageBody":"","tags":["A-CheckStyle"],"fileTypesAndContributionMap":{"gradle":{"insertions":5,"deletions":0},"java":{"insertions":53,"deletions":46}}}]}]},"authorFileTypeContributionMap":{"marclzh":{"java":877,"md":0,"fxml":0,"sh":0,"bat":6,"gradle":6,"txt":38}},"authorContributionVariance":{"marclzh":39902.05},"authorDisplayNameMap":{"marclzh":"CS2103T-T14-3 LEE ..RCUS"}}
