[{"path":"README.md","fileType":"md","lines":[{"lineNumber":1,"author":{"gitId":"Cjun1039"},"content":"# duke.Duke project template","lastModifiedDate":"2022-08-26"},{"lineNumber":2,"author":{"gitId":"-"},"content":"","lastModifiedDate":"2020-05-25"},{"lineNumber":3,"author":{"gitId":"-"},"content":"This is a project template for a greenfield Java project. It\u0027s named after the Java mascot _Duke_. Given below are instructions on how to use it.","lastModifiedDate":"2020-05-25"},{"lineNumber":4,"author":{"gitId":"-"},"content":"","lastModifiedDate":"2020-05-25"},{"lineNumber":5,"author":{"gitId":"-"},"content":"## Setting up in Intellij","lastModifiedDate":"2020-05-25"},{"lineNumber":6,"author":{"gitId":"-"},"content":"","lastModifiedDate":"2020-05-25"},{"lineNumber":7,"author":{"gitId":"-"},"content":"Prerequisites: JDK 11, update Intellij to the most recent version.","lastModifiedDate":"2020-05-25"},{"lineNumber":8,"author":{"gitId":"-"},"content":"","lastModifiedDate":"2020-05-25"},{"lineNumber":9,"author":{"gitId":"-"},"content":"1. Open Intellij (if you are not in the welcome screen, click `File` \u003e `Close Project` to close the existing project first)","lastModifiedDate":"2021-01-17"},{"lineNumber":10,"author":{"gitId":"-"},"content":"1. Open the project into Intellij as follows:","lastModifiedDate":"2021-01-17"},{"lineNumber":11,"author":{"gitId":"-"},"content":"   1. Click `Open`.","lastModifiedDate":"2021-01-17"},{"lineNumber":12,"author":{"gitId":"-"},"content":"   1. Select the project directory, and click `OK`.","lastModifiedDate":"2021-01-17"},{"lineNumber":13,"author":{"gitId":"-"},"content":"   1. If there are any further prompts, accept the defaults.","lastModifiedDate":"2020-05-25"},{"lineNumber":14,"author":{"gitId":"-"},"content":"1. Configure the project to use **JDK 11** (not other versions) as explained in [here](https://www.jetbrains.com/help/idea/sdk.html#set-up-jdk).\u003cbr\u003e","lastModifiedDate":"2021-07-29"},{"lineNumber":15,"author":{"gitId":"-"},"content":"   In the same dialog, set the **Project language level** field to the `SDK default` option.","lastModifiedDate":"2021-07-29"},{"lineNumber":16,"author":{"gitId":"Cjun1039"},"content":"3. After that, locate the `src/main/java/duke.Duke.java` file, right-click it, and choose `Run duke.Duke.main()` (if the code editor is showing compile errors, try restarting the IDE). If the setup is correct, you should see something like the below as the output:","lastModifiedDate":"2022-08-26"},{"lineNumber":17,"author":{"gitId":"-"},"content":"   ```","lastModifiedDate":"2020-05-25"},{"lineNumber":18,"author":{"gitId":"-"},"content":"   Hello from","lastModifiedDate":"2020-05-25"},{"lineNumber":19,"author":{"gitId":"-"},"content":"    ____        _        ","lastModifiedDate":"2020-05-25"},{"lineNumber":20,"author":{"gitId":"-"},"content":"   |  _ \\ _   _| | _____ ","lastModifiedDate":"2020-05-25"},{"lineNumber":21,"author":{"gitId":"-"},"content":"   | | | | | | | |/ / _ \\","lastModifiedDate":"2020-05-25"},{"lineNumber":22,"author":{"gitId":"-"},"content":"   | |_| | |_| |   \u003c  __/","lastModifiedDate":"2020-05-25"},{"lineNumber":23,"author":{"gitId":"-"},"content":"   |____/ \\__,_|_|\\_\\___|","lastModifiedDate":"2020-05-25"},{"lineNumber":24,"author":{"gitId":"-"},"content":"   ```","lastModifiedDate":"2020-05-25"}],"authorContributionMap":{"Cjun1039":2,"-":22}},{"path":"src/main/java/duke/Duke.java","fileType":"java","lines":[{"lineNumber":1,"author":{"gitId":"Cjun1039"},"content":"package duke;","lastModifiedDate":"2022-08-26"},{"lineNumber":2,"author":{"gitId":"Cjun1039"},"content":"","lastModifiedDate":"2022-08-26"},{"lineNumber":3,"author":{"gitId":"Cjun1039"},"content":"import duke.command.Command;","lastModifiedDate":"2022-08-26"},{"lineNumber":4,"author":{"gitId":"Cjun1039"},"content":"import duke.task.TaskList;","lastModifiedDate":"2022-08-26"},{"lineNumber":5,"author":{"gitId":"Cjun1039"},"content":"","lastModifiedDate":"2022-08-16"},{"lineNumber":6,"author":{"gitId":"-"},"content":"public class Duke {","lastModifiedDate":"2019-07-29"},{"lineNumber":7,"author":{"gitId":"Cjun1039"},"content":"","lastModifiedDate":"2022-08-25"},{"lineNumber":8,"author":{"gitId":"Cjun1039"},"content":"    private Storage storage;","lastModifiedDate":"2022-08-26"},{"lineNumber":9,"author":{"gitId":"Cjun1039"},"content":"    private TaskList tasks;","lastModifiedDate":"2022-08-26"},{"lineNumber":10,"author":{"gitId":"Cjun1039"},"content":"    private Ui ui;","lastModifiedDate":"2022-08-26"},{"lineNumber":11,"author":{"gitId":"Cjun1039"},"content":"","lastModifiedDate":"2022-08-17"},{"lineNumber":12,"author":{"gitId":"Cjun1039"},"content":"    public Duke(String filePath) {","lastModifiedDate":"2022-08-26"},{"lineNumber":13,"author":{"gitId":"Cjun1039"},"content":"        ui \u003d new Ui();","lastModifiedDate":"2022-08-26"},{"lineNumber":14,"author":{"gitId":"Cjun1039"},"content":"        storage \u003d new Storage(filePath);","lastModifiedDate":"2022-08-26"},{"lineNumber":15,"author":{"gitId":"Cjun1039"},"content":"        try {","lastModifiedDate":"2022-08-25"},{"lineNumber":16,"author":{"gitId":"Cjun1039"},"content":"            tasks \u003d new TaskList(storage.load());","lastModifiedDate":"2022-08-26"},{"lineNumber":17,"author":{"gitId":"Cjun1039"},"content":"        } catch (DukeException e) {","lastModifiedDate":"2022-08-26"},{"lineNumber":18,"author":{"gitId":"Cjun1039"},"content":"            ui.showLoadingError();","lastModifiedDate":"2022-08-26"},{"lineNumber":19,"author":{"gitId":"Cjun1039"},"content":"            tasks \u003d new TaskList();","lastModifiedDate":"2022-08-26"},{"lineNumber":20,"author":{"gitId":"Cjun1039"},"content":"        }","lastModifiedDate":"2022-08-17"},{"lineNumber":21,"author":{"gitId":"Cjun1039"},"content":"    }","lastModifiedDate":"2022-08-18"},{"lineNumber":22,"author":{"gitId":"Cjun1039"},"content":"","lastModifiedDate":"2022-08-18"},{"lineNumber":23,"author":{"gitId":"Cjun1039"},"content":"    public void run() {","lastModifiedDate":"2022-08-26"},{"lineNumber":24,"author":{"gitId":"Cjun1039"},"content":"        ui.showWelcome();","lastModifiedDate":"2022-08-26"},{"lineNumber":25,"author":{"gitId":"Cjun1039"},"content":"        boolean isExit \u003d false;","lastModifiedDate":"2022-08-26"},{"lineNumber":26,"author":{"gitId":"Cjun1039"},"content":"        while (!isExit) {","lastModifiedDate":"2022-08-26"},{"lineNumber":27,"author":{"gitId":"Cjun1039"},"content":"            try {","lastModifiedDate":"2022-08-18"},{"lineNumber":28,"author":{"gitId":"Cjun1039"},"content":"                String fullCommand \u003d ui.readCommand();","lastModifiedDate":"2022-08-26"},{"lineNumber":29,"author":{"gitId":"Cjun1039"},"content":"                Command c \u003d Parser.parse(fullCommand);","lastModifiedDate":"2022-08-26"},{"lineNumber":30,"author":{"gitId":"Cjun1039"},"content":"                c.execute(tasks, ui, storage);","lastModifiedDate":"2022-08-26"},{"lineNumber":31,"author":{"gitId":"Cjun1039"},"content":"                isExit \u003d c.isExit();","lastModifiedDate":"2022-08-26"},{"lineNumber":32,"author":{"gitId":"Cjun1039"},"content":"            } catch (DukeException e) {","lastModifiedDate":"2022-08-18"},{"lineNumber":33,"author":{"gitId":"Cjun1039"},"content":"                ui.showError(e.getMessage());","lastModifiedDate":"2022-08-26"},{"lineNumber":34,"author":{"gitId":"Cjun1039"},"content":"            }","lastModifiedDate":"2022-08-18"},{"lineNumber":35,"author":{"gitId":"Cjun1039"},"content":"        }","lastModifiedDate":"2022-08-18"},{"lineNumber":36,"author":{"gitId":"Cjun1039"},"content":"    }","lastModifiedDate":"2022-08-18"},{"lineNumber":37,"author":{"gitId":"Cjun1039"},"content":"","lastModifiedDate":"2022-08-18"},{"lineNumber":38,"author":{"gitId":"Cjun1039"},"content":"    public static void main(String[] args) {","lastModifiedDate":"2022-08-26"},{"lineNumber":39,"author":{"gitId":"Cjun1039"},"content":"        new Duke(\"data/tasks.txt\").run();","lastModifiedDate":"2022-08-26"},{"lineNumber":40,"author":{"gitId":"Cjun1039"},"content":"    }","lastModifiedDate":"2022-08-17"},{"lineNumber":41,"author":{"gitId":"-"},"content":"}","lastModifiedDate":"2019-07-29"}],"authorContributionMap":{"Cjun1039":39,"-":2}},{"path":"src/main/java/duke/DukeException.java","fileType":"java","lines":[{"lineNumber":1,"author":{"gitId":"Cjun1039"},"content":"package duke;","lastModifiedDate":"2022-08-26"},{"lineNumber":2,"author":{"gitId":"Cjun1039"},"content":"","lastModifiedDate":"2022-08-26"},{"lineNumber":3,"author":{"gitId":"Cjun1039"},"content":"public class DukeException extends RuntimeException {","lastModifiedDate":"2022-08-18"},{"lineNumber":4,"author":{"gitId":"Cjun1039"},"content":"    private String message;","lastModifiedDate":"2022-08-18"},{"lineNumber":5,"author":{"gitId":"Cjun1039"},"content":"","lastModifiedDate":"2022-08-18"},{"lineNumber":6,"author":{"gitId":"Cjun1039"},"content":"    public DukeException(String message) {","lastModifiedDate":"2022-08-18"},{"lineNumber":7,"author":{"gitId":"Cjun1039"},"content":"        this.message \u003d message;","lastModifiedDate":"2022-08-18"},{"lineNumber":8,"author":{"gitId":"Cjun1039"},"content":"    }","lastModifiedDate":"2022-08-18"},{"lineNumber":9,"author":{"gitId":"Cjun1039"},"content":"","lastModifiedDate":"2022-08-18"},{"lineNumber":10,"author":{"gitId":"Cjun1039"},"content":"    public DukeException() {","lastModifiedDate":"2022-08-18"},{"lineNumber":11,"author":{"gitId":"Cjun1039"},"content":"        this.message \u003d \"I\u0027m sorry, but I don\u0027t know what that means :-(\";","lastModifiedDate":"2022-08-18"},{"lineNumber":12,"author":{"gitId":"Cjun1039"},"content":"    }","lastModifiedDate":"2022-08-18"},{"lineNumber":13,"author":{"gitId":"Cjun1039"},"content":"","lastModifiedDate":"2022-08-18"},{"lineNumber":14,"author":{"gitId":"Cjun1039"},"content":"    public String toString() {","lastModifiedDate":"2022-08-18"},{"lineNumber":15,"author":{"gitId":"Cjun1039"},"content":"        return \":( Something went wrong: \" + message;","lastModifiedDate":"2022-08-26"},{"lineNumber":16,"author":{"gitId":"Cjun1039"},"content":"    }","lastModifiedDate":"2022-08-18"},{"lineNumber":17,"author":{"gitId":"Cjun1039"},"content":"}","lastModifiedDate":"2022-08-18"}],"authorContributionMap":{"Cjun1039":17}},{"path":"src/main/java/duke/Parser.java","fileType":"java","lines":[{"lineNumber":1,"author":{"gitId":"Cjun1039"},"content":"package duke;","lastModifiedDate":"2022-08-26"},{"lineNumber":2,"author":{"gitId":"Cjun1039"},"content":"","lastModifiedDate":"2022-08-26"},{"lineNumber":3,"author":{"gitId":"Cjun1039"},"content":"import duke.command.*;","lastModifiedDate":"2022-08-26"},{"lineNumber":4,"author":{"gitId":"Cjun1039"},"content":"import java.time.LocalDate;","lastModifiedDate":"2022-08-26"},{"lineNumber":5,"author":{"gitId":"Cjun1039"},"content":"","lastModifiedDate":"2022-08-26"},{"lineNumber":6,"author":{"gitId":"Cjun1039"},"content":"public class Parser {","lastModifiedDate":"2022-08-26"},{"lineNumber":7,"author":{"gitId":"Cjun1039"},"content":"    private static final String DELIMIT \u003d \" \";","lastModifiedDate":"2022-08-26"},{"lineNumber":8,"author":{"gitId":"Cjun1039"},"content":"    private static final String ESCAPE \u003d \"/\";","lastModifiedDate":"2022-08-26"},{"lineNumber":9,"author":{"gitId":"Cjun1039"},"content":"","lastModifiedDate":"2022-08-26"},{"lineNumber":10,"author":{"gitId":"Cjun1039"},"content":"    public static Command parse(String input) throws DukeException {","lastModifiedDate":"2022-08-26"},{"lineNumber":11,"author":{"gitId":"Cjun1039"},"content":"        String[] inputs \u003d input.split(\" \", 2);","lastModifiedDate":"2022-08-26"},{"lineNumber":12,"author":{"gitId":"Cjun1039"},"content":"        String head \u003d inputs[0].toUpperCase();","lastModifiedDate":"2022-08-26"},{"lineNumber":13,"author":{"gitId":"Cjun1039"},"content":"        Command res;","lastModifiedDate":"2022-08-26"},{"lineNumber":14,"author":{"gitId":"Cjun1039"},"content":"        try {","lastModifiedDate":"2022-08-26"},{"lineNumber":15,"author":{"gitId":"Cjun1039"},"content":"            switch (head) {","lastModifiedDate":"2022-08-26"},{"lineNumber":16,"author":{"gitId":"Cjun1039"},"content":"                case \"BYE\":","lastModifiedDate":"2022-08-26"},{"lineNumber":17,"author":{"gitId":"Cjun1039"},"content":"                    res \u003d new ExitCommand();","lastModifiedDate":"2022-08-26"},{"lineNumber":18,"author":{"gitId":"Cjun1039"},"content":"                    break;","lastModifiedDate":"2022-08-26"},{"lineNumber":19,"author":{"gitId":"Cjun1039"},"content":"                case \"LIST\":","lastModifiedDate":"2022-08-26"},{"lineNumber":20,"author":{"gitId":"Cjun1039"},"content":"                    res \u003d new ListCommand();","lastModifiedDate":"2022-08-26"},{"lineNumber":21,"author":{"gitId":"Cjun1039"},"content":"                    break;","lastModifiedDate":"2022-08-26"},{"lineNumber":22,"author":{"gitId":"Cjun1039"},"content":"                case \"MARK\":","lastModifiedDate":"2022-08-26"},{"lineNumber":23,"author":{"gitId":"Cjun1039"},"content":"                    res \u003d new MarkCommand(Integer.parseInt(inputs[1]) - 1);","lastModifiedDate":"2022-08-26"},{"lineNumber":24,"author":{"gitId":"Cjun1039"},"content":"                    break;","lastModifiedDate":"2022-08-26"},{"lineNumber":25,"author":{"gitId":"Cjun1039"},"content":"                case \"UNMARK\":","lastModifiedDate":"2022-08-26"},{"lineNumber":26,"author":{"gitId":"Cjun1039"},"content":"                    res \u003d new UnmarkCommand(Integer.parseInt(inputs[1]) - 1);","lastModifiedDate":"2022-08-26"},{"lineNumber":27,"author":{"gitId":"Cjun1039"},"content":"                    break;","lastModifiedDate":"2022-08-26"},{"lineNumber":28,"author":{"gitId":"Cjun1039"},"content":"                case \"DELETE\":","lastModifiedDate":"2022-08-26"},{"lineNumber":29,"author":{"gitId":"Cjun1039"},"content":"                    res \u003d new DeleteCommand(Integer.parseInt(inputs[1]) - 1);","lastModifiedDate":"2022-08-26"},{"lineNumber":30,"author":{"gitId":"Cjun1039"},"content":"                    break;","lastModifiedDate":"2022-08-26"},{"lineNumber":31,"author":{"gitId":"Cjun1039"},"content":"                default:","lastModifiedDate":"2022-08-26"},{"lineNumber":32,"author":{"gitId":"Cjun1039"},"content":"                    res \u003d new AddCommand(inputs);","lastModifiedDate":"2022-08-26"},{"lineNumber":33,"author":{"gitId":"Cjun1039"},"content":"            }","lastModifiedDate":"2022-08-26"},{"lineNumber":34,"author":{"gitId":"Cjun1039"},"content":"        } catch (ArrayIndexOutOfBoundsException e) {","lastModifiedDate":"2022-08-26"},{"lineNumber":35,"author":{"gitId":"Cjun1039"},"content":"            throw new DukeException(\"Missing parameters (require Integer) for the command!\");","lastModifiedDate":"2022-08-26"},{"lineNumber":36,"author":{"gitId":"Cjun1039"},"content":"        } catch (NumberFormatException e) {","lastModifiedDate":"2022-08-26"},{"lineNumber":37,"author":{"gitId":"Cjun1039"},"content":"            throw new DukeException(\"Invalid parameters (require Integer) for the command!\");","lastModifiedDate":"2022-08-26"},{"lineNumber":38,"author":{"gitId":"Cjun1039"},"content":"        }","lastModifiedDate":"2022-08-26"},{"lineNumber":39,"author":{"gitId":"Cjun1039"},"content":"        return res;","lastModifiedDate":"2022-08-26"},{"lineNumber":40,"author":{"gitId":"Cjun1039"},"content":"    }","lastModifiedDate":"2022-08-26"},{"lineNumber":41,"author":{"gitId":"Cjun1039"},"content":"","lastModifiedDate":"2022-08-26"},{"lineNumber":42,"author":{"gitId":"Cjun1039"},"content":"    public static String getDescription(String[] inputs, String escape, boolean hasDate) {","lastModifiedDate":"2022-08-26"},{"lineNumber":43,"author":{"gitId":"Cjun1039"},"content":"        String description;","lastModifiedDate":"2022-08-26"},{"lineNumber":44,"author":{"gitId":"Cjun1039"},"content":"        try {","lastModifiedDate":"2022-08-26"},{"lineNumber":45,"author":{"gitId":"Cjun1039"},"content":"            description \u003d inputs[1];","lastModifiedDate":"2022-08-26"},{"lineNumber":46,"author":{"gitId":"Cjun1039"},"content":"        } catch (ArrayIndexOutOfBoundsException e) {","lastModifiedDate":"2022-08-26"},{"lineNumber":47,"author":{"gitId":"Cjun1039"},"content":"            throw new DukeException(\"Descriptions cannot be empty!\");","lastModifiedDate":"2022-08-26"},{"lineNumber":48,"author":{"gitId":"Cjun1039"},"content":"        }","lastModifiedDate":"2022-08-26"},{"lineNumber":49,"author":{"gitId":"Cjun1039"},"content":"","lastModifiedDate":"2022-08-26"},{"lineNumber":50,"author":{"gitId":"Cjun1039"},"content":"        if (!hasDate) {","lastModifiedDate":"2022-08-26"},{"lineNumber":51,"author":{"gitId":"Cjun1039"},"content":"            return description;","lastModifiedDate":"2022-08-26"},{"lineNumber":52,"author":{"gitId":"Cjun1039"},"content":"        }","lastModifiedDate":"2022-08-26"},{"lineNumber":53,"author":{"gitId":"Cjun1039"},"content":"","lastModifiedDate":"2022-08-26"},{"lineNumber":54,"author":{"gitId":"Cjun1039"},"content":"        return description.split(\" \" + escape + \" \")[0];","lastModifiedDate":"2022-08-26"},{"lineNumber":55,"author":{"gitId":"Cjun1039"},"content":"    }","lastModifiedDate":"2022-08-26"},{"lineNumber":56,"author":{"gitId":"Cjun1039"},"content":"","lastModifiedDate":"2022-08-26"},{"lineNumber":57,"author":{"gitId":"Cjun1039"},"content":"    public static LocalDate getTime(String[] inputs, String escape) {","lastModifiedDate":"2022-08-26"},{"lineNumber":58,"author":{"gitId":"Cjun1039"},"content":"        String date;","lastModifiedDate":"2022-08-26"},{"lineNumber":59,"author":{"gitId":"Cjun1039"},"content":"        try {","lastModifiedDate":"2022-08-26"},{"lineNumber":60,"author":{"gitId":"Cjun1039"},"content":"            String[] parameters \u003d inputs[1].split(\" \" + escape + \" \");","lastModifiedDate":"2022-08-26"},{"lineNumber":61,"author":{"gitId":"Cjun1039"},"content":"            date \u003d parameters[1];","lastModifiedDate":"2022-08-26"},{"lineNumber":62,"author":{"gitId":"Cjun1039"},"content":"        } catch (ArrayIndexOutOfBoundsException e) {","lastModifiedDate":"2022-08-26"},{"lineNumber":63,"author":{"gitId":"Cjun1039"},"content":"            throw new DukeException(\"Dates cannot be empty!\");","lastModifiedDate":"2022-08-26"},{"lineNumber":64,"author":{"gitId":"Cjun1039"},"content":"        }","lastModifiedDate":"2022-08-26"},{"lineNumber":65,"author":{"gitId":"Cjun1039"},"content":"        return LocalDate.parse(date);","lastModifiedDate":"2022-08-26"},{"lineNumber":66,"author":{"gitId":"Cjun1039"},"content":"    }","lastModifiedDate":"2022-08-26"},{"lineNumber":67,"author":{"gitId":"Cjun1039"},"content":"","lastModifiedDate":"2022-08-26"},{"lineNumber":68,"author":{"gitId":"Cjun1039"},"content":"}","lastModifiedDate":"2022-08-26"}],"authorContributionMap":{"Cjun1039":68}},{"path":"src/main/java/duke/Storage.java","fileType":"java","lines":[{"lineNumber":1,"author":{"gitId":"Cjun1039"},"content":"package duke;","lastModifiedDate":"2022-08-26"},{"lineNumber":2,"author":{"gitId":"Cjun1039"},"content":"","lastModifiedDate":"2022-08-26"},{"lineNumber":3,"author":{"gitId":"Cjun1039"},"content":"import duke.task.*;","lastModifiedDate":"2022-08-26"},{"lineNumber":4,"author":{"gitId":"Cjun1039"},"content":"","lastModifiedDate":"2022-08-26"},{"lineNumber":5,"author":{"gitId":"Cjun1039"},"content":"import java.io.*;","lastModifiedDate":"2022-08-26"},{"lineNumber":6,"author":{"gitId":"Cjun1039"},"content":"import java.nio.file.Files;","lastModifiedDate":"2022-08-26"},{"lineNumber":7,"author":{"gitId":"Cjun1039"},"content":"import java.nio.file.Paths;","lastModifiedDate":"2022-08-26"},{"lineNumber":8,"author":{"gitId":"Cjun1039"},"content":"import java.time.LocalDate;","lastModifiedDate":"2022-08-26"},{"lineNumber":9,"author":{"gitId":"Cjun1039"},"content":"import java.util.ArrayList;","lastModifiedDate":"2022-08-26"},{"lineNumber":10,"author":{"gitId":"Cjun1039"},"content":"import java.util.Scanner;","lastModifiedDate":"2022-08-26"},{"lineNumber":11,"author":{"gitId":"Cjun1039"},"content":"","lastModifiedDate":"2022-08-26"},{"lineNumber":12,"author":{"gitId":"Cjun1039"},"content":"public class Storage {","lastModifiedDate":"2022-08-26"},{"lineNumber":13,"author":{"gitId":"Cjun1039"},"content":"    File file;","lastModifiedDate":"2022-08-26"},{"lineNumber":14,"author":{"gitId":"Cjun1039"},"content":"","lastModifiedDate":"2022-08-26"},{"lineNumber":15,"author":{"gitId":"Cjun1039"},"content":"    public Storage(String filePath) {","lastModifiedDate":"2022-08-26"},{"lineNumber":16,"author":{"gitId":"Cjun1039"},"content":"        file \u003d new File(filePath);","lastModifiedDate":"2022-08-26"},{"lineNumber":17,"author":{"gitId":"Cjun1039"},"content":"    }","lastModifiedDate":"2022-08-26"},{"lineNumber":18,"author":{"gitId":"Cjun1039"},"content":"","lastModifiedDate":"2022-08-26"},{"lineNumber":19,"author":{"gitId":"Cjun1039"},"content":"    public ArrayList\u003cTask\u003e load() {","lastModifiedDate":"2022-08-26"},{"lineNumber":20,"author":{"gitId":"Cjun1039"},"content":"        ArrayList\u003cTask\u003e res \u003d new ArrayList\u003c\u003e();","lastModifiedDate":"2022-08-26"},{"lineNumber":21,"author":{"gitId":"Cjun1039"},"content":"        try {","lastModifiedDate":"2022-08-26"},{"lineNumber":22,"author":{"gitId":"Cjun1039"},"content":"            Scanner sc \u003d new Scanner(file);","lastModifiedDate":"2022-08-26"},{"lineNumber":23,"author":{"gitId":"Cjun1039"},"content":"            while (sc.hasNext()) {","lastModifiedDate":"2022-08-26"},{"lineNumber":24,"author":{"gitId":"Cjun1039"},"content":"                res.add(fileLineToTask(sc.nextLine()));","lastModifiedDate":"2022-08-26"},{"lineNumber":25,"author":{"gitId":"Cjun1039"},"content":"            }","lastModifiedDate":"2022-08-26"},{"lineNumber":26,"author":{"gitId":"Cjun1039"},"content":"            sc.close();","lastModifiedDate":"2022-08-26"},{"lineNumber":27,"author":{"gitId":"Cjun1039"},"content":"        } catch (FileNotFoundException e) {","lastModifiedDate":"2022-08-26"},{"lineNumber":28,"author":{"gitId":"Cjun1039"},"content":"            try {","lastModifiedDate":"2022-08-26"},{"lineNumber":29,"author":{"gitId":"Cjun1039"},"content":"                Files.createDirectories(Paths.get(\"./data\"));","lastModifiedDate":"2022-08-26"},{"lineNumber":30,"author":{"gitId":"Cjun1039"},"content":"                File f \u003d new File(\"data/tasks.txt\");","lastModifiedDate":"2022-08-26"},{"lineNumber":31,"author":{"gitId":"Cjun1039"},"content":"            } catch (IOException ex) {","lastModifiedDate":"2022-08-26"},{"lineNumber":32,"author":{"gitId":"Cjun1039"},"content":"                System.out.println(\"Something went wrong: \" + e.getMessage());","lastModifiedDate":"2022-08-26"},{"lineNumber":33,"author":{"gitId":"Cjun1039"},"content":"            }","lastModifiedDate":"2022-08-26"},{"lineNumber":34,"author":{"gitId":"Cjun1039"},"content":"        }","lastModifiedDate":"2022-08-26"},{"lineNumber":35,"author":{"gitId":"Cjun1039"},"content":"        return res;","lastModifiedDate":"2022-08-26"},{"lineNumber":36,"author":{"gitId":"Cjun1039"},"content":"    }","lastModifiedDate":"2022-08-26"},{"lineNumber":37,"author":{"gitId":"Cjun1039"},"content":"","lastModifiedDate":"2022-08-26"},{"lineNumber":38,"author":{"gitId":"Cjun1039"},"content":"    public void refresh(TaskList tasks) {","lastModifiedDate":"2022-08-26"},{"lineNumber":39,"author":{"gitId":"Cjun1039"},"content":"        File temp \u003d new File(\"data/temp.txt\");","lastModifiedDate":"2022-08-26"},{"lineNumber":40,"author":{"gitId":"Cjun1039"},"content":"        try {","lastModifiedDate":"2022-08-26"},{"lineNumber":41,"author":{"gitId":"Cjun1039"},"content":"            FileWriter fw \u003d new FileWriter(temp);","lastModifiedDate":"2022-08-26"},{"lineNumber":42,"author":{"gitId":"Cjun1039"},"content":"            fw.write(tasks.toFileFormat());","lastModifiedDate":"2022-08-26"},{"lineNumber":43,"author":{"gitId":"Cjun1039"},"content":"            fw.close();","lastModifiedDate":"2022-08-26"},{"lineNumber":44,"author":{"gitId":"Cjun1039"},"content":"        } catch (IOException e) {","lastModifiedDate":"2022-08-26"},{"lineNumber":45,"author":{"gitId":"Cjun1039"},"content":"            throw new DukeException(e.getMessage());","lastModifiedDate":"2022-08-26"},{"lineNumber":46,"author":{"gitId":"Cjun1039"},"content":"        }","lastModifiedDate":"2022-08-26"},{"lineNumber":47,"author":{"gitId":"Cjun1039"},"content":"        this.file.delete();","lastModifiedDate":"2022-08-26"},{"lineNumber":48,"author":{"gitId":"Cjun1039"},"content":"        temp.renameTo(new File(\"data/tasks.txt\"));","lastModifiedDate":"2022-08-26"},{"lineNumber":49,"author":{"gitId":"Cjun1039"},"content":"        this.file \u003d temp;","lastModifiedDate":"2022-08-26"},{"lineNumber":50,"author":{"gitId":"Cjun1039"},"content":"    }","lastModifiedDate":"2022-08-26"},{"lineNumber":51,"author":{"gitId":"Cjun1039"},"content":"","lastModifiedDate":"2022-08-26"},{"lineNumber":52,"author":{"gitId":"Cjun1039"},"content":"    public void addTaskToStorage(Task task) {","lastModifiedDate":"2022-08-26"},{"lineNumber":53,"author":{"gitId":"Cjun1039"},"content":"        try {","lastModifiedDate":"2022-08-26"},{"lineNumber":54,"author":{"gitId":"Cjun1039"},"content":"            FileWriter fw \u003d new FileWriter(file);","lastModifiedDate":"2022-08-26"},{"lineNumber":55,"author":{"gitId":"Cjun1039"},"content":"            fw.write(task.toFileFormat() + System.lineSeparator());","lastModifiedDate":"2022-08-26"},{"lineNumber":56,"author":{"gitId":"Cjun1039"},"content":"            fw.close();","lastModifiedDate":"2022-08-26"},{"lineNumber":57,"author":{"gitId":"Cjun1039"},"content":"        } catch (IOException e) {","lastModifiedDate":"2022-08-26"},{"lineNumber":58,"author":{"gitId":"Cjun1039"},"content":"            throw new DukeException(e.getMessage());","lastModifiedDate":"2022-08-26"},{"lineNumber":59,"author":{"gitId":"Cjun1039"},"content":"        }","lastModifiedDate":"2022-08-26"},{"lineNumber":60,"author":{"gitId":"Cjun1039"},"content":"    }","lastModifiedDate":"2022-08-26"},{"lineNumber":61,"author":{"gitId":"Cjun1039"},"content":"","lastModifiedDate":"2022-08-26"},{"lineNumber":62,"author":{"gitId":"Cjun1039"},"content":"    private Task fileLineToTask(String fileLine) {","lastModifiedDate":"2022-08-26"},{"lineNumber":63,"author":{"gitId":"Cjun1039"},"content":"        String delimiter \u003d \" \\\\| \";","lastModifiedDate":"2022-08-26"},{"lineNumber":64,"author":{"gitId":"Cjun1039"},"content":"        String[] strings \u003d fileLine.split(delimiter, 4);","lastModifiedDate":"2022-08-26"},{"lineNumber":65,"author":{"gitId":"Cjun1039"},"content":"        boolean isDone \u003d strings[1].equals(\"1\");","lastModifiedDate":"2022-08-26"},{"lineNumber":66,"author":{"gitId":"Cjun1039"},"content":"        if (strings[0].equals(\"T\")) {","lastModifiedDate":"2022-08-26"},{"lineNumber":67,"author":{"gitId":"Cjun1039"},"content":"            return new ToDo(strings[2], isDone);","lastModifiedDate":"2022-08-26"},{"lineNumber":68,"author":{"gitId":"Cjun1039"},"content":"        } else if (strings[0].equals(\"D\")) {","lastModifiedDate":"2022-08-26"},{"lineNumber":69,"author":{"gitId":"Cjun1039"},"content":"            return new Deadline(strings[2], isDone, LocalDate.parse(strings[3]));","lastModifiedDate":"2022-08-26"},{"lineNumber":70,"author":{"gitId":"Cjun1039"},"content":"        } else {","lastModifiedDate":"2022-08-26"},{"lineNumber":71,"author":{"gitId":"Cjun1039"},"content":"            return new Event(strings[2], isDone, LocalDate.parse(strings[3]));","lastModifiedDate":"2022-08-26"},{"lineNumber":72,"author":{"gitId":"Cjun1039"},"content":"        }","lastModifiedDate":"2022-08-26"},{"lineNumber":73,"author":{"gitId":"Cjun1039"},"content":"    }","lastModifiedDate":"2022-08-26"},{"lineNumber":74,"author":{"gitId":"Cjun1039"},"content":"}","lastModifiedDate":"2022-08-26"}],"authorContributionMap":{"Cjun1039":74}},{"path":"src/main/java/duke/Ui.java","fileType":"java","lines":[{"lineNumber":1,"author":{"gitId":"Cjun1039"},"content":"package duke;","lastModifiedDate":"2022-08-26"},{"lineNumber":2,"author":{"gitId":"Cjun1039"},"content":"","lastModifiedDate":"2022-08-26"},{"lineNumber":3,"author":{"gitId":"Cjun1039"},"content":"import java.util.Scanner;","lastModifiedDate":"2022-08-26"},{"lineNumber":4,"author":{"gitId":"Cjun1039"},"content":"","lastModifiedDate":"2022-08-26"},{"lineNumber":5,"author":{"gitId":"Cjun1039"},"content":"public class Ui {","lastModifiedDate":"2022-08-26"},{"lineNumber":6,"author":{"gitId":"Cjun1039"},"content":"    private static final String SEPARATOR \u003d \"     ____________________________________________________________\\n\";","lastModifiedDate":"2022-08-26"},{"lineNumber":7,"author":{"gitId":"Cjun1039"},"content":"    private static final String INDENT \u003d \"     \";","lastModifiedDate":"2022-08-26"},{"lineNumber":8,"author":{"gitId":"Cjun1039"},"content":"    private final Scanner sc;","lastModifiedDate":"2022-08-26"},{"lineNumber":9,"author":{"gitId":"Cjun1039"},"content":"","lastModifiedDate":"2022-08-26"},{"lineNumber":10,"author":{"gitId":"Cjun1039"},"content":"    public Ui() {","lastModifiedDate":"2022-08-26"},{"lineNumber":11,"author":{"gitId":"Cjun1039"},"content":"        sc \u003d new Scanner(System.in);","lastModifiedDate":"2022-08-26"},{"lineNumber":12,"author":{"gitId":"Cjun1039"},"content":"    }","lastModifiedDate":"2022-08-26"},{"lineNumber":13,"author":{"gitId":"Cjun1039"},"content":"","lastModifiedDate":"2022-08-26"},{"lineNumber":14,"author":{"gitId":"Cjun1039"},"content":"    public void showWelcome() {","lastModifiedDate":"2022-08-26"},{"lineNumber":15,"author":{"gitId":"Cjun1039"},"content":"        dukePrint(\"Oi! I\u0027m Dook\",","lastModifiedDate":"2022-08-26"},{"lineNumber":16,"author":{"gitId":"Cjun1039"},"content":"                \"What\u0027s up?\",","lastModifiedDate":"2022-08-26"},{"lineNumber":17,"author":{"gitId":"Cjun1039"},"content":"                \"Please type your date and time in this format: yyyy-mm-dd\");","lastModifiedDate":"2022-08-26"},{"lineNumber":18,"author":{"gitId":"Cjun1039"},"content":"    }","lastModifiedDate":"2022-08-26"},{"lineNumber":19,"author":{"gitId":"Cjun1039"},"content":"","lastModifiedDate":"2022-08-26"},{"lineNumber":20,"author":{"gitId":"Cjun1039"},"content":"    public void showBye() {","lastModifiedDate":"2022-08-26"},{"lineNumber":21,"author":{"gitId":"Cjun1039"},"content":"        dukePrint(\"Bye.\", \"\u003e:)\");","lastModifiedDate":"2022-08-26"},{"lineNumber":22,"author":{"gitId":"Cjun1039"},"content":"    }","lastModifiedDate":"2022-08-26"},{"lineNumber":23,"author":{"gitId":"Cjun1039"},"content":"","lastModifiedDate":"2022-08-26"},{"lineNumber":24,"author":{"gitId":"Cjun1039"},"content":"    public void showLoadingError() {","lastModifiedDate":"2022-08-26"},{"lineNumber":25,"author":{"gitId":"Cjun1039"},"content":"        dukePrint(\"Failed to load :(\");","lastModifiedDate":"2022-08-26"},{"lineNumber":26,"author":{"gitId":"Cjun1039"},"content":"    }","lastModifiedDate":"2022-08-26"},{"lineNumber":27,"author":{"gitId":"Cjun1039"},"content":"","lastModifiedDate":"2022-08-26"},{"lineNumber":28,"author":{"gitId":"Cjun1039"},"content":"    public void showError(String msg) {","lastModifiedDate":"2022-08-26"},{"lineNumber":29,"author":{"gitId":"Cjun1039"},"content":"        dukePrint(\"Something bad happened! :O\", \"Error message: \" + msg);","lastModifiedDate":"2022-08-26"},{"lineNumber":30,"author":{"gitId":"Cjun1039"},"content":"    }","lastModifiedDate":"2022-08-26"},{"lineNumber":31,"author":{"gitId":"Cjun1039"},"content":"","lastModifiedDate":"2022-08-26"},{"lineNumber":32,"author":{"gitId":"Cjun1039"},"content":"    public void showLine() {","lastModifiedDate":"2022-08-26"},{"lineNumber":33,"author":{"gitId":"Cjun1039"},"content":"        System.out.println(SEPARATOR);","lastModifiedDate":"2022-08-26"},{"lineNumber":34,"author":{"gitId":"Cjun1039"},"content":"    }","lastModifiedDate":"2022-08-26"},{"lineNumber":35,"author":{"gitId":"Cjun1039"},"content":"","lastModifiedDate":"2022-08-26"},{"lineNumber":36,"author":{"gitId":"Cjun1039"},"content":"    public String readCommand() {","lastModifiedDate":"2022-08-26"},{"lineNumber":37,"author":{"gitId":"Cjun1039"},"content":"        return sc.nextLine();","lastModifiedDate":"2022-08-26"},{"lineNumber":38,"author":{"gitId":"Cjun1039"},"content":"    }","lastModifiedDate":"2022-08-26"},{"lineNumber":39,"author":{"gitId":"Cjun1039"},"content":"","lastModifiedDate":"2022-08-26"},{"lineNumber":40,"author":{"gitId":"Cjun1039"},"content":"    public void close() {","lastModifiedDate":"2022-08-26"},{"lineNumber":41,"author":{"gitId":"Cjun1039"},"content":"        this.sc.close();","lastModifiedDate":"2022-08-26"},{"lineNumber":42,"author":{"gitId":"Cjun1039"},"content":"    }","lastModifiedDate":"2022-08-26"},{"lineNumber":43,"author":{"gitId":"Cjun1039"},"content":"","lastModifiedDate":"2022-08-26"},{"lineNumber":44,"author":{"gitId":"Cjun1039"},"content":"    public static void dukePrint(String... lines) {","lastModifiedDate":"2022-08-26"},{"lineNumber":45,"author":{"gitId":"Cjun1039"},"content":"        StringBuilder res \u003d new StringBuilder(SEPARATOR);","lastModifiedDate":"2022-08-26"},{"lineNumber":46,"author":{"gitId":"Cjun1039"},"content":"        for (String line : lines) {","lastModifiedDate":"2022-08-26"},{"lineNumber":47,"author":{"gitId":"Cjun1039"},"content":"            res.append(INDENT).append(line).append(\"\\n\");","lastModifiedDate":"2022-08-26"},{"lineNumber":48,"author":{"gitId":"Cjun1039"},"content":"        }","lastModifiedDate":"2022-08-26"},{"lineNumber":49,"author":{"gitId":"Cjun1039"},"content":"        res.append(SEPARATOR);","lastModifiedDate":"2022-08-26"},{"lineNumber":50,"author":{"gitId":"Cjun1039"},"content":"        System.out.println(res.toString());","lastModifiedDate":"2022-08-26"},{"lineNumber":51,"author":{"gitId":"Cjun1039"},"content":"    }","lastModifiedDate":"2022-08-26"},{"lineNumber":52,"author":{"gitId":"Cjun1039"},"content":"}","lastModifiedDate":"2022-08-26"}],"authorContributionMap":{"Cjun1039":52}},{"path":"src/main/java/duke/command/AddCommand.java","fileType":"java","lines":[{"lineNumber":1,"author":{"gitId":"Cjun1039"},"content":"package duke.command;","lastModifiedDate":"2022-08-26"},{"lineNumber":2,"author":{"gitId":"Cjun1039"},"content":"","lastModifiedDate":"2022-08-26"},{"lineNumber":3,"author":{"gitId":"Cjun1039"},"content":"import duke.*;","lastModifiedDate":"2022-08-26"},{"lineNumber":4,"author":{"gitId":"Cjun1039"},"content":"import duke.task.Deadline;","lastModifiedDate":"2022-08-26"},{"lineNumber":5,"author":{"gitId":"Cjun1039"},"content":"import duke.task.Task;","lastModifiedDate":"2022-08-26"},{"lineNumber":6,"author":{"gitId":"Cjun1039"},"content":"import duke.task.TaskList;","lastModifiedDate":"2022-08-26"},{"lineNumber":7,"author":{"gitId":"Cjun1039"},"content":"import duke.task.ToDo;","lastModifiedDate":"2022-08-26"},{"lineNumber":8,"author":{"gitId":"Cjun1039"},"content":"","lastModifiedDate":"2022-08-26"},{"lineNumber":9,"author":{"gitId":"Cjun1039"},"content":"public class AddCommand implements Command{","lastModifiedDate":"2022-08-26"},{"lineNumber":10,"author":{"gitId":"Cjun1039"},"content":"    String[] inputs;","lastModifiedDate":"2022-08-26"},{"lineNumber":11,"author":{"gitId":"Cjun1039"},"content":"    String commandType;","lastModifiedDate":"2022-08-26"},{"lineNumber":12,"author":{"gitId":"Cjun1039"},"content":"","lastModifiedDate":"2022-08-26"},{"lineNumber":13,"author":{"gitId":"Cjun1039"},"content":"    public AddCommand(String[] inputs) {","lastModifiedDate":"2022-08-26"},{"lineNumber":14,"author":{"gitId":"Cjun1039"},"content":"        this.inputs \u003d inputs;","lastModifiedDate":"2022-08-26"},{"lineNumber":15,"author":{"gitId":"Cjun1039"},"content":"        commandType \u003d inputs[0].toUpperCase();","lastModifiedDate":"2022-08-26"},{"lineNumber":16,"author":{"gitId":"Cjun1039"},"content":"    }","lastModifiedDate":"2022-08-26"},{"lineNumber":17,"author":{"gitId":"Cjun1039"},"content":"","lastModifiedDate":"2022-08-26"},{"lineNumber":18,"author":{"gitId":"Cjun1039"},"content":"    @Override","lastModifiedDate":"2022-08-26"},{"lineNumber":19,"author":{"gitId":"Cjun1039"},"content":"    public void execute(TaskList tasks, Ui ui, Storage storage) throws DukeException {","lastModifiedDate":"2022-08-26"},{"lineNumber":20,"author":{"gitId":"Cjun1039"},"content":"        Task task;","lastModifiedDate":"2022-08-26"},{"lineNumber":21,"author":{"gitId":"Cjun1039"},"content":"        switch(commandType) {","lastModifiedDate":"2022-08-26"},{"lineNumber":22,"author":{"gitId":"Cjun1039"},"content":"            case \"TODO\":","lastModifiedDate":"2022-08-26"},{"lineNumber":23,"author":{"gitId":"Cjun1039"},"content":"                task \u003d new ToDo(Parser.getDescription(inputs, null, false), false);","lastModifiedDate":"2022-08-26"},{"lineNumber":24,"author":{"gitId":"Cjun1039"},"content":"                break;","lastModifiedDate":"2022-08-26"},{"lineNumber":25,"author":{"gitId":"Cjun1039"},"content":"            case \"DEADLINE\":","lastModifiedDate":"2022-08-26"},{"lineNumber":26,"author":{"gitId":"Cjun1039"},"content":"                task \u003d new Deadline(Parser.getDescription(inputs, \"/by\", true),","lastModifiedDate":"2022-08-26"},{"lineNumber":27,"author":{"gitId":"Cjun1039"},"content":"                        false,","lastModifiedDate":"2022-08-26"},{"lineNumber":28,"author":{"gitId":"Cjun1039"},"content":"                        Parser.getTime(inputs, \"/by\"));","lastModifiedDate":"2022-08-26"},{"lineNumber":29,"author":{"gitId":"Cjun1039"},"content":"                break;","lastModifiedDate":"2022-08-26"},{"lineNumber":30,"author":{"gitId":"Cjun1039"},"content":"            case \"EVENT\":","lastModifiedDate":"2022-08-26"},{"lineNumber":31,"author":{"gitId":"Cjun1039"},"content":"                task \u003d new Deadline(Parser.getDescription(inputs, \"/at\", true),","lastModifiedDate":"2022-08-26"},{"lineNumber":32,"author":{"gitId":"Cjun1039"},"content":"                        false,","lastModifiedDate":"2022-08-26"},{"lineNumber":33,"author":{"gitId":"Cjun1039"},"content":"                        Parser.getTime(inputs, \"/at\"));","lastModifiedDate":"2022-08-26"},{"lineNumber":34,"author":{"gitId":"Cjun1039"},"content":"                break;","lastModifiedDate":"2022-08-26"},{"lineNumber":35,"author":{"gitId":"Cjun1039"},"content":"            default:","lastModifiedDate":"2022-08-26"},{"lineNumber":36,"author":{"gitId":"Cjun1039"},"content":"                throw new DukeException();","lastModifiedDate":"2022-08-26"},{"lineNumber":37,"author":{"gitId":"Cjun1039"},"content":"        }","lastModifiedDate":"2022-08-26"},{"lineNumber":38,"author":{"gitId":"Cjun1039"},"content":"        Ui.dukePrint(tasks.add(task));","lastModifiedDate":"2022-08-26"},{"lineNumber":39,"author":{"gitId":"Cjun1039"},"content":"        storage.addTaskToStorage(task);","lastModifiedDate":"2022-08-26"},{"lineNumber":40,"author":{"gitId":"Cjun1039"},"content":"    }","lastModifiedDate":"2022-08-26"},{"lineNumber":41,"author":{"gitId":"Cjun1039"},"content":"","lastModifiedDate":"2022-08-26"},{"lineNumber":42,"author":{"gitId":"Cjun1039"},"content":"    @Override","lastModifiedDate":"2022-08-26"},{"lineNumber":43,"author":{"gitId":"Cjun1039"},"content":"    public boolean isExit() {","lastModifiedDate":"2022-08-26"},{"lineNumber":44,"author":{"gitId":"Cjun1039"},"content":"        return false;","lastModifiedDate":"2022-08-26"},{"lineNumber":45,"author":{"gitId":"Cjun1039"},"content":"    }","lastModifiedDate":"2022-08-26"},{"lineNumber":46,"author":{"gitId":"Cjun1039"},"content":"}","lastModifiedDate":"2022-08-26"}],"authorContributionMap":{"Cjun1039":46}},{"path":"src/main/java/duke/command/Command.java","fileType":"java","lines":[{"lineNumber":1,"author":{"gitId":"Cjun1039"},"content":"package duke.command;","lastModifiedDate":"2022-08-26"},{"lineNumber":2,"author":{"gitId":"Cjun1039"},"content":"","lastModifiedDate":"2022-08-26"},{"lineNumber":3,"author":{"gitId":"Cjun1039"},"content":"import duke.Storage;","lastModifiedDate":"2022-08-26"},{"lineNumber":4,"author":{"gitId":"Cjun1039"},"content":"import duke.task.TaskList;","lastModifiedDate":"2022-08-26"},{"lineNumber":5,"author":{"gitId":"Cjun1039"},"content":"import duke.Ui;","lastModifiedDate":"2022-08-26"},{"lineNumber":6,"author":{"gitId":"Cjun1039"},"content":"","lastModifiedDate":"2022-08-26"},{"lineNumber":7,"author":{"gitId":"Cjun1039"},"content":"public interface Command {","lastModifiedDate":"2022-08-26"},{"lineNumber":8,"author":{"gitId":"Cjun1039"},"content":"","lastModifiedDate":"2022-08-26"},{"lineNumber":9,"author":{"gitId":"Cjun1039"},"content":"    void execute(TaskList tasks, Ui ui, Storage storage);","lastModifiedDate":"2022-08-26"},{"lineNumber":10,"author":{"gitId":"Cjun1039"},"content":"    boolean isExit();","lastModifiedDate":"2022-08-26"},{"lineNumber":11,"author":{"gitId":"Cjun1039"},"content":"","lastModifiedDate":"2022-08-26"},{"lineNumber":12,"author":{"gitId":"Cjun1039"},"content":"}","lastModifiedDate":"2022-08-26"}],"authorContributionMap":{"Cjun1039":12}},{"path":"src/main/java/duke/command/DeleteCommand.java","fileType":"java","lines":[{"lineNumber":1,"author":{"gitId":"Cjun1039"},"content":"package duke.command;","lastModifiedDate":"2022-08-26"},{"lineNumber":2,"author":{"gitId":"Cjun1039"},"content":"","lastModifiedDate":"2022-08-26"},{"lineNumber":3,"author":{"gitId":"Cjun1039"},"content":"import duke.Storage;","lastModifiedDate":"2022-08-26"},{"lineNumber":4,"author":{"gitId":"Cjun1039"},"content":"import duke.task.TaskList;","lastModifiedDate":"2022-08-26"},{"lineNumber":5,"author":{"gitId":"Cjun1039"},"content":"import duke.Ui;","lastModifiedDate":"2022-08-26"},{"lineNumber":6,"author":{"gitId":"Cjun1039"},"content":"","lastModifiedDate":"2022-08-26"},{"lineNumber":7,"author":{"gitId":"Cjun1039"},"content":"public class DeleteCommand implements Command{","lastModifiedDate":"2022-08-26"},{"lineNumber":8,"author":{"gitId":"Cjun1039"},"content":"","lastModifiedDate":"2022-08-26"},{"lineNumber":9,"author":{"gitId":"Cjun1039"},"content":"    private final int toDelete;","lastModifiedDate":"2022-08-26"},{"lineNumber":10,"author":{"gitId":"Cjun1039"},"content":"","lastModifiedDate":"2022-08-26"},{"lineNumber":11,"author":{"gitId":"Cjun1039"},"content":"    public DeleteCommand(int toDelete) {","lastModifiedDate":"2022-08-26"},{"lineNumber":12,"author":{"gitId":"Cjun1039"},"content":"        this.toDelete \u003d toDelete;","lastModifiedDate":"2022-08-26"},{"lineNumber":13,"author":{"gitId":"Cjun1039"},"content":"    }","lastModifiedDate":"2022-08-26"},{"lineNumber":14,"author":{"gitId":"Cjun1039"},"content":"","lastModifiedDate":"2022-08-26"},{"lineNumber":15,"author":{"gitId":"Cjun1039"},"content":"    @Override","lastModifiedDate":"2022-08-26"},{"lineNumber":16,"author":{"gitId":"Cjun1039"},"content":"    public void execute(TaskList tasks, Ui ui, Storage storage) {","lastModifiedDate":"2022-08-26"},{"lineNumber":17,"author":{"gitId":"Cjun1039"},"content":"        Ui.dukePrint(tasks.delete(toDelete));","lastModifiedDate":"2022-08-26"},{"lineNumber":18,"author":{"gitId":"Cjun1039"},"content":"        storage.refresh(tasks);","lastModifiedDate":"2022-08-26"},{"lineNumber":19,"author":{"gitId":"Cjun1039"},"content":"    }","lastModifiedDate":"2022-08-26"},{"lineNumber":20,"author":{"gitId":"Cjun1039"},"content":"","lastModifiedDate":"2022-08-26"},{"lineNumber":21,"author":{"gitId":"Cjun1039"},"content":"    @Override","lastModifiedDate":"2022-08-26"},{"lineNumber":22,"author":{"gitId":"Cjun1039"},"content":"    public boolean isExit() {","lastModifiedDate":"2022-08-26"},{"lineNumber":23,"author":{"gitId":"Cjun1039"},"content":"        return false;","lastModifiedDate":"2022-08-26"},{"lineNumber":24,"author":{"gitId":"Cjun1039"},"content":"    }","lastModifiedDate":"2022-08-26"},{"lineNumber":25,"author":{"gitId":"Cjun1039"},"content":"}","lastModifiedDate":"2022-08-26"}],"authorContributionMap":{"Cjun1039":25}},{"path":"src/main/java/duke/command/ExitCommand.java","fileType":"java","lines":[{"lineNumber":1,"author":{"gitId":"Cjun1039"},"content":"package duke.command;","lastModifiedDate":"2022-08-26"},{"lineNumber":2,"author":{"gitId":"Cjun1039"},"content":"","lastModifiedDate":"2022-08-26"},{"lineNumber":3,"author":{"gitId":"Cjun1039"},"content":"import duke.Storage;","lastModifiedDate":"2022-08-26"},{"lineNumber":4,"author":{"gitId":"Cjun1039"},"content":"import duke.task.TaskList;","lastModifiedDate":"2022-08-26"},{"lineNumber":5,"author":{"gitId":"Cjun1039"},"content":"import duke.Ui;","lastModifiedDate":"2022-08-26"},{"lineNumber":6,"author":{"gitId":"Cjun1039"},"content":"","lastModifiedDate":"2022-08-26"},{"lineNumber":7,"author":{"gitId":"Cjun1039"},"content":"public class ExitCommand implements Command {","lastModifiedDate":"2022-08-26"},{"lineNumber":8,"author":{"gitId":"Cjun1039"},"content":"","lastModifiedDate":"2022-08-26"},{"lineNumber":9,"author":{"gitId":"Cjun1039"},"content":"    @Override","lastModifiedDate":"2022-08-26"},{"lineNumber":10,"author":{"gitId":"Cjun1039"},"content":"    public void execute(TaskList tasks, Ui ui, Storage storage) {","lastModifiedDate":"2022-08-26"},{"lineNumber":11,"author":{"gitId":"Cjun1039"},"content":"        ui.close();","lastModifiedDate":"2022-08-26"},{"lineNumber":12,"author":{"gitId":"Cjun1039"},"content":"        ui.showBye();","lastModifiedDate":"2022-08-26"},{"lineNumber":13,"author":{"gitId":"Cjun1039"},"content":"    }","lastModifiedDate":"2022-08-26"},{"lineNumber":14,"author":{"gitId":"Cjun1039"},"content":"","lastModifiedDate":"2022-08-26"},{"lineNumber":15,"author":{"gitId":"Cjun1039"},"content":"    @Override","lastModifiedDate":"2022-08-26"},{"lineNumber":16,"author":{"gitId":"Cjun1039"},"content":"    public boolean isExit() {","lastModifiedDate":"2022-08-26"},{"lineNumber":17,"author":{"gitId":"Cjun1039"},"content":"        return true;","lastModifiedDate":"2022-08-26"},{"lineNumber":18,"author":{"gitId":"Cjun1039"},"content":"    }","lastModifiedDate":"2022-08-26"},{"lineNumber":19,"author":{"gitId":"Cjun1039"},"content":"}","lastModifiedDate":"2022-08-26"}],"authorContributionMap":{"Cjun1039":19}},{"path":"src/main/java/duke/command/ListCommand.java","fileType":"java","lines":[{"lineNumber":1,"author":{"gitId":"Cjun1039"},"content":"package duke.command;","lastModifiedDate":"2022-08-26"},{"lineNumber":2,"author":{"gitId":"Cjun1039"},"content":"","lastModifiedDate":"2022-08-26"},{"lineNumber":3,"author":{"gitId":"Cjun1039"},"content":"import duke.Storage;","lastModifiedDate":"2022-08-26"},{"lineNumber":4,"author":{"gitId":"Cjun1039"},"content":"import duke.task.TaskList;","lastModifiedDate":"2022-08-26"},{"lineNumber":5,"author":{"gitId":"Cjun1039"},"content":"import duke.Ui;","lastModifiedDate":"2022-08-26"},{"lineNumber":6,"author":{"gitId":"Cjun1039"},"content":"","lastModifiedDate":"2022-08-26"},{"lineNumber":7,"author":{"gitId":"Cjun1039"},"content":"public class ListCommand implements Command{","lastModifiedDate":"2022-08-26"},{"lineNumber":8,"author":{"gitId":"Cjun1039"},"content":"","lastModifiedDate":"2022-08-26"},{"lineNumber":9,"author":{"gitId":"Cjun1039"},"content":"    @Override","lastModifiedDate":"2022-08-26"},{"lineNumber":10,"author":{"gitId":"Cjun1039"},"content":"    public void execute(TaskList tasks, Ui ui, Storage storage) {","lastModifiedDate":"2022-08-26"},{"lineNumber":11,"author":{"gitId":"Cjun1039"},"content":"        Ui.dukePrint(tasks.list());","lastModifiedDate":"2022-08-26"},{"lineNumber":12,"author":{"gitId":"Cjun1039"},"content":"    }","lastModifiedDate":"2022-08-26"},{"lineNumber":13,"author":{"gitId":"Cjun1039"},"content":"","lastModifiedDate":"2022-08-26"},{"lineNumber":14,"author":{"gitId":"Cjun1039"},"content":"    @Override","lastModifiedDate":"2022-08-26"},{"lineNumber":15,"author":{"gitId":"Cjun1039"},"content":"    public boolean isExit() {","lastModifiedDate":"2022-08-26"},{"lineNumber":16,"author":{"gitId":"Cjun1039"},"content":"        return false;","lastModifiedDate":"2022-08-26"},{"lineNumber":17,"author":{"gitId":"Cjun1039"},"content":"    }","lastModifiedDate":"2022-08-26"},{"lineNumber":18,"author":{"gitId":"Cjun1039"},"content":"}","lastModifiedDate":"2022-08-26"}],"authorContributionMap":{"Cjun1039":18}},{"path":"src/main/java/duke/command/MarkCommand.java","fileType":"java","lines":[{"lineNumber":1,"author":{"gitId":"Cjun1039"},"content":"package duke.command;","lastModifiedDate":"2022-08-26"},{"lineNumber":2,"author":{"gitId":"Cjun1039"},"content":"","lastModifiedDate":"2022-08-26"},{"lineNumber":3,"author":{"gitId":"Cjun1039"},"content":"import duke.Storage;","lastModifiedDate":"2022-08-26"},{"lineNumber":4,"author":{"gitId":"Cjun1039"},"content":"import duke.task.TaskList;","lastModifiedDate":"2022-08-26"},{"lineNumber":5,"author":{"gitId":"Cjun1039"},"content":"import duke.Ui;","lastModifiedDate":"2022-08-26"},{"lineNumber":6,"author":{"gitId":"Cjun1039"},"content":"","lastModifiedDate":"2022-08-26"},{"lineNumber":7,"author":{"gitId":"Cjun1039"},"content":"public class MarkCommand implements Command{","lastModifiedDate":"2022-08-26"},{"lineNumber":8,"author":{"gitId":"Cjun1039"},"content":"    private final int toMark;","lastModifiedDate":"2022-08-26"},{"lineNumber":9,"author":{"gitId":"Cjun1039"},"content":"","lastModifiedDate":"2022-08-26"},{"lineNumber":10,"author":{"gitId":"Cjun1039"},"content":"    public MarkCommand(int toMark) {","lastModifiedDate":"2022-08-26"},{"lineNumber":11,"author":{"gitId":"Cjun1039"},"content":"        this.toMark \u003d toMark;","lastModifiedDate":"2022-08-26"},{"lineNumber":12,"author":{"gitId":"Cjun1039"},"content":"    }","lastModifiedDate":"2022-08-26"},{"lineNumber":13,"author":{"gitId":"Cjun1039"},"content":"","lastModifiedDate":"2022-08-26"},{"lineNumber":14,"author":{"gitId":"Cjun1039"},"content":"    @Override","lastModifiedDate":"2022-08-26"},{"lineNumber":15,"author":{"gitId":"Cjun1039"},"content":"    public void execute(TaskList tasks, Ui ui, Storage storage) {","lastModifiedDate":"2022-08-26"},{"lineNumber":16,"author":{"gitId":"Cjun1039"},"content":"        Ui.dukePrint(tasks.mark(toMark));","lastModifiedDate":"2022-08-26"},{"lineNumber":17,"author":{"gitId":"Cjun1039"},"content":"        storage.refresh(tasks);","lastModifiedDate":"2022-08-26"},{"lineNumber":18,"author":{"gitId":"Cjun1039"},"content":"    }","lastModifiedDate":"2022-08-26"},{"lineNumber":19,"author":{"gitId":"Cjun1039"},"content":"","lastModifiedDate":"2022-08-26"},{"lineNumber":20,"author":{"gitId":"Cjun1039"},"content":"    @Override","lastModifiedDate":"2022-08-26"},{"lineNumber":21,"author":{"gitId":"Cjun1039"},"content":"    public boolean isExit() {","lastModifiedDate":"2022-08-26"},{"lineNumber":22,"author":{"gitId":"Cjun1039"},"content":"        return false;","lastModifiedDate":"2022-08-26"},{"lineNumber":23,"author":{"gitId":"Cjun1039"},"content":"    }","lastModifiedDate":"2022-08-26"},{"lineNumber":24,"author":{"gitId":"Cjun1039"},"content":"}","lastModifiedDate":"2022-08-26"}],"authorContributionMap":{"Cjun1039":24}},{"path":"src/main/java/duke/command/UnmarkCommand.java","fileType":"java","lines":[{"lineNumber":1,"author":{"gitId":"Cjun1039"},"content":"package duke.command;","lastModifiedDate":"2022-08-26"},{"lineNumber":2,"author":{"gitId":"Cjun1039"},"content":"","lastModifiedDate":"2022-08-26"},{"lineNumber":3,"author":{"gitId":"Cjun1039"},"content":"import duke.Storage;","lastModifiedDate":"2022-08-26"},{"lineNumber":4,"author":{"gitId":"Cjun1039"},"content":"import duke.task.TaskList;","lastModifiedDate":"2022-08-26"},{"lineNumber":5,"author":{"gitId":"Cjun1039"},"content":"import duke.Ui;","lastModifiedDate":"2022-08-26"},{"lineNumber":6,"author":{"gitId":"Cjun1039"},"content":"","lastModifiedDate":"2022-08-26"},{"lineNumber":7,"author":{"gitId":"Cjun1039"},"content":"public class UnmarkCommand implements Command{","lastModifiedDate":"2022-08-26"},{"lineNumber":8,"author":{"gitId":"Cjun1039"},"content":"","lastModifiedDate":"2022-08-26"},{"lineNumber":9,"author":{"gitId":"Cjun1039"},"content":"    private final int toUnmark;","lastModifiedDate":"2022-08-26"},{"lineNumber":10,"author":{"gitId":"Cjun1039"},"content":"","lastModifiedDate":"2022-08-26"},{"lineNumber":11,"author":{"gitId":"Cjun1039"},"content":"    public UnmarkCommand(int toUnmark) {","lastModifiedDate":"2022-08-26"},{"lineNumber":12,"author":{"gitId":"Cjun1039"},"content":"        this.toUnmark \u003d toUnmark;","lastModifiedDate":"2022-08-26"},{"lineNumber":13,"author":{"gitId":"Cjun1039"},"content":"    }","lastModifiedDate":"2022-08-26"},{"lineNumber":14,"author":{"gitId":"Cjun1039"},"content":"","lastModifiedDate":"2022-08-26"},{"lineNumber":15,"author":{"gitId":"Cjun1039"},"content":"    @Override","lastModifiedDate":"2022-08-26"},{"lineNumber":16,"author":{"gitId":"Cjun1039"},"content":"    public void execute(TaskList tasks, Ui ui, Storage storage) {","lastModifiedDate":"2022-08-26"},{"lineNumber":17,"author":{"gitId":"Cjun1039"},"content":"        Ui.dukePrint(tasks.unmark(toUnmark));","lastModifiedDate":"2022-08-26"},{"lineNumber":18,"author":{"gitId":"Cjun1039"},"content":"        storage.refresh(tasks);","lastModifiedDate":"2022-08-26"},{"lineNumber":19,"author":{"gitId":"Cjun1039"},"content":"    }","lastModifiedDate":"2022-08-26"},{"lineNumber":20,"author":{"gitId":"Cjun1039"},"content":"","lastModifiedDate":"2022-08-26"},{"lineNumber":21,"author":{"gitId":"Cjun1039"},"content":"    @Override","lastModifiedDate":"2022-08-26"},{"lineNumber":22,"author":{"gitId":"Cjun1039"},"content":"    public boolean isExit() {","lastModifiedDate":"2022-08-26"},{"lineNumber":23,"author":{"gitId":"Cjun1039"},"content":"        return false;","lastModifiedDate":"2022-08-26"},{"lineNumber":24,"author":{"gitId":"Cjun1039"},"content":"    }","lastModifiedDate":"2022-08-26"},{"lineNumber":25,"author":{"gitId":"Cjun1039"},"content":"}","lastModifiedDate":"2022-08-26"}],"authorContributionMap":{"Cjun1039":25}},{"path":"src/main/java/duke/task/Deadline.java","fileType":"java","lines":[{"lineNumber":1,"author":{"gitId":"Cjun1039"},"content":"package duke.task;","lastModifiedDate":"2022-08-26"},{"lineNumber":2,"author":{"gitId":"Cjun1039"},"content":"","lastModifiedDate":"2022-08-26"},{"lineNumber":3,"author":{"gitId":"Cjun1039"},"content":"import java.time.LocalDate;","lastModifiedDate":"2022-08-25"},{"lineNumber":4,"author":{"gitId":"Cjun1039"},"content":"import java.time.format.DateTimeFormatter;","lastModifiedDate":"2022-08-25"},{"lineNumber":5,"author":{"gitId":"Cjun1039"},"content":"","lastModifiedDate":"2022-08-25"},{"lineNumber":6,"author":{"gitId":"Cjun1039"},"content":"public class Deadline extends Task {","lastModifiedDate":"2022-08-18"},{"lineNumber":7,"author":{"gitId":"Cjun1039"},"content":"    public LocalDate by;","lastModifiedDate":"2022-08-25"},{"lineNumber":8,"author":{"gitId":"Cjun1039"},"content":"","lastModifiedDate":"2022-08-18"},{"lineNumber":9,"author":{"gitId":"Cjun1039"},"content":"    public Deadline(String description, boolean isDone, LocalDate by) {","lastModifiedDate":"2022-08-25"},{"lineNumber":10,"author":{"gitId":"Cjun1039"},"content":"        super(description, isDone);","lastModifiedDate":"2022-08-25"},{"lineNumber":11,"author":{"gitId":"Cjun1039"},"content":"        this.by \u003d by;","lastModifiedDate":"2022-08-18"},{"lineNumber":12,"author":{"gitId":"Cjun1039"},"content":"    }","lastModifiedDate":"2022-08-18"},{"lineNumber":13,"author":{"gitId":"Cjun1039"},"content":"","lastModifiedDate":"2022-08-18"},{"lineNumber":14,"author":{"gitId":"Cjun1039"},"content":"    public String toFileFormat() {","lastModifiedDate":"2022-08-26"},{"lineNumber":15,"author":{"gitId":"Cjun1039"},"content":"        String isDone \u003d this.isDone ? \"1\" : \"0\";","lastModifiedDate":"2022-08-25"},{"lineNumber":16,"author":{"gitId":"Cjun1039"},"content":"        return \"D | \" + isDone + \" | \" + this.description + \" | \" + this.by;","lastModifiedDate":"2022-08-25"},{"lineNumber":17,"author":{"gitId":"Cjun1039"},"content":"    }","lastModifiedDate":"2022-08-25"},{"lineNumber":18,"author":{"gitId":"Cjun1039"},"content":"","lastModifiedDate":"2022-08-25"},{"lineNumber":19,"author":{"gitId":"Cjun1039"},"content":"    @Override","lastModifiedDate":"2022-08-18"},{"lineNumber":20,"author":{"gitId":"Cjun1039"},"content":"    public String toString() {","lastModifiedDate":"2022-08-18"},{"lineNumber":21,"author":{"gitId":"Cjun1039"},"content":"        return \"[D]\"","lastModifiedDate":"2022-08-25"},{"lineNumber":22,"author":{"gitId":"Cjun1039"},"content":"                + super.toString()","lastModifiedDate":"2022-08-25"},{"lineNumber":23,"author":{"gitId":"Cjun1039"},"content":"                + \" (by: \"","lastModifiedDate":"2022-08-25"},{"lineNumber":24,"author":{"gitId":"Cjun1039"},"content":"                + by.format(DateTimeFormatter.ofPattern(\"MMM d yyyy\"))","lastModifiedDate":"2022-08-25"},{"lineNumber":25,"author":{"gitId":"Cjun1039"},"content":"                + \")\";","lastModifiedDate":"2022-08-25"},{"lineNumber":26,"author":{"gitId":"Cjun1039"},"content":"    }","lastModifiedDate":"2022-08-18"},{"lineNumber":27,"author":{"gitId":"Cjun1039"},"content":"","lastModifiedDate":"2022-08-18"},{"lineNumber":28,"author":{"gitId":"Cjun1039"},"content":"}","lastModifiedDate":"2022-08-18"}],"authorContributionMap":{"Cjun1039":28}},{"path":"src/main/java/duke/task/Event.java","fileType":"java","lines":[{"lineNumber":1,"author":{"gitId":"Cjun1039"},"content":"package duke.task;","lastModifiedDate":"2022-08-26"},{"lineNumber":2,"author":{"gitId":"Cjun1039"},"content":"","lastModifiedDate":"2022-08-26"},{"lineNumber":3,"author":{"gitId":"Cjun1039"},"content":"import java.time.LocalDate;","lastModifiedDate":"2022-08-25"},{"lineNumber":4,"author":{"gitId":"Cjun1039"},"content":"import java.time.format.DateTimeFormatter;","lastModifiedDate":"2022-08-25"},{"lineNumber":5,"author":{"gitId":"Cjun1039"},"content":"","lastModifiedDate":"2022-08-25"},{"lineNumber":6,"author":{"gitId":"Cjun1039"},"content":"public class Event extends Task {","lastModifiedDate":"2022-08-18"},{"lineNumber":7,"author":{"gitId":"Cjun1039"},"content":"    protected LocalDate at;","lastModifiedDate":"2022-08-25"},{"lineNumber":8,"author":{"gitId":"Cjun1039"},"content":"","lastModifiedDate":"2022-08-18"},{"lineNumber":9,"author":{"gitId":"Cjun1039"},"content":"    public Event(String description, boolean isDone, LocalDate at) {","lastModifiedDate":"2022-08-25"},{"lineNumber":10,"author":{"gitId":"Cjun1039"},"content":"        super(description, isDone);","lastModifiedDate":"2022-08-25"},{"lineNumber":11,"author":{"gitId":"Cjun1039"},"content":"        this.at \u003d at;","lastModifiedDate":"2022-08-18"},{"lineNumber":12,"author":{"gitId":"Cjun1039"},"content":"    }","lastModifiedDate":"2022-08-18"},{"lineNumber":13,"author":{"gitId":"Cjun1039"},"content":"","lastModifiedDate":"2022-08-18"},{"lineNumber":14,"author":{"gitId":"Cjun1039"},"content":"    public String toFileFormat() {","lastModifiedDate":"2022-08-26"},{"lineNumber":15,"author":{"gitId":"Cjun1039"},"content":"        String isDone \u003d this.isDone ? \"1\" : \"0\";","lastModifiedDate":"2022-08-25"},{"lineNumber":16,"author":{"gitId":"Cjun1039"},"content":"        return \"E | \" + isDone + \" | \" + this.description + \" | \" + this.at;","lastModifiedDate":"2022-08-25"},{"lineNumber":17,"author":{"gitId":"Cjun1039"},"content":"    }","lastModifiedDate":"2022-08-25"},{"lineNumber":18,"author":{"gitId":"Cjun1039"},"content":"","lastModifiedDate":"2022-08-25"},{"lineNumber":19,"author":{"gitId":"Cjun1039"},"content":"    @Override","lastModifiedDate":"2022-08-18"},{"lineNumber":20,"author":{"gitId":"Cjun1039"},"content":"    public String toString() {","lastModifiedDate":"2022-08-18"},{"lineNumber":21,"author":{"gitId":"Cjun1039"},"content":"        return \"[E]\"","lastModifiedDate":"2022-08-25"},{"lineNumber":22,"author":{"gitId":"Cjun1039"},"content":"                + super.toString()","lastModifiedDate":"2022-08-25"},{"lineNumber":23,"author":{"gitId":"Cjun1039"},"content":"                + \" (at: \"","lastModifiedDate":"2022-08-25"},{"lineNumber":24,"author":{"gitId":"Cjun1039"},"content":"                + at.format(DateTimeFormatter.ofPattern(\"MMM d yyyy\"))","lastModifiedDate":"2022-08-25"},{"lineNumber":25,"author":{"gitId":"Cjun1039"},"content":"                + \")\";","lastModifiedDate":"2022-08-25"},{"lineNumber":26,"author":{"gitId":"Cjun1039"},"content":"    }","lastModifiedDate":"2022-08-18"},{"lineNumber":27,"author":{"gitId":"Cjun1039"},"content":"","lastModifiedDate":"2022-08-18"},{"lineNumber":28,"author":{"gitId":"Cjun1039"},"content":"}","lastModifiedDate":"2022-08-18"}],"authorContributionMap":{"Cjun1039":28}},{"path":"src/main/java/duke/task/Task.java","fileType":"java","lines":[{"lineNumber":1,"author":{"gitId":"Cjun1039"},"content":"package duke.task;","lastModifiedDate":"2022-08-26"},{"lineNumber":2,"author":{"gitId":"Cjun1039"},"content":"","lastModifiedDate":"2022-08-26"},{"lineNumber":3,"author":{"gitId":"Cjun1039"},"content":"import java.time.LocalDate;","lastModifiedDate":"2022-08-25"},{"lineNumber":4,"author":{"gitId":"Cjun1039"},"content":"","lastModifiedDate":"2022-08-25"},{"lineNumber":5,"author":{"gitId":"Cjun1039"},"content":"public abstract class Task {","lastModifiedDate":"2022-08-18"},{"lineNumber":6,"author":{"gitId":"Cjun1039"},"content":"    protected final String description;","lastModifiedDate":"2022-08-18"},{"lineNumber":7,"author":{"gitId":"Cjun1039"},"content":"    protected boolean isDone;","lastModifiedDate":"2022-08-18"},{"lineNumber":8,"author":{"gitId":"Cjun1039"},"content":"","lastModifiedDate":"2022-08-17"},{"lineNumber":9,"author":{"gitId":"Cjun1039"},"content":"    public Task(String description, boolean isDone) {","lastModifiedDate":"2022-08-25"},{"lineNumber":10,"author":{"gitId":"Cjun1039"},"content":"        this.description \u003d description;","lastModifiedDate":"2022-08-17"},{"lineNumber":11,"author":{"gitId":"Cjun1039"},"content":"        this.isDone \u003d isDone;","lastModifiedDate":"2022-08-25"},{"lineNumber":12,"author":{"gitId":"Cjun1039"},"content":"    }","lastModifiedDate":"2022-08-17"},{"lineNumber":13,"author":{"gitId":"Cjun1039"},"content":"","lastModifiedDate":"2022-08-17"},{"lineNumber":14,"author":{"gitId":"Cjun1039"},"content":"    public String getStatusIcon() {","lastModifiedDate":"2022-08-17"},{"lineNumber":15,"author":{"gitId":"Cjun1039"},"content":"        return (isDone ? \"X\" : \" \"); // mark done task with X","lastModifiedDate":"2022-08-17"},{"lineNumber":16,"author":{"gitId":"Cjun1039"},"content":"    }","lastModifiedDate":"2022-08-17"},{"lineNumber":17,"author":{"gitId":"Cjun1039"},"content":"","lastModifiedDate":"2022-08-17"},{"lineNumber":18,"author":{"gitId":"Cjun1039"},"content":"    public void mark() {","lastModifiedDate":"2022-08-17"},{"lineNumber":19,"author":{"gitId":"Cjun1039"},"content":"        this.isDone \u003d true;","lastModifiedDate":"2022-08-17"},{"lineNumber":20,"author":{"gitId":"Cjun1039"},"content":"    }","lastModifiedDate":"2022-08-17"},{"lineNumber":21,"author":{"gitId":"Cjun1039"},"content":"","lastModifiedDate":"2022-08-17"},{"lineNumber":22,"author":{"gitId":"Cjun1039"},"content":"    public void unmark() {","lastModifiedDate":"2022-08-17"},{"lineNumber":23,"author":{"gitId":"Cjun1039"},"content":"        this.isDone \u003d false;","lastModifiedDate":"2022-08-17"},{"lineNumber":24,"author":{"gitId":"Cjun1039"},"content":"    }","lastModifiedDate":"2022-08-17"},{"lineNumber":25,"author":{"gitId":"Cjun1039"},"content":"","lastModifiedDate":"2022-08-17"},{"lineNumber":26,"author":{"gitId":"Cjun1039"},"content":"    public String toStringWithIndex(int index) {","lastModifiedDate":"2022-08-18"},{"lineNumber":27,"author":{"gitId":"Cjun1039"},"content":"        return index + \".\" + this.toString();","lastModifiedDate":"2022-08-18"},{"lineNumber":28,"author":{"gitId":"Cjun1039"},"content":"    }","lastModifiedDate":"2022-08-17"},{"lineNumber":29,"author":{"gitId":"Cjun1039"},"content":"","lastModifiedDate":"2022-08-17"},{"lineNumber":30,"author":{"gitId":"Cjun1039"},"content":"    public abstract String toFileFormat();","lastModifiedDate":"2022-08-26"},{"lineNumber":31,"author":{"gitId":"Cjun1039"},"content":"","lastModifiedDate":"2022-08-25"},{"lineNumber":32,"author":{"gitId":"Cjun1039"},"content":"    @Override","lastModifiedDate":"2022-08-17"},{"lineNumber":33,"author":{"gitId":"Cjun1039"},"content":"    public String toString() {","lastModifiedDate":"2022-08-17"},{"lineNumber":34,"author":{"gitId":"Cjun1039"},"content":"        return \"[\" + this.getStatusIcon() + \"] \" + description;","lastModifiedDate":"2022-08-17"},{"lineNumber":35,"author":{"gitId":"Cjun1039"},"content":"    }","lastModifiedDate":"2022-08-17"},{"lineNumber":36,"author":{"gitId":"Cjun1039"},"content":"}","lastModifiedDate":"2022-08-17"}],"authorContributionMap":{"Cjun1039":36}},{"path":"src/main/java/duke/task/TaskList.java","fileType":"java","lines":[{"lineNumber":1,"author":{"gitId":"Cjun1039"},"content":"package duke.task;","lastModifiedDate":"2022-08-26"},{"lineNumber":2,"author":{"gitId":"Cjun1039"},"content":"","lastModifiedDate":"2022-08-26"},{"lineNumber":3,"author":{"gitId":"Cjun1039"},"content":"import java.util.ArrayList;","lastModifiedDate":"2022-08-26"},{"lineNumber":4,"author":{"gitId":"Cjun1039"},"content":"import java.util.List;","lastModifiedDate":"2022-08-26"},{"lineNumber":5,"author":{"gitId":"Cjun1039"},"content":"","lastModifiedDate":"2022-08-26"},{"lineNumber":6,"author":{"gitId":"Cjun1039"},"content":"public class TaskList {","lastModifiedDate":"2022-08-26"},{"lineNumber":7,"author":{"gitId":"Cjun1039"},"content":"    private List\u003cTask\u003e tasks;","lastModifiedDate":"2022-08-26"},{"lineNumber":8,"author":{"gitId":"Cjun1039"},"content":"","lastModifiedDate":"2022-08-26"},{"lineNumber":9,"author":{"gitId":"Cjun1039"},"content":"    public TaskList(ArrayList\u003cTask\u003e tasks) {","lastModifiedDate":"2022-08-26"},{"lineNumber":10,"author":{"gitId":"Cjun1039"},"content":"        this.tasks \u003d tasks;","lastModifiedDate":"2022-08-26"},{"lineNumber":11,"author":{"gitId":"Cjun1039"},"content":"    }","lastModifiedDate":"2022-08-26"},{"lineNumber":12,"author":{"gitId":"Cjun1039"},"content":"","lastModifiedDate":"2022-08-26"},{"lineNumber":13,"author":{"gitId":"Cjun1039"},"content":"    public TaskList() {","lastModifiedDate":"2022-08-26"},{"lineNumber":14,"author":{"gitId":"Cjun1039"},"content":"        this.tasks \u003d new ArrayList\u003c\u003e();","lastModifiedDate":"2022-08-26"},{"lineNumber":15,"author":{"gitId":"Cjun1039"},"content":"    }","lastModifiedDate":"2022-08-26"},{"lineNumber":16,"author":{"gitId":"Cjun1039"},"content":"","lastModifiedDate":"2022-08-26"},{"lineNumber":17,"author":{"gitId":"Cjun1039"},"content":"    public String[] list() {","lastModifiedDate":"2022-08-26"},{"lineNumber":18,"author":{"gitId":"Cjun1039"},"content":"        String[] lines \u003d new String[tasks.size() + 1];","lastModifiedDate":"2022-08-26"},{"lineNumber":19,"author":{"gitId":"Cjun1039"},"content":"        lines[0] \u003d \"Here are the tasks in your list: \";","lastModifiedDate":"2022-08-26"},{"lineNumber":20,"author":{"gitId":"Cjun1039"},"content":"        for (int i \u003d 1; i \u003c tasks.size() + 1; i++) {","lastModifiedDate":"2022-08-26"},{"lineNumber":21,"author":{"gitId":"Cjun1039"},"content":"            lines[i] \u003d tasks.get(i - 1).toStringWithIndex(i);","lastModifiedDate":"2022-08-26"},{"lineNumber":22,"author":{"gitId":"Cjun1039"},"content":"        }","lastModifiedDate":"2022-08-26"},{"lineNumber":23,"author":{"gitId":"Cjun1039"},"content":"        if (lines.length \u003d\u003d 1) {","lastModifiedDate":"2022-08-26"},{"lineNumber":24,"author":{"gitId":"Cjun1039"},"content":"            lines[0] \u003d \"No tasks found in the list!\";","lastModifiedDate":"2022-08-26"},{"lineNumber":25,"author":{"gitId":"Cjun1039"},"content":"        }","lastModifiedDate":"2022-08-26"},{"lineNumber":26,"author":{"gitId":"Cjun1039"},"content":"        return lines;","lastModifiedDate":"2022-08-26"},{"lineNumber":27,"author":{"gitId":"Cjun1039"},"content":"    }","lastModifiedDate":"2022-08-26"},{"lineNumber":28,"author":{"gitId":"Cjun1039"},"content":"","lastModifiedDate":"2022-08-26"},{"lineNumber":29,"author":{"gitId":"Cjun1039"},"content":"    public String[] mark(int index) {","lastModifiedDate":"2022-08-26"},{"lineNumber":30,"author":{"gitId":"Cjun1039"},"content":"        Task task \u003d this.tasks.get(index);","lastModifiedDate":"2022-08-26"},{"lineNumber":31,"author":{"gitId":"Cjun1039"},"content":"        task.mark();","lastModifiedDate":"2022-08-26"},{"lineNumber":32,"author":{"gitId":"Cjun1039"},"content":"        return new String[] {\"Nice! I\u0027ve marked this task as done:\",","lastModifiedDate":"2022-08-26"},{"lineNumber":33,"author":{"gitId":"Cjun1039"},"content":"                \"  \" + task.toString()};","lastModifiedDate":"2022-08-26"},{"lineNumber":34,"author":{"gitId":"Cjun1039"},"content":"    }","lastModifiedDate":"2022-08-26"},{"lineNumber":35,"author":{"gitId":"Cjun1039"},"content":"","lastModifiedDate":"2022-08-26"},{"lineNumber":36,"author":{"gitId":"Cjun1039"},"content":"    public String[] unmark(int index) {","lastModifiedDate":"2022-08-26"},{"lineNumber":37,"author":{"gitId":"Cjun1039"},"content":"        Task task \u003d this.tasks.get(index);","lastModifiedDate":"2022-08-26"},{"lineNumber":38,"author":{"gitId":"Cjun1039"},"content":"        task.unmark();","lastModifiedDate":"2022-08-26"},{"lineNumber":39,"author":{"gitId":"Cjun1039"},"content":"        return new String[] {\"OK, I\u0027ve marked this task as not done yet:\",","lastModifiedDate":"2022-08-26"},{"lineNumber":40,"author":{"gitId":"Cjun1039"},"content":"                \"  \" + task.toString()};","lastModifiedDate":"2022-08-26"},{"lineNumber":41,"author":{"gitId":"Cjun1039"},"content":"    }","lastModifiedDate":"2022-08-26"},{"lineNumber":42,"author":{"gitId":"Cjun1039"},"content":"","lastModifiedDate":"2022-08-26"},{"lineNumber":43,"author":{"gitId":"Cjun1039"},"content":"    public String[] delete(int index) {","lastModifiedDate":"2022-08-26"},{"lineNumber":44,"author":{"gitId":"Cjun1039"},"content":"        Task task \u003d this.tasks.get(index);","lastModifiedDate":"2022-08-26"},{"lineNumber":45,"author":{"gitId":"Cjun1039"},"content":"        this.tasks.remove(index);","lastModifiedDate":"2022-08-26"},{"lineNumber":46,"author":{"gitId":"Cjun1039"},"content":"        return new String[] {\"Noted. I\u0027ve removed this task:\",","lastModifiedDate":"2022-08-26"},{"lineNumber":47,"author":{"gitId":"Cjun1039"},"content":"                \"  \" + task.toString(),","lastModifiedDate":"2022-08-26"},{"lineNumber":48,"author":{"gitId":"Cjun1039"},"content":"                String.format(\"Now you have %d tasks in the list.\", this.tasks.size())};","lastModifiedDate":"2022-08-26"},{"lineNumber":49,"author":{"gitId":"Cjun1039"},"content":"    }","lastModifiedDate":"2022-08-26"},{"lineNumber":50,"author":{"gitId":"Cjun1039"},"content":"","lastModifiedDate":"2022-08-26"},{"lineNumber":51,"author":{"gitId":"Cjun1039"},"content":"    public String[] add(Task task) {","lastModifiedDate":"2022-08-26"},{"lineNumber":52,"author":{"gitId":"Cjun1039"},"content":"        this.tasks.add(task);","lastModifiedDate":"2022-08-26"},{"lineNumber":53,"author":{"gitId":"Cjun1039"},"content":"        return new String[] {\"Got it. I\u0027ve added this task:\",","lastModifiedDate":"2022-08-26"},{"lineNumber":54,"author":{"gitId":"Cjun1039"},"content":"                \"   \" + task.toString(),","lastModifiedDate":"2022-08-26"},{"lineNumber":55,"author":{"gitId":"Cjun1039"},"content":"                String.format(\"Now you have %d tasks in the list.\", this.tasks.size())};","lastModifiedDate":"2022-08-26"},{"lineNumber":56,"author":{"gitId":"Cjun1039"},"content":"    }","lastModifiedDate":"2022-08-26"},{"lineNumber":57,"author":{"gitId":"Cjun1039"},"content":"","lastModifiedDate":"2022-08-26"},{"lineNumber":58,"author":{"gitId":"Cjun1039"},"content":"    public String toFileFormat() {","lastModifiedDate":"2022-08-26"},{"lineNumber":59,"author":{"gitId":"Cjun1039"},"content":"        StringBuilder sb \u003d new StringBuilder();","lastModifiedDate":"2022-08-26"},{"lineNumber":60,"author":{"gitId":"Cjun1039"},"content":"        for (Task task : tasks) {","lastModifiedDate":"2022-08-26"},{"lineNumber":61,"author":{"gitId":"Cjun1039"},"content":"            sb.append(task.toFileFormat()).append(System.lineSeparator());","lastModifiedDate":"2022-08-26"},{"lineNumber":62,"author":{"gitId":"Cjun1039"},"content":"        }","lastModifiedDate":"2022-08-26"},{"lineNumber":63,"author":{"gitId":"Cjun1039"},"content":"        return sb.toString();","lastModifiedDate":"2022-08-26"},{"lineNumber":64,"author":{"gitId":"Cjun1039"},"content":"    }","lastModifiedDate":"2022-08-26"},{"lineNumber":65,"author":{"gitId":"Cjun1039"},"content":"}","lastModifiedDate":"2022-08-26"}],"authorContributionMap":{"Cjun1039":65}},{"path":"src/main/java/duke/task/ToDo.java","fileType":"java","lines":[{"lineNumber":1,"author":{"gitId":"Cjun1039"},"content":"package duke.task;","lastModifiedDate":"2022-08-26"},{"lineNumber":2,"author":{"gitId":"Cjun1039"},"content":"","lastModifiedDate":"2022-08-26"},{"lineNumber":3,"author":{"gitId":"Cjun1039"},"content":"public class ToDo extends Task {","lastModifiedDate":"2022-08-18"},{"lineNumber":4,"author":{"gitId":"Cjun1039"},"content":"    public ToDo(String description, boolean isDone) {","lastModifiedDate":"2022-08-25"},{"lineNumber":5,"author":{"gitId":"Cjun1039"},"content":"        super(description, isDone);","lastModifiedDate":"2022-08-25"},{"lineNumber":6,"author":{"gitId":"Cjun1039"},"content":"    }","lastModifiedDate":"2022-08-25"},{"lineNumber":7,"author":{"gitId":"Cjun1039"},"content":"","lastModifiedDate":"2022-08-25"},{"lineNumber":8,"author":{"gitId":"Cjun1039"},"content":"    public String toFileFormat() {","lastModifiedDate":"2022-08-26"},{"lineNumber":9,"author":{"gitId":"Cjun1039"},"content":"        String isDone \u003d this.isDone ? \"1\" : \"0\";","lastModifiedDate":"2022-08-25"},{"lineNumber":10,"author":{"gitId":"Cjun1039"},"content":"        return \"T | \" + isDone + \" | \" + this.description;","lastModifiedDate":"2022-08-25"},{"lineNumber":11,"author":{"gitId":"Cjun1039"},"content":"    }","lastModifiedDate":"2022-08-18"},{"lineNumber":12,"author":{"gitId":"Cjun1039"},"content":"","lastModifiedDate":"2022-08-18"},{"lineNumber":13,"author":{"gitId":"Cjun1039"},"content":"    @Override","lastModifiedDate":"2022-08-18"},{"lineNumber":14,"author":{"gitId":"Cjun1039"},"content":"    public String toString() {","lastModifiedDate":"2022-08-18"},{"lineNumber":15,"author":{"gitId":"Cjun1039"},"content":"        return \"[T]\" + super.toString();","lastModifiedDate":"2022-08-18"},{"lineNumber":16,"author":{"gitId":"Cjun1039"},"content":"    }","lastModifiedDate":"2022-08-18"},{"lineNumber":17,"author":{"gitId":"Cjun1039"},"content":"}","lastModifiedDate":"2022-08-18"}],"authorContributionMap":{"Cjun1039":17}},{"path":"text-ui-test/input.txt","fileType":"txt","lines":[{"lineNumber":1,"author":{"gitId":"Cjun1039"},"content":"todo read book","lastModifiedDate":"2022-08-18"},{"lineNumber":2,"author":{"gitId":"Cjun1039"},"content":"deadline return book /by Sunday","lastModifiedDate":"2022-08-18"},{"lineNumber":3,"author":{"gitId":"Cjun1039"},"content":"event lesson /at Today 2359","lastModifiedDate":"2022-08-18"},{"lineNumber":4,"author":{"gitId":"Cjun1039"},"content":"list","lastModifiedDate":"2022-08-18"},{"lineNumber":5,"author":{"gitId":"Cjun1039"},"content":"mark 1","lastModifiedDate":"2022-08-18"},{"lineNumber":6,"author":{"gitId":"Cjun1039"},"content":"unmark 1","lastModifiedDate":"2022-08-18"},{"lineNumber":7,"author":{"gitId":"Cjun1039"},"content":"mark 3","lastModifiedDate":"2022-08-18"},{"lineNumber":8,"author":{"gitId":"Cjun1039"},"content":"unmark 3","lastModifiedDate":"2022-08-18"},{"lineNumber":9,"author":{"gitId":"Cjun1039"},"content":"mark 2","lastModifiedDate":"2022-08-18"},{"lineNumber":10,"author":{"gitId":"Cjun1039"},"content":"list","lastModifiedDate":"2022-08-18"},{"lineNumber":11,"author":{"gitId":"Cjun1039"},"content":"bye","lastModifiedDate":"2022-08-18"}],"authorContributionMap":{"Cjun1039":11}},{"path":"text-ui-test/runtest.bat","fileType":"bat","lines":[{"lineNumber":1,"author":{"gitId":"-"},"content":"@ECHO OFF","lastModifiedDate":"2020-05-25"},{"lineNumber":2,"author":{"gitId":"-"},"content":"","lastModifiedDate":"2020-05-25"},{"lineNumber":3,"author":{"gitId":"-"},"content":"REM create bin directory if it doesn\u0027t exist","lastModifiedDate":"2020-05-25"},{"lineNumber":4,"author":{"gitId":"-"},"content":"if not exist ..\\bin mkdir ..\\bin","lastModifiedDate":"2020-05-25"},{"lineNumber":5,"author":{"gitId":"-"},"content":"","lastModifiedDate":"2020-05-25"},{"lineNumber":6,"author":{"gitId":"-"},"content":"REM delete output from previous run","lastModifiedDate":"2020-05-25"},{"lineNumber":7,"author":{"gitId":"-"},"content":"if exist ACTUAL.TXT del ACTUAL.TXT","lastModifiedDate":"2020-08-25"},{"lineNumber":8,"author":{"gitId":"-"},"content":"","lastModifiedDate":"2020-05-25"},{"lineNumber":9,"author":{"gitId":"-"},"content":"REM compile the code into the bin folder","lastModifiedDate":"2020-05-25"},{"lineNumber":10,"author":{"gitId":"Cjun1039"},"content":"javac  -cp ..\\src\\main\\java -Xlint:none -d ..\\bin ..\\src\\main\\java\\Duke.java","lastModifiedDate":"2022-08-18"},{"lineNumber":11,"author":{"gitId":"-"},"content":"IF ERRORLEVEL 1 (","lastModifiedDate":"2020-05-25"},{"lineNumber":12,"author":{"gitId":"-"},"content":"    echo ********** BUILD FAILURE **********","lastModifiedDate":"2020-05-25"},{"lineNumber":13,"author":{"gitId":"-"},"content":"    exit /b 1","lastModifiedDate":"2020-05-25"},{"lineNumber":14,"author":{"gitId":"-"},"content":")","lastModifiedDate":"2020-05-25"},{"lineNumber":15,"author":{"gitId":"-"},"content":"REM no error here, errorlevel \u003d\u003d 0","lastModifiedDate":"2020-05-25"},{"lineNumber":16,"author":{"gitId":"-"},"content":"","lastModifiedDate":"2020-05-25"},{"lineNumber":17,"author":{"gitId":"-"},"content":"REM run the program, feed commands from input.txt file and redirect the output to the ACTUAL.TXT","lastModifiedDate":"2020-05-25"},{"lineNumber":18,"author":{"gitId":"-"},"content":"java -classpath ..\\bin Duke \u003c input.txt \u003e ACTUAL.TXT","lastModifiedDate":"2020-05-25"},{"lineNumber":19,"author":{"gitId":"-"},"content":"","lastModifiedDate":"2020-05-25"},{"lineNumber":20,"author":{"gitId":"-"},"content":"REM compare the output to the expected output","lastModifiedDate":"2020-05-25"},{"lineNumber":21,"author":{"gitId":"Cjun1039"},"content":"FC /w ACTUAL.TXT EXPECTED.TXT","lastModifiedDate":"2022-08-18"}],"authorContributionMap":{"Cjun1039":2,"-":19}}]
