[{"path":"README.md","fileType":"md","lines":[{"lineNumber":1,"author":{"gitId":"e1010101"},"content":"# Main project template","lastModifiedDate":"2022-08-15"},{"lineNumber":2,"author":{"gitId":"-"},"content":"","lastModifiedDate":"2020-05-25"},{"lineNumber":3,"author":{"gitId":"-"},"content":"This is a project template for a greenfield Java project. It\u0027s named after the Java mascot _Duke_. Given below are instructions on how to use it.","lastModifiedDate":"2020-05-25"},{"lineNumber":4,"author":{"gitId":"-"},"content":"","lastModifiedDate":"2020-05-25"},{"lineNumber":5,"author":{"gitId":"-"},"content":"## Setting up in Intellij","lastModifiedDate":"2020-05-25"},{"lineNumber":6,"author":{"gitId":"-"},"content":"","lastModifiedDate":"2020-05-25"},{"lineNumber":7,"author":{"gitId":"-"},"content":"Prerequisites: JDK 11, update Intellij to the most recent version.","lastModifiedDate":"2020-05-25"},{"lineNumber":8,"author":{"gitId":"-"},"content":"","lastModifiedDate":"2020-05-25"},{"lineNumber":9,"author":{"gitId":"-"},"content":"1. Open Intellij (if you are not in the welcome screen, click `File` \u003e `Close Project` to close the existing project first)","lastModifiedDate":"2021-01-17"},{"lineNumber":10,"author":{"gitId":"-"},"content":"1. Open the project into Intellij as follows:","lastModifiedDate":"2021-01-17"},{"lineNumber":11,"author":{"gitId":"-"},"content":"   1. Click `Open`.","lastModifiedDate":"2021-01-17"},{"lineNumber":12,"author":{"gitId":"-"},"content":"   1. Select the project directory, and click `OK`.","lastModifiedDate":"2021-01-17"},{"lineNumber":13,"author":{"gitId":"-"},"content":"   1. If there are any further prompts, accept the defaults.","lastModifiedDate":"2020-05-25"},{"lineNumber":14,"author":{"gitId":"-"},"content":"1. Configure the project to use **JDK 11** (not other versions) as explained in [here](https://www.jetbrains.com/help/idea/sdk.html#set-up-jdk).\u003cbr\u003e","lastModifiedDate":"2021-07-29"},{"lineNumber":15,"author":{"gitId":"-"},"content":"   In the same dialog, set the **Project language level** field to the `SDK default` option.","lastModifiedDate":"2021-07-29"},{"lineNumber":16,"author":{"gitId":"e1010101"},"content":"3. After that, locate the `src/main/java/Main.java` file, right-click it, and choose `Run Main.main()` (if the code editor is showing compile errors, try restarting the IDE). If the setup is correct, you should see something like the below as the output:","lastModifiedDate":"2022-08-15"},{"lineNumber":17,"author":{"gitId":"-"},"content":"   ```","lastModifiedDate":"2020-05-25"},{"lineNumber":18,"author":{"gitId":"-"},"content":"   Hello from","lastModifiedDate":"2020-05-25"},{"lineNumber":19,"author":{"gitId":"-"},"content":"    ____        _        ","lastModifiedDate":"2020-05-25"},{"lineNumber":20,"author":{"gitId":"-"},"content":"   |  _ \\ _   _| | _____ ","lastModifiedDate":"2020-05-25"},{"lineNumber":21,"author":{"gitId":"-"},"content":"   | | | | | | | |/ / _ \\","lastModifiedDate":"2020-05-25"},{"lineNumber":22,"author":{"gitId":"-"},"content":"   | |_| | |_| |   \u003c  __/","lastModifiedDate":"2020-05-25"},{"lineNumber":23,"author":{"gitId":"-"},"content":"   |____/ \\__,_|_|\\_\\___|","lastModifiedDate":"2020-05-25"},{"lineNumber":24,"author":{"gitId":"-"},"content":"   ```","lastModifiedDate":"2020-05-25"}],"authorContributionMap":{"e1010101":2,"-":22}},{"path":"src/main/java/Main.java","fileType":"java","lines":[{"lineNumber":1,"author":{"gitId":"e1010101"},"content":"import henry.Henry;","lastModifiedDate":"2022-08-21"},{"lineNumber":2,"author":{"gitId":"e1010101"},"content":"","lastModifiedDate":"2022-08-21"},{"lineNumber":3,"author":{"gitId":"e1010101"},"content":"import java.io.IOException;","lastModifiedDate":"2022-08-22"},{"lineNumber":4,"author":{"gitId":"e1010101"},"content":"","lastModifiedDate":"2022-08-22"},{"lineNumber":5,"author":{"gitId":"e1010101"},"content":"public class Main {","lastModifiedDate":"2022-08-15"},{"lineNumber":6,"author":{"gitId":"e1010101"},"content":"    public static void main(String[] args) throws IOException {","lastModifiedDate":"2022-08-22"},{"lineNumber":7,"author":{"gitId":"e1010101"},"content":"        Henry henry \u003d new Henry();","lastModifiedDate":"2022-08-15"},{"lineNumber":8,"author":{"gitId":"e1010101"},"content":"        henry.runProgram();","lastModifiedDate":"2022-08-21"},{"lineNumber":9,"author":{"gitId":"e1010101"},"content":"    }","lastModifiedDate":"2022-08-15"},{"lineNumber":10,"author":{"gitId":"e1010101"},"content":"}","lastModifiedDate":"2022-08-15"}],"authorContributionMap":{"e1010101":10}},{"path":"src/main/java/command/Command.java","fileType":"java","lines":[{"lineNumber":1,"author":{"gitId":"e1010101"},"content":"package command;","lastModifiedDate":"2022-08-21"},{"lineNumber":2,"author":{"gitId":"e1010101"},"content":"","lastModifiedDate":"2022-08-21"},{"lineNumber":3,"author":{"gitId":"e1010101"},"content":"import henry.TaskList;","lastModifiedDate":"2022-08-21"},{"lineNumber":4,"author":{"gitId":"e1010101"},"content":"","lastModifiedDate":"2022-08-21"},{"lineNumber":5,"author":{"gitId":"e1010101"},"content":"public class Command {","lastModifiedDate":"2022-08-21"},{"lineNumber":6,"author":{"gitId":"e1010101"},"content":"","lastModifiedDate":"2022-08-21"},{"lineNumber":7,"author":{"gitId":"e1010101"},"content":"    protected TaskList taskList;","lastModifiedDate":"2022-08-21"},{"lineNumber":8,"author":{"gitId":"e1010101"},"content":"","lastModifiedDate":"2022-08-21"},{"lineNumber":9,"author":{"gitId":"e1010101"},"content":"    public CommandResult execute() {","lastModifiedDate":"2022-08-21"},{"lineNumber":10,"author":{"gitId":"e1010101"},"content":"        throw new UnsupportedOperationException(\"Cannot execute abstract command!\");","lastModifiedDate":"2022-08-21"},{"lineNumber":11,"author":{"gitId":"e1010101"},"content":"    }","lastModifiedDate":"2022-08-21"},{"lineNumber":12,"author":{"gitId":"e1010101"},"content":"","lastModifiedDate":"2022-08-21"},{"lineNumber":13,"author":{"gitId":"e1010101"},"content":"    public void setData(TaskList taskList) {","lastModifiedDate":"2022-08-21"},{"lineNumber":14,"author":{"gitId":"e1010101"},"content":"        this.taskList \u003d taskList;","lastModifiedDate":"2022-08-21"},{"lineNumber":15,"author":{"gitId":"e1010101"},"content":"    }","lastModifiedDate":"2022-08-21"},{"lineNumber":16,"author":{"gitId":"e1010101"},"content":"}","lastModifiedDate":"2022-08-21"}],"authorContributionMap":{"e1010101":16}},{"path":"src/main/java/command/CommandResult.java","fileType":"java","lines":[{"lineNumber":1,"author":{"gitId":"e1010101"},"content":"package command;","lastModifiedDate":"2022-08-21"},{"lineNumber":2,"author":{"gitId":"e1010101"},"content":"","lastModifiedDate":"2022-08-21"},{"lineNumber":3,"author":{"gitId":"e1010101"},"content":"import henry.TaskList;","lastModifiedDate":"2022-08-21"},{"lineNumber":4,"author":{"gitId":"e1010101"},"content":"","lastModifiedDate":"2022-08-21"},{"lineNumber":5,"author":{"gitId":"e1010101"},"content":"import java.util.Optional;","lastModifiedDate":"2022-08-21"},{"lineNumber":6,"author":{"gitId":"e1010101"},"content":"","lastModifiedDate":"2022-08-21"},{"lineNumber":7,"author":{"gitId":"e1010101"},"content":"public class CommandResult {","lastModifiedDate":"2022-08-21"},{"lineNumber":8,"author":{"gitId":"e1010101"},"content":"","lastModifiedDate":"2022-08-21"},{"lineNumber":9,"author":{"gitId":"e1010101"},"content":"    public final String feedback;","lastModifiedDate":"2022-08-21"},{"lineNumber":10,"author":{"gitId":"e1010101"},"content":"    private final TaskList list;","lastModifiedDate":"2022-08-21"},{"lineNumber":11,"author":{"gitId":"e1010101"},"content":"","lastModifiedDate":"2022-08-21"},{"lineNumber":12,"author":{"gitId":"e1010101"},"content":"    public CommandResult(String feedback) {","lastModifiedDate":"2022-08-21"},{"lineNumber":13,"author":{"gitId":"e1010101"},"content":"        this.feedback \u003d feedback;","lastModifiedDate":"2022-08-21"},{"lineNumber":14,"author":{"gitId":"e1010101"},"content":"        this.list \u003d null;","lastModifiedDate":"2022-08-21"},{"lineNumber":15,"author":{"gitId":"e1010101"},"content":"    }","lastModifiedDate":"2022-08-21"},{"lineNumber":16,"author":{"gitId":"e1010101"},"content":"","lastModifiedDate":"2022-08-21"},{"lineNumber":17,"author":{"gitId":"e1010101"},"content":"    public CommandResult(String feedback, TaskList list) {","lastModifiedDate":"2022-08-21"},{"lineNumber":18,"author":{"gitId":"e1010101"},"content":"        this.feedback \u003d feedback;","lastModifiedDate":"2022-08-21"},{"lineNumber":19,"author":{"gitId":"e1010101"},"content":"        this.list \u003d list;","lastModifiedDate":"2022-08-21"},{"lineNumber":20,"author":{"gitId":"e1010101"},"content":"    }","lastModifiedDate":"2022-08-21"},{"lineNumber":21,"author":{"gitId":"e1010101"},"content":"","lastModifiedDate":"2022-08-21"},{"lineNumber":22,"author":{"gitId":"e1010101"},"content":"    public Optional\u003cTaskList\u003e getTaskList() {","lastModifiedDate":"2022-08-21"},{"lineNumber":23,"author":{"gitId":"e1010101"},"content":"        return Optional.ofNullable(list);","lastModifiedDate":"2022-08-21"},{"lineNumber":24,"author":{"gitId":"e1010101"},"content":"    }","lastModifiedDate":"2022-08-21"},{"lineNumber":25,"author":{"gitId":"e1010101"},"content":"}","lastModifiedDate":"2022-08-21"}],"authorContributionMap":{"e1010101":25}},{"path":"src/main/java/command/Commands.java","fileType":"java","lines":[{"lineNumber":1,"author":{"gitId":"e1010101"},"content":"package command;","lastModifiedDate":"2022-08-21"},{"lineNumber":2,"author":{"gitId":"e1010101"},"content":"","lastModifiedDate":"2022-08-21"},{"lineNumber":3,"author":{"gitId":"e1010101"},"content":"public enum Commands {","lastModifiedDate":"2022-08-20"},{"lineNumber":4,"author":{"gitId":"e1010101"},"content":"","lastModifiedDate":"2022-08-20"},{"lineNumber":5,"author":{"gitId":"e1010101"},"content":"    ECHO, LIST, BYE, MARK, UNMARK, TODO, DEADLINE, EVENT, DELETE, HELP;","lastModifiedDate":"2022-08-21"},{"lineNumber":6,"author":{"gitId":"e1010101"},"content":"","lastModifiedDate":"2022-08-20"},{"lineNumber":7,"author":{"gitId":"e1010101"},"content":"}","lastModifiedDate":"2022-08-20"}],"authorContributionMap":{"e1010101":7}},{"path":"src/main/java/command/DeadlineCommand.java","fileType":"java","lines":[{"lineNumber":1,"author":{"gitId":"e1010101"},"content":"package command;","lastModifiedDate":"2022-08-21"},{"lineNumber":2,"author":{"gitId":"e1010101"},"content":"","lastModifiedDate":"2022-08-21"},{"lineNumber":3,"author":{"gitId":"e1010101"},"content":"import henry.Task;","lastModifiedDate":"2022-08-21"},{"lineNumber":4,"author":{"gitId":"e1010101"},"content":"","lastModifiedDate":"2022-08-21"},{"lineNumber":5,"author":{"gitId":"e1010101"},"content":"import java.time.LocalDateTime;","lastModifiedDate":"2022-08-21"},{"lineNumber":6,"author":{"gitId":"e1010101"},"content":"","lastModifiedDate":"2022-08-21"},{"lineNumber":7,"author":{"gitId":"e1010101"},"content":"public class DeadlineCommand extends Command {","lastModifiedDate":"2022-08-21"},{"lineNumber":8,"author":{"gitId":"e1010101"},"content":"","lastModifiedDate":"2022-08-21"},{"lineNumber":9,"author":{"gitId":"e1010101"},"content":"    public static final String COMMAND_WORD \u003d \"deadline\";","lastModifiedDate":"2022-08-21"},{"lineNumber":10,"author":{"gitId":"e1010101"},"content":"    public static final String MESSAGE_SUCCESS \u003d \"OK. I ADDED THIS TASK TO MY LIST:\\n\\t\\t\\t: %1$s.\";","lastModifiedDate":"2022-08-21"},{"lineNumber":11,"author":{"gitId":"e1010101"},"content":"    private final Task task;","lastModifiedDate":"2022-08-21"},{"lineNumber":12,"author":{"gitId":"e1010101"},"content":"","lastModifiedDate":"2022-08-21"},{"lineNumber":13,"author":{"gitId":"e1010101"},"content":"    public DeadlineCommand(String description, LocalDateTime dateTime) {","lastModifiedDate":"2022-08-21"},{"lineNumber":14,"author":{"gitId":"e1010101"},"content":"        this.task \u003d new Task(Commands.DEADLINE, description, dateTime);","lastModifiedDate":"2022-08-22"},{"lineNumber":15,"author":{"gitId":"e1010101"},"content":"    }","lastModifiedDate":"2022-08-21"},{"lineNumber":16,"author":{"gitId":"e1010101"},"content":"","lastModifiedDate":"2022-08-21"},{"lineNumber":17,"author":{"gitId":"e1010101"},"content":"    @Override","lastModifiedDate":"2022-08-21"},{"lineNumber":18,"author":{"gitId":"e1010101"},"content":"    public CommandResult execute() {","lastModifiedDate":"2022-08-21"},{"lineNumber":19,"author":{"gitId":"e1010101"},"content":"        return new CommandResult(String.format(MESSAGE_SUCCESS, task));","lastModifiedDate":"2022-08-21"},{"lineNumber":20,"author":{"gitId":"e1010101"},"content":"    }","lastModifiedDate":"2022-08-21"},{"lineNumber":21,"author":{"gitId":"e1010101"},"content":"}","lastModifiedDate":"2022-08-21"}],"authorContributionMap":{"e1010101":21}},{"path":"src/main/java/command/DeleteCommand.java","fileType":"java","lines":[{"lineNumber":1,"author":{"gitId":"e1010101"},"content":"package command;","lastModifiedDate":"2022-08-21"},{"lineNumber":2,"author":{"gitId":"e1010101"},"content":"","lastModifiedDate":"2022-08-21"},{"lineNumber":3,"author":{"gitId":"e1010101"},"content":"public class DeleteCommand extends Command {","lastModifiedDate":"2022-08-21"},{"lineNumber":4,"author":{"gitId":"e1010101"},"content":"","lastModifiedDate":"2022-08-21"},{"lineNumber":5,"author":{"gitId":"e1010101"},"content":"    public static final String COMMAND_WORD \u003d \"delete\";","lastModifiedDate":"2022-08-21"},{"lineNumber":6,"author":{"gitId":"e1010101"},"content":"","lastModifiedDate":"2022-08-21"},{"lineNumber":7,"author":{"gitId":"e1010101"},"content":"    public static final String MESSAGE_SUCCESS \u003d \"I\u0027VE DELETED THIS TASK:\\n\\t\\t\\t: %1$s.\";","lastModifiedDate":"2022-08-21"},{"lineNumber":8,"author":{"gitId":"e1010101"},"content":"    private final int index;","lastModifiedDate":"2022-08-21"},{"lineNumber":9,"author":{"gitId":"e1010101"},"content":"","lastModifiedDate":"2022-08-21"},{"lineNumber":10,"author":{"gitId":"e1010101"},"content":"    public DeleteCommand(int index) {","lastModifiedDate":"2022-08-21"},{"lineNumber":11,"author":{"gitId":"e1010101"},"content":"        this.index \u003d index;","lastModifiedDate":"2022-08-21"},{"lineNumber":12,"author":{"gitId":"e1010101"},"content":"    }","lastModifiedDate":"2022-08-21"},{"lineNumber":13,"author":{"gitId":"e1010101"},"content":"","lastModifiedDate":"2022-08-21"},{"lineNumber":14,"author":{"gitId":"e1010101"},"content":"    @Override","lastModifiedDate":"2022-08-21"},{"lineNumber":15,"author":{"gitId":"e1010101"},"content":"    public CommandResult execute() {","lastModifiedDate":"2022-08-21"},{"lineNumber":16,"author":{"gitId":"e1010101"},"content":"        return new CommandResult(String.format(MESSAGE_SUCCESS, taskList.deleteTask(index)));","lastModifiedDate":"2022-08-21"},{"lineNumber":17,"author":{"gitId":"e1010101"},"content":"    }","lastModifiedDate":"2022-08-21"},{"lineNumber":18,"author":{"gitId":"e1010101"},"content":"}","lastModifiedDate":"2022-08-21"}],"authorContributionMap":{"e1010101":18}},{"path":"src/main/java/command/EchoCommand.java","fileType":"java","lines":[{"lineNumber":1,"author":{"gitId":"e1010101"},"content":"package command;","lastModifiedDate":"2022-08-21"},{"lineNumber":2,"author":{"gitId":"e1010101"},"content":"","lastModifiedDate":"2022-08-21"},{"lineNumber":3,"author":{"gitId":"e1010101"},"content":"public class EchoCommand extends Command {","lastModifiedDate":"2022-08-21"},{"lineNumber":4,"author":{"gitId":"e1010101"},"content":"","lastModifiedDate":"2022-08-21"},{"lineNumber":5,"author":{"gitId":"e1010101"},"content":"    public static final String COMMAND_WORD \u003d \"echo\";","lastModifiedDate":"2022-08-21"},{"lineNumber":6,"author":{"gitId":"e1010101"},"content":"    private final String description;","lastModifiedDate":"2022-08-21"},{"lineNumber":7,"author":{"gitId":"e1010101"},"content":"","lastModifiedDate":"2022-08-21"},{"lineNumber":8,"author":{"gitId":"e1010101"},"content":"    public EchoCommand(String description) {","lastModifiedDate":"2022-08-21"},{"lineNumber":9,"author":{"gitId":"e1010101"},"content":"        this.description \u003d description;","lastModifiedDate":"2022-08-21"},{"lineNumber":10,"author":{"gitId":"e1010101"},"content":"    }","lastModifiedDate":"2022-08-21"},{"lineNumber":11,"author":{"gitId":"e1010101"},"content":"","lastModifiedDate":"2022-08-21"},{"lineNumber":12,"author":{"gitId":"e1010101"},"content":"    @Override","lastModifiedDate":"2022-08-21"},{"lineNumber":13,"author":{"gitId":"e1010101"},"content":"    public CommandResult execute() {","lastModifiedDate":"2022-08-21"},{"lineNumber":14,"author":{"gitId":"e1010101"},"content":"        return new CommandResult(description);","lastModifiedDate":"2022-08-21"},{"lineNumber":15,"author":{"gitId":"e1010101"},"content":"    }","lastModifiedDate":"2022-08-21"},{"lineNumber":16,"author":{"gitId":"e1010101"},"content":"}","lastModifiedDate":"2022-08-21"}],"authorContributionMap":{"e1010101":16}},{"path":"src/main/java/command/ErrorCommand.java","fileType":"java","lines":[{"lineNumber":1,"author":{"gitId":"e1010101"},"content":"package command;","lastModifiedDate":"2022-08-21"},{"lineNumber":2,"author":{"gitId":"e1010101"},"content":"","lastModifiedDate":"2022-08-21"},{"lineNumber":3,"author":{"gitId":"e1010101"},"content":"public class ErrorCommand extends Command{","lastModifiedDate":"2022-08-21"},{"lineNumber":4,"author":{"gitId":"e1010101"},"content":"","lastModifiedDate":"2022-08-21"},{"lineNumber":5,"author":{"gitId":"e1010101"},"content":"    public final String errorMessage;","lastModifiedDate":"2022-08-21"},{"lineNumber":6,"author":{"gitId":"e1010101"},"content":"","lastModifiedDate":"2022-08-21"},{"lineNumber":7,"author":{"gitId":"e1010101"},"content":"    public ErrorCommand(String errorMessage) {","lastModifiedDate":"2022-08-21"},{"lineNumber":8,"author":{"gitId":"e1010101"},"content":"        this.errorMessage \u003d errorMessage;","lastModifiedDate":"2022-08-21"},{"lineNumber":9,"author":{"gitId":"e1010101"},"content":"    }","lastModifiedDate":"2022-08-21"},{"lineNumber":10,"author":{"gitId":"e1010101"},"content":"","lastModifiedDate":"2022-08-21"},{"lineNumber":11,"author":{"gitId":"e1010101"},"content":"    @Override","lastModifiedDate":"2022-08-21"},{"lineNumber":12,"author":{"gitId":"e1010101"},"content":"    public CommandResult execute() {","lastModifiedDate":"2022-08-21"},{"lineNumber":13,"author":{"gitId":"e1010101"},"content":"        return new CommandResult(errorMessage);","lastModifiedDate":"2022-08-21"},{"lineNumber":14,"author":{"gitId":"e1010101"},"content":"    }","lastModifiedDate":"2022-08-21"},{"lineNumber":15,"author":{"gitId":"e1010101"},"content":"}","lastModifiedDate":"2022-08-21"}],"authorContributionMap":{"e1010101":15}},{"path":"src/main/java/command/EventCommand.java","fileType":"java","lines":[{"lineNumber":1,"author":{"gitId":"e1010101"},"content":"package command;","lastModifiedDate":"2022-08-21"},{"lineNumber":2,"author":{"gitId":"e1010101"},"content":"","lastModifiedDate":"2022-08-21"},{"lineNumber":3,"author":{"gitId":"e1010101"},"content":"import henry.Task;","lastModifiedDate":"2022-08-21"},{"lineNumber":4,"author":{"gitId":"e1010101"},"content":"","lastModifiedDate":"2022-08-21"},{"lineNumber":5,"author":{"gitId":"e1010101"},"content":"import java.time.LocalDateTime;","lastModifiedDate":"2022-08-21"},{"lineNumber":6,"author":{"gitId":"e1010101"},"content":"","lastModifiedDate":"2022-08-21"},{"lineNumber":7,"author":{"gitId":"e1010101"},"content":"public class EventCommand extends Command {","lastModifiedDate":"2022-08-21"},{"lineNumber":8,"author":{"gitId":"e1010101"},"content":"","lastModifiedDate":"2022-08-21"},{"lineNumber":9,"author":{"gitId":"e1010101"},"content":"    public static final String COMMAND_WORD \u003d \"event\";","lastModifiedDate":"2022-08-21"},{"lineNumber":10,"author":{"gitId":"e1010101"},"content":"    public static final String MESSAGE_SUCCESS \u003d \"OK. I ADDED THIS TASK TO MY LIST:\\n\\t\\t\\t %1$s.\";","lastModifiedDate":"2022-08-22"},{"lineNumber":11,"author":{"gitId":"e1010101"},"content":"    private final Task task;","lastModifiedDate":"2022-08-21"},{"lineNumber":12,"author":{"gitId":"e1010101"},"content":"","lastModifiedDate":"2022-08-21"},{"lineNumber":13,"author":{"gitId":"e1010101"},"content":"    public EventCommand(String description, LocalDateTime dateTime) {","lastModifiedDate":"2022-08-21"},{"lineNumber":14,"author":{"gitId":"e1010101"},"content":"        this.task \u003d new Task(Commands.EVENT, description, dateTime);","lastModifiedDate":"2022-08-22"},{"lineNumber":15,"author":{"gitId":"e1010101"},"content":"    }","lastModifiedDate":"2022-08-21"},{"lineNumber":16,"author":{"gitId":"e1010101"},"content":"","lastModifiedDate":"2022-08-21"},{"lineNumber":17,"author":{"gitId":"e1010101"},"content":"    @Override","lastModifiedDate":"2022-08-21"},{"lineNumber":18,"author":{"gitId":"e1010101"},"content":"    public CommandResult execute() {","lastModifiedDate":"2022-08-21"},{"lineNumber":19,"author":{"gitId":"e1010101"},"content":"        return new CommandResult(String.format(MESSAGE_SUCCESS, taskList.addTask(task)));","lastModifiedDate":"2022-08-21"},{"lineNumber":20,"author":{"gitId":"e1010101"},"content":"    }","lastModifiedDate":"2022-08-21"},{"lineNumber":21,"author":{"gitId":"e1010101"},"content":"}","lastModifiedDate":"2022-08-21"}],"authorContributionMap":{"e1010101":21}},{"path":"src/main/java/command/ListCommand.java","fileType":"java","lines":[{"lineNumber":1,"author":{"gitId":"e1010101"},"content":"package command;","lastModifiedDate":"2022-08-21"},{"lineNumber":2,"author":{"gitId":"e1010101"},"content":"","lastModifiedDate":"2022-08-21"},{"lineNumber":3,"author":{"gitId":"e1010101"},"content":"public class ListCommand extends Command {","lastModifiedDate":"2022-08-21"},{"lineNumber":4,"author":{"gitId":"e1010101"},"content":"","lastModifiedDate":"2022-08-21"},{"lineNumber":5,"author":{"gitId":"e1010101"},"content":"    public static final String COMMAND_WORD \u003d \"list\";","lastModifiedDate":"2022-08-21"},{"lineNumber":6,"author":{"gitId":"e1010101"},"content":"","lastModifiedDate":"2022-08-21"},{"lineNumber":7,"author":{"gitId":"e1010101"},"content":"    @Override","lastModifiedDate":"2022-08-21"},{"lineNumber":8,"author":{"gitId":"e1010101"},"content":"    public CommandResult execute() {","lastModifiedDate":"2022-08-21"},{"lineNumber":9,"author":{"gitId":"e1010101"},"content":"        return new CommandResult(taskList.toString());","lastModifiedDate":"2022-08-21"},{"lineNumber":10,"author":{"gitId":"e1010101"},"content":"    }","lastModifiedDate":"2022-08-21"},{"lineNumber":11,"author":{"gitId":"e1010101"},"content":"}","lastModifiedDate":"2022-08-21"}],"authorContributionMap":{"e1010101":11}},{"path":"src/main/java/command/MarkCommand.java","fileType":"java","lines":[{"lineNumber":1,"author":{"gitId":"e1010101"},"content":"package command;","lastModifiedDate":"2022-08-21"},{"lineNumber":2,"author":{"gitId":"e1010101"},"content":"","lastModifiedDate":"2022-08-21"},{"lineNumber":3,"author":{"gitId":"e1010101"},"content":"import henry.Task;","lastModifiedDate":"2022-08-21"},{"lineNumber":4,"author":{"gitId":"e1010101"},"content":"","lastModifiedDate":"2022-08-21"},{"lineNumber":5,"author":{"gitId":"e1010101"},"content":"public class MarkCommand extends Command {","lastModifiedDate":"2022-08-21"},{"lineNumber":6,"author":{"gitId":"e1010101"},"content":"","lastModifiedDate":"2022-08-21"},{"lineNumber":7,"author":{"gitId":"e1010101"},"content":"    public static final String COMMAND_WORD \u003d \"mark\";","lastModifiedDate":"2022-08-21"},{"lineNumber":8,"author":{"gitId":"e1010101"},"content":"","lastModifiedDate":"2022-08-21"},{"lineNumber":9,"author":{"gitId":"e1010101"},"content":"    public static final String MESSAGE_SUCCESS \u003d \"I\u0027VE MARKED THIS TASK AS DONE:\\n\\t\\t\\t: %1$s.\";","lastModifiedDate":"2022-08-21"},{"lineNumber":10,"author":{"gitId":"e1010101"},"content":"    private final int index;","lastModifiedDate":"2022-08-21"},{"lineNumber":11,"author":{"gitId":"e1010101"},"content":"    private final Task task;","lastModifiedDate":"2022-08-21"},{"lineNumber":12,"author":{"gitId":"e1010101"},"content":"","lastModifiedDate":"2022-08-21"},{"lineNumber":13,"author":{"gitId":"e1010101"},"content":"    public MarkCommand(int index) {","lastModifiedDate":"2022-08-21"},{"lineNumber":14,"author":{"gitId":"e1010101"},"content":"        this.index \u003d index;","lastModifiedDate":"2022-08-21"},{"lineNumber":15,"author":{"gitId":"e1010101"},"content":"        this.task \u003d taskList.getTasks().get(index);","lastModifiedDate":"2022-08-21"},{"lineNumber":16,"author":{"gitId":"e1010101"},"content":"    }","lastModifiedDate":"2022-08-21"},{"lineNumber":17,"author":{"gitId":"e1010101"},"content":"","lastModifiedDate":"2022-08-21"},{"lineNumber":18,"author":{"gitId":"e1010101"},"content":"    @Override","lastModifiedDate":"2022-08-21"},{"lineNumber":19,"author":{"gitId":"e1010101"},"content":"    public CommandResult execute() {","lastModifiedDate":"2022-08-21"},{"lineNumber":20,"author":{"gitId":"e1010101"},"content":"        task.setComplete(true);","lastModifiedDate":"2022-08-21"},{"lineNumber":21,"author":{"gitId":"e1010101"},"content":"        taskList.getTasks().set(index, task);","lastModifiedDate":"2022-08-21"},{"lineNumber":22,"author":{"gitId":"e1010101"},"content":"        return new CommandResult(String.format(MESSAGE_SUCCESS, task));","lastModifiedDate":"2022-08-21"},{"lineNumber":23,"author":{"gitId":"e1010101"},"content":"    }","lastModifiedDate":"2022-08-21"},{"lineNumber":24,"author":{"gitId":"e1010101"},"content":"}","lastModifiedDate":"2022-08-21"}],"authorContributionMap":{"e1010101":24}},{"path":"src/main/java/command/TodoCommand.java","fileType":"java","lines":[{"lineNumber":1,"author":{"gitId":"e1010101"},"content":"package command;","lastModifiedDate":"2022-08-21"},{"lineNumber":2,"author":{"gitId":"e1010101"},"content":"","lastModifiedDate":"2022-08-21"},{"lineNumber":3,"author":{"gitId":"e1010101"},"content":"import henry.Task;","lastModifiedDate":"2022-08-21"},{"lineNumber":4,"author":{"gitId":"e1010101"},"content":"","lastModifiedDate":"2022-08-21"},{"lineNumber":5,"author":{"gitId":"e1010101"},"content":"public class TodoCommand extends Command {","lastModifiedDate":"2022-08-21"},{"lineNumber":6,"author":{"gitId":"e1010101"},"content":"","lastModifiedDate":"2022-08-21"},{"lineNumber":7,"author":{"gitId":"e1010101"},"content":"    public static final String COMMAND_WORD \u003d \"todo\";","lastModifiedDate":"2022-08-21"},{"lineNumber":8,"author":{"gitId":"e1010101"},"content":"    public static final String MESSAGE_SUCCESS \u003d \"OK. I ADDED THIS TASK TO MY LIST:\\n\\t\\t\\t: %1$s.\";","lastModifiedDate":"2022-08-21"},{"lineNumber":9,"author":{"gitId":"e1010101"},"content":"    private final Task task;","lastModifiedDate":"2022-08-21"},{"lineNumber":10,"author":{"gitId":"e1010101"},"content":"","lastModifiedDate":"2022-08-21"},{"lineNumber":11,"author":{"gitId":"e1010101"},"content":"    public TodoCommand(String description) {","lastModifiedDate":"2022-08-21"},{"lineNumber":12,"author":{"gitId":"e1010101"},"content":"        this.task \u003d new Task(Commands.TODO, description, null);","lastModifiedDate":"2022-08-21"},{"lineNumber":13,"author":{"gitId":"e1010101"},"content":"    }","lastModifiedDate":"2022-08-21"},{"lineNumber":14,"author":{"gitId":"e1010101"},"content":"","lastModifiedDate":"2022-08-21"},{"lineNumber":15,"author":{"gitId":"e1010101"},"content":"    @Override","lastModifiedDate":"2022-08-21"},{"lineNumber":16,"author":{"gitId":"e1010101"},"content":"    public CommandResult execute() {","lastModifiedDate":"2022-08-21"},{"lineNumber":17,"author":{"gitId":"e1010101"},"content":"        taskList.addTask(task);","lastModifiedDate":"2022-08-21"},{"lineNumber":18,"author":{"gitId":"e1010101"},"content":"        return new CommandResult(String.format(MESSAGE_SUCCESS, task));","lastModifiedDate":"2022-08-21"},{"lineNumber":19,"author":{"gitId":"e1010101"},"content":"    }","lastModifiedDate":"2022-08-21"},{"lineNumber":20,"author":{"gitId":"e1010101"},"content":"}","lastModifiedDate":"2022-08-21"}],"authorContributionMap":{"e1010101":20}},{"path":"src/main/java/command/UnmarkCommand.java","fileType":"java","lines":[{"lineNumber":1,"author":{"gitId":"e1010101"},"content":"package command;","lastModifiedDate":"2022-08-21"},{"lineNumber":2,"author":{"gitId":"e1010101"},"content":"","lastModifiedDate":"2022-08-21"},{"lineNumber":3,"author":{"gitId":"e1010101"},"content":"import henry.Task;","lastModifiedDate":"2022-08-21"},{"lineNumber":4,"author":{"gitId":"e1010101"},"content":"","lastModifiedDate":"2022-08-21"},{"lineNumber":5,"author":{"gitId":"e1010101"},"content":"public class UnmarkCommand extends Command {","lastModifiedDate":"2022-08-21"},{"lineNumber":6,"author":{"gitId":"e1010101"},"content":"","lastModifiedDate":"2022-08-21"},{"lineNumber":7,"author":{"gitId":"e1010101"},"content":"    public static final String COMMAND_WORD \u003d \"unmark\";","lastModifiedDate":"2022-08-21"},{"lineNumber":8,"author":{"gitId":"e1010101"},"content":"    public static final String MESSAGE_SUCCESS \u003d \"I\u0027VE UNMARKED THIS TASK AS DONE:\\n\\t\\t\\t: %1$s.\";","lastModifiedDate":"2022-08-21"},{"lineNumber":9,"author":{"gitId":"e1010101"},"content":"    private final int index;","lastModifiedDate":"2022-08-21"},{"lineNumber":10,"author":{"gitId":"e1010101"},"content":"    private final Task task;","lastModifiedDate":"2022-08-21"},{"lineNumber":11,"author":{"gitId":"e1010101"},"content":"","lastModifiedDate":"2022-08-21"},{"lineNumber":12,"author":{"gitId":"e1010101"},"content":"    public UnmarkCommand(int index) {","lastModifiedDate":"2022-08-21"},{"lineNumber":13,"author":{"gitId":"e1010101"},"content":"        this.index \u003d index;","lastModifiedDate":"2022-08-21"},{"lineNumber":14,"author":{"gitId":"e1010101"},"content":"        this.task \u003d taskList.getTasks().get(index);","lastModifiedDate":"2022-08-21"},{"lineNumber":15,"author":{"gitId":"e1010101"},"content":"    }","lastModifiedDate":"2022-08-21"},{"lineNumber":16,"author":{"gitId":"e1010101"},"content":"","lastModifiedDate":"2022-08-21"},{"lineNumber":17,"author":{"gitId":"e1010101"},"content":"    @Override","lastModifiedDate":"2022-08-21"},{"lineNumber":18,"author":{"gitId":"e1010101"},"content":"    public CommandResult execute() {","lastModifiedDate":"2022-08-21"},{"lineNumber":19,"author":{"gitId":"e1010101"},"content":"        task.setComplete(false);","lastModifiedDate":"2022-08-21"},{"lineNumber":20,"author":{"gitId":"e1010101"},"content":"        taskList.getTasks().set(index, task);","lastModifiedDate":"2022-08-21"},{"lineNumber":21,"author":{"gitId":"e1010101"},"content":"        return new CommandResult(String.format(MESSAGE_SUCCESS, task));","lastModifiedDate":"2022-08-21"},{"lineNumber":22,"author":{"gitId":"e1010101"},"content":"    }","lastModifiedDate":"2022-08-21"},{"lineNumber":23,"author":{"gitId":"e1010101"},"content":"}","lastModifiedDate":"2022-08-21"}],"authorContributionMap":{"e1010101":23}},{"path":"src/main/java/exceptions/HenryException.java","fileType":"java","lines":[{"lineNumber":1,"author":{"gitId":"e1010101"},"content":"package exceptions;","lastModifiedDate":"2022-08-15"},{"lineNumber":2,"author":{"gitId":"e1010101"},"content":"","lastModifiedDate":"2022-08-15"},{"lineNumber":3,"author":{"gitId":"e1010101"},"content":"public class HenryException extends RuntimeException {","lastModifiedDate":"2022-08-15"},{"lineNumber":4,"author":{"gitId":"e1010101"},"content":"","lastModifiedDate":"2022-08-15"},{"lineNumber":5,"author":{"gitId":"e1010101"},"content":"    public HenryException(String message) {","lastModifiedDate":"2022-08-15"},{"lineNumber":6,"author":{"gitId":"e1010101"},"content":"        super(message);","lastModifiedDate":"2022-08-15"},{"lineNumber":7,"author":{"gitId":"e1010101"},"content":"    }","lastModifiedDate":"2022-08-15"},{"lineNumber":8,"author":{"gitId":"e1010101"},"content":"}","lastModifiedDate":"2022-08-15"}],"authorContributionMap":{"e1010101":8}},{"path":"src/main/java/exceptions/ImproperCommandSyntaxException.java","fileType":"java","lines":[{"lineNumber":1,"author":{"gitId":"e1010101"},"content":"package exceptions;","lastModifiedDate":"2022-08-15"},{"lineNumber":2,"author":{"gitId":"e1010101"},"content":"","lastModifiedDate":"2022-08-15"},{"lineNumber":3,"author":{"gitId":"e1010101"},"content":"public class ImproperCommandSyntaxException extends RuntimeException {","lastModifiedDate":"2022-08-15"},{"lineNumber":4,"author":{"gitId":"e1010101"},"content":"","lastModifiedDate":"2022-08-15"},{"lineNumber":5,"author":{"gitId":"e1010101"},"content":"    public static String ERROR_MESSAGE \u003d","lastModifiedDate":"2022-08-15"},{"lineNumber":6,"author":{"gitId":"e1010101"},"content":"        \"____________________________________________________________\"","lastModifiedDate":"2022-08-21"},{"lineNumber":7,"author":{"gitId":"e1010101"},"content":"        + \"\\n ☹ ERROR! TASK IS IN THE WRONG FORMAT!\\n\"","lastModifiedDate":"2022-08-21"},{"lineNumber":8,"author":{"gitId":"e1010101"},"content":"        + \"____________________________________________________________\";","lastModifiedDate":"2022-08-21"},{"lineNumber":9,"author":{"gitId":"e1010101"},"content":"","lastModifiedDate":"2022-08-15"},{"lineNumber":10,"author":{"gitId":"e1010101"},"content":"    public ImproperCommandSyntaxException()  {","lastModifiedDate":"2022-08-15"},{"lineNumber":11,"author":{"gitId":"e1010101"},"content":"        super(ERROR_MESSAGE);","lastModifiedDate":"2022-08-21"},{"lineNumber":12,"author":{"gitId":"e1010101"},"content":"    }","lastModifiedDate":"2022-08-15"},{"lineNumber":13,"author":{"gitId":"e1010101"},"content":"}","lastModifiedDate":"2022-08-15"}],"authorContributionMap":{"e1010101":13}},{"path":"src/main/java/exceptions/NoSuchCommandException.java","fileType":"java","lines":[{"lineNumber":1,"author":{"gitId":"e1010101"},"content":"package exceptions;","lastModifiedDate":"2022-08-15"},{"lineNumber":2,"author":{"gitId":"e1010101"},"content":"","lastModifiedDate":"2022-08-15"},{"lineNumber":3,"author":{"gitId":"e1010101"},"content":"public class NoSuchCommandException extends HenryException {","lastModifiedDate":"2022-08-15"},{"lineNumber":4,"author":{"gitId":"e1010101"},"content":"","lastModifiedDate":"2022-08-15"},{"lineNumber":5,"author":{"gitId":"e1010101"},"content":"    public static String ERROR_MESSAGE \u003d","lastModifiedDate":"2022-08-15"},{"lineNumber":6,"author":{"gitId":"e1010101"},"content":"        \"____________________________________________________________\" +","lastModifiedDate":"2022-08-15"},{"lineNumber":7,"author":{"gitId":"e1010101"},"content":"        \"\\n ☹ ERROR! THE COMMAND YOU ENTERED IS NOT RECOGNIZED.\\n\" +","lastModifiedDate":"2022-08-15"},{"lineNumber":8,"author":{"gitId":"e1010101"},"content":"        \"____________________________________________________________\";","lastModifiedDate":"2022-08-15"},{"lineNumber":9,"author":{"gitId":"e1010101"},"content":"","lastModifiedDate":"2022-08-15"},{"lineNumber":10,"author":{"gitId":"e1010101"},"content":"    public NoSuchCommandException() {","lastModifiedDate":"2022-08-15"},{"lineNumber":11,"author":{"gitId":"e1010101"},"content":"        super(ERROR_MESSAGE);","lastModifiedDate":"2022-08-15"},{"lineNumber":12,"author":{"gitId":"e1010101"},"content":"    }","lastModifiedDate":"2022-08-15"},{"lineNumber":13,"author":{"gitId":"e1010101"},"content":"","lastModifiedDate":"2022-08-15"},{"lineNumber":14,"author":{"gitId":"e1010101"},"content":"    public NoSuchCommandException(String message) {","lastModifiedDate":"2022-08-15"},{"lineNumber":15,"author":{"gitId":"e1010101"},"content":"        super(message);","lastModifiedDate":"2022-08-15"},{"lineNumber":16,"author":{"gitId":"e1010101"},"content":"    }","lastModifiedDate":"2022-08-15"},{"lineNumber":17,"author":{"gitId":"e1010101"},"content":"}","lastModifiedDate":"2022-08-15"}],"authorContributionMap":{"e1010101":17}},{"path":"src/main/java/henry/Henry.java","fileType":"java","lines":[{"lineNumber":1,"author":{"gitId":"e1010101"},"content":"package henry;","lastModifiedDate":"2022-08-21"},{"lineNumber":2,"author":{"gitId":"e1010101"},"content":"","lastModifiedDate":"2022-08-21"},{"lineNumber":3,"author":{"gitId":"e1010101"},"content":"import command.Command;","lastModifiedDate":"2022-08-21"},{"lineNumber":4,"author":{"gitId":"e1010101"},"content":"import command.CommandResult;","lastModifiedDate":"2022-08-21"},{"lineNumber":5,"author":{"gitId":"e1010101"},"content":"","lastModifiedDate":"2022-08-21"},{"lineNumber":6,"author":{"gitId":"e1010101"},"content":"import java.io.IOException;","lastModifiedDate":"2022-08-21"},{"lineNumber":7,"author":{"gitId":"e1010101"},"content":"import java.nio.file.Path;","lastModifiedDate":"2022-08-21"},{"lineNumber":8,"author":{"gitId":"e1010101"},"content":"","lastModifiedDate":"2022-08-21"},{"lineNumber":9,"author":{"gitId":"e1010101"},"content":"public class Henry {","lastModifiedDate":"2022-08-21"},{"lineNumber":10,"author":{"gitId":"e1010101"},"content":"","lastModifiedDate":"2022-08-21"},{"lineNumber":11,"author":{"gitId":"e1010101"},"content":"    private final Ui ui;","lastModifiedDate":"2022-08-21"},{"lineNumber":12,"author":{"gitId":"e1010101"},"content":"    private final Storage storage;","lastModifiedDate":"2022-08-21"},{"lineNumber":13,"author":{"gitId":"e1010101"},"content":"    private final TaskList taskList;","lastModifiedDate":"2022-08-21"},{"lineNumber":14,"author":{"gitId":"e1010101"},"content":"    private final Parser parser;","lastModifiedDate":"2022-08-21"},{"lineNumber":15,"author":{"gitId":"e1010101"},"content":"    private static final String home \u003d System.getProperty(\"user.home\");","lastModifiedDate":"2022-08-21"},{"lineNumber":16,"author":{"gitId":"e1010101"},"content":"    private static final Path FILE_PATH \u003d java.nio.file.Paths.get(home, \"Desktop\", \"henry.txt\");","lastModifiedDate":"2022-08-21"},{"lineNumber":17,"author":{"gitId":"e1010101"},"content":"    private boolean isActivated;","lastModifiedDate":"2022-08-21"},{"lineNumber":18,"author":{"gitId":"e1010101"},"content":"","lastModifiedDate":"2022-08-21"},{"lineNumber":19,"author":{"gitId":"e1010101"},"content":"    public Henry() {","lastModifiedDate":"2022-08-21"},{"lineNumber":20,"author":{"gitId":"e1010101"},"content":"        ui \u003d new Ui();","lastModifiedDate":"2022-08-21"},{"lineNumber":21,"author":{"gitId":"e1010101"},"content":"        storage \u003d new Storage(FILE_PATH.toString());","lastModifiedDate":"2022-08-21"},{"lineNumber":22,"author":{"gitId":"e1010101"},"content":"        taskList \u003d new TaskList(storage.load());","lastModifiedDate":"2022-08-21"},{"lineNumber":23,"author":{"gitId":"e1010101"},"content":"        parser \u003d new Parser();","lastModifiedDate":"2022-08-21"},{"lineNumber":24,"author":{"gitId":"e1010101"},"content":"        isActivated \u003d true;","lastModifiedDate":"2022-08-21"},{"lineNumber":25,"author":{"gitId":"e1010101"},"content":"    }","lastModifiedDate":"2022-08-21"},{"lineNumber":26,"author":{"gitId":"e1010101"},"content":"","lastModifiedDate":"2022-08-21"},{"lineNumber":27,"author":{"gitId":"e1010101"},"content":"    public boolean isActivated() {","lastModifiedDate":"2022-08-21"},{"lineNumber":28,"author":{"gitId":"e1010101"},"content":"        return isActivated;","lastModifiedDate":"2022-08-21"},{"lineNumber":29,"author":{"gitId":"e1010101"},"content":"    }","lastModifiedDate":"2022-08-21"},{"lineNumber":30,"author":{"gitId":"e1010101"},"content":"","lastModifiedDate":"2022-08-21"},{"lineNumber":31,"author":{"gitId":"e1010101"},"content":"    public void runProgram() throws IOException {","lastModifiedDate":"2022-08-21"},{"lineNumber":32,"author":{"gitId":"e1010101"},"content":"        Command command;","lastModifiedDate":"2022-08-21"},{"lineNumber":33,"author":{"gitId":"e1010101"},"content":"        String input;","lastModifiedDate":"2022-08-21"},{"lineNumber":34,"author":{"gitId":"e1010101"},"content":"        do {","lastModifiedDate":"2022-08-21"},{"lineNumber":35,"author":{"gitId":"e1010101"},"content":"            System.out.print(\"\\n\u003e \");","lastModifiedDate":"2022-08-21"},{"lineNumber":36,"author":{"gitId":"e1010101"},"content":"            input \u003d ui.getInput();","lastModifiedDate":"2022-08-21"},{"lineNumber":37,"author":{"gitId":"e1010101"},"content":"            if (input.equals(\"bye\")) {","lastModifiedDate":"2022-08-21"},{"lineNumber":38,"author":{"gitId":"e1010101"},"content":"                close();","lastModifiedDate":"2022-08-21"},{"lineNumber":39,"author":{"gitId":"e1010101"},"content":"                break;","lastModifiedDate":"2022-08-21"},{"lineNumber":40,"author":{"gitId":"e1010101"},"content":"            }","lastModifiedDate":"2022-08-21"},{"lineNumber":41,"author":{"gitId":"e1010101"},"content":"            command \u003d parser.parseCommand(input);","lastModifiedDate":"2022-08-21"},{"lineNumber":42,"author":{"gitId":"e1010101"},"content":"            CommandResult result \u003d executeCommand(command);","lastModifiedDate":"2022-08-21"},{"lineNumber":43,"author":{"gitId":"e1010101"},"content":"            ui.output(result.feedback);","lastModifiedDate":"2022-08-21"},{"lineNumber":44,"author":{"gitId":"e1010101"},"content":"        } while (true);","lastModifiedDate":"2022-08-21"},{"lineNumber":45,"author":{"gitId":"e1010101"},"content":"    }","lastModifiedDate":"2022-08-21"},{"lineNumber":46,"author":{"gitId":"e1010101"},"content":"","lastModifiedDate":"2022-08-21"},{"lineNumber":47,"author":{"gitId":"e1010101"},"content":"    private CommandResult executeCommand(Command command) {","lastModifiedDate":"2022-08-21"},{"lineNumber":48,"author":{"gitId":"e1010101"},"content":"        try {","lastModifiedDate":"2022-08-21"},{"lineNumber":49,"author":{"gitId":"e1010101"},"content":"            command.setData(taskList);","lastModifiedDate":"2022-08-21"},{"lineNumber":50,"author":{"gitId":"e1010101"},"content":"            CommandResult result \u003d command.execute();","lastModifiedDate":"2022-08-21"},{"lineNumber":51,"author":{"gitId":"e1010101"},"content":"            storage.appendToFile(taskList.toSimpleString());","lastModifiedDate":"2022-08-22"},{"lineNumber":52,"author":{"gitId":"e1010101"},"content":"            return result;","lastModifiedDate":"2022-08-21"},{"lineNumber":53,"author":{"gitId":"e1010101"},"content":"        } catch (Exception e) {","lastModifiedDate":"2022-08-21"},{"lineNumber":54,"author":{"gitId":"e1010101"},"content":"            ui.output(e.getMessage());","lastModifiedDate":"2022-08-21"},{"lineNumber":55,"author":{"gitId":"e1010101"},"content":"            throw new RuntimeException(e);","lastModifiedDate":"2022-08-21"},{"lineNumber":56,"author":{"gitId":"e1010101"},"content":"        }","lastModifiedDate":"2022-08-21"},{"lineNumber":57,"author":{"gitId":"e1010101"},"content":"    }","lastModifiedDate":"2022-08-21"},{"lineNumber":58,"author":{"gitId":"e1010101"},"content":"","lastModifiedDate":"2022-08-21"},{"lineNumber":59,"author":{"gitId":"e1010101"},"content":"    public void close() {","lastModifiedDate":"2022-08-22"},{"lineNumber":60,"author":{"gitId":"e1010101"},"content":"        ui.close();","lastModifiedDate":"2022-08-21"},{"lineNumber":61,"author":{"gitId":"e1010101"},"content":"        isActivated \u003d false;","lastModifiedDate":"2022-08-21"},{"lineNumber":62,"author":{"gitId":"e1010101"},"content":"    }","lastModifiedDate":"2022-08-21"},{"lineNumber":63,"author":{"gitId":"e1010101"},"content":"}","lastModifiedDate":"2022-08-21"}],"authorContributionMap":{"e1010101":63}},{"path":"src/main/java/henry/Parser.java","fileType":"java","lines":[{"lineNumber":1,"author":{"gitId":"e1010101"},"content":"package henry;","lastModifiedDate":"2022-08-21"},{"lineNumber":2,"author":{"gitId":"e1010101"},"content":"","lastModifiedDate":"2022-08-21"},{"lineNumber":3,"author":{"gitId":"e1010101"},"content":"import command.*;","lastModifiedDate":"2022-08-21"},{"lineNumber":4,"author":{"gitId":"e1010101"},"content":"","lastModifiedDate":"2022-08-21"},{"lineNumber":5,"author":{"gitId":"e1010101"},"content":"import java.time.LocalDateTime;","lastModifiedDate":"2022-08-21"},{"lineNumber":6,"author":{"gitId":"e1010101"},"content":"import java.time.format.DateTimeFormatter;","lastModifiedDate":"2022-08-21"},{"lineNumber":7,"author":{"gitId":"e1010101"},"content":"import java.util.regex.Matcher;","lastModifiedDate":"2022-08-21"},{"lineNumber":8,"author":{"gitId":"e1010101"},"content":"import java.util.regex.Pattern;","lastModifiedDate":"2022-08-21"},{"lineNumber":9,"author":{"gitId":"e1010101"},"content":"","lastModifiedDate":"2022-08-21"},{"lineNumber":10,"author":{"gitId":"e1010101"},"content":"public class Parser {","lastModifiedDate":"2022-08-21"},{"lineNumber":11,"author":{"gitId":"e1010101"},"content":"","lastModifiedDate":"2022-08-21"},{"lineNumber":12,"author":{"gitId":"e1010101"},"content":"    private static final Pattern BASIC_COMMAND_FORMAT \u003d Pattern.compile(\"(?\u003ccommand\u003e\\\\S*)(?\u003cargs\u003e.*)\");","lastModifiedDate":"2022-08-21"},{"lineNumber":13,"author":{"gitId":"e1010101"},"content":"    private static final Pattern DEADLINE_FORMAT \u003d Pattern.compile(\"(?\u003cdesc\u003e.+) /by \"","lastModifiedDate":"2022-08-22"},{"lineNumber":14,"author":{"gitId":"e1010101"},"content":"                                                                   + \"(?\u003cdateTime\u003e\\\\d{2}-\\\\d{2}-\\\\d{4} \"","lastModifiedDate":"2022-08-22"},{"lineNumber":15,"author":{"gitId":"e1010101"},"content":"                                                                   + \"\\\\d{2}:\\\\d{2})\");","lastModifiedDate":"2022-08-21"},{"lineNumber":16,"author":{"gitId":"e1010101"},"content":"","lastModifiedDate":"2022-08-21"},{"lineNumber":17,"author":{"gitId":"e1010101"},"content":"    private static final Pattern EVENT_FORMAT \u003d Pattern.compile(\"(?\u003cdesc\u003e.+) /at \"","lastModifiedDate":"2022-08-22"},{"lineNumber":18,"author":{"gitId":"e1010101"},"content":"                                                                + \"(?\u003cdateTime\u003e\\\\d{2}-\\\\d{2}-\\\\d{4} \"","lastModifiedDate":"2022-08-22"},{"lineNumber":19,"author":{"gitId":"e1010101"},"content":"                                                                + \"\\\\d{2}:\\\\d{2})\");","lastModifiedDate":"2022-08-21"},{"lineNumber":20,"author":{"gitId":"e1010101"},"content":"    private static final String DATE_FORMATTER \u003d \"dd-MM-yyyy HH:mm\";","lastModifiedDate":"2022-08-21"},{"lineNumber":21,"author":{"gitId":"e1010101"},"content":"    private final DateTimeFormatter formatter \u003d DateTimeFormatter.ofPattern(DATE_FORMATTER);","lastModifiedDate":"2022-08-21"},{"lineNumber":22,"author":{"gitId":"e1010101"},"content":"","lastModifiedDate":"2022-08-21"},{"lineNumber":23,"author":{"gitId":"e1010101"},"content":"    public Command parseCommand(String text) {","lastModifiedDate":"2022-08-21"},{"lineNumber":24,"author":{"gitId":"e1010101"},"content":"        Matcher matcher \u003d BASIC_COMMAND_FORMAT.matcher(text.trim());","lastModifiedDate":"2022-08-21"},{"lineNumber":25,"author":{"gitId":"e1010101"},"content":"        if (!matcher.matches()) {","lastModifiedDate":"2022-08-21"},{"lineNumber":26,"author":{"gitId":"e1010101"},"content":"            return new ErrorCommand(\"UNKNOWN COMMAND!\");","lastModifiedDate":"2022-08-21"},{"lineNumber":27,"author":{"gitId":"e1010101"},"content":"        }","lastModifiedDate":"2022-08-21"},{"lineNumber":28,"author":{"gitId":"e1010101"},"content":"        String command \u003d matcher.group(\"command\");","lastModifiedDate":"2022-08-21"},{"lineNumber":29,"author":{"gitId":"e1010101"},"content":"        String args \u003d matcher.group(\"args\");","lastModifiedDate":"2022-08-21"},{"lineNumber":30,"author":{"gitId":"e1010101"},"content":"        switch (command) {","lastModifiedDate":"2022-08-21"},{"lineNumber":31,"author":{"gitId":"e1010101"},"content":"        case EchoCommand.COMMAND_WORD:","lastModifiedDate":"2022-08-21"},{"lineNumber":32,"author":{"gitId":"e1010101"},"content":"            return new EchoCommand(args);","lastModifiedDate":"2022-08-21"},{"lineNumber":33,"author":{"gitId":"e1010101"},"content":"        case MarkCommand.COMMAND_WORD:","lastModifiedDate":"2022-08-21"},{"lineNumber":34,"author":{"gitId":"e1010101"},"content":"            if (checkArgsFormat(args)) {","lastModifiedDate":"2022-08-21"},{"lineNumber":35,"author":{"gitId":"e1010101"},"content":"                return new ErrorCommand(\"ARGUMENT IS NOT A NUMBER!\");","lastModifiedDate":"2022-08-21"},{"lineNumber":36,"author":{"gitId":"e1010101"},"content":"            }","lastModifiedDate":"2022-08-21"},{"lineNumber":37,"author":{"gitId":"e1010101"},"content":"            return new MarkCommand(Integer.parseInt(args.trim()));","lastModifiedDate":"2022-08-21"},{"lineNumber":38,"author":{"gitId":"e1010101"},"content":"        case UnmarkCommand.COMMAND_WORD:","lastModifiedDate":"2022-08-21"},{"lineNumber":39,"author":{"gitId":"e1010101"},"content":"            if (checkArgsFormat(args)) {","lastModifiedDate":"2022-08-21"},{"lineNumber":40,"author":{"gitId":"e1010101"},"content":"                return new ErrorCommand(\"ARGUMENT IS NOT A NUMBER!\");","lastModifiedDate":"2022-08-21"},{"lineNumber":41,"author":{"gitId":"e1010101"},"content":"            }","lastModifiedDate":"2022-08-21"},{"lineNumber":42,"author":{"gitId":"e1010101"},"content":"            return new UnmarkCommand(Integer.parseInt(args.trim()));","lastModifiedDate":"2022-08-21"},{"lineNumber":43,"author":{"gitId":"e1010101"},"content":"        case DeleteCommand.COMMAND_WORD:","lastModifiedDate":"2022-08-21"},{"lineNumber":44,"author":{"gitId":"e1010101"},"content":"            if (checkArgsFormat(args)) {","lastModifiedDate":"2022-08-21"},{"lineNumber":45,"author":{"gitId":"e1010101"},"content":"                return new ErrorCommand(\"ARGUMENT IS NOT A NUMBER!\");","lastModifiedDate":"2022-08-21"},{"lineNumber":46,"author":{"gitId":"e1010101"},"content":"            }","lastModifiedDate":"2022-08-21"},{"lineNumber":47,"author":{"gitId":"e1010101"},"content":"            return new DeleteCommand(Integer.parseInt(args.trim()));","lastModifiedDate":"2022-08-21"},{"lineNumber":48,"author":{"gitId":"e1010101"},"content":"        case ListCommand.COMMAND_WORD:","lastModifiedDate":"2022-08-21"},{"lineNumber":49,"author":{"gitId":"e1010101"},"content":"            return new ListCommand();","lastModifiedDate":"2022-08-21"},{"lineNumber":50,"author":{"gitId":"e1010101"},"content":"        case TodoCommand.COMMAND_WORD:","lastModifiedDate":"2022-08-21"},{"lineNumber":51,"author":{"gitId":"e1010101"},"content":"            return new TodoCommand(args);","lastModifiedDate":"2022-08-21"},{"lineNumber":52,"author":{"gitId":"e1010101"},"content":"        case DeadlineCommand.COMMAND_WORD:","lastModifiedDate":"2022-08-21"},{"lineNumber":53,"author":{"gitId":"e1010101"},"content":"            return parseDeadlineArgs(args);","lastModifiedDate":"2022-08-21"},{"lineNumber":54,"author":{"gitId":"e1010101"},"content":"        case EventCommand.COMMAND_WORD:","lastModifiedDate":"2022-08-21"},{"lineNumber":55,"author":{"gitId":"e1010101"},"content":"            return parseEventArgs(args);","lastModifiedDate":"2022-08-21"},{"lineNumber":56,"author":{"gitId":"e1010101"},"content":"        default:","lastModifiedDate":"2022-08-21"},{"lineNumber":57,"author":{"gitId":"e1010101"},"content":"            return new ErrorCommand(\"UNKNOWN COMMAND!\");","lastModifiedDate":"2022-08-21"},{"lineNumber":58,"author":{"gitId":"e1010101"},"content":"        }","lastModifiedDate":"2022-08-21"},{"lineNumber":59,"author":{"gitId":"e1010101"},"content":"    }","lastModifiedDate":"2022-08-21"},{"lineNumber":60,"author":{"gitId":"e1010101"},"content":"","lastModifiedDate":"2022-08-21"},{"lineNumber":61,"author":{"gitId":"e1010101"},"content":"    private Command parseDeadlineArgs(String args) {","lastModifiedDate":"2022-08-21"},{"lineNumber":62,"author":{"gitId":"e1010101"},"content":"        Matcher matcher \u003d DEADLINE_FORMAT.matcher(args.trim());","lastModifiedDate":"2022-08-21"},{"lineNumber":63,"author":{"gitId":"e1010101"},"content":"        if (!matcher.matches()) {","lastModifiedDate":"2022-08-21"},{"lineNumber":64,"author":{"gitId":"e1010101"},"content":"            return new ErrorCommand(\"ARGUMENT HAS THE WRONG FORMAT!\");","lastModifiedDate":"2022-08-21"},{"lineNumber":65,"author":{"gitId":"e1010101"},"content":"        }","lastModifiedDate":"2022-08-21"},{"lineNumber":66,"author":{"gitId":"e1010101"},"content":"        String description \u003d matcher.group(\"desc\");","lastModifiedDate":"2022-08-21"},{"lineNumber":67,"author":{"gitId":"e1010101"},"content":"        String dateTime \u003d matcher.group(\"dateTime\");","lastModifiedDate":"2022-08-21"},{"lineNumber":68,"author":{"gitId":"e1010101"},"content":"        try {","lastModifiedDate":"2022-08-21"},{"lineNumber":69,"author":{"gitId":"e1010101"},"content":"            return new DeadlineCommand(description, LocalDateTime.parse(dateTime, formatter));","lastModifiedDate":"2022-08-21"},{"lineNumber":70,"author":{"gitId":"e1010101"},"content":"        } catch (NumberFormatException e) {","lastModifiedDate":"2022-08-21"},{"lineNumber":71,"author":{"gitId":"e1010101"},"content":"            return new ErrorCommand(\"DATE AND TIME NUMBERS ARE OUT OF RANGE!\");","lastModifiedDate":"2022-08-21"},{"lineNumber":72,"author":{"gitId":"e1010101"},"content":"        }","lastModifiedDate":"2022-08-21"},{"lineNumber":73,"author":{"gitId":"e1010101"},"content":"    }","lastModifiedDate":"2022-08-21"},{"lineNumber":74,"author":{"gitId":"e1010101"},"content":"","lastModifiedDate":"2022-08-21"},{"lineNumber":75,"author":{"gitId":"e1010101"},"content":"    private Command parseEventArgs(String args) {","lastModifiedDate":"2022-08-21"},{"lineNumber":76,"author":{"gitId":"e1010101"},"content":"        Matcher matcher \u003d EVENT_FORMAT.matcher(args.trim());","lastModifiedDate":"2022-08-21"},{"lineNumber":77,"author":{"gitId":"e1010101"},"content":"        if (!matcher.matches()) {","lastModifiedDate":"2022-08-21"},{"lineNumber":78,"author":{"gitId":"e1010101"},"content":"            return new ErrorCommand(\"ARGUMENT HAS THE WRONG FORMAT!\");","lastModifiedDate":"2022-08-21"},{"lineNumber":79,"author":{"gitId":"e1010101"},"content":"        }","lastModifiedDate":"2022-08-21"},{"lineNumber":80,"author":{"gitId":"e1010101"},"content":"        String description \u003d matcher.group(\"desc\");","lastModifiedDate":"2022-08-21"},{"lineNumber":81,"author":{"gitId":"e1010101"},"content":"        String dateTime \u003d matcher.group(\"dateTime\");","lastModifiedDate":"2022-08-21"},{"lineNumber":82,"author":{"gitId":"e1010101"},"content":"        try {","lastModifiedDate":"2022-08-21"},{"lineNumber":83,"author":{"gitId":"e1010101"},"content":"            return new EventCommand(description, LocalDateTime.parse(dateTime, formatter));","lastModifiedDate":"2022-08-22"},{"lineNumber":84,"author":{"gitId":"e1010101"},"content":"        } catch (NumberFormatException e) {","lastModifiedDate":"2022-08-21"},{"lineNumber":85,"author":{"gitId":"e1010101"},"content":"            return new ErrorCommand(\"DATE AND TIME NUMBERS ARE OUT OF RANGE!\");","lastModifiedDate":"2022-08-21"},{"lineNumber":86,"author":{"gitId":"e1010101"},"content":"        }","lastModifiedDate":"2022-08-21"},{"lineNumber":87,"author":{"gitId":"e1010101"},"content":"    }","lastModifiedDate":"2022-08-21"},{"lineNumber":88,"author":{"gitId":"e1010101"},"content":"","lastModifiedDate":"2022-08-21"},{"lineNumber":89,"author":{"gitId":"e1010101"},"content":"    private boolean checkArgsFormat(String args) {","lastModifiedDate":"2022-08-21"},{"lineNumber":90,"author":{"gitId":"e1010101"},"content":"        return !args.matches(\"\\\\d+\");","lastModifiedDate":"2022-08-21"},{"lineNumber":91,"author":{"gitId":"e1010101"},"content":"    }","lastModifiedDate":"2022-08-21"},{"lineNumber":92,"author":{"gitId":"e1010101"},"content":"}","lastModifiedDate":"2022-08-21"}],"authorContributionMap":{"e1010101":92}},{"path":"src/main/java/henry/Storage.java","fileType":"java","lines":[{"lineNumber":1,"author":{"gitId":"e1010101"},"content":"package henry;","lastModifiedDate":"2022-08-21"},{"lineNumber":2,"author":{"gitId":"e1010101"},"content":"","lastModifiedDate":"2022-08-21"},{"lineNumber":3,"author":{"gitId":"e1010101"},"content":"import command.Commands;","lastModifiedDate":"2022-08-21"},{"lineNumber":4,"author":{"gitId":"e1010101"},"content":"","lastModifiedDate":"2022-08-21"},{"lineNumber":5,"author":{"gitId":"e1010101"},"content":"import java.io.File;","lastModifiedDate":"2022-08-21"},{"lineNumber":6,"author":{"gitId":"e1010101"},"content":"import java.io.FileNotFoundException;","lastModifiedDate":"2022-08-21"},{"lineNumber":7,"author":{"gitId":"e1010101"},"content":"import java.io.FileWriter;","lastModifiedDate":"2022-08-21"},{"lineNumber":8,"author":{"gitId":"e1010101"},"content":"import java.io.IOException;","lastModifiedDate":"2022-08-21"},{"lineNumber":9,"author":{"gitId":"e1010101"},"content":"import java.nio.file.Path;","lastModifiedDate":"2022-08-21"},{"lineNumber":10,"author":{"gitId":"e1010101"},"content":"import java.time.LocalDate;","lastModifiedDate":"2022-08-21"},{"lineNumber":11,"author":{"gitId":"e1010101"},"content":"import java.time.LocalDateTime;","lastModifiedDate":"2022-08-21"},{"lineNumber":12,"author":{"gitId":"e1010101"},"content":"import java.util.ArrayList;","lastModifiedDate":"2022-08-21"},{"lineNumber":13,"author":{"gitId":"e1010101"},"content":"import java.util.Arrays;","lastModifiedDate":"2022-08-22"},{"lineNumber":14,"author":{"gitId":"e1010101"},"content":"import java.util.List;","lastModifiedDate":"2022-08-21"},{"lineNumber":15,"author":{"gitId":"e1010101"},"content":"import java.util.Scanner;","lastModifiedDate":"2022-08-21"},{"lineNumber":16,"author":{"gitId":"e1010101"},"content":"","lastModifiedDate":"2022-08-21"},{"lineNumber":17,"author":{"gitId":"e1010101"},"content":"public class Storage {","lastModifiedDate":"2022-08-21"},{"lineNumber":18,"author":{"gitId":"e1010101"},"content":"","lastModifiedDate":"2022-08-21"},{"lineNumber":19,"author":{"gitId":"e1010101"},"content":"    private final String filePath;","lastModifiedDate":"2022-08-21"},{"lineNumber":20,"author":{"gitId":"e1010101"},"content":"    private static final String home \u003d System.getProperty(\"user.home\");","lastModifiedDate":"2022-08-21"},{"lineNumber":21,"author":{"gitId":"e1010101"},"content":"    private static final Path FILE_PATH \u003d java.nio.file.Paths.get(home, \"Desktop\", \"henry.txt\");","lastModifiedDate":"2022-08-21"},{"lineNumber":22,"author":{"gitId":"e1010101"},"content":"    private List\u003cTask\u003e tasks;","lastModifiedDate":"2022-08-21"},{"lineNumber":23,"author":{"gitId":"e1010101"},"content":"","lastModifiedDate":"2022-08-21"},{"lineNumber":24,"author":{"gitId":"e1010101"},"content":"    public Storage(String filePath) {","lastModifiedDate":"2022-08-21"},{"lineNumber":25,"author":{"gitId":"e1010101"},"content":"        this.filePath \u003d filePath;","lastModifiedDate":"2022-08-21"},{"lineNumber":26,"author":{"gitId":"e1010101"},"content":"        try {","lastModifiedDate":"2022-08-21"},{"lineNumber":27,"author":{"gitId":"e1010101"},"content":"            File savedList \u003d new File(filePath);","lastModifiedDate":"2022-08-21"},{"lineNumber":28,"author":{"gitId":"e1010101"},"content":"            if (savedList.createNewFile()) {","lastModifiedDate":"2022-08-21"},{"lineNumber":29,"author":{"gitId":"e1010101"},"content":"                tasks \u003d new ArrayList\u003c\u003e();","lastModifiedDate":"2022-08-21"},{"lineNumber":30,"author":{"gitId":"e1010101"},"content":"            } else {","lastModifiedDate":"2022-08-21"},{"lineNumber":31,"author":{"gitId":"e1010101"},"content":"                tasks \u003d parseTasksFromFile(savedList);","lastModifiedDate":"2022-08-21"},{"lineNumber":32,"author":{"gitId":"e1010101"},"content":"            }","lastModifiedDate":"2022-08-21"},{"lineNumber":33,"author":{"gitId":"e1010101"},"content":"        } catch (IOException e) {","lastModifiedDate":"2022-08-21"},{"lineNumber":34,"author":{"gitId":"e1010101"},"content":"            e.printStackTrace();","lastModifiedDate":"2022-08-21"},{"lineNumber":35,"author":{"gitId":"e1010101"},"content":"        }","lastModifiedDate":"2022-08-21"},{"lineNumber":36,"author":{"gitId":"e1010101"},"content":"    }","lastModifiedDate":"2022-08-21"},{"lineNumber":37,"author":{"gitId":"e1010101"},"content":"","lastModifiedDate":"2022-08-21"},{"lineNumber":38,"author":{"gitId":"e1010101"},"content":"    public List\u003cTask\u003e load() {","lastModifiedDate":"2022-08-21"},{"lineNumber":39,"author":{"gitId":"e1010101"},"content":"        return tasks;","lastModifiedDate":"2022-08-21"},{"lineNumber":40,"author":{"gitId":"e1010101"},"content":"    }","lastModifiedDate":"2022-08-21"},{"lineNumber":41,"author":{"gitId":"e1010101"},"content":"","lastModifiedDate":"2022-08-21"},{"lineNumber":42,"author":{"gitId":"e1010101"},"content":"    private List\u003cTask\u003e parseTasksFromFile(File savedList) throws FileNotFoundException {","lastModifiedDate":"2022-08-21"},{"lineNumber":43,"author":{"gitId":"e1010101"},"content":"        Scanner s \u003d new Scanner(savedList);","lastModifiedDate":"2022-08-21"},{"lineNumber":44,"author":{"gitId":"e1010101"},"content":"        List\u003cTask\u003e tasks \u003d new ArrayList\u003c\u003e();","lastModifiedDate":"2022-08-21"},{"lineNumber":45,"author":{"gitId":"e1010101"},"content":"        while (s.hasNextLine()) {","lastModifiedDate":"2022-08-21"},{"lineNumber":46,"author":{"gitId":"e1010101"},"content":"            String line \u003d s.nextLine();","lastModifiedDate":"2022-08-21"},{"lineNumber":47,"author":{"gitId":"e1010101"},"content":"            String[] tokens \u003d line.split(\"\\\\|\");","lastModifiedDate":"2022-08-21"},{"lineNumber":48,"author":{"gitId":"e1010101"},"content":"            Commands type;","lastModifiedDate":"2022-08-21"},{"lineNumber":49,"author":{"gitId":"e1010101"},"content":"            String description;","lastModifiedDate":"2022-08-21"},{"lineNumber":50,"author":{"gitId":"e1010101"},"content":"            LocalDateTime date \u003d null;","lastModifiedDate":"2022-08-21"},{"lineNumber":51,"author":{"gitId":"e1010101"},"content":"            boolean isComplete;","lastModifiedDate":"2022-08-21"},{"lineNumber":52,"author":{"gitId":"e1010101"},"content":"","lastModifiedDate":"2022-08-21"},{"lineNumber":53,"author":{"gitId":"e1010101"},"content":"            String prefix;","lastModifiedDate":"2022-08-21"},{"lineNumber":54,"author":{"gitId":"e1010101"},"content":"            String cleaned;","lastModifiedDate":"2022-08-21"},{"lineNumber":55,"author":{"gitId":"e1010101"},"content":"            prefix \u003d tokens[0].trim();","lastModifiedDate":"2022-08-21"},{"lineNumber":56,"author":{"gitId":"e1010101"},"content":"            switch (prefix) {","lastModifiedDate":"2022-08-21"},{"lineNumber":57,"author":{"gitId":"e1010101"},"content":"            case \"T\":","lastModifiedDate":"2022-08-21"},{"lineNumber":58,"author":{"gitId":"e1010101"},"content":"                type \u003d Commands.TODO;","lastModifiedDate":"2022-08-21"},{"lineNumber":59,"author":{"gitId":"e1010101"},"content":"                isComplete \u003d tokens[1].trim().equals(\"1\");","lastModifiedDate":"2022-08-21"},{"lineNumber":60,"author":{"gitId":"e1010101"},"content":"                description \u003d tokens[2].trim();","lastModifiedDate":"2022-08-21"},{"lineNumber":61,"author":{"gitId":"e1010101"},"content":"                break;","lastModifiedDate":"2022-08-21"},{"lineNumber":62,"author":{"gitId":"e1010101"},"content":"            case \"D\":","lastModifiedDate":"2022-08-21"},{"lineNumber":63,"author":{"gitId":"e1010101"},"content":"                type \u003d Commands.DEADLINE;","lastModifiedDate":"2022-08-21"},{"lineNumber":64,"author":{"gitId":"e1010101"},"content":"                isComplete \u003d tokens[1].trim().equals(\"1\");","lastModifiedDate":"2022-08-21"},{"lineNumber":65,"author":{"gitId":"e1010101"},"content":"                description \u003d tokens[2].trim();","lastModifiedDate":"2022-08-21"},{"lineNumber":66,"author":{"gitId":"e1010101"},"content":"                cleaned \u003d tokens[3].replace(\"(by:\", \"\").replace(\")\", \"\").trim();","lastModifiedDate":"2022-08-21"},{"lineNumber":67,"author":{"gitId":"e1010101"},"content":"                date \u003d parseDateTime(cleaned.split(\" \")[0], cleaned.split(\" \")[1]);","lastModifiedDate":"2022-08-21"},{"lineNumber":68,"author":{"gitId":"e1010101"},"content":"                break;","lastModifiedDate":"2022-08-21"},{"lineNumber":69,"author":{"gitId":"e1010101"},"content":"            default:","lastModifiedDate":"2022-08-21"},{"lineNumber":70,"author":{"gitId":"e1010101"},"content":"                type \u003d Commands.EVENT;","lastModifiedDate":"2022-08-21"},{"lineNumber":71,"author":{"gitId":"e1010101"},"content":"                isComplete \u003d tokens[1].trim().equals(\"1\");","lastModifiedDate":"2022-08-21"},{"lineNumber":72,"author":{"gitId":"e1010101"},"content":"                description \u003d tokens[2].trim();","lastModifiedDate":"2022-08-21"},{"lineNumber":73,"author":{"gitId":"e1010101"},"content":"                cleaned \u003d tokens[3].replace(\"(by:\", \"\").replace(\")\", \"\").trim();","lastModifiedDate":"2022-08-21"},{"lineNumber":74,"author":{"gitId":"e1010101"},"content":"                date \u003d parseDateTime(cleaned.split(\" \")[0], cleaned.split(\" \")[1]);","lastModifiedDate":"2022-08-21"},{"lineNumber":75,"author":{"gitId":"e1010101"},"content":"                break;","lastModifiedDate":"2022-08-21"},{"lineNumber":76,"author":{"gitId":"e1010101"},"content":"            }","lastModifiedDate":"2022-08-21"},{"lineNumber":77,"author":{"gitId":"e1010101"},"content":"            tasks.add(new Task(type, description, date, isComplete));","lastModifiedDate":"2022-08-21"},{"lineNumber":78,"author":{"gitId":"e1010101"},"content":"        }","lastModifiedDate":"2022-08-21"},{"lineNumber":79,"author":{"gitId":"e1010101"},"content":"        return tasks;","lastModifiedDate":"2022-08-21"},{"lineNumber":80,"author":{"gitId":"e1010101"},"content":"    }","lastModifiedDate":"2022-08-21"},{"lineNumber":81,"author":{"gitId":"e1010101"},"content":"","lastModifiedDate":"2022-08-21"},{"lineNumber":82,"author":{"gitId":"e1010101"},"content":"    private LocalDateTime parseDateTime(String date, String time) {","lastModifiedDate":"2022-08-21"},{"lineNumber":83,"author":{"gitId":"e1010101"},"content":"        String[] tokens \u003d date.split(\"-\");","lastModifiedDate":"2022-08-21"},{"lineNumber":84,"author":{"gitId":"e1010101"},"content":"        String[] timeTokens \u003d time.split(\":\");","lastModifiedDate":"2022-08-21"},{"lineNumber":85,"author":{"gitId":"e1010101"},"content":"        return LocalDate.of(Integer.parseInt(tokens[2]), Integer.parseInt(tokens[1]), Integer.parseInt(tokens[0]))","lastModifiedDate":"2022-08-21"},{"lineNumber":86,"author":{"gitId":"e1010101"},"content":"                        .atTime(Integer.parseInt(timeTokens[0]), Integer.parseInt(timeTokens[1]));","lastModifiedDate":"2022-08-21"},{"lineNumber":87,"author":{"gitId":"e1010101"},"content":"    }","lastModifiedDate":"2022-08-21"},{"lineNumber":88,"author":{"gitId":"e1010101"},"content":"","lastModifiedDate":"2022-08-21"},{"lineNumber":89,"author":{"gitId":"e1010101"},"content":"    public void appendToFile(String textToAdd) throws IOException {","lastModifiedDate":"2022-08-21"},{"lineNumber":90,"author":{"gitId":"e1010101"},"content":"        FileWriter fw \u003d new FileWriter(filePath);","lastModifiedDate":"2022-08-22"},{"lineNumber":91,"author":{"gitId":"e1010101"},"content":"        fw.write(textToAdd + \"\\n\");","lastModifiedDate":"2022-08-21"},{"lineNumber":92,"author":{"gitId":"e1010101"},"content":"        fw.close();","lastModifiedDate":"2022-08-21"},{"lineNumber":93,"author":{"gitId":"e1010101"},"content":"    }","lastModifiedDate":"2022-08-21"},{"lineNumber":94,"author":{"gitId":"e1010101"},"content":"}","lastModifiedDate":"2022-08-21"}],"authorContributionMap":{"e1010101":94}},{"path":"src/main/java/henry/Task.java","fileType":"java","lines":[{"lineNumber":1,"author":{"gitId":"e1010101"},"content":"package henry;","lastModifiedDate":"2022-08-21"},{"lineNumber":2,"author":{"gitId":"e1010101"},"content":"","lastModifiedDate":"2022-08-21"},{"lineNumber":3,"author":{"gitId":"e1010101"},"content":"import command.Commands;","lastModifiedDate":"2022-08-21"},{"lineNumber":4,"author":{"gitId":"e1010101"},"content":"","lastModifiedDate":"2022-08-21"},{"lineNumber":5,"author":{"gitId":"e1010101"},"content":"import java.time.LocalDateTime;","lastModifiedDate":"2022-08-20"},{"lineNumber":6,"author":{"gitId":"e1010101"},"content":"import java.time.format.DateTimeFormatter;","lastModifiedDate":"2022-08-21"},{"lineNumber":7,"author":{"gitId":"e1010101"},"content":"","lastModifiedDate":"2022-08-20"},{"lineNumber":8,"author":{"gitId":"e1010101"},"content":"public class Task {","lastModifiedDate":"2022-08-15"},{"lineNumber":9,"author":{"gitId":"e1010101"},"content":"    protected String description;","lastModifiedDate":"2022-08-15"},{"lineNumber":10,"author":{"gitId":"e1010101"},"content":"    protected boolean isDone;","lastModifiedDate":"2022-08-15"},{"lineNumber":11,"author":{"gitId":"e1010101"},"content":"    private final Commands type;","lastModifiedDate":"2022-08-20"},{"lineNumber":12,"author":{"gitId":"e1010101"},"content":"    private final LocalDateTime date;","lastModifiedDate":"2022-08-20"},{"lineNumber":13,"author":{"gitId":"e1010101"},"content":"","lastModifiedDate":"2022-08-15"},{"lineNumber":14,"author":{"gitId":"e1010101"},"content":"    public Task(Commands type, String description, LocalDateTime date) {","lastModifiedDate":"2022-08-20"},{"lineNumber":15,"author":{"gitId":"e1010101"},"content":"        this(type, description, date, false);","lastModifiedDate":"2022-08-20"},{"lineNumber":16,"author":{"gitId":"e1010101"},"content":"    }","lastModifiedDate":"2022-08-20"},{"lineNumber":17,"author":{"gitId":"e1010101"},"content":"","lastModifiedDate":"2022-08-20"},{"lineNumber":18,"author":{"gitId":"e1010101"},"content":"    public Task(Commands type, String description, LocalDateTime date, boolean isDone) {","lastModifiedDate":"2022-08-20"},{"lineNumber":19,"author":{"gitId":"e1010101"},"content":"        this.type \u003d type;","lastModifiedDate":"2022-08-15"},{"lineNumber":20,"author":{"gitId":"e1010101"},"content":"        this.description \u003d description;","lastModifiedDate":"2022-08-15"},{"lineNumber":21,"author":{"gitId":"e1010101"},"content":"        this.date \u003d date;","lastModifiedDate":"2022-08-20"},{"lineNumber":22,"author":{"gitId":"e1010101"},"content":"        this.isDone \u003d isDone;","lastModifiedDate":"2022-08-21"},{"lineNumber":23,"author":{"gitId":"e1010101"},"content":"    }","lastModifiedDate":"2022-08-15"},{"lineNumber":24,"author":{"gitId":"e1010101"},"content":"","lastModifiedDate":"2022-08-15"},{"lineNumber":25,"author":{"gitId":"e1010101"},"content":"    public String getStatusIcon() {","lastModifiedDate":"2022-08-15"},{"lineNumber":26,"author":{"gitId":"e1010101"},"content":"        return isDone ? \"[X]\" : \"[ ]\"; // mark done task with X","lastModifiedDate":"2022-08-15"},{"lineNumber":27,"author":{"gitId":"e1010101"},"content":"    }","lastModifiedDate":"2022-08-15"},{"lineNumber":28,"author":{"gitId":"e1010101"},"content":"","lastModifiedDate":"2022-08-15"},{"lineNumber":29,"author":{"gitId":"e1010101"},"content":"    public void setComplete(boolean status) {","lastModifiedDate":"2022-08-15"},{"lineNumber":30,"author":{"gitId":"e1010101"},"content":"        this.isDone \u003d status;","lastModifiedDate":"2022-08-15"},{"lineNumber":31,"author":{"gitId":"e1010101"},"content":"    }","lastModifiedDate":"2022-08-15"},{"lineNumber":32,"author":{"gitId":"e1010101"},"content":"","lastModifiedDate":"2022-08-15"},{"lineNumber":33,"author":{"gitId":"e1010101"},"content":"    @Override","lastModifiedDate":"2022-08-15"},{"lineNumber":34,"author":{"gitId":"e1010101"},"content":"    public String toString() {","lastModifiedDate":"2022-08-15"},{"lineNumber":35,"author":{"gitId":"e1010101"},"content":"        DateTimeFormatter formatter \u003d DateTimeFormatter.ofPattern(\"dd-MM-yyyy HH:mm\");","lastModifiedDate":"2022-08-21"},{"lineNumber":36,"author":{"gitId":"e1010101"},"content":"        switch (type) {","lastModifiedDate":"2022-08-15"},{"lineNumber":37,"author":{"gitId":"e1010101"},"content":"        case TODO:","lastModifiedDate":"2022-08-15"},{"lineNumber":38,"author":{"gitId":"e1010101"},"content":"            return \"[T]\" + getStatusIcon() + \" \" + description;","lastModifiedDate":"2022-08-20"},{"lineNumber":39,"author":{"gitId":"e1010101"},"content":"        case DEADLINE:","lastModifiedDate":"2022-08-15"},{"lineNumber":40,"author":{"gitId":"e1010101"},"content":"            return \"[D]\" + getStatusIcon() + \" \" + description + \" (by: \"","lastModifiedDate":"2022-08-20"},{"lineNumber":41,"author":{"gitId":"e1010101"},"content":"                   + date.format(formatter).replace(\"T\", \" \") + \")\";","lastModifiedDate":"2022-08-21"},{"lineNumber":42,"author":{"gitId":"e1010101"},"content":"        default:","lastModifiedDate":"2022-08-20"},{"lineNumber":43,"author":{"gitId":"e1010101"},"content":"            return \"[E]\" + getStatusIcon() + \" \" + description + \" (at: \"","lastModifiedDate":"2022-08-20"},{"lineNumber":44,"author":{"gitId":"e1010101"},"content":"                   + date.format(formatter).replace(\"T\", \" \") + \")\";","lastModifiedDate":"2022-08-21"},{"lineNumber":45,"author":{"gitId":"e1010101"},"content":"        }","lastModifiedDate":"2022-08-20"},{"lineNumber":46,"author":{"gitId":"e1010101"},"content":"    }","lastModifiedDate":"2022-08-20"},{"lineNumber":47,"author":{"gitId":"e1010101"},"content":"","lastModifiedDate":"2022-08-20"},{"lineNumber":48,"author":{"gitId":"e1010101"},"content":"    public String toSimpleString() {","lastModifiedDate":"2022-08-20"},{"lineNumber":49,"author":{"gitId":"e1010101"},"content":"        DateTimeFormatter formatter \u003d DateTimeFormatter.ofPattern(\"dd-MM-yyyy HH:mm\");","lastModifiedDate":"2022-08-21"},{"lineNumber":50,"author":{"gitId":"e1010101"},"content":"        description \u003d description.trim();","lastModifiedDate":"2022-08-22"},{"lineNumber":51,"author":{"gitId":"e1010101"},"content":"        switch (type) {","lastModifiedDate":"2022-08-20"},{"lineNumber":52,"author":{"gitId":"e1010101"},"content":"        case TODO:","lastModifiedDate":"2022-08-20"},{"lineNumber":53,"author":{"gitId":"e1010101"},"content":"            return \"T | \" + (isDone ? 1 : 0) + \" | \" + description;","lastModifiedDate":"2022-08-20"},{"lineNumber":54,"author":{"gitId":"e1010101"},"content":"        case DEADLINE:","lastModifiedDate":"2022-08-20"},{"lineNumber":55,"author":{"gitId":"e1010101"},"content":"            return \"D | \" + (isDone ? 1 : 0) + \" | \" + description + \" | (by: \"","lastModifiedDate":"2022-08-20"},{"lineNumber":56,"author":{"gitId":"e1010101"},"content":"                   + date.format(formatter).replace(\"T\", \" \") + \")\";","lastModifiedDate":"2022-08-21"},{"lineNumber":57,"author":{"gitId":"e1010101"},"content":"        default:","lastModifiedDate":"2022-08-15"},{"lineNumber":58,"author":{"gitId":"e1010101"},"content":"            return \"E | \" + (isDone ? 1 : 0) + \" | \" + description + \" | (at: \"","lastModifiedDate":"2022-08-22"},{"lineNumber":59,"author":{"gitId":"e1010101"},"content":"                   + date.format(formatter).replace(\"T\", \" \") + \")\";","lastModifiedDate":"2022-08-21"},{"lineNumber":60,"author":{"gitId":"e1010101"},"content":"        }","lastModifiedDate":"2022-08-15"},{"lineNumber":61,"author":{"gitId":"e1010101"},"content":"    }","lastModifiedDate":"2022-08-15"},{"lineNumber":62,"author":{"gitId":"e1010101"},"content":"}","lastModifiedDate":"2022-08-15"}],"authorContributionMap":{"e1010101":62}},{"path":"src/main/java/henry/TaskList.java","fileType":"java","lines":[{"lineNumber":1,"author":{"gitId":"e1010101"},"content":"package henry;","lastModifiedDate":"2022-08-21"},{"lineNumber":2,"author":{"gitId":"e1010101"},"content":"","lastModifiedDate":"2022-08-21"},{"lineNumber":3,"author":{"gitId":"e1010101"},"content":"import java.util.List;","lastModifiedDate":"2022-08-21"},{"lineNumber":4,"author":{"gitId":"e1010101"},"content":"","lastModifiedDate":"2022-08-21"},{"lineNumber":5,"author":{"gitId":"e1010101"},"content":"public class TaskList {","lastModifiedDate":"2022-08-21"},{"lineNumber":6,"author":{"gitId":"e1010101"},"content":"","lastModifiedDate":"2022-08-21"},{"lineNumber":7,"author":{"gitId":"e1010101"},"content":"    private List\u003cTask\u003e tasks;","lastModifiedDate":"2022-08-21"},{"lineNumber":8,"author":{"gitId":"e1010101"},"content":"","lastModifiedDate":"2022-08-21"},{"lineNumber":9,"author":{"gitId":"e1010101"},"content":"    public TaskList(List\u003cTask\u003e tasks) {","lastModifiedDate":"2022-08-21"},{"lineNumber":10,"author":{"gitId":"e1010101"},"content":"        this.tasks \u003d tasks;","lastModifiedDate":"2022-08-21"},{"lineNumber":11,"author":{"gitId":"e1010101"},"content":"    }","lastModifiedDate":"2022-08-21"},{"lineNumber":12,"author":{"gitId":"e1010101"},"content":"","lastModifiedDate":"2022-08-21"},{"lineNumber":13,"author":{"gitId":"e1010101"},"content":"    public String deleteTask(int index) throws IndexOutOfBoundsException {","lastModifiedDate":"2022-08-21"},{"lineNumber":14,"author":{"gitId":"e1010101"},"content":"        return tasks.remove(index).toString();","lastModifiedDate":"2022-08-21"},{"lineNumber":15,"author":{"gitId":"e1010101"},"content":"    }","lastModifiedDate":"2022-08-21"},{"lineNumber":16,"author":{"gitId":"e1010101"},"content":"","lastModifiedDate":"2022-08-21"},{"lineNumber":17,"author":{"gitId":"e1010101"},"content":"    public String markTask(String command) throws IndexOutOfBoundsException, NumberFormatException {","lastModifiedDate":"2022-08-21"},{"lineNumber":18,"author":{"gitId":"e1010101"},"content":"        int index \u003d Integer.parseInt(command.split(\" \")[1]);","lastModifiedDate":"2022-08-21"},{"lineNumber":19,"author":{"gitId":"e1010101"},"content":"        tasks.get(index).setComplete(true);","lastModifiedDate":"2022-08-21"},{"lineNumber":20,"author":{"gitId":"e1010101"},"content":"        return tasks.get(index).toString();","lastModifiedDate":"2022-08-21"},{"lineNumber":21,"author":{"gitId":"e1010101"},"content":"    }","lastModifiedDate":"2022-08-21"},{"lineNumber":22,"author":{"gitId":"e1010101"},"content":"","lastModifiedDate":"2022-08-21"},{"lineNumber":23,"author":{"gitId":"e1010101"},"content":"    public String unmarkTask(String command) throws IndexOutOfBoundsException, NumberFormatException {","lastModifiedDate":"2022-08-21"},{"lineNumber":24,"author":{"gitId":"e1010101"},"content":"        int index \u003d Integer.parseInt(command.split(\" \")[1]);","lastModifiedDate":"2022-08-21"},{"lineNumber":25,"author":{"gitId":"e1010101"},"content":"        tasks.get(index).setComplete(false);","lastModifiedDate":"2022-08-21"},{"lineNumber":26,"author":{"gitId":"e1010101"},"content":"        return tasks.get(index).toString();","lastModifiedDate":"2022-08-21"},{"lineNumber":27,"author":{"gitId":"e1010101"},"content":"    }","lastModifiedDate":"2022-08-21"},{"lineNumber":28,"author":{"gitId":"e1010101"},"content":"","lastModifiedDate":"2022-08-21"},{"lineNumber":29,"author":{"gitId":"e1010101"},"content":"    public String addTask(Task task) {","lastModifiedDate":"2022-08-21"},{"lineNumber":30,"author":{"gitId":"e1010101"},"content":"        tasks.add(task);","lastModifiedDate":"2022-08-21"},{"lineNumber":31,"author":{"gitId":"e1010101"},"content":"        return task.toString();","lastModifiedDate":"2022-08-21"},{"lineNumber":32,"author":{"gitId":"e1010101"},"content":"    }","lastModifiedDate":"2022-08-21"},{"lineNumber":33,"author":{"gitId":"e1010101"},"content":"","lastModifiedDate":"2022-08-21"},{"lineNumber":34,"author":{"gitId":"e1010101"},"content":"    public int size() {","lastModifiedDate":"2022-08-21"},{"lineNumber":35,"author":{"gitId":"e1010101"},"content":"        return tasks.size();","lastModifiedDate":"2022-08-21"},{"lineNumber":36,"author":{"gitId":"e1010101"},"content":"    }","lastModifiedDate":"2022-08-21"},{"lineNumber":37,"author":{"gitId":"e1010101"},"content":"","lastModifiedDate":"2022-08-21"},{"lineNumber":38,"author":{"gitId":"e1010101"},"content":"    public List\u003cTask\u003e getTasks() {","lastModifiedDate":"2022-08-21"},{"lineNumber":39,"author":{"gitId":"e1010101"},"content":"        return tasks;","lastModifiedDate":"2022-08-21"},{"lineNumber":40,"author":{"gitId":"e1010101"},"content":"    }","lastModifiedDate":"2022-08-21"},{"lineNumber":41,"author":{"gitId":"e1010101"},"content":"","lastModifiedDate":"2022-08-21"},{"lineNumber":42,"author":{"gitId":"e1010101"},"content":"    @Override","lastModifiedDate":"2022-08-21"},{"lineNumber":43,"author":{"gitId":"e1010101"},"content":"    public String toString() {","lastModifiedDate":"2022-08-21"},{"lineNumber":44,"author":{"gitId":"e1010101"},"content":"        StringBuilder sb \u003d new StringBuilder();","lastModifiedDate":"2022-08-21"},{"lineNumber":45,"author":{"gitId":"e1010101"},"content":"        sb.append(\"\\n\");","lastModifiedDate":"2022-08-21"},{"lineNumber":46,"author":{"gitId":"e1010101"},"content":"        for (int i \u003d 1; i \u003c\u003d tasks.size(); i++) {","lastModifiedDate":"2022-08-21"},{"lineNumber":47,"author":{"gitId":"e1010101"},"content":"            sb.append(\" \").append(i).append(\". \").append(tasks.get(i - 1)).append(\"\\n\");","lastModifiedDate":"2022-08-21"},{"lineNumber":48,"author":{"gitId":"e1010101"},"content":"        }","lastModifiedDate":"2022-08-21"},{"lineNumber":49,"author":{"gitId":"e1010101"},"content":"        return sb.toString();","lastModifiedDate":"2022-08-21"},{"lineNumber":50,"author":{"gitId":"e1010101"},"content":"    }","lastModifiedDate":"2022-08-21"},{"lineNumber":51,"author":{"gitId":"e1010101"},"content":"","lastModifiedDate":"2022-08-22"},{"lineNumber":52,"author":{"gitId":"e1010101"},"content":"    public String toSimpleString() {","lastModifiedDate":"2022-08-22"},{"lineNumber":53,"author":{"gitId":"e1010101"},"content":"        StringBuilder sb \u003d new StringBuilder();","lastModifiedDate":"2022-08-22"},{"lineNumber":54,"author":{"gitId":"e1010101"},"content":"        for (int i \u003d 1; i \u003c\u003d tasks.size(); i++) {","lastModifiedDate":"2022-08-22"},{"lineNumber":55,"author":{"gitId":"e1010101"},"content":"            sb.append(tasks.get(i - 1).toSimpleString()).append(\"\\n\");","lastModifiedDate":"2022-08-22"},{"lineNumber":56,"author":{"gitId":"e1010101"},"content":"        }","lastModifiedDate":"2022-08-22"},{"lineNumber":57,"author":{"gitId":"e1010101"},"content":"        return sb.toString().trim();","lastModifiedDate":"2022-08-22"},{"lineNumber":58,"author":{"gitId":"e1010101"},"content":"    }","lastModifiedDate":"2022-08-22"},{"lineNumber":59,"author":{"gitId":"e1010101"},"content":"}","lastModifiedDate":"2022-08-21"}],"authorContributionMap":{"e1010101":59}},{"path":"src/main/java/henry/Ui.java","fileType":"java","lines":[{"lineNumber":1,"author":{"gitId":"e1010101"},"content":"package henry;","lastModifiedDate":"2022-08-21"},{"lineNumber":2,"author":{"gitId":"e1010101"},"content":"","lastModifiedDate":"2022-08-21"},{"lineNumber":3,"author":{"gitId":"e1010101"},"content":"import java.util.Scanner;","lastModifiedDate":"2022-08-21"},{"lineNumber":4,"author":{"gitId":"e1010101"},"content":"","lastModifiedDate":"2022-08-21"},{"lineNumber":5,"author":{"gitId":"e1010101"},"content":"public class Ui {","lastModifiedDate":"2022-08-21"},{"lineNumber":6,"author":{"gitId":"e1010101"},"content":"","lastModifiedDate":"2022-08-21"},{"lineNumber":7,"author":{"gitId":"e1010101"},"content":"    private final Scanner sc;","lastModifiedDate":"2022-08-21"},{"lineNumber":8,"author":{"gitId":"e1010101"},"content":"","lastModifiedDate":"2022-08-21"},{"lineNumber":9,"author":{"gitId":"e1010101"},"content":"    public Ui() {","lastModifiedDate":"2022-08-21"},{"lineNumber":10,"author":{"gitId":"e1010101"},"content":"        System.out.println(","lastModifiedDate":"2022-08-21"},{"lineNumber":11,"author":{"gitId":"e1010101"},"content":"            \"  _    _ ______ _   _ _______     __\\n\"","lastModifiedDate":"2022-08-21"},{"lineNumber":12,"author":{"gitId":"e1010101"},"content":"            + \" | |  | |  ____| \\\\ | |  __ \\\\ \\\\   / /\\n\"","lastModifiedDate":"2022-08-21"},{"lineNumber":13,"author":{"gitId":"e1010101"},"content":"            + \" | |__| | |__  |  \\\\| | |__) \\\\ \\\\_/ /\\n\"","lastModifiedDate":"2022-08-21"},{"lineNumber":14,"author":{"gitId":"e1010101"},"content":"            + \" |  __  |  __| | . ` |  _  / \\\\   /\\n\"","lastModifiedDate":"2022-08-21"},{"lineNumber":15,"author":{"gitId":"e1010101"},"content":"            + \" | |  | | |____| |\\\\  | | \\\\ \\\\  | |\\n\"","lastModifiedDate":"2022-08-21"},{"lineNumber":16,"author":{"gitId":"e1010101"},"content":"            + \" |_|  |_|______|_| \\\\_|_|  \\\\_\\\\ |_|\");","lastModifiedDate":"2022-08-21"},{"lineNumber":17,"author":{"gitId":"e1010101"},"content":"        sc \u003d new Scanner(System.in);","lastModifiedDate":"2022-08-21"},{"lineNumber":18,"author":{"gitId":"e1010101"},"content":"        output(\"HELLO. I AM HENRY. HOW MAY I ASSIST YOU TODAY?\");","lastModifiedDate":"2022-08-21"},{"lineNumber":19,"author":{"gitId":"e1010101"},"content":"    }","lastModifiedDate":"2022-08-21"},{"lineNumber":20,"author":{"gitId":"e1010101"},"content":"","lastModifiedDate":"2022-08-21"},{"lineNumber":21,"author":{"gitId":"e1010101"},"content":"    public String getInput() {","lastModifiedDate":"2022-08-21"},{"lineNumber":22,"author":{"gitId":"e1010101"},"content":"        return sc.nextLine();","lastModifiedDate":"2022-08-21"},{"lineNumber":23,"author":{"gitId":"e1010101"},"content":"    }","lastModifiedDate":"2022-08-21"},{"lineNumber":24,"author":{"gitId":"e1010101"},"content":"","lastModifiedDate":"2022-08-21"},{"lineNumber":25,"author":{"gitId":"e1010101"},"content":"    public void output(String message) {","lastModifiedDate":"2022-08-21"},{"lineNumber":26,"author":{"gitId":"e1010101"},"content":"        System.out.println(formatResponse(message));","lastModifiedDate":"2022-08-21"},{"lineNumber":27,"author":{"gitId":"e1010101"},"content":"    }","lastModifiedDate":"2022-08-21"},{"lineNumber":28,"author":{"gitId":"e1010101"},"content":"","lastModifiedDate":"2022-08-21"},{"lineNumber":29,"author":{"gitId":"e1010101"},"content":"    public void close() {","lastModifiedDate":"2022-08-21"},{"lineNumber":30,"author":{"gitId":"e1010101"},"content":"        output(\"GOODBYE!\");","lastModifiedDate":"2022-08-21"},{"lineNumber":31,"author":{"gitId":"e1010101"},"content":"    }","lastModifiedDate":"2022-08-21"},{"lineNumber":32,"author":{"gitId":"e1010101"},"content":"","lastModifiedDate":"2022-08-21"},{"lineNumber":33,"author":{"gitId":"e1010101"},"content":"    private String formatResponse(String input) {","lastModifiedDate":"2022-08-21"},{"lineNumber":34,"author":{"gitId":"e1010101"},"content":"        return \"____________________________________________________________\" + \"\\n HENRY: \"","lastModifiedDate":"2022-08-21"},{"lineNumber":35,"author":{"gitId":"e1010101"},"content":"               + input + \"\\n\" + \"____________________________________________________________\";","lastModifiedDate":"2022-08-21"},{"lineNumber":36,"author":{"gitId":"e1010101"},"content":"    }","lastModifiedDate":"2022-08-21"},{"lineNumber":37,"author":{"gitId":"e1010101"},"content":"}","lastModifiedDate":"2022-08-21"}],"authorContributionMap":{"e1010101":37}},{"path":"text-ui-test/input.txt","fileType":"txt","lines":[{"lineNumber":1,"author":{"gitId":"e1010101"},"content":"todo read book","lastModifiedDate":"2022-08-15"},{"lineNumber":2,"author":{"gitId":"e1010101"},"content":"deadline return book /by June 6th","lastModifiedDate":"2022-08-15"},{"lineNumber":3,"author":{"gitId":"e1010101"},"content":"event project meeting /at Aug 6th 2-4pm","lastModifiedDate":"2022-08-15"},{"lineNumber":4,"author":{"gitId":"e1010101"},"content":"mark 0","lastModifiedDate":"2022-08-15"},{"lineNumber":5,"author":{"gitId":"e1010101"},"content":"list","lastModifiedDate":"2022-08-15"},{"lineNumber":6,"author":{"gitId":"e1010101"},"content":"bye","lastModifiedDate":"2022-08-15"}],"authorContributionMap":{"e1010101":6}},{"path":"text-ui-test/runtest.bat","fileType":"bat","lines":[{"lineNumber":1,"author":{"gitId":"-"},"content":"@ECHO OFF","lastModifiedDate":"2020-05-25"},{"lineNumber":2,"author":{"gitId":"-"},"content":"","lastModifiedDate":"2020-05-25"},{"lineNumber":3,"author":{"gitId":"-"},"content":"REM create bin directory if it doesn\u0027t exist","lastModifiedDate":"2020-05-25"},{"lineNumber":4,"author":{"gitId":"-"},"content":"if not exist ..\\bin mkdir ..\\bin","lastModifiedDate":"2020-05-25"},{"lineNumber":5,"author":{"gitId":"-"},"content":"","lastModifiedDate":"2020-05-25"},{"lineNumber":6,"author":{"gitId":"-"},"content":"REM delete output from previous run","lastModifiedDate":"2020-05-25"},{"lineNumber":7,"author":{"gitId":"e1010101"},"content":"if exist ACTUAL.txt del ACTUAL.txt","lastModifiedDate":"2022-08-15"},{"lineNumber":8,"author":{"gitId":"-"},"content":"","lastModifiedDate":"2020-05-25"},{"lineNumber":9,"author":{"gitId":"-"},"content":"REM compile the code into the bin folder","lastModifiedDate":"2020-05-25"},{"lineNumber":10,"author":{"gitId":"-"},"content":"javac  -cp ..\\src\\main\\java -Xlint:none -d ..\\bin ..\\src\\main\\java\\*.java","lastModifiedDate":"2020-08-25"},{"lineNumber":11,"author":{"gitId":"-"},"content":"IF ERRORLEVEL 1 (","lastModifiedDate":"2020-05-25"},{"lineNumber":12,"author":{"gitId":"-"},"content":"    echo ********** BUILD FAILURE **********","lastModifiedDate":"2020-05-25"},{"lineNumber":13,"author":{"gitId":"-"},"content":"    exit /b 1","lastModifiedDate":"2020-05-25"},{"lineNumber":14,"author":{"gitId":"-"},"content":")","lastModifiedDate":"2020-05-25"},{"lineNumber":15,"author":{"gitId":"-"},"content":"REM no error here, errorlevel \u003d\u003d 0","lastModifiedDate":"2020-05-25"},{"lineNumber":16,"author":{"gitId":"-"},"content":"","lastModifiedDate":"2020-05-25"},{"lineNumber":17,"author":{"gitId":"-"},"content":"REM run the program, feed commands from input.txt file and redirect the output to the ACTUAL.TXT","lastModifiedDate":"2020-05-25"},{"lineNumber":18,"author":{"gitId":"e1010101"},"content":"java -classpath ..\\bin Main \u003c input.txt \u003e ACTUAL.txt","lastModifiedDate":"2022-08-15"},{"lineNumber":19,"author":{"gitId":"-"},"content":"","lastModifiedDate":"2020-05-25"},{"lineNumber":20,"author":{"gitId":"-"},"content":"REM compare the output to the expected output","lastModifiedDate":"2020-05-25"},{"lineNumber":21,"author":{"gitId":"e1010101"},"content":"FC ACTUAL.txt EXPECTED.txt","lastModifiedDate":"2022-08-15"}],"authorContributionMap":{"e1010101":3,"-":18}}]
