{"authorDailyContributionsMap":{"e1010101":[{"date":"2022-08-15","commitResults":[{"hash":"9448d3cb9457050a5329339d018ae6c6e5a4cb4a","messageTitle":"Add greet, echo, exit functionality","messageBody":"","tags":["Level-1"],"fileTypesAndContributionMap":{"java":{"insertions":35,"deletions":5}}},{"hash":"0847eb8d7f7459e94865dc47b58e05d7a0351a75","messageTitle":"Add add, list functionality","messageBody":"","tags":["Level-2"],"fileTypesAndContributionMap":{"java":{"insertions":56,"deletions":11}}},{"hash":"812f26705f34d63b5e3a1c8a16817b92b83833fe","messageTitle":"Add \"mark as done\" functionality","messageBody":"","tags":["Level-3","A-Classes"],"fileTypesAndContributionMap":{"java":{"insertions":147,"deletions":85},"bat":{"insertions":1,"deletions":1},"md":{"insertions":2,"deletions":2}}},{"hash":"711400b3b1167c81074c2009d2612b36b033064f","messageTitle":"Add different task types: \"to-do\", \"deadline\" and \"event\"","messageBody":"","tags":["Level-4"],"fileTypesAndContributionMap":{"java":{"insertions":69,"deletions":10}}},{"hash":"76bd28f7bed705869fe08c97ddfc93ddb1b3ec05","messageTitle":"Add automated text UI testing","messageBody":"","tags":["A-TextUiTesting"],"fileTypesAndContributionMap":{"txt":{"insertions":6,"deletions":0},"bat":{"insertions":3,"deletions":3},"sh":{"insertions":0,"deletions":38}}},{"hash":"20473dfbfb6267e31cdf9459b34a72d7d2f8e2f7","messageTitle":"Add error handling for empty to-do task descriptions and unknown commands","messageBody":"","tags":["Level-5","A-Exceptions"],"fileTypesAndContributionMap":{"java":{"insertions":119,"deletions":32}}},{"hash":"7a17d36c62cc6a4e8f7d11a8997a5971aa5ac1c8","messageTitle":"Add delete functionality and handle some more exceptions","messageBody":"","tags":["Level-6","A-Collections"],"fileTypesAndContributionMap":{"java":{"insertions":163,"deletions":63}}},{"hash":"62df16ead149944877e8c5a04ace386721c13b1d","messageTitle":"Replace different task classes with enum","messageBody":"","tags":["A-Enums"],"fileTypesAndContributionMap":{"java":{"insertions":25,"deletions":48}}}]},{"date":"2022-08-20","commitResults":[{"hash":"c2d281bbd9314f840c4441ad6505606ccf9cddab","messageTitle":"Use HashMap to handle language","messageBody":"","fileTypesAndContributionMap":{"java":{"insertions":52,"deletions":24}}},{"hash":"e59a79362902d8983e80f4d982d08da5517b04dd","messageTitle":"Add handling for NumberFormatException","messageBody":"","fileTypesAndContributionMap":{"java":{"insertions":46,"deletions":39}}},{"hash":"936ed36630295dea06133a598fecdae1f3029c4e","messageTitle":"Improve command parsing and change logo","messageBody":"","fileTypesAndContributionMap":{"java":{"insertions":50,"deletions":159}}},{"hash":"49e8d170a07381d8cda2c7525dd464cc13c5db61","messageTitle":"Add save functionality","messageBody":"","tags":["Level-7"],"fileTypesAndContributionMap":{"java":{"insertions":104,"deletions":24}}},{"hash":"083c1d786cc50f093c393ef73f47635da109bfdf","messageTitle":"Add proper date and time systems for deadlines and events","messageBody":"","tags":["Level-8"],"fileTypesAndContributionMap":{"java":{"insertions":32,"deletions":15}}},{"hash":"3dc171e6078c2739db840025590d362c01b200a0","messageTitle":"Fix issue with date and time parsing","messageBody":"","fileTypesAndContributionMap":{"java":{"insertions":13,"deletions":23}}}]},{"date":"2022-08-21","commitResults":[{"hash":"42c4758ea3212cece05d84e5f75f481331069cf8","messageTitle":"Simplify exception handling and add skeleton for help command","messageBody":"","fileTypesAndContributionMap":{"java":{"insertions":35,"deletions":63}}},{"hash":"7b1f0449f684f264d26e630d7c205ad2278bdd0a","messageTitle":"Refactor file input and output to Storage class, and user interaction to Ui class","messageBody":"","fileTypesAndContributionMap":{"java":{"insertions":155,"deletions":105}}},{"hash":"1983d8335c02bfb6f3e74d1f005a88ba4e646ea9","messageTitle":"Add seperate classes to handle UI, command parsing, file writing and task manipulation","messageBody":"","tags":["A-Packages","A-MoreOOP"],"fileTypesAndContributionMap":{"java":{"insertions":433,"deletions":191}}}]},{"date":"2022-08-22","commitResults":[{"hash":"0e9be94b47b8ce254e7beabf29db4e93d18dc863","messageTitle":"Fix some issues with parsing","messageBody":"","fileTypesAndContributionMap":{"java":{"insertions":25,"deletions":14}}}]},{"date":"2022-08-23","commitResults":[{"hash":"77352f178ee83f1734c6e8114adb6c71b1632909","messageTitle":"Fix issue with adding tasks","messageBody":"","fileTypesAndContributionMap":{"java":{"insertions":12,"deletions":10}}},{"hash":"e18e56ffa5c37f754937feb725ae768294bcae6c","messageTitle":"Use gradle to automate build","messageBody":"","tags":["A-Gradle"],"fileTypesAndContributionMap":{"gradle":{"insertions":5,"deletions":0},"java":{"insertions":15,"deletions":41}}},{"hash":"a6e0b81137cd53c080d3ee2ecf302909887534a8","messageTitle":"Add JUnit tests for Parser and TodoCommand","messageBody":"","tags":["A-JUnit"],"fileTypesAndContributionMap":{"java":{"insertions":63,"deletions":1}}},{"hash":"3d978a7f8b5a4415894113d4bfd02b5149b739b2","messageTitle":"Fix issues with mark command and update tests","messageBody":"","fileTypesAndContributionMap":{"txt":{"insertions":43,"deletions":2},"java":{"insertions":21,"deletions":23}}}]},{"date":"2022-08-24","commitResults":[{"hash":"bea2e1128dd3da3c7bde965c6bd555204bb0237c","messageTitle":"Add Javadocs for almost all public methods","messageBody":"","fileTypesAndContributionMap":{"txt":{"insertions":1,"deletions":1},"java":{"insertions":81,"deletions":19}}},{"hash":"b659f4b0d2c56277e0c2269e609fa228ed46e721","messageTitle":"Add compliance to coding standard","messageBody":"","tags":["A-CodingStandard"],"fileTypesAndContributionMap":{"java":{"insertions":187,"deletions":68}}},{"hash":"52b6f431efd24e904156a8282ab346e16994bf73","messageTitle":"Update Gradle configuration for .jar creation","messageBody":"","tags":["v0.1.0","A-Jar"],"fileTypesAndContributionMap":{"gradle":{"insertions":1,"deletions":1}}},{"hash":"ce7002724a3ab01400e6b20f6960a01df333f609","messageTitle":"Change name of output .jar file","messageBody":"","fileTypesAndContributionMap":{"gradle":{"insertions":1,"deletions":1}}},{"hash":"9b9b9bbc6dd1fcaa67450223edbe79e4dab45e19","messageTitle":"Add find command","messageBody":"","tags":["Level-9"],"fileTypesAndContributionMap":{"java":{"insertions":35,"deletions":0}}},{"hash":"c043f0b1fbf79e684c7fd48c2071a55094c8f4a8","messageTitle":"Ensure find command adheres to coding standard","messageBody":"","fileTypesAndContributionMap":{"java":{"insertions":3,"deletions":0}}}]},{"date":"2022-08-29","commitResults":[{"hash":"6fd58c99fe293f6c098185fbfe54a4a48d0b9738","messageTitle":"Add GUI with JavaFX","messageBody":"","fileTypesAndContributionMap":{"java":{"insertions":4,"deletions":0}}},{"hash":"7b213526c715844ce56d078f4f43963663786220","messageTitle":"Add additional missing files from previous commit","messageBody":"","fileTypesAndContributionMap":{"gradle":{"insertions":14,"deletions":0},"java":{"insertions":198,"deletions":15}}},{"hash":"40f4930098a233ac8d15485434c4a5a9ed9d2f45","messageTitle":"Put Henry output on left side of the screen","messageBody":"","fileTypesAndContributionMap":{"java":{"insertions":33,"deletions":24}}}]},{"date":"2022-08-30","commitResults":[{"hash":"4c1917fedc60c66f050ba06c63c33604a5470cb9","messageTitle":"Ensure that new JavaFX classes are complaint with checkstyle","messageBody":"","tags":["Level-10","A-CheckStyle"],"fileTypesAndContributionMap":{"fxml":{"insertions":35,"deletions":0},"java":{"insertions":152,"deletions":168},"md":{"insertions":2,"deletions":2}}},{"hash":"ae239dc87a4f46e374508e03237fbed3bf4a2c6e","messageTitle":"Add varargs parameter for Find command","messageBody":"","tags":["A-Varargs"],"fileTypesAndContributionMap":{"java":{"insertions":25,"deletions":5}}}]}]},"authorFileTypeContributionMap":{"e1010101":{"java":1124,"md":2,"fxml":35,"sh":0,"bat":3,"gradle":21,"txt":46}},"authorContributionVariance":{"e1010101":96372.0},"authorDisplayNameMap":{"e1010101":"CS2103T-T08-1 TIO ..EZRA"}}
