{"authorDailyContributionsMap":{"shamooose":[{"date":"2022-08-18","commitResults":[{"hash":"bacce96e427444de06461ed5564ebc48627123e4","messageTitle":"Changed name of ip, added custom greeting, added echoes and exit message","messageBody":"","fileTypesAndContributionMap":{"java":{"insertions":23,"deletions":0}}},{"hash":"6a4094175696583b3467281c3850c25c4706bbbc","messageTitle":"Revert \"Changed name of ip, added custom greeting, added echoes and exit message\"","messageBody":"This reverts commit bacce96e427444de06461ed5564ebc48627123e4.\n","fileTypesAndContributionMap":{"java":{"insertions":0,"deletions":23}}},{"hash":"d7facb17fea8e86e604ec0747ef84f9cf34f54aa","messageTitle":"Revert \"Revert \"Changed name of ip, added custom greeting, added echoes and exit message\"\"","messageBody":"This reverts commit 6a4094175696583b3467281c3850c25c4706bbbc.\n","tags":["Level-1"],"fileTypesAndContributionMap":{"java":{"insertions":23,"deletions":0}}}]},{"date":"2022-08-19","commitResults":[{"hash":"c9342895bafe6a2a1595a8fcc4b6d6922f228634","messageTitle":"Added the ability to store whatever text entered by the user and display them back to the user when requested.","messageBody":"","tags":["Level-2"],"fileTypesAndContributionMap":{"java":{"insertions":10,"deletions":1}}},{"hash":"34e938a9b797078ec4fd673fbe6bb19e293f8143","messageTitle":"Added the ability to mark tasks as done.","messageBody":"","tags":["Level-3"],"fileTypesAndContributionMap":{"java":{"insertions":29,"deletions":4}}},{"hash":"b82293c04bb6370c3f51dcf79e970a7c4520e5f9","messageTitle":"Added support for tracking ToDos, Deadlines and Events.","messageBody":"","tags":["Level-4"],"fileTypesAndContributionMap":{"java":{"insertions":73,"deletions":1}}}]},{"date":"2022-08-20","commitResults":[{"hash":"68e61fc9feb4b2259e64a7c7d0e16495b101e5eb","messageTitle":"Handles exceptions and errors now","messageBody":"","tags":["Level-5"],"fileTypesAndContributionMap":{"java":{"insertions":94,"deletions":28}}},{"hash":"875ef095d762a59e21c95a611ba5922c77c5b04b","messageTitle":"Added support for deleting tasks from the list.","messageBody":"","tags":["Level-6"],"fileTypesAndContributionMap":{"java":{"insertions":24,"deletions":0}}}]}]},"authorFileTypeContributionMap":{"shamooose":{"java":219,"md":0,"fxml":0,"sh":0,"bat":0,"gradle":0,"txt":0}},"authorContributionVariance":{"shamooose":3075.5557},"authorDisplayNameMap":{"shamooose":"TAN ..AMUS"}}
