{"authorDailyContributionsMap":{"TZL0":[{"date":"2022-08-13","commitResults":[{"hash":"1a4799ee8c605d41ffa4d09e9b03269807e471bd","messageTitle":"Built MessagePrinter","messageBody":"","fileTypesAndContributionMap":{"java":{"insertions":39,"deletions":0}}},{"hash":"c1374c63d6b45e6c06141ae6f55530119cb41244","messageTitle":"Level-1 completed","messageBody":"","tags":["Level-1"],"fileTypesAndContributionMap":{"java":{"insertions":39,"deletions":1}}},{"hash":"0ee05388811a7ec7bf460423e9f7b3c370f59718","messageTitle":"Level 2 completed","messageBody":"","tags":["Level-2"],"fileTypesAndContributionMap":{"java":{"insertions":19,"deletions":2}}}]},{"date":"2022-08-14","commitResults":[{"hash":"e9c559f950e534de1f3a1d5218fe83fe1b0c7aa9","messageTitle":"MessagePrinter now supports change of the horizontal line characters and horizontal line length","messageBody":"","fileTypesAndContributionMap":{"java":{"insertions":21,"deletions":4}}}]},{"date":"2022-08-15","commitResults":[{"hash":"5b340f6626dce417cd57ba7d28d74dba310fdc9d","messageTitle":"class Action, Parser, Command, Task created and Level-3 completed","messageBody":"","tags":["Level-3"],"fileTypesAndContributionMap":{"java":{"insertions":244,"deletions":29}}},{"hash":"697e1c00416667ddb2a35a2ea023d53529736153","messageTitle":"Bug fixed. Now list() starts with a message","messageBody":"","fileTypesAndContributionMap":{"txt":{"insertions":1,"deletions":0},"java":{"insertions":148,"deletions":21}}},{"hash":"465a0a5ca60f9c8b25fef09b1e3cbf3d8ced17af","messageTitle":"Level_4 completed. Optimized structure of classes.","messageBody":"","tags":["Level-4"],"fileTypesAndContributionMap":{"java":{"insertions":79,"deletions":110}}}]},{"date":"2022-08-17","commitResults":[{"hash":"a02f2b99acc7eff3b972be128cba882eb6691341","messageTitle":"Level-5 completed. Now duke is able to detect and warn errors. Parser is renamed to Compiler.","messageBody":"","tags":["Level-5"],"fileTypesAndContributionMap":{"java":{"insertions":247,"deletions":110}}},{"hash":"80dd332a18f64c1e5042033b33dc466a6ead26f7","messageTitle":"Level-6 completed. Now Duke supports deleting tasks from list.","messageBody":"","tags":["Level-6"],"fileTypesAndContributionMap":{"java":{"insertions":39,"deletions":4}}}]},{"date":"2022-08-18","commitResults":[{"hash":"968d30d4ca5f0cd9338d69c929365756e3c92768","messageTitle":"Duke can deal with empty entry well","messageBody":"","fileTypesAndContributionMap":{"java":{"insertions":6,"deletions":3}}},{"hash":"d85f1c798aab3d2352e3a3375222773007315514","messageTitle":"Remove unnecessary rows","messageBody":"","fileTypesAndContributionMap":{"java":{"insertions":0,"deletions":2}}},{"hash":"d6b80c57dac26be414e90a67a5b23f5288164f7f","messageTitle":"Separate compile time duke exception and runtime duke exception.","messageBody":"","fileTypesAndContributionMap":{"java":{"insertions":19,"deletions":5}}},{"hash":"89919687851deb7121d302dccddec274d448b1d9","messageTitle":"Add A-TextUiTesting","messageBody":"","tags":["A-TextUiTesting","A-Enums"],"fileTypesAndContributionMap":{"txt":{"insertions":74,"deletions":1}}}]},{"date":"2022-08-22","commitResults":[{"hash":"c84fb567430625c1864fa0f773d5c6da742a98b0","messageTitle":"Remove Add(). Task.markAsDone() and Task.markAsNotDone replace Task.setIsDone.","messageBody":"","fileTypesAndContributionMap":{"java":{"insertions":21,"deletions":11}}},{"hash":"9e36d1dd01d2772f6d2ff942d94dd0d2252618c6","messageTitle":"Add TaskList, Savable, DukeException.ReadAttributeException. Update Task.","messageBody":"","fileTypesAndContributionMap":{"java":{"insertions":139,"deletions":19}}}]},{"date":"2022-08-23","commitResults":[{"hash":"4e8b819cffda6c19a939fc6ee6cbd9a2f975724e","messageTitle":"Add save(), read(). Change ATTRIBUTE_SEPARATOR: \"|\" -\u003e \"}\".","messageBody":"","fileTypesAndContributionMap":{"txt":{"insertions":16,"deletions":0},"java":{"insertions":446,"deletions":243}}},{"hash":"6446843583b0d193d207db1e16c992705c327788","messageTitle":"Support Real Dates and Times.","messageBody":"","fileTypesAndContributionMap":{"txt":{"insertions":5,"deletions":5},"java":{"insertions":62,"deletions":34}}},{"hash":"45e9a874d50caa7c30620f1c34f9e7f5cfacbd38","messageTitle":"Put implementation of commands into class Commands.","messageBody":"","fileTypesAndContributionMap":{"java":{"insertions":2,"deletions":0}}},{"hash":"81f913298f57ef03495d3813a21fc269ca7f41f8","messageTitle":"Put implementation of commands into class Command.","messageBody":"","fileTypesAndContributionMap":{"java":{"insertions":384,"deletions":210}}},{"hash":"163ee582439898788c7b4bacf2fec9fa58a6332a","messageTitle":"Level-7 completed","messageBody":"","tags":["Level-7"],"fileTypesAndContributionMap":{"java":{"insertions":1,"deletions":0}}},{"hash":"3a3545d6f97fa4c50b6c1b22db385c29a91a326d","messageTitle":"Level-8 completed","messageBody":"","tags":["Level-8"],"fileTypesAndContributionMap":{"java":{"insertions":1,"deletions":0}}},{"hash":"2134f4c4fc8d5ca54c0fbf0ed2e6948234d521f0","messageTitle":"Divide inner classes of Command, DukeException, Task in to separate classes. Divide classes into packages.","messageBody":"","tags":["A-Packages"],"fileTypesAndContributionMap":{"txt":{"insertions":3,"deletions":1},"java":{"insertions":838,"deletions":672}}},{"hash":"9b1412f1bc15d6ef3570bd19640ec7bfd35438b8","messageTitle":"Change some Access Modifiers.","messageBody":"","fileTypesAndContributionMap":{"java":{"insertions":70,"deletions":68}}}]},{"date":"2022-08-24","commitResults":[{"hash":"de48d242e3b227c696f218b17467bf1cf46bbeb5","messageTitle":"Build Gradle","messageBody":"","tags":["A-Gradle"],"fileTypesAndContributionMap":{"gradle":{"insertions":41,"deletions":0},"java":{"insertions":13,"deletions":8}}}]},{"date":"2022-08-25","commitResults":[{"hash":"b497dc2a7f624c297824784b5efdcfc945aed6cf","messageTitle":"Add JUnit Test. Add equals().","messageBody":"","fileTypesAndContributionMap":{"gradle":{"insertions":1,"deletions":1},"java":{"insertions":546,"deletions":90},"bat":{"insertions":89,"deletions":0}}},{"hash":"d98a0a22f230b9983f54d4e2cfeaa22841da632a","messageTitle":"Add equals().","messageBody":"","fileTypesAndContributionMap":{"java":{"insertions":73,"deletions":0}}},{"hash":"8d1a8e7ae85d0d2f20b1dc4c3d4d8edfbc20cc6f","messageTitle":"Add A-JUnit.","messageBody":"","tags":["A-JUnit"],"fileTypesAndContributionMap":{"java":{"insertions":50,"deletions":0}}},{"hash":"c3616919dd49644de446b70710c19279ede0fb11","messageTitle":"Add A-Jar","messageBody":"","tags":["A-Jar"],"fileTypesAndContributionMap":{"txt":{"insertions":0,"deletions":8},"java":{"insertions":1,"deletions":1}}},{"hash":"85aef53a0d5ea320c2d5f58d48e61d9418004054","messageTitle":"Add A-CodingStandard","messageBody":"","tags":["A-CodingStandard"],"fileTypesAndContributionMap":{"java":{"insertions":30,"deletions":66}}},{"hash":"4cd61f1e69863f5b3ebf0c61cb581942da9d7834","messageTitle":"Add find().","messageBody":"","fileTypesAndContributionMap":{"txt":{"insertions":3,"deletions":0},"java":{"insertions":90,"deletions":3}}},{"hash":"ae769bfbc1e2d3ea6a7421ef554a2ed532b15a18","messageTitle":"Bug on Level-9 fixed.","messageBody":"","tags":["Level-9"],"fileTypesAndContributionMap":{"txt":{"insertions":8,"deletions":3},"java":{"insertions":84,"deletions":33}}},{"hash":"62737fea5bdc6b6e31f59fb7c32c4701c8f14578","messageTitle":"Add JavaDoc for duke.command","messageBody":"","fileTypesAndContributionMap":{"java":{"insertions":486,"deletions":4}}},{"hash":"efd8622284063df84a173b6bc4c2886c72aec70a","messageTitle":"Add JavaDoc for Duke and Duke\u0027s Segments.","messageBody":"","fileTypesAndContributionMap":{"java":{"insertions":311,"deletions":12}}},{"hash":"1254c5d6c4b228e0a6782528f9b920358d8b6371","messageTitle":"Add JavaDoc to Exceptions.","messageBody":"","tags":["A-JavaDoc"],"fileTypesAndContributionMap":{"java":{"insertions":145,"deletions":4}}}]},{"date":"2022-08-26","commitResults":[{"hash":"0c0e249d3af02bfa603560e104e7d1481c111a7b","messageTitle":"Add A-CheckStyle. Comply more to Code Standard.","messageBody":"","fileTypesAndContributionMap":{"gradle":{"insertions":5,"deletions":0},"java":{"insertions":158,"deletions":83}}}]},{"date":"2022-08-27","commitResults":[{"hash":"dbe1567200ee49f87e833c1217b4efe1ae9da216","messageTitle":"Package utilities into duke.util.","messageBody":"","fileTypesAndContributionMap":{"java":{"insertions":67,"deletions":91}}}]},{"date":"2022-09-01","commitResults":[{"hash":"4433daad3aea419eec5009beefdc01d1df492fe7","messageTitle":"Add Naive GUI without FXML","messageBody":"","fileTypesAndContributionMap":{"gradle":{"insertions":20,"deletions":0},"txt":{"insertions":0,"deletions":0},"java":{"insertions":368,"deletions":63}}},{"hash":"cca479cf5993520c123866d7cd6bfaef7920093c","messageTitle":"Reorganize GUI with FXML","messageBody":"","fileTypesAndContributionMap":{"fxml":{"insertions":35,"deletions":0},"java":{"insertions":146,"deletions":186}}},{"hash":"23e116b13dbc689a878e0f9173d719b327cb97f9","messageTitle":"Add MainWindow.boot() Add Storage.write(Savable)","messageBody":"","tags":["Level-10"],"fileTypesAndContributionMap":{"fxml":{"insertions":12,"deletions":8},"java":{"insertions":73,"deletions":49}}},{"hash":"179887bbaa17c0be6995f1252f5a853a01f65d62","messageTitle":"Add A-Varargs","messageBody":"","tags":["A-Varargs"],"fileTypesAndContributionMap":{"java":{"insertions":8,"deletions":6}}}]},{"date":"2022-09-07","commitResults":[{"hash":"705b3113ce16ae2c64f57e2aaacb6a82becb21c7","messageTitle":"Main Window: Add \u0027Shutting down...\u0027 when executing ExitCommand.","messageBody":"Make the duke GUI more realistic as a bot.\n\nWhen the duke stops running, MainWindow.end() is called.\n\nMainWindow is the JavaFx Class.\n","tags":["A-FullCommitMessage"],"fileTypesAndContributionMap":{"java":{"insertions":37,"deletions":10}}},{"hash":"f5b75fa162d8304f2d41fde684164e052a23fdd4","messageTitle":"MainWindow: add import Random","messageBody":"MainWindow.getNextSleepTime() need the Random Number generator.\n\nAdd import statement, add field random declaration.\n\nGuarantee the duke works.\n","fileTypesAndContributionMap":{"java":{"insertions":3,"deletions":0}}},{"hash":"f38d82ae0f3de4383869b0e280ba51157ecffc1e","messageTitle":"Replace for-loop in Action.java by Stream.","messageBody":"","tags":["A-Streams"],"fileTypesAndContributionMap":{"java":{"insertions":4,"deletions":6}}},{"hash":"9954e12145f0e9f24ba3b9e7ea91c954fcef8851","messageTitle":"Rename boolean method so it sounds like boolean method.","messageBody":"","fileTypesAndContributionMap":{"java":{"insertions":2,"deletions":2}}},{"hash":"4ecdec62780e2abcb503c1d688e8acfad922456a","messageTitle":"Reorganize Parser.java To improve code quality. Split parseCommand() into multiple methods. Reduce method length.","messageBody":"","fileTypesAndContributionMap":{"java":{"insertions":132,"deletions":87}}},{"hash":"68881436d840c38d3c71051719671b678fe0ff45","messageTitle":"Add \u0027s\u0027 to verbs in JavaDoc.","messageBody":"","tags":["A-CodeQuality"],"fileTypesAndContributionMap":{"java":{"insertions":87,"deletions":38}}},{"hash":"c91fcd6a3fcc79fd858c3dc80cbbdf684e18ba00","messageTitle":"Add assert.","messageBody":"","tags":["A-Assertions"],"fileTypesAndContributionMap":{"java":{"insertions":1,"deletions":0}}},{"hash":"cfccca0f4761e78e2051615838992239cb898373","messageTitle":"Add C-DetectDuplicate","messageBody":"","fileTypesAndContributionMap":{"txt":{"insertions":1,"deletions":0},"java":{"insertions":22,"deletions":5}}},{"hash":"81feb5352197e17876aec6b317cc9d42d3deefe8","messageTitle":"Fix Style","messageBody":"","fileTypesAndContributionMap":{"java":{"insertions":2,"deletions":12}}},{"hash":"0b61109c80663f924df752e71a6d094471019e7f","messageTitle":"Fix Magic Number and Magic String","messageBody":"","fileTypesAndContributionMap":{"java":{"insertions":5,"deletions":3}}},{"hash":"851c9ae572a6225e47d66c6a194cf4307c060c57","messageTitle":"Add Task.clone() Add TaskList.clone() Add Duke.taskListHistory Add getter and setter in Duke.java","messageBody":"","fileTypesAndContributionMap":{"java":{"insertions":59,"deletions":0}}},{"hash":"51d55b5a1c8f945e60d640c81b32f4c1dbb2204c","messageTitle":"Change Command.execute(TaskList, MessagePrinter, Storage) to Command.execute(Duke)","messageBody":"","fileTypesAndContributionMap":{"java":{"insertions":99,"deletions":81}}}]},{"date":"2022-09-08","commitResults":[{"hash":"69bc588caf75ebc9b8d6a7dfffa141aa08e37d01","messageTitle":"Remove TaskList.loadFrom(), TaskList.getTaskArrayList()","messageBody":"","fileTypesAndContributionMap":{"java":{"insertions":4,"deletions":19}}},{"hash":"bf24586ad1e841fcf1c480ba37583b0c3e376352","messageTitle":"Fix Bug that shows incorrect number of loaded tasks.","messageBody":"","fileTypesAndContributionMap":{"java":{"insertions":3,"deletions":3}}},{"hash":"cd5ebeedc2c875aa2241a7fb6f625cc9190c1629","messageTitle":"Complete C-Undo","messageBody":"","tags":["C-Undo"],"fileTypesAndContributionMap":{"java":{"insertions":157,"deletions":13}}},{"hash":"6f2c00a5ff99e7f95ca41c2cff1fd3322e3fa9e0","messageTitle":"Update JavaDoc","messageBody":"","tags":["BCD-Extension"],"fileTypesAndContributionMap":{"java":{"insertions":6,"deletions":3}}}]},{"date":"2022-09-14","commitResults":[{"hash":"1fcdffff38fa661785178a4dd1d56c84569857c6","messageTitle":"Remove Factory Methods of Command","messageBody":"","fileTypesAndContributionMap":{"java":{"insertions":34,"deletions":155}}},{"hash":"22e750c8d2ee03bce06d8a3f3928a4e7a3b9f7fd","messageTitle":"Remove Command.getFormat()","messageBody":"","fileTypesAndContributionMap":{"java":{"insertions":0,"deletions":134}}},{"hash":"1f24168852a9a332664cbea2b37f116b176b75ae","messageTitle":"Bug fixed","messageBody":"","fileTypesAndContributionMap":{"java":{"insertions":4,"deletions":2}}}]},{"date":"2022-09-15","commitResults":[{"hash":"86bda45cba5fc82fc605a60d197468c2a2af48e5","messageTitle":"Fix Code Quality","messageBody":"","tags":["A-MoreErrorHandling"],"fileTypesAndContributionMap":{"gradle":{"insertions":13,"deletions":0},"java":{"insertions":15,"deletions":28}}},{"hash":"16fbb79ac78273c6ad1cd677a77cd0f784419f28","messageTitle":"Fix Bug of DukeException","messageBody":"","fileTypesAndContributionMap":{"txt":{"insertions":5,"deletions":5},"fxml":{"insertions":16,"deletions":12},"java":{"insertions":10,"deletions":7}}},{"hash":"972f7582e80b2ee4211a41b5d8bcdd4f18c8ff6e","messageTitle":"Bug fixed (marked and unmarked tasks are equal).","messageBody":"","fileTypesAndContributionMap":{"txt":{"insertions":4,"deletions":9},"java":{"insertions":4,"deletions":34}}},{"hash":"d576ed038b79e68d5ccf774dba0e1d3cf093f013","messageTitle":"Update README.md","messageBody":"","tags":["A-UserGuide"],"fileTypesAndContributionMap":{"md":{"insertions":450,"deletions":14}}},{"hash":"efb41cff993f9afda724f8e70a1a56d7f987a07c","messageTitle":"Comply to code standard","messageBody":"","fileTypesAndContributionMap":{"java":{"insertions":2,"deletions":2}}},{"hash":"833414f799adbcf98b38cd061337ff1d2d2f1fb0","messageTitle":"Update Text-ui-test","messageBody":"","fileTypesAndContributionMap":{"txt":{"insertions":1,"deletions":74}}}]}]},"authorFileTypeContributionMap":{"TZL0":{"java":3341,"md":443,"fxml":43,"sh":0,"bat":92,"gradle":40,"txt":15}},"authorContributionVariance":{"TZL0":396280.56},"authorDisplayNameMap":{"TZL0":"CS2103T-W08-1 LI T..ANZE"}}
