{"authorDailyContributionsMap":{"ElijahS67":[{"date":"2022-08-17","commitResults":[{"hash":"f3040e0865e97d916c08649e331aa8687682c517","messageTitle":"Done Level-1 increment","messageBody":"","tags":["Level-1"],"fileTypesAndContributionMap":{"java":{"insertions":17,"deletions":0}}},{"hash":"bcc451063edf3bc778d3efb61fcec5e4e4f1029a","messageTitle":"done Level 2. Add, List","messageBody":"","tags":["Level-2"],"fileTypesAndContributionMap":{"java":{"insertions":14,"deletions":1}}},{"hash":"60ea5c9298a837202d49e1380cd76b706e6d8fba","messageTitle":"done Level 3. Mark as Done","messageBody":"","tags":["Level-3"],"fileTypesAndContributionMap":{"java":{"insertions":50,"deletions":5}}},{"hash":"560e96987f90d462c753c0fa6df21f427dc0a8f9","messageTitle":"done Level 4. ToDos, Events, Deadlines","messageBody":"","tags":["Level-4"],"fileTypesAndContributionMap":{"java":{"insertions":119,"deletions":45}}},{"hash":"051eb941922126e649acb284d40fdeaab33fb5ee","messageTitle":"done A-TextUiTesting: Automated Text UI Testing","messageBody":"","tags":["A-TextUiTesting"],"fileTypesAndContributionMap":{"txt":{"insertions":10,"deletions":0},"java":{"insertions":0,"deletions":1}}},{"hash":"962b1315916216e2c9ec2454bbb121140a171900","messageTitle":"done Level-5: Handle Errors","messageBody":"","tags":["Level-5"],"fileTypesAndContributionMap":{"java":{"insertions":22,"deletions":2}}},{"hash":"a6d5d774661e03e10232bf71e4a00f8df030f86d","messageTitle":"done Level-6: Delete","messageBody":"","tags":["Level-6"],"fileTypesAndContributionMap":{"java":{"insertions":19,"deletions":6}}}]},{"date":"2022-08-21","commitResults":[{"hash":"05f2c0395e37062f19c9a41f467aeeb2f91447a1","messageTitle":"done Level-7: Save","messageBody":"","tags":["Level-7"],"fileTypesAndContributionMap":{"java":{"insertions":111,"deletions":6}}},{"hash":"4ccf5e93f22e9f025d41f396ced55ea49493c6c3","messageTitle":"done Level-8: Dates and Times but not Time yet","messageBody":"","tags":["Level-8"],"fileTypesAndContributionMap":{"java":{"insertions":57,"deletions":24}}}]},{"date":"2022-08-25","commitResults":[{"hash":"8ed7b9ceefafc8d8f1eb58f343823d216c37885f","messageTitle":"done A-MoreOOP","messageBody":"","tags":["A-MoreOOP"],"fileTypesAndContributionMap":{"java":{"insertions":329,"deletions":207}}},{"hash":"309b479d92cc2b8f0e2f69cac8d0aad5d3ac633f","messageTitle":"done A-Packages","messageBody":"","tags":["A-Packages"],"fileTypesAndContributionMap":{"java":{"insertions":0,"deletions":0}}}]},{"date":"2022-08-26","commitResults":[{"hash":"552e767b6c1dc316943464e24ff9305a22ddd04a","messageTitle":"done A-Gradle","messageBody":"","tags":["A-Gradle"],"fileTypesAndContributionMap":{"gradle":{"insertions":41,"deletions":0},"java":{"insertions":20,"deletions":0},"bat":{"insertions":89,"deletions":0}}},{"hash":"61529489dcaa833a6f468e410db9618d896fa36b","messageTitle":"done A-JUnit","messageBody":"","tags":["A-JUnit"],"fileTypesAndContributionMap":{"java":{"insertions":36,"deletions":0}}}]},{"date":"2022-08-27","commitResults":[{"hash":"547223464046ddbc5c408cce3d63759c78938662","messageTitle":"Done A-JavaDoc","messageBody":"","tags":["A-JavaDoc"],"fileTypesAndContributionMap":{"java":{"insertions":179,"deletions":7}}},{"hash":"6c93a76acf1cb15a582e4c0b777abbf5b746bf8f","messageTitle":"merging this branch-A-JavaDoc branch to master. Because i forgot.","messageBody":"","fileTypesAndContributionMap":{"java":{"insertions":1,"deletions":2}}},{"hash":"ee28a0d1084a757bd64f5018cdefa025ae36f6dd","messageTitle":"done Level-9, find can only find 1 word","messageBody":"","tags":["Level-9"],"fileTypesAndContributionMap":{"java":{"insertions":41,"deletions":2}}},{"hash":"79049f0907908e221b48bbde4b5be99325d8e9ee","messageTitle":"done A-CodingStandard","messageBody":"","tags":["A-CodingStandard"],"fileTypesAndContributionMap":{"java":{"insertions":19,"deletions":16}}}]},{"date":"2022-08-29","commitResults":[{"hash":"e8a54ae35e8e7cd4704d9dd3c8640b70f9568d1d","messageTitle":"edit code to pass checkstyle","messageBody":"","tags":["A-CheckStyle"],"fileTypesAndContributionMap":{"gradle":{"insertions":5,"deletions":0},"java":{"insertions":49,"deletions":42}}}]}]},"authorFileTypeContributionMap":{"ElijahS67":{"java":729,"md":0,"fxml":0,"sh":0,"bat":89,"gradle":46,"txt":10}},"authorContributionVariance":{"ElijahS67":22064.691},"authorDisplayNameMap":{"ElijahS67":"CS2103T-T11-4 SEAH..IJAH"}}
