[{"path":"src/main/java/BotUI.java","fileType":"java","lines":[{"lineNumber":1,"author":{"gitId":"eesung00"},"content":"import java.util.ArrayList;","lastModifiedDate":"2022-08-17"},{"lineNumber":2,"author":{"gitId":"eesung00"},"content":"","lastModifiedDate":"2022-08-17"},{"lineNumber":3,"author":{"gitId":"eesung00"},"content":"public class BotUI {","lastModifiedDate":"2022-08-17"},{"lineNumber":4,"author":{"gitId":"eesung00"},"content":"","lastModifiedDate":"2022-08-17"},{"lineNumber":5,"author":{"gitId":"eesung00"},"content":"    String sayHello() {","lastModifiedDate":"2022-08-17"},{"lineNumber":6,"author":{"gitId":"eesung00"},"content":"        return \"Hello! I\u0027m Duke\\n\" + \"I\u0027m ready to serve you!\";","lastModifiedDate":"2022-08-17"},{"lineNumber":7,"author":{"gitId":"eesung00"},"content":"    }","lastModifiedDate":"2022-08-17"},{"lineNumber":8,"author":{"gitId":"eesung00"},"content":"","lastModifiedDate":"2022-08-17"},{"lineNumber":9,"author":{"gitId":"eesung00"},"content":"    String sayBye() {","lastModifiedDate":"2022-08-17"},{"lineNumber":10,"author":{"gitId":"eesung00"},"content":"        return \"Goodbye, Hope to see you soon!\\n\" +","lastModifiedDate":"2022-08-17"},{"lineNumber":11,"author":{"gitId":"eesung00"},"content":"                \"----------------------------------------------\\n\";","lastModifiedDate":"2022-08-17"},{"lineNumber":12,"author":{"gitId":"eesung00"},"content":"    }","lastModifiedDate":"2022-08-17"},{"lineNumber":13,"author":{"gitId":"eesung00"},"content":"","lastModifiedDate":"2022-08-17"},{"lineNumber":14,"author":{"gitId":"eesung00"},"content":"    String botDivider() {","lastModifiedDate":"2022-08-17"},{"lineNumber":15,"author":{"gitId":"eesung00"},"content":"        return \"~~~~~-----DUKE-----~~~~~\\n\";","lastModifiedDate":"2022-08-17"},{"lineNumber":16,"author":{"gitId":"eesung00"},"content":"    }","lastModifiedDate":"2022-08-17"},{"lineNumber":17,"author":{"gitId":"eesung00"},"content":"","lastModifiedDate":"2022-08-17"},{"lineNumber":18,"author":{"gitId":"eesung00"},"content":"    String userDivider() {","lastModifiedDate":"2022-08-17"},{"lineNumber":19,"author":{"gitId":"eesung00"},"content":"        return \"~~~~~-----YOU-----~~~~~~\\n\";","lastModifiedDate":"2022-08-17"},{"lineNumber":20,"author":{"gitId":"eesung00"},"content":"    }","lastModifiedDate":"2022-08-17"},{"lineNumber":21,"author":{"gitId":"eesung00"},"content":"","lastModifiedDate":"2022-08-17"},{"lineNumber":22,"author":{"gitId":"eesung00"},"content":"    String showList(TaskRecords taskList) {","lastModifiedDate":"2022-08-17"},{"lineNumber":23,"author":{"gitId":"eesung00"},"content":"        ArrayList\u003cTask\u003e lst \u003d taskList.getList();","lastModifiedDate":"2022-08-17"},{"lineNumber":24,"author":{"gitId":"eesung00"},"content":"        if (lst.size() \u003d\u003d 0) {","lastModifiedDate":"2022-08-17"},{"lineNumber":25,"author":{"gitId":"eesung00"},"content":"            return \"Nothing is added!\";","lastModifiedDate":"2022-08-17"},{"lineNumber":26,"author":{"gitId":"eesung00"},"content":"        }","lastModifiedDate":"2022-08-17"},{"lineNumber":27,"author":{"gitId":"eesung00"},"content":"        StringBuilder lstFormat \u003d new StringBuilder();","lastModifiedDate":"2022-08-17"},{"lineNumber":28,"author":{"gitId":"eesung00"},"content":"        for(int i \u003d 1; i \u003c\u003d lst.size(); i++) {","lastModifiedDate":"2022-08-17"},{"lineNumber":29,"author":{"gitId":"eesung00"},"content":"            lstFormat.append(i).append(\". \").append(lst.get(i - 1).toString());","lastModifiedDate":"2022-08-17"},{"lineNumber":30,"author":{"gitId":"eesung00"},"content":"            lstFormat.append((i \u003d\u003d lst.size()) ? \"\" : \"\\n\");","lastModifiedDate":"2022-08-17"},{"lineNumber":31,"author":{"gitId":"eesung00"},"content":"        }","lastModifiedDate":"2022-08-17"},{"lineNumber":32,"author":{"gitId":"eesung00"},"content":"        return lstFormat.toString();","lastModifiedDate":"2022-08-17"},{"lineNumber":33,"author":{"gitId":"eesung00"},"content":"    }","lastModifiedDate":"2022-08-17"},{"lineNumber":34,"author":{"gitId":"eesung00"},"content":"","lastModifiedDate":"2022-08-17"},{"lineNumber":35,"author":{"gitId":"eesung00"},"content":"    String botSpeak(String phrase) {","lastModifiedDate":"2022-08-17"},{"lineNumber":36,"author":{"gitId":"eesung00"},"content":"        return this.botDivider() + phrase + \"\\n\"","lastModifiedDate":"2022-08-17"},{"lineNumber":37,"author":{"gitId":"eesung00"},"content":"                + this.userDivider();","lastModifiedDate":"2022-08-17"},{"lineNumber":38,"author":{"gitId":"eesung00"},"content":"    }","lastModifiedDate":"2022-08-17"},{"lineNumber":39,"author":{"gitId":"eesung00"},"content":"","lastModifiedDate":"2022-08-17"},{"lineNumber":40,"author":{"gitId":"eesung00"},"content":"    String informMarkStatus(Task task) {","lastModifiedDate":"2022-08-17"},{"lineNumber":41,"author":{"gitId":"eesung00"},"content":"       return (task.isDone()) ? \"Nice! this task is marked as done. Good Job!\\n\" + task.toString() :","lastModifiedDate":"2022-08-17"},{"lineNumber":42,"author":{"gitId":"eesung00"},"content":"               \"This task is marked as not done. Keep it up!\\n\" + task.toString();","lastModifiedDate":"2022-08-17"},{"lineNumber":43,"author":{"gitId":"eesung00"},"content":"    }","lastModifiedDate":"2022-08-17"},{"lineNumber":44,"author":{"gitId":"eesung00"},"content":"","lastModifiedDate":"2022-08-17"},{"lineNumber":45,"author":{"gitId":"eesung00"},"content":"    String addStatus(TaskRecords taskList, Task task) {","lastModifiedDate":"2022-08-17"},{"lineNumber":46,"author":{"gitId":"eesung00"},"content":"        ArrayList\u003cTask\u003e lst \u003d taskList.getList();","lastModifiedDate":"2022-08-17"},{"lineNumber":47,"author":{"gitId":"eesung00"},"content":"        return String.format(","lastModifiedDate":"2022-08-17"},{"lineNumber":48,"author":{"gitId":"eesung00"},"content":"                \"New task is registered as you wish, you can come back to check if you wish!:\\n %s\\n\"","lastModifiedDate":"2022-08-17"},{"lineNumber":49,"author":{"gitId":"eesung00"},"content":"                        + \"Now you have %d tasks on your list.\", task, lst.size());","lastModifiedDate":"2022-08-17"},{"lineNumber":50,"author":{"gitId":"eesung00"},"content":"    }","lastModifiedDate":"2022-08-17"},{"lineNumber":51,"author":{"gitId":"eesung00"},"content":"","lastModifiedDate":"2022-08-17"},{"lineNumber":52,"author":{"gitId":"eesung00"},"content":"    String successRemoved(TaskRecords taskList, Task task) {","lastModifiedDate":"2022-08-17"},{"lineNumber":53,"author":{"gitId":"eesung00"},"content":"        ArrayList\u003cTask\u003e lst \u003d taskList.getList();","lastModifiedDate":"2022-08-17"},{"lineNumber":54,"author":{"gitId":"eesung00"},"content":"        return String.format(","lastModifiedDate":"2022-08-17"},{"lineNumber":55,"author":{"gitId":"eesung00"},"content":"                \"Ching Ching Poof~~ This task is removed:\\n %s\\n\"","lastModifiedDate":"2022-08-17"},{"lineNumber":56,"author":{"gitId":"eesung00"},"content":"                        + \"Now you have %d tasks on your list.\", task, lst.size());","lastModifiedDate":"2022-08-17"},{"lineNumber":57,"author":{"gitId":"eesung00"},"content":"    }","lastModifiedDate":"2022-08-17"},{"lineNumber":58,"author":{"gitId":"eesung00"},"content":"","lastModifiedDate":"2022-08-17"},{"lineNumber":59,"author":{"gitId":"eesung00"},"content":"    String invalidCommand() {","lastModifiedDate":"2022-08-17"},{"lineNumber":60,"author":{"gitId":"eesung00"},"content":"        return \"Huh? I don\u0027t understand your instructions XD\\n\" +","lastModifiedDate":"2022-08-17"},{"lineNumber":61,"author":{"gitId":"eesung00"},"content":"                \"------Available command------\\n\" +","lastModifiedDate":"2022-08-17"},{"lineNumber":62,"author":{"gitId":"eesung00"},"content":"                \"modify list command: | todo | deadline | event | delete |\\n\" +","lastModifiedDate":"2022-08-17"},{"lineNumber":63,"author":{"gitId":"eesung00"},"content":"                \"modify task command: | mark [number] | unmark [number]|\\n\" +","lastModifiedDate":"2022-08-17"},{"lineNumber":64,"author":{"gitId":"eesung00"},"content":"                \"other: | bye | list |\";","lastModifiedDate":"2022-08-17"},{"lineNumber":65,"author":{"gitId":"eesung00"},"content":"    }","lastModifiedDate":"2022-08-17"},{"lineNumber":66,"author":{"gitId":"eesung00"},"content":"","lastModifiedDate":"2022-08-17"},{"lineNumber":67,"author":{"gitId":"eesung00"},"content":"    String invalidFormat() {","lastModifiedDate":"2022-08-17"},{"lineNumber":68,"author":{"gitId":"eesung00"},"content":"        return \"Base on my understanding, your instruction didn\u0027t follow the format\\n\" +","lastModifiedDate":"2022-08-17"},{"lineNumber":69,"author":{"gitId":"eesung00"},"content":"                \"todo : todo [task description]\\n\" +","lastModifiedDate":"2022-08-17"},{"lineNumber":70,"author":{"gitId":"eesung00"},"content":"                \"deadline: deadline [task description] /by [your date/time]\\n\" +","lastModifiedDate":"2022-08-17"},{"lineNumber":71,"author":{"gitId":"eesung00"},"content":"                \"event: event [task description] /at [your date/time]\";","lastModifiedDate":"2022-08-17"},{"lineNumber":72,"author":{"gitId":"eesung00"},"content":"    }","lastModifiedDate":"2022-08-17"},{"lineNumber":73,"author":{"gitId":"eesung00"},"content":"","lastModifiedDate":"2022-08-17"},{"lineNumber":74,"author":{"gitId":"eesung00"},"content":"    String taskNotExist(TaskRecords taskList) {","lastModifiedDate":"2022-08-17"},{"lineNumber":75,"author":{"gitId":"eesung00"},"content":"        return String.format(\"Opps! we only have %d tasks in the list :(\",","lastModifiedDate":"2022-08-17"},{"lineNumber":76,"author":{"gitId":"eesung00"},"content":"                taskList.getList().size());","lastModifiedDate":"2022-08-17"},{"lineNumber":77,"author":{"gitId":"eesung00"},"content":"    }","lastModifiedDate":"2022-08-17"},{"lineNumber":78,"author":{"gitId":"eesung00"},"content":"","lastModifiedDate":"2022-08-17"},{"lineNumber":79,"author":{"gitId":"eesung00"},"content":"    String invalidCheckFormat() {","lastModifiedDate":"2022-08-17"},{"lineNumber":80,"author":{"gitId":"eesung00"},"content":"        return \"Sorry, last character after mark/unmark command should be integer!\";","lastModifiedDate":"2022-08-17"},{"lineNumber":81,"author":{"gitId":"eesung00"},"content":"    }","lastModifiedDate":"2022-08-17"},{"lineNumber":82,"author":{"gitId":"eesung00"},"content":"","lastModifiedDate":"2022-08-17"},{"lineNumber":83,"author":{"gitId":"eesung00"},"content":"","lastModifiedDate":"2022-08-17"},{"lineNumber":84,"author":{"gitId":"eesung00"},"content":"}","lastModifiedDate":"2022-08-17"}],"authorContributionMap":{"eesung00":84}},{"path":"src/main/java/Deadlines.java","fileType":"java","lines":[{"lineNumber":1,"author":{"gitId":"eesung00"},"content":"public class Deadlines extends Task {","lastModifiedDate":"2022-08-17"},{"lineNumber":2,"author":{"gitId":"eesung00"},"content":"    private static final int SKIP_DEADLINE_COMMAND \u003d 9;","lastModifiedDate":"2022-08-17"},{"lineNumber":3,"author":{"gitId":"eesung00"},"content":"    private static final int SKIP_BY_COMMAND \u003d 4;","lastModifiedDate":"2022-08-17"},{"lineNumber":4,"author":{"gitId":"eesung00"},"content":"    private final String time;","lastModifiedDate":"2022-08-17"},{"lineNumber":5,"author":{"gitId":"eesung00"},"content":"","lastModifiedDate":"2022-08-17"},{"lineNumber":6,"author":{"gitId":"eesung00"},"content":"    private static String process(String command, boolean getDetail) {","lastModifiedDate":"2022-08-17"},{"lineNumber":7,"author":{"gitId":"eesung00"},"content":"        String detail \u003d command.substring(SKIP_DEADLINE_COMMAND, command.indexOf(\"/by\"));","lastModifiedDate":"2022-08-17"},{"lineNumber":8,"author":{"gitId":"eesung00"},"content":"        String time \u003d command.substring(command.lastIndexOf(\"/by \") + SKIP_BY_COMMAND);","lastModifiedDate":"2022-08-17"},{"lineNumber":9,"author":{"gitId":"eesung00"},"content":"        return (getDetail) ? detail : time;","lastModifiedDate":"2022-08-17"},{"lineNumber":10,"author":{"gitId":"eesung00"},"content":"    }","lastModifiedDate":"2022-08-17"},{"lineNumber":11,"author":{"gitId":"eesung00"},"content":"","lastModifiedDate":"2022-08-17"},{"lineNumber":12,"author":{"gitId":"eesung00"},"content":"    Deadlines(String detail, boolean isDone, String time) {","lastModifiedDate":"2022-08-17"},{"lineNumber":13,"author":{"gitId":"eesung00"},"content":"        super(detail, isDone);","lastModifiedDate":"2022-08-17"},{"lineNumber":14,"author":{"gitId":"eesung00"},"content":"        this.time \u003d time;","lastModifiedDate":"2022-08-17"},{"lineNumber":15,"author":{"gitId":"eesung00"},"content":"    }","lastModifiedDate":"2022-08-17"},{"lineNumber":16,"author":{"gitId":"eesung00"},"content":"","lastModifiedDate":"2022-08-17"},{"lineNumber":17,"author":{"gitId":"eesung00"},"content":"    Deadlines(String command) {","lastModifiedDate":"2022-08-17"},{"lineNumber":18,"author":{"gitId":"eesung00"},"content":"        super(process(command, true));","lastModifiedDate":"2022-08-17"},{"lineNumber":19,"author":{"gitId":"eesung00"},"content":"        this.time \u003d process(command, false);","lastModifiedDate":"2022-08-17"},{"lineNumber":20,"author":{"gitId":"eesung00"},"content":"    }","lastModifiedDate":"2022-08-17"},{"lineNumber":21,"author":{"gitId":"eesung00"},"content":"","lastModifiedDate":"2022-08-17"},{"lineNumber":22,"author":{"gitId":"eesung00"},"content":"    @Override","lastModifiedDate":"2022-08-17"},{"lineNumber":23,"author":{"gitId":"eesung00"},"content":"    public Task markDone() {","lastModifiedDate":"2022-08-17"},{"lineNumber":24,"author":{"gitId":"eesung00"},"content":"        return new Deadlines(super.getDetail(), true, this.time);","lastModifiedDate":"2022-08-17"},{"lineNumber":25,"author":{"gitId":"eesung00"},"content":"    }","lastModifiedDate":"2022-08-17"},{"lineNumber":26,"author":{"gitId":"eesung00"},"content":"","lastModifiedDate":"2022-08-17"},{"lineNumber":27,"author":{"gitId":"eesung00"},"content":"    @Override","lastModifiedDate":"2022-08-17"},{"lineNumber":28,"author":{"gitId":"eesung00"},"content":"    public Task unmarkDone() {","lastModifiedDate":"2022-08-17"},{"lineNumber":29,"author":{"gitId":"eesung00"},"content":"        return new Deadlines(super.getDetail(), false, this.time);","lastModifiedDate":"2022-08-17"},{"lineNumber":30,"author":{"gitId":"eesung00"},"content":"    }","lastModifiedDate":"2022-08-17"},{"lineNumber":31,"author":{"gitId":"eesung00"},"content":"","lastModifiedDate":"2022-08-17"},{"lineNumber":32,"author":{"gitId":"eesung00"},"content":"    @Override","lastModifiedDate":"2022-08-17"},{"lineNumber":33,"author":{"gitId":"eesung00"},"content":"    public String toString() {","lastModifiedDate":"2022-08-17"},{"lineNumber":34,"author":{"gitId":"eesung00"},"content":"        return \"[D]\" + super.toString()","lastModifiedDate":"2022-08-17"},{"lineNumber":35,"author":{"gitId":"eesung00"},"content":"                + String.format(\"(by: %s)\", this.time);","lastModifiedDate":"2022-08-17"},{"lineNumber":36,"author":{"gitId":"eesung00"},"content":"    }","lastModifiedDate":"2022-08-17"},{"lineNumber":37,"author":{"gitId":"eesung00"},"content":"}","lastModifiedDate":"2022-08-17"}],"authorContributionMap":{"eesung00":37}},{"path":"src/main/java/Duke.java","fileType":"java","lines":[{"lineNumber":1,"author":{"gitId":"eesung00"},"content":"import java.util.Scanner;","lastModifiedDate":"2022-08-16"},{"lineNumber":2,"author":{"gitId":"eesung00"},"content":"","lastModifiedDate":"2022-08-16"},{"lineNumber":3,"author":{"gitId":"-"},"content":"public class Duke {","lastModifiedDate":"2019-07-29"},{"lineNumber":4,"author":{"gitId":"eesung00"},"content":"","lastModifiedDate":"2022-08-16"},{"lineNumber":5,"author":{"gitId":"eesung00"},"content":"    BotUI ui;","lastModifiedDate":"2022-08-17"},{"lineNumber":6,"author":{"gitId":"eesung00"},"content":"    private final TaskRecords taskList;","lastModifiedDate":"2022-08-17"},{"lineNumber":7,"author":{"gitId":"eesung00"},"content":"","lastModifiedDate":"2022-08-17"},{"lineNumber":8,"author":{"gitId":"eesung00"},"content":"    Duke() {","lastModifiedDate":"2022-08-17"},{"lineNumber":9,"author":{"gitId":"eesung00"},"content":"        this.ui \u003d new BotUI();","lastModifiedDate":"2022-08-17"},{"lineNumber":10,"author":{"gitId":"eesung00"},"content":"        this.taskList \u003d new TaskRecords();","lastModifiedDate":"2022-08-17"},{"lineNumber":11,"author":{"gitId":"eesung00"},"content":"    }","lastModifiedDate":"2022-08-17"},{"lineNumber":12,"author":{"gitId":"eesung00"},"content":"","lastModifiedDate":"2022-08-17"},{"lineNumber":13,"author":{"gitId":"eesung00"},"content":"    void runBot() {","lastModifiedDate":"2022-08-17"},{"lineNumber":14,"author":{"gitId":"eesung00"},"content":"        System.out.print(ui.botSpeak(ui.sayHello()));","lastModifiedDate":"2022-08-17"},{"lineNumber":15,"author":{"gitId":"eesung00"},"content":"        Scanner scn \u003d new Scanner(System.in);","lastModifiedDate":"2022-08-16"},{"lineNumber":16,"author":{"gitId":"eesung00"},"content":"        String input \u003d scn.nextLine();","lastModifiedDate":"2022-08-16"},{"lineNumber":17,"author":{"gitId":"eesung00"},"content":"","lastModifiedDate":"2022-08-16"},{"lineNumber":18,"author":{"gitId":"eesung00"},"content":"        while (!input.equals(\"bye\")) {","lastModifiedDate":"2022-08-16"},{"lineNumber":19,"author":{"gitId":"eesung00"},"content":"            try {","lastModifiedDate":"2022-08-17"},{"lineNumber":20,"author":{"gitId":"eesung00"},"content":"                InputChecker.checkInput(input);","lastModifiedDate":"2022-08-17"},{"lineNumber":21,"author":{"gitId":"eesung00"},"content":"                if (input.equals(\"list\")) {","lastModifiedDate":"2022-08-16"},{"lineNumber":22,"author":{"gitId":"eesung00"},"content":"                    System.out.print(ui.botSpeak(ui.showList(taskList)));","lastModifiedDate":"2022-08-17"},{"lineNumber":23,"author":{"gitId":"eesung00"},"content":"                }","lastModifiedDate":"2022-08-17"},{"lineNumber":24,"author":{"gitId":"eesung00"},"content":"                else if (input.startsWith(\"todo\")) {","lastModifiedDate":"2022-08-17"},{"lineNumber":25,"author":{"gitId":"eesung00"},"content":"                    Task task \u003d new ToDos(input.substring(5));","lastModifiedDate":"2022-08-17"},{"lineNumber":26,"author":{"gitId":"eesung00"},"content":"                    taskList.addProcess(task);","lastModifiedDate":"2022-08-17"},{"lineNumber":27,"author":{"gitId":"eesung00"},"content":"                    System.out.print(ui.botSpeak(ui.addStatus(taskList, task)));","lastModifiedDate":"2022-08-17"},{"lineNumber":28,"author":{"gitId":"eesung00"},"content":"                }","lastModifiedDate":"2022-08-17"},{"lineNumber":29,"author":{"gitId":"eesung00"},"content":"                else if (input.startsWith(\"deadline\")) {","lastModifiedDate":"2022-08-17"},{"lineNumber":30,"author":{"gitId":"eesung00"},"content":"                    Task task \u003d new Deadlines(input);","lastModifiedDate":"2022-08-17"},{"lineNumber":31,"author":{"gitId":"eesung00"},"content":"                    taskList.addProcess(task);","lastModifiedDate":"2022-08-17"},{"lineNumber":32,"author":{"gitId":"eesung00"},"content":"                    System.out.print(ui.botSpeak(ui.addStatus(taskList, task)));","lastModifiedDate":"2022-08-17"},{"lineNumber":33,"author":{"gitId":"eesung00"},"content":"                }","lastModifiedDate":"2022-08-17"},{"lineNumber":34,"author":{"gitId":"eesung00"},"content":"                else if (input.startsWith(\"event\")) {","lastModifiedDate":"2022-08-17"},{"lineNumber":35,"author":{"gitId":"eesung00"},"content":"                    Task task \u003d new Events(input);","lastModifiedDate":"2022-08-17"},{"lineNumber":36,"author":{"gitId":"eesung00"},"content":"                    taskList.addProcess(task);","lastModifiedDate":"2022-08-17"},{"lineNumber":37,"author":{"gitId":"eesung00"},"content":"                    System.out.print(ui.botSpeak(ui.addStatus(taskList, task)));","lastModifiedDate":"2022-08-17"},{"lineNumber":38,"author":{"gitId":"eesung00"},"content":"                }","lastModifiedDate":"2022-08-17"},{"lineNumber":39,"author":{"gitId":"eesung00"},"content":"                else if (input.startsWith(\"mark\") || input.startsWith(\"unmark\") || input.startsWith(\"delete\")) {","lastModifiedDate":"2022-08-17"},{"lineNumber":40,"author":{"gitId":"eesung00"},"content":"                    int taskIdx \u003d Integer.parseInt(input.substring(input.length() - 1)) - 1;","lastModifiedDate":"2022-08-16"},{"lineNumber":41,"author":{"gitId":"eesung00"},"content":"                    if (input.startsWith(\"delete\")) {","lastModifiedDate":"2022-08-17"},{"lineNumber":42,"author":{"gitId":"eesung00"},"content":"                        System.out.print(ui.botSpeak(ui.successRemoved(taskList, taskList.delete(taskIdx))));","lastModifiedDate":"2022-08-17"},{"lineNumber":43,"author":{"gitId":"eesung00"},"content":"                        input \u003d scn.nextLine();","lastModifiedDate":"2022-08-17"},{"lineNumber":44,"author":{"gitId":"eesung00"},"content":"                        continue;","lastModifiedDate":"2022-08-17"},{"lineNumber":45,"author":{"gitId":"eesung00"},"content":"                    }","lastModifiedDate":"2022-08-17"},{"lineNumber":46,"author":{"gitId":"eesung00"},"content":"                    Task currTask \u003d taskList.get(taskIdx);","lastModifiedDate":"2022-08-17"},{"lineNumber":47,"author":{"gitId":"eesung00"},"content":"                    currTask \u003d (input.startsWith(\"mark\")) ? currTask.markDone() : currTask.unmarkDone();","lastModifiedDate":"2022-08-17"},{"lineNumber":48,"author":{"gitId":"eesung00"},"content":"                    taskList.addProcess(currTask);","lastModifiedDate":"2022-08-17"},{"lineNumber":49,"author":{"gitId":"eesung00"},"content":"                    System.out.print(ui.botSpeak(ui.informMarkStatus(taskList.get(taskIdx))));","lastModifiedDate":"2022-08-17"},{"lineNumber":50,"author":{"gitId":"eesung00"},"content":"                }","lastModifiedDate":"2022-08-16"},{"lineNumber":51,"author":{"gitId":"eesung00"},"content":"                else {","lastModifiedDate":"2022-08-17"},{"lineNumber":52,"author":{"gitId":"eesung00"},"content":"                    throw new DukeException(ui.invalidCommand());","lastModifiedDate":"2022-08-17"},{"lineNumber":53,"author":{"gitId":"eesung00"},"content":"                }","lastModifiedDate":"2022-08-17"},{"lineNumber":54,"author":{"gitId":"eesung00"},"content":"            } catch (IndexOutOfBoundsException ex) {","lastModifiedDate":"2022-08-17"},{"lineNumber":55,"author":{"gitId":"eesung00"},"content":"                System.out.print(ui.botSpeak(ui.taskNotExist(taskList)));","lastModifiedDate":"2022-08-17"},{"lineNumber":56,"author":{"gitId":"eesung00"},"content":"            } catch (NumberFormatException ex) {","lastModifiedDate":"2022-08-17"},{"lineNumber":57,"author":{"gitId":"eesung00"},"content":"                System.out.print(ui.botSpeak(ui.invalidCheckFormat()));","lastModifiedDate":"2022-08-17"},{"lineNumber":58,"author":{"gitId":"eesung00"},"content":"            } catch (DukeException de) {","lastModifiedDate":"2022-08-17"},{"lineNumber":59,"author":{"gitId":"eesung00"},"content":"                System.out.print(ui.botSpeak(de.getMessage()));","lastModifiedDate":"2022-08-17"},{"lineNumber":60,"author":{"gitId":"eesung00"},"content":"            }","lastModifiedDate":"2022-08-17"},{"lineNumber":61,"author":{"gitId":"eesung00"},"content":"            input \u003d scn.nextLine();","lastModifiedDate":"2022-08-16"},{"lineNumber":62,"author":{"gitId":"eesung00"},"content":"        }","lastModifiedDate":"2022-08-16"},{"lineNumber":63,"author":{"gitId":"eesung00"},"content":"        System.out.print(ui.botDivider());","lastModifiedDate":"2022-08-17"},{"lineNumber":64,"author":{"gitId":"eesung00"},"content":"        System.out.println(ui.sayBye());","lastModifiedDate":"2022-08-17"},{"lineNumber":65,"author":{"gitId":"eesung00"},"content":"    }","lastModifiedDate":"2022-08-17"},{"lineNumber":66,"author":{"gitId":"eesung00"},"content":"","lastModifiedDate":"2022-08-16"},{"lineNumber":67,"author":{"gitId":"-"},"content":"    public static void main(String[] args) {","lastModifiedDate":"2022-08-17"},{"lineNumber":68,"author":{"gitId":"eesung00"},"content":"        Duke duke \u003d new Duke();","lastModifiedDate":"2022-08-17"},{"lineNumber":69,"author":{"gitId":"eesung00"},"content":"        duke.runBot();","lastModifiedDate":"2022-08-17"},{"lineNumber":70,"author":{"gitId":"-"},"content":"    }","lastModifiedDate":"2019-07-29"},{"lineNumber":71,"author":{"gitId":"-"},"content":"}","lastModifiedDate":"2019-07-29"}],"authorContributionMap":{"eesung00":67,"-":4}},{"path":"src/main/java/DukeException.java","fileType":"java","lines":[{"lineNumber":1,"author":{"gitId":"eesung00"},"content":"public class DukeException extends Exception {","lastModifiedDate":"2022-08-17"},{"lineNumber":2,"author":{"gitId":"eesung00"},"content":"    public DukeException(String errorMsg) {","lastModifiedDate":"2022-08-17"},{"lineNumber":3,"author":{"gitId":"eesung00"},"content":"        super(errorMsg);","lastModifiedDate":"2022-08-17"},{"lineNumber":4,"author":{"gitId":"eesung00"},"content":"    }","lastModifiedDate":"2022-08-17"},{"lineNumber":5,"author":{"gitId":"eesung00"},"content":"}","lastModifiedDate":"2022-08-17"}],"authorContributionMap":{"eesung00":5}},{"path":"src/main/java/Echo.java","fileType":"java","lines":[{"lineNumber":1,"author":{"gitId":"eesung00"},"content":"import java.util.Scanner;","lastModifiedDate":"2022-08-16"},{"lineNumber":2,"author":{"gitId":"eesung00"},"content":"","lastModifiedDate":"2022-08-16"},{"lineNumber":3,"author":{"gitId":"eesung00"},"content":"public class Echo {","lastModifiedDate":"2022-08-16"},{"lineNumber":4,"author":{"gitId":"eesung00"},"content":"    private final String echoText;","lastModifiedDate":"2022-08-16"},{"lineNumber":5,"author":{"gitId":"eesung00"},"content":"","lastModifiedDate":"2022-08-16"},{"lineNumber":6,"author":{"gitId":"eesung00"},"content":"    Echo(String echoText) {","lastModifiedDate":"2022-08-16"},{"lineNumber":7,"author":{"gitId":"eesung00"},"content":"        this.echoText \u003d echoText;","lastModifiedDate":"2022-08-16"},{"lineNumber":8,"author":{"gitId":"eesung00"},"content":"    }","lastModifiedDate":"2022-08-16"},{"lineNumber":9,"author":{"gitId":"eesung00"},"content":"","lastModifiedDate":"2022-08-16"},{"lineNumber":10,"author":{"gitId":"eesung00"},"content":"    @Override","lastModifiedDate":"2022-08-16"},{"lineNumber":11,"author":{"gitId":"eesung00"},"content":"    public String toString() {","lastModifiedDate":"2022-08-16"},{"lineNumber":12,"author":{"gitId":"eesung00"},"content":"        return this.echoText;","lastModifiedDate":"2022-08-16"},{"lineNumber":13,"author":{"gitId":"eesung00"},"content":"    }","lastModifiedDate":"2022-08-16"},{"lineNumber":14,"author":{"gitId":"eesung00"},"content":"}","lastModifiedDate":"2022-08-16"}],"authorContributionMap":{"eesung00":14}},{"path":"src/main/java/Events.java","fileType":"java","lines":[{"lineNumber":1,"author":{"gitId":"eesung00"},"content":"public class Events extends Task {","lastModifiedDate":"2022-08-17"},{"lineNumber":2,"author":{"gitId":"eesung00"},"content":"    private static final int SKIP_EVENT_COMMAND \u003d 6;","lastModifiedDate":"2022-08-17"},{"lineNumber":3,"author":{"gitId":"eesung00"},"content":"    private static final int SKIP_AT_COMMAND \u003d 4;","lastModifiedDate":"2022-08-17"},{"lineNumber":4,"author":{"gitId":"eesung00"},"content":"    private final String time;","lastModifiedDate":"2022-08-17"},{"lineNumber":5,"author":{"gitId":"eesung00"},"content":"","lastModifiedDate":"2022-08-17"},{"lineNumber":6,"author":{"gitId":"eesung00"},"content":"    private static String process(String command, boolean getDetail) {","lastModifiedDate":"2022-08-17"},{"lineNumber":7,"author":{"gitId":"eesung00"},"content":"        String detail \u003d command.substring(SKIP_EVENT_COMMAND,","lastModifiedDate":"2022-08-17"},{"lineNumber":8,"author":{"gitId":"eesung00"},"content":"                command.indexOf(\"/at\"));","lastModifiedDate":"2022-08-17"},{"lineNumber":9,"author":{"gitId":"eesung00"},"content":"        String time \u003d command.substring(command.lastIndexOf(\"/at \") + SKIP_AT_COMMAND);","lastModifiedDate":"2022-08-17"},{"lineNumber":10,"author":{"gitId":"eesung00"},"content":"        return (getDetail) ? detail : time;","lastModifiedDate":"2022-08-17"},{"lineNumber":11,"author":{"gitId":"eesung00"},"content":"    }","lastModifiedDate":"2022-08-17"},{"lineNumber":12,"author":{"gitId":"eesung00"},"content":"","lastModifiedDate":"2022-08-17"},{"lineNumber":13,"author":{"gitId":"eesung00"},"content":"    Events(String detail, boolean isDone, String time) {","lastModifiedDate":"2022-08-17"},{"lineNumber":14,"author":{"gitId":"eesung00"},"content":"        super(detail, isDone);","lastModifiedDate":"2022-08-17"},{"lineNumber":15,"author":{"gitId":"eesung00"},"content":"        this.time \u003d time;","lastModifiedDate":"2022-08-17"},{"lineNumber":16,"author":{"gitId":"eesung00"},"content":"    }","lastModifiedDate":"2022-08-17"},{"lineNumber":17,"author":{"gitId":"eesung00"},"content":"","lastModifiedDate":"2022-08-17"},{"lineNumber":18,"author":{"gitId":"eesung00"},"content":"    Events(String command) {","lastModifiedDate":"2022-08-17"},{"lineNumber":19,"author":{"gitId":"eesung00"},"content":"        super(process(command, true));","lastModifiedDate":"2022-08-17"},{"lineNumber":20,"author":{"gitId":"eesung00"},"content":"        this.time \u003d process(command, false);","lastModifiedDate":"2022-08-17"},{"lineNumber":21,"author":{"gitId":"eesung00"},"content":"    }","lastModifiedDate":"2022-08-17"},{"lineNumber":22,"author":{"gitId":"eesung00"},"content":"","lastModifiedDate":"2022-08-17"},{"lineNumber":23,"author":{"gitId":"eesung00"},"content":"    @Override","lastModifiedDate":"2022-08-17"},{"lineNumber":24,"author":{"gitId":"eesung00"},"content":"    public Task markDone() {","lastModifiedDate":"2022-08-17"},{"lineNumber":25,"author":{"gitId":"eesung00"},"content":"        return new Events(super.getDetail(), true, this.time);","lastModifiedDate":"2022-08-17"},{"lineNumber":26,"author":{"gitId":"eesung00"},"content":"    }","lastModifiedDate":"2022-08-17"},{"lineNumber":27,"author":{"gitId":"eesung00"},"content":"","lastModifiedDate":"2022-08-17"},{"lineNumber":28,"author":{"gitId":"eesung00"},"content":"    @Override","lastModifiedDate":"2022-08-17"},{"lineNumber":29,"author":{"gitId":"eesung00"},"content":"    public Task unmarkDone() {","lastModifiedDate":"2022-08-17"},{"lineNumber":30,"author":{"gitId":"eesung00"},"content":"        return new Events(super.getDetail(), false, this.time);","lastModifiedDate":"2022-08-17"},{"lineNumber":31,"author":{"gitId":"eesung00"},"content":"    }","lastModifiedDate":"2022-08-17"},{"lineNumber":32,"author":{"gitId":"eesung00"},"content":"","lastModifiedDate":"2022-08-17"},{"lineNumber":33,"author":{"gitId":"eesung00"},"content":"    @Override","lastModifiedDate":"2022-08-17"},{"lineNumber":34,"author":{"gitId":"eesung00"},"content":"    public String toString() {","lastModifiedDate":"2022-08-17"},{"lineNumber":35,"author":{"gitId":"eesung00"},"content":"        return \"[E]\" + super.toString()","lastModifiedDate":"2022-08-17"},{"lineNumber":36,"author":{"gitId":"eesung00"},"content":"                + String.format(\"(at: %s)\", this.time);","lastModifiedDate":"2022-08-17"},{"lineNumber":37,"author":{"gitId":"eesung00"},"content":"    }","lastModifiedDate":"2022-08-17"},{"lineNumber":38,"author":{"gitId":"eesung00"},"content":"}","lastModifiedDate":"2022-08-17"}],"authorContributionMap":{"eesung00":38}},{"path":"src/main/java/InputChecker.java","fileType":"java","lines":[{"lineNumber":1,"author":{"gitId":"eesung00"},"content":"public class InputChecker {","lastModifiedDate":"2022-08-17"},{"lineNumber":2,"author":{"gitId":"eesung00"},"content":"","lastModifiedDate":"2022-08-17"},{"lineNumber":3,"author":{"gitId":"eesung00"},"content":"    private static final BotUI UI \u003d new BotUI();","lastModifiedDate":"2022-08-17"},{"lineNumber":4,"author":{"gitId":"eesung00"},"content":"    public static void checkInput(String input) throws DukeException {","lastModifiedDate":"2022-08-17"},{"lineNumber":5,"author":{"gitId":"eesung00"},"content":"        if (input.startsWith(\"todo\")) {","lastModifiedDate":"2022-08-17"},{"lineNumber":6,"author":{"gitId":"eesung00"},"content":"            if (input.replace(\"todo\", \"\").replace(\" \", \"\").isEmpty()) {","lastModifiedDate":"2022-08-17"},{"lineNumber":7,"author":{"gitId":"eesung00"},"content":"                throw new DukeException(UI.invalidFormat());","lastModifiedDate":"2022-08-17"},{"lineNumber":8,"author":{"gitId":"eesung00"},"content":"            }","lastModifiedDate":"2022-08-17"},{"lineNumber":9,"author":{"gitId":"eesung00"},"content":"        } else if (input.startsWith(\"deadline\")) {","lastModifiedDate":"2022-08-17"},{"lineNumber":10,"author":{"gitId":"eesung00"},"content":"            String description \u003d input.replace(\"deadline\", \"\").replace(\" \", \"\");","lastModifiedDate":"2022-08-17"},{"lineNumber":11,"author":{"gitId":"eesung00"},"content":"            if (!description.contains(\"/by\") || description.substring(0, description.indexOf(\"/by\")).isEmpty() ||","lastModifiedDate":"2022-08-17"},{"lineNumber":12,"author":{"gitId":"eesung00"},"content":"                    description.substring(description.indexOf(\"/by\")).length() \u003d\u003d 3) {","lastModifiedDate":"2022-08-17"},{"lineNumber":13,"author":{"gitId":"eesung00"},"content":"                throw new DukeException(UI.invalidFormat());","lastModifiedDate":"2022-08-17"},{"lineNumber":14,"author":{"gitId":"eesung00"},"content":"            }","lastModifiedDate":"2022-08-17"},{"lineNumber":15,"author":{"gitId":"eesung00"},"content":"        } else if (input.startsWith(\"event\")) {","lastModifiedDate":"2022-08-17"},{"lineNumber":16,"author":{"gitId":"eesung00"},"content":"            String description \u003d input.replace(\"event\", \"\").replace(\" \", \"\");","lastModifiedDate":"2022-08-17"},{"lineNumber":17,"author":{"gitId":"eesung00"},"content":"            if (!description.contains(\"/at\") || description.substring(0, description.indexOf(\"/at\")).isEmpty() ||","lastModifiedDate":"2022-08-17"},{"lineNumber":18,"author":{"gitId":"eesung00"},"content":"                    description.substring(description.indexOf(\"/at\")).length() \u003d\u003d 3) {","lastModifiedDate":"2022-08-17"},{"lineNumber":19,"author":{"gitId":"eesung00"},"content":"                throw new DukeException(UI.invalidFormat());","lastModifiedDate":"2022-08-17"},{"lineNumber":20,"author":{"gitId":"eesung00"},"content":"            }","lastModifiedDate":"2022-08-17"},{"lineNumber":21,"author":{"gitId":"eesung00"},"content":"        }","lastModifiedDate":"2022-08-17"},{"lineNumber":22,"author":{"gitId":"eesung00"},"content":"    }","lastModifiedDate":"2022-08-17"},{"lineNumber":23,"author":{"gitId":"eesung00"},"content":"}","lastModifiedDate":"2022-08-17"}],"authorContributionMap":{"eesung00":23}},{"path":"src/main/java/Task.java","fileType":"java","lines":[{"lineNumber":1,"author":{"gitId":"eesung00"},"content":"abstract class Task {","lastModifiedDate":"2022-08-17"},{"lineNumber":2,"author":{"gitId":"eesung00"},"content":"    private final String detail;","lastModifiedDate":"2022-08-16"},{"lineNumber":3,"author":{"gitId":"eesung00"},"content":"    private final boolean isDone;","lastModifiedDate":"2022-08-16"},{"lineNumber":4,"author":{"gitId":"eesung00"},"content":"","lastModifiedDate":"2022-08-16"},{"lineNumber":5,"author":{"gitId":"eesung00"},"content":"    Task(String detail) {","lastModifiedDate":"2022-08-16"},{"lineNumber":6,"author":{"gitId":"eesung00"},"content":"        this.detail \u003d detail;","lastModifiedDate":"2022-08-16"},{"lineNumber":7,"author":{"gitId":"eesung00"},"content":"        this.isDone \u003d false;","lastModifiedDate":"2022-08-16"},{"lineNumber":8,"author":{"gitId":"eesung00"},"content":"    }","lastModifiedDate":"2022-08-16"},{"lineNumber":9,"author":{"gitId":"eesung00"},"content":"","lastModifiedDate":"2022-08-16"},{"lineNumber":10,"author":{"gitId":"eesung00"},"content":"    Task(String detail, boolean isDone) {","lastModifiedDate":"2022-08-17"},{"lineNumber":11,"author":{"gitId":"eesung00"},"content":"        this.detail \u003d detail;","lastModifiedDate":"2022-08-16"},{"lineNumber":12,"author":{"gitId":"eesung00"},"content":"        this.isDone \u003d isDone;","lastModifiedDate":"2022-08-16"},{"lineNumber":13,"author":{"gitId":"eesung00"},"content":"    }","lastModifiedDate":"2022-08-16"},{"lineNumber":14,"author":{"gitId":"eesung00"},"content":"    abstract Task markDone();","lastModifiedDate":"2022-08-17"},{"lineNumber":15,"author":{"gitId":"eesung00"},"content":"","lastModifiedDate":"2022-08-17"},{"lineNumber":16,"author":{"gitId":"eesung00"},"content":"    abstract Task unmarkDone();","lastModifiedDate":"2022-08-17"},{"lineNumber":17,"author":{"gitId":"eesung00"},"content":"","lastModifiedDate":"2022-08-17"},{"lineNumber":18,"author":{"gitId":"eesung00"},"content":"    String getDetail() {","lastModifiedDate":"2022-08-17"},{"lineNumber":19,"author":{"gitId":"eesung00"},"content":"        return this.detail;","lastModifiedDate":"2022-08-17"},{"lineNumber":20,"author":{"gitId":"eesung00"},"content":"    }","lastModifiedDate":"2022-08-16"},{"lineNumber":21,"author":{"gitId":"eesung00"},"content":"","lastModifiedDate":"2022-08-16"},{"lineNumber":22,"author":{"gitId":"eesung00"},"content":"    boolean isDone() {","lastModifiedDate":"2022-08-17"},{"lineNumber":23,"author":{"gitId":"eesung00"},"content":"        return this.isDone;","lastModifiedDate":"2022-08-17"},{"lineNumber":24,"author":{"gitId":"eesung00"},"content":"    }","lastModifiedDate":"2022-08-17"},{"lineNumber":25,"author":{"gitId":"eesung00"},"content":"","lastModifiedDate":"2022-08-17"},{"lineNumber":26,"author":{"gitId":"eesung00"},"content":"    @Override","lastModifiedDate":"2022-08-17"},{"lineNumber":27,"author":{"gitId":"eesung00"},"content":"    public boolean equals(Object otherTask) {","lastModifiedDate":"2022-08-17"},{"lineNumber":28,"author":{"gitId":"eesung00"},"content":"        if (otherTask instanceof Task) {","lastModifiedDate":"2022-08-17"},{"lineNumber":29,"author":{"gitId":"eesung00"},"content":"            return ((Task) otherTask).detail.equals(this.detail);","lastModifiedDate":"2022-08-17"},{"lineNumber":30,"author":{"gitId":"eesung00"},"content":"        }","lastModifiedDate":"2022-08-17"},{"lineNumber":31,"author":{"gitId":"eesung00"},"content":"        return false;","lastModifiedDate":"2022-08-17"},{"lineNumber":32,"author":{"gitId":"eesung00"},"content":"    }","lastModifiedDate":"2022-08-16"},{"lineNumber":33,"author":{"gitId":"eesung00"},"content":"","lastModifiedDate":"2022-08-16"},{"lineNumber":34,"author":{"gitId":"eesung00"},"content":"    @Override","lastModifiedDate":"2022-08-16"},{"lineNumber":35,"author":{"gitId":"eesung00"},"content":"    public String toString() {","lastModifiedDate":"2022-08-16"},{"lineNumber":36,"author":{"gitId":"eesung00"},"content":"        return (this.isDone ? \"[X] \" : \"[ ] \") + this.detail;","lastModifiedDate":"2022-08-16"},{"lineNumber":37,"author":{"gitId":"eesung00"},"content":"    }","lastModifiedDate":"2022-08-16"},{"lineNumber":38,"author":{"gitId":"eesung00"},"content":"}","lastModifiedDate":"2022-08-16"}],"authorContributionMap":{"eesung00":38}},{"path":"src/main/java/TaskRecords.java","fileType":"java","lines":[{"lineNumber":1,"author":{"gitId":"eesung00"},"content":"import java.util.ArrayList;","lastModifiedDate":"2022-08-17"},{"lineNumber":2,"author":{"gitId":"eesung00"},"content":"","lastModifiedDate":"2022-08-17"},{"lineNumber":3,"author":{"gitId":"eesung00"},"content":"public class TaskRecords {","lastModifiedDate":"2022-08-17"},{"lineNumber":4,"author":{"gitId":"eesung00"},"content":"    private ArrayList\u003cTask\u003e lst;","lastModifiedDate":"2022-08-17"},{"lineNumber":5,"author":{"gitId":"eesung00"},"content":"","lastModifiedDate":"2022-08-17"},{"lineNumber":6,"author":{"gitId":"eesung00"},"content":"    TaskRecords() {","lastModifiedDate":"2022-08-17"},{"lineNumber":7,"author":{"gitId":"eesung00"},"content":"        this.lst \u003d new ArrayList\u003cTask\u003e();","lastModifiedDate":"2022-08-17"},{"lineNumber":8,"author":{"gitId":"eesung00"},"content":"    }","lastModifiedDate":"2022-08-17"},{"lineNumber":9,"author":{"gitId":"eesung00"},"content":"","lastModifiedDate":"2022-08-17"},{"lineNumber":10,"author":{"gitId":"eesung00"},"content":"    void addProcess(Task task) {","lastModifiedDate":"2022-08-17"},{"lineNumber":11,"author":{"gitId":"eesung00"},"content":"        if (!this.lst.contains(task)) {","lastModifiedDate":"2022-08-17"},{"lineNumber":12,"author":{"gitId":"eesung00"},"content":"            this.lst.add(task);","lastModifiedDate":"2022-08-17"},{"lineNumber":13,"author":{"gitId":"eesung00"},"content":"        } else {","lastModifiedDate":"2022-08-17"},{"lineNumber":14,"author":{"gitId":"eesung00"},"content":"            this.lst.set(lst.indexOf(task),task);","lastModifiedDate":"2022-08-17"},{"lineNumber":15,"author":{"gitId":"eesung00"},"content":"        }","lastModifiedDate":"2022-08-17"},{"lineNumber":16,"author":{"gitId":"eesung00"},"content":"    }","lastModifiedDate":"2022-08-17"},{"lineNumber":17,"author":{"gitId":"eesung00"},"content":"","lastModifiedDate":"2022-08-17"},{"lineNumber":18,"author":{"gitId":"eesung00"},"content":"    Task delete(int idx) {","lastModifiedDate":"2022-08-17"},{"lineNumber":19,"author":{"gitId":"eesung00"},"content":"        Task currTask \u003d  this.lst.get(idx);","lastModifiedDate":"2022-08-17"},{"lineNumber":20,"author":{"gitId":"eesung00"},"content":"        this.lst.remove(idx);","lastModifiedDate":"2022-08-17"},{"lineNumber":21,"author":{"gitId":"eesung00"},"content":"        return currTask;","lastModifiedDate":"2022-08-17"},{"lineNumber":22,"author":{"gitId":"eesung00"},"content":"    }","lastModifiedDate":"2022-08-17"},{"lineNumber":23,"author":{"gitId":"eesung00"},"content":"","lastModifiedDate":"2022-08-17"},{"lineNumber":24,"author":{"gitId":"eesung00"},"content":"    Task get(int idx) {","lastModifiedDate":"2022-08-17"},{"lineNumber":25,"author":{"gitId":"eesung00"},"content":"        return this.lst.get(idx);","lastModifiedDate":"2022-08-17"},{"lineNumber":26,"author":{"gitId":"eesung00"},"content":"    }","lastModifiedDate":"2022-08-17"},{"lineNumber":27,"author":{"gitId":"eesung00"},"content":"","lastModifiedDate":"2022-08-17"},{"lineNumber":28,"author":{"gitId":"eesung00"},"content":"    ArrayList\u003cTask\u003e getList() {","lastModifiedDate":"2022-08-17"},{"lineNumber":29,"author":{"gitId":"eesung00"},"content":"        return this.lst;","lastModifiedDate":"2022-08-17"},{"lineNumber":30,"author":{"gitId":"eesung00"},"content":"    }","lastModifiedDate":"2022-08-17"},{"lineNumber":31,"author":{"gitId":"eesung00"},"content":"}","lastModifiedDate":"2022-08-17"}],"authorContributionMap":{"eesung00":31}},{"path":"src/main/java/ToDos.java","fileType":"java","lines":[{"lineNumber":1,"author":{"gitId":"eesung00"},"content":"public class ToDos extends Task {","lastModifiedDate":"2022-08-17"},{"lineNumber":2,"author":{"gitId":"eesung00"},"content":"    ToDos(String detail, boolean isDone) {","lastModifiedDate":"2022-08-17"},{"lineNumber":3,"author":{"gitId":"eesung00"},"content":"        super(detail, isDone);","lastModifiedDate":"2022-08-17"},{"lineNumber":4,"author":{"gitId":"eesung00"},"content":"    }","lastModifiedDate":"2022-08-17"},{"lineNumber":5,"author":{"gitId":"eesung00"},"content":"    ToDos(String detail) {","lastModifiedDate":"2022-08-17"},{"lineNumber":6,"author":{"gitId":"eesung00"},"content":"        super(detail);","lastModifiedDate":"2022-08-17"},{"lineNumber":7,"author":{"gitId":"eesung00"},"content":"    }","lastModifiedDate":"2022-08-17"},{"lineNumber":8,"author":{"gitId":"eesung00"},"content":"","lastModifiedDate":"2022-08-17"},{"lineNumber":9,"author":{"gitId":"eesung00"},"content":"    @Override","lastModifiedDate":"2022-08-17"},{"lineNumber":10,"author":{"gitId":"eesung00"},"content":"    public Task markDone() {","lastModifiedDate":"2022-08-17"},{"lineNumber":11,"author":{"gitId":"eesung00"},"content":"        return new ToDos(super.getDetail(), true);","lastModifiedDate":"2022-08-17"},{"lineNumber":12,"author":{"gitId":"eesung00"},"content":"    }","lastModifiedDate":"2022-08-17"},{"lineNumber":13,"author":{"gitId":"eesung00"},"content":"","lastModifiedDate":"2022-08-17"},{"lineNumber":14,"author":{"gitId":"eesung00"},"content":"    @Override","lastModifiedDate":"2022-08-17"},{"lineNumber":15,"author":{"gitId":"eesung00"},"content":"    public Task unmarkDone() {","lastModifiedDate":"2022-08-17"},{"lineNumber":16,"author":{"gitId":"eesung00"},"content":"        return new ToDos(super.getDetail(), false);","lastModifiedDate":"2022-08-17"},{"lineNumber":17,"author":{"gitId":"eesung00"},"content":"    }","lastModifiedDate":"2022-08-17"},{"lineNumber":18,"author":{"gitId":"eesung00"},"content":"","lastModifiedDate":"2022-08-17"},{"lineNumber":19,"author":{"gitId":"eesung00"},"content":"    @Override","lastModifiedDate":"2022-08-17"},{"lineNumber":20,"author":{"gitId":"eesung00"},"content":"    public String toString() {","lastModifiedDate":"2022-08-17"},{"lineNumber":21,"author":{"gitId":"eesung00"},"content":"        return \"[T]\" + super.toString();","lastModifiedDate":"2022-08-17"},{"lineNumber":22,"author":{"gitId":"eesung00"},"content":"    }","lastModifiedDate":"2022-08-17"},{"lineNumber":23,"author":{"gitId":"eesung00"},"content":"}","lastModifiedDate":"2022-08-17"}],"authorContributionMap":{"eesung00":23}},{"path":"text-ui-test/input.txt","fileType":"txt","lines":[{"lineNumber":1,"author":{"gitId":"eesung00"},"content":"todo read book","lastModifiedDate":"2022-08-17"},{"lineNumber":2,"author":{"gitId":"eesung00"},"content":"deadline individual project /by Thursday","lastModifiedDate":"2022-08-17"},{"lineNumber":3,"author":{"gitId":"eesung00"},"content":"event attend lecture /at Friday","lastModifiedDate":"2022-08-17"},{"lineNumber":4,"author":{"gitId":"eesung00"},"content":"list","lastModifiedDate":"2022-08-17"},{"lineNumber":5,"author":{"gitId":"eesung00"},"content":"mark 2","lastModifiedDate":"2022-08-17"},{"lineNumber":6,"author":{"gitId":"eesung00"},"content":"unmark 2","lastModifiedDate":"2022-08-17"},{"lineNumber":7,"author":{"gitId":"eesung00"},"content":"delete 2","lastModifiedDate":"2022-08-17"},{"lineNumber":8,"author":{"gitId":"eesung00"},"content":"event attend lecture /at :P Skip lecture","lastModifiedDate":"2022-08-17"},{"lineNumber":9,"author":{"gitId":"eesung00"},"content":"list","lastModifiedDate":"2022-08-17"},{"lineNumber":10,"author":{"gitId":"eesung00"},"content":"bye","lastModifiedDate":"2022-08-17"}],"authorContributionMap":{"eesung00":10}}]
