{"authorDailyContributionsMap":{"eesung00":[{"date":"2022-08-16","commitResults":[{"hash":"17a7187a44bdacd56e129e5329520183590d9692","messageTitle":"Completed Level 1","messageBody":"","tags":["Level-1"],"fileTypesAndContributionMap":{"java":{"insertions":47,"deletions":6}}},{"hash":"09218b39b48e8bc82d8f5cab72d2a33c854ad562","messageTitle":"Completed Level 2","messageBody":"","tags":["Level-2"],"fileTypesAndContributionMap":{"java":{"insertions":54,"deletions":5}}},{"hash":"e0fc2c57c07c38c1aa43e1519931badd8e8adcbf","messageTitle":"Completed level 3","messageBody":"","tags":["Level-3"],"fileTypesAndContributionMap":{"java":{"insertions":46,"deletions":9}}}]},{"date":"2022-08-17","commitResults":[{"hash":"c3d657723282e97510fb48041ae8fe5136caf834","messageTitle":"Completed Level 4/ Remove Records","messageBody":"","fileTypesAndContributionMap":{"java":{"insertions":173,"deletions":72}}},{"hash":"e8f8194bf5f4cc0a70820e751cacc75051db8930","messageTitle":"improved code structure (level 4)","messageBody":"","tags":["Level-4"],"fileTypesAndContributionMap":{"java":{"insertions":114,"deletions":72}}},{"hash":"ae661cd4fd367282311e87fdf0bdab8facc4543d","messageTitle":"Completed Level 5 \u0026 Start Handle Error","messageBody":"","tags":["Level-5","A-Exceptions"],"fileTypesAndContributionMap":{"java":{"insertions":88,"deletions":24}}},{"hash":"2a09d997c7fe48280b605892dd8d63c084b80568","messageTitle":"Completed level 6","messageBody":"","tags":["Level-6","A-Collections"],"fileTypesAndContributionMap":{"java":{"insertions":21,"deletions":1}}},{"hash":"7cb040749be4f3a9c4705e38071c67f640d753d1","messageTitle":"Set up input and expected output file","messageBody":"","tags":["A-TextUiTesting"],"fileTypesAndContributionMap":{"txt":{"insertions":10,"deletions":0},"java":{"insertions":3,"deletions":3}}}]},{"date":"2022-08-22","commitResults":[{"hash":"110f8ba46c14812c89e2c3d226d64d9af227ec70","messageTitle":"Add ID attribute","messageBody":"","fileTypesAndContributionMap":{"java":{"insertions":28,"deletions":6}}},{"hash":"59e048bfaa04cfb2cec7dfbbc155342ad214c1ec","messageTitle":"Complete branch level 7","messageBody":"","fileTypesAndContributionMap":{"java":{"insertions":82,"deletions":2}}}]},{"date":"2022-08-23","commitResults":[{"hash":"48754181ebe2e314d61b75043eea9a61999b5d87","messageTitle":"Complete level-8 and wait to change Duke.java","messageBody":"","fileTypesAndContributionMap":{"java":{"insertions":56,"deletions":27}}},{"hash":"8bb88ea23a00a92dfd151d8c2bafb66d53d2fb0b","messageTitle":"Fix merge bug and update BotUI","messageBody":"","tags":["Level-8"],"fileTypesAndContributionMap":{"java":{"insertions":44,"deletions":19}}},{"hash":"0a4c363ca79b3629772f628e65cd409480ee7ad8","messageTitle":"Add more OOP class for command","messageBody":"","tags":["A-MoreOOP"],"fileTypesAndContributionMap":{"java":{"insertions":223,"deletions":95}}}]},{"date":"2022-08-24","commitResults":[{"hash":"893bb81fcbe1f3c619301abde4dcf1f2c76f49e3","messageTitle":"Create package","messageBody":"","fileTypesAndContributionMap":{"java":{"insertions":490,"deletions":376}}},{"hash":"0d4e13906931888a6e8cfc310d979afbd161b661","messageTitle":"fix bug","messageBody":"","tags":["A-Packages"],"fileTypesAndContributionMap":{"txt":{"insertions":3,"deletions":0},"java":{"insertions":44,"deletions":45}}}]},{"date":"2022-08-25","commitResults":[{"hash":"0576640d7a8dc3cdbda163e891937fc84d0e0187","messageTitle":"Add find feature","messageBody":"","fileTypesAndContributionMap":{"txt":{"insertions":11,"deletions":9},"java":{"insertions":47,"deletions":4},"bat":{"insertions":1,"deletions":1}}},{"hash":"ce26ec63f393989a565e3e86c94cdad0ec7e0ab7","messageTitle":"set up gradle","messageBody":"","tags":["A-Gradle"],"fileTypesAndContributionMap":{"gradle":{"insertions":10,"deletions":1}}},{"hash":"3609890c91bce92df9fd0b9e90739ce679ba8130","messageTitle":"Add JUnit tests","messageBody":"","tags":["A-JUnit"],"fileTypesAndContributionMap":{"java":{"insertions":223,"deletions":63}}},{"hash":"12b3e7f3ab9aba11131f73095d499dd66f48f908","messageTitle":"Create jar file","messageBody":"","fileTypesAndContributionMap":{"txt":{"insertions":0,"deletions":3}}},{"hash":"51d31d74b2d11915f7ddd53e2551c6e30af0bb37","messageTitle":"Complete A-JavaDoc branch","messageBody":"","fileTypesAndContributionMap":{"java":{"insertions":304,"deletions":30},"bat":{"insertions":1,"deletions":1}}},{"hash":"bdc92d00173325bcadbbd858e45a0b1c7b0a75d7","messageTitle":"Complete branch A-CodingStandard","messageBody":"","fileTypesAndContributionMap":{"java":{"insertions":29,"deletions":21}}}]},{"date":"2022-08-26","commitResults":[{"hash":"5c604daf3d492ebe142ffb5f62cebb8a55dcb297","messageTitle":"Update messages for level 9 and fix warning","messageBody":"","tags":["Level-9","A-Jar"],"fileTypesAndContributionMap":{"java":{"insertions":36,"deletions":11}}},{"hash":"f21929999e1e195305b65755decd73093b0819aa","messageTitle":"Add BotUI javaDoc, Change BotUI design, Resolve checkstyle","messageBody":"","fileTypesAndContributionMap":{"txt":{"insertions":0,"deletions":1},"java":{"insertions":148,"deletions":85}}}]},{"date":"2022-08-31","commitResults":[{"hash":"e3e1c766009f20d9fa091d2efb137a92a581f6e1","messageTitle":"Add GUI Skeleton","messageBody":"","fileTypesAndContributionMap":{"gradle":{"insertions":15,"deletions":0},"fxml":{"insertions":35,"deletions":0},"java":{"insertions":169,"deletions":1}}},{"hash":"9b58968519afaa92d489e15a69300ff029342dc1","messageTitle":"Add basic working GUI and modify BotUI to accommodate the application","messageBody":"","fileTypesAndContributionMap":{"fxml":{"insertions":6,"deletions":6},"java":{"insertions":108,"deletions":75}}},{"hash":"323cc24bfe6eaafa3b0058139fedaadefc65c82c","messageTitle":"Fix checkstyle","messageBody":"","tags":["A-CheckStyle"],"fileTypesAndContributionMap":{"java":{"insertions":7,"deletions":7}}},{"hash":"4e94b2f6b9f5f17211cd922384b8230492ef1509","messageTitle":"Revert \"Fix checkstyle\"","messageBody":"This reverts commit 323cc24bfe6eaafa3b0058139fedaadefc65c82c.\n","fileTypesAndContributionMap":{"java":{"insertions":7,"deletions":7}}},{"hash":"77cb35f6a9207649172679f320934d3422523850","messageTitle":"Revert \"Revert \"Fix checkstyle\"\"","messageBody":"This reverts commit 4e94b2f6b9f5f17211cd922384b8230492ef1509.\n","fileTypesAndContributionMap":{"java":{"insertions":7,"deletions":7}}},{"hash":"15f10458ea517f9de5e9eb4f4f39d50d704dc1aa","messageTitle":"Improve GUI (iteration 1)","messageBody":"","fileTypesAndContributionMap":{"fxml":{"insertions":2,"deletions":2},"java":{"insertions":9,"deletions":7}}}]},{"date":"2022-09-04","commitResults":[{"hash":"8a9ec197372635fc42293a3fc0d1b74af8c04103","messageTitle":"Improve code quality","messageBody":"Code quality is not ideal.\n\n* There are several class name affect the readability of code.\n(e.g. TaskRecords naming is not intuitive)\n* Magic number exists in the class.\n* Boolean expression is complicated (InputChecker class).\n* Calculation can be extracted to improve readability. (Parser class)\n* Improper attribute naming with plural (e.g. Todo: \"details\").\n\n* Classes name are modified. (Deadline, Event, Todo, TaskList).\n* Declared private static attribute for magic number.\n* Add variables of boolean with intuitive naming.\n* Extracted the calculation to private method.\n* Modify the attribute naming to avoid confusion.\n\nUsing code quality guidelines improve code readability and lesser\nregression error in the future modification.\n\nRefer to https://nus-cs2103-ay2223s1.github.io/website/schedule/week5/\nfor the code quality guidelines.\n","tags":["A-FullCommitMessage"],"fileTypesAndContributionMap":{"gradle":{"insertions":1,"deletions":1},"txt":{"insertions":3,"deletions":0},"fxml":{"insertions":1,"deletions":1},"java":{"insertions":252,"deletions":191}}},{"hash":"f07f4ec1d3ae72f5abc07380685b40970b181b45","messageTitle":"Add assertions","messageBody":"The current code does not utilize assertions\n\n* Adding assertions in default of switch-case statements\n* Adding assertions in some methods to ensure assumption is not violated\n\nLet\u0027s add the assertions to the class methods to check for potential\nruntime error\n\nUsing assertions can make the code less error prone as it can notice\npotential hidden error.\n","fileTypesAndContributionMap":{"java":{"insertions":9,"deletions":4}}}]},{"date":"2022-09-06","commitResults":[{"hash":"0ac44e4f486f063d4c64a86fe3c42709c185f247","messageTitle":"Add B-DetectAnomalies extension","messageBody":"Tasks adding into the list are not check whether the current taskList\nalready consist it or not. Task with same timing will also cause issue\nto the user (e.g. two event happening at the same time).\n\nLet\u0027s do the following modifications:\n* Add AnomaliesManager, CancelCommand and UnknownCommand to handle\nanomalies.\n* AddCommand execute method will do the checking for anomalies.\n\nUser will request confirmation by Duke if two tasks timing is close or\nthe task with same detail is already exist. This alert user that the\ntask he/she wanted to add have clash with the existing tasks.\n","fileTypesAndContributionMap":{"txt":{"insertions":1,"deletions":1},"java":{"insertions":462,"deletions":73}}}]},{"date":"2022-09-11","commitResults":[{"hash":"a5efbf62409d31be9ff1fcc07c58abd8541dd626","messageTitle":"Add tasks\u0027 JUnit test","messageBody":"","fileTypesAndContributionMap":{"java":{"insertions":105,"deletions":1}}},{"hash":"6075c5c21fe73f493b5bb50a0fdd0f62a210cad2","messageTitle":"Improve code quality","messageBody":"","fileTypesAndContributionMap":{"java":{"insertions":14,"deletions":17}}},{"hash":"3aa0492827e88019e3d539e584315b5ec7047924","messageTitle":"Improve GUI","messageBody":"Current GUI is simple and does not improve user experiences\n\nLet\u0027s\n* Add different background color to Duke and User dialogbox.\n* Make the scrollpane resizable with its parent.\n* Make Duke and User profile picture round.\n\nThe aspects improved are:\n* Easier to differentiate the conversation.\n* Allow user to expand chat history without scrolling if necessary.\n* Better appearance of user profile\n","fileTypesAndContributionMap":{"fxml":{"insertions":6,"deletions":6},"java":{"insertions":27,"deletions":4}}},{"hash":"e7db3884a540c5ca72c26ef660d98301824267d8","messageTitle":"Resolve DialogBox checkstyle","messageBody":"","fileTypesAndContributionMap":{"java":{"insertions":2,"deletions":1}}},{"hash":"003c9850c97c28aa9d2bd6fc1e998e353f6d561f","messageTitle":"Fix mistake of removing file during previous merge","messageBody":"","fileTypesAndContributionMap":{"md":{"insertions":193,"deletions":14}}},{"hash":"1c1aa9129d1d90e9fe65e0bc26f64a4d0a307129","messageTitle":"Reformat UserGuide to fix rendering issue","messageBody":"","fileTypesAndContributionMap":{"md":{"insertions":68,"deletions":67}}},{"hash":"adbf097801bd3b66875dbaa25ce5de93000375ca","messageTitle":"Change some syntax to Html","messageBody":"","fileTypesAndContributionMap":{"md":{"insertions":55,"deletions":50}}},{"hash":"a57cc784e37cab0ff12c42004767adeb2fe6fc2f","messageTitle":"Fix Rendering issue and Add Ui.png","messageBody":"","fileTypesAndContributionMap":{"md":{"insertions":13,"deletions":11}}},{"hash":"297272337b1d68c71a6ad750040d74108aa585e2","messageTitle":"Finalize user guide","messageBody":"","fileTypesAndContributionMap":{"md":{"insertions":96,"deletions":89}}}]},{"date":"2022-09-14","commitResults":[{"hash":"37a8493ad02cbeab23e89711e8c370ae29111e2c","messageTitle":"finalize code and fix read, write file bug.","messageBody":"","tags":["A-Release"],"fileTypesAndContributionMap":{"txt":{"insertions":3,"deletions":1},"fxml":{"insertions":1,"deletions":1},"java":{"insertions":141,"deletions":92},"md":{"insertions":13,"deletions":8}}}]},{"date":"2022-09-15","commitResults":[{"hash":"ceda20a796bb3e846a406ae4131cc307e663132e","messageTitle":"Edit user guide","messageBody":"","fileTypesAndContributionMap":{"md":{"insertions":43,"deletions":3}}}]},{"date":"2022-09-16","commitResults":[{"hash":"bd749587ef75705e9712eb09584427ff99d935e6","messageTitle":"Modify text-ui-test","messageBody":"","fileTypesAndContributionMap":{"txt":{"insertions":10,"deletions":10},"bat":{"insertions":2,"deletions":2}}}]},{"date":"2022-09-19","commitResults":[{"hash":"dcb30fb970573c8aa8edac7fd9b0d4a98e2f4612","messageTitle":"Improve JavaDoc coding style","messageBody":"","fileTypesAndContributionMap":{"java":{"insertions":106,"deletions":107}}}]}]},"authorFileTypeContributionMap":{"eesung00":{"java":2160,"md":246,"fxml":35,"sh":0,"bat":4,"gradle":25,"txt":14}},"authorContributionVariance":{"eesung00":70149.08},"authorDisplayNameMap":{"eesung00":"CS2103-F14-3 SIEW..SUNG"}}
