{"authorDailyContributionsMap":{"eesung00":[{"date":"2022-08-16","commitResults":[{"hash":"17a7187a44bdacd56e129e5329520183590d9692","messageTitle":"Completed Level 1","messageBody":"","tags":["Level-1"],"fileTypesAndContributionMap":{"java":{"insertions":47,"deletions":6}}},{"hash":"09218b39b48e8bc82d8f5cab72d2a33c854ad562","messageTitle":"Completed Level 2","messageBody":"","tags":["Level-2"],"fileTypesAndContributionMap":{"java":{"insertions":54,"deletions":5}}},{"hash":"e0fc2c57c07c38c1aa43e1519931badd8e8adcbf","messageTitle":"Completed level 3","messageBody":"","tags":["Level-3"],"fileTypesAndContributionMap":{"java":{"insertions":46,"deletions":9}}}]},{"date":"2022-08-17","commitResults":[{"hash":"c3d657723282e97510fb48041ae8fe5136caf834","messageTitle":"Completed Level 4/ Remove Records","messageBody":"","fileTypesAndContributionMap":{"java":{"insertions":173,"deletions":72}}},{"hash":"e8f8194bf5f4cc0a70820e751cacc75051db8930","messageTitle":"improved code structure (level 4)","messageBody":"","tags":["Level-4"],"fileTypesAndContributionMap":{"java":{"insertions":114,"deletions":72}}},{"hash":"ae661cd4fd367282311e87fdf0bdab8facc4543d","messageTitle":"Completed Level 5 \u0026 Start Handle Error","messageBody":"","tags":["Level-5","A-Exceptions"],"fileTypesAndContributionMap":{"java":{"insertions":88,"deletions":24}}},{"hash":"2a09d997c7fe48280b605892dd8d63c084b80568","messageTitle":"Completed level 6","messageBody":"","tags":["Level-6","A-Collections"],"fileTypesAndContributionMap":{"java":{"insertions":21,"deletions":1}}},{"hash":"7cb040749be4f3a9c4705e38071c67f640d753d1","messageTitle":"Set up input and expected output file","messageBody":"","tags":["A-TextUiTesting"],"fileTypesAndContributionMap":{"txt":{"insertions":10,"deletions":0},"java":{"insertions":3,"deletions":3}}}]}]},"authorFileTypeContributionMap":{"eesung00":{"java":360,"md":0,"fxml":0,"sh":0,"bat":0,"gradle":0,"txt":10}},"authorContributionVariance":{"eesung00":45366.56},"authorDisplayNameMap":{"eesung00":"SIEW..SUNG"}}
