{"authorDailyContributionsMap":{"yeojunjie":[{"date":"2022-08-17","commitResults":[{"hash":"ab8c091621b8e343091a5e49280156091bc5f317","messageTitle":"Add level 1 features","messageBody":"","fileTypesAndContributionMap":{"java":{"insertions":21,"deletions":7}}},{"hash":"42caa9d834e28007d67fb238c9de49d861e85ad7","messageTitle":"Add a comment","messageBody":"","fileTypesAndContributionMap":{"java":{"insertions":1,"deletions":1}}},{"hash":"94a04efc94291ac32ad9a7bee51e7186680e6ce6","messageTitle":"Add two comments","messageBody":"","fileTypesAndContributionMap":{"java":{"insertions":5,"deletions":1}}},{"hash":"a01affa59503bb9e91bfcfdc5c18e7ec8a76b341","messageTitle":"Remove unnecessary comments","messageBody":"","tags":["Level-1"],"fileTypesAndContributionMap":{"java":{"insertions":1,"deletions":5}}},{"hash":"eb8b449fed6d7f435149cca288ed8578c1a75d09","messageTitle":"Added level 2 features","messageBody":"","tags":["Level-2"],"fileTypesAndContributionMap":{"java":{"insertions":15,"deletions":2}}},{"hash":"22709a9446006d0021db43da04d4bdf8ebf2d23c","messageTitle":"Add Task class and level 3 features","messageBody":"","tags":["Level-3","A-Classes"],"fileTypesAndContributionMap":{"java":{"insertions":50,"deletions":4}}},{"hash":"74c5ea03c5a16a2d64a8bf8595819c10cc5a453b","messageTitle":"Add features for level 4","messageBody":"","tags":["Level-4","A-Inheritance"],"fileTypesAndContributionMap":{"java":{"insertions":62,"deletions":3}}},{"hash":"e00cec3da5861e0fe7ebe997d477c2dbf61573c9","messageTitle":"Added automated text UI testing","messageBody":"","tags":["A-TextUiTesting"],"fileTypesAndContributionMap":{"txt":{"insertions":11,"deletions":0}}},{"hash":"407386dbaea861004717f07ee76c0947dc23752e","messageTitle":"Handle errors caused by bad input for `mark` and `unmark`","messageBody":"","tags":["Level-5"],"fileTypesAndContributionMap":{"java":{"insertions":36,"deletions":6}}},{"hash":"95203710bd51248618de8d1d5f241f4848c168b3","messageTitle":"Add features for level 6","messageBody":"","tags":["Level-6","A-Collections"],"fileTypesAndContributionMap":{"java":{"insertions":7,"deletions":0}}}]},{"date":"2022-08-23","commitResults":[{"hash":"b02cb0f41cddb80933f23f810ce72cd4a1574923","messageTitle":"Add ability to read from disk","messageBody":"","fileTypesAndContributionMap":{"txt":{"insertions":4,"deletions":0},"java":{"insertions":57,"deletions":12}}},{"hash":"1c292c19e0e2def656aa387a277e3089a063e035","messageTitle":"Add function to save to disk","messageBody":"","tags":["Level-7"],"fileTypesAndContributionMap":{"txt":{"insertions":5,"deletions":2},"java":{"insertions":38,"deletions":0}}}]},{"date":"2022-08-24","commitResults":[{"hash":"9a7c17a2d561e790a0936b25b6c02f66b3916955","messageTitle":"Use java.time.LocalDateTime","messageBody":"","tags":["Level-8"],"fileTypesAndContributionMap":{"java":{"insertions":12,"deletions":8}}},{"hash":"1746aeba038da2518e1f7b8698e5329aa4adfc57","messageTitle":"Refactored the code into classes","messageBody":"","tags":["A-MoreOOP","A-Enums"],"fileTypesAndContributionMap":{"txt":{"insertions":4,"deletions":3},"java":{"insertions":300,"deletions":169}}},{"hash":"5f88de86e592a81d0e0ed408aaf8201c01d4fea5","messageTitle":"Organize the classes into java packages","messageBody":"","tags":["A-Packages"],"fileTypesAndContributionMap":{"txt":{"insertions":3,"deletions":3},"java":{"insertions":30,"deletions":2}}},{"hash":"94944c2fed325dfc7c2ed4298f90a083bfe7c9b2","messageTitle":"Add configuration files for Gradle","messageBody":"","tags":["A-Gradle"],"fileTypesAndContributionMap":{"gradle":{"insertions":18,"deletions":0}}},{"hash":"4a09d8ff42f32ef3b226846930b8d202ca4de5f0","messageTitle":"Configure junit and add two unit tests","messageBody":"","tags":["A-JUnit"],"fileTypesAndContributionMap":{"gradle":{"insertions":10,"deletions":0},"java":{"insertions":47,"deletions":3},"bat":{"insertions":89,"deletions":0}}},{"hash":"8887f3edb1d998a8c5ca9a612511d708149ab5dd","messageTitle":"Fix bug that creates duke.txt/ instead of duke.txt","messageBody":"","tags":["A-Jar"],"fileTypesAndContributionMap":{"txt":{"insertions":1,"deletions":1},"java":{"insertions":1,"deletions":1}}}]},{"date":"2022-08-25","commitResults":[{"hash":"1c370fab6d7d12b60924f23d7fdc1b53d5305192","messageTitle":"Add javadocs","messageBody":"","tags":["A-JavaDoc"],"fileTypesAndContributionMap":{"java":{"insertions":91,"deletions":0}}},{"hash":"87dc08ced151b39e3330b0683a6ff0344845ebb7","messageTitle":"Enforce coding standard","messageBody":"","tags":["A-CodingStandard"],"fileTypesAndContributionMap":{"txt":{"insertions":1,"deletions":1}}},{"hash":"85eaea636a9d55771ca41b1c4adc9b845fcd67ae","messageTitle":"Add search feature","messageBody":"","tags":["Level-9"],"fileTypesAndContributionMap":{"java":{"insertions":7,"deletions":7}}},{"hash":"e2261a332374dc37e4171a088c05514ddd5c8a4d","messageTitle":"Merge branch \u0027branch-A-CodingStandard\u0027 into branch-Level-9","messageBody":"","fileTypesAndContributionMap":{"txt":{"insertions":1,"deletions":1}}},{"hash":"c35f297bc65257f8b5137441f684b1a2303b699e","messageTitle":"Revert \"Merge branch \u0027branch-A-CodingStandard\u0027 into branch-Level-9\"","messageBody":"This reverts commit e2261a332374dc37e4171a088c05514ddd5c8a4d.\n","fileTypesAndContributionMap":{"txt":{"insertions":1,"deletions":1}}}]},{"date":"2022-08-26","commitResults":[{"hash":"579a30aaa14a98d08cfadbf0f766e66d215649a9","messageTitle":"Adhere to code style","messageBody":"","fileTypesAndContributionMap":{"java":{"insertions":22,"deletions":20}}}]},{"date":"2022-09-02","commitResults":[{"hash":"3cdc44ff8fcc80c1df771193f5508b82222a0a04","messageTitle":"Use JavaFX to implement a GUI","messageBody":"","fileTypesAndContributionMap":{"gradle":{"insertions":23,"deletions":7},"fxml":{"insertions":35,"deletions":0},"java":{"insertions":215,"deletions":69}}}]}]},"authorFileTypeContributionMap":{"yeojunjie":{"java":705,"md":0,"fxml":35,"sh":0,"bat":89,"gradle":44,"txt":20}},"authorContributionVariance":{"yeojunjie":26928.863},"authorDisplayNameMap":{"yeojunjie":"CS2103T-T13-1 YEO .. JIE"}}
