{"authorDailyContributionsMap":{"PeiYee88":[{"date":"2022-08-18","commitResults":[{"hash":"9b77e4f4ec50313d4facec462599a215eae591f9","messageTitle":"changes","messageBody":"","fileTypesAndContributionMap":{"java":{"insertions":266,"deletions":7}}},{"hash":"52018b8d762d25894751e13f530ca18c32ebb0e5","messageTitle":"Level-1","messageBody":"","tags":["Level-1"],"fileTypesAndContributionMap":{"java":{"insertions":9,"deletions":232}}},{"hash":"4913eb11c22ec748abdfd296bf155cac7e228cb6","messageTitle":"Level-2 changes","messageBody":"","tags":["Level-2"],"fileTypesAndContributionMap":{"java":{"insertions":21,"deletions":4}}},{"hash":"c1c802eddfcb0a6c24362cb76646316b5ad93f22","messageTitle":"Level 3 - mark as Done","messageBody":"","tags":["Level-3"],"fileTypesAndContributionMap":{"java":{"insertions":83,"deletions":20}}},{"hash":"d884aaee57d73971745b6990eb2fa609f1ef835e","messageTitle":"Level 4 - added different task classes","messageBody":"","tags":["Level-4"],"fileTypesAndContributionMap":{"java":{"insertions":238,"deletions":19}}},{"hash":"a6777b6472f705dfe708c8aecf4a25fe62f38d26","messageTitle":"TextUI Testing","messageBody":"","fileTypesAndContributionMap":{"java":{"insertions":66,"deletions":48}}},{"hash":"d80407fa209a770f31c98fe7632b35867f82f78b","messageTitle":"Level-5","messageBody":"","tags":["Level-5"],"fileTypesAndContributionMap":{"java":{"insertions":15,"deletions":0}}},{"hash":"7303a55da51aa5f384c02ef8682e4cb7b0a8653a","messageTitle":"added delete feature","messageBody":"","tags":["Level-6"],"fileTypesAndContributionMap":{"java":{"insertions":94,"deletions":13}}},{"hash":"122c15d5c032d662d093966ab2519eb1e073e9c0","messageTitle":"test","messageBody":"","fileTypesAndContributionMap":{"txt":{"insertions":9,"deletions":0},"bat":{"insertions":3,"deletions":3},"sh":{"insertions":3,"deletions":3}}}]},{"date":"2022-08-19","commitResults":[{"hash":"a3050b8ed8dc897884e3673a6b91afec8e6dd9c8","messageTitle":"trying textuitest","messageBody":"","fileTypesAndContributionMap":{"txt":{"insertions":0,"deletions":9},"bat":{"insertions":3,"deletions":3},"sh":{"insertions":3,"deletions":3}}},{"hash":"169a374c68c50aee9495d7bdd8840e7e2b557e72","messageTitle":"feed","messageBody":"","fileTypesAndContributionMap":{"txt":{"insertions":7,"deletions":0},"bat":{"insertions":3,"deletions":3},"sh":{"insertions":3,"deletions":3}}},{"hash":"e598796d56311ac34e9766040f9533f0813bffac","messageTitle":"Create input.txt","messageBody":"","fileTypesAndContributionMap":{"txt":{"insertions":9,"deletions":0}}},{"hash":"3f05208f297d858af8a2dc977aa8f2faf05a41a9","messageTitle":"Delete feed.txt","messageBody":"","fileTypesAndContributionMap":{"txt":{"insertions":0,"deletions":7}}},{"hash":"e9046615260a2788daaf946fa2139d5134d50eed","messageTitle":"Update runtest.bat","messageBody":"","fileTypesAndContributionMap":{"bat":{"insertions":3,"deletions":3}}},{"hash":"ce5b8f1cc8e60a8d389f71640b64292fee287e8b","messageTitle":"Update runtest.sh","messageBody":"","fileTypesAndContributionMap":{"sh":{"insertions":4,"deletions":4}}},{"hash":"80b7b22174832e6007ed2241ab9d37a460d226f6","messageTitle":"Update runtest.bat","messageBody":"","fileTypesAndContributionMap":{"bat":{"insertions":1,"deletions":1}}},{"hash":"8a0104730216941ff7aa66f17be441d9da1a1ffa","messageTitle":"Update input.txt","messageBody":"","tags":["A-TextUiTesting"],"fileTypesAndContributionMap":{"txt":{"insertions":1,"deletions":1}}}]},{"date":"2022-08-22","commitResults":[{"hash":"b58bb103a9a86f1eb1ef54ce1614371affa1f898","messageTitle":"add input.txt","messageBody":"","fileTypesAndContributionMap":{"java":{"insertions":2,"deletions":0}}}]},{"date":"2022-08-25","commitResults":[{"hash":"f463d20bb00ce3f9bc457763c23439274a1dc83a","messageTitle":"Add save feature","messageBody":"","tags":["Level-7"],"fileTypesAndContributionMap":{"txt":{"insertions":1,"deletions":9},"java":{"insertions":177,"deletions":5}}}]},{"date":"2022-08-26","commitResults":[{"hash":"e85557e837d7277f0059177f6665c326c6d5c3a4","messageTitle":"store deadlines as time","messageBody":"","fileTypesAndContributionMap":{"java":{"insertions":52,"deletions":20}}},{"hash":"fd5ee670afe7d04bbd72b7f61fa336a6c7ba60c1","messageTitle":"refine date feature","messageBody":"","tags":["Level-8"],"fileTypesAndContributionMap":{"txt":{"insertions":2,"deletions":1},"java":{"insertions":25,"deletions":11}}},{"hash":"3e1251bd9433f10967431a4bc09ca4ebc46221ab","messageTitle":"extract more classes","messageBody":"","tags":["A-MoreOOP"],"fileTypesAndContributionMap":{"txt":{"insertions":2,"deletions":2},"java":{"insertions":355,"deletions":464}}},{"hash":"e8f7bdbf6b3e70ff37f916cc51039e6c39281018","messageTitle":"add duke package","messageBody":"","tags":["A-Packages"],"fileTypesAndContributionMap":{"txt":{"insertions":2,"deletions":2},"java":{"insertions":20,"deletions":3}}},{"hash":"06be642079db495e7af3cd3266ed9ad9fc2bb238","messageTitle":"gradle","messageBody":"","fileTypesAndContributionMap":{"txt":{"insertions":2,"deletions":0},"java":{"insertions":594,"deletions":0},"bat":{"insertions":4,"deletions":18}}},{"hash":"08d883a2ea7b3b17b4ef32da2406eacf16fda3c0","messageTitle":"gradle","messageBody":"","fileTypesAndContributionMap":{"txt":{"insertions":0,"deletions":0},"bat":{"insertions":0,"deletions":21},"sh":{"insertions":0,"deletions":38}}},{"hash":"8d5a170d26f73ea4ec91f3c09560b9acb746038d","messageTitle":"add j-unit","messageBody":"","tags":["A-JUnit"],"fileTypesAndContributionMap":{"gradle":{"insertions":9,"deletions":0},"java":{"insertions":46,"deletions":0}}},{"hash":"01c54d877485d56c5affb1780d1cfec431097d49","messageTitle":"build jar","messageBody":"","tags":["A-Jar"],"fileTypesAndContributionMap":{"java":{"insertions":5,"deletions":0}}},{"hash":"afd851973b3ef701ac60147e46a4fe9d8a855945","messageTitle":"add find","messageBody":"","tags":["Level-9"],"fileTypesAndContributionMap":{"txt":{"insertions":3,"deletions":0},"java":{"insertions":17,"deletions":0}}},{"hash":"a8cdd5652d5681675572e2722d40bb87ce31b25d","messageTitle":"comply coding standard","messageBody":"","fileTypesAndContributionMap":{"java":{"insertions":175,"deletions":175}}},{"hash":"98dbb1b5f9ea5d80633229e7b6e7f573510876c5","messageTitle":"code to standard","messageBody":"","fileTypesAndContributionMap":{"java":{"insertions":20,"deletions":2}}},{"hash":"ec56832d2d08c4461853d4765efc9bab8a384a5b","messageTitle":"comply to coding standard","messageBody":"","tags":["A-CodingStandard"],"fileTypesAndContributionMap":{"java":{"insertions":9,"deletions":9}}},{"hash":"d401ec6a187f159b39b9c62005789125e3bd51c1","messageTitle":"java doc","messageBody":"","fileTypesAndContributionMap":{"java":{"insertions":310,"deletions":5}}},{"hash":"351e05ca82a7a131115afda4f0deec928d611d83","messageTitle":"adds documentation","messageBody":"","fileTypesAndContributionMap":{"java":{"insertions":11,"deletions":0}}},{"hash":"01dd7c68d973092a27d281112f3ac32867bf81aa","messageTitle":"add changes to java doc","messageBody":"","tags":["A-JavaDoc"],"fileTypesAndContributionMap":{"java":{"insertions":49,"deletions":0}}}]},{"date":"2022-08-27","commitResults":[{"hash":"d13c4cea0bc9c23436d0289ee5be46b22899e09e","messageTitle":"Create PR.md","messageBody":"","fileTypesAndContributionMap":{"md":{"insertions":33,"deletions":0}}},{"hash":"6f4810423ae55a69003f52ce479a10f4e0707e42","messageTitle":"check style","messageBody":"","tags":["A-CodingStandardV1","A-CheckStyle"],"fileTypesAndContributionMap":{"gradle":{"insertions":7,"deletions":1},"txt":{"insertions":2,"deletions":5},"java":{"insertions":89,"deletions":50}}}]},{"date":"2022-09-03","commitResults":[{"hash":"f8910ad89f6a78831d7becc8e5d762fdede51f9c","messageTitle":"add Gui","messageBody":"","fileTypesAndContributionMap":{"gradle":{"insertions":17,"deletions":0},"txt":{"insertions":9,"deletions":1},"fxml":{"insertions":37,"deletions":0},"java":{"insertions":526,"deletions":2}}},{"hash":"2374708a8ff0fff1edf49464d42cb8a19a7c81b2","messageTitle":"add javadoc","messageBody":"","tags":["Level-10"],"fileTypesAndContributionMap":{"txt":{"insertions":1,"deletions":0},"java":{"insertions":129,"deletions":161}}},{"hash":"b5a7453fb310937e7548af56fff37acf528da42f","messageTitle":"Add priority feature","messageBody":"","tags":["BCD-Extension"],"fileTypesAndContributionMap":{"txt":{"insertions":2,"deletions":11},"java":{"insertions":152,"deletions":33}}},{"hash":"53d95bfbd28f7bdbdd199cad6387443cd9b60099","messageTitle":"Add Assertions","messageBody":"","tags":["A-Assertions"],"fileTypesAndContributionMap":{"java":{"insertions":1,"deletions":0}}},{"hash":"c3dd5538314285aa68f3f293eb41209ed12162dd","messageTitle":"Add Code Quality","messageBody":"","tags":["A-CodeQuality"],"fileTypesAndContributionMap":{"java":{"insertions":1,"deletions":1}}}]},{"date":"2022-09-16","commitResults":[{"hash":"7930ba28c37c51393caa0b7954bfee7e600e5cff","messageTitle":"Remove ellipsis","messageBody":"Remove ellipsis when the output is shown on screen.\n\nEllipsis is printed instead of full output.\n\nLet\u0027s modify the label in the dialog box.\n\nEllipsis being removed can let users see the full description of the output.\n","tags":["A-FullCommitMessage"],"fileTypesAndContributionMap":{"txt":{"insertions":4,"deletions":2},"fxml":{"insertions":12,"deletions":9},"java":{"insertions":331,"deletions":208}}},{"hash":"70c5642850cb59f918a5097c6ae4781e14519c7e","messageTitle":"Add Ui.png","messageBody":"Add Ui.png to showcase my product.\n\nThe users can now view how my product design will be like.\n\nThe design uses the SpongeBob theme.\n","fileTypesAndContributionMap":{"txt":{"insertions":1,"deletions":4},"fxml":{"insertions":31,"deletions":12},"java":{"insertions":46,"deletions":9}}},{"hash":"e8beb2c6ddb73f8b8fc0abff6ccea95381c7b4cd","messageTitle":"Update README.md","messageBody":"Add user guide.","tags":["A-UserGuide"],"fileTypesAndContributionMap":{"md":{"insertions":169,"deletions":11}}},{"hash":"31bc251bb45f10ca4a7bda70e69752e50f5ef53c","messageTitle":"Add more testing","messageBody":"Add more testing to the following command:\ndelete, find priority, mark, unmark\n\nAllow users to detect what they have input wrongly.\n","tags":["A-Personality","A-MoreErrorHandling"],"fileTypesAndContributionMap":{"gradle":{"insertions":1,"deletions":1},"txt":{"insertions":4,"deletions":1},"java":{"insertions":80,"deletions":61}}},{"hash":"2232ab3933f3b97ab7794147808dc48a95d57ff6","messageTitle":"Finalize code for submission","messageBody":"","fileTypesAndContributionMap":{"java":{"insertions":2,"deletions":1}}}]}]},"authorFileTypeContributionMap":{"PeiYee88":{"java":1872,"md":194,"fxml":59,"sh":0,"bat":4,"gradle":33,"txt":4}},"authorContributionVariance":{"PeiYee88":241493.97},"authorDisplayNameMap":{"PeiYee88":"CS2103T-W16-3 CHEN.. YEE"}}
