{"authorDailyContributionsMap":{"Eclipse-Dominator":[{"date":"2022-08-15","commitResults":[{"hash":"c55a25b42c7d15a1da894ec68f0c872361b64bb2","messageTitle":"file update?","messageBody":"","fileTypesAndContributionMap":{"java":{"insertions":10,"deletions":10},"bat":{"insertions":21,"deletions":21},"sh":{"insertions":37,"deletions":37},"md":{"insertions":62,"deletions":62}}},{"hash":"2bb9b7d6fe92ed1ef2ae01f0b9152b81dc2027bb","messageTitle":"Removed carriage return to work with bash","messageBody":"","fileTypesAndContributionMap":{"sh":{"insertions":37,"deletions":37}}},{"hash":"f1d2e507cf17aa57b39d534f0f39f66bbd995270","messageTitle":"Added base and IO class","messageBody":"","fileTypesAndContributionMap":{"java":{"insertions":53,"deletions":6}}}]},{"date":"2022-08-16","commitResults":[{"hash":"2708400c97128033f71d89657d96fdd71b038b05","messageTitle":"Complete Level-1","messageBody":"","tags":["Level-1"],"fileTypesAndContributionMap":{"java":{"insertions":26,"deletions":4}}},{"hash":"dc9f2d0e169129ce3ddbeafb4eb59d90b5f3eb68","messageTitle":"- Added outro text on exit - Completed Level 2","messageBody":"","tags":["Level-2"],"fileTypesAndContributionMap":{"java":{"insertions":35,"deletions":6}}},{"hash":"54ed39b62ee087e8761d6d9c9d1420cde2f08f09","messageTitle":"Added parser to split space and /","messageBody":"","fileTypesAndContributionMap":{"java":{"insertions":27,"deletions":0}}},{"hash":"c7bf0ec39489adb61b0a0a476fca9c5a80a21397","messageTitle":"Added base task class","messageBody":"","fileTypesAndContributionMap":{"java":{"insertions":22,"deletions":0}}},{"hash":"aa88df22b8d81df9d008a34ecd0d2fdd2302857f","messageTitle":"ParsedData to be used to transfer data","messageBody":"","fileTypesAndContributionMap":{"java":{"insertions":25,"deletions":0}}},{"hash":"66d10023cdcee6203f73acbb784ff3649e174dd3","messageTitle":"Fixed missing formatting","messageBody":"","fileTypesAndContributionMap":{"java":{"insertions":1,"deletions":1}}},{"hash":"05e368f98ac5d4633c728eed72023cf8a8121317","messageTitle":"dynamic array and support for commands","messageBody":"","tags":["Level-3","A-Classes"],"fileTypesAndContributionMap":{"java":{"insertions":38,"deletions":26}}},{"hash":"8e8842bbcf7e3fd322e30a05b40562e5e9ffc1b0","messageTitle":"update task","messageBody":"","fileTypesAndContributionMap":{"java":{"insertions":6,"deletions":2}}},{"hash":"ea4bbfbc46a94a49331129a6e1fad67c17e91955","messageTitle":"Added child class deadline, event and todo","messageBody":"","fileTypesAndContributionMap":{"java":{"insertions":63,"deletions":0}}},{"hash":"19390cad88319b0d239b86d50a510d888cc5b155","messageTitle":"renamed some variables","messageBody":"","fileTypesAndContributionMap":{"java":{"insertions":2,"deletions":2}}},{"hash":"6e5975a8f91e3680faad47c6153b0a2fe57432bf","messageTitle":"Updated main method to support the new tasks type","messageBody":"","tags":["Level-4","A-Inheritance","A-Collections"],"fileTypesAndContributionMap":{"java":{"insertions":39,"deletions":9}}}]},{"date":"2022-08-17","commitResults":[{"hash":"dd176d5a5478a855eea683f7006a25a45f102398","messageTitle":"Fixed some formatting","messageBody":"","fileTypesAndContributionMap":{"java":{"insertions":2,"deletions":2}}},{"hash":"95f767c442bf883ccdc4975e41009f1265263955","messageTitle":"Added basic temporary testing","messageBody":"","tags":["A-TextUiTesting"],"fileTypesAndContributionMap":{"txt":{"insertions":10,"deletions":0}}},{"hash":"58e5c51ec92fa4badc1b3f94b642882c1f92692a","messageTitle":"Added custom DukeExceptions","messageBody":"","fileTypesAndContributionMap":{"java":{"insertions":41,"deletions":0}}},{"hash":"32c821b26c067f5b24acede16edde9e3cffddd88","messageTitle":"Implemented the use of Custom exceptions","messageBody":"","fileTypesAndContributionMap":{"java":{"insertions":78,"deletions":31}}},{"hash":"87547e373e6fc1733cdfc557467fe027d7f8bde8","messageTitle":"renamed invalid class name","messageBody":"","fileTypesAndContributionMap":{"java":{"insertions":1,"deletions":1}}},{"hash":"16db6ca1a5de3b0ec05e7b7163c3c63a292ddeb9","messageTitle":"Updated testing to handle the new errors","messageBody":"","tags":["Level-5","A-Exceptions"],"fileTypesAndContributionMap":{"txt":{"insertions":12,"deletions":0}}},{"hash":"d5bcfd303efc5a1ac27dd71c95a82fdbcd5b681c","messageTitle":"Updated exception message","messageBody":"","fileTypesAndContributionMap":{"java":{"insertions":1,"deletions":1}}},{"hash":"86b53b04c30f8a83814f3bf883991cc85afdfe61","messageTitle":"added delete and updated exception handling","messageBody":"","fileTypesAndContributionMap":{"java":{"insertions":23,"deletions":0}}},{"hash":"396b063062f34e5c6ed1fe799cb2b6180dfcda7f","messageTitle":"Updated testing to support for delete operation","messageBody":"","tags":["Level-6"],"fileTypesAndContributionMap":{"txt":{"insertions":8,"deletions":0}}}]},{"date":"2022-08-24","commitResults":[{"hash":"fb59f7dcb95c5e6b5363d4eb030762c663c495d9","messageTitle":"Remove raw field from parsed data","messageBody":"","fileTypesAndContributionMap":{"java":{"insertions":16,"deletions":12}}},{"hash":"7340fef8ba22239d113864596bf42f7d1aa2510d","messageTitle":"added basic file management","messageBody":"","fileTypesAndContributionMap":{"java":{"insertions":70,"deletions":1}}}]},{"date":"2022-08-25","commitResults":[{"hash":"91d914e821704c607029368ba3b64486e4ddce79","messageTitle":"added functionality to convert task to save string","messageBody":"","fileTypesAndContributionMap":{"java":{"insertions":141,"deletions":64}}},{"hash":"44bd506144cea9769741151e0a9595a984dfc3da","messageTitle":"Changed exception signature","messageBody":"","fileTypesAndContributionMap":{"java":{"insertions":3,"deletions":3}}},{"hash":"fa7f301cbc6240936d8ec6055beb004fd89e23cd","messageTitle":"Added method to handle saving and reading","messageBody":"","fileTypesAndContributionMap":{"java":{"insertions":27,"deletions":8}}},{"hash":"1e3d6b1fec0d63e51110810d12da70259bace954","messageTitle":"Abstracted out task into a seperate class","messageBody":"","fileTypesAndContributionMap":{"java":{"insertions":0,"deletions":1}}},{"hash":"f876cff0edaf47b9d59549c6286c6baff9b4ff35","messageTitle":"Fixed rewrite bug for appending to file","messageBody":"","fileTypesAndContributionMap":{"java":{"insertions":8,"deletions":8}}},{"hash":"1ecd5172f5b58c304e73a88c797b4fe3e0fa5cb1","messageTitle":"Added regex matcher to capture info from save","messageBody":"","fileTypesAndContributionMap":{"java":{"insertions":26,"deletions":15}}},{"hash":"c85a5bb458afe940b71f729a870fe7666fec6997","messageTitle":"Integrated saving of data to duke","messageBody":"","fileTypesAndContributionMap":{"java":{"insertions":61,"deletions":8}}},{"hash":"05ef1cdf4904128ae7e01893f4c57c01fe0637b2","messageTitle":"Added generation of folders","messageBody":"","fileTypesAndContributionMap":{"java":{"insertions":2,"deletions":0}}},{"hash":"6a13349dd5660ed87dde0067de3e825c207abd83","messageTitle":"Removed erronous code","messageBody":"","fileTypesAndContributionMap":{"java":{"insertions":0,"deletions":2}}},{"hash":"7ed8758081e9b7b4553ac8c48dfcbf151e937eeb","messageTitle":"updated gitignore and storage","messageBody":"","fileTypesAndContributionMap":{"java":{"insertions":2,"deletions":2}}},{"hash":"fd841a48b79fe205bb908ce63f39b6ea04201c8d","messageTitle":"Fixed creation of folders","messageBody":"","tags":["Level-7"],"fileTypesAndContributionMap":{"java":{"insertions":5,"deletions":7}}}]},{"date":"2022-08-26","commitResults":[{"hash":"ce619cbc9bf2ae496b4813792dcea81bc1420fbc","messageTitle":"Implemented datetime into event and deadline","messageBody":"","fileTypesAndContributionMap":{"java":{"insertions":72,"deletions":10}}},{"hash":"db8dbae63e6ecfab831a5298fc873091554a3209","messageTitle":"Make tasks sortable","messageBody":"","fileTypesAndContributionMap":{"java":{"insertions":28,"deletions":8}}},{"hash":"409ba7882d289ea6a68460ecf9fe151d3278c5d9","messageTitle":"Remove  unused imports","messageBody":"","fileTypesAndContributionMap":{"java":{"insertions":0,"deletions":6}}},{"hash":"577b3d07f1cffb69104fba085a13fa606de09fa5","messageTitle":"Add filter task before given date","messageBody":"","tags":["Level-8"],"fileTypesAndContributionMap":{"java":{"insertions":75,"deletions":17}}},{"hash":"b6f6119df0bbf8372d4992fa9f70cb7c249abf17","messageTitle":"Added packages","messageBody":"","tags":["A-Packages"],"fileTypesAndContributionMap":{"java":{"insertions":136,"deletions":61}}},{"hash":"522643011be4207a1a2a1c542285e4f1a0821e4d","messageTitle":"Update file name to fit naming std","messageBody":"","fileTypesAndContributionMap":{"java":{"insertions":7,"deletions":7}}},{"hash":"0f9a4423ff7a89a316a75496b9c3601343b15085","messageTitle":"Abstract Command package","messageBody":"","fileTypesAndContributionMap":{"java":{"insertions":279,"deletions":0}}},{"hash":"7d5b3fc6bc30be9b9ef81b608df17935a41084cc","messageTitle":"Integrate Commands into main","messageBody":"","tags":["A-MoreOOP"],"fileTypesAndContributionMap":{"java":{"insertions":133,"deletions":136}}},{"hash":"6d6753bf118dabf6e31bce6cb238c23422979b71","messageTitle":"Remove dependencies","messageBody":"","fileTypesAndContributionMap":{"java":{"insertions":0,"deletions":11}}},{"hash":"ff752b59f13a92729b15fbd9e7fd55bf2ca6c026","messageTitle":"Restructure files","messageBody":"","fileTypesAndContributionMap":{"gradle":{"insertions":1,"deletions":1},"java":{"insertions":0,"deletions":0}}},{"hash":"910551e68527164775cc3c2329bb015ed8a3a776","messageTitle":"Switch to newer gradle syntax and version","messageBody":"","fileTypesAndContributionMap":{"gradle":{"insertions":5,"deletions":4}}},{"hash":"28005a5f27226c3b4ac9b89a468f8432a762e515","messageTitle":"Fix NoClassDefFoundError due to dependency","messageBody":"","fileTypesAndContributionMap":{"gradle":{"insertions":2,"deletions":2}}},{"hash":"4f9aacdbbfe1d0b5523886ae4adda68e7e0e87e3","messageTitle":"Generate outline of all Test files","messageBody":"","fileTypesAndContributionMap":{"java":{"insertions":303,"deletions":0}}},{"hash":"dc0a5897c10f2652f01475bdd5719ede15d52d25","messageTitle":"Add test case for Todo","messageBody":"","tags":["A-Gradle"],"fileTypesAndContributionMap":{"java":{"insertions":24,"deletions":6}}},{"hash":"4fe78a282f67d3852f49c63d449bf2e73c36463e","messageTitle":"Add Test for ParsedData","messageBody":"","fileTypesAndContributionMap":{"java":{"insertions":16,"deletions":0}}},{"hash":"10f00a705ac7442ff25b1d36d9a8299e54ceff7f","messageTitle":"Add partial testing for Parser","messageBody":"","tags":["A-JUnit"],"fileTypesAndContributionMap":{"java":{"insertions":19,"deletions":0}}},{"hash":"a0727f67a5e65e7117c3ffe96b5ac15dc0705e5d","messageTitle":"Update shadowJar ver to work with gradle 7.x.x+","messageBody":"","tags":["v0.1","A-Jar"],"fileTypesAndContributionMap":{"gradle":{"insertions":1,"deletions":1}}},{"hash":"25cb650bc65734eb843929b3c5f9aacd241f2bbf","messageTitle":"fix untracked files","messageBody":"","fileTypesAndContributionMap":{"sh":{"insertions":0,"deletions":0}}},{"hash":"a92562e4e833c252fdc8a0df5b01368380a024a5","messageTitle":"Add javadoc for all commands","messageBody":"","fileTypesAndContributionMap":{"java":{"insertions":195,"deletions":21}}},{"hash":"413bd35097f433d63e52f79d8feeabaffedf6e6a","messageTitle":"Add javadoc to exceptions","messageBody":"","fileTypesAndContributionMap":{"java":{"insertions":30,"deletions":0}}},{"hash":"99c415694db23333f610b8bcb6f802a9854521c0","messageTitle":"Add Javadoc for Duke","messageBody":"","fileTypesAndContributionMap":{"java":{"insertions":33,"deletions":10}}}]},{"date":"2022-08-27","commitResults":[{"hash":"745e0685ac1c779baed3ca7846add76ea9526d6a","messageTitle":"Add javadoc for tasks","messageBody":"","fileTypesAndContributionMap":{"java":{"insertions":122,"deletions":6}}},{"hash":"d38a0f595ca0dafaf10c71e3b39503c68740ee0d","messageTitle":"Update Javadoc for ParsedData","messageBody":"","fileTypesAndContributionMap":{"java":{"insertions":1,"deletions":1}}},{"hash":"b4daa68e2edeb35f1c0434961a76906cd84682ad","messageTitle":"Add javadoc for the util classes","messageBody":"","tags":["A-JavaDoc"],"fileTypesAndContributionMap":{"java":{"insertions":194,"deletions":10}}},{"hash":"6255a8e3036266918720202fc9e6f1db382a00b4","messageTitle":"Add text highlighting and Find command","messageBody":"","tags":["Level-9"],"fileTypesAndContributionMap":{"java":{"insertions":76,"deletions":23}}},{"hash":"ce34389e4ac5b766daefeb87cd9df519cefd8517","messageTitle":"Fixed some Javadoc after mege conflict","messageBody":"","fileTypesAndContributionMap":{"java":{"insertions":5,"deletions":0}}},{"hash":"87ab0ef7ee416584def5afc57e5a8f8296b51c3b","messageTitle":"Reformmatted indents","messageBody":"","fileTypesAndContributionMap":{"java":{"insertions":79,"deletions":104}}},{"hash":"7210067cba6b54c0f6041b9bd32e2f2f3a44f796","messageTitle":"Add checkstyle to gradle","messageBody":"","tags":["A-CheckStyle"],"fileTypesAndContributionMap":{"gradle":{"insertions":5,"deletions":0},"java":{"insertions":56,"deletions":93}}}]},{"date":"2022-09-01","commitResults":[{"hash":"3bfb54c9fdd55919db9e74170d82e0538201123e","messageTitle":"Rename variables to match coding standard","messageBody":"","fileTypesAndContributionMap":{"java":{"insertions":52,"deletions":34}}}]}]},"authorFileTypeContributionMap":{"Eclipse-Dominator":{"java":1984,"md":0,"fxml":0,"sh":0,"bat":0,"gradle":8,"txt":30}},"authorContributionVariance":{"Eclipse-Dominator":147383.08},"authorDisplayNameMap":{"Eclipse-Dominator":"CS2103T-T11-1 LI Z..AOQI"}}
