{"authorDailyContributionsMap":{"totsukatomofumi":[{"date":"2022-08-17","commitResults":[{"hash":"3f21c29ac2c2a33124a905d2e959a3f96f96c4e5","messageTitle":"Level 1. Greet, Echo, Exit","messageBody":"","tags":["Level-1"],"fileTypesAndContributionMap":{"java":{"insertions":25,"deletions":1}}}]},{"date":"2022-08-18","commitResults":[{"hash":"a0567c2eb2184559a20e90cd89252112d87b449f","messageTitle":"Level 2. Add, List","messageBody":"","tags":["Level-2"],"fileTypesAndContributionMap":{"java":{"insertions":14,"deletions":3}}},{"hash":"01358f63befc403e616d9c1f57551b1bb8d514e3","messageTitle":"Level 3. Mark as Done","messageBody":"","tags":["Level-3","A-Enums","A-Classes"],"fileTypesAndContributionMap":{"java":{"insertions":106,"deletions":8}}},{"hash":"fc57f612716eafc6c15fbae789f2f08d80c133d0","messageTitle":"Level 4. ToDos, Events, Deadlines Level 5. Handle Errors","messageBody":"","tags":["Level-5","Level-4","A-Inheritance","A-Exceptions"],"fileTypesAndContributionMap":{"txt":{"insertions":7,"deletions":0},"java":{"insertions":282,"deletions":14}}},{"hash":"69029f15c3a932909d43ef98287f05362179f79a","messageTitle":"Level 6. Delete","messageBody":"","tags":["Level-6","A-Collections"],"fileTypesAndContributionMap":{"java":{"insertions":52,"deletions":31}}},{"hash":"e3b8e2acc22ab4213f3a7ba15c0f551ffd914232","messageTitle":"A-TextUiTesting: Automated Text UI Testing","messageBody":"","tags":["A-TextUiTesting"],"fileTypesAndContributionMap":{"txt":{"insertions":7,"deletions":2},"java":{"insertions":10,"deletions":1},"sh":{"insertions":1,"deletions":1}}}]},{"date":"2022-08-24","commitResults":[{"hash":"74521b5260148984bc3fa15e9dfd369d4f8d0ad0","messageTitle":"Add function to save task history to a text file","messageBody":"The Level-7 increment requires me to add the function of saving\na session\u0027s task history to a text file located in a directory.\n\nLet\u0027s,\n* make that function a reality\n* change the JavaDoc comments slightly\n","fileTypesAndContributionMap":{"java":{"insertions":124,"deletions":20}}}]},{"date":"2022-08-25","commitResults":[{"hash":"83b26c7eeec451e518bc2affc70c219a6a6018a9","messageTitle":"Add function to parse dates and convert between date formats","messageBody":"Increment Level-8 requires us to implement a way for Duke to handle\ndates. We can go further and enable Duke to handle times as well.\n\nLet\u0027s implement a way for Duke to parse, store and format convert\ndates.\n\nFor now, handling times is not implemented but will try to in the\nfuture.\n","fileTypesAndContributionMap":{"java":{"insertions":122,"deletions":8}}},{"hash":"2cc465717be01ea32a1dfa0d0045f0ec3f41868a","messageTitle":"Fix the history storing function that was broken by merging","messageBody":"","tags":["Level-8","Level-7"],"fileTypesAndContributionMap":{"java":{"insertions":6,"deletions":7}}},{"hash":"67acc9512acc0461d389494174ea7c330ac6db8c","messageTitle":"Use more classes to achieve better OOP","messageBody":"Increment A-MoreOOP requires us to use more classes for better OOP.\nCreating more classes will be better OOP where different classes\nhave their own roles.\n\nLet\u0027s create more classes to split the logic into their each roles.\nLet\u0027s also clean up the code and the logic to become neater.\n","tags":["A-MoreOOP"],"fileTypesAndContributionMap":{"java":{"insertions":646,"deletions":536}}},{"hash":"238977b59206d2b74dc594f47b70b66c9376e8f4","messageTitle":"Refactor package structure and package name","messageBody":"Increment A-Packages requires us to divide the project into packages\nand subpackages. Also, task list stored in text file sometimes misses\nlast task added during the session.\n\nLet\u0027s,\n* divide the project into packages and subpackages\n* fix the task history issue\n","tags":["A-Packages"],"fileTypesAndContributionMap":{"java":{"insertions":71,"deletions":24}}},{"hash":"1f1b30066eee59f7123180bd9b22b5e5000720c2","messageTitle":"Change directory structure to get Gradle to work","messageBody":"","fileTypesAndContributionMap":{"java":{"insertions":0,"deletions":0}}},{"hash":"33bba87a30eb892b28fb719a4f852c92ea1758e9","messageTitle":"Change gradle config","messageBody":"","tags":["A-Gradle"],"fileTypesAndContributionMap":{"gradle":{"insertions":2,"deletions":2}}},{"hash":"95db1fddcca9c66330ca7bc02a2b7c2744e285b9","messageTitle":"TaskList.java: Fix usage of raw type","messageBody":"","fileTypesAndContributionMap":{"java":{"insertions":1,"deletions":1}}}]},{"date":"2022-08-26","commitResults":[{"hash":"a707d03bc5ce419386072a20817bf9c3e8139bf1","messageTitle":"build.grade: Add deletion of files made by tests to clean task","messageBody":"","fileTypesAndContributionMap":{"gradle":{"insertions":5,"deletions":0}}},{"hash":"47902deeb56ffdcd901962688fa8245382155366","messageTitle":"TaskList.java: Change access modifier of retrieve() to public","messageBody":"","fileTypesAndContributionMap":{"java":{"insertions":1,"deletions":1}}},{"hash":"9fd438d27880cec93db55e8b11187977a49b55cb","messageTitle":"Add JUnit tests to test the behavior of the code","messageBody":"This increment requires us to implement more than two test methods,\npreferably targeting more than one class.\n\nLet\u0027s implement tests for classes containing complex logic.\n","tags":["A-Jar","A-JUnit"],"fileTypesAndContributionMap":{"java":{"insertions":191,"deletions":0}}},{"hash":"db846d137cb158dd8fc3b122dae7a0c9d6f2d115","messageTitle":"Add JavaDoc to all java files","messageBody":"","tags":["A-JavaDoc"],"fileTypesAndContributionMap":{"java":{"insertions":433,"deletions":4}}},{"hash":"6b3f0edf822cbfe1417d184a505a875db7bb45eb","messageTitle":"Tweak to comply with the coding standard","messageBody":"","tags":["A-CodingStandard"],"fileTypesAndContributionMap":{"java":{"insertions":0,"deletions":2}}},{"hash":"1b32e8b4fbc544e32492e06d58e26a9a46a1bc39","messageTitle":"Refactor package structure of test code files","messageBody":"","fileTypesAndContributionMap":{"java":{"insertions":5,"deletions":5}}},{"hash":"1f8b8658fbc6bf18e820bb68c51a230e16716c02","messageTitle":"TaskListTest.java: Remove unused import statement","messageBody":"","fileTypesAndContributionMap":{"java":{"insertions":0,"deletions":2}}},{"hash":"a8238e9af7f8d670de0020bb0147547ed6cbd143","messageTitle":"Add command to find keyword from existing tasks","messageBody":"","tags":["Level-9"],"fileTypesAndContributionMap":{"java":{"insertions":96,"deletions":22}}},{"hash":"780f7f298b277f23c59cd0a0c2c3cd210a2b2297","messageTitle":"Add override annotation to overriding methods","messageBody":"","fileTypesAndContributionMap":{"java":{"insertions":9,"deletions":0}}},{"hash":"5ecbf65dacdb765066906e4adb26904c8cd738f4","messageTitle":"build.gradle: Add deletion of files made by Duke to clean task","messageBody":"","fileTypesAndContributionMap":{"gradle":{"insertions":2,"deletions":0}}}]},{"date":"2022-09-02","commitResults":[{"hash":"0dba65273964dec9dd975fd3ce0488ccf38efa88","messageTitle":"Add checkstyle to project","messageBody":"","tags":["A-CheckStyle"],"fileTypesAndContributionMap":{"gradle":{"insertions":5,"deletions":0},"java":{"insertions":151,"deletions":78}}}]},{"date":"2022-09-03","commitResults":[{"hash":"2778584c0112fa2e0d3c10bac043f2e1283c6639","messageTitle":"Implement graphic user interface","messageBody":"Will do in future:\n* improve user interface (chat bubbles, separating responses into\n  separate bubbles, etc.)\n* update javadoc\n* update tests\n","tags":["Level-10"],"fileTypesAndContributionMap":{"gradle":{"insertions":14,"deletions":0},"fxml":{"insertions":42,"deletions":0},"java":{"insertions":223,"deletions":139}}}]},{"date":"2022-09-06","commitResults":[{"hash":"a8253dfac9513dc3932b22a1f615b9b91755d3f8","messageTitle":"Add tweaks to the graphic user interface","messageBody":"","fileTypesAndContributionMap":{"fxml":{"insertions":17,"deletions":26},"java":{"insertions":102,"deletions":97}}}]},{"date":"2022-09-11","commitResults":[{"hash":"03254a2ee8d5da1b1fbf93025ceb6107cefa0281","messageTitle":"MainWindow.fxml: Fix textfield color for easier visibility","messageBody":"","fileTypesAndContributionMap":{"fxml":{"insertions":2,"deletions":2}}}]},{"date":"2022-09-12","commitResults":[{"hash":"f4b0431b5ee7e94407b9866b698f80963b087880","messageTitle":"Improve code quality","messageBody":"Code quality could be improved. Method and variable names could be\nmore descriptive. Long methods could be extracted out of.\n\nBy improving quality of code, readers will not find it hard to\nunderstand the code.\n\nLet\u0027s,\n* rename methods\n* extract methods out of long methods in Parser and TaskList\n  classes\n* move method from TaskList to Storage classes\n\nMethods will be much more descriptive for the reader. Extracting\nfrom long methods will allow for much more readability.\nMethod was moved in consideration of better heeding the OOP\nparadigm.\n","tags":["A-FullCommitMessage"],"fileTypesAndContributionMap":{"java":{"insertions":434,"deletions":405}}},{"hash":"535124a87370a56d99e582cff596d376f35aa057","messageTitle":"Add use of assertions","messageBody":"Assertions help to check if important assumptions hold at certain\npoints of the code. This ensures that the program will terminate\nbefore any unintended consequence.\n\nLet\u0027s add assertions into the code where important assumptions\nwere made.\n\nSo that important assumptions are holding.\n","fileTypesAndContributionMap":{"java":{"insertions":14,"deletions":36}}},{"hash":"f83518a9c878d5df6cbe32da21e125a8f36ac95b","messageTitle":"Storage class: add an assert statement","messageBody":"","fileTypesAndContributionMap":{"java":{"insertions":1,"deletions":0}}},{"hash":"07888865e026e23dbd1106c8f2cc612fdd50657e","messageTitle":"Commands: fix bugs caused by bad conflict resolution","messageBody":"","fileTypesAndContributionMap":{"java":{"insertions":6,"deletions":6}}},{"hash":"1fa5f1a17d0845328b364e3d826abad90fa21715","messageTitle":"Storage class: fix a history retrieval issue","messageBody":"","fileTypesAndContributionMap":{"java":{"insertions":1,"deletions":0}}}]}]},"authorFileTypeContributionMap":{"totsukatomofumi":{"java":1701,"md":0,"fxml":33,"sh":1,"bat":0,"gradle":25,"txt":12}},"authorContributionVariance":{"totsukatomofumi":104991.6},"authorDisplayNameMap":{"totsukatomofumi":"CS2103T-F12-4 TOTS..FUMI"}}
