{"authorDailyContributionsMap":{"totsukatomofumi":[{"date":"2022-08-17","commitResults":[{"hash":"3f21c29ac2c2a33124a905d2e959a3f96f96c4e5","messageTitle":"Level 1. Greet, Echo, Exit","messageBody":"","tags":["Level-1"],"fileTypesAndContributionMap":{"java":{"insertions":25,"deletions":1}}}]},{"date":"2022-08-18","commitResults":[{"hash":"a0567c2eb2184559a20e90cd89252112d87b449f","messageTitle":"Level 2. Add, List","messageBody":"","tags":["Level-2"],"fileTypesAndContributionMap":{"java":{"insertions":14,"deletions":3}}},{"hash":"01358f63befc403e616d9c1f57551b1bb8d514e3","messageTitle":"Level 3. Mark as Done","messageBody":"","tags":["Level-3","A-Enums","A-Classes"],"fileTypesAndContributionMap":{"java":{"insertions":106,"deletions":8}}},{"hash":"fc57f612716eafc6c15fbae789f2f08d80c133d0","messageTitle":"Level 4. ToDos, Events, Deadlines Level 5. Handle Errors","messageBody":"","tags":["Level-5","Level-4","A-Inheritance","A-Exceptions"],"fileTypesAndContributionMap":{"txt":{"insertions":7,"deletions":0},"java":{"insertions":282,"deletions":14}}},{"hash":"69029f15c3a932909d43ef98287f05362179f79a","messageTitle":"Level 6. Delete","messageBody":"","tags":["Level-6","A-Collections"],"fileTypesAndContributionMap":{"java":{"insertions":52,"deletions":31}}},{"hash":"e3b8e2acc22ab4213f3a7ba15c0f551ffd914232","messageTitle":"A-TextUiTesting: Automated Text UI Testing","messageBody":"","tags":["A-TextUiTesting"],"fileTypesAndContributionMap":{"txt":{"insertions":7,"deletions":2},"java":{"insertions":10,"deletions":1},"sh":{"insertions":1,"deletions":1}}}]},{"date":"2022-08-24","commitResults":[{"hash":"74521b5260148984bc3fa15e9dfd369d4f8d0ad0","messageTitle":"Add function to save task history to a text file","messageBody":"The Level-7 increment requires me to add the function of saving\na session\u0027s task history to a text file located in a directory.\n\nLet\u0027s,\n* make that function a reality\n* change the JavaDoc comments slightly\n","fileTypesAndContributionMap":{"java":{"insertions":124,"deletions":20}}}]},{"date":"2022-08-25","commitResults":[{"hash":"83b26c7eeec451e518bc2affc70c219a6a6018a9","messageTitle":"Add function to parse dates and convert between date formats","messageBody":"Increment Level-8 requires us to implement a way for Duke to handle\ndates. We can go further and enable Duke to handle times as well.\n\nLet\u0027s implement a way for Duke to parse, store and format convert\ndates.\n\nFor now, handling times is not implemented but will try to in the\nfuture.\n","fileTypesAndContributionMap":{"java":{"insertions":122,"deletions":8}}},{"hash":"2cc465717be01ea32a1dfa0d0045f0ec3f41868a","messageTitle":"Fix the history storing function that was broken by merging","messageBody":"","tags":["Level-8","Level-7"],"fileTypesAndContributionMap":{"java":{"insertions":6,"deletions":7}}}]}]},"authorFileTypeContributionMap":{"totsukatomofumi":{"java":645,"md":0,"fxml":0,"sh":1,"bat":0,"gradle":0,"txt":12}},"authorContributionVariance":{"totsukatomofumi":20037.979},"authorDisplayNameMap":{"totsukatomofumi":"CS2103T-F12-4 TOTS..FUMI"}}
