{"authorDailyContributionsMap":{"BlopApple":[{"date":"2022-08-18","commitResults":[{"hash":"cff4cb42be2b8c3ff00ac72b2499b34026d82682","messageTitle":"Added Greet, Echo and Exit functionalities","messageBody":"","tags":["Level-1"],"fileTypesAndContributionMap":{"java":{"insertions":0,"deletions":0}}},{"hash":"fc194d31f0b8e32ef1d97ee06075105bd156cbf3","messageTitle":"Added Add and List functionalities","messageBody":"","tags":["Level-2"],"fileTypesAndContributionMap":{"java":{"insertions":70,"deletions":6}}},{"hash":"8f1b8f2edad8a82de330aebee21800a85f6cb801","messageTitle":"Added Marking and Unmarking functionalities","messageBody":"","tags":["Level-3"],"fileTypesAndContributionMap":{"java":{"insertions":114,"deletions":27}}}]},{"date":"2022-08-19","commitResults":[{"hash":"42d2371b4c617107b3594657b15a1f10599fa6b2","messageTitle":"Added ToDo, Deadline and Event Tasks","messageBody":"","tags":["Level-4"],"fileTypesAndContributionMap":{"java":{"insertions":93,"deletions":26}}},{"hash":"b10b430fa63c4f198f8e90d34781b0e7cc49bb82","messageTitle":"Added Error Handling for invalid commands","messageBody":"","tags":["Level-5"],"fileTypesAndContributionMap":{"java":{"insertions":77,"deletions":47}}},{"hash":"cd08724a406afd48b87ac659bbb4c5c094d3cd80","messageTitle":"Added Delete functionality","messageBody":"","tags":["Level-6"],"fileTypesAndContributionMap":{"java":{"insertions":18,"deletions":3}}},{"hash":"32c1c91b51761aee55208c16af793f1a3cb4d1be","messageTitle":"Text Ui Testing","messageBody":"","tags":["A-TextUiTesting"],"fileTypesAndContributionMap":{"txt":{"insertions":18,"deletions":0}}}]},{"date":"2022-08-26","commitResults":[{"hash":"25fe7a8c80a0445581580115006a76dbb3aa7302","messageTitle":"Add Save feature","messageBody":"","tags":["Level-7"],"fileTypesAndContributionMap":{"java":{"insertions":207,"deletions":60}}},{"hash":"6a41a9e122d64ae06acbd549fb6a2b7bc7f11f16","messageTitle":"Add Date and Time processing for Tasks","messageBody":"","tags":["Level-8"],"fileTypesAndContributionMap":{"java":{"insertions":62,"deletions":26}}},{"hash":"bdd5b8ef8b0ae2b93985bee8927d6e1fbd8816c8","messageTitle":"Fix minor merge conflicts in Level-7 and Level-8","messageBody":"","fileTypesAndContributionMap":{"java":{"insertions":8,"deletions":8}}},{"hash":"f0cf18e949facedc7dd70464046a9b62e4f08e24","messageTitle":"Refactor and Clean-up with OOP","messageBody":"","tags":["A-MoreOOP"],"fileTypesAndContributionMap":{"java":{"insertions":11,"deletions":10}}},{"hash":"929d0634c57e696225cca7b876410f3eefeb9ba2","messageTitle":"Add packages","messageBody":"","tags":["A-Packages","A-Jar"],"fileTypesAndContributionMap":{"java":{"insertions":241,"deletions":8}}}]},{"date":"2022-08-31","commitResults":[{"hash":"8b1bd638e1c15de6ef0598686fca1e8c0eb00023","messageTitle":"Add Gradle support","messageBody":"","tags":["A-Gradle"],"fileTypesAndContributionMap":{"gradle":{"insertions":52,"deletions":0},"java":{"insertions":0,"deletions":198},"bat":{"insertions":91,"deletions":0}}},{"hash":"a8943ce90ae0d405259ec14e95cb20ce6bdc3515","messageTitle":"Add unit testing for ChatBot and TaskManager","messageBody":"","tags":["A-JUnit"],"fileTypesAndContributionMap":{"java":{"insertions":89,"deletions":0}}},{"hash":"9d81d2f3a51177c15beb9921b1f9974cc5eef8da","messageTitle":"Update gitignore and build.gradle files","messageBody":"","fileTypesAndContributionMap":{"gradle":{"insertions":1,"deletions":1}}},{"hash":"d5c1c652cf7c5205bb9376d925c6ed094262230f","messageTitle":"Add JavaDocs for all existing classes","messageBody":"","tags":["A-JavaDoc"],"fileTypesAndContributionMap":{"java":{"insertions":264,"deletions":2}}},{"hash":"60514d5c770bc9236f025d8fe6047ea294899e42","messageTitle":"Add tweaks to comply with coding standards","messageBody":"","tags":["A-CodingStandard"],"fileTypesAndContributionMap":{"java":{"insertions":60,"deletions":65}}},{"hash":"4b2c6062b5e7bd6dfe317b4cff07c16b2501a909","messageTitle":"Add keyword finding functionality","messageBody":"","tags":["Level-9"],"fileTypesAndContributionMap":{"java":{"insertions":44,"deletions":14}}}]},{"date":"2022-09-07","commitResults":[{"hash":"e7b0b1777af61fd79194ea7d31814a3067b2dd6e","messageTitle":"Fix minor code quality issues","messageBody":"","fileTypesAndContributionMap":{"java":{"insertions":59,"deletions":48}}}]},{"date":"2022-09-08","commitResults":[{"hash":"575978c7d4c287c4489d0a74eebd115a8a6d7ce5","messageTitle":"Add CheckStyle","messageBody":"","fileTypesAndContributionMap":{"gradle":{"insertions":1,"deletions":0},"java":{"insertions":83,"deletions":38}}},{"hash":"172942f22827a34603d782d40f0049e8e3f790c4","messageTitle":"Add Basic GUI with no user interaction","messageBody":"","fileTypesAndContributionMap":{"gradle":{"insertions":15,"deletions":0},"java":{"insertions":80,"deletions":2}}},{"hash":"0fd9799558155c31527fac0d6cce3659b1aa277f","messageTitle":"Add Basic GUI with user interaction","messageBody":"","fileTypesAndContributionMap":{"java":{"insertions":88,"deletions":11}}}]},{"date":"2022-09-09","commitResults":[{"hash":"a25c7e1e7e92b453c1a1355db03ede8d71d161fa","messageTitle":"Refactor GUI elements","messageBody":"","fileTypesAndContributionMap":{"java":{"insertions":213,"deletions":90}}}]},{"date":"2022-09-10","commitResults":[{"hash":"ab4faa0130abdea40eb5f9a574d7199bdc92355f","messageTitle":"Add proper padding and sizes of GUI elements","messageBody":"Padding is added to InputContainer and DialogContainer\nfor a cleaner look.\n\nSizes of GUI elements that used to be magic literals were\nproperly abstracted out as class attributes of the various\nGUI elements.\n\nFont Size of text in DialogBoxes is fixed at 12.\n\nResponse messages were also updated to no longer include\ntabspaces at the beginning for standardization of response formats.\n","tags":["A-FullCommitMessage"],"fileTypesAndContributionMap":{"gradle":{"insertions":1,"deletions":1},"java":{"insertions":59,"deletions":41}}},{"hash":"18a5f3d577a2c9ad45287f02f04cf92b635ee445","messageTitle":"Add assertions","messageBody":"","fileTypesAndContributionMap":{"java":{"insertions":7,"deletions":0}}},{"hash":"98d20567fac0c4c24bfa7fbb34d851ef608d82b6","messageTitle":"Refactor code and improve code quality","messageBody":"","fileTypesAndContributionMap":{"java":{"insertions":407,"deletions":301}}},{"hash":"a79ef16559b252a57e403a0a1ccc6082e60a43fa","messageTitle":"Add Streams","messageBody":"","fileTypesAndContributionMap":{"java":{"insertions":4,"deletions":7}}},{"hash":"61946aa3c28c9bc556390dce504285ca8d9c3c7b","messageTitle":"Add Update functionality for task","messageBody":"","fileTypesAndContributionMap":{"java":{"insertions":168,"deletions":23}}}]},{"date":"2022-09-12","commitResults":[{"hash":"23388ae368b5c9c8950f6eccb7fb46396deb59c6","messageTitle":"Add Command Handlers and implement Bye command","messageBody":"","fileTypesAndContributionMap":{"java":{"insertions":159,"deletions":76}}},{"hash":"55ba21746bf47d1b4ca622b6e154700be0ad9dd6","messageTitle":"Implement ListTask Command","messageBody":"","fileTypesAndContributionMap":{"java":{"insertions":40,"deletions":18}}},{"hash":"a2681dfc67f47621d7b592af31184e88284bcfa9","messageTitle":"Implement adding of ToDo, Deadline and Event Task","messageBody":"Implement the TodoTaskCommandHandler, DeadlineTaskCommandHandler and\nEventTaskCommandHanlder to add new task to the task list.\n\nTemporarily suppress updateTask functionality.\n","fileTypesAndContributionMap":{"java":{"insertions":227,"deletions":229}}},{"hash":"9ce37a864ee55752470c9bc87fbf829174c31f29","messageTitle":"Implement UpdateTask command","messageBody":"","tags":["A-Varargs","A-MoreErrorHandling"],"fileTypesAndContributionMap":{"java":{"insertions":357,"deletions":88}}}]},{"date":"2022-09-13","commitResults":[{"hash":"753329c0bb0e5c147f510e5bda1501b02d6a63be","messageTitle":"Update JavaDocs for implemented CommandHandlers","messageBody":"Implemented CommandHandlers include CommandHandlers for the\nBye, List, TodoTask, DeadlineTask, EventTask and UpdateTask Commands.\n","fileTypesAndContributionMap":{"java":{"insertions":47,"deletions":2}}},{"hash":"3ae7c462743e7775aed23b55a21c624a43e26df9","messageTitle":"Implement Mark, Unmark and Delete Task commands","messageBody":"","fileTypesAndContributionMap":{"java":{"insertions":173,"deletions":64}}},{"hash":"676dab3d6257aee5e8a3edb136f03463c91800ac","messageTitle":"Implement Find Task command","messageBody":"","fileTypesAndContributionMap":{"java":{"insertions":53,"deletions":27}}},{"hash":"05a8dee390416203e88b2e45af79a71e38a75961","messageTitle":"Add Command Manager","messageBody":"","fileTypesAndContributionMap":{"java":{"insertions":325,"deletions":295}}},{"hash":"1350877c21c1c44681f5a87a61292091cdd4e6ad","messageTitle":"Add more JUnit Test for Commmand Manager","messageBody":"","tags":["A-MoreTesting"],"fileTypesAndContributionMap":{"java":{"insertions":506,"deletions":9}}},{"hash":"3a490f292aed7d1ebe1a9c6c16a66ab1e8f14a82","messageTitle":"Improve Basic GUI elements","messageBody":"Include a dialog box background for dialog boxes.\n\nChange display picture into a display bubble look.\n\nInclude proper padding and spacing for dialog box and display picture.\n\nChange alignment of display picture to flush to the bottom.\n","fileTypesAndContributionMap":{"java":{"insertions":44,"deletions":18}}},{"hash":"ed9975205646d6388274893517c08b26cee7ec0a","messageTitle":"Add Logger to access previous commands for better UX","messageBody":"","fileTypesAndContributionMap":{"java":{"insertions":98,"deletions":5}}},{"hash":"e2c4fce089d5d9516d8f4d873422559df54da63b","messageTitle":"Make window resizable","messageBody":"","fileTypesAndContributionMap":{"java":{"insertions":35,"deletions":33}}}]},{"date":"2022-09-14","commitResults":[{"hash":"cd022d027b17de5080bd38d90c0a89e019a569cd","messageTitle":"Add styling to GUI elements","messageBody":"","fileTypesAndContributionMap":{"java":{"insertions":142,"deletions":76}}},{"hash":"513802da3fbfc13f3367e943fc0b37a1741f3170","messageTitle":"Fix minor conflict remnants","messageBody":"","fileTypesAndContributionMap":{"java":{"insertions":2,"deletions":270}}}]}]},"authorFileTypeContributionMap":{"BlopApple":{"java":2758,"md":0,"fxml":0,"sh":0,"bat":91,"gradle":68,"txt":18}},"authorContributionVariance":{"BlopApple":167944.36},"authorDisplayNameMap":{"BlopApple":"CS2103T-T12-4 LAU .. JIE"}}
