{"authorDailyContributionsMap":{"BlopApple":[{"date":"2022-08-18","commitResults":[{"hash":"cff4cb42be2b8c3ff00ac72b2499b34026d82682","messageTitle":"Added Greet, Echo and Exit functionalities","messageBody":"","tags":["Level-1"],"fileTypesAndContributionMap":{"java":{"insertions":0,"deletions":0}}},{"hash":"fc194d31f0b8e32ef1d97ee06075105bd156cbf3","messageTitle":"Added Add and List functionalities","messageBody":"","tags":["Level-2"],"fileTypesAndContributionMap":{"java":{"insertions":70,"deletions":6}}},{"hash":"8f1b8f2edad8a82de330aebee21800a85f6cb801","messageTitle":"Added Marking and Unmarking functionalities","messageBody":"","tags":["Level-3"],"fileTypesAndContributionMap":{"java":{"insertions":114,"deletions":27}}}]},{"date":"2022-08-19","commitResults":[{"hash":"42d2371b4c617107b3594657b15a1f10599fa6b2","messageTitle":"Added ToDo, Deadline and Event Tasks","messageBody":"","tags":["Level-4"],"fileTypesAndContributionMap":{"java":{"insertions":93,"deletions":26}}},{"hash":"b10b430fa63c4f198f8e90d34781b0e7cc49bb82","messageTitle":"Added Error Handling for invalid commands","messageBody":"","tags":["Level-5"],"fileTypesAndContributionMap":{"java":{"insertions":77,"deletions":47}}},{"hash":"cd08724a406afd48b87ac659bbb4c5c094d3cd80","messageTitle":"Added Delete functionality","messageBody":"","tags":["Level-6"],"fileTypesAndContributionMap":{"java":{"insertions":18,"deletions":3}}}]}]},"authorFileTypeContributionMap":{"BlopApple":{"java":269,"md":0,"fxml":0,"sh":0,"bat":0,"gradle":0,"txt":0}},"authorContributionVariance":{"BlopApple":10983.109},"authorDisplayNameMap":{"BlopApple":"LAU .. JIE"}}
