[{"path":"src/main/java/Deadline.java","fileType":"java","lines":[{"lineNumber":1,"author":{"gitId":"limweijun"},"content":"public class Deadline extends Task {","lastModifiedDate":"2022-08-17"},{"lineNumber":2,"author":{"gitId":"limweijun"},"content":"    private String by;","lastModifiedDate":"2022-08-17"},{"lineNumber":3,"author":{"gitId":"limweijun"},"content":"    public Deadline(String description, String by)","lastModifiedDate":"2022-08-17"},{"lineNumber":4,"author":{"gitId":"limweijun"},"content":"    {","lastModifiedDate":"2022-08-17"},{"lineNumber":5,"author":{"gitId":"limweijun"},"content":"        super(description);","lastModifiedDate":"2022-08-17"},{"lineNumber":6,"author":{"gitId":"limweijun"},"content":"        this.by \u003d by;","lastModifiedDate":"2022-08-17"},{"lineNumber":7,"author":{"gitId":"limweijun"},"content":"    }","lastModifiedDate":"2022-08-17"},{"lineNumber":8,"author":{"gitId":"limweijun"},"content":"    @Override","lastModifiedDate":"2022-08-17"},{"lineNumber":9,"author":{"gitId":"limweijun"},"content":"    public String toString()","lastModifiedDate":"2022-08-17"},{"lineNumber":10,"author":{"gitId":"limweijun"},"content":"    {","lastModifiedDate":"2022-08-17"},{"lineNumber":11,"author":{"gitId":"limweijun"},"content":"        return \"[D]\" + super.toString() + \" (by: \" + by + \")\";","lastModifiedDate":"2022-08-17"},{"lineNumber":12,"author":{"gitId":"limweijun"},"content":"    }","lastModifiedDate":"2022-08-17"},{"lineNumber":13,"author":{"gitId":"limweijun"},"content":"}","lastModifiedDate":"2022-08-17"}],"authorContributionMap":{"limweijun":13}},{"path":"src/main/java/Duke.java","fileType":"java","lines":[{"lineNumber":1,"author":{"gitId":"limweijun"},"content":"import java.util.Objects;","lastModifiedDate":"2022-08-17"},{"lineNumber":2,"author":{"gitId":"limweijun"},"content":"import java.util.Scanner;","lastModifiedDate":"2022-08-17"},{"lineNumber":3,"author":{"gitId":"limweijun"},"content":"","lastModifiedDate":"2022-08-17"},{"lineNumber":4,"author":{"gitId":"-"},"content":"public class Duke {","lastModifiedDate":"2019-07-29"},{"lineNumber":5,"author":{"gitId":"-"},"content":"    public static void main(String[] args) {","lastModifiedDate":"2019-07-29"},{"lineNumber":6,"author":{"gitId":"limweijun"},"content":"        Task[] tasksToDo \u003d new Task[100];","lastModifiedDate":"2022-08-17"},{"lineNumber":7,"author":{"gitId":"limweijun"},"content":"        int i \u003d 0;","lastModifiedDate":"2022-08-17"},{"lineNumber":8,"author":{"gitId":"-"},"content":"        String logo \u003d \" ____        _        \\n\"","lastModifiedDate":"2019-07-29"},{"lineNumber":9,"author":{"gitId":"-"},"content":"                + \"|  _ \\\\ _   _| | _____ \\n\"","lastModifiedDate":"2019-07-29"},{"lineNumber":10,"author":{"gitId":"-"},"content":"                + \"| | | | | | | |/ / _ \\\\\\n\"","lastModifiedDate":"2019-07-29"},{"lineNumber":11,"author":{"gitId":"-"},"content":"                + \"| |_| | |_| |   \u003c  __/\\n\"","lastModifiedDate":"2019-07-29"},{"lineNumber":12,"author":{"gitId":"-"},"content":"                + \"|____/ \\\\__,_|_|\\\\_\\\\___|\\n\";","lastModifiedDate":"2019-07-29"},{"lineNumber":13,"author":{"gitId":"limweijun"},"content":"        System.out.println(\"Hi\\n\" + logo + \"\\nWhat can I do for you?\");","lastModifiedDate":"2022-08-17"},{"lineNumber":14,"author":{"gitId":"limweijun"},"content":"        Scanner scanner \u003d new Scanner(System.in);","lastModifiedDate":"2022-08-17"},{"lineNumber":15,"author":{"gitId":"limweijun"},"content":"        String input \u003d scanner.nextLine();","lastModifiedDate":"2022-08-17"},{"lineNumber":16,"author":{"gitId":"limweijun"},"content":"        while (!input.equals(\"bye\"))","lastModifiedDate":"2022-08-17"},{"lineNumber":17,"author":{"gitId":"limweijun"},"content":"        {","lastModifiedDate":"2022-08-17"},{"lineNumber":18,"author":{"gitId":"limweijun"},"content":"            String[] strs \u003d input.split(\" \");","lastModifiedDate":"2022-08-17"},{"lineNumber":19,"author":{"gitId":"limweijun"},"content":"            if (input.equals(\"list\"))","lastModifiedDate":"2022-08-17"},{"lineNumber":20,"author":{"gitId":"limweijun"},"content":"            {","lastModifiedDate":"2022-08-17"},{"lineNumber":21,"author":{"gitId":"limweijun"},"content":"                for (int j \u003d 0; j \u003c i; j ++)","lastModifiedDate":"2022-08-17"},{"lineNumber":22,"author":{"gitId":"limweijun"},"content":"                {","lastModifiedDate":"2022-08-17"},{"lineNumber":23,"author":{"gitId":"limweijun"},"content":"                    System.out.println((j + 1) + \". \" + tasksToDo[j].toString());","lastModifiedDate":"2022-08-17"},{"lineNumber":24,"author":{"gitId":"limweijun"},"content":"                }","lastModifiedDate":"2022-08-17"},{"lineNumber":25,"author":{"gitId":"limweijun"},"content":"            }","lastModifiedDate":"2022-08-17"},{"lineNumber":26,"author":{"gitId":"limweijun"},"content":"            else if (strs.length \u003d\u003d 2 \u0026\u0026 (strs[0].equals(\"mark\") || strs[0].equals(\"unmark\")))","lastModifiedDate":"2022-08-17"},{"lineNumber":27,"author":{"gitId":"limweijun"},"content":"            {","lastModifiedDate":"2022-08-17"},{"lineNumber":28,"author":{"gitId":"limweijun"},"content":"                int index \u003d Integer.parseInt(strs[1]) - 1;","lastModifiedDate":"2022-08-17"},{"lineNumber":29,"author":{"gitId":"limweijun"},"content":"                Task task \u003d tasksToDo[index];","lastModifiedDate":"2022-08-17"},{"lineNumber":30,"author":{"gitId":"limweijun"},"content":"                if (strs[0].equals(\"mark\"))","lastModifiedDate":"2022-08-17"},{"lineNumber":31,"author":{"gitId":"limweijun"},"content":"                {","lastModifiedDate":"2022-08-17"},{"lineNumber":32,"author":{"gitId":"limweijun"},"content":"                    task.markTaskAsDone();","lastModifiedDate":"2022-08-17"},{"lineNumber":33,"author":{"gitId":"limweijun"},"content":"                    System.out.println(\"Nice! I have mark this task as done:\\n\" +","lastModifiedDate":"2022-08-17"},{"lineNumber":34,"author":{"gitId":"limweijun"},"content":"                            task.toString());","lastModifiedDate":"2022-08-17"},{"lineNumber":35,"author":{"gitId":"limweijun"},"content":"                }","lastModifiedDate":"2022-08-17"},{"lineNumber":36,"author":{"gitId":"limweijun"},"content":"                else if (strs[0].equals(\"unmark\"))","lastModifiedDate":"2022-08-17"},{"lineNumber":37,"author":{"gitId":"limweijun"},"content":"                {","lastModifiedDate":"2022-08-17"},{"lineNumber":38,"author":{"gitId":"limweijun"},"content":"                    task.unMarkTaskAsDone();","lastModifiedDate":"2022-08-17"},{"lineNumber":39,"author":{"gitId":"limweijun"},"content":"                    System.out.println(\"Ok, I have mark this task as not done yet:\\n\" +","lastModifiedDate":"2022-08-17"},{"lineNumber":40,"author":{"gitId":"limweijun"},"content":"                            task.toString());","lastModifiedDate":"2022-08-17"},{"lineNumber":41,"author":{"gitId":"limweijun"},"content":"                }","lastModifiedDate":"2022-08-17"},{"lineNumber":42,"author":{"gitId":"limweijun"},"content":"            }","lastModifiedDate":"2022-08-17"},{"lineNumber":43,"author":{"gitId":"limweijun"},"content":"            else","lastModifiedDate":"2022-08-17"},{"lineNumber":44,"author":{"gitId":"limweijun"},"content":"            {","lastModifiedDate":"2022-08-17"},{"lineNumber":45,"author":{"gitId":"limweijun"},"content":"                if (strs.length \u003e 1 \u0026\u0026 strs[0].equals(\"deadline\"))","lastModifiedDate":"2022-08-17"},{"lineNumber":46,"author":{"gitId":"limweijun"},"content":"                {","lastModifiedDate":"2022-08-17"},{"lineNumber":47,"author":{"gitId":"limweijun"},"content":"                    String[] details \u003d input.split(\" \", 2)[1].split(\" /by \");","lastModifiedDate":"2022-08-17"},{"lineNumber":48,"author":{"gitId":"limweijun"},"content":"                    tasksToDo[i] \u003d new Deadline(details[0], details[1]);","lastModifiedDate":"2022-08-17"},{"lineNumber":49,"author":{"gitId":"limweijun"},"content":"                    i ++;","lastModifiedDate":"2022-08-17"},{"lineNumber":50,"author":{"gitId":"limweijun"},"content":"                }","lastModifiedDate":"2022-08-17"},{"lineNumber":51,"author":{"gitId":"limweijun"},"content":"                else if (strs.length \u003e 1 \u0026\u0026 strs[0].equals(\"event\"))","lastModifiedDate":"2022-08-17"},{"lineNumber":52,"author":{"gitId":"limweijun"},"content":"                {","lastModifiedDate":"2022-08-17"},{"lineNumber":53,"author":{"gitId":"limweijun"},"content":"                    String[] details \u003d input.split(\" \", 2)[1].split(\" /at \");","lastModifiedDate":"2022-08-17"},{"lineNumber":54,"author":{"gitId":"limweijun"},"content":"                    tasksToDo[i] \u003d new Event(details[0], details[1]);","lastModifiedDate":"2022-08-17"},{"lineNumber":55,"author":{"gitId":"limweijun"},"content":"                    i ++;","lastModifiedDate":"2022-08-17"},{"lineNumber":56,"author":{"gitId":"limweijun"},"content":"                }","lastModifiedDate":"2022-08-17"},{"lineNumber":57,"author":{"gitId":"limweijun"},"content":"                else if (strs.length \u003e 1 \u0026\u0026 strs[0].equals(\"todo\"))","lastModifiedDate":"2022-08-17"},{"lineNumber":58,"author":{"gitId":"limweijun"},"content":"                {","lastModifiedDate":"2022-08-17"},{"lineNumber":59,"author":{"gitId":"limweijun"},"content":"                    String detail \u003d input.split(\" \", 2)[1];","lastModifiedDate":"2022-08-17"},{"lineNumber":60,"author":{"gitId":"limweijun"},"content":"                    tasksToDo[i] \u003d new Todo(detail);","lastModifiedDate":"2022-08-17"},{"lineNumber":61,"author":{"gitId":"limweijun"},"content":"                    i ++;","lastModifiedDate":"2022-08-17"},{"lineNumber":62,"author":{"gitId":"limweijun"},"content":"                }","lastModifiedDate":"2022-08-17"},{"lineNumber":63,"author":{"gitId":"limweijun"},"content":"                System.out.println(\"Got it. I\u0027ve added this task:\\n\" + tasksToDo[i - 1].toString()","lastModifiedDate":"2022-08-17"},{"lineNumber":64,"author":{"gitId":"limweijun"},"content":"                                    + \"\\nNow you have \" + i + \" tasks in the list.\");","lastModifiedDate":"2022-08-17"},{"lineNumber":65,"author":{"gitId":"limweijun"},"content":"            }","lastModifiedDate":"2022-08-17"},{"lineNumber":66,"author":{"gitId":"limweijun"},"content":"            input \u003d scanner.nextLine();","lastModifiedDate":"2022-08-17"},{"lineNumber":67,"author":{"gitId":"limweijun"},"content":"        }","lastModifiedDate":"2022-08-17"},{"lineNumber":68,"author":{"gitId":"limweijun"},"content":"        System.out.println(\"Bye! Hope to see you again!\");","lastModifiedDate":"2022-08-17"},{"lineNumber":69,"author":{"gitId":"-"},"content":"    }","lastModifiedDate":"2019-07-29"},{"lineNumber":70,"author":{"gitId":"-"},"content":"}","lastModifiedDate":"2019-07-29"}],"authorContributionMap":{"limweijun":61,"-":9}},{"path":"src/main/java/Event.java","fileType":"java","lines":[{"lineNumber":1,"author":{"gitId":"limweijun"},"content":"public class Event extends Task {","lastModifiedDate":"2022-08-17"},{"lineNumber":2,"author":{"gitId":"limweijun"},"content":"    String at;","lastModifiedDate":"2022-08-17"},{"lineNumber":3,"author":{"gitId":"limweijun"},"content":"    public Event(String description, String at)","lastModifiedDate":"2022-08-17"},{"lineNumber":4,"author":{"gitId":"limweijun"},"content":"    {","lastModifiedDate":"2022-08-17"},{"lineNumber":5,"author":{"gitId":"limweijun"},"content":"        super(description);","lastModifiedDate":"2022-08-17"},{"lineNumber":6,"author":{"gitId":"limweijun"},"content":"        this.at \u003d at;","lastModifiedDate":"2022-08-17"},{"lineNumber":7,"author":{"gitId":"limweijun"},"content":"    }","lastModifiedDate":"2022-08-17"},{"lineNumber":8,"author":{"gitId":"limweijun"},"content":"","lastModifiedDate":"2022-08-17"},{"lineNumber":9,"author":{"gitId":"limweijun"},"content":"    @Override","lastModifiedDate":"2022-08-17"},{"lineNumber":10,"author":{"gitId":"limweijun"},"content":"    public String toString()","lastModifiedDate":"2022-08-17"},{"lineNumber":11,"author":{"gitId":"limweijun"},"content":"    {","lastModifiedDate":"2022-08-17"},{"lineNumber":12,"author":{"gitId":"limweijun"},"content":"        return \"[E]\" + super.toString() + \" (at: \" + at + \")\";","lastModifiedDate":"2022-08-17"},{"lineNumber":13,"author":{"gitId":"limweijun"},"content":"    }","lastModifiedDate":"2022-08-17"},{"lineNumber":14,"author":{"gitId":"limweijun"},"content":"}","lastModifiedDate":"2022-08-17"}],"authorContributionMap":{"limweijun":14}},{"path":"src/main/java/Task.java","fileType":"java","lines":[{"lineNumber":1,"author":{"gitId":"limweijun"},"content":"public class Task {","lastModifiedDate":"2022-08-17"},{"lineNumber":2,"author":{"gitId":"limweijun"},"content":"    private String task;","lastModifiedDate":"2022-08-17"},{"lineNumber":3,"author":{"gitId":"limweijun"},"content":"    private boolean done;","lastModifiedDate":"2022-08-17"},{"lineNumber":4,"author":{"gitId":"limweijun"},"content":"    Task(String task)","lastModifiedDate":"2022-08-17"},{"lineNumber":5,"author":{"gitId":"limweijun"},"content":"    {","lastModifiedDate":"2022-08-17"},{"lineNumber":6,"author":{"gitId":"limweijun"},"content":"        this.task \u003d task;","lastModifiedDate":"2022-08-17"},{"lineNumber":7,"author":{"gitId":"limweijun"},"content":"        this.done \u003d false;","lastModifiedDate":"2022-08-17"},{"lineNumber":8,"author":{"gitId":"limweijun"},"content":"    }","lastModifiedDate":"2022-08-17"},{"lineNumber":9,"author":{"gitId":"limweijun"},"content":"","lastModifiedDate":"2022-08-17"},{"lineNumber":10,"author":{"gitId":"limweijun"},"content":"    @Override","lastModifiedDate":"2022-08-17"},{"lineNumber":11,"author":{"gitId":"limweijun"},"content":"    public String toString()","lastModifiedDate":"2022-08-17"},{"lineNumber":12,"author":{"gitId":"limweijun"},"content":"    {","lastModifiedDate":"2022-08-17"},{"lineNumber":13,"author":{"gitId":"limweijun"},"content":"        return getStatusIcon() + \" \" + task;","lastModifiedDate":"2022-08-17"},{"lineNumber":14,"author":{"gitId":"limweijun"},"content":"    }","lastModifiedDate":"2022-08-17"},{"lineNumber":15,"author":{"gitId":"limweijun"},"content":"","lastModifiedDate":"2022-08-17"},{"lineNumber":16,"author":{"gitId":"limweijun"},"content":"    public String getTask()","lastModifiedDate":"2022-08-17"},{"lineNumber":17,"author":{"gitId":"limweijun"},"content":"    {","lastModifiedDate":"2022-08-17"},{"lineNumber":18,"author":{"gitId":"limweijun"},"content":"        return this.task;","lastModifiedDate":"2022-08-17"},{"lineNumber":19,"author":{"gitId":"limweijun"},"content":"    }","lastModifiedDate":"2022-08-17"},{"lineNumber":20,"author":{"gitId":"limweijun"},"content":"    public String getStatusIcon()","lastModifiedDate":"2022-08-17"},{"lineNumber":21,"author":{"gitId":"limweijun"},"content":"    {","lastModifiedDate":"2022-08-17"},{"lineNumber":22,"author":{"gitId":"limweijun"},"content":"        return this.done ? \"[X]\" : \"[]\";","lastModifiedDate":"2022-08-17"},{"lineNumber":23,"author":{"gitId":"limweijun"},"content":"    }","lastModifiedDate":"2022-08-17"},{"lineNumber":24,"author":{"gitId":"limweijun"},"content":"    public void markTaskAsDone()","lastModifiedDate":"2022-08-17"},{"lineNumber":25,"author":{"gitId":"limweijun"},"content":"    {","lastModifiedDate":"2022-08-17"},{"lineNumber":26,"author":{"gitId":"limweijun"},"content":"        done \u003d true;","lastModifiedDate":"2022-08-17"},{"lineNumber":27,"author":{"gitId":"limweijun"},"content":"    }","lastModifiedDate":"2022-08-17"},{"lineNumber":28,"author":{"gitId":"limweijun"},"content":"    public void unMarkTaskAsDone()","lastModifiedDate":"2022-08-17"},{"lineNumber":29,"author":{"gitId":"limweijun"},"content":"    {","lastModifiedDate":"2022-08-17"},{"lineNumber":30,"author":{"gitId":"limweijun"},"content":"        done \u003d false;","lastModifiedDate":"2022-08-17"},{"lineNumber":31,"author":{"gitId":"limweijun"},"content":"    }","lastModifiedDate":"2022-08-17"},{"lineNumber":32,"author":{"gitId":"limweijun"},"content":"}","lastModifiedDate":"2022-08-17"}],"authorContributionMap":{"limweijun":32}},{"path":"src/main/java/Todo.java","fileType":"java","lines":[{"lineNumber":1,"author":{"gitId":"limweijun"},"content":"public class Todo extends Task {","lastModifiedDate":"2022-08-17"},{"lineNumber":2,"author":{"gitId":"limweijun"},"content":"    public Todo(String desc)","lastModifiedDate":"2022-08-17"},{"lineNumber":3,"author":{"gitId":"limweijun"},"content":"    {","lastModifiedDate":"2022-08-17"},{"lineNumber":4,"author":{"gitId":"limweijun"},"content":"        super(desc);","lastModifiedDate":"2022-08-17"},{"lineNumber":5,"author":{"gitId":"limweijun"},"content":"    }","lastModifiedDate":"2022-08-17"},{"lineNumber":6,"author":{"gitId":"limweijun"},"content":"    @Override","lastModifiedDate":"2022-08-17"},{"lineNumber":7,"author":{"gitId":"limweijun"},"content":"    public String toString()","lastModifiedDate":"2022-08-17"},{"lineNumber":8,"author":{"gitId":"limweijun"},"content":"    {","lastModifiedDate":"2022-08-17"},{"lineNumber":9,"author":{"gitId":"limweijun"},"content":"        return \"[T]\" + super.toString();","lastModifiedDate":"2022-08-17"},{"lineNumber":10,"author":{"gitId":"limweijun"},"content":"    }","lastModifiedDate":"2022-08-17"},{"lineNumber":11,"author":{"gitId":"limweijun"},"content":"}","lastModifiedDate":"2022-08-17"}],"authorContributionMap":{"limweijun":11}}]
