[{"path":"src/main/java/Deadline.java","fileType":"java","lines":[{"lineNumber":1,"author":{"gitId":"shauneang"},"content":"public class Deadline extends Task{","lastModifiedDate":"2022-08-18"},{"lineNumber":2,"author":{"gitId":"shauneang"},"content":"    String deadline;","lastModifiedDate":"2022-08-18"},{"lineNumber":3,"author":{"gitId":"shauneang"},"content":"","lastModifiedDate":"2022-08-18"},{"lineNumber":4,"author":{"gitId":"shauneang"},"content":"    Deadline(String name, String deadline) {","lastModifiedDate":"2022-08-18"},{"lineNumber":5,"author":{"gitId":"shauneang"},"content":"        super(name);","lastModifiedDate":"2022-08-18"},{"lineNumber":6,"author":{"gitId":"shauneang"},"content":"        this.deadline \u003d deadline;","lastModifiedDate":"2022-08-18"},{"lineNumber":7,"author":{"gitId":"shauneang"},"content":"    }","lastModifiedDate":"2022-08-18"},{"lineNumber":8,"author":{"gitId":"shauneang"},"content":"","lastModifiedDate":"2022-08-18"},{"lineNumber":9,"author":{"gitId":"shauneang"},"content":"    @Override","lastModifiedDate":"2022-08-18"},{"lineNumber":10,"author":{"gitId":"shauneang"},"content":"    public String toString() {","lastModifiedDate":"2022-08-18"},{"lineNumber":11,"author":{"gitId":"shauneang"},"content":"        return String.format(\"[D] %s (by: %s)\", super.toString(), deadline);","lastModifiedDate":"2022-08-18"},{"lineNumber":12,"author":{"gitId":"shauneang"},"content":"    }","lastModifiedDate":"2022-08-18"},{"lineNumber":13,"author":{"gitId":"shauneang"},"content":"}","lastModifiedDate":"2022-08-18"}],"authorContributionMap":{"shauneang":13}},{"path":"src/main/java/Duke.java","fileType":"java","lines":[{"lineNumber":1,"author":{"gitId":"shauneang"},"content":"import java.util.Scanner;","lastModifiedDate":"2022-08-17"},{"lineNumber":2,"author":{"gitId":"shauneang"},"content":"import java.util.InputMismatchException;","lastModifiedDate":"2022-08-17"},{"lineNumber":3,"author":{"gitId":"shauneang"},"content":"","lastModifiedDate":"2022-08-17"},{"lineNumber":4,"author":{"gitId":"shauneang"},"content":"","lastModifiedDate":"2022-08-17"},{"lineNumber":5,"author":{"gitId":"-"},"content":"public class Duke {","lastModifiedDate":"2022-08-17"},{"lineNumber":6,"author":{"gitId":"shauneang"},"content":"    static String exitWord \u003d \"bye\";","lastModifiedDate":"2022-08-17"},{"lineNumber":7,"author":{"gitId":"shauneang"},"content":"    static String hLine \u003d \"\\t____________________________________________\";","lastModifiedDate":"2022-08-17"},{"lineNumber":8,"author":{"gitId":"shauneang"},"content":"","lastModifiedDate":"2022-08-17"},{"lineNumber":9,"author":{"gitId":"shauneang"},"content":"    Scanner myScanner \u003d new Scanner(System.in);","lastModifiedDate":"2022-08-17"},{"lineNumber":10,"author":{"gitId":"shauneang"},"content":"    ToDoList toDoList;","lastModifiedDate":"2022-08-17"},{"lineNumber":11,"author":{"gitId":"shauneang"},"content":"","lastModifiedDate":"2022-08-17"},{"lineNumber":12,"author":{"gitId":"shauneang"},"content":"    String  command \u003d \"\";","lastModifiedDate":"2022-08-17"},{"lineNumber":13,"author":{"gitId":"shauneang"},"content":"","lastModifiedDate":"2022-08-17"},{"lineNumber":14,"author":{"gitId":"shauneang"},"content":"    // Starts the duke program","lastModifiedDate":"2022-08-17"},{"lineNumber":15,"author":{"gitId":"shauneang"},"content":"    Duke(ToDoList toDoList) {","lastModifiedDate":"2022-08-17"},{"lineNumber":16,"author":{"gitId":"shauneang"},"content":"        this.toDoList \u003d toDoList;","lastModifiedDate":"2022-08-17"},{"lineNumber":17,"author":{"gitId":"shauneang"},"content":"","lastModifiedDate":"2022-08-17"},{"lineNumber":18,"author":{"gitId":"shauneang"},"content":"        greet();","lastModifiedDate":"2022-08-17"},{"lineNumber":19,"author":{"gitId":"shauneang"},"content":"","lastModifiedDate":"2022-08-17"},{"lineNumber":20,"author":{"gitId":"shauneang"},"content":"        while (!command.equals(exitWord)) {","lastModifiedDate":"2022-08-17"},{"lineNumber":21,"author":{"gitId":"shauneang"},"content":"            try {","lastModifiedDate":"2022-08-17"},{"lineNumber":22,"author":{"gitId":"shauneang"},"content":"                if (command.equals(\"list\")) {","lastModifiedDate":"2022-08-17"},{"lineNumber":23,"author":{"gitId":"shauneang"},"content":"                    System.out.println(hLine);","lastModifiedDate":"2022-08-17"},{"lineNumber":24,"author":{"gitId":"shauneang"},"content":"                    toDoList.listTasks();","lastModifiedDate":"2022-08-17"},{"lineNumber":25,"author":{"gitId":"shauneang"},"content":"                    System.out.println(hLine);","lastModifiedDate":"2022-08-17"},{"lineNumber":26,"author":{"gitId":"shauneang"},"content":"                }","lastModifiedDate":"2022-08-17"},{"lineNumber":27,"author":{"gitId":"shauneang"},"content":"                else if (command.startsWith(\"todo\")) {","lastModifiedDate":"2022-08-18"},{"lineNumber":28,"author":{"gitId":"shauneang"},"content":"                    System.out.println(hLine);","lastModifiedDate":"2022-08-18"},{"lineNumber":29,"author":{"gitId":"shauneang"},"content":"                    addToDo(command);","lastModifiedDate":"2022-08-18"},{"lineNumber":30,"author":{"gitId":"shauneang"},"content":"                    System.out.printf(\"\\tNow you have %d tasks in the list.\\n\", toDoList.getSize());","lastModifiedDate":"2022-08-18"},{"lineNumber":31,"author":{"gitId":"shauneang"},"content":"                    System.out.println(hLine);","lastModifiedDate":"2022-08-18"},{"lineNumber":32,"author":{"gitId":"shauneang"},"content":"                }","lastModifiedDate":"2022-08-18"},{"lineNumber":33,"author":{"gitId":"shauneang"},"content":"                else if (command.startsWith(\"deadline\")) {","lastModifiedDate":"2022-08-18"},{"lineNumber":34,"author":{"gitId":"shauneang"},"content":"                    System.out.println(hLine);","lastModifiedDate":"2022-08-18"},{"lineNumber":35,"author":{"gitId":"shauneang"},"content":"                    addDeadline(command);","lastModifiedDate":"2022-08-18"},{"lineNumber":36,"author":{"gitId":"shauneang"},"content":"                    System.out.println(hLine);","lastModifiedDate":"2022-08-18"},{"lineNumber":37,"author":{"gitId":"shauneang"},"content":"                }","lastModifiedDate":"2022-08-18"},{"lineNumber":38,"author":{"gitId":"shauneang"},"content":"                else if(command.startsWith(\"event\")) {","lastModifiedDate":"2022-08-18"},{"lineNumber":39,"author":{"gitId":"shauneang"},"content":"                    System.out.println(hLine);","lastModifiedDate":"2022-08-18"},{"lineNumber":40,"author":{"gitId":"shauneang"},"content":"                    addEvent(command);","lastModifiedDate":"2022-08-18"},{"lineNumber":41,"author":{"gitId":"shauneang"},"content":"                    System.out.printf(\"\\tNow you have %d tasks in the list.\\n\", toDoList.getSize());","lastModifiedDate":"2022-08-18"},{"lineNumber":42,"author":{"gitId":"shauneang"},"content":"                    System.out.println(hLine);","lastModifiedDate":"2022-08-18"},{"lineNumber":43,"author":{"gitId":"shauneang"},"content":"                }","lastModifiedDate":"2022-08-18"},{"lineNumber":44,"author":{"gitId":"shauneang"},"content":"                else if (command.matches(\"mark [0-9]+\") || command.matches(\"unmark [0-9]+\")) {","lastModifiedDate":"2022-08-17"},{"lineNumber":45,"author":{"gitId":"shauneang"},"content":"                    changeMark(command);","lastModifiedDate":"2022-08-18"},{"lineNumber":46,"author":{"gitId":"shauneang"},"content":"                }","lastModifiedDate":"2022-08-18"},{"lineNumber":47,"author":{"gitId":"shauneang"},"content":"                else if (command.matches(\"delete [0-9]+\")) {","lastModifiedDate":"2022-08-18"},{"lineNumber":48,"author":{"gitId":"shauneang"},"content":"                    deleteTask(command);","lastModifiedDate":"2022-08-18"},{"lineNumber":49,"author":{"gitId":"shauneang"},"content":"                    System.out.printf(\"\\tNow you have %d tasks in the list.\\n\", toDoList.getSize());","lastModifiedDate":"2022-08-18"},{"lineNumber":50,"author":{"gitId":"shauneang"},"content":"                } else if (command !\u003d \"\"){","lastModifiedDate":"2022-08-18"},{"lineNumber":51,"author":{"gitId":"shauneang"},"content":"                    System.out.println(hLine);","lastModifiedDate":"2022-08-18"},{"lineNumber":52,"author":{"gitId":"shauneang"},"content":"                    throw new Exception(\"I am sorry, I do not comprehend such commands. Please Try again...\");","lastModifiedDate":"2022-08-18"},{"lineNumber":53,"author":{"gitId":"shauneang"},"content":"                }","lastModifiedDate":"2022-08-17"},{"lineNumber":54,"author":{"gitId":"shauneang"},"content":"","lastModifiedDate":"2022-08-17"},{"lineNumber":55,"author":{"gitId":"shauneang"},"content":"                command \u003d myScanner.nextLine();","lastModifiedDate":"2022-08-17"},{"lineNumber":56,"author":{"gitId":"shauneang"},"content":"            } catch (InputMismatchException e) {","lastModifiedDate":"2022-08-17"},{"lineNumber":57,"author":{"gitId":"shauneang"},"content":"                System.out.println(\"\\tError: please only input String commands.\");","lastModifiedDate":"2022-08-18"},{"lineNumber":58,"author":{"gitId":"shauneang"},"content":"                System.out.println(hLine);","lastModifiedDate":"2022-08-17"},{"lineNumber":59,"author":{"gitId":"shauneang"},"content":"                command \u003d \"\";","lastModifiedDate":"2022-08-17"},{"lineNumber":60,"author":{"gitId":"shauneang"},"content":"            } catch (IndexOutOfBoundsException e) {","lastModifiedDate":"2022-08-17"},{"lineNumber":61,"author":{"gitId":"shauneang"},"content":"                System.out.println(\"\\tIndex specified out of range, please try again...\");","lastModifiedDate":"2022-08-18"},{"lineNumber":62,"author":{"gitId":"shauneang"},"content":"                System.out.println(hLine);","lastModifiedDate":"2022-08-17"},{"lineNumber":63,"author":{"gitId":"shauneang"},"content":"                command \u003d \"\";","lastModifiedDate":"2022-08-17"},{"lineNumber":64,"author":{"gitId":"shauneang"},"content":"            } catch (Exception e) {","lastModifiedDate":"2022-08-17"},{"lineNumber":65,"author":{"gitId":"shauneang"},"content":"                System.out.println(\"\\t\" + e.getMessage());","lastModifiedDate":"2022-08-17"},{"lineNumber":66,"author":{"gitId":"shauneang"},"content":"                System.out.println(hLine);","lastModifiedDate":"2022-08-17"},{"lineNumber":67,"author":{"gitId":"shauneang"},"content":"                command \u003d \"\";","lastModifiedDate":"2022-08-17"},{"lineNumber":68,"author":{"gitId":"shauneang"},"content":"            }","lastModifiedDate":"2022-08-17"},{"lineNumber":69,"author":{"gitId":"shauneang"},"content":"        }","lastModifiedDate":"2022-08-17"},{"lineNumber":70,"author":{"gitId":"shauneang"},"content":"","lastModifiedDate":"2022-08-17"},{"lineNumber":71,"author":{"gitId":"shauneang"},"content":"        goodBye();","lastModifiedDate":"2022-08-17"},{"lineNumber":72,"author":{"gitId":"shauneang"},"content":"    }","lastModifiedDate":"2022-08-17"},{"lineNumber":73,"author":{"gitId":"shauneang"},"content":"","lastModifiedDate":"2022-08-17"},{"lineNumber":74,"author":{"gitId":"shauneang"},"content":"    /* Changes status of the task according to index given","lastModifiedDate":"2022-08-17"},{"lineNumber":75,"author":{"gitId":"shauneang"},"content":"     *","lastModifiedDate":"2022-08-17"},{"lineNumber":76,"author":{"gitId":"shauneang"},"content":"     * @param command","lastModifiedDate":"2022-08-18"},{"lineNumber":77,"author":{"gitId":"shauneang"},"content":"     */","lastModifiedDate":"2022-08-17"},{"lineNumber":78,"author":{"gitId":"shauneang"},"content":"    private void changeMark(String command) {","lastModifiedDate":"2022-08-18"},{"lineNumber":79,"author":{"gitId":"shauneang"},"content":"        String[] splitComm \u003d command.split(\" \");","lastModifiedDate":"2022-08-18"},{"lineNumber":80,"author":{"gitId":"shauneang"},"content":"        String action \u003d splitComm[0];","lastModifiedDate":"2022-08-18"},{"lineNumber":81,"author":{"gitId":"shauneang"},"content":"        int index \u003d Integer.parseInt(splitComm[1]) - 1;","lastModifiedDate":"2022-08-18"},{"lineNumber":82,"author":{"gitId":"shauneang"},"content":"","lastModifiedDate":"2022-08-18"},{"lineNumber":83,"author":{"gitId":"shauneang"},"content":"        if (action.equals(\"mark\")) {","lastModifiedDate":"2022-08-17"},{"lineNumber":84,"author":{"gitId":"shauneang"},"content":"            System.out.println(hLine);","lastModifiedDate":"2022-08-17"},{"lineNumber":85,"author":{"gitId":"shauneang"},"content":"            toDoList.complete(index);","lastModifiedDate":"2022-08-17"},{"lineNumber":86,"author":{"gitId":"shauneang"},"content":"            System.out.println(hLine);","lastModifiedDate":"2022-08-17"},{"lineNumber":87,"author":{"gitId":"shauneang"},"content":"        } else if (action.equals(\"unmark\")){","lastModifiedDate":"2022-08-17"},{"lineNumber":88,"author":{"gitId":"shauneang"},"content":"            System.out.println(hLine);","lastModifiedDate":"2022-08-17"},{"lineNumber":89,"author":{"gitId":"shauneang"},"content":"            toDoList.incomplete(index);","lastModifiedDate":"2022-08-17"},{"lineNumber":90,"author":{"gitId":"shauneang"},"content":"            System.out.println(hLine);","lastModifiedDate":"2022-08-17"},{"lineNumber":91,"author":{"gitId":"shauneang"},"content":"        }","lastModifiedDate":"2022-08-17"},{"lineNumber":92,"author":{"gitId":"shauneang"},"content":"    }","lastModifiedDate":"2022-08-17"},{"lineNumber":93,"author":{"gitId":"shauneang"},"content":"","lastModifiedDate":"2022-08-17"},{"lineNumber":94,"author":{"gitId":"shauneang"},"content":"    /* Changes status of the task according to index given","lastModifiedDate":"2022-08-18"},{"lineNumber":95,"author":{"gitId":"shauneang"},"content":"     *","lastModifiedDate":"2022-08-18"},{"lineNumber":96,"author":{"gitId":"shauneang"},"content":"     * @param command","lastModifiedDate":"2022-08-18"},{"lineNumber":97,"author":{"gitId":"shauneang"},"content":"     */","lastModifiedDate":"2022-08-18"},{"lineNumber":98,"author":{"gitId":"shauneang"},"content":"    private void deleteTask(String command) {","lastModifiedDate":"2022-08-18"},{"lineNumber":99,"author":{"gitId":"shauneang"},"content":"        String[] splitComm \u003d command.split(\" \");","lastModifiedDate":"2022-08-18"},{"lineNumber":100,"author":{"gitId":"shauneang"},"content":"        int index \u003d Integer.parseInt(splitComm[1]) - 1;","lastModifiedDate":"2022-08-18"},{"lineNumber":101,"author":{"gitId":"shauneang"},"content":"","lastModifiedDate":"2022-08-18"},{"lineNumber":102,"author":{"gitId":"shauneang"},"content":"        System.out.println(hLine);","lastModifiedDate":"2022-08-18"},{"lineNumber":103,"author":{"gitId":"shauneang"},"content":"        toDoList.delete(index);","lastModifiedDate":"2022-08-18"},{"lineNumber":104,"author":{"gitId":"shauneang"},"content":"        System.out.println(hLine);","lastModifiedDate":"2022-08-18"},{"lineNumber":105,"author":{"gitId":"shauneang"},"content":"    }","lastModifiedDate":"2022-08-18"},{"lineNumber":106,"author":{"gitId":"shauneang"},"content":"","lastModifiedDate":"2022-08-18"},{"lineNumber":107,"author":{"gitId":"shauneang"},"content":"    /* Creates a ToDos instance and adds it to ToDoList","lastModifiedDate":"2022-08-18"},{"lineNumber":108,"author":{"gitId":"shauneang"},"content":"     *","lastModifiedDate":"2022-08-18"},{"lineNumber":109,"author":{"gitId":"shauneang"},"content":"     * @param command","lastModifiedDate":"2022-08-18"},{"lineNumber":110,"author":{"gitId":"shauneang"},"content":"     * @throws Exception","lastModifiedDate":"2022-08-18"},{"lineNumber":111,"author":{"gitId":"shauneang"},"content":"     */","lastModifiedDate":"2022-08-18"},{"lineNumber":112,"author":{"gitId":"shauneang"},"content":"    private void addToDo(String command) throws Exception {","lastModifiedDate":"2022-08-18"},{"lineNumber":113,"author":{"gitId":"shauneang"},"content":"        if (!command.matches(\"todo \\\\S.*\")) {","lastModifiedDate":"2022-08-18"},{"lineNumber":114,"author":{"gitId":"shauneang"},"content":"            throw new Exception(\"The description of a todo cannot be empty.\");","lastModifiedDate":"2022-08-18"},{"lineNumber":115,"author":{"gitId":"shauneang"},"content":"        }","lastModifiedDate":"2022-08-18"},{"lineNumber":116,"author":{"gitId":"shauneang"},"content":"        String name \u003d command.substring(command.indexOf(\" \") + 1);","lastModifiedDate":"2022-08-18"},{"lineNumber":117,"author":{"gitId":"shauneang"},"content":"","lastModifiedDate":"2022-08-18"},{"lineNumber":118,"author":{"gitId":"shauneang"},"content":"        toDoList.addTask(new ToDos(name));","lastModifiedDate":"2022-08-18"},{"lineNumber":119,"author":{"gitId":"shauneang"},"content":"    }","lastModifiedDate":"2022-08-18"},{"lineNumber":120,"author":{"gitId":"shauneang"},"content":"","lastModifiedDate":"2022-08-18"},{"lineNumber":121,"author":{"gitId":"shauneang"},"content":"    /* Creates a Deadline instance and adds it to ToDoList","lastModifiedDate":"2022-08-18"},{"lineNumber":122,"author":{"gitId":"shauneang"},"content":"     *","lastModifiedDate":"2022-08-18"},{"lineNumber":123,"author":{"gitId":"shauneang"},"content":"     * @param command","lastModifiedDate":"2022-08-18"},{"lineNumber":124,"author":{"gitId":"shauneang"},"content":"     * @throws Exception","lastModifiedDate":"2022-08-18"},{"lineNumber":125,"author":{"gitId":"shauneang"},"content":"     */","lastModifiedDate":"2022-08-18"},{"lineNumber":126,"author":{"gitId":"shauneang"},"content":"    private void addDeadline(String command) throws Exception {","lastModifiedDate":"2022-08-18"},{"lineNumber":127,"author":{"gitId":"shauneang"},"content":"        if (!command.matches(\"deadline \\\\S.*\")) {","lastModifiedDate":"2022-08-18"},{"lineNumber":128,"author":{"gitId":"shauneang"},"content":"            throw new Exception(\"The description of a deadline cannot be empty.\");","lastModifiedDate":"2022-08-18"},{"lineNumber":129,"author":{"gitId":"shauneang"},"content":"        } else if (!command.contains(\"/by\")) {","lastModifiedDate":"2022-08-18"},{"lineNumber":130,"author":{"gitId":"shauneang"},"content":"            throw new Exception(\"The description is missing a deadline.\");","lastModifiedDate":"2022-08-18"},{"lineNumber":131,"author":{"gitId":"shauneang"},"content":"        }","lastModifiedDate":"2022-08-18"},{"lineNumber":132,"author":{"gitId":"shauneang"},"content":"","lastModifiedDate":"2022-08-18"},{"lineNumber":133,"author":{"gitId":"shauneang"},"content":"        String details \u003d command.substring(command.indexOf(\" \") + 1);","lastModifiedDate":"2022-08-18"},{"lineNumber":134,"author":{"gitId":"shauneang"},"content":"        String name \u003d details.split(\"/by \")[0];","lastModifiedDate":"2022-08-18"},{"lineNumber":135,"author":{"gitId":"shauneang"},"content":"        String deadline \u003d details.split(\"/by \")[1];","lastModifiedDate":"2022-08-18"},{"lineNumber":136,"author":{"gitId":"shauneang"},"content":"","lastModifiedDate":"2022-08-18"},{"lineNumber":137,"author":{"gitId":"shauneang"},"content":"        toDoList.addTask(new Deadline(name, deadline));","lastModifiedDate":"2022-08-18"},{"lineNumber":138,"author":{"gitId":"shauneang"},"content":"    }","lastModifiedDate":"2022-08-18"},{"lineNumber":139,"author":{"gitId":"shauneang"},"content":"","lastModifiedDate":"2022-08-18"},{"lineNumber":140,"author":{"gitId":"shauneang"},"content":"    /* Creates an Event instance and adds it to ToDoList","lastModifiedDate":"2022-08-18"},{"lineNumber":141,"author":{"gitId":"shauneang"},"content":"     *","lastModifiedDate":"2022-08-18"},{"lineNumber":142,"author":{"gitId":"shauneang"},"content":"     * @param command","lastModifiedDate":"2022-08-18"},{"lineNumber":143,"author":{"gitId":"shauneang"},"content":"     * @throws Exception","lastModifiedDate":"2022-08-18"},{"lineNumber":144,"author":{"gitId":"shauneang"},"content":"     */","lastModifiedDate":"2022-08-18"},{"lineNumber":145,"author":{"gitId":"shauneang"},"content":"    private void addEvent(String command) throws Exception{","lastModifiedDate":"2022-08-18"},{"lineNumber":146,"author":{"gitId":"shauneang"},"content":"        if (!command.matches(\"event \\\\S.*\")) {","lastModifiedDate":"2022-08-18"},{"lineNumber":147,"author":{"gitId":"shauneang"},"content":"            throw new Exception(\"The description of an event cannot be empty.\");","lastModifiedDate":"2022-08-18"},{"lineNumber":148,"author":{"gitId":"shauneang"},"content":"        } else if (!command.contains(\"/at\")) {","lastModifiedDate":"2022-08-18"},{"lineNumber":149,"author":{"gitId":"shauneang"},"content":"            throw new Exception(\"The description is missing a time.\");","lastModifiedDate":"2022-08-18"},{"lineNumber":150,"author":{"gitId":"shauneang"},"content":"        }","lastModifiedDate":"2022-08-18"},{"lineNumber":151,"author":{"gitId":"shauneang"},"content":"","lastModifiedDate":"2022-08-18"},{"lineNumber":152,"author":{"gitId":"shauneang"},"content":"        String details \u003d command.substring(command.indexOf(\" \") + 1);","lastModifiedDate":"2022-08-18"},{"lineNumber":153,"author":{"gitId":"shauneang"},"content":"        String name \u003d details.split(\"/at \")[0];","lastModifiedDate":"2022-08-18"},{"lineNumber":154,"author":{"gitId":"shauneang"},"content":"        String time \u003d details.split(\"/at \")[1];","lastModifiedDate":"2022-08-18"},{"lineNumber":155,"author":{"gitId":"shauneang"},"content":"","lastModifiedDate":"2022-08-18"},{"lineNumber":156,"author":{"gitId":"shauneang"},"content":"        toDoList.addTask(new Event(name, time));","lastModifiedDate":"2022-08-18"},{"lineNumber":157,"author":{"gitId":"shauneang"},"content":"    }","lastModifiedDate":"2022-08-18"},{"lineNumber":158,"author":{"gitId":"shauneang"},"content":"","lastModifiedDate":"2022-08-18"},{"lineNumber":159,"author":{"gitId":"shauneang"},"content":"    // Prints generic greet message","lastModifiedDate":"2022-08-17"},{"lineNumber":160,"author":{"gitId":"shauneang"},"content":"    private static void greet() {","lastModifiedDate":"2022-08-17"},{"lineNumber":161,"author":{"gitId":"shauneang"},"content":"        System.out.println(hLine);","lastModifiedDate":"2022-08-17"},{"lineNumber":162,"author":{"gitId":"shauneang"},"content":"        System.out.println(\"\\tHello I\u0027m DUKE!\");","lastModifiedDate":"2022-08-17"},{"lineNumber":163,"author":{"gitId":"shauneang"},"content":"        System.out.println(\"\\tWhat can I do for you?\");","lastModifiedDate":"2022-08-17"},{"lineNumber":164,"author":{"gitId":"shauneang"},"content":"        System.out.println(hLine);","lastModifiedDate":"2022-08-17"},{"lineNumber":165,"author":{"gitId":"shauneang"},"content":"    }","lastModifiedDate":"2022-08-17"},{"lineNumber":166,"author":{"gitId":"shauneang"},"content":"","lastModifiedDate":"2022-08-17"},{"lineNumber":167,"author":{"gitId":"shauneang"},"content":"    // Prints generic goodbye message","lastModifiedDate":"2022-08-17"},{"lineNumber":168,"author":{"gitId":"shauneang"},"content":"    private static void goodBye() {","lastModifiedDate":"2022-08-17"},{"lineNumber":169,"author":{"gitId":"shauneang"},"content":"        System.out.println(hLine);","lastModifiedDate":"2022-08-17"},{"lineNumber":170,"author":{"gitId":"shauneang"},"content":"        System.out.println(\"\\tBye. Hope to see you again soon!\");","lastModifiedDate":"2022-08-17"},{"lineNumber":171,"author":{"gitId":"shauneang"},"content":"        System.out.println(hLine);","lastModifiedDate":"2022-08-17"},{"lineNumber":172,"author":{"gitId":"shauneang"},"content":"    }","lastModifiedDate":"2022-08-17"},{"lineNumber":173,"author":{"gitId":"shauneang"},"content":"","lastModifiedDate":"2022-08-17"},{"lineNumber":174,"author":{"gitId":"-"},"content":"    public static void main(String[] args) {","lastModifiedDate":"2022-08-17"},{"lineNumber":175,"author":{"gitId":"shauneang"},"content":"        ToDoList toDoList \u003d new ToDoList();","lastModifiedDate":"2022-08-17"},{"lineNumber":176,"author":{"gitId":"shauneang"},"content":"        new Duke(toDoList);","lastModifiedDate":"2022-08-17"},{"lineNumber":177,"author":{"gitId":"-"},"content":"    }","lastModifiedDate":"2019-07-29"},{"lineNumber":178,"author":{"gitId":"-"},"content":"}","lastModifiedDate":"2019-07-29"}],"authorContributionMap":{"shauneang":174,"-":4}},{"path":"src/main/java/Event.java","fileType":"java","lines":[{"lineNumber":1,"author":{"gitId":"shauneang"},"content":"public class Event extends Task{","lastModifiedDate":"2022-08-18"},{"lineNumber":2,"author":{"gitId":"shauneang"},"content":"    String time;","lastModifiedDate":"2022-08-18"},{"lineNumber":3,"author":{"gitId":"shauneang"},"content":"","lastModifiedDate":"2022-08-18"},{"lineNumber":4,"author":{"gitId":"shauneang"},"content":"    Event(String name, String time) {","lastModifiedDate":"2022-08-18"},{"lineNumber":5,"author":{"gitId":"shauneang"},"content":"        super(name);","lastModifiedDate":"2022-08-18"},{"lineNumber":6,"author":{"gitId":"shauneang"},"content":"        this.time \u003d time;","lastModifiedDate":"2022-08-18"},{"lineNumber":7,"author":{"gitId":"shauneang"},"content":"    }","lastModifiedDate":"2022-08-18"},{"lineNumber":8,"author":{"gitId":"shauneang"},"content":"","lastModifiedDate":"2022-08-18"},{"lineNumber":9,"author":{"gitId":"shauneang"},"content":"    @Override","lastModifiedDate":"2022-08-18"},{"lineNumber":10,"author":{"gitId":"shauneang"},"content":"    public String toString() {","lastModifiedDate":"2022-08-18"},{"lineNumber":11,"author":{"gitId":"shauneang"},"content":"        return String.format(\"[E] %s (at: %s)\", super.toString(), time);","lastModifiedDate":"2022-08-18"},{"lineNumber":12,"author":{"gitId":"shauneang"},"content":"    }","lastModifiedDate":"2022-08-18"},{"lineNumber":13,"author":{"gitId":"shauneang"},"content":"}","lastModifiedDate":"2022-08-18"}],"authorContributionMap":{"shauneang":13}},{"path":"src/main/java/Task.java","fileType":"java","lines":[{"lineNumber":1,"author":{"gitId":"shauneang"},"content":"public class Task {","lastModifiedDate":"2022-08-17"},{"lineNumber":2,"author":{"gitId":"shauneang"},"content":"    private String name;","lastModifiedDate":"2022-08-17"},{"lineNumber":3,"author":{"gitId":"shauneang"},"content":"    private Boolean status \u003d false;","lastModifiedDate":"2022-08-17"},{"lineNumber":4,"author":{"gitId":"shauneang"},"content":"","lastModifiedDate":"2022-08-17"},{"lineNumber":5,"author":{"gitId":"shauneang"},"content":"    Task(String name) {","lastModifiedDate":"2022-08-17"},{"lineNumber":6,"author":{"gitId":"shauneang"},"content":"        this.name \u003d name;","lastModifiedDate":"2022-08-17"},{"lineNumber":7,"author":{"gitId":"shauneang"},"content":"    }","lastModifiedDate":"2022-08-17"},{"lineNumber":8,"author":{"gitId":"shauneang"},"content":"","lastModifiedDate":"2022-08-17"},{"lineNumber":9,"author":{"gitId":"shauneang"},"content":"    // Sets status of task at index to be true","lastModifiedDate":"2022-08-17"},{"lineNumber":10,"author":{"gitId":"shauneang"},"content":"    public void mark() {","lastModifiedDate":"2022-08-17"},{"lineNumber":11,"author":{"gitId":"shauneang"},"content":"        String message;","lastModifiedDate":"2022-08-17"},{"lineNumber":12,"author":{"gitId":"shauneang"},"content":"        if (status \u003d\u003d true) {","lastModifiedDate":"2022-08-17"},{"lineNumber":13,"author":{"gitId":"shauneang"},"content":"            message \u003d \"\\t This task is already marked:\";","lastModifiedDate":"2022-08-17"},{"lineNumber":14,"author":{"gitId":"shauneang"},"content":"        } else {","lastModifiedDate":"2022-08-17"},{"lineNumber":15,"author":{"gitId":"shauneang"},"content":"            status \u003d true;","lastModifiedDate":"2022-08-17"},{"lineNumber":16,"author":{"gitId":"shauneang"},"content":"            message \u003d \"\\tGood Job on completing the task! I\u0027ve marked this task as done:\";","lastModifiedDate":"2022-08-17"},{"lineNumber":17,"author":{"gitId":"shauneang"},"content":"        }","lastModifiedDate":"2022-08-17"},{"lineNumber":18,"author":{"gitId":"shauneang"},"content":"        System.out.println(message);","lastModifiedDate":"2022-08-17"},{"lineNumber":19,"author":{"gitId":"shauneang"},"content":"        System.out.println(\"\\t   \" + toString());","lastModifiedDate":"2022-08-18"},{"lineNumber":20,"author":{"gitId":"shauneang"},"content":"    }","lastModifiedDate":"2022-08-17"},{"lineNumber":21,"author":{"gitId":"shauneang"},"content":"","lastModifiedDate":"2022-08-17"},{"lineNumber":22,"author":{"gitId":"shauneang"},"content":"    // Sets status of task at index to be false","lastModifiedDate":"2022-08-17"},{"lineNumber":23,"author":{"gitId":"shauneang"},"content":"    public void unmark() {","lastModifiedDate":"2022-08-17"},{"lineNumber":24,"author":{"gitId":"shauneang"},"content":"        String message;","lastModifiedDate":"2022-08-17"},{"lineNumber":25,"author":{"gitId":"shauneang"},"content":"        if (status \u003d\u003d false) {","lastModifiedDate":"2022-08-17"},{"lineNumber":26,"author":{"gitId":"shauneang"},"content":"            message \u003d \"\\t This task is already unmarked:\";","lastModifiedDate":"2022-08-17"},{"lineNumber":27,"author":{"gitId":"shauneang"},"content":"        } else {","lastModifiedDate":"2022-08-17"},{"lineNumber":28,"author":{"gitId":"shauneang"},"content":"            status \u003d false;","lastModifiedDate":"2022-08-17"},{"lineNumber":29,"author":{"gitId":"shauneang"},"content":"            message \u003d \"\\tOK, I\u0027ve marked this task as not done yet:\";","lastModifiedDate":"2022-08-17"},{"lineNumber":30,"author":{"gitId":"shauneang"},"content":"        }","lastModifiedDate":"2022-08-17"},{"lineNumber":31,"author":{"gitId":"shauneang"},"content":"        System.out.println(message);","lastModifiedDate":"2022-08-17"},{"lineNumber":32,"author":{"gitId":"shauneang"},"content":"        System.out.println(\"\\t   \" + toString());","lastModifiedDate":"2022-08-18"},{"lineNumber":33,"author":{"gitId":"shauneang"},"content":"    }","lastModifiedDate":"2022-08-17"},{"lineNumber":34,"author":{"gitId":"shauneang"},"content":"","lastModifiedDate":"2022-08-17"},{"lineNumber":35,"author":{"gitId":"shauneang"},"content":"    /* Returns name of task and its status to be used when list is called","lastModifiedDate":"2022-08-17"},{"lineNumber":36,"author":{"gitId":"shauneang"},"content":"     * @return Returns String of name of task formatted with status showing","lastModifiedDate":"2022-08-17"},{"lineNumber":37,"author":{"gitId":"shauneang"},"content":"     */","lastModifiedDate":"2022-08-17"},{"lineNumber":38,"author":{"gitId":"shauneang"},"content":"    @Override","lastModifiedDate":"2022-08-17"},{"lineNumber":39,"author":{"gitId":"shauneang"},"content":"    public String toString() {","lastModifiedDate":"2022-08-17"},{"lineNumber":40,"author":{"gitId":"shauneang"},"content":"        String mark \u003d status ? \"X\" : \" \";","lastModifiedDate":"2022-08-18"},{"lineNumber":41,"author":{"gitId":"shauneang"},"content":"        return String.format(\"[%s] %s\", mark, name);","lastModifiedDate":"2022-08-18"},{"lineNumber":42,"author":{"gitId":"shauneang"},"content":"    }","lastModifiedDate":"2022-08-17"},{"lineNumber":43,"author":{"gitId":"shauneang"},"content":"}","lastModifiedDate":"2022-08-17"}],"authorContributionMap":{"shauneang":43}},{"path":"src/main/java/ToDoList.java","fileType":"java","lines":[{"lineNumber":1,"author":{"gitId":"shauneang"},"content":"import java.util.ArrayList;","lastModifiedDate":"2022-08-17"},{"lineNumber":2,"author":{"gitId":"shauneang"},"content":"","lastModifiedDate":"2022-08-17"},{"lineNumber":3,"author":{"gitId":"shauneang"},"content":"public class ToDoList {","lastModifiedDate":"2022-08-17"},{"lineNumber":4,"author":{"gitId":"shauneang"},"content":"    ArrayList\u003cTask\u003e list;","lastModifiedDate":"2022-08-17"},{"lineNumber":5,"author":{"gitId":"shauneang"},"content":"","lastModifiedDate":"2022-08-17"},{"lineNumber":6,"author":{"gitId":"shauneang"},"content":"    ToDoList() {","lastModifiedDate":"2022-08-17"},{"lineNumber":7,"author":{"gitId":"shauneang"},"content":"        list \u003d new ArrayList\u003c\u003e();","lastModifiedDate":"2022-08-17"},{"lineNumber":8,"author":{"gitId":"shauneang"},"content":"    }","lastModifiedDate":"2022-08-17"},{"lineNumber":9,"author":{"gitId":"shauneang"},"content":"","lastModifiedDate":"2022-08-17"},{"lineNumber":10,"author":{"gitId":"shauneang"},"content":"    /* Sets status of task at index to be complete","lastModifiedDate":"2022-08-17"},{"lineNumber":11,"author":{"gitId":"shauneang"},"content":"     *","lastModifiedDate":"2022-08-17"},{"lineNumber":12,"author":{"gitId":"shauneang"},"content":"     * @param index","lastModifiedDate":"2022-08-17"},{"lineNumber":13,"author":{"gitId":"shauneang"},"content":"     * @throws IndexOutOfBoundsException","lastModifiedDate":"2022-08-18"},{"lineNumber":14,"author":{"gitId":"shauneang"},"content":"     */","lastModifiedDate":"2022-08-17"},{"lineNumber":15,"author":{"gitId":"shauneang"},"content":"    public void complete(int index) throws IndexOutOfBoundsException {","lastModifiedDate":"2022-08-17"},{"lineNumber":16,"author":{"gitId":"shauneang"},"content":"        if (index \u003e\u003d list.size()) {","lastModifiedDate":"2022-08-17"},{"lineNumber":17,"author":{"gitId":"shauneang"},"content":"            throw new IndexOutOfBoundsException();","lastModifiedDate":"2022-08-18"},{"lineNumber":18,"author":{"gitId":"shauneang"},"content":"        }","lastModifiedDate":"2022-08-17"},{"lineNumber":19,"author":{"gitId":"shauneang"},"content":"        list.get(index).mark();","lastModifiedDate":"2022-08-17"},{"lineNumber":20,"author":{"gitId":"shauneang"},"content":"    }","lastModifiedDate":"2022-08-17"},{"lineNumber":21,"author":{"gitId":"shauneang"},"content":"","lastModifiedDate":"2022-08-17"},{"lineNumber":22,"author":{"gitId":"shauneang"},"content":"    /* Sets status of task at index to be incomplete","lastModifiedDate":"2022-08-17"},{"lineNumber":23,"author":{"gitId":"shauneang"},"content":"     *","lastModifiedDate":"2022-08-17"},{"lineNumber":24,"author":{"gitId":"shauneang"},"content":"     * @param index","lastModifiedDate":"2022-08-17"},{"lineNumber":25,"author":{"gitId":"shauneang"},"content":"     * @throws IndexOutOfBoundsException","lastModifiedDate":"2022-08-18"},{"lineNumber":26,"author":{"gitId":"shauneang"},"content":"     */","lastModifiedDate":"2022-08-17"},{"lineNumber":27,"author":{"gitId":"shauneang"},"content":"    public void incomplete(int index) throws IndexOutOfBoundsException {","lastModifiedDate":"2022-08-17"},{"lineNumber":28,"author":{"gitId":"shauneang"},"content":"        if (index \u003e\u003d list.size()) {","lastModifiedDate":"2022-08-17"},{"lineNumber":29,"author":{"gitId":"shauneang"},"content":"            throw new IndexOutOfBoundsException();","lastModifiedDate":"2022-08-18"},{"lineNumber":30,"author":{"gitId":"shauneang"},"content":"        }","lastModifiedDate":"2022-08-17"},{"lineNumber":31,"author":{"gitId":"shauneang"},"content":"        list.get(index).unmark();","lastModifiedDate":"2022-08-17"},{"lineNumber":32,"author":{"gitId":"shauneang"},"content":"    }","lastModifiedDate":"2022-08-17"},{"lineNumber":33,"author":{"gitId":"shauneang"},"content":"","lastModifiedDate":"2022-08-17"},{"lineNumber":34,"author":{"gitId":"shauneang"},"content":"    /* Add task to todoList","lastModifiedDate":"2022-08-17"},{"lineNumber":35,"author":{"gitId":"shauneang"},"content":"     *","lastModifiedDate":"2022-08-17"},{"lineNumber":36,"author":{"gitId":"shauneang"},"content":"     * @param task","lastModifiedDate":"2022-08-17"},{"lineNumber":37,"author":{"gitId":"shauneang"},"content":"     */","lastModifiedDate":"2022-08-17"},{"lineNumber":38,"author":{"gitId":"shauneang"},"content":"    public void addTask(Task task) {","lastModifiedDate":"2022-08-17"},{"lineNumber":39,"author":{"gitId":"shauneang"},"content":"        list.add(task);","lastModifiedDate":"2022-08-17"},{"lineNumber":40,"author":{"gitId":"shauneang"},"content":"        System.out.println(\"\\tGot it. I\u0027ve added this task:\");","lastModifiedDate":"2022-08-18"},{"lineNumber":41,"author":{"gitId":"shauneang"},"content":"        System.out.println(\"\\t  \" + task);","lastModifiedDate":"2022-08-18"},{"lineNumber":42,"author":{"gitId":"shauneang"},"content":"    }","lastModifiedDate":"2022-08-17"},{"lineNumber":43,"author":{"gitId":"shauneang"},"content":"","lastModifiedDate":"2022-08-17"},{"lineNumber":44,"author":{"gitId":"shauneang"},"content":"    // Add task to todoList","lastModifiedDate":"2022-08-17"},{"lineNumber":45,"author":{"gitId":"shauneang"},"content":"    public void listTasks() {","lastModifiedDate":"2022-08-17"},{"lineNumber":46,"author":{"gitId":"shauneang"},"content":"        if (list.size() \u003c 1) {","lastModifiedDate":"2022-08-18"},{"lineNumber":47,"author":{"gitId":"shauneang"},"content":"            System.out.println(\"\\tYou don\u0027t have any pending tasks.\");","lastModifiedDate":"2022-08-18"},{"lineNumber":48,"author":{"gitId":"shauneang"},"content":"            return;","lastModifiedDate":"2022-08-18"},{"lineNumber":49,"author":{"gitId":"shauneang"},"content":"        }","lastModifiedDate":"2022-08-18"},{"lineNumber":50,"author":{"gitId":"shauneang"},"content":"","lastModifiedDate":"2022-08-18"},{"lineNumber":51,"author":{"gitId":"shauneang"},"content":"        System.out.println(\"\\tHere are the tasks in your list:\");","lastModifiedDate":"2022-08-17"},{"lineNumber":52,"author":{"gitId":"shauneang"},"content":"        for (int i \u003d 0; i \u003c list.size(); i++) {","lastModifiedDate":"2022-08-17"},{"lineNumber":53,"author":{"gitId":"shauneang"},"content":"            if (list.get(i) !\u003d null){","lastModifiedDate":"2022-08-17"},{"lineNumber":54,"author":{"gitId":"shauneang"},"content":"                System.out.printf(\"\\t%d. %s\\n\", i + 1, list.get(i));","lastModifiedDate":"2022-08-18"},{"lineNumber":55,"author":{"gitId":"shauneang"},"content":"            }","lastModifiedDate":"2022-08-17"},{"lineNumber":56,"author":{"gitId":"shauneang"},"content":"        }","lastModifiedDate":"2022-08-17"},{"lineNumber":57,"author":{"gitId":"shauneang"},"content":"    }","lastModifiedDate":"2022-08-17"},{"lineNumber":58,"author":{"gitId":"shauneang"},"content":"","lastModifiedDate":"2022-08-18"},{"lineNumber":59,"author":{"gitId":"shauneang"},"content":"    // Returns size of current list","lastModifiedDate":"2022-08-18"},{"lineNumber":60,"author":{"gitId":"shauneang"},"content":"    public int getSize() {","lastModifiedDate":"2022-08-18"},{"lineNumber":61,"author":{"gitId":"shauneang"},"content":"        return list.size();","lastModifiedDate":"2022-08-18"},{"lineNumber":62,"author":{"gitId":"shauneang"},"content":"    }","lastModifiedDate":"2022-08-18"},{"lineNumber":63,"author":{"gitId":"shauneang"},"content":"","lastModifiedDate":"2022-08-18"},{"lineNumber":64,"author":{"gitId":"shauneang"},"content":"    /* Deletes a Task","lastModifiedDate":"2022-08-18"},{"lineNumber":65,"author":{"gitId":"shauneang"},"content":"     *","lastModifiedDate":"2022-08-18"},{"lineNumber":66,"author":{"gitId":"shauneang"},"content":"     * @param index","lastModifiedDate":"2022-08-18"},{"lineNumber":67,"author":{"gitId":"shauneang"},"content":"     * @Throws IndexOutOfBoundsException","lastModifiedDate":"2022-08-18"},{"lineNumber":68,"author":{"gitId":"shauneang"},"content":"     */","lastModifiedDate":"2022-08-18"},{"lineNumber":69,"author":{"gitId":"shauneang"},"content":"    public void delete(int index) throws IndexOutOfBoundsException {","lastModifiedDate":"2022-08-18"},{"lineNumber":70,"author":{"gitId":"shauneang"},"content":"        if (index \u003e\u003d list.size()) {","lastModifiedDate":"2022-08-18"},{"lineNumber":71,"author":{"gitId":"shauneang"},"content":"            throw new IndexOutOfBoundsException();","lastModifiedDate":"2022-08-18"},{"lineNumber":72,"author":{"gitId":"shauneang"},"content":"        }","lastModifiedDate":"2022-08-18"},{"lineNumber":73,"author":{"gitId":"shauneang"},"content":"        else {","lastModifiedDate":"2022-08-18"},{"lineNumber":74,"author":{"gitId":"shauneang"},"content":"            Task tempTask \u003d list.get(index);","lastModifiedDate":"2022-08-18"},{"lineNumber":75,"author":{"gitId":"shauneang"},"content":"            list.remove(index);","lastModifiedDate":"2022-08-18"},{"lineNumber":76,"author":{"gitId":"shauneang"},"content":"            System.out.println(\"\\tNoted. I\u0027ve removed this task:\");","lastModifiedDate":"2022-08-18"},{"lineNumber":77,"author":{"gitId":"shauneang"},"content":"            System.out.println(\"\\t  \" + tempTask);","lastModifiedDate":"2022-08-18"},{"lineNumber":78,"author":{"gitId":"shauneang"},"content":"        }","lastModifiedDate":"2022-08-18"},{"lineNumber":79,"author":{"gitId":"shauneang"},"content":"    }","lastModifiedDate":"2022-08-18"},{"lineNumber":80,"author":{"gitId":"shauneang"},"content":"}","lastModifiedDate":"2022-08-17"}],"authorContributionMap":{"shauneang":80}},{"path":"src/main/java/ToDos.java","fileType":"java","lines":[{"lineNumber":1,"author":{"gitId":"shauneang"},"content":"public class ToDos extends Task{","lastModifiedDate":"2022-08-18"},{"lineNumber":2,"author":{"gitId":"shauneang"},"content":"    ToDos(String name) {","lastModifiedDate":"2022-08-18"},{"lineNumber":3,"author":{"gitId":"shauneang"},"content":"        super(name);","lastModifiedDate":"2022-08-18"},{"lineNumber":4,"author":{"gitId":"shauneang"},"content":"    }","lastModifiedDate":"2022-08-18"},{"lineNumber":5,"author":{"gitId":"shauneang"},"content":"","lastModifiedDate":"2022-08-18"},{"lineNumber":6,"author":{"gitId":"shauneang"},"content":"    @Override","lastModifiedDate":"2022-08-18"},{"lineNumber":7,"author":{"gitId":"shauneang"},"content":"    public String toString() {","lastModifiedDate":"2022-08-18"},{"lineNumber":8,"author":{"gitId":"shauneang"},"content":"        return String.format(\"[T] %s\", super.toString());","lastModifiedDate":"2022-08-18"},{"lineNumber":9,"author":{"gitId":"shauneang"},"content":"    }","lastModifiedDate":"2022-08-18"},{"lineNumber":10,"author":{"gitId":"shauneang"},"content":"}","lastModifiedDate":"2022-08-18"}],"authorContributionMap":{"shauneang":10}},{"path":"text-ui-test/input.txt","fileType":"txt","lines":[{"lineNumber":1,"author":{"gitId":"shauneang"},"content":"todo eat","lastModifiedDate":"2022-08-18"},{"lineNumber":2,"author":{"gitId":"shauneang"},"content":"deadline sleep /by 1030","lastModifiedDate":"2022-08-18"},{"lineNumber":3,"author":{"gitId":"shauneang"},"content":"event concert /at monday 2359","lastModifiedDate":"2022-08-18"},{"lineNumber":4,"author":{"gitId":"shauneang"},"content":"mark 1","lastModifiedDate":"2022-08-18"},{"lineNumber":5,"author":{"gitId":"shauneang"},"content":"unmark 1","lastModifiedDate":"2022-08-18"},{"lineNumber":6,"author":{"gitId":"shauneang"},"content":"list","lastModifiedDate":"2022-08-18"},{"lineNumber":7,"author":{"gitId":"shauneang"},"content":"bye","lastModifiedDate":"2022-08-18"}],"authorContributionMap":{"shauneang":7}}]
