{"authorDailyContributionsMap":{"shauneang":[{"date":"2022-08-17","commitResults":[{"hash":"e38cbc2f84af6f3f503409ae60221bd89d400d79","messageTitle":"Duke echos commands entered by the user and exits when the user types bye","messageBody":"","fileTypesAndContributionMap":{"java":{"insertions":33,"deletions":6}}},{"hash":"3fc929b6004a820694d9ea24b61b4bd30feafaea","messageTitle":"Level 2: Duke takes in list command and outputs all prior tasks given","messageBody":"","fileTypesAndContributionMap":{"java":{"insertions":31,"deletions":21}}},{"hash":"9fabcf72dbedfe62673ee49ae2b5de761285c4ad","messageTitle":"Added try catch statement for input line","messageBody":"","fileTypesAndContributionMap":{"java":{"insertions":8,"deletions":3}}},{"hash":"fbe43764dd18909b3e6574edfbbf3cf557f53da2","messageTitle":"Abstracted task methods and added javadocs","messageBody":"","fileTypesAndContributionMap":{"java":{"insertions":57,"deletions":30}}},{"hash":"37f7da62219c138e8138df9b88dd1b20633c3b23","messageTitle":"Abstract out the ToDoList and Task from Duke","messageBody":"","fileTypesAndContributionMap":{"java":{"insertions":168,"deletions":46}}}]},{"date":"2022-08-18","commitResults":[{"hash":"0618c6385a0c46142c61cd1b384d3a3873ad4f22","messageTitle":"Added subtypes of Task (Todos, Deadline, Event)","messageBody":"","fileTypesAndContributionMap":{"java":{"insertions":100,"deletions":19}}},{"hash":"b13079940f343c1104995b7db6c013646bd4cf8e","messageTitle":"added simple text Ui Testing","messageBody":"","fileTypesAndContributionMap":{"txt":{"insertions":7,"deletions":0}}},{"hash":"fb89dd94bc12fef48498daacc3045db2460f73b3","messageTitle":"Added delete command","messageBody":"","fileTypesAndContributionMap":{"java":{"insertions":91,"deletions":42}}},{"hash":"4d776a37f8ecc6713d6b4ff784db9fabe0c50a98","messageTitle":"Error Handling for invalid commands","messageBody":"","fileTypesAndContributionMap":{"java":{"insertions":0,"deletions":20}}},{"hash":"bd815964ba8468a46e0acd9267456edeccc1d707","messageTitle":"Create Delete command","messageBody":"","tags":["Level-6"],"fileTypesAndContributionMap":{"java":{"insertions":20,"deletions":0}}},{"hash":"8dc441d3eb8a75cfcf26a34f899d0e8f795e157c","messageTitle":"Fixed JavaDocs Mistakes","messageBody":"","tags":["Level-5","Level-4","Level-3","Level-2","Level-1"],"fileTypesAndContributionMap":{"java":{"insertions":9,"deletions":3}}}]},{"date":"2022-08-24","commitResults":[{"hash":"7f78460eba059414b84a9e3e550a5e5e2ff3cf6f","messageTitle":"Added Save Function for to do list tasks","messageBody":"","tags":["Level-7"],"fileTypesAndContributionMap":{"java":{"insertions":201,"deletions":40}}},{"hash":"00905465cd60beacf1cd305c0af1d139aa8876a4","messageTitle":"testing","messageBody":"","fileTypesAndContributionMap":{"java":{"insertions":0,"deletions":1}}},{"hash":"05a377d2593a580678a1207f5f5f856eb8fdc427","messageTitle":"test","messageBody":"","tags":["Level-8"],"fileTypesAndContributionMap":{"java":{"insertions":5,"deletions":3}}},{"hash":"b2d49ab989b6226187a5902c65aac07d8b11fec4","messageTitle":"Level-8: Dates and Times","messageBody":"","fileTypesAndContributionMap":{"java":{"insertions":13,"deletions":7}}},{"hash":"a2f586b7a0b4835490a4a98aa0917c2e18eeeae3","messageTitle":"Level-8: fixed javadocs","messageBody":"","fileTypesAndContributionMap":{"java":{"insertions":15,"deletions":7}}},{"hash":"1934c84f09cc1f1448c6f87df85cfe435ee461db","messageTitle":"Merging: fixing merge problems","messageBody":"","fileTypesAndContributionMap":{"java":{"insertions":4,"deletions":4}}}]}]},"authorFileTypeContributionMap":{"shauneang":{"java":511,"md":0,"fxml":0,"sh":0,"bat":0,"gradle":0,"txt":7}},"authorContributionVariance":{"shauneang":20772.154},"authorDisplayNameMap":{"shauneang":"CS2103T-T10-2 ANG ..AUNE"}}
