{"authorDailyContributionsMap":{"shauneang":[{"date":"2022-08-17","commitResults":[{"hash":"e38cbc2f84af6f3f503409ae60221bd89d400d79","messageTitle":"Duke echos commands entered by the user and exits when the user types bye","messageBody":"","fileTypesAndContributionMap":{"java":{"insertions":33,"deletions":6}}},{"hash":"3fc929b6004a820694d9ea24b61b4bd30feafaea","messageTitle":"Level 2: Duke takes in list command and outputs all prior tasks given","messageBody":"","fileTypesAndContributionMap":{"java":{"insertions":31,"deletions":21}}},{"hash":"9fabcf72dbedfe62673ee49ae2b5de761285c4ad","messageTitle":"Added try catch statement for input line","messageBody":"","fileTypesAndContributionMap":{"java":{"insertions":8,"deletions":3}}},{"hash":"fbe43764dd18909b3e6574edfbbf3cf557f53da2","messageTitle":"Abstracted task methods and added javadocs","messageBody":"","fileTypesAndContributionMap":{"java":{"insertions":57,"deletions":30}}}]}]},"authorFileTypeContributionMap":{"shauneang":{"java":73,"md":0,"fxml":0,"sh":0,"bat":0,"gradle":0,"txt":0}},"authorContributionVariance":{"shauneang":4961.25},"authorDisplayNameMap":{"shauneang":"ANG ..AUNE"}}
