{"authorDailyContributionsMap":{"sprintaway":[{"date":"2022-08-13","commitResults":[{"hash":"6e402084f860fcb5e5a2fe462ee3d33d31bab741","messageTitle":"Implemented Level-1","messageBody":"","tags":["Level-1"],"fileTypesAndContributionMap":{"java":{"insertions":17,"deletions":6}}},{"hash":"6d93ccd186121e123b9dfe2815b65923d6dc20a0","messageTitle":"Implement Level-2","messageBody":"","tags":["Level-2"],"fileTypesAndContributionMap":{"java":{"insertions":41,"deletions":2}}},{"hash":"bf528d6dbac98364f796d39c58209b1832a507fa","messageTitle":"Implemented Level-3","messageBody":"","tags":["Level-3"],"fileTypesAndContributionMap":{"java":{"insertions":58,"deletions":4}}},{"hash":"b32cda37476758ca7fa3c04cd6601dde7e11fb66","messageTitle":"Implemented Level-4","messageBody":"","tags":["Level-4"],"fileTypesAndContributionMap":{"java":{"insertions":82,"deletions":4}}}]},{"date":"2022-08-14","commitResults":[{"hash":"f63afffade5b86a4d390a5a078e2c8b6ee3e7be2","messageTitle":"Implemented A-TextUiTesting","messageBody":"","tags":["A-TextUiTesting"],"fileTypesAndContributionMap":{"txt":{"insertions":10,"deletions":0},"bat":{"insertions":2,"deletions":2}}},{"hash":"8e969f22812a35a11b116086dae759673fbe3543","messageTitle":"Implemented Level-5","messageBody":"","tags":["Level-5"],"fileTypesAndContributionMap":{"txt":{"insertions":0,"deletions":1},"java":{"insertions":36,"deletions":19}}},{"hash":"b24cf30e2f32f4ec7d694961ea36f27cecd9bd1a","messageTitle":"Implemented Level-6","messageBody":"","tags":["Level-6"],"fileTypesAndContributionMap":{"java":{"insertions":17,"deletions":6}}}]},{"date":"2022-08-20","commitResults":[{"hash":"3374782ed2e7fc0de93f053323afde8e557910d9","messageTitle":"Implement Level-7","messageBody":"","fileTypesAndContributionMap":{"java":{"insertions":126,"deletions":39}}},{"hash":"ec33be3603adfb3eded32a460deae14fd141d1b3","messageTitle":"Implement Level-8","messageBody":"","fileTypesAndContributionMap":{"java":{"insertions":43,"deletions":7}}},{"hash":"1655a33c829ab2dd3d69a6c23391fba267e3c784","messageTitle":"Edited merging issues","messageBody":"","tags":["Level-8","Level-7"],"fileTypesAndContributionMap":{"java":{"insertions":10,"deletions":12}}},{"hash":"1413c5b47cde5782adcce8ea8b725e295327a316","messageTitle":"Comit","messageBody":"","fileTypesAndContributionMap":{"txt":{"insertions":2,"deletions":4},"java":{"insertions":25,"deletions":33},"bat":{"insertions":1,"deletions":1},"md":{"insertions":4,"deletions":0}}},{"hash":"02fbff8a92a8bd9f29427222410c91a72e598135","messageTitle":"wwef","messageBody":"","fileTypesAndContributionMap":{"txt":{"insertions":7,"deletions":0}}},{"hash":"6c8566e0038b9d15a04a0b487e93ab95dd6f912b","messageTitle":"Edit duke.txt to make it readable","messageBody":"","fileTypesAndContributionMap":{"txt":{"insertions":3,"deletions":5}}}]},{"date":"2022-08-21","commitResults":[{"hash":"b7bd4dcbcf801d66a3da1e20352953cc426a1927","messageTitle":"Make the code more OOP","messageBody":"","tags":["A-MoreOOP"],"fileTypesAndContributionMap":{"txt":{"insertions":3,"deletions":7},"java":{"insertions":492,"deletions":88}}},{"hash":"2d28a7ceee7851f05f2a6f90c38965e67cc51147","messageTitle":"Add packages","messageBody":"","tags":["A-Packages"],"fileTypesAndContributionMap":{"txt":{"insertions":1,"deletions":2},"java":{"insertions":73,"deletions":29}}},{"hash":"eeb14b08f8c9b6707e8c2800a37e775789dcf39c","messageTitle":"Add JUnit tests","messageBody":"","tags":["v0.1","A-Jar","A-JUnit"],"fileTypesAndContributionMap":{"java":{"insertions":87,"deletions":99}}},{"hash":"e9cf371af227e1c7716a576ed191ac04e6f914ba","messageTitle":"Removed emoji intefering with gradle, added javadocs","messageBody":"","tags":["A-JavaDoc"],"fileTypesAndContributionMap":{"txt":{"insertions":3,"deletions":1},"java":{"insertions":366,"deletions":98}}},{"hash":"45fad7d9f882489bc55172f07601d9cc4f088469","messageTitle":"Improve coding standard","messageBody":"","fileTypesAndContributionMap":{"java":{"insertions":51,"deletions":2}}},{"hash":"acd7eac08d28802e6c54863322f67bfe1c27fdce","messageTitle":"Ensure coding standard","messageBody":"","tags":["A-CodingStandard"],"fileTypesAndContributionMap":{"java":{"insertions":6,"deletions":75}}}]},{"date":"2022-08-25","commitResults":[{"hash":"3a78715da24d9669699ef4f3592e26298e7c9b52","messageTitle":"Implement Level-9","messageBody":"","tags":["Level-9"],"fileTypesAndContributionMap":{"txt":{"insertions":3,"deletions":1},"java":{"insertions":87,"deletions":12}}},{"hash":"462455301cc8f705ba0c0e076a1215fda149d174","messageTitle":"Remove error messages","messageBody":"","fileTypesAndContributionMap":{"txt":{"insertions":1,"deletions":4},"java":{"insertions":5,"deletions":11}}},{"hash":"a26b77d748482391d92bd341f7bc9665b5253b7d","messageTitle":"Add missing javadocs","messageBody":"","fileTypesAndContributionMap":{"java":{"insertions":38,"deletions":0}}}]},{"date":"2022-08-29","commitResults":[{"hash":"a6a2aa2e55da67cfcd43826934e6c586f27aa95f","messageTitle":"Add checkstyle check and fix code to adhere to checkstyle","messageBody":"","tags":["A-CheckStyle"],"fileTypesAndContributionMap":{"gradle":{"insertions":5,"deletions":0},"java":{"insertions":165,"deletions":131}}},{"hash":"5e8e3e62b283275efece15f10df5bb2b2bb72af2","messageTitle":"Add Level-10","messageBody":"","tags":["Level-10"],"fileTypesAndContributionMap":{"gradle":{"insertions":16,"deletions":1},"txt":{"insertions":7,"deletions":6},"fxml":{"insertions":35,"deletions":0},"java":{"insertions":451,"deletions":101}}},{"hash":"8b3d902edc2ec820582fa0cb529a319919b735b8","messageTitle":"Make minor CSS changes","messageBody":"","fileTypesAndContributionMap":{"txt":{"insertions":1,"deletions":1},"fxml":{"insertions":7,"deletions":3},"java":{"insertions":7,"deletions":5}}}]},{"date":"2022-09-03","commitResults":[{"hash":"76bbe825de4d4827df876fb734fbd94e9497eb90","messageTitle":"Add assertions to the program","messageBody":"Assertions are important as it can verify certain\nassumptions of a program that must hold true at a given point of time.\n\nLet\u0027s\n* add various assertions to commands to ensure valid commands\n* check if storage path is not empty\n* assert conditions in parser that must hold true\n","tags":["A-FullCommitMessage","A-Assertions"],"fileTypesAndContributionMap":{"gradle":{"insertions":1,"deletions":0},"txt":{"insertions":1,"deletions":0},"java":{"insertions":10,"deletions":0}}},{"hash":"8db8ea54fd15ace8fc412bfd6aa233ef47561faf","messageTitle":"Delete dead code and added suggestions made by PR reviewers, and attempt to resolve deep nesting in storage class. Not very successful as one needs to choose between sacrificing code repetition or deep nesting.","messageBody":"This is needed to improve code quality and to enhance readability of\ncode.\n\nAttempt to avoid complicated expressions in parser result in\nredeclaring of several local variables and code duplication,\nas well as deep nesting.\n\nTherefore parser remains as it is.\n","tags":["A-CodeQuality"],"fileTypesAndContributionMap":{"txt":{"insertions":3,"deletions":1},"java":{"insertions":44,"deletions":71}}}]},{"date":"2022-09-07","commitResults":[{"hash":"d7832dfc5a640ced626c864dba37a1c9853b9bbe","messageTitle":"Make the GUI work again","messageBody":"","fileTypesAndContributionMap":{"txt":{"insertions":1,"deletions":4},"java":{"insertions":20,"deletions":47}}}]}]},"authorFileTypeContributionMap":{"sprintaway":{"java":1521,"md":4,"fxml":39,"sh":0,"bat":2,"gradle":22,"txt":17}},"authorContributionVariance":{"sprintaway":105941.64},"authorDisplayNameMap":{"sprintaway":"CS2103-F14-4 NG Y.. JIA"}}
