[{"path":"src/main/java/Deadline.java","fileType":"java","lines":[{"lineNumber":1,"author":{"gitId":"junwei-tan"},"content":"import java.time.LocalDate;","lastModifiedDate":"2022-08-25"},{"lineNumber":2,"author":{"gitId":"junwei-tan"},"content":"","lastModifiedDate":"2022-08-25"},{"lineNumber":3,"author":{"gitId":"junwei-tan"},"content":"public class Deadline extends Task {","lastModifiedDate":"2022-08-19"},{"lineNumber":4,"author":{"gitId":"junwei-tan"},"content":"","lastModifiedDate":"2022-08-19"},{"lineNumber":5,"author":{"gitId":"junwei-tan"},"content":"    protected LocalDate date;","lastModifiedDate":"2022-08-25"},{"lineNumber":6,"author":{"gitId":"junwei-tan"},"content":"","lastModifiedDate":"2022-08-19"},{"lineNumber":7,"author":{"gitId":"junwei-tan"},"content":"    public Deadline(String description, LocalDate date) {","lastModifiedDate":"2022-08-25"},{"lineNumber":8,"author":{"gitId":"junwei-tan"},"content":"        super(description);","lastModifiedDate":"2022-08-19"},{"lineNumber":9,"author":{"gitId":"junwei-tan"},"content":"        this.date \u003d date;","lastModifiedDate":"2022-08-25"},{"lineNumber":10,"author":{"gitId":"junwei-tan"},"content":"    }","lastModifiedDate":"2022-08-19"},{"lineNumber":11,"author":{"gitId":"junwei-tan"},"content":"","lastModifiedDate":"2022-08-19"},{"lineNumber":12,"author":{"gitId":"junwei-tan"},"content":"    public Deadline(String description, String by, boolean isDone) {","lastModifiedDate":"2022-08-25"},{"lineNumber":13,"author":{"gitId":"junwei-tan"},"content":"        super(description, isDone);","lastModifiedDate":"2022-08-25"},{"lineNumber":14,"author":{"gitId":"junwei-tan"},"content":"        this.by \u003d by;","lastModifiedDate":"2022-08-25"},{"lineNumber":15,"author":{"gitId":"junwei-tan"},"content":"    }","lastModifiedDate":"2022-08-25"},{"lineNumber":16,"author":{"gitId":"junwei-tan"},"content":"","lastModifiedDate":"2022-08-25"},{"lineNumber":17,"author":{"gitId":"junwei-tan"},"content":"    @Override","lastModifiedDate":"2022-08-19"},{"lineNumber":18,"author":{"gitId":"junwei-tan"},"content":"    public String toString() {","lastModifiedDate":"2022-08-19"},{"lineNumber":19,"author":{"gitId":"junwei-tan"},"content":"        return \"[D]\" + super.toString() + \" (by: \" + date + \")\";","lastModifiedDate":"2022-08-25"},{"lineNumber":20,"author":{"gitId":"junwei-tan"},"content":"    }","lastModifiedDate":"2022-08-19"},{"lineNumber":21,"author":{"gitId":"junwei-tan"},"content":"}","lastModifiedDate":"2022-08-19"}],"authorContributionMap":{"junwei-tan":21}},{"path":"src/main/java/Duke.java","fileType":"java","lines":[{"lineNumber":1,"author":{"gitId":"junwei-tan"},"content":"import java.io.*;","lastModifiedDate":"2022-08-25"},{"lineNumber":2,"author":{"gitId":"junwei-tan"},"content":"import java.nio.file.Files;","lastModifiedDate":"2022-08-25"},{"lineNumber":3,"author":{"gitId":"junwei-tan"},"content":"import java.nio.file.Paths;","lastModifiedDate":"2022-08-25"},{"lineNumber":4,"author":{"gitId":"junwei-tan"},"content":"import java.util.ArrayList;","lastModifiedDate":"2022-08-19"},{"lineNumber":5,"author":{"gitId":"junwei-tan"},"content":"import java.util.Arrays;","lastModifiedDate":"2022-08-25"},{"lineNumber":6,"author":{"gitId":"junwei-tan"},"content":"import java.util.Scanner;","lastModifiedDate":"2022-08-25"},{"lineNumber":7,"author":{"gitId":"junwei-tan"},"content":"","lastModifiedDate":"2022-08-18"},{"lineNumber":8,"author":{"gitId":"-"},"content":"public class Duke {","lastModifiedDate":"2019-07-29"},{"lineNumber":9,"author":{"gitId":"junwei-tan"},"content":"    private static final ArrayList\u003cTask\u003e tasks \u003d new ArrayList\u003c\u003e();","lastModifiedDate":"2022-08-19"},{"lineNumber":10,"author":{"gitId":"junwei-tan"},"content":"    private static final String DATA_FILE_PATH \u003d \"./data/duke.txt\";","lastModifiedDate":"2022-08-25"},{"lineNumber":11,"author":{"gitId":"junwei-tan"},"content":"    static boolean inProgress \u003d true;","lastModifiedDate":"2022-08-25"},{"lineNumber":12,"author":{"gitId":"junwei-tan"},"content":"","lastModifiedDate":"2022-08-18"},{"lineNumber":13,"author":{"gitId":"junwei-tan"},"content":"    public static void main(String[] args) throws IOException, DukeException {","lastModifiedDate":"2022-08-25"},{"lineNumber":14,"author":{"gitId":"junwei-tan"},"content":"        InputStreamReader inputStreamReader \u003d new InputStreamReader(System.in);","lastModifiedDate":"2022-08-18"},{"lineNumber":15,"author":{"gitId":"junwei-tan"},"content":"        BufferedReader bufferedReader \u003d new BufferedReader(inputStreamReader);","lastModifiedDate":"2022-08-18"},{"lineNumber":16,"author":{"gitId":"junwei-tan"},"content":"        loadTaskFromFile();","lastModifiedDate":"2022-08-25"},{"lineNumber":17,"author":{"gitId":"junwei-tan"},"content":"","lastModifiedDate":"2022-08-25"},{"lineNumber":18,"author":{"gitId":"junwei-tan"},"content":"        System.out.println(\"\\tHello! I\u0027m Duke\\n\\tWhat can I do for you?\");","lastModifiedDate":"2022-08-18"},{"lineNumber":19,"author":{"gitId":"junwei-tan"},"content":"","lastModifiedDate":"2022-08-18"},{"lineNumber":20,"author":{"gitId":"junwei-tan"},"content":"        while (inProgress) {","lastModifiedDate":"2022-08-18"},{"lineNumber":21,"author":{"gitId":"junwei-tan"},"content":"            String input \u003d bufferedReader.readLine();","lastModifiedDate":"2022-08-25"},{"lineNumber":22,"author":{"gitId":"junwei-tan"},"content":"            inputProcessor(input);","lastModifiedDate":"2022-08-25"},{"lineNumber":23,"author":{"gitId":"junwei-tan"},"content":"        }","lastModifiedDate":"2022-08-25"},{"lineNumber":24,"author":{"gitId":"junwei-tan"},"content":"        bufferedReader.close();","lastModifiedDate":"2022-08-25"},{"lineNumber":25,"author":{"gitId":"junwei-tan"},"content":"        inputStreamReader.close();","lastModifiedDate":"2022-08-25"},{"lineNumber":26,"author":{"gitId":"-"},"content":"    }","lastModifiedDate":"2022-08-25"},{"lineNumber":27,"author":{"gitId":"junwei-tan"},"content":"","lastModifiedDate":"2022-08-25"},{"lineNumber":28,"author":{"gitId":"junwei-tan"},"content":"    private static void inputProcessor(String input) {","lastModifiedDate":"2022-08-25"},{"lineNumber":29,"author":{"gitId":"junwei-tan"},"content":"        String[] taskDetailsArr;","lastModifiedDate":"2022-08-19"},{"lineNumber":30,"author":{"gitId":"junwei-tan"},"content":"        String[] userInputArr \u003d input.split(\" \", 2);","lastModifiedDate":"2022-08-25"},{"lineNumber":31,"author":{"gitId":"junwei-tan"},"content":"        try {","lastModifiedDate":"2022-08-19"},{"lineNumber":32,"author":{"gitId":"junwei-tan"},"content":"            switch (userInputArr[0]) {","lastModifiedDate":"2022-08-19"},{"lineNumber":33,"author":{"gitId":"junwei-tan"},"content":"            case \"list\":","lastModifiedDate":"2022-08-18"},{"lineNumber":34,"author":{"gitId":"junwei-tan"},"content":"                listArrItems();","lastModifiedDate":"2022-08-18"},{"lineNumber":35,"author":{"gitId":"junwei-tan"},"content":"                break;","lastModifiedDate":"2022-08-18"},{"lineNumber":36,"author":{"gitId":"junwei-tan"},"content":"            case \"bye\":","lastModifiedDate":"2022-08-18"},{"lineNumber":37,"author":{"gitId":"junwei-tan"},"content":"                System.out.println(\"\\tBye. Hope to see you again soon!\");","lastModifiedDate":"2022-08-18"},{"lineNumber":38,"author":{"gitId":"junwei-tan"},"content":"                inProgress \u003d false;","lastModifiedDate":"2022-08-18"},{"lineNumber":39,"author":{"gitId":"junwei-tan"},"content":"                break;","lastModifiedDate":"2022-08-18"},{"lineNumber":40,"author":{"gitId":"junwei-tan"},"content":"            case \"mark\":","lastModifiedDate":"2022-08-19"},{"lineNumber":41,"author":{"gitId":"junwei-tan"},"content":"                if (userInputArr.length \u003c 2) {","lastModifiedDate":"2022-08-19"},{"lineNumber":42,"author":{"gitId":"junwei-tan"},"content":"                    throw new DukeException(\"\\tOOPS!!! Please specify a task to mark.\");","lastModifiedDate":"2022-08-19"},{"lineNumber":43,"author":{"gitId":"junwei-tan"},"content":"                }","lastModifiedDate":"2022-08-19"},{"lineNumber":44,"author":{"gitId":"junwei-tan"},"content":"                try {","lastModifiedDate":"2022-08-19"},{"lineNumber":45,"author":{"gitId":"junwei-tan"},"content":"                    markItem(Integer.parseInt(userInputArr[1]));","lastModifiedDate":"2022-08-19"},{"lineNumber":46,"author":{"gitId":"junwei-tan"},"content":"                } catch (NumberFormatException e) {","lastModifiedDate":"2022-08-19"},{"lineNumber":47,"author":{"gitId":"junwei-tan"},"content":"                    throw new DukeException(\"\\tOOPS!!! Please specify a valid task number.\");","lastModifiedDate":"2022-08-19"},{"lineNumber":48,"author":{"gitId":"junwei-tan"},"content":"                }","lastModifiedDate":"2022-08-19"},{"lineNumber":49,"author":{"gitId":"junwei-tan"},"content":"                break;","lastModifiedDate":"2022-08-19"},{"lineNumber":50,"author":{"gitId":"junwei-tan"},"content":"            case \"unmark\":","lastModifiedDate":"2022-08-19"},{"lineNumber":51,"author":{"gitId":"junwei-tan"},"content":"                if (userInputArr.length \u003c 2) {","lastModifiedDate":"2022-08-19"},{"lineNumber":52,"author":{"gitId":"junwei-tan"},"content":"                    throw new DukeException(\"\\tOOPS!!! Please specify a task to unmark.\");","lastModifiedDate":"2022-08-19"},{"lineNumber":53,"author":{"gitId":"junwei-tan"},"content":"                }","lastModifiedDate":"2022-08-19"},{"lineNumber":54,"author":{"gitId":"junwei-tan"},"content":"                try {","lastModifiedDate":"2022-08-19"},{"lineNumber":55,"author":{"gitId":"junwei-tan"},"content":"                    unmarkItem(Integer.parseInt(userInputArr[1]));","lastModifiedDate":"2022-08-19"},{"lineNumber":56,"author":{"gitId":"junwei-tan"},"content":"                } catch (NumberFormatException e) {","lastModifiedDate":"2022-08-19"},{"lineNumber":57,"author":{"gitId":"junwei-tan"},"content":"                    throw new DukeException(\"\\tOOPS!!! Please specify a valid task number.\");","lastModifiedDate":"2022-08-19"},{"lineNumber":58,"author":{"gitId":"junwei-tan"},"content":"                }","lastModifiedDate":"2022-08-19"},{"lineNumber":59,"author":{"gitId":"junwei-tan"},"content":"                break;","lastModifiedDate":"2022-08-19"},{"lineNumber":60,"author":{"gitId":"junwei-tan"},"content":"            case \"delete\":","lastModifiedDate":"2022-08-19"},{"lineNumber":61,"author":{"gitId":"junwei-tan"},"content":"                if (userInputArr.length \u003c 2) {","lastModifiedDate":"2022-08-19"},{"lineNumber":62,"author":{"gitId":"junwei-tan"},"content":"                    throw new DukeException(\"\\tOOPS!!! Please specify a task to delete.\");","lastModifiedDate":"2022-08-19"},{"lineNumber":63,"author":{"gitId":"junwei-tan"},"content":"                }","lastModifiedDate":"2022-08-19"},{"lineNumber":64,"author":{"gitId":"junwei-tan"},"content":"                try {","lastModifiedDate":"2022-08-19"},{"lineNumber":65,"author":{"gitId":"junwei-tan"},"content":"                    deleteTask(Integer.parseInt(userInputArr[1]));","lastModifiedDate":"2022-08-19"},{"lineNumber":66,"author":{"gitId":"junwei-tan"},"content":"                } catch (NumberFormatException e) {","lastModifiedDate":"2022-08-19"},{"lineNumber":67,"author":{"gitId":"junwei-tan"},"content":"                    throw new DukeException(\"\\tOOPS!!! Please specify a valid task number.\");","lastModifiedDate":"2022-08-19"},{"lineNumber":68,"author":{"gitId":"junwei-tan"},"content":"                }","lastModifiedDate":"2022-08-19"},{"lineNumber":69,"author":{"gitId":"junwei-tan"},"content":"                break;","lastModifiedDate":"2022-08-19"},{"lineNumber":70,"author":{"gitId":"junwei-tan"},"content":"            case \"todo\":","lastModifiedDate":"2022-08-19"},{"lineNumber":71,"author":{"gitId":"junwei-tan"},"content":"                if (userInputArr.length \u003c 2) {","lastModifiedDate":"2022-08-19"},{"lineNumber":72,"author":{"gitId":"junwei-tan"},"content":"                    throw new DukeException(\"\\tOOPS!!! The description of a todo cannot be empty.\");","lastModifiedDate":"2022-08-19"},{"lineNumber":73,"author":{"gitId":"junwei-tan"},"content":"                }","lastModifiedDate":"2022-08-19"},{"lineNumber":74,"author":{"gitId":"junwei-tan"},"content":"                addToTasks(new ToDo(userInputArr[1]));","lastModifiedDate":"2022-08-19"},{"lineNumber":75,"author":{"gitId":"junwei-tan"},"content":"                break;","lastModifiedDate":"2022-08-19"},{"lineNumber":76,"author":{"gitId":"junwei-tan"},"content":"            case \"deadline\":","lastModifiedDate":"2022-08-19"},{"lineNumber":77,"author":{"gitId":"junwei-tan"},"content":"                if (userInputArr.length \u003c 2) {","lastModifiedDate":"2022-08-19"},{"lineNumber":78,"author":{"gitId":"junwei-tan"},"content":"                    throw new DukeException(\"\\tOOPS!!! The date/time of a deadline cannot be empty.\");","lastModifiedDate":"2022-08-19"},{"lineNumber":79,"author":{"gitId":"junwei-tan"},"content":"                }","lastModifiedDate":"2022-08-19"},{"lineNumber":80,"author":{"gitId":"junwei-tan"},"content":"                taskDetailsArr \u003d userInputArr[1].split(\" /by \");","lastModifiedDate":"2022-08-19"},{"lineNumber":81,"author":{"gitId":"junwei-tan"},"content":"                if (taskDetailsArr.length \u003c 2) {","lastModifiedDate":"2022-08-19"},{"lineNumber":82,"author":{"gitId":"junwei-tan"},"content":"                    throw new DukeException(\"\\tOOPS!!! The date/time of a deadline cannot be empty.\");","lastModifiedDate":"2022-08-19"},{"lineNumber":83,"author":{"gitId":"junwei-tan"},"content":"                }","lastModifiedDate":"2022-08-19"},{"lineNumber":84,"author":{"gitId":"junwei-tan"},"content":"                addToTasks(new Deadline(taskDetailsArr[0], taskDetailsArr[1]));","lastModifiedDate":"2022-08-19"},{"lineNumber":85,"author":{"gitId":"junwei-tan"},"content":"                break;","lastModifiedDate":"2022-08-19"},{"lineNumber":86,"author":{"gitId":"junwei-tan"},"content":"            case \"event\":","lastModifiedDate":"2022-08-19"},{"lineNumber":87,"author":{"gitId":"junwei-tan"},"content":"                if (userInputArr.length \u003c 2) {","lastModifiedDate":"2022-08-19"},{"lineNumber":88,"author":{"gitId":"junwei-tan"},"content":"                    throw new DukeException(\"\\tOOPS!!! The date/time of a event cannot be empty.\");","lastModifiedDate":"2022-08-19"},{"lineNumber":89,"author":{"gitId":"junwei-tan"},"content":"                }","lastModifiedDate":"2022-08-19"},{"lineNumber":90,"author":{"gitId":"junwei-tan"},"content":"                taskDetailsArr \u003d userInputArr[1].split(\" /at \");","lastModifiedDate":"2022-08-19"},{"lineNumber":91,"author":{"gitId":"junwei-tan"},"content":"                if (taskDetailsArr.length \u003c 2) {","lastModifiedDate":"2022-08-19"},{"lineNumber":92,"author":{"gitId":"junwei-tan"},"content":"                    throw new DukeException(\"\\tOOPS!!! The date/time of a event cannot be empty.\");","lastModifiedDate":"2022-08-19"},{"lineNumber":93,"author":{"gitId":"junwei-tan"},"content":"                }","lastModifiedDate":"2022-08-19"},{"lineNumber":94,"author":{"gitId":"junwei-tan"},"content":"                addToTasks(new Event(taskDetailsArr[0], taskDetailsArr[1]));","lastModifiedDate":"2022-08-19"},{"lineNumber":95,"author":{"gitId":"junwei-tan"},"content":"                break;","lastModifiedDate":"2022-08-18"},{"lineNumber":96,"author":{"gitId":"junwei-tan"},"content":"            default:","lastModifiedDate":"2022-08-19"},{"lineNumber":97,"author":{"gitId":"junwei-tan"},"content":"                throw new DukeException(\"\\tOOPS!!! I\u0027m sorry, but I don\u0027t know what that means :-(\");","lastModifiedDate":"2022-08-19"},{"lineNumber":98,"author":{"gitId":"junwei-tan"},"content":"            }","lastModifiedDate":"2022-08-19"},{"lineNumber":99,"author":{"gitId":"junwei-tan"},"content":"        } catch (DukeException e) {","lastModifiedDate":"2022-08-19"},{"lineNumber":100,"author":{"gitId":"junwei-tan"},"content":"            System.out.println(e.getMessage());","lastModifiedDate":"2022-08-19"},{"lineNumber":101,"author":{"gitId":"junwei-tan"},"content":"        }","lastModifiedDate":"2022-08-18"},{"lineNumber":102,"author":{"gitId":"junwei-tan"},"content":"    }","lastModifiedDate":"2022-08-18"},{"lineNumber":103,"author":{"gitId":"junwei-tan"},"content":"","lastModifiedDate":"2022-08-18"},{"lineNumber":104,"author":{"gitId":"junwei-tan"},"content":"    private static void listArrItems() {","lastModifiedDate":"2022-08-18"},{"lineNumber":105,"author":{"gitId":"junwei-tan"},"content":"        // Corner case with empty list","lastModifiedDate":"2022-08-19"},{"lineNumber":106,"author":{"gitId":"junwei-tan"},"content":"        if (tasks.size() \u003d\u003d 0) {","lastModifiedDate":"2022-08-19"},{"lineNumber":107,"author":{"gitId":"junwei-tan"},"content":"            System.out.println(\"\\t\" + \"list is empty\");","lastModifiedDate":"2022-08-18"},{"lineNumber":108,"author":{"gitId":"junwei-tan"},"content":"            return;","lastModifiedDate":"2022-08-19"},{"lineNumber":109,"author":{"gitId":"junwei-tan"},"content":"        }","lastModifiedDate":"2022-08-18"},{"lineNumber":110,"author":{"gitId":"junwei-tan"},"content":"","lastModifiedDate":"2022-08-19"},{"lineNumber":111,"author":{"gitId":"junwei-tan"},"content":"        // Usual Path","lastModifiedDate":"2022-08-19"},{"lineNumber":112,"author":{"gitId":"junwei-tan"},"content":"        System.out.println(\"\\tHere are the tasks in your list:\");","lastModifiedDate":"2022-08-19"},{"lineNumber":113,"author":{"gitId":"junwei-tan"},"content":"        for (int i \u003d 0; i \u003c tasks.size(); i++) {","lastModifiedDate":"2022-08-19"},{"lineNumber":114,"author":{"gitId":"junwei-tan"},"content":"            System.out.println(\"\\t\" + (i + 1) + \".\" + tasks.get(i));","lastModifiedDate":"2022-08-19"},{"lineNumber":115,"author":{"gitId":"junwei-tan"},"content":"        }","lastModifiedDate":"2022-08-18"},{"lineNumber":116,"author":{"gitId":"junwei-tan"},"content":"    }","lastModifiedDate":"2022-08-18"},{"lineNumber":117,"author":{"gitId":"junwei-tan"},"content":"","lastModifiedDate":"2022-08-18"},{"lineNumber":118,"author":{"gitId":"junwei-tan"},"content":"    private static void addToTasks(Task task) throws DukeException {","lastModifiedDate":"2022-08-25"},{"lineNumber":119,"author":{"gitId":"junwei-tan"},"content":"        tasks.add(task);","lastModifiedDate":"2022-08-19"},{"lineNumber":120,"author":{"gitId":"junwei-tan"},"content":"        saveOneTaskToFile(task);","lastModifiedDate":"2022-08-25"},{"lineNumber":121,"author":{"gitId":"junwei-tan"},"content":"        System.out.println(\"\\tGot it. I\u0027ve added this task:\\n\" +","lastModifiedDate":"2022-08-19"},{"lineNumber":122,"author":{"gitId":"junwei-tan"},"content":"                \"\\t\\t\"+ task + \"\\n\" +","lastModifiedDate":"2022-08-19"},{"lineNumber":123,"author":{"gitId":"junwei-tan"},"content":"                \"\\tNow you have \" + tasks.size() + \" tasks in your list.\");","lastModifiedDate":"2022-08-19"},{"lineNumber":124,"author":{"gitId":"junwei-tan"},"content":"    }","lastModifiedDate":"2022-08-19"},{"lineNumber":125,"author":{"gitId":"junwei-tan"},"content":"","lastModifiedDate":"2022-08-19"},{"lineNumber":126,"author":{"gitId":"junwei-tan"},"content":"    private static void deleteTask(int index) throws DukeException {","lastModifiedDate":"2022-08-19"},{"lineNumber":127,"author":{"gitId":"junwei-tan"},"content":"        if (index \u003e tasks.size() || index \u003c 1) {","lastModifiedDate":"2022-08-19"},{"lineNumber":128,"author":{"gitId":"junwei-tan"},"content":"            throw new DukeException(\"\\tOOPS!!! Please specify a valid task.\");","lastModifiedDate":"2022-08-19"},{"lineNumber":129,"author":{"gitId":"junwei-tan"},"content":"        }","lastModifiedDate":"2022-08-19"},{"lineNumber":130,"author":{"gitId":"junwei-tan"},"content":"        System.out.println(\"\\tNoted. I\u0027ve removed this task:\\n\" +","lastModifiedDate":"2022-08-19"},{"lineNumber":131,"author":{"gitId":"junwei-tan"},"content":"                \"\\t\\t\"+ tasks.remove(index - 1) + \"\\n\" +","lastModifiedDate":"2022-08-19"},{"lineNumber":132,"author":{"gitId":"junwei-tan"},"content":"                \"\\tNow you have \" + tasks.size() + \" tasks in your list.\");","lastModifiedDate":"2022-08-19"},{"lineNumber":133,"author":{"gitId":"junwei-tan"},"content":"    }","lastModifiedDate":"2022-08-19"},{"lineNumber":134,"author":{"gitId":"junwei-tan"},"content":"","lastModifiedDate":"2022-08-19"},{"lineNumber":135,"author":{"gitId":"junwei-tan"},"content":"    private static void markItem(int index) throws DukeException {","lastModifiedDate":"2022-08-19"},{"lineNumber":136,"author":{"gitId":"junwei-tan"},"content":"        if (index \u003e tasks.size() || index \u003c 1) {","lastModifiedDate":"2022-08-19"},{"lineNumber":137,"author":{"gitId":"junwei-tan"},"content":"            throw new DukeException(\"\\tOOPS!!! Please specify a valid task.\");","lastModifiedDate":"2022-08-19"},{"lineNumber":138,"author":{"gitId":"junwei-tan"},"content":"        }","lastModifiedDate":"2022-08-19"},{"lineNumber":139,"author":{"gitId":"junwei-tan"},"content":"        tasks.get(index - 1).isDone \u003d true;","lastModifiedDate":"2022-08-19"},{"lineNumber":140,"author":{"gitId":"junwei-tan"},"content":"        System.out.println(\"\\tNice! I\u0027ve marked this task as done:\\n\\t\\t\" + tasks.get(index - 1));","lastModifiedDate":"2022-08-19"},{"lineNumber":141,"author":{"gitId":"junwei-tan"},"content":"    }","lastModifiedDate":"2022-08-19"},{"lineNumber":142,"author":{"gitId":"junwei-tan"},"content":"","lastModifiedDate":"2022-08-19"},{"lineNumber":143,"author":{"gitId":"junwei-tan"},"content":"    private static void unmarkItem(int index) throws DukeException {","lastModifiedDate":"2022-08-19"},{"lineNumber":144,"author":{"gitId":"junwei-tan"},"content":"        if (index \u003e tasks.size() || index \u003c 1) {","lastModifiedDate":"2022-08-19"},{"lineNumber":145,"author":{"gitId":"junwei-tan"},"content":"            throw new DukeException(\"\\tOOPS!!! Please specify a valid task.\");","lastModifiedDate":"2022-08-19"},{"lineNumber":146,"author":{"gitId":"junwei-tan"},"content":"        }","lastModifiedDate":"2022-08-19"},{"lineNumber":147,"author":{"gitId":"junwei-tan"},"content":"        tasks.get(index - 1).isDone \u003d false;","lastModifiedDate":"2022-08-19"},{"lineNumber":148,"author":{"gitId":"junwei-tan"},"content":"        System.out.println(\"\\tOK, I\u0027ve marked this task as not done yet:\\n\\t\\t\" + tasks.get(index - 1));","lastModifiedDate":"2022-08-19"},{"lineNumber":149,"author":{"gitId":"junwei-tan"},"content":"    }","lastModifiedDate":"2022-08-18"},{"lineNumber":150,"author":{"gitId":"junwei-tan"},"content":"","lastModifiedDate":"2022-08-25"},{"lineNumber":151,"author":{"gitId":"junwei-tan"},"content":"    private static void loadTaskFromFile() throws DukeException, FileNotFoundException {","lastModifiedDate":"2022-08-25"},{"lineNumber":152,"author":{"gitId":"junwei-tan"},"content":"        File dataFile \u003d new File(DATA_FILE_PATH);","lastModifiedDate":"2022-08-25"},{"lineNumber":153,"author":{"gitId":"junwei-tan"},"content":"        dataFile.getParentFile().mkdirs();","lastModifiedDate":"2022-08-25"},{"lineNumber":154,"author":{"gitId":"junwei-tan"},"content":"        try {","lastModifiedDate":"2022-08-25"},{"lineNumber":155,"author":{"gitId":"junwei-tan"},"content":"            if(dataFile.createNewFile()) {","lastModifiedDate":"2022-08-25"},{"lineNumber":156,"author":{"gitId":"junwei-tan"},"content":"                System.out.println(\"\\tOOPS!!! I can\u0027t find the data file. I\u0027ll create a new one.\");","lastModifiedDate":"2022-08-25"},{"lineNumber":157,"author":{"gitId":"junwei-tan"},"content":"            }","lastModifiedDate":"2022-08-25"},{"lineNumber":158,"author":{"gitId":"junwei-tan"},"content":"        } catch (IOException e) {","lastModifiedDate":"2022-08-25"},{"lineNumber":159,"author":{"gitId":"junwei-tan"},"content":"            throw new DukeException(\"\\tOOPS!!! I\u0027m sorry, but I can\u0027t create the file.\");","lastModifiedDate":"2022-08-25"},{"lineNumber":160,"author":{"gitId":"junwei-tan"},"content":"        }","lastModifiedDate":"2022-08-25"},{"lineNumber":161,"author":{"gitId":"junwei-tan"},"content":"","lastModifiedDate":"2022-08-25"},{"lineNumber":162,"author":{"gitId":"junwei-tan"},"content":"        Scanner s \u003d new Scanner(dataFile); // create a Scanner using the File as the source","lastModifiedDate":"2022-08-25"},{"lineNumber":163,"author":{"gitId":"junwei-tan"},"content":"        while (s.hasNext()) {","lastModifiedDate":"2022-08-25"},{"lineNumber":164,"author":{"gitId":"junwei-tan"},"content":"            String line \u003d s.nextLine();","lastModifiedDate":"2022-08-25"},{"lineNumber":165,"author":{"gitId":"junwei-tan"},"content":"//            String[] lineArr \u003d line.split(\"\\\\[[a-zA-Z]]\\\\[[a-zA-Z]] [a-zA-Z]+ \\\\([^)]*\\\\)\");","lastModifiedDate":"2022-08-25"},{"lineNumber":166,"author":{"gitId":"junwei-tan"},"content":"            System.out.println(line);","lastModifiedDate":"2022-08-25"},{"lineNumber":167,"author":{"gitId":"junwei-tan"},"content":"            char eventType \u003d line.charAt(1);","lastModifiedDate":"2022-08-25"},{"lineNumber":168,"author":{"gitId":"junwei-tan"},"content":"            boolean isDone \u003d line.charAt(4) \u003d\u003d \u0027D\u0027;","lastModifiedDate":"2022-08-25"},{"lineNumber":169,"author":{"gitId":"junwei-tan"},"content":"            String description;","lastModifiedDate":"2022-08-25"},{"lineNumber":170,"author":{"gitId":"junwei-tan"},"content":"            if (line.indexOf(\u0027(\u0027) \u003d\u003d -1) {","lastModifiedDate":"2022-08-25"},{"lineNumber":171,"author":{"gitId":"junwei-tan"},"content":"                description \u003d line.substring(7, line.length());","lastModifiedDate":"2022-08-25"},{"lineNumber":172,"author":{"gitId":"junwei-tan"},"content":"            } else {","lastModifiedDate":"2022-08-25"},{"lineNumber":173,"author":{"gitId":"junwei-tan"},"content":"                description \u003d line.substring(7, line.indexOf(\u0027(\u0027) - 1);","lastModifiedDate":"2022-08-25"},{"lineNumber":174,"author":{"gitId":"junwei-tan"},"content":"            }","lastModifiedDate":"2022-08-25"},{"lineNumber":175,"author":{"gitId":"junwei-tan"},"content":"            switch (eventType) {","lastModifiedDate":"2022-08-25"},{"lineNumber":176,"author":{"gitId":"junwei-tan"},"content":"            case \u0027T\u0027:","lastModifiedDate":"2022-08-25"},{"lineNumber":177,"author":{"gitId":"junwei-tan"},"content":"                tasks.add(new ToDo(description, isDone));","lastModifiedDate":"2022-08-25"},{"lineNumber":178,"author":{"gitId":"junwei-tan"},"content":"                break;","lastModifiedDate":"2022-08-25"},{"lineNumber":179,"author":{"gitId":"junwei-tan"},"content":"            case \u0027D\u0027:","lastModifiedDate":"2022-08-25"},{"lineNumber":180,"author":{"gitId":"junwei-tan"},"content":"                String dateTime \u003d line.substring(line.indexOf(\u0027:\u0027) + 2, line.indexOf(\u0027)\u0027));","lastModifiedDate":"2022-08-25"},{"lineNumber":181,"author":{"gitId":"junwei-tan"},"content":"                tasks.add(new Deadline(description, dateTime, isDone));","lastModifiedDate":"2022-08-25"},{"lineNumber":182,"author":{"gitId":"junwei-tan"},"content":"                break;","lastModifiedDate":"2022-08-25"},{"lineNumber":183,"author":{"gitId":"junwei-tan"},"content":"            case \u0027E\u0027:","lastModifiedDate":"2022-08-25"},{"lineNumber":184,"author":{"gitId":"junwei-tan"},"content":"                dateTime \u003d line.substring(line.indexOf(\u0027:\u0027) + 2, line.indexOf(\u0027)\u0027));","lastModifiedDate":"2022-08-25"},{"lineNumber":185,"author":{"gitId":"junwei-tan"},"content":"                tasks.add(new Event(description, dateTime, isDone));","lastModifiedDate":"2022-08-25"},{"lineNumber":186,"author":{"gitId":"junwei-tan"},"content":"                break;","lastModifiedDate":"2022-08-25"},{"lineNumber":187,"author":{"gitId":"junwei-tan"},"content":"            default:","lastModifiedDate":"2022-08-25"},{"lineNumber":188,"author":{"gitId":"junwei-tan"},"content":"                throw new DukeException(\"\\tOOPS!!! I\u0027m sorry, there was an error reading saved file.\");","lastModifiedDate":"2022-08-25"},{"lineNumber":189,"author":{"gitId":"junwei-tan"},"content":"            }","lastModifiedDate":"2022-08-25"},{"lineNumber":190,"author":{"gitId":"junwei-tan"},"content":"        }","lastModifiedDate":"2022-08-25"},{"lineNumber":191,"author":{"gitId":"junwei-tan"},"content":"    }","lastModifiedDate":"2022-08-25"},{"lineNumber":192,"author":{"gitId":"junwei-tan"},"content":"","lastModifiedDate":"2022-08-25"},{"lineNumber":193,"author":{"gitId":"junwei-tan"},"content":"    private static void saveOneTaskToFile(Task newTask) throws DukeException {","lastModifiedDate":"2022-08-25"},{"lineNumber":194,"author":{"gitId":"junwei-tan"},"content":"        try {","lastModifiedDate":"2022-08-25"},{"lineNumber":195,"author":{"gitId":"junwei-tan"},"content":"            FileWriter fw \u003d new FileWriter(DATA_FILE_PATH, true); // create a FileWriter in append mode","lastModifiedDate":"2022-08-25"},{"lineNumber":196,"author":{"gitId":"junwei-tan"},"content":"            fw.write(newTask.toString() + \"\\n\");","lastModifiedDate":"2022-08-25"},{"lineNumber":197,"author":{"gitId":"junwei-tan"},"content":"            fw.close();","lastModifiedDate":"2022-08-25"},{"lineNumber":198,"author":{"gitId":"junwei-tan"},"content":"        } catch (IOException e) {","lastModifiedDate":"2022-08-25"},{"lineNumber":199,"author":{"gitId":"junwei-tan"},"content":"            throw new DukeException(\"\\tOOPS!!! I\u0027m sorry, but I can\u0027t write to the file.\");","lastModifiedDate":"2022-08-25"},{"lineNumber":200,"author":{"gitId":"junwei-tan"},"content":"        }","lastModifiedDate":"2022-08-25"},{"lineNumber":201,"author":{"gitId":"junwei-tan"},"content":"    }","lastModifiedDate":"2022-08-25"},{"lineNumber":202,"author":{"gitId":"junwei-tan"},"content":"","lastModifiedDate":"2022-08-25"},{"lineNumber":203,"author":{"gitId":"-"},"content":"}","lastModifiedDate":"2019-07-29"}],"authorContributionMap":{"junwei-tan":200,"-":3}},{"path":"src/main/java/DukeException.java","fileType":"java","lines":[{"lineNumber":1,"author":{"gitId":"junwei-tan"},"content":"public class DukeException extends Exception {","lastModifiedDate":"2022-08-19"},{"lineNumber":2,"author":{"gitId":"junwei-tan"},"content":"    public DukeException(String errorMessage) {","lastModifiedDate":"2022-08-19"},{"lineNumber":3,"author":{"gitId":"junwei-tan"},"content":"        super(errorMessage);","lastModifiedDate":"2022-08-19"},{"lineNumber":4,"author":{"gitId":"junwei-tan"},"content":"    }","lastModifiedDate":"2022-08-19"},{"lineNumber":5,"author":{"gitId":"junwei-tan"},"content":"}","lastModifiedDate":"2022-08-19"}],"authorContributionMap":{"junwei-tan":5}},{"path":"src/main/java/Event.java","fileType":"java","lines":[{"lineNumber":1,"author":{"gitId":"junwei-tan"},"content":"import java.time.LocalDate;","lastModifiedDate":"2022-08-25"},{"lineNumber":2,"author":{"gitId":"junwei-tan"},"content":"","lastModifiedDate":"2022-08-25"},{"lineNumber":3,"author":{"gitId":"junwei-tan"},"content":"public class Event extends Task {","lastModifiedDate":"2022-08-19"},{"lineNumber":4,"author":{"gitId":"junwei-tan"},"content":"","lastModifiedDate":"2022-08-19"},{"lineNumber":5,"author":{"gitId":"junwei-tan"},"content":"    protected LocalDate date;","lastModifiedDate":"2022-08-25"},{"lineNumber":6,"author":{"gitId":"junwei-tan"},"content":"","lastModifiedDate":"2022-08-19"},{"lineNumber":7,"author":{"gitId":"junwei-tan"},"content":"    public Event(String description, LocalDate date) {","lastModifiedDate":"2022-08-25"},{"lineNumber":8,"author":{"gitId":"junwei-tan"},"content":"        super(description);","lastModifiedDate":"2022-08-19"},{"lineNumber":9,"author":{"gitId":"junwei-tan"},"content":"        this.date \u003d date;","lastModifiedDate":"2022-08-25"},{"lineNumber":10,"author":{"gitId":"junwei-tan"},"content":"    }","lastModifiedDate":"2022-08-19"},{"lineNumber":11,"author":{"gitId":"junwei-tan"},"content":"","lastModifiedDate":"2022-08-19"},{"lineNumber":12,"author":{"gitId":"junwei-tan"},"content":"    public Event(String description, String at, boolean isDone) {","lastModifiedDate":"2022-08-25"},{"lineNumber":13,"author":{"gitId":"junwei-tan"},"content":"        super(description, isDone);","lastModifiedDate":"2022-08-25"},{"lineNumber":14,"author":{"gitId":"junwei-tan"},"content":"        this.at \u003d at;","lastModifiedDate":"2022-08-25"},{"lineNumber":15,"author":{"gitId":"junwei-tan"},"content":"    }","lastModifiedDate":"2022-08-25"},{"lineNumber":16,"author":{"gitId":"junwei-tan"},"content":"","lastModifiedDate":"2022-08-25"},{"lineNumber":17,"author":{"gitId":"junwei-tan"},"content":"    @Override","lastModifiedDate":"2022-08-19"},{"lineNumber":18,"author":{"gitId":"junwei-tan"},"content":"    public String toString() {","lastModifiedDate":"2022-08-19"},{"lineNumber":19,"author":{"gitId":"junwei-tan"},"content":"        return \"[E]\" + super.toString() + \" (at: \" + date + \")\";","lastModifiedDate":"2022-08-25"},{"lineNumber":20,"author":{"gitId":"junwei-tan"},"content":"    }","lastModifiedDate":"2022-08-19"},{"lineNumber":21,"author":{"gitId":"junwei-tan"},"content":"}","lastModifiedDate":"2022-08-19"}],"authorContributionMap":{"junwei-tan":21}},{"path":"src/main/java/Task.java","fileType":"java","lines":[{"lineNumber":1,"author":{"gitId":"junwei-tan"},"content":"public class Task {","lastModifiedDate":"2022-08-19"},{"lineNumber":2,"author":{"gitId":"junwei-tan"},"content":"    protected String description;","lastModifiedDate":"2022-08-19"},{"lineNumber":3,"author":{"gitId":"junwei-tan"},"content":"    protected boolean isDone;","lastModifiedDate":"2022-08-19"},{"lineNumber":4,"author":{"gitId":"junwei-tan"},"content":"","lastModifiedDate":"2022-08-19"},{"lineNumber":5,"author":{"gitId":"junwei-tan"},"content":"    public Task(String description) {","lastModifiedDate":"2022-08-19"},{"lineNumber":6,"author":{"gitId":"junwei-tan"},"content":"        this.description \u003d description;","lastModifiedDate":"2022-08-19"},{"lineNumber":7,"author":{"gitId":"junwei-tan"},"content":"        this.isDone \u003d false;","lastModifiedDate":"2022-08-19"},{"lineNumber":8,"author":{"gitId":"junwei-tan"},"content":"    }","lastModifiedDate":"2022-08-19"},{"lineNumber":9,"author":{"gitId":"junwei-tan"},"content":"","lastModifiedDate":"2022-08-19"},{"lineNumber":10,"author":{"gitId":"junwei-tan"},"content":"    public Task(String description, boolean isDone) {","lastModifiedDate":"2022-08-25"},{"lineNumber":11,"author":{"gitId":"junwei-tan"},"content":"        this.description \u003d description;","lastModifiedDate":"2022-08-25"},{"lineNumber":12,"author":{"gitId":"junwei-tan"},"content":"        this.isDone \u003d isDone;","lastModifiedDate":"2022-08-25"},{"lineNumber":13,"author":{"gitId":"junwei-tan"},"content":"    }","lastModifiedDate":"2022-08-25"},{"lineNumber":14,"author":{"gitId":"junwei-tan"},"content":"","lastModifiedDate":"2022-08-25"},{"lineNumber":15,"author":{"gitId":"junwei-tan"},"content":"    public String getStatusIcon() {","lastModifiedDate":"2022-08-19"},{"lineNumber":16,"author":{"gitId":"junwei-tan"},"content":"        return (isDone ? \"X\" : \" \"); // mark done task with X","lastModifiedDate":"2022-08-19"},{"lineNumber":17,"author":{"gitId":"junwei-tan"},"content":"    }","lastModifiedDate":"2022-08-19"},{"lineNumber":18,"author":{"gitId":"junwei-tan"},"content":"","lastModifiedDate":"2022-08-19"},{"lineNumber":19,"author":{"gitId":"junwei-tan"},"content":"    @Override","lastModifiedDate":"2022-08-19"},{"lineNumber":20,"author":{"gitId":"junwei-tan"},"content":"    public String toString() {","lastModifiedDate":"2022-08-19"},{"lineNumber":21,"author":{"gitId":"junwei-tan"},"content":"        return \"[\" + this.getStatusIcon() + \"] \" + this.description;","lastModifiedDate":"2022-08-19"},{"lineNumber":22,"author":{"gitId":"junwei-tan"},"content":"    }","lastModifiedDate":"2022-08-19"},{"lineNumber":23,"author":{"gitId":"junwei-tan"},"content":"}","lastModifiedDate":"2022-08-19"}],"authorContributionMap":{"junwei-tan":23}},{"path":"src/main/java/ToDo.java","fileType":"java","lines":[{"lineNumber":1,"author":{"gitId":"junwei-tan"},"content":"public class ToDo extends Task {","lastModifiedDate":"2022-08-19"},{"lineNumber":2,"author":{"gitId":"junwei-tan"},"content":"","lastModifiedDate":"2022-08-19"},{"lineNumber":3,"author":{"gitId":"junwei-tan"},"content":"    public ToDo(String description) {","lastModifiedDate":"2022-08-19"},{"lineNumber":4,"author":{"gitId":"junwei-tan"},"content":"        super(description);","lastModifiedDate":"2022-08-19"},{"lineNumber":5,"author":{"gitId":"junwei-tan"},"content":"    }","lastModifiedDate":"2022-08-19"},{"lineNumber":6,"author":{"gitId":"junwei-tan"},"content":"","lastModifiedDate":"2022-08-19"},{"lineNumber":7,"author":{"gitId":"junwei-tan"},"content":"    public ToDo(String description, boolean isDone) {","lastModifiedDate":"2022-08-25"},{"lineNumber":8,"author":{"gitId":"junwei-tan"},"content":"        super(description, isDone);","lastModifiedDate":"2022-08-25"},{"lineNumber":9,"author":{"gitId":"junwei-tan"},"content":"    }","lastModifiedDate":"2022-08-25"},{"lineNumber":10,"author":{"gitId":"junwei-tan"},"content":"","lastModifiedDate":"2022-08-25"},{"lineNumber":11,"author":{"gitId":"junwei-tan"},"content":"    @Override","lastModifiedDate":"2022-08-19"},{"lineNumber":12,"author":{"gitId":"junwei-tan"},"content":"    public String toString() {","lastModifiedDate":"2022-08-19"},{"lineNumber":13,"author":{"gitId":"junwei-tan"},"content":"        return \"[T]\" + super.toString();","lastModifiedDate":"2022-08-19"},{"lineNumber":14,"author":{"gitId":"junwei-tan"},"content":"    }","lastModifiedDate":"2022-08-19"},{"lineNumber":15,"author":{"gitId":"junwei-tan"},"content":"}","lastModifiedDate":"2022-08-19"}],"authorContributionMap":{"junwei-tan":15}},{"path":"text-ui-test/input.txt","fileType":"txt","lines":[{"lineNumber":1,"author":{"gitId":"junwei-tan"},"content":"list","lastModifiedDate":"2022-08-19"},{"lineNumber":2,"author":{"gitId":"junwei-tan"},"content":"","lastModifiedDate":"2022-08-19"},{"lineNumber":3,"author":{"gitId":"junwei-tan"},"content":"todo this task","lastModifiedDate":"2022-08-19"},{"lineNumber":4,"author":{"gitId":"junwei-tan"},"content":"","lastModifiedDate":"2022-08-19"},{"lineNumber":5,"author":{"gitId":"junwei-tan"},"content":"event e /at sunday 12pm","lastModifiedDate":"2022-08-19"},{"lineNumber":6,"author":{"gitId":"junwei-tan"},"content":"","lastModifiedDate":"2022-08-19"},{"lineNumber":7,"author":{"gitId":"junwei-tan"},"content":"deadline assignment /by sat 2359","lastModifiedDate":"2022-08-19"},{"lineNumber":8,"author":{"gitId":"junwei-tan"},"content":"","lastModifiedDate":"2022-08-19"},{"lineNumber":9,"author":{"gitId":"junwei-tan"},"content":"mark 1","lastModifiedDate":"2022-08-19"},{"lineNumber":10,"author":{"gitId":"junwei-tan"},"content":"","lastModifiedDate":"2022-08-19"},{"lineNumber":11,"author":{"gitId":"junwei-tan"},"content":"unmark 1","lastModifiedDate":"2022-08-19"},{"lineNumber":12,"author":{"gitId":"junwei-tan"},"content":"","lastModifiedDate":"2022-08-19"},{"lineNumber":13,"author":{"gitId":"junwei-tan"},"content":"mark -1","lastModifiedDate":"2022-08-19"},{"lineNumber":14,"author":{"gitId":"junwei-tan"},"content":"","lastModifiedDate":"2022-08-19"},{"lineNumber":15,"author":{"gitId":"junwei-tan"},"content":"mark 1","lastModifiedDate":"2022-08-19"},{"lineNumber":16,"author":{"gitId":"junwei-tan"},"content":"","lastModifiedDate":"2022-08-19"},{"lineNumber":17,"author":{"gitId":"junwei-tan"},"content":"mark 1","lastModifiedDate":"2022-08-19"},{"lineNumber":18,"author":{"gitId":"junwei-tan"},"content":"","lastModifiedDate":"2022-08-19"},{"lineNumber":19,"author":{"gitId":"junwei-tan"},"content":"list","lastModifiedDate":"2022-08-19"},{"lineNumber":20,"author":{"gitId":"junwei-tan"},"content":"","lastModifiedDate":"2022-08-19"},{"lineNumber":21,"author":{"gitId":"junwei-tan"},"content":"mark","lastModifiedDate":"2022-08-19"},{"lineNumber":22,"author":{"gitId":"junwei-tan"},"content":"","lastModifiedDate":"2022-08-19"},{"lineNumber":23,"author":{"gitId":"junwei-tan"},"content":"unmark","lastModifiedDate":"2022-08-19"},{"lineNumber":24,"author":{"gitId":"junwei-tan"},"content":"","lastModifiedDate":"2022-08-19"},{"lineNumber":25,"author":{"gitId":"junwei-tan"},"content":"mark 99","lastModifiedDate":"2022-08-19"},{"lineNumber":26,"author":{"gitId":"junwei-tan"},"content":"","lastModifiedDate":"2022-08-19"},{"lineNumber":27,"author":{"gitId":"junwei-tan"},"content":"list","lastModifiedDate":"2022-08-19"},{"lineNumber":28,"author":{"gitId":"junwei-tan"},"content":"","lastModifiedDate":"2022-08-19"},{"lineNumber":29,"author":{"gitId":"junwei-tan"},"content":"mark a","lastModifiedDate":"2022-08-19"},{"lineNumber":30,"author":{"gitId":"junwei-tan"},"content":"","lastModifiedDate":"2022-08-19"},{"lineNumber":31,"author":{"gitId":"junwei-tan"},"content":"unmark b","lastModifiedDate":"2022-08-19"},{"lineNumber":32,"author":{"gitId":"junwei-tan"},"content":"","lastModifiedDate":"2022-08-19"},{"lineNumber":33,"author":{"gitId":"junwei-tan"},"content":"todo borrow book","lastModifiedDate":"2022-08-19"},{"lineNumber":34,"author":{"gitId":"junwei-tan"},"content":"","lastModifiedDate":"2022-08-19"},{"lineNumber":35,"author":{"gitId":"junwei-tan"},"content":"list","lastModifiedDate":"2022-08-19"},{"lineNumber":36,"author":{"gitId":"junwei-tan"},"content":"","lastModifiedDate":"2022-08-19"},{"lineNumber":37,"author":{"gitId":"junwei-tan"},"content":"deadline return book /by Sunday","lastModifiedDate":"2022-08-19"},{"lineNumber":38,"author":{"gitId":"junwei-tan"},"content":"","lastModifiedDate":"2022-08-19"},{"lineNumber":39,"author":{"gitId":"junwei-tan"},"content":"mark 1","lastModifiedDate":"2022-08-19"},{"lineNumber":40,"author":{"gitId":"junwei-tan"},"content":"","lastModifiedDate":"2022-08-19"},{"lineNumber":41,"author":{"gitId":"junwei-tan"},"content":"event project meeting /at Mon 2-4pm","lastModifiedDate":"2022-08-19"},{"lineNumber":42,"author":{"gitId":"junwei-tan"},"content":"","lastModifiedDate":"2022-08-19"},{"lineNumber":43,"author":{"gitId":"junwei-tan"},"content":"list","lastModifiedDate":"2022-08-19"},{"lineNumber":44,"author":{"gitId":"junwei-tan"},"content":"","lastModifiedDate":"2022-08-19"},{"lineNumber":45,"author":{"gitId":"junwei-tan"},"content":"unmark 1","lastModifiedDate":"2022-08-19"},{"lineNumber":46,"author":{"gitId":"junwei-tan"},"content":"","lastModifiedDate":"2022-08-19"},{"lineNumber":47,"author":{"gitId":"junwei-tan"},"content":"list","lastModifiedDate":"2022-08-19"},{"lineNumber":48,"author":{"gitId":"junwei-tan"},"content":"","lastModifiedDate":"2022-08-19"},{"lineNumber":49,"author":{"gitId":"junwei-tan"},"content":"mark 1","lastModifiedDate":"2022-08-19"},{"lineNumber":50,"author":{"gitId":"junwei-tan"},"content":"","lastModifiedDate":"2022-08-19"},{"lineNumber":51,"author":{"gitId":"junwei-tan"},"content":"mark 2","lastModifiedDate":"2022-08-19"},{"lineNumber":52,"author":{"gitId":"junwei-tan"},"content":"","lastModifiedDate":"2022-08-19"},{"lineNumber":53,"author":{"gitId":"junwei-tan"},"content":"mark 9999","lastModifiedDate":"2022-08-19"},{"lineNumber":54,"author":{"gitId":"junwei-tan"},"content":"","lastModifiedDate":"2022-08-19"},{"lineNumber":55,"author":{"gitId":"junwei-tan"},"content":"mark 3","lastModifiedDate":"2022-08-19"},{"lineNumber":56,"author":{"gitId":"junwei-tan"},"content":"","lastModifiedDate":"2022-08-19"},{"lineNumber":57,"author":{"gitId":"junwei-tan"},"content":"mark 4","lastModifiedDate":"2022-08-19"},{"lineNumber":58,"author":{"gitId":"junwei-tan"},"content":"","lastModifiedDate":"2022-08-19"},{"lineNumber":59,"author":{"gitId":"junwei-tan"},"content":"list","lastModifiedDate":"2022-08-19"},{"lineNumber":60,"author":{"gitId":"junwei-tan"},"content":"","lastModifiedDate":"2022-08-19"},{"lineNumber":61,"author":{"gitId":"junwei-tan"},"content":"unmark 3","lastModifiedDate":"2022-08-19"},{"lineNumber":62,"author":{"gitId":"junwei-tan"},"content":"","lastModifiedDate":"2022-08-19"},{"lineNumber":63,"author":{"gitId":"junwei-tan"},"content":"unmark 2","lastModifiedDate":"2022-08-19"},{"lineNumber":64,"author":{"gitId":"junwei-tan"},"content":"","lastModifiedDate":"2022-08-19"},{"lineNumber":65,"author":{"gitId":"junwei-tan"},"content":"blah","lastModifiedDate":"2022-08-19"}],"authorContributionMap":{"junwei-tan":65}}]
