[{"path":"src/main/java/Deadline.java","fileType":"java","lines":[{"lineNumber":1,"author":{"gitId":"AkkFiros"},"content":"/**","lastModifiedDate":"2022-08-19"},{"lineNumber":2,"author":{"gitId":"AkkFiros"},"content":" * Deadlines are tasks that have a description and must be done by a certain time.","lastModifiedDate":"2022-08-19"},{"lineNumber":3,"author":{"gitId":"AkkFiros"},"content":" */","lastModifiedDate":"2022-08-19"},{"lineNumber":4,"author":{"gitId":"AkkFiros"},"content":"public class Deadline extends Task {","lastModifiedDate":"2022-08-19"},{"lineNumber":5,"author":{"gitId":"AkkFiros"},"content":"    protected String by;","lastModifiedDate":"2022-08-19"},{"lineNumber":6,"author":{"gitId":"AkkFiros"},"content":"","lastModifiedDate":"2022-08-19"},{"lineNumber":7,"author":{"gitId":"AkkFiros"},"content":"    /**","lastModifiedDate":"2022-08-19"},{"lineNumber":8,"author":{"gitId":"AkkFiros"},"content":"     * Constructor for Deadline task","lastModifiedDate":"2022-08-19"},{"lineNumber":9,"author":{"gitId":"AkkFiros"},"content":"     * @param description description of a task that the user inputs","lastModifiedDate":"2022-08-19"},{"lineNumber":10,"author":{"gitId":"AkkFiros"},"content":"     * @param by the cut off time for user to complete the task","lastModifiedDate":"2022-08-19"},{"lineNumber":11,"author":{"gitId":"AkkFiros"},"content":"     */","lastModifiedDate":"2022-08-19"},{"lineNumber":12,"author":{"gitId":"AkkFiros"},"content":"    public Deadline(String description, String by) {","lastModifiedDate":"2022-08-19"},{"lineNumber":13,"author":{"gitId":"AkkFiros"},"content":"        super(description);","lastModifiedDate":"2022-08-19"},{"lineNumber":14,"author":{"gitId":"AkkFiros"},"content":"        this.by \u003d by;","lastModifiedDate":"2022-08-19"},{"lineNumber":15,"author":{"gitId":"AkkFiros"},"content":"    }","lastModifiedDate":"2022-08-19"},{"lineNumber":16,"author":{"gitId":"AkkFiros"},"content":"","lastModifiedDate":"2022-08-19"},{"lineNumber":17,"author":{"gitId":"AkkFiros"},"content":"    /**","lastModifiedDate":"2022-08-19"},{"lineNumber":18,"author":{"gitId":"AkkFiros"},"content":"     * Retrieves the cut off time of a deadline task","lastModifiedDate":"2022-08-19"},{"lineNumber":19,"author":{"gitId":"AkkFiros"},"content":"     * @return the cut off time of a task","lastModifiedDate":"2022-08-19"},{"lineNumber":20,"author":{"gitId":"AkkFiros"},"content":"     */","lastModifiedDate":"2022-08-19"},{"lineNumber":21,"author":{"gitId":"AkkFiros"},"content":"    public String getCutOff() {","lastModifiedDate":"2022-08-19"},{"lineNumber":22,"author":{"gitId":"AkkFiros"},"content":"        return this.by;","lastModifiedDate":"2022-08-19"},{"lineNumber":23,"author":{"gitId":"AkkFiros"},"content":"    }","lastModifiedDate":"2022-08-19"},{"lineNumber":24,"author":{"gitId":"AkkFiros"},"content":"","lastModifiedDate":"2022-08-19"},{"lineNumber":25,"author":{"gitId":"AkkFiros"},"content":"    /**","lastModifiedDate":"2022-08-19"},{"lineNumber":26,"author":{"gitId":"AkkFiros"},"content":"     * toString method for a Deadline task","lastModifiedDate":"2022-08-19"},{"lineNumber":27,"author":{"gitId":"AkkFiros"},"content":"     * @return string representation of a Deadline task","lastModifiedDate":"2022-08-19"},{"lineNumber":28,"author":{"gitId":"AkkFiros"},"content":"     */","lastModifiedDate":"2022-08-19"},{"lineNumber":29,"author":{"gitId":"AkkFiros"},"content":"    @Override","lastModifiedDate":"2022-08-19"},{"lineNumber":30,"author":{"gitId":"AkkFiros"},"content":"    public String toString() {","lastModifiedDate":"2022-08-19"},{"lineNumber":31,"author":{"gitId":"AkkFiros"},"content":"        return \"[D]\" + super.toString() + \" (by: \" + by + \")\";","lastModifiedDate":"2022-08-19"},{"lineNumber":32,"author":{"gitId":"AkkFiros"},"content":"    }","lastModifiedDate":"2022-08-19"},{"lineNumber":33,"author":{"gitId":"AkkFiros"},"content":"}","lastModifiedDate":"2022-08-19"}],"authorContributionMap":{"AkkFiros":33}},{"path":"src/main/java/Event.java","fileType":"java","lines":[{"lineNumber":1,"author":{"gitId":"AkkFiros"},"content":"/**","lastModifiedDate":"2022-08-19"},{"lineNumber":2,"author":{"gitId":"AkkFiros"},"content":" * Events are tasks that have a description, a start and end time.","lastModifiedDate":"2022-08-19"},{"lineNumber":3,"author":{"gitId":"AkkFiros"},"content":" */","lastModifiedDate":"2022-08-19"},{"lineNumber":4,"author":{"gitId":"AkkFiros"},"content":"public class Event extends Task {","lastModifiedDate":"2022-08-19"},{"lineNumber":5,"author":{"gitId":"AkkFiros"},"content":"    protected String at;","lastModifiedDate":"2022-08-19"},{"lineNumber":6,"author":{"gitId":"AkkFiros"},"content":"","lastModifiedDate":"2022-08-19"},{"lineNumber":7,"author":{"gitId":"AkkFiros"},"content":"    /**","lastModifiedDate":"2022-08-19"},{"lineNumber":8,"author":{"gitId":"AkkFiros"},"content":"     * Constructor for an Event task","lastModifiedDate":"2022-08-19"},{"lineNumber":9,"author":{"gitId":"AkkFiros"},"content":"     * @param description description of a task that the user inputs","lastModifiedDate":"2022-08-19"},{"lineNumber":10,"author":{"gitId":"AkkFiros"},"content":"     * @param at the time frame which this Event task occurs at","lastModifiedDate":"2022-08-19"},{"lineNumber":11,"author":{"gitId":"AkkFiros"},"content":"     */","lastModifiedDate":"2022-08-19"},{"lineNumber":12,"author":{"gitId":"AkkFiros"},"content":"    public Event(String description, String at) {","lastModifiedDate":"2022-08-19"},{"lineNumber":13,"author":{"gitId":"AkkFiros"},"content":"        super(description);","lastModifiedDate":"2022-08-19"},{"lineNumber":14,"author":{"gitId":"AkkFiros"},"content":"        this.at \u003d at;","lastModifiedDate":"2022-08-19"},{"lineNumber":15,"author":{"gitId":"AkkFiros"},"content":"    }","lastModifiedDate":"2022-08-19"},{"lineNumber":16,"author":{"gitId":"AkkFiros"},"content":"","lastModifiedDate":"2022-08-19"},{"lineNumber":17,"author":{"gitId":"AkkFiros"},"content":"    /**","lastModifiedDate":"2022-08-19"},{"lineNumber":18,"author":{"gitId":"AkkFiros"},"content":"     * Retrieves the time that an Event task occurs at","lastModifiedDate":"2022-08-19"},{"lineNumber":19,"author":{"gitId":"AkkFiros"},"content":"     * @return the time which the Event task occurs at","lastModifiedDate":"2022-08-19"},{"lineNumber":20,"author":{"gitId":"AkkFiros"},"content":"     */","lastModifiedDate":"2022-08-19"},{"lineNumber":21,"author":{"gitId":"AkkFiros"},"content":"    public String getTiming() {","lastModifiedDate":"2022-08-19"},{"lineNumber":22,"author":{"gitId":"AkkFiros"},"content":"        return this.at;","lastModifiedDate":"2022-08-19"},{"lineNumber":23,"author":{"gitId":"AkkFiros"},"content":"    }","lastModifiedDate":"2022-08-19"},{"lineNumber":24,"author":{"gitId":"AkkFiros"},"content":"","lastModifiedDate":"2022-08-19"},{"lineNumber":25,"author":{"gitId":"AkkFiros"},"content":"    /**","lastModifiedDate":"2022-08-19"},{"lineNumber":26,"author":{"gitId":"AkkFiros"},"content":"     * toString method for an Event task","lastModifiedDate":"2022-08-19"},{"lineNumber":27,"author":{"gitId":"AkkFiros"},"content":"     * @return string representation of an Event task","lastModifiedDate":"2022-08-19"},{"lineNumber":28,"author":{"gitId":"AkkFiros"},"content":"     */","lastModifiedDate":"2022-08-19"},{"lineNumber":29,"author":{"gitId":"AkkFiros"},"content":"    @Override","lastModifiedDate":"2022-08-19"},{"lineNumber":30,"author":{"gitId":"AkkFiros"},"content":"    public String toString() {","lastModifiedDate":"2022-08-19"},{"lineNumber":31,"author":{"gitId":"AkkFiros"},"content":"        return \"[E]\" + super.toString() + \" (at: \" + at + \")\";","lastModifiedDate":"2022-08-19"},{"lineNumber":32,"author":{"gitId":"AkkFiros"},"content":"    }","lastModifiedDate":"2022-08-19"},{"lineNumber":33,"author":{"gitId":"AkkFiros"},"content":"}","lastModifiedDate":"2022-08-19"}],"authorContributionMap":{"AkkFiros":33}},{"path":"src/main/java/KKBot.java","fileType":"java","lines":[{"lineNumber":1,"author":{"gitId":"AkkFiros"},"content":"import java.util.Scanner;","lastModifiedDate":"2022-08-18"},{"lineNumber":2,"author":{"gitId":"AkkFiros"},"content":"import java.util.ArrayList;","lastModifiedDate":"2022-08-18"},{"lineNumber":3,"author":{"gitId":"AkkFiros"},"content":"import java.util.List;","lastModifiedDate":"2022-08-18"},{"lineNumber":4,"author":{"gitId":"AkkFiros"},"content":"","lastModifiedDate":"2022-08-18"},{"lineNumber":5,"author":{"gitId":"AkkFiros"},"content":"/**","lastModifiedDate":"2022-08-18"},{"lineNumber":6,"author":{"gitId":"AkkFiros"},"content":" * KKBot is a chatbot that helps keep track of your to-do list!","lastModifiedDate":"2022-08-19"},{"lineNumber":7,"author":{"gitId":"AkkFiros"},"content":" * It currently supports the following keywords:","lastModifiedDate":"2022-08-19"},{"lineNumber":8,"author":{"gitId":"AkkFiros"},"content":" *     1) bye: exits the chatbot","lastModifiedDate":"2022-08-19"},{"lineNumber":9,"author":{"gitId":"AkkFiros"},"content":" *     2) list: lists out all tasks stored","lastModifiedDate":"2022-08-19"},{"lineNumber":10,"author":{"gitId":"AkkFiros"},"content":" *     3) mark x: marks the x-th item in your list as complete","lastModifiedDate":"2022-08-19"},{"lineNumber":11,"author":{"gitId":"AkkFiros"},"content":" *     4) unmark x: marks the x-th item in your list as incomplete","lastModifiedDate":"2022-08-19"},{"lineNumber":12,"author":{"gitId":"AkkFiros"},"content":" *     5) todo ijk: adds in a todo task ijk to the list","lastModifiedDate":"2022-08-19"},{"lineNumber":13,"author":{"gitId":"AkkFiros"},"content":" *     6) deadline rst /by date-time: adds in a deadline task due by date-time","lastModifiedDate":"2022-08-19"},{"lineNumber":14,"author":{"gitId":"AkkFiros"},"content":" *     7) event xyz /at date-time: adds in an event task occurring at date-time","lastModifiedDate":"2022-08-19"},{"lineNumber":15,"author":{"gitId":"AkkFiros"},"content":" * If no keywords are used, KKBot returns an error message.","lastModifiedDate":"2022-08-19"},{"lineNumber":16,"author":{"gitId":"AkkFiros"},"content":" *","lastModifiedDate":"2022-08-19"},{"lineNumber":17,"author":{"gitId":"AkkFiros"},"content":" * @author AkkFiros","lastModifiedDate":"2022-08-19"},{"lineNumber":18,"author":{"gitId":"AkkFiros"},"content":" */","lastModifiedDate":"2022-08-18"},{"lineNumber":19,"author":{"gitId":"AkkFiros"},"content":"public class KKBot {","lastModifiedDate":"2022-08-18"},{"lineNumber":20,"author":{"gitId":"AkkFiros"},"content":"    // create a class level array to store all user-input tasks","lastModifiedDate":"2022-08-18"},{"lineNumber":21,"author":{"gitId":"AkkFiros"},"content":"    private static List\u003cTask\u003e tasks \u003d new ArrayList\u003c\u003e();","lastModifiedDate":"2022-08-18"},{"lineNumber":22,"author":{"gitId":"AkkFiros"},"content":"","lastModifiedDate":"2022-08-18"},{"lineNumber":23,"author":{"gitId":"AkkFiros"},"content":"    public static void main(String[] args) {","lastModifiedDate":"2022-08-18"},{"lineNumber":24,"author":{"gitId":"AkkFiros"},"content":"        // Welcome message and header","lastModifiedDate":"2022-08-18"},{"lineNumber":25,"author":{"gitId":"AkkFiros"},"content":"        String divider \u003d \"____________________________________________________________\\n\";","lastModifiedDate":"2022-08-18"},{"lineNumber":26,"author":{"gitId":"AkkFiros"},"content":"        String logo \u003d \" __   __   __   __  _____\\n\"","lastModifiedDate":"2022-08-18"},{"lineNumber":27,"author":{"gitId":"AkkFiros"},"content":"                    + \"|  | /  / |  | /  /|  __  \\\\\\n\"","lastModifiedDate":"2022-08-18"},{"lineNumber":28,"author":{"gitId":"AkkFiros"},"content":"                    + \"|  |/  /  |  |/  / | |__|  |\\n\"","lastModifiedDate":"2022-08-18"},{"lineNumber":29,"author":{"gitId":"AkkFiros"},"content":"                    + \"|     /   |     /  |      /\\n\"","lastModifiedDate":"2022-08-18"},{"lineNumber":30,"author":{"gitId":"AkkFiros"},"content":"                    + \"|     \\\\   |     \\\\  |  __  \\\\\\n\"","lastModifiedDate":"2022-08-18"},{"lineNumber":31,"author":{"gitId":"AkkFiros"},"content":"                    + \"|  |\\\\  \\\\  |  |\\\\  \\\\ | |__|  |\\n\"","lastModifiedDate":"2022-08-18"},{"lineNumber":32,"author":{"gitId":"AkkFiros"},"content":"                    + \"|__| \\\\__\\\\ |__| \\\\__\\\\|______/\\n\";","lastModifiedDate":"2022-08-18"},{"lineNumber":33,"author":{"gitId":"AkkFiros"},"content":"        String welcomeMessage \u003d \"Hello! I\u0027m KKBot! \\n\"","lastModifiedDate":"2022-08-18"},{"lineNumber":34,"author":{"gitId":"AkkFiros"},"content":"                + \"What can I do for you?\\n\";","lastModifiedDate":"2022-08-18"},{"lineNumber":35,"author":{"gitId":"AkkFiros"},"content":"        System.out.println(divider + logo + welcomeMessage + divider);","lastModifiedDate":"2022-08-18"},{"lineNumber":36,"author":{"gitId":"AkkFiros"},"content":"","lastModifiedDate":"2022-08-18"},{"lineNumber":37,"author":{"gitId":"AkkFiros"},"content":"        // Add scanner in for user input (create scanner object)","lastModifiedDate":"2022-08-18"},{"lineNumber":38,"author":{"gitId":"AkkFiros"},"content":"        Scanner userText \u003d new Scanner(System.in);","lastModifiedDate":"2022-08-18"},{"lineNumber":39,"author":{"gitId":"AkkFiros"},"content":"        // Chatbot function:","lastModifiedDate":"2022-08-18"},{"lineNumber":40,"author":{"gitId":"AkkFiros"},"content":"        while (true) {","lastModifiedDate":"2022-08-18"},{"lineNumber":41,"author":{"gitId":"AkkFiros"},"content":"            String input \u003d userText.nextLine();","lastModifiedDate":"2022-08-18"},{"lineNumber":42,"author":{"gitId":"AkkFiros"},"content":"            System.out.println(divider);","lastModifiedDate":"2022-08-18"},{"lineNumber":43,"author":{"gitId":"AkkFiros"},"content":"            // if user input is bye, chatbot closes","lastModifiedDate":"2022-08-18"},{"lineNumber":44,"author":{"gitId":"AkkFiros"},"content":"            if (input.equals(\"bye\") || input.equals(\"Bye\") || input.equals(\"BYE\")) {","lastModifiedDate":"2022-08-18"},{"lineNumber":45,"author":{"gitId":"AkkFiros"},"content":"                System.out.println(\"KKBot signing off. Goodbye!\\n\" + divider);","lastModifiedDate":"2022-08-18"},{"lineNumber":46,"author":{"gitId":"AkkFiros"},"content":"                break;","lastModifiedDate":"2022-08-18"},{"lineNumber":47,"author":{"gitId":"AkkFiros"},"content":"            // if user input is list, chatbot returns a list of stored tasks","lastModifiedDate":"2022-08-18"},{"lineNumber":48,"author":{"gitId":"AkkFiros"},"content":"            } else if (input.equals(\"list\") || input.equals(\"List\") || input.equals(\"LIST\")) {","lastModifiedDate":"2022-08-18"},{"lineNumber":49,"author":{"gitId":"AkkFiros"},"content":"                // internal check if there are any tasks to do","lastModifiedDate":"2022-08-18"},{"lineNumber":50,"author":{"gitId":"AkkFiros"},"content":"                // if no stored tasks, inform accordingly","lastModifiedDate":"2022-08-18"},{"lineNumber":51,"author":{"gitId":"AkkFiros"},"content":"                if (tasks.isEmpty()) {","lastModifiedDate":"2022-08-18"},{"lineNumber":52,"author":{"gitId":"AkkFiros"},"content":"                    System.out.println(\"Good job! There\u0027s no tasks at hand!\\n\" + divider);","lastModifiedDate":"2022-08-18"},{"lineNumber":53,"author":{"gitId":"AkkFiros"},"content":"                    // if there are stored tasks, list them out","lastModifiedDate":"2022-08-18"},{"lineNumber":54,"author":{"gitId":"AkkFiros"},"content":"                    // include the index number and status icon of the task","lastModifiedDate":"2022-08-18"},{"lineNumber":55,"author":{"gitId":"AkkFiros"},"content":"                } else {","lastModifiedDate":"2022-08-18"},{"lineNumber":56,"author":{"gitId":"AkkFiros"},"content":"                    System.out.println(\"Here\u0027s your list of tasks:\");","lastModifiedDate":"2022-08-18"},{"lineNumber":57,"author":{"gitId":"AkkFiros"},"content":"                    for (int i \u003d 0; i \u003c tasks.size(); i++) {","lastModifiedDate":"2022-08-18"},{"lineNumber":58,"author":{"gitId":"AkkFiros"},"content":"                        Task task \u003d tasks.get(i);","lastModifiedDate":"2022-08-18"},{"lineNumber":59,"author":{"gitId":"AkkFiros"},"content":"                        String completionIcon \u003d task.getStatusIcon();","lastModifiedDate":"2022-08-18"},{"lineNumber":60,"author":{"gitId":"AkkFiros"},"content":"                        String description \u003d task.getDescription();","lastModifiedDate":"2022-08-18"},{"lineNumber":61,"author":{"gitId":"AkkFiros"},"content":"                        String index \u003d String.valueOf(i + 1);","lastModifiedDate":"2022-08-18"},{"lineNumber":62,"author":{"gitId":"AkkFiros"},"content":"                        //if last task in list, add a divider after","lastModifiedDate":"2022-08-18"},{"lineNumber":63,"author":{"gitId":"AkkFiros"},"content":"                        if (i \u003d\u003d tasks.size() - 1) {","lastModifiedDate":"2022-08-18"},{"lineNumber":64,"author":{"gitId":"AkkFiros"},"content":"                            System.out.println(index + \". \" + task.toString() + \"\\n\" + divider);","lastModifiedDate":"2022-08-19"},{"lineNumber":65,"author":{"gitId":"AkkFiros"},"content":"                        } else {","lastModifiedDate":"2022-08-18"},{"lineNumber":66,"author":{"gitId":"AkkFiros"},"content":"                            System.out.println(index + \". \" + task.toString() + \"\\n\");","lastModifiedDate":"2022-08-19"},{"lineNumber":67,"author":{"gitId":"AkkFiros"},"content":"                        }","lastModifiedDate":"2022-08-18"},{"lineNumber":68,"author":{"gitId":"AkkFiros"},"content":"                    }","lastModifiedDate":"2022-08-18"},{"lineNumber":69,"author":{"gitId":"AkkFiros"},"content":"                }","lastModifiedDate":"2022-08-18"},{"lineNumber":70,"author":{"gitId":"AkkFiros"},"content":"            // if user input is mark, chatbot retrieves the specified task and marks it as complete","lastModifiedDate":"2022-08-19"},{"lineNumber":71,"author":{"gitId":"AkkFiros"},"content":"            } else if (input.startsWith(\"mark\") || input.startsWith(\"Mark\") || input.startsWith(\"MARK\")) {","lastModifiedDate":"2022-08-18"},{"lineNumber":72,"author":{"gitId":"AkkFiros"},"content":"                String inputNumber \u003d input.substring(5);","lastModifiedDate":"2022-08-18"},{"lineNumber":73,"author":{"gitId":"AkkFiros"},"content":"                try {","lastModifiedDate":"2022-08-18"},{"lineNumber":74,"author":{"gitId":"AkkFiros"},"content":"                    int taskNumber \u003d Integer.parseInt(inputNumber);","lastModifiedDate":"2022-08-18"},{"lineNumber":75,"author":{"gitId":"AkkFiros"},"content":"                    Task task \u003d tasks.get(taskNumber - 1);","lastModifiedDate":"2022-08-18"},{"lineNumber":76,"author":{"gitId":"AkkFiros"},"content":"                    if (task !\u003d null) {","lastModifiedDate":"2022-08-18"},{"lineNumber":77,"author":{"gitId":"AkkFiros"},"content":"                        if (!task.getCompletion()) {","lastModifiedDate":"2022-08-18"},{"lineNumber":78,"author":{"gitId":"AkkFiros"},"content":"                            task.setComplete();","lastModifiedDate":"2022-08-18"},{"lineNumber":79,"author":{"gitId":"AkkFiros"},"content":"                            System.out.println(divider);","lastModifiedDate":"2022-08-19"},{"lineNumber":80,"author":{"gitId":"AkkFiros"},"content":"                        } else {","lastModifiedDate":"2022-08-18"},{"lineNumber":81,"author":{"gitId":"AkkFiros"},"content":"                            System.out.println(\"Silly you, that task is already complete!\\n\" + divider);","lastModifiedDate":"2022-08-19"},{"lineNumber":82,"author":{"gitId":"AkkFiros"},"content":"                        }","lastModifiedDate":"2022-08-18"},{"lineNumber":83,"author":{"gitId":"AkkFiros"},"content":"                    }","lastModifiedDate":"2022-08-18"},{"lineNumber":84,"author":{"gitId":"AkkFiros"},"content":"                } catch (NumberFormatException nfe) {","lastModifiedDate":"2022-08-18"},{"lineNumber":85,"author":{"gitId":"AkkFiros"},"content":"                    System.out.println(\"Woopsies you left out the task number. Please specify one!\\n\" + divider);","lastModifiedDate":"2022-08-19"},{"lineNumber":86,"author":{"gitId":"AkkFiros"},"content":"                } catch (IndexOutOfBoundsException ioobe) {","lastModifiedDate":"2022-08-18"},{"lineNumber":87,"author":{"gitId":"AkkFiros"},"content":"                    System.out.println(\"Hmm... that task doesn\u0027t exist. Please input another task number!\\n\" + divider);","lastModifiedDate":"2022-08-19"},{"lineNumber":88,"author":{"gitId":"AkkFiros"},"content":"                }","lastModifiedDate":"2022-08-18"},{"lineNumber":89,"author":{"gitId":"AkkFiros"},"content":"            // if user input is unmark, chatbot retrieves the specified task and marks it as incomplete","lastModifiedDate":"2022-08-19"},{"lineNumber":90,"author":{"gitId":"AkkFiros"},"content":"            } else if (input.startsWith(\"unmark\") || input.startsWith(\"Unmark\") || input.startsWith(\"UNMARK\")) {","lastModifiedDate":"2022-08-18"},{"lineNumber":91,"author":{"gitId":"AkkFiros"},"content":"                String inputNumber \u003d input.substring(7);","lastModifiedDate":"2022-08-18"},{"lineNumber":92,"author":{"gitId":"AkkFiros"},"content":"                try {","lastModifiedDate":"2022-08-18"},{"lineNumber":93,"author":{"gitId":"AkkFiros"},"content":"                    int taskNumber \u003d Integer.parseInt(inputNumber);","lastModifiedDate":"2022-08-18"},{"lineNumber":94,"author":{"gitId":"AkkFiros"},"content":"                    Task task \u003d tasks.get(taskNumber - 1);","lastModifiedDate":"2022-08-18"},{"lineNumber":95,"author":{"gitId":"AkkFiros"},"content":"                    if (task !\u003d null) {","lastModifiedDate":"2022-08-18"},{"lineNumber":96,"author":{"gitId":"AkkFiros"},"content":"                        if (task.getCompletion()) {","lastModifiedDate":"2022-08-18"},{"lineNumber":97,"author":{"gitId":"AkkFiros"},"content":"                            task.setIncomplete();","lastModifiedDate":"2022-08-18"},{"lineNumber":98,"author":{"gitId":"AkkFiros"},"content":"                            System.out.println(divider);","lastModifiedDate":"2022-08-19"},{"lineNumber":99,"author":{"gitId":"AkkFiros"},"content":"                        } else {","lastModifiedDate":"2022-08-18"},{"lineNumber":100,"author":{"gitId":"AkkFiros"},"content":"                            System.out.println(\"Erm... that task was never complete...\\n\" + divider);","lastModifiedDate":"2022-08-19"},{"lineNumber":101,"author":{"gitId":"AkkFiros"},"content":"                        }","lastModifiedDate":"2022-08-18"},{"lineNumber":102,"author":{"gitId":"AkkFiros"},"content":"                    }","lastModifiedDate":"2022-08-18"},{"lineNumber":103,"author":{"gitId":"AkkFiros"},"content":"                } catch (NumberFormatException nfe) {","lastModifiedDate":"2022-08-18"},{"lineNumber":104,"author":{"gitId":"AkkFiros"},"content":"                    System.out.println(\"Woopsies you left out the task number. Please specify one!\\n\" + divider);","lastModifiedDate":"2022-08-19"},{"lineNumber":105,"author":{"gitId":"AkkFiros"},"content":"                } catch (IndexOutOfBoundsException ioobe) {","lastModifiedDate":"2022-08-18"},{"lineNumber":106,"author":{"gitId":"AkkFiros"},"content":"                    System.out.println(\"Hmm... that task doesn\u0027t exist. Please input another task number!\\n\" + divider);","lastModifiedDate":"2022-08-19"},{"lineNumber":107,"author":{"gitId":"AkkFiros"},"content":"                }","lastModifiedDate":"2022-08-18"},{"lineNumber":108,"author":{"gitId":"AkkFiros"},"content":"            // if user input is todo, chatbot creates and adds in a new todo task to the list","lastModifiedDate":"2022-08-19"},{"lineNumber":109,"author":{"gitId":"AkkFiros"},"content":"            } else if (input.startsWith(\"todo\") || input.startsWith(\"Todo\") || input.startsWith(\"TODO\")) {","lastModifiedDate":"2022-08-19"},{"lineNumber":110,"author":{"gitId":"AkkFiros"},"content":"                try {","lastModifiedDate":"2022-08-19"},{"lineNumber":111,"author":{"gitId":"AkkFiros"},"content":"                    String description \u003d input.substring(5);","lastModifiedDate":"2022-08-19"},{"lineNumber":112,"author":{"gitId":"AkkFiros"},"content":"                    ToDo newToDo \u003d new ToDo(description);","lastModifiedDate":"2022-08-19"},{"lineNumber":113,"author":{"gitId":"AkkFiros"},"content":"                    tasks.add(newToDo);","lastModifiedDate":"2022-08-19"},{"lineNumber":114,"author":{"gitId":"AkkFiros"},"content":"                    System.out.println(\"I\u0027ve added something to do to your list:\\n\" + \"    \" + newToDo.toString()","lastModifiedDate":"2022-08-19"},{"lineNumber":115,"author":{"gitId":"AkkFiros"},"content":"                            + \"\\n\" + \"Now you have \" + tasks.size() + \" tasks in the list!\\n\" + divider);","lastModifiedDate":"2022-08-19"},{"lineNumber":116,"author":{"gitId":"AkkFiros"},"content":"                } catch (IndexOutOfBoundsException ioobe) {","lastModifiedDate":"2022-08-19"},{"lineNumber":117,"author":{"gitId":"AkkFiros"},"content":"                    System.out.println(\"You forgot to specify a task! Try again!\\n\" + divider);","lastModifiedDate":"2022-08-19"},{"lineNumber":118,"author":{"gitId":"AkkFiros"},"content":"                }","lastModifiedDate":"2022-08-19"},{"lineNumber":119,"author":{"gitId":"AkkFiros"},"content":"            // if user input is deadline, chatbot creates and adds in a new deadline task to the list","lastModifiedDate":"2022-08-19"},{"lineNumber":120,"author":{"gitId":"AkkFiros"},"content":"            // it also sources out the deadline from the user input and jots it down in the list as well","lastModifiedDate":"2022-08-19"},{"lineNumber":121,"author":{"gitId":"AkkFiros"},"content":"            } else if (input.startsWith(\"deadline\") || input.startsWith(\"Deadline\") || input.startsWith(\"DEADLINE\")) {","lastModifiedDate":"2022-08-19"},{"lineNumber":122,"author":{"gitId":"AkkFiros"},"content":"                try {","lastModifiedDate":"2022-08-19"},{"lineNumber":123,"author":{"gitId":"AkkFiros"},"content":"                    int separator \u003d input.indexOf(\" /by \");","lastModifiedDate":"2022-08-19"},{"lineNumber":124,"author":{"gitId":"AkkFiros"},"content":"                    String description \u003d input.substring(9, separator).trim();","lastModifiedDate":"2022-08-19"},{"lineNumber":125,"author":{"gitId":"AkkFiros"},"content":"                    String by \u003d input.substring(separator + 5);","lastModifiedDate":"2022-08-19"},{"lineNumber":126,"author":{"gitId":"AkkFiros"},"content":"                    Deadline newDeadline \u003d new Deadline(description, by);","lastModifiedDate":"2022-08-19"},{"lineNumber":127,"author":{"gitId":"AkkFiros"},"content":"                    tasks.add(newDeadline);","lastModifiedDate":"2022-08-19"},{"lineNumber":128,"author":{"gitId":"AkkFiros"},"content":"                    System.out.println(\"You\u0027ve got a new deadline added to your list:\\n\" + \"    \"","lastModifiedDate":"2022-08-19"},{"lineNumber":129,"author":{"gitId":"AkkFiros"},"content":"                            + newDeadline.toString() + \"\\n\" + \"Now you have \" + tasks.size()","lastModifiedDate":"2022-08-19"},{"lineNumber":130,"author":{"gitId":"AkkFiros"},"content":"                            + \" tasks in the list!\\n\" + divider);","lastModifiedDate":"2022-08-19"},{"lineNumber":131,"author":{"gitId":"AkkFiros"},"content":"                } catch (IndexOutOfBoundsException ioobe) {","lastModifiedDate":"2022-08-19"},{"lineNumber":132,"author":{"gitId":"AkkFiros"},"content":"                    System.out.println(\"You forgot to specify a task/deadline! Try again!\\n\" + divider);","lastModifiedDate":"2022-08-19"},{"lineNumber":133,"author":{"gitId":"AkkFiros"},"content":"                }","lastModifiedDate":"2022-08-19"},{"lineNumber":134,"author":{"gitId":"AkkFiros"},"content":"            // if user input is event, chatbot creates and adds in a new event to the list","lastModifiedDate":"2022-08-19"},{"lineNumber":135,"author":{"gitId":"AkkFiros"},"content":"            // it also sources out the event time from the user input and jots it down in the list as well","lastModifiedDate":"2022-08-19"},{"lineNumber":136,"author":{"gitId":"AkkFiros"},"content":"            } else if (input.startsWith(\"event\") || input.startsWith(\"Event\") || input.startsWith(\"EVENT\")) {","lastModifiedDate":"2022-08-19"},{"lineNumber":137,"author":{"gitId":"AkkFiros"},"content":"                try {","lastModifiedDate":"2022-08-19"},{"lineNumber":138,"author":{"gitId":"AkkFiros"},"content":"                    int separator \u003d input.indexOf(\" /at \");","lastModifiedDate":"2022-08-19"},{"lineNumber":139,"author":{"gitId":"AkkFiros"},"content":"                    String description \u003d input.substring(6, separator).trim();","lastModifiedDate":"2022-08-19"},{"lineNumber":140,"author":{"gitId":"AkkFiros"},"content":"                    String at \u003d input.substring(separator + 5);","lastModifiedDate":"2022-08-19"},{"lineNumber":141,"author":{"gitId":"AkkFiros"},"content":"                    Event newEvent \u003d new Event(description, at);","lastModifiedDate":"2022-08-19"},{"lineNumber":142,"author":{"gitId":"AkkFiros"},"content":"                    tasks.add(newEvent);","lastModifiedDate":"2022-08-19"},{"lineNumber":143,"author":{"gitId":"AkkFiros"},"content":"                    System.out.println(\"A new event is lined up and added to your list:\\n\"","lastModifiedDate":"2022-08-19"},{"lineNumber":144,"author":{"gitId":"AkkFiros"},"content":"                            + \"    \" + newEvent.toString() + \"\\n\" + \"Now you have \"","lastModifiedDate":"2022-08-19"},{"lineNumber":145,"author":{"gitId":"AkkFiros"},"content":"                            + tasks.size() + \" tasks in the list!\\n\" + divider);","lastModifiedDate":"2022-08-19"},{"lineNumber":146,"author":{"gitId":"AkkFiros"},"content":"                } catch (IndexOutOfBoundsException ioobe) {","lastModifiedDate":"2022-08-19"},{"lineNumber":147,"author":{"gitId":"AkkFiros"},"content":"                    System.out.println(\"You forgot to specify a task/deadline! Try again!\\n\" + divider);","lastModifiedDate":"2022-08-19"},{"lineNumber":148,"author":{"gitId":"AkkFiros"},"content":"                }","lastModifiedDate":"2022-08-19"},{"lineNumber":149,"author":{"gitId":"AkkFiros"},"content":"            } else if (input.startsWith(\"delete\") || input.startsWith(\"Delete\") || input.startsWith(\"DELETE\")) {","lastModifiedDate":"2022-08-19"},{"lineNumber":150,"author":{"gitId":"AkkFiros"},"content":"                String inputNumber \u003d input.substring(7);","lastModifiedDate":"2022-08-19"},{"lineNumber":151,"author":{"gitId":"AkkFiros"},"content":"                try {","lastModifiedDate":"2022-08-19"},{"lineNumber":152,"author":{"gitId":"AkkFiros"},"content":"                    int taskNumber \u003d Integer.parseInt(inputNumber);","lastModifiedDate":"2022-08-19"},{"lineNumber":153,"author":{"gitId":"AkkFiros"},"content":"                    Task toRemove \u003d tasks.get(taskNumber - 1);","lastModifiedDate":"2022-08-19"},{"lineNumber":154,"author":{"gitId":"AkkFiros"},"content":"                    tasks.remove(toRemove);","lastModifiedDate":"2022-08-19"},{"lineNumber":155,"author":{"gitId":"AkkFiros"},"content":"                    System.out.println(\"This task has been deleted:\\n\" + \"    \" + toRemove.toString() + \"\\n\"","lastModifiedDate":"2022-08-19"},{"lineNumber":156,"author":{"gitId":"AkkFiros"},"content":"                            + \"Now you have \" + tasks.size() + \" tasks in the list!\\n\" + divider);","lastModifiedDate":"2022-08-19"},{"lineNumber":157,"author":{"gitId":"AkkFiros"},"content":"                } catch (NumberFormatException nfe) {","lastModifiedDate":"2022-08-19"},{"lineNumber":158,"author":{"gitId":"AkkFiros"},"content":"                    System.out.println(\"Woopsies you left out the task number. Please specify one!\\n\" + divider);","lastModifiedDate":"2022-08-19"},{"lineNumber":159,"author":{"gitId":"AkkFiros"},"content":"                } catch (IndexOutOfBoundsException ioobe) {","lastModifiedDate":"2022-08-19"},{"lineNumber":160,"author":{"gitId":"AkkFiros"},"content":"                    System.out.println(\"Hmm... that task doesn\u0027t exist. Please input another task number!\\n\" + divider);","lastModifiedDate":"2022-08-19"},{"lineNumber":161,"author":{"gitId":"AkkFiros"},"content":"                }","lastModifiedDate":"2022-08-19"},{"lineNumber":162,"author":{"gitId":"AkkFiros"},"content":"            // if user input has no keywords, then chatbot returns an error message","lastModifiedDate":"2022-08-19"},{"lineNumber":163,"author":{"gitId":"AkkFiros"},"content":"            } else {","lastModifiedDate":"2022-08-18"},{"lineNumber":164,"author":{"gitId":"AkkFiros"},"content":"                System.out.println(\"KKBot doesn\u0027t understood... please try again!\" + \"\\n\" + divider);","lastModifiedDate":"2022-08-19"},{"lineNumber":165,"author":{"gitId":"AkkFiros"},"content":"            }","lastModifiedDate":"2022-08-18"},{"lineNumber":166,"author":{"gitId":"AkkFiros"},"content":"        }","lastModifiedDate":"2022-08-18"},{"lineNumber":167,"author":{"gitId":"AkkFiros"},"content":"    }","lastModifiedDate":"2022-08-18"},{"lineNumber":168,"author":{"gitId":"AkkFiros"},"content":"}","lastModifiedDate":"2022-08-18"}],"authorContributionMap":{"AkkFiros":168}},{"path":"src/main/java/Task.java","fileType":"java","lines":[{"lineNumber":1,"author":{"gitId":"AkkFiros"},"content":"/**","lastModifiedDate":"2022-08-18"},{"lineNumber":2,"author":{"gitId":"AkkFiros"},"content":" * Tasks are added by the user for KKBot to store and keep track of.","lastModifiedDate":"2022-08-18"},{"lineNumber":3,"author":{"gitId":"AkkFiros"},"content":" *","lastModifiedDate":"2022-08-19"},{"lineNumber":4,"author":{"gitId":"AkkFiros"},"content":" * @author AkkFiros","lastModifiedDate":"2022-08-19"},{"lineNumber":5,"author":{"gitId":"AkkFiros"},"content":" */","lastModifiedDate":"2022-08-18"},{"lineNumber":6,"author":{"gitId":"AkkFiros"},"content":"public class Task {","lastModifiedDate":"2022-08-18"},{"lineNumber":7,"author":{"gitId":"AkkFiros"},"content":"    protected String description;","lastModifiedDate":"2022-08-18"},{"lineNumber":8,"author":{"gitId":"AkkFiros"},"content":"    protected boolean isDone;","lastModifiedDate":"2022-08-18"},{"lineNumber":9,"author":{"gitId":"AkkFiros"},"content":"","lastModifiedDate":"2022-08-18"},{"lineNumber":10,"author":{"gitId":"AkkFiros"},"content":"    /**","lastModifiedDate":"2022-08-18"},{"lineNumber":11,"author":{"gitId":"AkkFiros"},"content":"     * Constructor for a task","lastModifiedDate":"2022-08-18"},{"lineNumber":12,"author":{"gitId":"AkkFiros"},"content":"     * @param description Description of the task that the user inputs","lastModifiedDate":"2022-08-18"},{"lineNumber":13,"author":{"gitId":"AkkFiros"},"content":"     */","lastModifiedDate":"2022-08-18"},{"lineNumber":14,"author":{"gitId":"AkkFiros"},"content":"    public Task(String description) {","lastModifiedDate":"2022-08-18"},{"lineNumber":15,"author":{"gitId":"AkkFiros"},"content":"        this.description \u003d description;","lastModifiedDate":"2022-08-18"},{"lineNumber":16,"author":{"gitId":"AkkFiros"},"content":"        this.isDone \u003d false;","lastModifiedDate":"2022-08-18"},{"lineNumber":17,"author":{"gitId":"AkkFiros"},"content":"    }","lastModifiedDate":"2022-08-18"},{"lineNumber":18,"author":{"gitId":"AkkFiros"},"content":"","lastModifiedDate":"2022-08-18"},{"lineNumber":19,"author":{"gitId":"AkkFiros"},"content":"    /**","lastModifiedDate":"2022-08-18"},{"lineNumber":20,"author":{"gitId":"AkkFiros"},"content":"     * Obtains and returns the task description","lastModifiedDate":"2022-08-18"},{"lineNumber":21,"author":{"gitId":"AkkFiros"},"content":"     * @return Task description","lastModifiedDate":"2022-08-18"},{"lineNumber":22,"author":{"gitId":"AkkFiros"},"content":"     */","lastModifiedDate":"2022-08-18"},{"lineNumber":23,"author":{"gitId":"AkkFiros"},"content":"    public String getDescription() {","lastModifiedDate":"2022-08-18"},{"lineNumber":24,"author":{"gitId":"AkkFiros"},"content":"        return this.description;","lastModifiedDate":"2022-08-18"},{"lineNumber":25,"author":{"gitId":"AkkFiros"},"content":"    }","lastModifiedDate":"2022-08-18"},{"lineNumber":26,"author":{"gitId":"AkkFiros"},"content":"","lastModifiedDate":"2022-08-18"},{"lineNumber":27,"author":{"gitId":"AkkFiros"},"content":"    /**","lastModifiedDate":"2022-08-18"},{"lineNumber":28,"author":{"gitId":"AkkFiros"},"content":"     * Obtains and returns the completion status of the task","lastModifiedDate":"2022-08-18"},{"lineNumber":29,"author":{"gitId":"AkkFiros"},"content":"     * @return The completion status","lastModifiedDate":"2022-08-18"},{"lineNumber":30,"author":{"gitId":"AkkFiros"},"content":"     */","lastModifiedDate":"2022-08-18"},{"lineNumber":31,"author":{"gitId":"AkkFiros"},"content":"    public boolean getCompletion() {","lastModifiedDate":"2022-08-18"},{"lineNumber":32,"author":{"gitId":"AkkFiros"},"content":"        return this.isDone;","lastModifiedDate":"2022-08-18"},{"lineNumber":33,"author":{"gitId":"AkkFiros"},"content":"    }","lastModifiedDate":"2022-08-18"},{"lineNumber":34,"author":{"gitId":"AkkFiros"},"content":"","lastModifiedDate":"2022-08-18"},{"lineNumber":35,"author":{"gitId":"AkkFiros"},"content":"    /**","lastModifiedDate":"2022-08-18"},{"lineNumber":36,"author":{"gitId":"AkkFiros"},"content":"     * Obtains and returns the icon representation of the completion status of the task","lastModifiedDate":"2022-08-18"},{"lineNumber":37,"author":{"gitId":"AkkFiros"},"content":"     * @return the icon representing the completion status of the task","lastModifiedDate":"2022-08-18"},{"lineNumber":38,"author":{"gitId":"AkkFiros"},"content":"     */","lastModifiedDate":"2022-08-18"},{"lineNumber":39,"author":{"gitId":"AkkFiros"},"content":"    public String getStatusIcon() {","lastModifiedDate":"2022-08-18"},{"lineNumber":40,"author":{"gitId":"AkkFiros"},"content":"        return (isDone ? \"[X]\" : \"[ ]\"); // mark done task with X","lastModifiedDate":"2022-08-18"},{"lineNumber":41,"author":{"gitId":"AkkFiros"},"content":"    }","lastModifiedDate":"2022-08-18"},{"lineNumber":42,"author":{"gitId":"AkkFiros"},"content":"","lastModifiedDate":"2022-08-18"},{"lineNumber":43,"author":{"gitId":"AkkFiros"},"content":"    /**","lastModifiedDate":"2022-08-18"},{"lineNumber":44,"author":{"gitId":"AkkFiros"},"content":"     * Sets a task to complete","lastModifiedDate":"2022-08-18"},{"lineNumber":45,"author":{"gitId":"AkkFiros"},"content":"     */","lastModifiedDate":"2022-08-18"},{"lineNumber":46,"author":{"gitId":"AkkFiros"},"content":"    public void setComplete() {","lastModifiedDate":"2022-08-18"},{"lineNumber":47,"author":{"gitId":"AkkFiros"},"content":"        isDone \u003d true;","lastModifiedDate":"2022-08-18"},{"lineNumber":48,"author":{"gitId":"AkkFiros"},"content":"        System.out.println(\"Woohoo! You completed a task:\\n\" + getStatusIcon() + \" \" + getDescription());","lastModifiedDate":"2022-08-18"},{"lineNumber":49,"author":{"gitId":"AkkFiros"},"content":"    }","lastModifiedDate":"2022-08-18"},{"lineNumber":50,"author":{"gitId":"AkkFiros"},"content":"","lastModifiedDate":"2022-08-18"},{"lineNumber":51,"author":{"gitId":"AkkFiros"},"content":"    /**","lastModifiedDate":"2022-08-18"},{"lineNumber":52,"author":{"gitId":"AkkFiros"},"content":"     * Sets a task to incomplete","lastModifiedDate":"2022-08-18"},{"lineNumber":53,"author":{"gitId":"AkkFiros"},"content":"     */","lastModifiedDate":"2022-08-18"},{"lineNumber":54,"author":{"gitId":"AkkFiros"},"content":"    public void setIncomplete() {","lastModifiedDate":"2022-08-18"},{"lineNumber":55,"author":{"gitId":"AkkFiros"},"content":"        isDone \u003d false;","lastModifiedDate":"2022-08-18"},{"lineNumber":56,"author":{"gitId":"AkkFiros"},"content":"        System.out.println(\"Trynna cheat the system are we? Well, no you, task marked as incomplete:\\n\"","lastModifiedDate":"2022-08-18"},{"lineNumber":57,"author":{"gitId":"AkkFiros"},"content":"                + getStatusIcon() + \" \" + getDescription());","lastModifiedDate":"2022-08-18"},{"lineNumber":58,"author":{"gitId":"AkkFiros"},"content":"    }","lastModifiedDate":"2022-08-18"},{"lineNumber":59,"author":{"gitId":"AkkFiros"},"content":"","lastModifiedDate":"2022-08-19"},{"lineNumber":60,"author":{"gitId":"AkkFiros"},"content":"    /**","lastModifiedDate":"2022-08-19"},{"lineNumber":61,"author":{"gitId":"AkkFiros"},"content":"     * toString method for a task when KKBot is listing out stored tasks","lastModifiedDate":"2022-08-19"},{"lineNumber":62,"author":{"gitId":"AkkFiros"},"content":"     * @return string representation of a task stored.","lastModifiedDate":"2022-08-19"},{"lineNumber":63,"author":{"gitId":"AkkFiros"},"content":"     */","lastModifiedDate":"2022-08-19"},{"lineNumber":64,"author":{"gitId":"AkkFiros"},"content":"    @Override","lastModifiedDate":"2022-08-19"},{"lineNumber":65,"author":{"gitId":"AkkFiros"},"content":"    public String toString() {","lastModifiedDate":"2022-08-19"},{"lineNumber":66,"author":{"gitId":"AkkFiros"},"content":"        return getStatusIcon() + \" \" + description;","lastModifiedDate":"2022-08-19"},{"lineNumber":67,"author":{"gitId":"AkkFiros"},"content":"    }","lastModifiedDate":"2022-08-19"},{"lineNumber":68,"author":{"gitId":"AkkFiros"},"content":"}","lastModifiedDate":"2022-08-18"}],"authorContributionMap":{"AkkFiros":68}},{"path":"src/main/java/ToDo.java","fileType":"java","lines":[{"lineNumber":1,"author":{"gitId":"AkkFiros"},"content":"/**","lastModifiedDate":"2022-08-19"},{"lineNumber":2,"author":{"gitId":"AkkFiros"},"content":" * ToDos are task objects that only have a description.","lastModifiedDate":"2022-08-19"},{"lineNumber":3,"author":{"gitId":"AkkFiros"},"content":" *","lastModifiedDate":"2022-08-19"},{"lineNumber":4,"author":{"gitId":"AkkFiros"},"content":" * @author AkkFiros","lastModifiedDate":"2022-08-19"},{"lineNumber":5,"author":{"gitId":"AkkFiros"},"content":" */","lastModifiedDate":"2022-08-19"},{"lineNumber":6,"author":{"gitId":"AkkFiros"},"content":"public class ToDo extends Task {","lastModifiedDate":"2022-08-19"},{"lineNumber":7,"author":{"gitId":"AkkFiros"},"content":"    /**","lastModifiedDate":"2022-08-19"},{"lineNumber":8,"author":{"gitId":"AkkFiros"},"content":"     * Constructor for a ToDo task","lastModifiedDate":"2022-08-19"},{"lineNumber":9,"author":{"gitId":"AkkFiros"},"content":"     * @param description description of a task that the user inputs","lastModifiedDate":"2022-08-19"},{"lineNumber":10,"author":{"gitId":"AkkFiros"},"content":"     */","lastModifiedDate":"2022-08-19"},{"lineNumber":11,"author":{"gitId":"AkkFiros"},"content":"    public ToDo(String description) {","lastModifiedDate":"2022-08-19"},{"lineNumber":12,"author":{"gitId":"AkkFiros"},"content":"        super(description);","lastModifiedDate":"2022-08-19"},{"lineNumber":13,"author":{"gitId":"AkkFiros"},"content":"    }","lastModifiedDate":"2022-08-19"},{"lineNumber":14,"author":{"gitId":"AkkFiros"},"content":"","lastModifiedDate":"2022-08-19"},{"lineNumber":15,"author":{"gitId":"AkkFiros"},"content":"    /**","lastModifiedDate":"2022-08-19"},{"lineNumber":16,"author":{"gitId":"AkkFiros"},"content":"     * toString method for a ToDo task","lastModifiedDate":"2022-08-19"},{"lineNumber":17,"author":{"gitId":"AkkFiros"},"content":"     * @return string representation of a ToDo task","lastModifiedDate":"2022-08-19"},{"lineNumber":18,"author":{"gitId":"AkkFiros"},"content":"     */","lastModifiedDate":"2022-08-19"},{"lineNumber":19,"author":{"gitId":"AkkFiros"},"content":"    @Override","lastModifiedDate":"2022-08-19"},{"lineNumber":20,"author":{"gitId":"AkkFiros"},"content":"    public String toString() {","lastModifiedDate":"2022-08-19"},{"lineNumber":21,"author":{"gitId":"AkkFiros"},"content":"        return \"[T]\" + super.toString();","lastModifiedDate":"2022-08-19"},{"lineNumber":22,"author":{"gitId":"AkkFiros"},"content":"    }","lastModifiedDate":"2022-08-19"},{"lineNumber":23,"author":{"gitId":"AkkFiros"},"content":"}","lastModifiedDate":"2022-08-19"}],"authorContributionMap":{"AkkFiros":23}},{"path":"text-ui-test/input.txt","fileType":"txt","lines":[{"lineNumber":1,"author":{"gitId":"AkkFiros"},"content":"list","lastModifiedDate":"2022-08-19"},{"lineNumber":2,"author":{"gitId":"AkkFiros"},"content":"Do CS2103/T homework","lastModifiedDate":"2022-08-19"},{"lineNumber":3,"author":{"gitId":"AkkFiros"},"content":"Todo Do CS2103/T homework","lastModifiedDate":"2022-08-19"},{"lineNumber":4,"author":{"gitId":"AkkFiros"},"content":"DEADLINE CS2109S PS0","lastModifiedDate":"2022-08-19"},{"lineNumber":5,"author":{"gitId":"AkkFiros"},"content":"Deadline CS2109S PS0 /by 20/08 2359hrs","lastModifiedDate":"2022-08-19"},{"lineNumber":6,"author":{"gitId":"AkkFiros"},"content":"list","lastModifiedDate":"2022-08-19"},{"lineNumber":7,"author":{"gitId":"AkkFiros"},"content":"mark 1","lastModifiedDate":"2022-08-19"},{"lineNumber":8,"author":{"gitId":"AkkFiros"},"content":"mark 3","lastModifiedDate":"2022-08-19"},{"lineNumber":9,"author":{"gitId":"AkkFiros"},"content":"mark 1","lastModifiedDate":"2022-08-19"},{"lineNumber":10,"author":{"gitId":"AkkFiros"},"content":"unmark 2","lastModifiedDate":"2022-08-19"},{"lineNumber":11,"author":{"gitId":"AkkFiros"},"content":"unmark 1","lastModifiedDate":"2022-08-19"},{"lineNumber":12,"author":{"gitId":"AkkFiros"},"content":"event Arts Fest","lastModifiedDate":"2022-08-19"},{"lineNumber":13,"author":{"gitId":"AkkFiros"},"content":"event Arts Fest /at UTown, 19/08 2000hrs","lastModifiedDate":"2022-08-19"},{"lineNumber":14,"author":{"gitId":"AkkFiros"},"content":"mark 3","lastModifiedDate":"2022-08-19"},{"lineNumber":15,"author":{"gitId":"AkkFiros"},"content":"delete 5","lastModifiedDate":"2022-08-19"},{"lineNumber":16,"author":{"gitId":"AkkFiros"},"content":"delete 2","lastModifiedDate":"2022-08-19"},{"lineNumber":17,"author":{"gitId":"AkkFiros"},"content":"list","lastModifiedDate":"2022-08-19"},{"lineNumber":18,"author":{"gitId":"AkkFiros"},"content":"bye","lastModifiedDate":"2022-08-19"}],"authorContributionMap":{"AkkFiros":18}},{"path":"text-ui-test/runtest.bat","fileType":"bat","lines":[{"lineNumber":1,"author":{"gitId":"-"},"content":"@ECHO OFF","lastModifiedDate":"2020-05-25"},{"lineNumber":2,"author":{"gitId":"-"},"content":"","lastModifiedDate":"2020-05-25"},{"lineNumber":3,"author":{"gitId":"-"},"content":"REM create bin directory if it doesn\u0027t exist","lastModifiedDate":"2020-05-25"},{"lineNumber":4,"author":{"gitId":"-"},"content":"if not exist ..\\bin mkdir ..\\bin","lastModifiedDate":"2020-05-25"},{"lineNumber":5,"author":{"gitId":"-"},"content":"","lastModifiedDate":"2020-05-25"},{"lineNumber":6,"author":{"gitId":"-"},"content":"REM delete output from previous run","lastModifiedDate":"2020-05-25"},{"lineNumber":7,"author":{"gitId":"-"},"content":"if exist ACTUAL.TXT del ACTUAL.TXT","lastModifiedDate":"2020-08-25"},{"lineNumber":8,"author":{"gitId":"-"},"content":"","lastModifiedDate":"2020-05-25"},{"lineNumber":9,"author":{"gitId":"-"},"content":"REM compile the code into the bin folder","lastModifiedDate":"2020-05-25"},{"lineNumber":10,"author":{"gitId":"-"},"content":"javac  -cp ..\\src\\main\\java -Xlint:none -d ..\\bin ..\\src\\main\\java\\*.java","lastModifiedDate":"2020-08-25"},{"lineNumber":11,"author":{"gitId":"-"},"content":"IF ERRORLEVEL 1 (","lastModifiedDate":"2020-05-25"},{"lineNumber":12,"author":{"gitId":"-"},"content":"    echo ********** BUILD FAILURE **********","lastModifiedDate":"2020-05-25"},{"lineNumber":13,"author":{"gitId":"-"},"content":"    exit /b 1","lastModifiedDate":"2020-05-25"},{"lineNumber":14,"author":{"gitId":"-"},"content":")","lastModifiedDate":"2020-05-25"},{"lineNumber":15,"author":{"gitId":"-"},"content":"REM no error here, errorlevel \u003d\u003d 0","lastModifiedDate":"2020-05-25"},{"lineNumber":16,"author":{"gitId":"-"},"content":"","lastModifiedDate":"2020-05-25"},{"lineNumber":17,"author":{"gitId":"-"},"content":"REM run the program, feed commands from input.txt file and redirect the output to the ACTUAL.TXT","lastModifiedDate":"2020-05-25"},{"lineNumber":18,"author":{"gitId":"AkkFiros"},"content":"java -classpath ..\\bin KKBot \u003c input.txt \u003e ACTUAL.TXT","lastModifiedDate":"2022-08-19"},{"lineNumber":19,"author":{"gitId":"-"},"content":"","lastModifiedDate":"2020-05-25"},{"lineNumber":20,"author":{"gitId":"-"},"content":"REM compare the output to the expected output","lastModifiedDate":"2020-05-25"},{"lineNumber":21,"author":{"gitId":"-"},"content":"FC ACTUAL.TXT EXPECTED.TXT","lastModifiedDate":"2020-05-25"}],"authorContributionMap":{"AkkFiros":1,"-":20}},{"path":"text-ui-test/runtest.sh","fileType":"sh","lines":[{"lineNumber":1,"author":{"gitId":"-"},"content":"#!/usr/bin/env bash","lastModifiedDate":"2020-05-25"},{"lineNumber":2,"author":{"gitId":"-"},"content":"","lastModifiedDate":"2020-05-25"},{"lineNumber":3,"author":{"gitId":"-"},"content":"# create bin directory if it doesn\u0027t exist","lastModifiedDate":"2020-05-25"},{"lineNumber":4,"author":{"gitId":"-"},"content":"if [ ! -d \"../bin\" ]","lastModifiedDate":"2020-05-25"},{"lineNumber":5,"author":{"gitId":"-"},"content":"then","lastModifiedDate":"2020-05-25"},{"lineNumber":6,"author":{"gitId":"-"},"content":"    mkdir ../bin","lastModifiedDate":"2020-05-25"},{"lineNumber":7,"author":{"gitId":"-"},"content":"fi","lastModifiedDate":"2020-05-25"},{"lineNumber":8,"author":{"gitId":"-"},"content":"","lastModifiedDate":"2020-05-25"},{"lineNumber":9,"author":{"gitId":"-"},"content":"# delete output from previous run","lastModifiedDate":"2020-05-25"},{"lineNumber":10,"author":{"gitId":"-"},"content":"if [ -e \"./ACTUAL.TXT\" ]","lastModifiedDate":"2020-05-25"},{"lineNumber":11,"author":{"gitId":"-"},"content":"then","lastModifiedDate":"2020-05-25"},{"lineNumber":12,"author":{"gitId":"-"},"content":"    rm ACTUAL.TXT","lastModifiedDate":"2020-05-25"},{"lineNumber":13,"author":{"gitId":"-"},"content":"fi","lastModifiedDate":"2020-05-25"},{"lineNumber":14,"author":{"gitId":"-"},"content":"","lastModifiedDate":"2020-05-25"},{"lineNumber":15,"author":{"gitId":"-"},"content":"# compile the code into the bin folder, terminates if error occurred","lastModifiedDate":"2020-05-25"},{"lineNumber":16,"author":{"gitId":"-"},"content":"if ! javac -cp ../src/main/java -Xlint:none -d ../bin ../src/main/java/*.java","lastModifiedDate":"2020-08-25"},{"lineNumber":17,"author":{"gitId":"-"},"content":"then","lastModifiedDate":"2020-05-25"},{"lineNumber":18,"author":{"gitId":"-"},"content":"    echo \"********** BUILD FAILURE **********\"","lastModifiedDate":"2020-05-25"},{"lineNumber":19,"author":{"gitId":"-"},"content":"    exit 1","lastModifiedDate":"2020-05-25"},{"lineNumber":20,"author":{"gitId":"-"},"content":"fi","lastModifiedDate":"2020-05-25"},{"lineNumber":21,"author":{"gitId":"-"},"content":"","lastModifiedDate":"2020-05-25"},{"lineNumber":22,"author":{"gitId":"-"},"content":"# run the program, feed commands from input.txt file and redirect the output to the ACTUAL.TXT","lastModifiedDate":"2020-05-25"},{"lineNumber":23,"author":{"gitId":"AkkFiros"},"content":"java -classpath ../bin KKBot \u003c input.txt \u003e ACTUAL.TXT","lastModifiedDate":"2022-08-19"},{"lineNumber":24,"author":{"gitId":"-"},"content":"","lastModifiedDate":"2020-05-25"},{"lineNumber":25,"author":{"gitId":"-"},"content":"# convert to UNIX format","lastModifiedDate":"2020-05-25"},{"lineNumber":26,"author":{"gitId":"-"},"content":"cp EXPECTED.TXT EXPECTED-UNIX.TXT","lastModifiedDate":"2020-05-25"},{"lineNumber":27,"author":{"gitId":"-"},"content":"dos2unix ACTUAL.TXT EXPECTED-UNIX.TXT","lastModifiedDate":"2020-05-25"},{"lineNumber":28,"author":{"gitId":"-"},"content":"","lastModifiedDate":"2020-05-25"},{"lineNumber":29,"author":{"gitId":"-"},"content":"# compare the output to the expected output","lastModifiedDate":"2020-05-25"},{"lineNumber":30,"author":{"gitId":"-"},"content":"diff ACTUAL.TXT EXPECTED-UNIX.TXT","lastModifiedDate":"2020-05-25"},{"lineNumber":31,"author":{"gitId":"-"},"content":"if [ $? -eq 0 ]","lastModifiedDate":"2020-05-25"},{"lineNumber":32,"author":{"gitId":"-"},"content":"then","lastModifiedDate":"2020-05-25"},{"lineNumber":33,"author":{"gitId":"-"},"content":"    echo \"Test result: PASSED\"","lastModifiedDate":"2020-05-25"},{"lineNumber":34,"author":{"gitId":"-"},"content":"    exit 0","lastModifiedDate":"2020-05-25"},{"lineNumber":35,"author":{"gitId":"-"},"content":"else","lastModifiedDate":"2020-05-25"},{"lineNumber":36,"author":{"gitId":"-"},"content":"    echo \"Test result: FAILED\"","lastModifiedDate":"2020-05-25"},{"lineNumber":37,"author":{"gitId":"-"},"content":"    exit 1","lastModifiedDate":"2020-05-25"},{"lineNumber":38,"author":{"gitId":"-"},"content":"fi","lastModifiedDate":"2020-05-25"}],"authorContributionMap":{"AkkFiros":1,"-":37}}]
