{"authorDailyContributionsMap":{"AkkFiros":[{"date":"2022-08-18","commitResults":[{"hash":"00d3d3faad1d84eb4116facccb68f692901f2bbd","messageTitle":"Level - 1","messageBody":"Added in Greet, Echo and Exit.\n","tags":["Level-1"],"fileTypesAndContributionMap":{"java":{"insertions":38,"deletions":5}}},{"hash":"25c0a9a391652bede55325cdefa0249bec693c1f","messageTitle":"Level - 2","messageBody":"Added task addition, task list\n","tags":["Level-2"],"fileTypesAndContributionMap":{"java":{"insertions":34,"deletions":16}}},{"hash":"cda9e272c16582d2842648804f9a1b8f2192ad03","messageTitle":"Level - 3","messageBody":"Added in mark as done, mark as undone, icon representation of completion status, custom replies to errors.\n","tags":["Level-3"],"fileTypesAndContributionMap":{"java":{"insertions":108,"deletions":9}}}]},{"date":"2022-08-19","commitResults":[{"hash":"fc938692568c5813370d1aca8006a338c4da552f","messageTitle":"Level - 4","messageBody":"Added in the ToDo, Deadline and Event classes and modified the behavior of KKBot to accept the new keywords.\n","tags":["Level-4"],"fileTypesAndContributionMap":{"java":{"insertions":158,"deletions":6}}},{"hash":"f823d1ed40d7a59ea814c3a021e19bca86270a95","messageTitle":"Disallowed arbitrary tasks from being accepted","messageBody":"Change the functionality of KKBot to only accept and create tasks that include keywords (todo, deadline, event). Other miscellaneous tasks or inputs without the use of keywords result in an error.\n","fileTypesAndContributionMap":{"java":{"insertions":6,"deletions":8}}},{"hash":"34c5a623b857901dd8de1a7014f42a7908f33a0e","messageTitle":"Updated description","messageBody":"Updated description of error message.\n","fileTypesAndContributionMap":{"java":{"insertions":1,"deletions":1}}},{"hash":"67801752452774dab18117f9bdd702b6525a5d1c","messageTitle":"A-TextUiTesting","messageBody":"Updated files in text-ui-test folder to test KKBot. Cleaned up some code in KKBot.java for visual style.\n","tags":["A-TextUiTesting"],"fileTypesAndContributionMap":{"txt":{"insertions":16,"deletions":0},"java":{"insertions":11,"deletions":9},"bat":{"insertions":1,"deletions":1},"sh":{"insertions":1,"deletions":1}}},{"hash":"baf15e332df2072d5763df776ea87cef47180c9e","messageTitle":"Level - 6","messageBody":"Edited and cleaned up code for exception handling.\n","tags":["Level-5"],"fileTypesAndContributionMap":{"java":{"insertions":1,"deletions":1}}},{"hash":"779cc9a0de00047c644edde15feca8a47ec2af80","messageTitle":"Level - 6","messageBody":"Added in delete function for KKBot. Updated A-TextUiTesting files for updated functions and test cases.\n","tags":["Level-6"],"fileTypesAndContributionMap":{"txt":{"insertions":2,"deletions":0},"java":{"insertions":13,"deletions":0}}}]}]},"authorFileTypeContributionMap":{"AkkFiros":{"java":325,"md":0,"fxml":0,"sh":1,"bat":1,"gradle":0,"txt":18}},"authorContributionVariance":{"AkkFiros":9411.609},"authorDisplayNameMap":{"AkkFiros":"CS2103T-T17-2 AUNG..KYAW"}}
