[{"path":"src/main/java/duke/Duke.java","fileType":"java","lines":[{"lineNumber":1,"author":{"gitId":"LimAiLin"},"content":"package duke;","lastModifiedDate":"2022-08-29"},{"lineNumber":2,"author":{"gitId":"LimAiLin"},"content":"","lastModifiedDate":"2022-08-29"},{"lineNumber":3,"author":{"gitId":"LimAiLin"},"content":"import duke.command.Command;","lastModifiedDate":"2022-08-29"},{"lineNumber":4,"author":{"gitId":"LimAiLin"},"content":"","lastModifiedDate":"2022-08-29"},{"lineNumber":5,"author":{"gitId":"LimAiLin"},"content":"import java.io.*;","lastModifiedDate":"2022-08-25"},{"lineNumber":6,"author":{"gitId":"LimAiLin"},"content":"import java.util.Objects;","lastModifiedDate":"2022-08-17"},{"lineNumber":7,"author":{"gitId":"LimAiLin"},"content":"import java.util.Scanner;","lastModifiedDate":"2022-08-17"},{"lineNumber":8,"author":{"gitId":"LimAiLin"},"content":"","lastModifiedDate":"2022-08-17"},{"lineNumber":9,"author":{"gitId":"-"},"content":"public class Duke {","lastModifiedDate":"2019-07-29"},{"lineNumber":10,"author":{"gitId":"LimAiLin"},"content":"","lastModifiedDate":"2022-08-18"},{"lineNumber":11,"author":{"gitId":"LimAiLin"},"content":"    private final Storage storage;","lastModifiedDate":"2022-08-29"},{"lineNumber":12,"author":{"gitId":"LimAiLin"},"content":"    private TaskList tasks;","lastModifiedDate":"2022-08-29"},{"lineNumber":13,"author":{"gitId":"LimAiLin"},"content":"    private final Ui ui;","lastModifiedDate":"2022-08-29"},{"lineNumber":14,"author":{"gitId":"LimAiLin"},"content":"    private final Parser parser;","lastModifiedDate":"2022-08-29"},{"lineNumber":15,"author":{"gitId":"LimAiLin"},"content":"","lastModifiedDate":"2022-08-24"},{"lineNumber":16,"author":{"gitId":"LimAiLin"},"content":"    public Duke(String filePath) {","lastModifiedDate":"2022-08-29"},{"lineNumber":17,"author":{"gitId":"LimAiLin"},"content":"        ui \u003d new Ui();","lastModifiedDate":"2022-08-29"},{"lineNumber":18,"author":{"gitId":"LimAiLin"},"content":"        parser \u003d new Parser();","lastModifiedDate":"2022-08-29"},{"lineNumber":19,"author":{"gitId":"LimAiLin"},"content":"        storage \u003d new Storage(filePath);","lastModifiedDate":"2022-08-29"},{"lineNumber":20,"author":{"gitId":"LimAiLin"},"content":"        try {","lastModifiedDate":"2022-08-18"},{"lineNumber":21,"author":{"gitId":"LimAiLin"},"content":"            tasks \u003d new TaskList(storage.load());","lastModifiedDate":"2022-08-29"},{"lineNumber":22,"author":{"gitId":"LimAiLin"},"content":"        } catch (IOException e) {","lastModifiedDate":"2022-08-25"},{"lineNumber":23,"author":{"gitId":"LimAiLin"},"content":"            ui.showLoadingError();","lastModifiedDate":"2022-08-29"},{"lineNumber":24,"author":{"gitId":"LimAiLin"},"content":"        }","lastModifiedDate":"2022-08-25"},{"lineNumber":25,"author":{"gitId":"LimAiLin"},"content":"    }","lastModifiedDate":"2022-08-25"},{"lineNumber":26,"author":{"gitId":"LimAiLin"},"content":"","lastModifiedDate":"2022-08-25"},{"lineNumber":27,"author":{"gitId":"LimAiLin"},"content":"    protected void run() throws DukeException {","lastModifiedDate":"2022-08-29"},{"lineNumber":28,"author":{"gitId":"LimAiLin"},"content":"","lastModifiedDate":"2022-08-24"},{"lineNumber":29,"author":{"gitId":"LimAiLin"},"content":"        Scanner sc \u003d new Scanner(System.in);","lastModifiedDate":"2022-08-24"},{"lineNumber":30,"author":{"gitId":"LimAiLin"},"content":"        String command \u003d \"\";","lastModifiedDate":"2022-08-29"},{"lineNumber":31,"author":{"gitId":"LimAiLin"},"content":"","lastModifiedDate":"2022-08-24"},{"lineNumber":32,"author":{"gitId":"LimAiLin"},"content":"        while (!Objects.equals(command, \"bye\")) {","lastModifiedDate":"2022-08-29"},{"lineNumber":33,"author":{"gitId":"LimAiLin"},"content":"            command \u003d sc.nextLine();","lastModifiedDate":"2022-08-29"},{"lineNumber":34,"author":{"gitId":"LimAiLin"},"content":"            ui.showLine();","lastModifiedDate":"2022-08-29"},{"lineNumber":35,"author":{"gitId":"LimAiLin"},"content":"            Command c \u003d parser.parse(command);","lastModifiedDate":"2022-08-29"},{"lineNumber":36,"author":{"gitId":"LimAiLin"},"content":"            c.execute(tasks, ui, storage);","lastModifiedDate":"2022-08-29"},{"lineNumber":37,"author":{"gitId":"LimAiLin"},"content":"            ui.newLine();","lastModifiedDate":"2022-08-29"},{"lineNumber":38,"author":{"gitId":"LimAiLin"},"content":"        }","lastModifiedDate":"2022-08-17"},{"lineNumber":39,"author":{"gitId":"-"},"content":"    }","lastModifiedDate":"2019-07-29"},{"lineNumber":40,"author":{"gitId":"LimAiLin"},"content":"","lastModifiedDate":"2022-08-24"},{"lineNumber":41,"author":{"gitId":"LimAiLin"},"content":"    public static void main(String[] args) throws DukeException {","lastModifiedDate":"2022-08-24"},{"lineNumber":42,"author":{"gitId":"LimAiLin"},"content":"","lastModifiedDate":"2022-08-25"},{"lineNumber":43,"author":{"gitId":"LimAiLin"},"content":"        new Duke(\"tasks.txt\").run();","lastModifiedDate":"2022-08-29"},{"lineNumber":44,"author":{"gitId":"LimAiLin"},"content":"","lastModifiedDate":"2022-08-24"},{"lineNumber":45,"author":{"gitId":"LimAiLin"},"content":"    }","lastModifiedDate":"2022-08-24"},{"lineNumber":46,"author":{"gitId":"-"},"content":"}","lastModifiedDate":"2019-07-29"}],"authorContributionMap":{"LimAiLin":43,"-":3}},{"path":"src/main/java/duke/DukeException.java","fileType":"java","lines":[{"lineNumber":1,"author":{"gitId":"LimAiLin"},"content":"package duke;","lastModifiedDate":"2022-08-29"},{"lineNumber":2,"author":{"gitId":"LimAiLin"},"content":"","lastModifiedDate":"2022-08-29"},{"lineNumber":3,"author":{"gitId":"LimAiLin"},"content":"public class DukeException extends Exception {","lastModifiedDate":"2022-08-18"},{"lineNumber":4,"author":{"gitId":"LimAiLin"},"content":"    public DukeException(String errorMessage) {","lastModifiedDate":"2022-08-18"},{"lineNumber":5,"author":{"gitId":"LimAiLin"},"content":"        super(errorMessage);","lastModifiedDate":"2022-08-18"},{"lineNumber":6,"author":{"gitId":"LimAiLin"},"content":"    }","lastModifiedDate":"2022-08-18"},{"lineNumber":7,"author":{"gitId":"LimAiLin"},"content":"}","lastModifiedDate":"2022-08-18"}],"authorContributionMap":{"LimAiLin":7}},{"path":"src/main/java/duke/Parser.java","fileType":"java","lines":[{"lineNumber":1,"author":{"gitId":"LimAiLin"},"content":"package duke;","lastModifiedDate":"2022-08-29"},{"lineNumber":2,"author":{"gitId":"LimAiLin"},"content":"","lastModifiedDate":"2022-08-29"},{"lineNumber":3,"author":{"gitId":"LimAiLin"},"content":"import duke.command.*;","lastModifiedDate":"2022-08-29"},{"lineNumber":4,"author":{"gitId":"LimAiLin"},"content":"","lastModifiedDate":"2022-08-29"},{"lineNumber":5,"author":{"gitId":"LimAiLin"},"content":"import java.util.Locale;","lastModifiedDate":"2022-08-29"},{"lineNumber":6,"author":{"gitId":"LimAiLin"},"content":"","lastModifiedDate":"2022-08-29"},{"lineNumber":7,"author":{"gitId":"LimAiLin"},"content":"public class Parser {","lastModifiedDate":"2022-08-29"},{"lineNumber":8,"author":{"gitId":"LimAiLin"},"content":"    private enum Commands {","lastModifiedDate":"2022-08-29"},{"lineNumber":9,"author":{"gitId":"LimAiLin"},"content":"        BYE,","lastModifiedDate":"2022-08-29"},{"lineNumber":10,"author":{"gitId":"LimAiLin"},"content":"        LIST,","lastModifiedDate":"2022-08-29"},{"lineNumber":11,"author":{"gitId":"LimAiLin"},"content":"        MARK,","lastModifiedDate":"2022-08-29"},{"lineNumber":12,"author":{"gitId":"LimAiLin"},"content":"        UNMARK,","lastModifiedDate":"2022-08-29"},{"lineNumber":13,"author":{"gitId":"LimAiLin"},"content":"        DEADLINE,","lastModifiedDate":"2022-08-29"},{"lineNumber":14,"author":{"gitId":"LimAiLin"},"content":"        TODO,","lastModifiedDate":"2022-08-29"},{"lineNumber":15,"author":{"gitId":"LimAiLin"},"content":"        EVENT,","lastModifiedDate":"2022-08-29"},{"lineNumber":16,"author":{"gitId":"LimAiLin"},"content":"        DELETE","lastModifiedDate":"2022-08-29"},{"lineNumber":17,"author":{"gitId":"LimAiLin"},"content":"    }","lastModifiedDate":"2022-08-29"},{"lineNumber":18,"author":{"gitId":"LimAiLin"},"content":"","lastModifiedDate":"2022-08-29"},{"lineNumber":19,"author":{"gitId":"LimAiLin"},"content":"    public Command parse(String command) throws DukeException {","lastModifiedDate":"2022-08-29"},{"lineNumber":20,"author":{"gitId":"LimAiLin"},"content":"        String[] str \u003d command.split(\"\\\\s\", 2);","lastModifiedDate":"2022-08-29"},{"lineNumber":21,"author":{"gitId":"LimAiLin"},"content":"","lastModifiedDate":"2022-08-29"},{"lineNumber":22,"author":{"gitId":"LimAiLin"},"content":"        Commands myTask;","lastModifiedDate":"2022-08-29"},{"lineNumber":23,"author":{"gitId":"LimAiLin"},"content":"","lastModifiedDate":"2022-08-29"},{"lineNumber":24,"author":{"gitId":"LimAiLin"},"content":"        try {","lastModifiedDate":"2022-08-29"},{"lineNumber":25,"author":{"gitId":"LimAiLin"},"content":"            myTask \u003d Commands.valueOf(str[0].toUpperCase(Locale.ROOT));","lastModifiedDate":"2022-08-29"},{"lineNumber":26,"author":{"gitId":"LimAiLin"},"content":"        } catch (Exception e) {","lastModifiedDate":"2022-08-29"},{"lineNumber":27,"author":{"gitId":"LimAiLin"},"content":"            throw new DukeException(\"Oops! I don\u0027t know what that means.\");","lastModifiedDate":"2022-08-29"},{"lineNumber":28,"author":{"gitId":"LimAiLin"},"content":"        }","lastModifiedDate":"2022-08-29"},{"lineNumber":29,"author":{"gitId":"LimAiLin"},"content":"","lastModifiedDate":"2022-08-29"},{"lineNumber":30,"author":{"gitId":"LimAiLin"},"content":"        switch (myTask) {","lastModifiedDate":"2022-08-29"},{"lineNumber":31,"author":{"gitId":"LimAiLin"},"content":"            case BYE:","lastModifiedDate":"2022-08-29"},{"lineNumber":32,"author":{"gitId":"LimAiLin"},"content":"                return new ExitCommand();","lastModifiedDate":"2022-08-29"},{"lineNumber":33,"author":{"gitId":"LimAiLin"},"content":"            case LIST:","lastModifiedDate":"2022-08-29"},{"lineNumber":34,"author":{"gitId":"LimAiLin"},"content":"                return new ListCommand();","lastModifiedDate":"2022-08-29"},{"lineNumber":35,"author":{"gitId":"LimAiLin"},"content":"            case MARK:","lastModifiedDate":"2022-08-29"},{"lineNumber":36,"author":{"gitId":"LimAiLin"},"content":"                return new MarkCommand(str, true);","lastModifiedDate":"2022-08-29"},{"lineNumber":37,"author":{"gitId":"LimAiLin"},"content":"            case UNMARK:","lastModifiedDate":"2022-08-29"},{"lineNumber":38,"author":{"gitId":"LimAiLin"},"content":"                return new MarkCommand(str, false);","lastModifiedDate":"2022-08-29"},{"lineNumber":39,"author":{"gitId":"LimAiLin"},"content":"            case DEADLINE:","lastModifiedDate":"2022-08-29"},{"lineNumber":40,"author":{"gitId":"LimAiLin"},"content":"                return new AddCommand(str, 0);","lastModifiedDate":"2022-08-29"},{"lineNumber":41,"author":{"gitId":"LimAiLin"},"content":"            case TODO:","lastModifiedDate":"2022-08-29"},{"lineNumber":42,"author":{"gitId":"LimAiLin"},"content":"                return new AddCommand(str, 1);","lastModifiedDate":"2022-08-29"},{"lineNumber":43,"author":{"gitId":"LimAiLin"},"content":"            case EVENT:","lastModifiedDate":"2022-08-29"},{"lineNumber":44,"author":{"gitId":"LimAiLin"},"content":"                return new AddCommand(str, 2);","lastModifiedDate":"2022-08-29"},{"lineNumber":45,"author":{"gitId":"LimAiLin"},"content":"            case DELETE:","lastModifiedDate":"2022-08-29"},{"lineNumber":46,"author":{"gitId":"LimAiLin"},"content":"                return new DeleteCommand(str);","lastModifiedDate":"2022-08-29"},{"lineNumber":47,"author":{"gitId":"LimAiLin"},"content":"        }","lastModifiedDate":"2022-08-29"},{"lineNumber":48,"author":{"gitId":"LimAiLin"},"content":"        return new ExitCommand();","lastModifiedDate":"2022-08-29"},{"lineNumber":49,"author":{"gitId":"LimAiLin"},"content":"    }","lastModifiedDate":"2022-08-29"},{"lineNumber":50,"author":{"gitId":"LimAiLin"},"content":"}","lastModifiedDate":"2022-08-29"}],"authorContributionMap":{"LimAiLin":50}},{"path":"src/main/java/duke/Storage.java","fileType":"java","lines":[{"lineNumber":1,"author":{"gitId":"LimAiLin"},"content":"package duke;","lastModifiedDate":"2022-08-29"},{"lineNumber":2,"author":{"gitId":"LimAiLin"},"content":"","lastModifiedDate":"2022-08-29"},{"lineNumber":3,"author":{"gitId":"LimAiLin"},"content":"import duke.task.Deadline;","lastModifiedDate":"2022-08-29"},{"lineNumber":4,"author":{"gitId":"LimAiLin"},"content":"import duke.task.Event;","lastModifiedDate":"2022-08-29"},{"lineNumber":5,"author":{"gitId":"LimAiLin"},"content":"import duke.task.Task;","lastModifiedDate":"2022-08-29"},{"lineNumber":6,"author":{"gitId":"LimAiLin"},"content":"import duke.task.ToDo;","lastModifiedDate":"2022-08-29"},{"lineNumber":7,"author":{"gitId":"LimAiLin"},"content":"","lastModifiedDate":"2022-08-29"},{"lineNumber":8,"author":{"gitId":"LimAiLin"},"content":"import java.io.*;","lastModifiedDate":"2022-08-29"},{"lineNumber":9,"author":{"gitId":"LimAiLin"},"content":"import java.util.ArrayList;","lastModifiedDate":"2022-08-29"},{"lineNumber":10,"author":{"gitId":"LimAiLin"},"content":"import java.util.Locale;","lastModifiedDate":"2022-08-29"},{"lineNumber":11,"author":{"gitId":"LimAiLin"},"content":"import java.util.Objects;","lastModifiedDate":"2022-08-29"},{"lineNumber":12,"author":{"gitId":"LimAiLin"},"content":"","lastModifiedDate":"2022-08-29"},{"lineNumber":13,"author":{"gitId":"LimAiLin"},"content":"public class Storage {","lastModifiedDate":"2022-08-29"},{"lineNumber":14,"author":{"gitId":"LimAiLin"},"content":"","lastModifiedDate":"2022-08-29"},{"lineNumber":15,"author":{"gitId":"LimAiLin"},"content":"    private enum Commands {","lastModifiedDate":"2022-08-29"},{"lineNumber":16,"author":{"gitId":"LimAiLin"},"content":"        DEADLINE,","lastModifiedDate":"2022-08-29"},{"lineNumber":17,"author":{"gitId":"LimAiLin"},"content":"        TODO,","lastModifiedDate":"2022-08-29"},{"lineNumber":18,"author":{"gitId":"LimAiLin"},"content":"        EVENT","lastModifiedDate":"2022-08-29"},{"lineNumber":19,"author":{"gitId":"LimAiLin"},"content":"    }","lastModifiedDate":"2022-08-29"},{"lineNumber":20,"author":{"gitId":"LimAiLin"},"content":"","lastModifiedDate":"2022-08-29"},{"lineNumber":21,"author":{"gitId":"LimAiLin"},"content":"    private final File file;","lastModifiedDate":"2022-08-29"},{"lineNumber":22,"author":{"gitId":"LimAiLin"},"content":"    private final String filePath;","lastModifiedDate":"2022-08-29"},{"lineNumber":23,"author":{"gitId":"LimAiLin"},"content":"","lastModifiedDate":"2022-08-29"},{"lineNumber":24,"author":{"gitId":"LimAiLin"},"content":"    public Storage(String filePath) {","lastModifiedDate":"2022-08-29"},{"lineNumber":25,"author":{"gitId":"LimAiLin"},"content":"        this.filePath \u003d filePath;","lastModifiedDate":"2022-08-29"},{"lineNumber":26,"author":{"gitId":"LimAiLin"},"content":"        this.file \u003d new File(filePath);","lastModifiedDate":"2022-08-29"},{"lineNumber":27,"author":{"gitId":"LimAiLin"},"content":"    }","lastModifiedDate":"2022-08-29"},{"lineNumber":28,"author":{"gitId":"LimAiLin"},"content":"","lastModifiedDate":"2022-08-29"},{"lineNumber":29,"author":{"gitId":"LimAiLin"},"content":"    protected ArrayList\u003cTask\u003e load() throws IOException {","lastModifiedDate":"2022-08-29"},{"lineNumber":30,"author":{"gitId":"LimAiLin"},"content":"        ArrayList\u003cTask\u003e ls \u003d new ArrayList\u003c\u003e(100);","lastModifiedDate":"2022-08-29"},{"lineNumber":31,"author":{"gitId":"LimAiLin"},"content":"        try {","lastModifiedDate":"2022-08-29"},{"lineNumber":32,"author":{"gitId":"LimAiLin"},"content":"            if (this.file.createNewFile()) {","lastModifiedDate":"2022-08-29"},{"lineNumber":33,"author":{"gitId":"LimAiLin"},"content":"                System.out.println(\"Dino created a new file: \" + file.getName() + \"\\n\");","lastModifiedDate":"2022-08-29"},{"lineNumber":34,"author":{"gitId":"LimAiLin"},"content":"            } else {","lastModifiedDate":"2022-08-29"},{"lineNumber":35,"author":{"gitId":"LimAiLin"},"content":"                BufferedReader br \u003d new BufferedReader(new FileReader(file));","lastModifiedDate":"2022-08-29"},{"lineNumber":36,"author":{"gitId":"LimAiLin"},"content":"                try {","lastModifiedDate":"2022-08-29"},{"lineNumber":37,"author":{"gitId":"LimAiLin"},"content":"                    String current \u003d br.readLine();","lastModifiedDate":"2022-08-29"},{"lineNumber":38,"author":{"gitId":"LimAiLin"},"content":"                    while (current !\u003d null) {","lastModifiedDate":"2022-08-29"},{"lineNumber":39,"author":{"gitId":"LimAiLin"},"content":"                        String[] str \u003d current.split(\"\\\\|\", 3);","lastModifiedDate":"2022-08-29"},{"lineNumber":40,"author":{"gitId":"LimAiLin"},"content":"                        Commands myTask \u003d Commands.valueOf(str[0].toUpperCase(Locale.ROOT));","lastModifiedDate":"2022-08-29"},{"lineNumber":41,"author":{"gitId":"LimAiLin"},"content":"                        switch (myTask) {","lastModifiedDate":"2022-08-29"},{"lineNumber":42,"author":{"gitId":"LimAiLin"},"content":"                            case DEADLINE:","lastModifiedDate":"2022-08-29"},{"lineNumber":43,"author":{"gitId":"LimAiLin"},"content":"                                String[] dl \u003d str[2].split(\"\\\\|\", 2);","lastModifiedDate":"2022-08-29"},{"lineNumber":44,"author":{"gitId":"LimAiLin"},"content":"                                Task deadline \u003d new Deadline(dl[0], dl[1]);","lastModifiedDate":"2022-08-29"},{"lineNumber":45,"author":{"gitId":"LimAiLin"},"content":"                                ls.add(deadline);","lastModifiedDate":"2022-08-29"},{"lineNumber":46,"author":{"gitId":"LimAiLin"},"content":"                                if (Objects.equals(str[1], \"1\")) {","lastModifiedDate":"2022-08-29"},{"lineNumber":47,"author":{"gitId":"LimAiLin"},"content":"                                    deadline.markAsDone();","lastModifiedDate":"2022-08-29"},{"lineNumber":48,"author":{"gitId":"LimAiLin"},"content":"                                }","lastModifiedDate":"2022-08-29"},{"lineNumber":49,"author":{"gitId":"LimAiLin"},"content":"                                break;","lastModifiedDate":"2022-08-29"},{"lineNumber":50,"author":{"gitId":"LimAiLin"},"content":"                            case TODO:","lastModifiedDate":"2022-08-29"},{"lineNumber":51,"author":{"gitId":"LimAiLin"},"content":"                                Task todo \u003d new ToDo(str[2]);","lastModifiedDate":"2022-08-29"},{"lineNumber":52,"author":{"gitId":"LimAiLin"},"content":"                                ls.add(todo);","lastModifiedDate":"2022-08-29"},{"lineNumber":53,"author":{"gitId":"LimAiLin"},"content":"                                if (Objects.equals(str[1], \"1\")) {","lastModifiedDate":"2022-08-29"},{"lineNumber":54,"author":{"gitId":"LimAiLin"},"content":"                                    todo.markAsDone();","lastModifiedDate":"2022-08-29"},{"lineNumber":55,"author":{"gitId":"LimAiLin"},"content":"                                }","lastModifiedDate":"2022-08-29"},{"lineNumber":56,"author":{"gitId":"LimAiLin"},"content":"                                break;","lastModifiedDate":"2022-08-29"},{"lineNumber":57,"author":{"gitId":"LimAiLin"},"content":"                            case EVENT:","lastModifiedDate":"2022-08-29"},{"lineNumber":58,"author":{"gitId":"LimAiLin"},"content":"                                String[] evnt \u003d str[2].split(\"\\\\|\", 2);","lastModifiedDate":"2022-08-29"},{"lineNumber":59,"author":{"gitId":"LimAiLin"},"content":"                                Task event \u003d new Event(evnt[0], evnt[1]);","lastModifiedDate":"2022-08-29"},{"lineNumber":60,"author":{"gitId":"LimAiLin"},"content":"                                ls.add(event);","lastModifiedDate":"2022-08-29"},{"lineNumber":61,"author":{"gitId":"LimAiLin"},"content":"                                if (Objects.equals(str[1], \"1\")) {","lastModifiedDate":"2022-08-29"},{"lineNumber":62,"author":{"gitId":"LimAiLin"},"content":"                                    event.markAsDone();","lastModifiedDate":"2022-08-29"},{"lineNumber":63,"author":{"gitId":"LimAiLin"},"content":"                                }","lastModifiedDate":"2022-08-29"},{"lineNumber":64,"author":{"gitId":"LimAiLin"},"content":"                                break;","lastModifiedDate":"2022-08-29"},{"lineNumber":65,"author":{"gitId":"LimAiLin"},"content":"                        }","lastModifiedDate":"2022-08-29"},{"lineNumber":66,"author":{"gitId":"LimAiLin"},"content":"                        current \u003d br.readLine();","lastModifiedDate":"2022-08-29"},{"lineNumber":67,"author":{"gitId":"LimAiLin"},"content":"                    }","lastModifiedDate":"2022-08-29"},{"lineNumber":68,"author":{"gitId":"LimAiLin"},"content":"                } catch (IOException | IllegalArgumentException | DukeException e) {","lastModifiedDate":"2022-08-29"},{"lineNumber":69,"author":{"gitId":"LimAiLin"},"content":"                    e.printStackTrace();","lastModifiedDate":"2022-08-29"},{"lineNumber":70,"author":{"gitId":"LimAiLin"},"content":"                }","lastModifiedDate":"2022-08-29"},{"lineNumber":71,"author":{"gitId":"LimAiLin"},"content":"                br.close();","lastModifiedDate":"2022-08-29"},{"lineNumber":72,"author":{"gitId":"LimAiLin"},"content":"                System.out.println(\"Dino found the file in your directory and loaded contents.\\n\");","lastModifiedDate":"2022-08-29"},{"lineNumber":73,"author":{"gitId":"LimAiLin"},"content":"            }","lastModifiedDate":"2022-08-29"},{"lineNumber":74,"author":{"gitId":"LimAiLin"},"content":"        } catch (IOException e) {","lastModifiedDate":"2022-08-29"},{"lineNumber":75,"author":{"gitId":"LimAiLin"},"content":"            System.out.println(\"Dino failed at creating file./n\");","lastModifiedDate":"2022-08-29"},{"lineNumber":76,"author":{"gitId":"LimAiLin"},"content":"            e.printStackTrace();","lastModifiedDate":"2022-08-29"},{"lineNumber":77,"author":{"gitId":"LimAiLin"},"content":"        }","lastModifiedDate":"2022-08-29"},{"lineNumber":78,"author":{"gitId":"LimAiLin"},"content":"        return ls;","lastModifiedDate":"2022-08-29"},{"lineNumber":79,"author":{"gitId":"LimAiLin"},"content":"    }","lastModifiedDate":"2022-08-29"},{"lineNumber":80,"author":{"gitId":"LimAiLin"},"content":"","lastModifiedDate":"2022-08-29"},{"lineNumber":81,"author":{"gitId":"LimAiLin"},"content":"    public void writeFile(TaskList tasks) {","lastModifiedDate":"2022-08-29"},{"lineNumber":82,"author":{"gitId":"LimAiLin"},"content":"        try {","lastModifiedDate":"2022-08-29"},{"lineNumber":83,"author":{"gitId":"LimAiLin"},"content":"            FileWriter myWriter \u003d new FileWriter(this.filePath);","lastModifiedDate":"2022-08-29"},{"lineNumber":84,"author":{"gitId":"LimAiLin"},"content":"            StringBuilder str \u003d new StringBuilder();","lastModifiedDate":"2022-08-29"},{"lineNumber":85,"author":{"gitId":"LimAiLin"},"content":"            for (int i \u003d 0; i \u003c tasks.size(); i++) {","lastModifiedDate":"2022-08-29"},{"lineNumber":86,"author":{"gitId":"LimAiLin"},"content":"                Task myTask \u003d tasks.get(i);","lastModifiedDate":"2022-08-29"},{"lineNumber":87,"author":{"gitId":"LimAiLin"},"content":"                str.append(format(myTask));","lastModifiedDate":"2022-08-29"},{"lineNumber":88,"author":{"gitId":"LimAiLin"},"content":"            }","lastModifiedDate":"2022-08-29"},{"lineNumber":89,"author":{"gitId":"LimAiLin"},"content":"            myWriter.write(str.toString());","lastModifiedDate":"2022-08-29"},{"lineNumber":90,"author":{"gitId":"LimAiLin"},"content":"            myWriter.close();","lastModifiedDate":"2022-08-29"},{"lineNumber":91,"author":{"gitId":"LimAiLin"},"content":"        } catch (IOException e) {","lastModifiedDate":"2022-08-29"},{"lineNumber":92,"author":{"gitId":"LimAiLin"},"content":"            e.printStackTrace();","lastModifiedDate":"2022-08-29"},{"lineNumber":93,"author":{"gitId":"LimAiLin"},"content":"        }","lastModifiedDate":"2022-08-29"},{"lineNumber":94,"author":{"gitId":"LimAiLin"},"content":"    }","lastModifiedDate":"2022-08-29"},{"lineNumber":95,"author":{"gitId":"LimAiLin"},"content":"","lastModifiedDate":"2022-08-29"},{"lineNumber":96,"author":{"gitId":"LimAiLin"},"content":"    private String format(Task task) {","lastModifiedDate":"2022-08-29"},{"lineNumber":97,"author":{"gitId":"LimAiLin"},"content":"        if (task instanceof ToDo) {","lastModifiedDate":"2022-08-29"},{"lineNumber":98,"author":{"gitId":"LimAiLin"},"content":"            return \"TODO|\" + task.getStatus() + \"|\" + task.getDescription() + \"\\n\";","lastModifiedDate":"2022-08-29"},{"lineNumber":99,"author":{"gitId":"LimAiLin"},"content":"        } else if (task instanceof Event) {","lastModifiedDate":"2022-08-29"},{"lineNumber":100,"author":{"gitId":"LimAiLin"},"content":"            Event event \u003d (Event) task;","lastModifiedDate":"2022-08-29"},{"lineNumber":101,"author":{"gitId":"LimAiLin"},"content":"            return \"EVENT|\" + task.getStatus() + \"|\" + task.getDescription() + \"|\" + event.getAt() + \"\\n\";","lastModifiedDate":"2022-08-29"},{"lineNumber":102,"author":{"gitId":"LimAiLin"},"content":"        } else if (task instanceof Deadline) {","lastModifiedDate":"2022-08-29"},{"lineNumber":103,"author":{"gitId":"LimAiLin"},"content":"            Deadline deadline \u003d (Deadline) task;","lastModifiedDate":"2022-08-29"},{"lineNumber":104,"author":{"gitId":"LimAiLin"},"content":"            return \"DEADLINE|\" + task.getStatus() + \"|\" + task.getDescription() + \"|\" + deadline.getBy() + \"\\n\";","lastModifiedDate":"2022-08-29"},{"lineNumber":105,"author":{"gitId":"LimAiLin"},"content":"        }","lastModifiedDate":"2022-08-29"},{"lineNumber":106,"author":{"gitId":"LimAiLin"},"content":"        return \"\";","lastModifiedDate":"2022-08-29"},{"lineNumber":107,"author":{"gitId":"LimAiLin"},"content":"    }","lastModifiedDate":"2022-08-29"},{"lineNumber":108,"author":{"gitId":"LimAiLin"},"content":"}","lastModifiedDate":"2022-08-29"}],"authorContributionMap":{"LimAiLin":108}},{"path":"src/main/java/duke/TaskList.java","fileType":"java","lines":[{"lineNumber":1,"author":{"gitId":"LimAiLin"},"content":"package duke;","lastModifiedDate":"2022-08-29"},{"lineNumber":2,"author":{"gitId":"LimAiLin"},"content":"","lastModifiedDate":"2022-08-29"},{"lineNumber":3,"author":{"gitId":"LimAiLin"},"content":"import duke.task.Task;","lastModifiedDate":"2022-08-29"},{"lineNumber":4,"author":{"gitId":"LimAiLin"},"content":"","lastModifiedDate":"2022-08-29"},{"lineNumber":5,"author":{"gitId":"LimAiLin"},"content":"import java.util.ArrayList;","lastModifiedDate":"2022-08-29"},{"lineNumber":6,"author":{"gitId":"LimAiLin"},"content":"","lastModifiedDate":"2022-08-29"},{"lineNumber":7,"author":{"gitId":"LimAiLin"},"content":"public class TaskList {","lastModifiedDate":"2022-08-29"},{"lineNumber":8,"author":{"gitId":"LimAiLin"},"content":"","lastModifiedDate":"2022-08-29"},{"lineNumber":9,"author":{"gitId":"LimAiLin"},"content":"    private final ArrayList\u003cTask\u003e tasks;","lastModifiedDate":"2022-08-29"},{"lineNumber":10,"author":{"gitId":"LimAiLin"},"content":"    public TaskList(ArrayList\u003cTask\u003e tasks) {","lastModifiedDate":"2022-08-29"},{"lineNumber":11,"author":{"gitId":"LimAiLin"},"content":"        this.tasks \u003d tasks;","lastModifiedDate":"2022-08-29"},{"lineNumber":12,"author":{"gitId":"LimAiLin"},"content":"    }","lastModifiedDate":"2022-08-29"},{"lineNumber":13,"author":{"gitId":"LimAiLin"},"content":"","lastModifiedDate":"2022-08-29"},{"lineNumber":14,"author":{"gitId":"LimAiLin"},"content":"    public void list() {","lastModifiedDate":"2022-08-29"},{"lineNumber":15,"author":{"gitId":"LimAiLin"},"content":"        for (int i \u003d 0; i \u003c tasks.size(); i++) {","lastModifiedDate":"2022-08-29"},{"lineNumber":16,"author":{"gitId":"LimAiLin"},"content":"            System.out.println(\"\\t\" + (i + 1) + \". \" + tasks.get(i).toString());","lastModifiedDate":"2022-08-29"},{"lineNumber":17,"author":{"gitId":"LimAiLin"},"content":"        }","lastModifiedDate":"2022-08-29"},{"lineNumber":18,"author":{"gitId":"LimAiLin"},"content":"    }","lastModifiedDate":"2022-08-29"},{"lineNumber":19,"author":{"gitId":"LimAiLin"},"content":"","lastModifiedDate":"2022-08-29"},{"lineNumber":20,"author":{"gitId":"LimAiLin"},"content":"    public void add(Task task) {","lastModifiedDate":"2022-08-29"},{"lineNumber":21,"author":{"gitId":"LimAiLin"},"content":"        tasks.add(task);","lastModifiedDate":"2022-08-29"},{"lineNumber":22,"author":{"gitId":"LimAiLin"},"content":"    }","lastModifiedDate":"2022-08-29"},{"lineNumber":23,"author":{"gitId":"LimAiLin"},"content":"","lastModifiedDate":"2022-08-29"},{"lineNumber":24,"author":{"gitId":"LimAiLin"},"content":"    public Task get(int i) {","lastModifiedDate":"2022-08-29"},{"lineNumber":25,"author":{"gitId":"LimAiLin"},"content":"        return tasks.get(i);","lastModifiedDate":"2022-08-29"},{"lineNumber":26,"author":{"gitId":"LimAiLin"},"content":"    }","lastModifiedDate":"2022-08-29"},{"lineNumber":27,"author":{"gitId":"LimAiLin"},"content":"","lastModifiedDate":"2022-08-29"},{"lineNumber":28,"author":{"gitId":"LimAiLin"},"content":"    public void remove(int i) {","lastModifiedDate":"2022-08-29"},{"lineNumber":29,"author":{"gitId":"LimAiLin"},"content":"        tasks.remove(i);","lastModifiedDate":"2022-08-29"},{"lineNumber":30,"author":{"gitId":"LimAiLin"},"content":"    }","lastModifiedDate":"2022-08-29"},{"lineNumber":31,"author":{"gitId":"LimAiLin"},"content":"","lastModifiedDate":"2022-08-29"},{"lineNumber":32,"author":{"gitId":"LimAiLin"},"content":"    public int size() {","lastModifiedDate":"2022-08-29"},{"lineNumber":33,"author":{"gitId":"LimAiLin"},"content":"        return tasks.size();","lastModifiedDate":"2022-08-29"},{"lineNumber":34,"author":{"gitId":"LimAiLin"},"content":"    }","lastModifiedDate":"2022-08-29"},{"lineNumber":35,"author":{"gitId":"LimAiLin"},"content":"}","lastModifiedDate":"2022-08-29"}],"authorContributionMap":{"LimAiLin":35}},{"path":"src/main/java/duke/Ui.java","fileType":"java","lines":[{"lineNumber":1,"author":{"gitId":"LimAiLin"},"content":"package duke;","lastModifiedDate":"2022-08-29"},{"lineNumber":2,"author":{"gitId":"LimAiLin"},"content":"","lastModifiedDate":"2022-08-29"},{"lineNumber":3,"author":{"gitId":"LimAiLin"},"content":"import duke.task.Task;","lastModifiedDate":"2022-08-29"},{"lineNumber":4,"author":{"gitId":"LimAiLin"},"content":"","lastModifiedDate":"2022-08-29"},{"lineNumber":5,"author":{"gitId":"LimAiLin"},"content":"public class Ui {","lastModifiedDate":"2022-08-29"},{"lineNumber":6,"author":{"gitId":"LimAiLin"},"content":"","lastModifiedDate":"2022-08-29"},{"lineNumber":7,"author":{"gitId":"LimAiLin"},"content":"    private static final String line \u003d \"Dino:\\n\";","lastModifiedDate":"2022-08-29"},{"lineNumber":8,"author":{"gitId":"LimAiLin"},"content":"","lastModifiedDate":"2022-08-29"},{"lineNumber":9,"author":{"gitId":"LimAiLin"},"content":"    public Ui() {","lastModifiedDate":"2022-08-29"},{"lineNumber":10,"author":{"gitId":"LimAiLin"},"content":"        System.out.println(\"               __\\n\" +","lastModifiedDate":"2022-08-29"},{"lineNumber":11,"author":{"gitId":"LimAiLin"},"content":"                \"              / _)\\n\" +","lastModifiedDate":"2022-08-29"},{"lineNumber":12,"author":{"gitId":"LimAiLin"},"content":"                \"     _.----._/ /\\n\" +","lastModifiedDate":"2022-08-29"},{"lineNumber":13,"author":{"gitId":"LimAiLin"},"content":"                \"    /         /\\n\" +","lastModifiedDate":"2022-08-29"},{"lineNumber":14,"author":{"gitId":"LimAiLin"},"content":"                \" __/ (  | (  |\\n\" +","lastModifiedDate":"2022-08-29"},{"lineNumber":15,"author":{"gitId":"LimAiLin"},"content":"                \"/__.-\u0027|_|--|_|\\n\");","lastModifiedDate":"2022-08-29"},{"lineNumber":16,"author":{"gitId":"LimAiLin"},"content":"","lastModifiedDate":"2022-08-29"},{"lineNumber":17,"author":{"gitId":"LimAiLin"},"content":"        System.out.println(line","lastModifiedDate":"2022-08-29"},{"lineNumber":18,"author":{"gitId":"LimAiLin"},"content":"                + \"\\tHello! I\u0027m Dino\\n\"","lastModifiedDate":"2022-08-29"},{"lineNumber":19,"author":{"gitId":"LimAiLin"},"content":"                + \"\\tWhat can I do for you?\\n\");","lastModifiedDate":"2022-08-29"},{"lineNumber":20,"author":{"gitId":"LimAiLin"},"content":"    }","lastModifiedDate":"2022-08-29"},{"lineNumber":21,"author":{"gitId":"LimAiLin"},"content":"","lastModifiedDate":"2022-08-29"},{"lineNumber":22,"author":{"gitId":"LimAiLin"},"content":"    public void showLoadingError() {","lastModifiedDate":"2022-08-29"},{"lineNumber":23,"author":{"gitId":"LimAiLin"},"content":"        System.out.println(\"RAWR! Error loading previous tasks.\");","lastModifiedDate":"2022-08-29"},{"lineNumber":24,"author":{"gitId":"LimAiLin"},"content":"    }","lastModifiedDate":"2022-08-29"},{"lineNumber":25,"author":{"gitId":"LimAiLin"},"content":"","lastModifiedDate":"2022-08-29"},{"lineNumber":26,"author":{"gitId":"LimAiLin"},"content":"    public void showLine() {","lastModifiedDate":"2022-08-29"},{"lineNumber":27,"author":{"gitId":"LimAiLin"},"content":"        System.out.print(line);","lastModifiedDate":"2022-08-29"},{"lineNumber":28,"author":{"gitId":"LimAiLin"},"content":"    }","lastModifiedDate":"2022-08-29"},{"lineNumber":29,"author":{"gitId":"LimAiLin"},"content":"","lastModifiedDate":"2022-08-29"},{"lineNumber":30,"author":{"gitId":"LimAiLin"},"content":"    public void exit() {","lastModifiedDate":"2022-08-29"},{"lineNumber":31,"author":{"gitId":"LimAiLin"},"content":"        System.out.println(\"\\tBye bye. Hope to see you again soon!\");","lastModifiedDate":"2022-08-29"},{"lineNumber":32,"author":{"gitId":"LimAiLin"},"content":"    }","lastModifiedDate":"2022-08-29"},{"lineNumber":33,"author":{"gitId":"LimAiLin"},"content":"","lastModifiedDate":"2022-08-29"},{"lineNumber":34,"author":{"gitId":"LimAiLin"},"content":"    public void emptyDescription() throws DukeException {","lastModifiedDate":"2022-08-29"},{"lineNumber":35,"author":{"gitId":"LimAiLin"},"content":"        throw new DukeException(\"RAWR! Empty description.\");","lastModifiedDate":"2022-08-29"},{"lineNumber":36,"author":{"gitId":"LimAiLin"},"content":"    }","lastModifiedDate":"2022-08-29"},{"lineNumber":37,"author":{"gitId":"LimAiLin"},"content":"","lastModifiedDate":"2022-08-29"},{"lineNumber":38,"author":{"gitId":"LimAiLin"},"content":"    public void invalidTask() throws DukeException {","lastModifiedDate":"2022-08-29"},{"lineNumber":39,"author":{"gitId":"LimAiLin"},"content":"        throw new DukeException(\"RAWR! Invalid task.\");","lastModifiedDate":"2022-08-29"},{"lineNumber":40,"author":{"gitId":"LimAiLin"},"content":"    }","lastModifiedDate":"2022-08-29"},{"lineNumber":41,"author":{"gitId":"LimAiLin"},"content":"","lastModifiedDate":"2022-08-29"},{"lineNumber":42,"author":{"gitId":"LimAiLin"},"content":"    public void missingDate() throws DukeException {","lastModifiedDate":"2022-08-29"},{"lineNumber":43,"author":{"gitId":"LimAiLin"},"content":"        throw new DukeException(\"RAWR! Missing date.\");","lastModifiedDate":"2022-08-29"},{"lineNumber":44,"author":{"gitId":"LimAiLin"},"content":"    }","lastModifiedDate":"2022-08-29"},{"lineNumber":45,"author":{"gitId":"LimAiLin"},"content":"","lastModifiedDate":"2022-08-29"},{"lineNumber":46,"author":{"gitId":"LimAiLin"},"content":"    public void complete(Task myTask) {","lastModifiedDate":"2022-08-29"},{"lineNumber":47,"author":{"gitId":"LimAiLin"},"content":"        System.out.println(\"\\tHooray! You have completed this task:\\n\\t\" + myTask);","lastModifiedDate":"2022-08-29"},{"lineNumber":48,"author":{"gitId":"LimAiLin"},"content":"    }","lastModifiedDate":"2022-08-29"},{"lineNumber":49,"author":{"gitId":"LimAiLin"},"content":"","lastModifiedDate":"2022-08-29"},{"lineNumber":50,"author":{"gitId":"LimAiLin"},"content":"    public void incomplete(Task myTask) {","lastModifiedDate":"2022-08-29"},{"lineNumber":51,"author":{"gitId":"LimAiLin"},"content":"        System.out.println(\"\\tOh no! You have more things to complete:\\n\\t\" + myTask);","lastModifiedDate":"2022-08-29"},{"lineNumber":52,"author":{"gitId":"LimAiLin"},"content":"    }","lastModifiedDate":"2022-08-29"},{"lineNumber":53,"author":{"gitId":"LimAiLin"},"content":"","lastModifiedDate":"2022-08-29"},{"lineNumber":54,"author":{"gitId":"LimAiLin"},"content":"    public void newLine() {","lastModifiedDate":"2022-08-29"},{"lineNumber":55,"author":{"gitId":"LimAiLin"},"content":"        System.out.print(\"\\n\");","lastModifiedDate":"2022-08-29"},{"lineNumber":56,"author":{"gitId":"LimAiLin"},"content":"    }","lastModifiedDate":"2022-08-29"},{"lineNumber":57,"author":{"gitId":"LimAiLin"},"content":"","lastModifiedDate":"2022-08-29"},{"lineNumber":58,"author":{"gitId":"LimAiLin"},"content":"    public void add(TaskList taskList, Task task) {","lastModifiedDate":"2022-08-29"},{"lineNumber":59,"author":{"gitId":"LimAiLin"},"content":"        System.out.println(\"\\tadded: \" + task);","lastModifiedDate":"2022-08-29"},{"lineNumber":60,"author":{"gitId":"LimAiLin"},"content":"        System.out.println(\"\\tYou have \" + taskList.size() + \" task\" + (taskList.size() \u003e 1 ? \"s!\" : \"!\"));","lastModifiedDate":"2022-08-29"},{"lineNumber":61,"author":{"gitId":"LimAiLin"},"content":"    }","lastModifiedDate":"2022-08-29"},{"lineNumber":62,"author":{"gitId":"LimAiLin"},"content":"","lastModifiedDate":"2022-08-29"},{"lineNumber":63,"author":{"gitId":"LimAiLin"},"content":"}","lastModifiedDate":"2022-08-29"}],"authorContributionMap":{"LimAiLin":63}},{"path":"src/main/java/duke/command/AddCommand.java","fileType":"java","lines":[{"lineNumber":1,"author":{"gitId":"LimAiLin"},"content":"package duke.command;","lastModifiedDate":"2022-08-29"},{"lineNumber":2,"author":{"gitId":"LimAiLin"},"content":"","lastModifiedDate":"2022-08-29"},{"lineNumber":3,"author":{"gitId":"LimAiLin"},"content":"import duke.DukeException;","lastModifiedDate":"2022-08-29"},{"lineNumber":4,"author":{"gitId":"LimAiLin"},"content":"import duke.Storage;","lastModifiedDate":"2022-08-29"},{"lineNumber":5,"author":{"gitId":"LimAiLin"},"content":"import duke.TaskList;","lastModifiedDate":"2022-08-29"},{"lineNumber":6,"author":{"gitId":"LimAiLin"},"content":"import duke.Ui;","lastModifiedDate":"2022-08-29"},{"lineNumber":7,"author":{"gitId":"LimAiLin"},"content":"import duke.task.Deadline;","lastModifiedDate":"2022-08-29"},{"lineNumber":8,"author":{"gitId":"LimAiLin"},"content":"import duke.task.Event;","lastModifiedDate":"2022-08-29"},{"lineNumber":9,"author":{"gitId":"LimAiLin"},"content":"import duke.task.Task;","lastModifiedDate":"2022-08-29"},{"lineNumber":10,"author":{"gitId":"LimAiLin"},"content":"import duke.task.ToDo;","lastModifiedDate":"2022-08-29"},{"lineNumber":11,"author":{"gitId":"LimAiLin"},"content":"","lastModifiedDate":"2022-08-29"},{"lineNumber":12,"author":{"gitId":"LimAiLin"},"content":"public class AddCommand extends Command {","lastModifiedDate":"2022-08-29"},{"lineNumber":13,"author":{"gitId":"LimAiLin"},"content":"    String[] str;","lastModifiedDate":"2022-08-29"},{"lineNumber":14,"author":{"gitId":"LimAiLin"},"content":"    Commands command;","lastModifiedDate":"2022-08-29"},{"lineNumber":15,"author":{"gitId":"LimAiLin"},"content":"    private enum Commands {","lastModifiedDate":"2022-08-29"},{"lineNumber":16,"author":{"gitId":"LimAiLin"},"content":"        DEADLINE,","lastModifiedDate":"2022-08-29"},{"lineNumber":17,"author":{"gitId":"LimAiLin"},"content":"        TODO,","lastModifiedDate":"2022-08-29"},{"lineNumber":18,"author":{"gitId":"LimAiLin"},"content":"        EVENT","lastModifiedDate":"2022-08-29"},{"lineNumber":19,"author":{"gitId":"LimAiLin"},"content":"    }","lastModifiedDate":"2022-08-29"},{"lineNumber":20,"author":{"gitId":"LimAiLin"},"content":"","lastModifiedDate":"2022-08-29"},{"lineNumber":21,"author":{"gitId":"LimAiLin"},"content":"    public AddCommand(String[] str, int i) {","lastModifiedDate":"2022-08-29"},{"lineNumber":22,"author":{"gitId":"LimAiLin"},"content":"        this.str \u003d str;","lastModifiedDate":"2022-08-29"},{"lineNumber":23,"author":{"gitId":"LimAiLin"},"content":"        Commands[] commands \u003d new Commands[]{Commands.DEADLINE, Commands.TODO, Commands.EVENT};","lastModifiedDate":"2022-08-29"},{"lineNumber":24,"author":{"gitId":"LimAiLin"},"content":"        this.command \u003d commands[i];","lastModifiedDate":"2022-08-29"},{"lineNumber":25,"author":{"gitId":"LimAiLin"},"content":"    }","lastModifiedDate":"2022-08-29"},{"lineNumber":26,"author":{"gitId":"LimAiLin"},"content":"","lastModifiedDate":"2022-08-29"},{"lineNumber":27,"author":{"gitId":"LimAiLin"},"content":"    @Override","lastModifiedDate":"2022-08-29"},{"lineNumber":28,"author":{"gitId":"LimAiLin"},"content":"    public void execute(TaskList tasks, Ui ui, Storage storage) throws DukeException {","lastModifiedDate":"2022-08-29"},{"lineNumber":29,"author":{"gitId":"LimAiLin"},"content":"        Task myTask \u003d null;","lastModifiedDate":"2022-08-29"},{"lineNumber":30,"author":{"gitId":"LimAiLin"},"content":"        switch(command) {","lastModifiedDate":"2022-08-29"},{"lineNumber":31,"author":{"gitId":"LimAiLin"},"content":"        case DEADLINE:","lastModifiedDate":"2022-08-29"},{"lineNumber":32,"author":{"gitId":"LimAiLin"},"content":"            String[] dl \u003d new String[2];","lastModifiedDate":"2022-08-29"},{"lineNumber":33,"author":{"gitId":"LimAiLin"},"content":"            try {","lastModifiedDate":"2022-08-29"},{"lineNumber":34,"author":{"gitId":"LimAiLin"},"content":"                dl \u003d str[1].split(\" /by \");","lastModifiedDate":"2022-08-29"},{"lineNumber":35,"author":{"gitId":"LimAiLin"},"content":"            } catch (Exception e) {","lastModifiedDate":"2022-08-29"},{"lineNumber":36,"author":{"gitId":"LimAiLin"},"content":"                ui.emptyDescription();","lastModifiedDate":"2022-08-29"},{"lineNumber":37,"author":{"gitId":"LimAiLin"},"content":"            }","lastModifiedDate":"2022-08-29"},{"lineNumber":38,"author":{"gitId":"LimAiLin"},"content":"","lastModifiedDate":"2022-08-29"},{"lineNumber":39,"author":{"gitId":"LimAiLin"},"content":"            try {","lastModifiedDate":"2022-08-29"},{"lineNumber":40,"author":{"gitId":"LimAiLin"},"content":"                myTask \u003d new Deadline(dl[0], dl[1]);","lastModifiedDate":"2022-08-29"},{"lineNumber":41,"author":{"gitId":"LimAiLin"},"content":"            } catch (Exception e) {","lastModifiedDate":"2022-08-29"},{"lineNumber":42,"author":{"gitId":"LimAiLin"},"content":"                ui.missingDate();","lastModifiedDate":"2022-08-29"},{"lineNumber":43,"author":{"gitId":"LimAiLin"},"content":"            }","lastModifiedDate":"2022-08-29"},{"lineNumber":44,"author":{"gitId":"LimAiLin"},"content":"            break;","lastModifiedDate":"2022-08-29"},{"lineNumber":45,"author":{"gitId":"LimAiLin"},"content":"","lastModifiedDate":"2022-08-29"},{"lineNumber":46,"author":{"gitId":"LimAiLin"},"content":"        case TODO:","lastModifiedDate":"2022-08-29"},{"lineNumber":47,"author":{"gitId":"LimAiLin"},"content":"            try {","lastModifiedDate":"2022-08-29"},{"lineNumber":48,"author":{"gitId":"LimAiLin"},"content":"                myTask \u003d new ToDo(str[1]);","lastModifiedDate":"2022-08-29"},{"lineNumber":49,"author":{"gitId":"LimAiLin"},"content":"            } catch (Exception e) {","lastModifiedDate":"2022-08-29"},{"lineNumber":50,"author":{"gitId":"LimAiLin"},"content":"                throw new DukeException(\"Oops! The description of a todo cannot be empty!\");","lastModifiedDate":"2022-08-29"},{"lineNumber":51,"author":{"gitId":"LimAiLin"},"content":"            }","lastModifiedDate":"2022-08-29"},{"lineNumber":52,"author":{"gitId":"LimAiLin"},"content":"            break;","lastModifiedDate":"2022-08-29"},{"lineNumber":53,"author":{"gitId":"LimAiLin"},"content":"","lastModifiedDate":"2022-08-29"},{"lineNumber":54,"author":{"gitId":"LimAiLin"},"content":"        case EVENT:","lastModifiedDate":"2022-08-29"},{"lineNumber":55,"author":{"gitId":"LimAiLin"},"content":"            String[] evnt;","lastModifiedDate":"2022-08-29"},{"lineNumber":56,"author":{"gitId":"LimAiLin"},"content":"            try {","lastModifiedDate":"2022-08-29"},{"lineNumber":57,"author":{"gitId":"LimAiLin"},"content":"                evnt \u003d str[1].split(\" /at \");","lastModifiedDate":"2022-08-29"},{"lineNumber":58,"author":{"gitId":"LimAiLin"},"content":"            } catch (Exception e) {","lastModifiedDate":"2022-08-29"},{"lineNumber":59,"author":{"gitId":"LimAiLin"},"content":"                throw new DukeException(\"Oops! The description of an event cannot be empty!\");","lastModifiedDate":"2022-08-29"},{"lineNumber":60,"author":{"gitId":"LimAiLin"},"content":"            }","lastModifiedDate":"2022-08-29"},{"lineNumber":61,"author":{"gitId":"LimAiLin"},"content":"","lastModifiedDate":"2022-08-29"},{"lineNumber":62,"author":{"gitId":"LimAiLin"},"content":"            try {","lastModifiedDate":"2022-08-29"},{"lineNumber":63,"author":{"gitId":"LimAiLin"},"content":"                myTask \u003d new Event(evnt[0], evnt[1]);","lastModifiedDate":"2022-08-29"},{"lineNumber":64,"author":{"gitId":"LimAiLin"},"content":"            } catch (Exception e) {","lastModifiedDate":"2022-08-29"},{"lineNumber":65,"author":{"gitId":"LimAiLin"},"content":"                throw new DukeException(\"Oops! When is the event?\");","lastModifiedDate":"2022-08-29"},{"lineNumber":66,"author":{"gitId":"LimAiLin"},"content":"            }","lastModifiedDate":"2022-08-29"},{"lineNumber":67,"author":{"gitId":"LimAiLin"},"content":"            break;","lastModifiedDate":"2022-08-29"},{"lineNumber":68,"author":{"gitId":"LimAiLin"},"content":"        }","lastModifiedDate":"2022-08-29"},{"lineNumber":69,"author":{"gitId":"LimAiLin"},"content":"        tasks.add(myTask);","lastModifiedDate":"2022-08-29"},{"lineNumber":70,"author":{"gitId":"LimAiLin"},"content":"        storage.writeFile(tasks);","lastModifiedDate":"2022-08-29"},{"lineNumber":71,"author":{"gitId":"LimAiLin"},"content":"        ui.add(tasks, myTask);","lastModifiedDate":"2022-08-29"},{"lineNumber":72,"author":{"gitId":"LimAiLin"},"content":"    }","lastModifiedDate":"2022-08-29"},{"lineNumber":73,"author":{"gitId":"LimAiLin"},"content":"}","lastModifiedDate":"2022-08-29"}],"authorContributionMap":{"LimAiLin":73}},{"path":"src/main/java/duke/command/Command.java","fileType":"java","lines":[{"lineNumber":1,"author":{"gitId":"LimAiLin"},"content":"package duke.command;","lastModifiedDate":"2022-08-29"},{"lineNumber":2,"author":{"gitId":"LimAiLin"},"content":"","lastModifiedDate":"2022-08-29"},{"lineNumber":3,"author":{"gitId":"LimAiLin"},"content":"import duke.DukeException;","lastModifiedDate":"2022-08-29"},{"lineNumber":4,"author":{"gitId":"LimAiLin"},"content":"import duke.Storage;","lastModifiedDate":"2022-08-29"},{"lineNumber":5,"author":{"gitId":"LimAiLin"},"content":"import duke.TaskList;","lastModifiedDate":"2022-08-29"},{"lineNumber":6,"author":{"gitId":"LimAiLin"},"content":"import duke.Ui;","lastModifiedDate":"2022-08-29"},{"lineNumber":7,"author":{"gitId":"LimAiLin"},"content":"","lastModifiedDate":"2022-08-29"},{"lineNumber":8,"author":{"gitId":"LimAiLin"},"content":"public abstract class Command {","lastModifiedDate":"2022-08-29"},{"lineNumber":9,"author":{"gitId":"LimAiLin"},"content":"    public abstract void execute(TaskList tasks, Ui ui, Storage storage) throws DukeException;","lastModifiedDate":"2022-08-29"},{"lineNumber":10,"author":{"gitId":"LimAiLin"},"content":"}","lastModifiedDate":"2022-08-29"}],"authorContributionMap":{"LimAiLin":10}},{"path":"src/main/java/duke/command/DeleteCommand.java","fileType":"java","lines":[{"lineNumber":1,"author":{"gitId":"LimAiLin"},"content":"package duke.command;","lastModifiedDate":"2022-08-29"},{"lineNumber":2,"author":{"gitId":"LimAiLin"},"content":"","lastModifiedDate":"2022-08-29"},{"lineNumber":3,"author":{"gitId":"LimAiLin"},"content":"import duke.DukeException;","lastModifiedDate":"2022-08-29"},{"lineNumber":4,"author":{"gitId":"LimAiLin"},"content":"import duke.Storage;","lastModifiedDate":"2022-08-29"},{"lineNumber":5,"author":{"gitId":"LimAiLin"},"content":"import duke.TaskList;","lastModifiedDate":"2022-08-29"},{"lineNumber":6,"author":{"gitId":"LimAiLin"},"content":"import duke.Ui;","lastModifiedDate":"2022-08-29"},{"lineNumber":7,"author":{"gitId":"LimAiLin"},"content":"import duke.task.Task;","lastModifiedDate":"2022-08-29"},{"lineNumber":8,"author":{"gitId":"LimAiLin"},"content":"","lastModifiedDate":"2022-08-29"},{"lineNumber":9,"author":{"gitId":"LimAiLin"},"content":"public class DeleteCommand extends Command {","lastModifiedDate":"2022-08-29"},{"lineNumber":10,"author":{"gitId":"LimAiLin"},"content":"","lastModifiedDate":"2022-08-29"},{"lineNumber":11,"author":{"gitId":"LimAiLin"},"content":"    private final String[] str;","lastModifiedDate":"2022-08-29"},{"lineNumber":12,"author":{"gitId":"LimAiLin"},"content":"","lastModifiedDate":"2022-08-29"},{"lineNumber":13,"author":{"gitId":"LimAiLin"},"content":"    public DeleteCommand(String[] str) {","lastModifiedDate":"2022-08-29"},{"lineNumber":14,"author":{"gitId":"LimAiLin"},"content":"        this.str \u003d str;","lastModifiedDate":"2022-08-29"},{"lineNumber":15,"author":{"gitId":"LimAiLin"},"content":"    }","lastModifiedDate":"2022-08-29"},{"lineNumber":16,"author":{"gitId":"LimAiLin"},"content":"","lastModifiedDate":"2022-08-29"},{"lineNumber":17,"author":{"gitId":"LimAiLin"},"content":"    @Override","lastModifiedDate":"2022-08-29"},{"lineNumber":18,"author":{"gitId":"LimAiLin"},"content":"    public void execute(TaskList tasks, Ui ui, Storage storage) throws DukeException {","lastModifiedDate":"2022-08-29"},{"lineNumber":19,"author":{"gitId":"LimAiLin"},"content":"        int index \u003d 0;","lastModifiedDate":"2022-08-29"},{"lineNumber":20,"author":{"gitId":"LimAiLin"},"content":"        try {","lastModifiedDate":"2022-08-29"},{"lineNumber":21,"author":{"gitId":"LimAiLin"},"content":"            index \u003d Integer.parseInt(str[1]) - 1;","lastModifiedDate":"2022-08-29"},{"lineNumber":22,"author":{"gitId":"LimAiLin"},"content":"        } catch (Exception e) {","lastModifiedDate":"2022-08-29"},{"lineNumber":23,"author":{"gitId":"LimAiLin"},"content":"            ui.emptyDescription();","lastModifiedDate":"2022-08-29"},{"lineNumber":24,"author":{"gitId":"LimAiLin"},"content":"        }","lastModifiedDate":"2022-08-29"},{"lineNumber":25,"author":{"gitId":"LimAiLin"},"content":"","lastModifiedDate":"2022-08-29"},{"lineNumber":26,"author":{"gitId":"LimAiLin"},"content":"        if (index \u003e Task.lsSize() || index \u003c 0) {","lastModifiedDate":"2022-08-29"},{"lineNumber":27,"author":{"gitId":"LimAiLin"},"content":"            ui.invalidTask();","lastModifiedDate":"2022-08-29"},{"lineNumber":28,"author":{"gitId":"LimAiLin"},"content":"        }","lastModifiedDate":"2022-08-29"},{"lineNumber":29,"author":{"gitId":"LimAiLin"},"content":"        tasks.get(index).remove();","lastModifiedDate":"2022-08-29"},{"lineNumber":30,"author":{"gitId":"LimAiLin"},"content":"        tasks.remove(index);","lastModifiedDate":"2022-08-29"},{"lineNumber":31,"author":{"gitId":"LimAiLin"},"content":"        storage.writeFile(tasks);","lastModifiedDate":"2022-08-29"},{"lineNumber":32,"author":{"gitId":"LimAiLin"},"content":"    }","lastModifiedDate":"2022-08-29"},{"lineNumber":33,"author":{"gitId":"LimAiLin"},"content":"}","lastModifiedDate":"2022-08-29"}],"authorContributionMap":{"LimAiLin":33}},{"path":"src/main/java/duke/command/ExitCommand.java","fileType":"java","lines":[{"lineNumber":1,"author":{"gitId":"LimAiLin"},"content":"package duke.command;","lastModifiedDate":"2022-08-29"},{"lineNumber":2,"author":{"gitId":"LimAiLin"},"content":"","lastModifiedDate":"2022-08-29"},{"lineNumber":3,"author":{"gitId":"LimAiLin"},"content":"import duke.Storage;","lastModifiedDate":"2022-08-29"},{"lineNumber":4,"author":{"gitId":"LimAiLin"},"content":"import duke.TaskList;","lastModifiedDate":"2022-08-29"},{"lineNumber":5,"author":{"gitId":"LimAiLin"},"content":"import duke.Ui;","lastModifiedDate":"2022-08-29"},{"lineNumber":6,"author":{"gitId":"LimAiLin"},"content":"","lastModifiedDate":"2022-08-29"},{"lineNumber":7,"author":{"gitId":"LimAiLin"},"content":"public class ExitCommand extends Command {","lastModifiedDate":"2022-08-29"},{"lineNumber":8,"author":{"gitId":"LimAiLin"},"content":"    @Override","lastModifiedDate":"2022-08-29"},{"lineNumber":9,"author":{"gitId":"LimAiLin"},"content":"    public void execute(TaskList tasks, Ui ui, Storage storage) {","lastModifiedDate":"2022-08-29"},{"lineNumber":10,"author":{"gitId":"LimAiLin"},"content":"        ui.exit();","lastModifiedDate":"2022-08-29"},{"lineNumber":11,"author":{"gitId":"LimAiLin"},"content":"    }","lastModifiedDate":"2022-08-29"},{"lineNumber":12,"author":{"gitId":"LimAiLin"},"content":"}","lastModifiedDate":"2022-08-29"}],"authorContributionMap":{"LimAiLin":12}},{"path":"src/main/java/duke/command/ListCommand.java","fileType":"java","lines":[{"lineNumber":1,"author":{"gitId":"LimAiLin"},"content":"package duke.command;","lastModifiedDate":"2022-08-29"},{"lineNumber":2,"author":{"gitId":"LimAiLin"},"content":"","lastModifiedDate":"2022-08-29"},{"lineNumber":3,"author":{"gitId":"LimAiLin"},"content":"import duke.Storage;","lastModifiedDate":"2022-08-29"},{"lineNumber":4,"author":{"gitId":"LimAiLin"},"content":"import duke.TaskList;","lastModifiedDate":"2022-08-29"},{"lineNumber":5,"author":{"gitId":"LimAiLin"},"content":"import duke.Ui;","lastModifiedDate":"2022-08-29"},{"lineNumber":6,"author":{"gitId":"LimAiLin"},"content":"","lastModifiedDate":"2022-08-29"},{"lineNumber":7,"author":{"gitId":"LimAiLin"},"content":"public class ListCommand extends Command {","lastModifiedDate":"2022-08-29"},{"lineNumber":8,"author":{"gitId":"LimAiLin"},"content":"    @Override","lastModifiedDate":"2022-08-29"},{"lineNumber":9,"author":{"gitId":"LimAiLin"},"content":"    public void execute(TaskList tasks, Ui ui, Storage storage) {","lastModifiedDate":"2022-08-29"},{"lineNumber":10,"author":{"gitId":"LimAiLin"},"content":"        tasks.list();","lastModifiedDate":"2022-08-29"},{"lineNumber":11,"author":{"gitId":"LimAiLin"},"content":"    }","lastModifiedDate":"2022-08-29"},{"lineNumber":12,"author":{"gitId":"LimAiLin"},"content":"}","lastModifiedDate":"2022-08-29"}],"authorContributionMap":{"LimAiLin":12}},{"path":"src/main/java/duke/command/MarkCommand.java","fileType":"java","lines":[{"lineNumber":1,"author":{"gitId":"LimAiLin"},"content":"package duke.command;","lastModifiedDate":"2022-08-29"},{"lineNumber":2,"author":{"gitId":"LimAiLin"},"content":"","lastModifiedDate":"2022-08-29"},{"lineNumber":3,"author":{"gitId":"LimAiLin"},"content":"import duke.DukeException;","lastModifiedDate":"2022-08-29"},{"lineNumber":4,"author":{"gitId":"LimAiLin"},"content":"import duke.Storage;","lastModifiedDate":"2022-08-29"},{"lineNumber":5,"author":{"gitId":"LimAiLin"},"content":"import duke.TaskList;","lastModifiedDate":"2022-08-29"},{"lineNumber":6,"author":{"gitId":"LimAiLin"},"content":"import duke.Ui;","lastModifiedDate":"2022-08-29"},{"lineNumber":7,"author":{"gitId":"LimAiLin"},"content":"import duke.task.Task;","lastModifiedDate":"2022-08-29"},{"lineNumber":8,"author":{"gitId":"LimAiLin"},"content":"","lastModifiedDate":"2022-08-29"},{"lineNumber":9,"author":{"gitId":"LimAiLin"},"content":"public class MarkCommand extends Command {","lastModifiedDate":"2022-08-29"},{"lineNumber":10,"author":{"gitId":"LimAiLin"},"content":"    private final String[] str;","lastModifiedDate":"2022-08-29"},{"lineNumber":11,"author":{"gitId":"LimAiLin"},"content":"    private final boolean mark;","lastModifiedDate":"2022-08-29"},{"lineNumber":12,"author":{"gitId":"LimAiLin"},"content":"","lastModifiedDate":"2022-08-29"},{"lineNumber":13,"author":{"gitId":"LimAiLin"},"content":"    public MarkCommand(String[] str, boolean mark) {","lastModifiedDate":"2022-08-29"},{"lineNumber":14,"author":{"gitId":"LimAiLin"},"content":"        this.str \u003d str;","lastModifiedDate":"2022-08-29"},{"lineNumber":15,"author":{"gitId":"LimAiLin"},"content":"        this.mark \u003d mark;","lastModifiedDate":"2022-08-29"},{"lineNumber":16,"author":{"gitId":"LimAiLin"},"content":"    }","lastModifiedDate":"2022-08-29"},{"lineNumber":17,"author":{"gitId":"LimAiLin"},"content":"","lastModifiedDate":"2022-08-29"},{"lineNumber":18,"author":{"gitId":"LimAiLin"},"content":"    @Override","lastModifiedDate":"2022-08-29"},{"lineNumber":19,"author":{"gitId":"LimAiLin"},"content":"    public void execute(TaskList tasks, Ui ui, Storage storage) throws DukeException {","lastModifiedDate":"2022-08-29"},{"lineNumber":20,"author":{"gitId":"LimAiLin"},"content":"        int index \u003d 0;","lastModifiedDate":"2022-08-29"},{"lineNumber":21,"author":{"gitId":"LimAiLin"},"content":"        Task myTask;","lastModifiedDate":"2022-08-29"},{"lineNumber":22,"author":{"gitId":"LimAiLin"},"content":"","lastModifiedDate":"2022-08-29"},{"lineNumber":23,"author":{"gitId":"LimAiLin"},"content":"        try {","lastModifiedDate":"2022-08-29"},{"lineNumber":24,"author":{"gitId":"LimAiLin"},"content":"            index \u003d Integer.parseInt(str[1]) - 1;","lastModifiedDate":"2022-08-29"},{"lineNumber":25,"author":{"gitId":"LimAiLin"},"content":"        } catch (Exception e) {","lastModifiedDate":"2022-08-29"},{"lineNumber":26,"author":{"gitId":"LimAiLin"},"content":"            ui.emptyDescription();","lastModifiedDate":"2022-08-29"},{"lineNumber":27,"author":{"gitId":"LimAiLin"},"content":"        }","lastModifiedDate":"2022-08-29"},{"lineNumber":28,"author":{"gitId":"LimAiLin"},"content":"","lastModifiedDate":"2022-08-29"},{"lineNumber":29,"author":{"gitId":"LimAiLin"},"content":"        if (index \u003e tasks.size() || index \u003c 0) {","lastModifiedDate":"2022-08-29"},{"lineNumber":30,"author":{"gitId":"LimAiLin"},"content":"            ui.invalidTask();","lastModifiedDate":"2022-08-29"},{"lineNumber":31,"author":{"gitId":"LimAiLin"},"content":"        }","lastModifiedDate":"2022-08-29"},{"lineNumber":32,"author":{"gitId":"LimAiLin"},"content":"","lastModifiedDate":"2022-08-29"},{"lineNumber":33,"author":{"gitId":"LimAiLin"},"content":"        myTask \u003d tasks.get(index);","lastModifiedDate":"2022-08-29"},{"lineNumber":34,"author":{"gitId":"LimAiLin"},"content":"        if (mark) {","lastModifiedDate":"2022-08-29"},{"lineNumber":35,"author":{"gitId":"LimAiLin"},"content":"            myTask.markAsDone();","lastModifiedDate":"2022-08-29"},{"lineNumber":36,"author":{"gitId":"LimAiLin"},"content":"            ui.complete(myTask);","lastModifiedDate":"2022-08-29"},{"lineNumber":37,"author":{"gitId":"LimAiLin"},"content":"        } else {","lastModifiedDate":"2022-08-29"},{"lineNumber":38,"author":{"gitId":"LimAiLin"},"content":"            myTask.markAsUndone();","lastModifiedDate":"2022-08-29"},{"lineNumber":39,"author":{"gitId":"LimAiLin"},"content":"            ui.incomplete(myTask);","lastModifiedDate":"2022-08-29"},{"lineNumber":40,"author":{"gitId":"LimAiLin"},"content":"        }","lastModifiedDate":"2022-08-29"},{"lineNumber":41,"author":{"gitId":"LimAiLin"},"content":"        storage.writeFile(tasks);","lastModifiedDate":"2022-08-29"},{"lineNumber":42,"author":{"gitId":"LimAiLin"},"content":"","lastModifiedDate":"2022-08-29"},{"lineNumber":43,"author":{"gitId":"LimAiLin"},"content":"","lastModifiedDate":"2022-08-29"},{"lineNumber":44,"author":{"gitId":"LimAiLin"},"content":"    }","lastModifiedDate":"2022-08-29"},{"lineNumber":45,"author":{"gitId":"LimAiLin"},"content":"}","lastModifiedDate":"2022-08-29"}],"authorContributionMap":{"LimAiLin":45}},{"path":"src/main/java/duke/task/Deadline.java","fileType":"java","lines":[{"lineNumber":1,"author":{"gitId":"LimAiLin"},"content":"package duke.task;","lastModifiedDate":"2022-08-29"},{"lineNumber":2,"author":{"gitId":"LimAiLin"},"content":"","lastModifiedDate":"2022-08-29"},{"lineNumber":3,"author":{"gitId":"LimAiLin"},"content":"import duke.DukeException;","lastModifiedDate":"2022-08-29"},{"lineNumber":4,"author":{"gitId":"LimAiLin"},"content":"","lastModifiedDate":"2022-08-29"},{"lineNumber":5,"author":{"gitId":"LimAiLin"},"content":"import java.time.LocalDate;","lastModifiedDate":"2022-08-28"},{"lineNumber":6,"author":{"gitId":"LimAiLin"},"content":"import java.time.format.DateTimeFormatter;","lastModifiedDate":"2022-08-28"},{"lineNumber":7,"author":{"gitId":"LimAiLin"},"content":"","lastModifiedDate":"2022-08-28"},{"lineNumber":8,"author":{"gitId":"LimAiLin"},"content":"public class Deadline extends Task {","lastModifiedDate":"2022-08-18"},{"lineNumber":9,"author":{"gitId":"LimAiLin"},"content":"    private final LocalDate date;","lastModifiedDate":"2022-08-29"},{"lineNumber":10,"author":{"gitId":"LimAiLin"},"content":"    private final String by;","lastModifiedDate":"2022-08-29"},{"lineNumber":11,"author":{"gitId":"LimAiLin"},"content":"","lastModifiedDate":"2022-08-18"},{"lineNumber":12,"author":{"gitId":"LimAiLin"},"content":"    public Deadline(String description, String by) throws DukeException {","lastModifiedDate":"2022-08-28"},{"lineNumber":13,"author":{"gitId":"LimAiLin"},"content":"        super(description);","lastModifiedDate":"2022-08-18"},{"lineNumber":14,"author":{"gitId":"LimAiLin"},"content":"        DateTimeFormatter formatter \u003d DateTimeFormatter.ofPattern(\"dd/M/yyyy\");","lastModifiedDate":"2022-08-28"},{"lineNumber":15,"author":{"gitId":"LimAiLin"},"content":"        this.by \u003d by;","lastModifiedDate":"2022-08-28"},{"lineNumber":16,"author":{"gitId":"LimAiLin"},"content":"        try {","lastModifiedDate":"2022-08-28"},{"lineNumber":17,"author":{"gitId":"LimAiLin"},"content":"            this.date \u003d LocalDate.parse(by, formatter);","lastModifiedDate":"2022-08-28"},{"lineNumber":18,"author":{"gitId":"LimAiLin"},"content":"        } catch (Exception e) {","lastModifiedDate":"2022-08-28"},{"lineNumber":19,"author":{"gitId":"LimAiLin"},"content":"            throw new DukeException(\"Please enter date in the format: dd/M/yyyy\");","lastModifiedDate":"2022-08-28"},{"lineNumber":20,"author":{"gitId":"LimAiLin"},"content":"        }","lastModifiedDate":"2022-08-28"},{"lineNumber":21,"author":{"gitId":"LimAiLin"},"content":"    }","lastModifiedDate":"2022-08-18"},{"lineNumber":22,"author":{"gitId":"LimAiLin"},"content":"","lastModifiedDate":"2022-08-18"},{"lineNumber":23,"author":{"gitId":"LimAiLin"},"content":"    public String getBy() { return by; }","lastModifiedDate":"2022-08-25"},{"lineNumber":24,"author":{"gitId":"LimAiLin"},"content":"","lastModifiedDate":"2022-08-25"},{"lineNumber":25,"author":{"gitId":"LimAiLin"},"content":"    @Override","lastModifiedDate":"2022-08-18"},{"lineNumber":26,"author":{"gitId":"LimAiLin"},"content":"    public String toString() {","lastModifiedDate":"2022-08-18"},{"lineNumber":27,"author":{"gitId":"LimAiLin"},"content":"        return \"[D]\" + super.toString() + \" (by: \" + date.format(DateTimeFormatter.ofPattern(\"MMM d yyyy\")) + \")\";","lastModifiedDate":"2022-08-28"},{"lineNumber":28,"author":{"gitId":"LimAiLin"},"content":"    }","lastModifiedDate":"2022-08-18"},{"lineNumber":29,"author":{"gitId":"LimAiLin"},"content":"}","lastModifiedDate":"2022-08-18"}],"authorContributionMap":{"LimAiLin":29}},{"path":"src/main/java/duke/task/Event.java","fileType":"java","lines":[{"lineNumber":1,"author":{"gitId":"LimAiLin"},"content":"package duke.task;","lastModifiedDate":"2022-08-29"},{"lineNumber":2,"author":{"gitId":"LimAiLin"},"content":"","lastModifiedDate":"2022-08-29"},{"lineNumber":3,"author":{"gitId":"LimAiLin"},"content":"import duke.DukeException;","lastModifiedDate":"2022-08-29"},{"lineNumber":4,"author":{"gitId":"LimAiLin"},"content":"","lastModifiedDate":"2022-08-29"},{"lineNumber":5,"author":{"gitId":"LimAiLin"},"content":"import java.time.LocalDateTime;","lastModifiedDate":"2022-08-28"},{"lineNumber":6,"author":{"gitId":"LimAiLin"},"content":"import java.time.format.DateTimeFormatter;","lastModifiedDate":"2022-08-28"},{"lineNumber":7,"author":{"gitId":"LimAiLin"},"content":"","lastModifiedDate":"2022-08-28"},{"lineNumber":8,"author":{"gitId":"LimAiLin"},"content":"public class Event extends Task {","lastModifiedDate":"2022-08-18"},{"lineNumber":9,"author":{"gitId":"LimAiLin"},"content":"","lastModifiedDate":"2022-08-18"},{"lineNumber":10,"author":{"gitId":"LimAiLin"},"content":"    private final LocalDateTime date;","lastModifiedDate":"2022-08-29"},{"lineNumber":11,"author":{"gitId":"LimAiLin"},"content":"    private final String at;","lastModifiedDate":"2022-08-29"},{"lineNumber":12,"author":{"gitId":"LimAiLin"},"content":"","lastModifiedDate":"2022-08-18"},{"lineNumber":13,"author":{"gitId":"LimAiLin"},"content":"    public Event(String description, String at) throws DukeException {","lastModifiedDate":"2022-08-28"},{"lineNumber":14,"author":{"gitId":"LimAiLin"},"content":"        super(description);","lastModifiedDate":"2022-08-18"},{"lineNumber":15,"author":{"gitId":"LimAiLin"},"content":"        DateTimeFormatter formatter \u003d DateTimeFormatter.ofPattern(\"dd/M/yyyy HH:mm\");","lastModifiedDate":"2022-08-28"},{"lineNumber":16,"author":{"gitId":"LimAiLin"},"content":"        this.at \u003d at;","lastModifiedDate":"2022-08-28"},{"lineNumber":17,"author":{"gitId":"LimAiLin"},"content":"        try {","lastModifiedDate":"2022-08-28"},{"lineNumber":18,"author":{"gitId":"LimAiLin"},"content":"            this.date \u003d LocalDateTime.parse(at, formatter);","lastModifiedDate":"2022-08-28"},{"lineNumber":19,"author":{"gitId":"LimAiLin"},"content":"        } catch (Exception e) {","lastModifiedDate":"2022-08-28"},{"lineNumber":20,"author":{"gitId":"LimAiLin"},"content":"            throw new DukeException(\"Please enter date and time in the format: dd/M/yyyy HH:mm\");","lastModifiedDate":"2022-08-28"},{"lineNumber":21,"author":{"gitId":"LimAiLin"},"content":"        }","lastModifiedDate":"2022-08-28"},{"lineNumber":22,"author":{"gitId":"LimAiLin"},"content":"    }","lastModifiedDate":"2022-08-18"},{"lineNumber":23,"author":{"gitId":"LimAiLin"},"content":"","lastModifiedDate":"2022-08-18"},{"lineNumber":24,"author":{"gitId":"LimAiLin"},"content":"    public String getAt() { return at; }","lastModifiedDate":"2022-08-25"},{"lineNumber":25,"author":{"gitId":"LimAiLin"},"content":"","lastModifiedDate":"2022-08-25"},{"lineNumber":26,"author":{"gitId":"LimAiLin"},"content":"    @Override","lastModifiedDate":"2022-08-18"},{"lineNumber":27,"author":{"gitId":"LimAiLin"},"content":"    public String toString() {","lastModifiedDate":"2022-08-18"},{"lineNumber":28,"author":{"gitId":"LimAiLin"},"content":"        return \"[E]\" + super.toString() + \" (at: \" + date.format(DateTimeFormatter.ofPattern(\"MMM d yyyy hh:mma\")) + \")\";","lastModifiedDate":"2022-08-28"},{"lineNumber":29,"author":{"gitId":"LimAiLin"},"content":"    }","lastModifiedDate":"2022-08-18"},{"lineNumber":30,"author":{"gitId":"LimAiLin"},"content":"}","lastModifiedDate":"2022-08-18"}],"authorContributionMap":{"LimAiLin":30}},{"path":"src/main/java/duke/task/Task.java","fileType":"java","lines":[{"lineNumber":1,"author":{"gitId":"LimAiLin"},"content":"package duke.task;","lastModifiedDate":"2022-08-29"},{"lineNumber":2,"author":{"gitId":"LimAiLin"},"content":"","lastModifiedDate":"2022-08-29"},{"lineNumber":3,"author":{"gitId":"LimAiLin"},"content":"public class Task {","lastModifiedDate":"2022-08-18"},{"lineNumber":4,"author":{"gitId":"LimAiLin"},"content":"    private final String description;","lastModifiedDate":"2022-08-18"},{"lineNumber":5,"author":{"gitId":"LimAiLin"},"content":"    private boolean isDone;","lastModifiedDate":"2022-08-18"},{"lineNumber":6,"author":{"gitId":"LimAiLin"},"content":"    private static int num \u003d 0;","lastModifiedDate":"2022-08-18"},{"lineNumber":7,"author":{"gitId":"LimAiLin"},"content":"","lastModifiedDate":"2022-08-18"},{"lineNumber":8,"author":{"gitId":"LimAiLin"},"content":"    public Task(String description) {","lastModifiedDate":"2022-08-18"},{"lineNumber":9,"author":{"gitId":"LimAiLin"},"content":"        this.description \u003d description;","lastModifiedDate":"2022-08-18"},{"lineNumber":10,"author":{"gitId":"LimAiLin"},"content":"        this.isDone \u003d false;","lastModifiedDate":"2022-08-18"},{"lineNumber":11,"author":{"gitId":"LimAiLin"},"content":"        num++;","lastModifiedDate":"2022-08-18"},{"lineNumber":12,"author":{"gitId":"LimAiLin"},"content":"    }","lastModifiedDate":"2022-08-18"},{"lineNumber":13,"author":{"gitId":"LimAiLin"},"content":"","lastModifiedDate":"2022-08-18"},{"lineNumber":14,"author":{"gitId":"LimAiLin"},"content":"    private String getStatusIcon() {","lastModifiedDate":"2022-08-18"},{"lineNumber":15,"author":{"gitId":"LimAiLin"},"content":"        return (isDone ? \"X\" : \" \"); // mark done task with X","lastModifiedDate":"2022-08-18"},{"lineNumber":16,"author":{"gitId":"LimAiLin"},"content":"    }","lastModifiedDate":"2022-08-18"},{"lineNumber":17,"author":{"gitId":"LimAiLin"},"content":"","lastModifiedDate":"2022-08-18"},{"lineNumber":18,"author":{"gitId":"LimAiLin"},"content":"    public void markAsDone() {","lastModifiedDate":"2022-08-18"},{"lineNumber":19,"author":{"gitId":"LimAiLin"},"content":"        this.isDone \u003d true;","lastModifiedDate":"2022-08-18"},{"lineNumber":20,"author":{"gitId":"LimAiLin"},"content":"    }","lastModifiedDate":"2022-08-18"},{"lineNumber":21,"author":{"gitId":"LimAiLin"},"content":"","lastModifiedDate":"2022-08-18"},{"lineNumber":22,"author":{"gitId":"LimAiLin"},"content":"    public void markAsUndone() {","lastModifiedDate":"2022-08-18"},{"lineNumber":23,"author":{"gitId":"LimAiLin"},"content":"        this.isDone \u003d false;","lastModifiedDate":"2022-08-18"},{"lineNumber":24,"author":{"gitId":"LimAiLin"},"content":"    }","lastModifiedDate":"2022-08-18"},{"lineNumber":25,"author":{"gitId":"LimAiLin"},"content":"","lastModifiedDate":"2022-08-18"},{"lineNumber":26,"author":{"gitId":"LimAiLin"},"content":"    public String getStatus() { return (isDone ? \"1\" : \"0\"); }","lastModifiedDate":"2022-08-25"},{"lineNumber":27,"author":{"gitId":"LimAiLin"},"content":"","lastModifiedDate":"2022-08-25"},{"lineNumber":28,"author":{"gitId":"LimAiLin"},"content":"    public String getDescription() { return description; }","lastModifiedDate":"2022-08-25"},{"lineNumber":29,"author":{"gitId":"LimAiLin"},"content":"","lastModifiedDate":"2022-08-25"},{"lineNumber":30,"author":{"gitId":"LimAiLin"},"content":"    public static int lsSize() { return num; }","lastModifiedDate":"2022-08-18"},{"lineNumber":31,"author":{"gitId":"LimAiLin"},"content":"","lastModifiedDate":"2022-08-18"},{"lineNumber":32,"author":{"gitId":"LimAiLin"},"content":"    public void remove() {","lastModifiedDate":"2022-08-18"},{"lineNumber":33,"author":{"gitId":"LimAiLin"},"content":"        System.out.println(\"\\tRemoving \" + this + \"...\");","lastModifiedDate":"2022-08-18"},{"lineNumber":34,"author":{"gitId":"LimAiLin"},"content":"        num--;","lastModifiedDate":"2022-08-18"},{"lineNumber":35,"author":{"gitId":"LimAiLin"},"content":"        System.out.println(\"\\tYou have \" + num + \" task\" + (num \u003e 1 ? \"s!\" : \"!\"));","lastModifiedDate":"2022-08-18"},{"lineNumber":36,"author":{"gitId":"LimAiLin"},"content":"    }","lastModifiedDate":"2022-08-18"},{"lineNumber":37,"author":{"gitId":"LimAiLin"},"content":"","lastModifiedDate":"2022-08-18"},{"lineNumber":38,"author":{"gitId":"LimAiLin"},"content":"    public String toString() {","lastModifiedDate":"2022-08-18"},{"lineNumber":39,"author":{"gitId":"LimAiLin"},"content":"        return \"[\" + this.getStatusIcon() + \"] \" + description;","lastModifiedDate":"2022-08-18"},{"lineNumber":40,"author":{"gitId":"LimAiLin"},"content":"    }","lastModifiedDate":"2022-08-18"},{"lineNumber":41,"author":{"gitId":"LimAiLin"},"content":"}","lastModifiedDate":"2022-08-18"}],"authorContributionMap":{"LimAiLin":41}},{"path":"src/main/java/duke/task/ToDo.java","fileType":"java","lines":[{"lineNumber":1,"author":{"gitId":"LimAiLin"},"content":"package duke.task;","lastModifiedDate":"2022-08-29"},{"lineNumber":2,"author":{"gitId":"LimAiLin"},"content":"","lastModifiedDate":"2022-08-28"},{"lineNumber":3,"author":{"gitId":"LimAiLin"},"content":"public class ToDo extends Task {","lastModifiedDate":"2022-08-18"},{"lineNumber":4,"author":{"gitId":"LimAiLin"},"content":"","lastModifiedDate":"2022-08-18"},{"lineNumber":5,"author":{"gitId":"LimAiLin"},"content":"    public ToDo(String description) {","lastModifiedDate":"2022-08-18"},{"lineNumber":6,"author":{"gitId":"LimAiLin"},"content":"        super(description);","lastModifiedDate":"2022-08-18"},{"lineNumber":7,"author":{"gitId":"LimAiLin"},"content":"    }","lastModifiedDate":"2022-08-18"},{"lineNumber":8,"author":{"gitId":"LimAiLin"},"content":"","lastModifiedDate":"2022-08-18"},{"lineNumber":9,"author":{"gitId":"LimAiLin"},"content":"    @Override","lastModifiedDate":"2022-08-18"},{"lineNumber":10,"author":{"gitId":"LimAiLin"},"content":"    public String toString() {","lastModifiedDate":"2022-08-18"},{"lineNumber":11,"author":{"gitId":"LimAiLin"},"content":"        return \"[T]\" + super.toString();","lastModifiedDate":"2022-08-18"},{"lineNumber":12,"author":{"gitId":"LimAiLin"},"content":"    }","lastModifiedDate":"2022-08-18"},{"lineNumber":13,"author":{"gitId":"LimAiLin"},"content":"}","lastModifiedDate":"2022-08-18"}],"authorContributionMap":{"LimAiLin":13}},{"path":"src/test/java/duke/task/DeadlineTest.java","fileType":"java","lines":[{"lineNumber":1,"author":{"gitId":"LimAiLin"},"content":"package duke.task;","lastModifiedDate":"2022-08-31"},{"lineNumber":2,"author":{"gitId":"LimAiLin"},"content":"","lastModifiedDate":"2022-08-31"},{"lineNumber":3,"author":{"gitId":"LimAiLin"},"content":"import duke.DukeException;","lastModifiedDate":"2022-08-31"},{"lineNumber":4,"author":{"gitId":"LimAiLin"},"content":"import org.junit.jupiter.api.Test;","lastModifiedDate":"2022-08-31"},{"lineNumber":5,"author":{"gitId":"LimAiLin"},"content":"","lastModifiedDate":"2022-08-31"},{"lineNumber":6,"author":{"gitId":"LimAiLin"},"content":"import static org.junit.jupiter.api.Assertions.assertEquals;","lastModifiedDate":"2022-08-31"},{"lineNumber":7,"author":{"gitId":"LimAiLin"},"content":"","lastModifiedDate":"2022-08-31"},{"lineNumber":8,"author":{"gitId":"LimAiLin"},"content":"public class DeadlineTest {","lastModifiedDate":"2022-08-31"},{"lineNumber":9,"author":{"gitId":"LimAiLin"},"content":"    @Test","lastModifiedDate":"2022-08-31"},{"lineNumber":10,"author":{"gitId":"LimAiLin"},"content":"    public void toString_undone() throws DukeException {","lastModifiedDate":"2022-08-31"},{"lineNumber":11,"author":{"gitId":"LimAiLin"},"content":"        Deadline deadline \u003d new Deadline(\"description\", \"31/8/2022\");","lastModifiedDate":"2022-08-31"},{"lineNumber":12,"author":{"gitId":"LimAiLin"},"content":"        deadline.markAsUndone();","lastModifiedDate":"2022-08-31"},{"lineNumber":13,"author":{"gitId":"LimAiLin"},"content":"        assertEquals(\"[D][ ] description (by: Aug 31 2022)\", deadline.toString());","lastModifiedDate":"2022-08-31"},{"lineNumber":14,"author":{"gitId":"LimAiLin"},"content":"    }","lastModifiedDate":"2022-08-31"},{"lineNumber":15,"author":{"gitId":"LimAiLin"},"content":"","lastModifiedDate":"2022-08-31"},{"lineNumber":16,"author":{"gitId":"LimAiLin"},"content":"    @Test","lastModifiedDate":"2022-08-31"},{"lineNumber":17,"author":{"gitId":"LimAiLin"},"content":"    public void toString_done() throws DukeException {","lastModifiedDate":"2022-08-31"},{"lineNumber":18,"author":{"gitId":"LimAiLin"},"content":"        Deadline deadline \u003d new Deadline(\"description\", \"31/8/2022\");","lastModifiedDate":"2022-08-31"},{"lineNumber":19,"author":{"gitId":"LimAiLin"},"content":"        deadline.markAsDone();","lastModifiedDate":"2022-08-31"},{"lineNumber":20,"author":{"gitId":"LimAiLin"},"content":"        assertEquals(\"[D][X] description (by: Aug 31 2022)\", deadline.toString());","lastModifiedDate":"2022-08-31"},{"lineNumber":21,"author":{"gitId":"LimAiLin"},"content":"    }","lastModifiedDate":"2022-08-31"},{"lineNumber":22,"author":{"gitId":"LimAiLin"},"content":"}","lastModifiedDate":"2022-08-31"}],"authorContributionMap":{"LimAiLin":22}},{"path":"src/test/java/duke/task/ToDoTest.java","fileType":"java","lines":[{"lineNumber":1,"author":{"gitId":"LimAiLin"},"content":"package duke.task;","lastModifiedDate":"2022-08-31"},{"lineNumber":2,"author":{"gitId":"LimAiLin"},"content":"","lastModifiedDate":"2022-08-31"},{"lineNumber":3,"author":{"gitId":"LimAiLin"},"content":"import org.junit.jupiter.api.Test;","lastModifiedDate":"2022-08-31"},{"lineNumber":4,"author":{"gitId":"LimAiLin"},"content":"","lastModifiedDate":"2022-08-31"},{"lineNumber":5,"author":{"gitId":"LimAiLin"},"content":"import static org.junit.jupiter.api.Assertions.assertEquals;","lastModifiedDate":"2022-08-31"},{"lineNumber":6,"author":{"gitId":"LimAiLin"},"content":"","lastModifiedDate":"2022-08-31"},{"lineNumber":7,"author":{"gitId":"LimAiLin"},"content":"public class ToDoTest {","lastModifiedDate":"2022-08-31"},{"lineNumber":8,"author":{"gitId":"LimAiLin"},"content":"    @Test","lastModifiedDate":"2022-08-31"},{"lineNumber":9,"author":{"gitId":"LimAiLin"},"content":"    public void toString_undone() {","lastModifiedDate":"2022-08-31"},{"lineNumber":10,"author":{"gitId":"LimAiLin"},"content":"        ToDo todo \u003d new ToDo(\"description\");","lastModifiedDate":"2022-08-31"},{"lineNumber":11,"author":{"gitId":"LimAiLin"},"content":"        todo.markAsUndone();","lastModifiedDate":"2022-08-31"},{"lineNumber":12,"author":{"gitId":"LimAiLin"},"content":"        assertEquals(\"[T][ ] description\", todo.toString());","lastModifiedDate":"2022-08-31"},{"lineNumber":13,"author":{"gitId":"LimAiLin"},"content":"    }","lastModifiedDate":"2022-08-31"},{"lineNumber":14,"author":{"gitId":"LimAiLin"},"content":"","lastModifiedDate":"2022-08-31"},{"lineNumber":15,"author":{"gitId":"LimAiLin"},"content":"    @Test","lastModifiedDate":"2022-08-31"},{"lineNumber":16,"author":{"gitId":"LimAiLin"},"content":"    public void toString_done() {","lastModifiedDate":"2022-08-31"},{"lineNumber":17,"author":{"gitId":"LimAiLin"},"content":"        ToDo todo \u003d new ToDo(\"description\");","lastModifiedDate":"2022-08-31"},{"lineNumber":18,"author":{"gitId":"LimAiLin"},"content":"        todo.markAsDone();","lastModifiedDate":"2022-08-31"},{"lineNumber":19,"author":{"gitId":"LimAiLin"},"content":"        assertEquals(\"[T][X] description\", todo.toString());","lastModifiedDate":"2022-08-31"},{"lineNumber":20,"author":{"gitId":"LimAiLin"},"content":"    }","lastModifiedDate":"2022-08-31"},{"lineNumber":21,"author":{"gitId":"LimAiLin"},"content":"}","lastModifiedDate":"2022-08-31"}],"authorContributionMap":{"LimAiLin":21}},{"path":"text-ui-test/input.txt","fileType":"txt","lines":[{"lineNumber":1,"author":{"gitId":"LimAiLin"},"content":"todo borrow book","lastModifiedDate":"2022-08-18"},{"lineNumber":2,"author":{"gitId":"LimAiLin"},"content":"list","lastModifiedDate":"2022-08-18"},{"lineNumber":3,"author":{"gitId":"LimAiLin"},"content":"bye","lastModifiedDate":"2022-08-18"}],"authorContributionMap":{"LimAiLin":3}}]
