{"authorDailyContributionsMap":{"LimAiLin":[{"date":"2022-08-17","commitResults":[{"hash":"5a12c962b8eb03e9daa8183e5f4aa6b90768aad7","messageTitle":"Level-1","messageBody":"","fileTypesAndContributionMap":{"java":{"insertions":23,"deletions":6}}},{"hash":"1a5087f60e688f566a630a40f0e995b56ede04da","messageTitle":"Level-2","messageBody":"","fileTypesAndContributionMap":{"java":{"insertions":16,"deletions":6}}}]},{"date":"2022-08-18","commitResults":[{"hash":"088977a6a9be0da40310d5b25ff5569ad052eca6","messageTitle":"Level-3","messageBody":"","fileTypesAndContributionMap":{"java":{"insertions":55,"deletions":9}}},{"hash":"4c5b7735029408a8ee1d9eaddf4b6d8ca5b07773","messageTitle":"Level-3 with A-Classes","messageBody":"","fileTypesAndContributionMap":{"java":{"insertions":1,"deletions":1}}},{"hash":"41b546ea27560d016ec37bccdbe3f32c41fd693e","messageTitle":"Level-4","messageBody":"","fileTypesAndContributionMap":{"java":{"insertions":92,"deletions":26}}},{"hash":"7628504bdc53c83391bee123763c5e7a32cad5aa","messageTitle":"A-TextUiTesting","messageBody":"","fileTypesAndContributionMap":{"txt":{"insertions":3,"deletions":0}}},{"hash":"4810525c433cba728f5236e60bfbe05b40d6f645","messageTitle":"Level-5","messageBody":"","fileTypesAndContributionMap":{"java":{"insertions":5,"deletions":0}}},{"hash":"1982d8271fb5297b50bc55a5a91c5d5e9359a8cd","messageTitle":"Level-5","messageBody":"","fileTypesAndContributionMap":{"java":{"insertions":56,"deletions":17}}},{"hash":"2224d06c900ad76257b29a8e4af1b0a3ded4fabb","messageTitle":"Level-6","messageBody":"","tags":["Level-6","Level-5","Level-4","Level-3","Level-2","Level-1","A-TextUiTesting"],"fileTypesAndContributionMap":{"java":{"insertions":32,"deletions":11}}}]},{"date":"2022-08-24","commitResults":[{"hash":"fc3e8334976f6229015a9d05bb407787a13aaddc","messageTitle":"A-Enums","messageBody":"","tags":["A-Enums"],"fileTypesAndContributionMap":{"java":{"insertions":20,"deletions":9}}},{"hash":"dd73f2e709303a6b7c9cce8863117430d9230d94","messageTitle":"A-Enums","messageBody":"","fileTypesAndContributionMap":{"java":{"insertions":161,"deletions":97}}},{"hash":"b760b062db011c6db32ac569d1b56c6c50d1056d","messageTitle":"A-Enums","messageBody":"","fileTypesAndContributionMap":{"java":{"insertions":0,"deletions":15}}}]},{"date":"2022-08-25","commitResults":[{"hash":"81d0f2c0f2eb0b8f7be166b8d82c8a549eb3fb93","messageTitle":"Level-7","messageBody":"","fileTypesAndContributionMap":{"java":{"insertions":131,"deletions":31}}},{"hash":"9ebfa4290b310424ab3a823cc4c832fbc34fffdd","messageTitle":"Level-7","messageBody":"","tags":["Level-7"],"fileTypesAndContributionMap":{"java":{"insertions":0,"deletions":2}}}]},{"date":"2022-08-28","commitResults":[{"hash":"b76a5134a1d4551031f37363bd017b271d004c5b","messageTitle":"Level-8","messageBody":"","tags":["Level-8"],"fileTypesAndContributionMap":{"java":{"insertions":25,"deletions":8}}},{"hash":"5aa0bc648b13aa8423906b847de67666200a19db","messageTitle":"Merged","messageBody":"","fileTypesAndContributionMap":{"java":{"insertions":11,"deletions":7}}}]},{"date":"2022-08-29","commitResults":[{"hash":"d6344f0ac86700100d7bf6a5ebf37d9d65c89f52","messageTitle":"A-MoreOOP","messageBody":"","tags":["A-MoreOOP"],"fileTypesAndContributionMap":{"java":{"insertions":395,"deletions":261}}},{"hash":"fcbfb16c531407b5e3444333129a22da2cdfe2ae","messageTitle":"A-Packages","messageBody":"","tags":["A-Packages"],"fileTypesAndContributionMap":{"java":{"insertions":95,"deletions":15}}}]},{"date":"2022-08-31","commitResults":[{"hash":"4b81923ccb74c03b17f36547fe735cdd5f0d98f8","messageTitle":"A-JUnit","messageBody":"","tags":["A-Jar"],"fileTypesAndContributionMap":{"java":{"insertions":43,"deletions":0}}}]}]},"authorFileTypeContributionMap":{"LimAiLin":{"java":647,"md":0,"fxml":0,"sh":0,"bat":0,"gradle":0,"txt":3}},"authorContributionVariance":{"LimAiLin":33240.49},"authorDisplayNameMap":{"LimAiLin":"CS2103T-W17-3 LIM .. LIN"}}
