[{"path":"src/main/java/Deadlines.java","fileType":"java","lines":[{"lineNumber":1,"author":{"gitId":"eugenetayyj"},"content":"public class Deadlines extends Task {","lastModifiedDate":"2022-08-17"},{"lineNumber":2,"author":{"gitId":"eugenetayyj"},"content":"    String byDate;","lastModifiedDate":"2022-08-17"},{"lineNumber":3,"author":{"gitId":"eugenetayyj"},"content":"    Deadlines(String name, String byDate) {","lastModifiedDate":"2022-08-17"},{"lineNumber":4,"author":{"gitId":"eugenetayyj"},"content":"        super(name);","lastModifiedDate":"2022-08-17"},{"lineNumber":5,"author":{"gitId":"eugenetayyj"},"content":"        this.byDate \u003d byDate;","lastModifiedDate":"2022-08-17"},{"lineNumber":6,"author":{"gitId":"eugenetayyj"},"content":"    }","lastModifiedDate":"2022-08-17"},{"lineNumber":7,"author":{"gitId":"eugenetayyj"},"content":"    @Override","lastModifiedDate":"2022-08-17"},{"lineNumber":8,"author":{"gitId":"eugenetayyj"},"content":"    public String toString() {","lastModifiedDate":"2022-08-17"},{"lineNumber":9,"author":{"gitId":"eugenetayyj"},"content":"        return \"[D]\" + super.toString() + \"(by: \" + byDate + \")\";","lastModifiedDate":"2022-08-17"},{"lineNumber":10,"author":{"gitId":"eugenetayyj"},"content":"    }","lastModifiedDate":"2022-08-17"},{"lineNumber":11,"author":{"gitId":"eugenetayyj"},"content":"}","lastModifiedDate":"2022-08-17"}],"authorContributionMap":{"eugenetayyj":11}},{"path":"src/main/java/Duke.java","fileType":"java","lines":[{"lineNumber":1,"author":{"gitId":"eugenetayyj"},"content":"import java.util.ArrayList;","lastModifiedDate":"2022-08-17"},{"lineNumber":2,"author":{"gitId":"eugenetayyj"},"content":"import java.util.InputMismatchException;","lastModifiedDate":"2022-08-17"},{"lineNumber":3,"author":{"gitId":"eugenetayyj"},"content":"import java.util.Scanner;","lastModifiedDate":"2022-08-17"},{"lineNumber":4,"author":{"gitId":"eugenetayyj"},"content":"","lastModifiedDate":"2022-08-17"},{"lineNumber":5,"author":{"gitId":"-"},"content":"public class Duke {","lastModifiedDate":"2019-07-29"},{"lineNumber":6,"author":{"gitId":"eugenetayyj"},"content":"    Scanner scanner \u003d new Scanner(System.in);","lastModifiedDate":"2022-08-17"},{"lineNumber":7,"author":{"gitId":"eugenetayyj"},"content":"    int index \u003d 0;","lastModifiedDate":"2022-08-17"},{"lineNumber":8,"author":{"gitId":"eugenetayyj"},"content":"    ArrayList\u003cTask\u003e inputArray \u003d new ArrayList\u003c\u003e();","lastModifiedDate":"2022-08-17"},{"lineNumber":9,"author":{"gitId":"eugenetayyj"},"content":"","lastModifiedDate":"2022-08-17"},{"lineNumber":10,"author":{"gitId":"eugenetayyj"},"content":"    Duke() {","lastModifiedDate":"2022-08-17"},{"lineNumber":11,"author":{"gitId":"eugenetayyj"},"content":"        Greet();","lastModifiedDate":"2022-08-17"},{"lineNumber":12,"author":{"gitId":"eugenetayyj"},"content":"        while (true) {","lastModifiedDate":"2022-08-17"},{"lineNumber":13,"author":{"gitId":"eugenetayyj"},"content":"            try {","lastModifiedDate":"2022-08-17"},{"lineNumber":14,"author":{"gitId":"eugenetayyj"},"content":"                String input \u003d scanner.nextLine();","lastModifiedDate":"2022-08-17"},{"lineNumber":15,"author":{"gitId":"eugenetayyj"},"content":"                if (input.equals(\"bye\")) {","lastModifiedDate":"2022-08-17"},{"lineNumber":16,"author":{"gitId":"eugenetayyj"},"content":"                    Bye();","lastModifiedDate":"2022-08-17"},{"lineNumber":17,"author":{"gitId":"eugenetayyj"},"content":"                    break;","lastModifiedDate":"2022-08-17"},{"lineNumber":18,"author":{"gitId":"eugenetayyj"},"content":"                } else if (input.equals(\"list\")) {","lastModifiedDate":"2022-08-17"},{"lineNumber":19,"author":{"gitId":"eugenetayyj"},"content":"                    List();","lastModifiedDate":"2022-08-17"},{"lineNumber":20,"author":{"gitId":"eugenetayyj"},"content":"                } else if (input.startsWith(\"mark\")) {","lastModifiedDate":"2022-08-17"},{"lineNumber":21,"author":{"gitId":"eugenetayyj"},"content":"                    markTask(input);","lastModifiedDate":"2022-08-17"},{"lineNumber":22,"author":{"gitId":"eugenetayyj"},"content":"                } else if (input.startsWith(\"unmark\")) {","lastModifiedDate":"2022-08-17"},{"lineNumber":23,"author":{"gitId":"eugenetayyj"},"content":"                    unmarkTask(input);","lastModifiedDate":"2022-08-17"},{"lineNumber":24,"author":{"gitId":"eugenetayyj"},"content":"                } else if (input.startsWith(\"todo\")) {","lastModifiedDate":"2022-08-17"},{"lineNumber":25,"author":{"gitId":"eugenetayyj"},"content":"                    addTodo(input);","lastModifiedDate":"2022-08-17"},{"lineNumber":26,"author":{"gitId":"eugenetayyj"},"content":"                } else if (input.startsWith(\"deadline\")) {","lastModifiedDate":"2022-08-17"},{"lineNumber":27,"author":{"gitId":"eugenetayyj"},"content":"                    addDeadlines(input);","lastModifiedDate":"2022-08-17"},{"lineNumber":28,"author":{"gitId":"eugenetayyj"},"content":"                } else if (input.startsWith(\"event\")) {","lastModifiedDate":"2022-08-17"},{"lineNumber":29,"author":{"gitId":"eugenetayyj"},"content":"                    addEvents(input);","lastModifiedDate":"2022-08-17"},{"lineNumber":30,"author":{"gitId":"eugenetayyj"},"content":"                } else if (input.startsWith(\"delete\")) {","lastModifiedDate":"2022-08-17"},{"lineNumber":31,"author":{"gitId":"eugenetayyj"},"content":"                    deleteTask(input);","lastModifiedDate":"2022-08-17"},{"lineNumber":32,"author":{"gitId":"eugenetayyj"},"content":"                } else {","lastModifiedDate":"2022-08-17"},{"lineNumber":33,"author":{"gitId":"eugenetayyj"},"content":"                    System.out.println(\"Sorry, I do not accept that as a task!\");","lastModifiedDate":"2022-08-17"},{"lineNumber":34,"author":{"gitId":"eugenetayyj"},"content":"                    continue;","lastModifiedDate":"2022-08-17"},{"lineNumber":35,"author":{"gitId":"eugenetayyj"},"content":"                }","lastModifiedDate":"2022-08-17"},{"lineNumber":36,"author":{"gitId":"eugenetayyj"},"content":"                reportNum();","lastModifiedDate":"2022-08-17"},{"lineNumber":37,"author":{"gitId":"eugenetayyj"},"content":"            } catch (InputMismatchException | ArrayIndexOutOfBoundsException |","lastModifiedDate":"2022-08-17"},{"lineNumber":38,"author":{"gitId":"eugenetayyj"},"content":"                    NumberFormatException | NullPointerException e) {","lastModifiedDate":"2022-08-17"},{"lineNumber":39,"author":{"gitId":"eugenetayyj"},"content":"                System.out.println(\"Please input correctly\");","lastModifiedDate":"2022-08-17"},{"lineNumber":40,"author":{"gitId":"eugenetayyj"},"content":"            }","lastModifiedDate":"2022-08-17"},{"lineNumber":41,"author":{"gitId":"eugenetayyj"},"content":"        }","lastModifiedDate":"2022-08-17"},{"lineNumber":42,"author":{"gitId":"eugenetayyj"},"content":"    }","lastModifiedDate":"2022-08-17"},{"lineNumber":43,"author":{"gitId":"eugenetayyj"},"content":"","lastModifiedDate":"2022-08-17"},{"lineNumber":44,"author":{"gitId":"eugenetayyj"},"content":"    /*","lastModifiedDate":"2022-08-18"},{"lineNumber":45,"author":{"gitId":"eugenetayyj"},"content":"     * Reports the number of items in the list","lastModifiedDate":"2022-08-18"},{"lineNumber":46,"author":{"gitId":"eugenetayyj"},"content":"     *","lastModifiedDate":"2022-08-18"},{"lineNumber":47,"author":{"gitId":"eugenetayyj"},"content":"     */","lastModifiedDate":"2022-08-18"},{"lineNumber":48,"author":{"gitId":"eugenetayyj"},"content":"    private void reportNum() {","lastModifiedDate":"2022-08-17"},{"lineNumber":49,"author":{"gitId":"eugenetayyj"},"content":"        System.out.println(\"Now you have \" + index + \" in the list.\");","lastModifiedDate":"2022-08-17"},{"lineNumber":50,"author":{"gitId":"eugenetayyj"},"content":"    }","lastModifiedDate":"2022-08-17"},{"lineNumber":51,"author":{"gitId":"eugenetayyj"},"content":"","lastModifiedDate":"2022-08-17"},{"lineNumber":52,"author":{"gitId":"eugenetayyj"},"content":"    /*","lastModifiedDate":"2022-08-18"},{"lineNumber":53,"author":{"gitId":"eugenetayyj"},"content":"     * Sends a greeting to the user","lastModifiedDate":"2022-08-18"},{"lineNumber":54,"author":{"gitId":"eugenetayyj"},"content":"     *","lastModifiedDate":"2022-08-18"},{"lineNumber":55,"author":{"gitId":"eugenetayyj"},"content":"     */","lastModifiedDate":"2022-08-18"},{"lineNumber":56,"author":{"gitId":"eugenetayyj"},"content":"    private void Greet() {","lastModifiedDate":"2022-08-17"},{"lineNumber":57,"author":{"gitId":"eugenetayyj"},"content":"        System.out.println(\"Hello! I\u0027m BotChat123 \\nWhat can I do for you?\");","lastModifiedDate":"2022-08-17"},{"lineNumber":58,"author":{"gitId":"eugenetayyj"},"content":"    }","lastModifiedDate":"2022-08-17"},{"lineNumber":59,"author":{"gitId":"eugenetayyj"},"content":"","lastModifiedDate":"2022-08-17"},{"lineNumber":60,"author":{"gitId":"eugenetayyj"},"content":"    /*","lastModifiedDate":"2022-08-18"},{"lineNumber":61,"author":{"gitId":"eugenetayyj"},"content":"     * Terminates the conversation with the user","lastModifiedDate":"2022-08-18"},{"lineNumber":62,"author":{"gitId":"eugenetayyj"},"content":"     *","lastModifiedDate":"2022-08-18"},{"lineNumber":63,"author":{"gitId":"eugenetayyj"},"content":"     */","lastModifiedDate":"2022-08-18"},{"lineNumber":64,"author":{"gitId":"eugenetayyj"},"content":"    private void Bye(){","lastModifiedDate":"2022-08-17"},{"lineNumber":65,"author":{"gitId":"eugenetayyj"},"content":"        System.out.println(\"Bye. Please chat with me again!\");","lastModifiedDate":"2022-08-17"},{"lineNumber":66,"author":{"gitId":"eugenetayyj"},"content":"    }","lastModifiedDate":"2022-08-17"},{"lineNumber":67,"author":{"gitId":"eugenetayyj"},"content":"","lastModifiedDate":"2022-08-17"},{"lineNumber":68,"author":{"gitId":"eugenetayyj"},"content":"    /*","lastModifiedDate":"2022-08-18"},{"lineNumber":69,"author":{"gitId":"eugenetayyj"},"content":"     * Reports all the items that are in the list","lastModifiedDate":"2022-08-18"},{"lineNumber":70,"author":{"gitId":"eugenetayyj"},"content":"     *","lastModifiedDate":"2022-08-18"},{"lineNumber":71,"author":{"gitId":"eugenetayyj"},"content":"     */","lastModifiedDate":"2022-08-18"},{"lineNumber":72,"author":{"gitId":"eugenetayyj"},"content":"    private void List(){","lastModifiedDate":"2022-08-17"},{"lineNumber":73,"author":{"gitId":"eugenetayyj"},"content":"        for (int i \u003d 0; i \u003c index; i++) {","lastModifiedDate":"2022-08-17"},{"lineNumber":74,"author":{"gitId":"eugenetayyj"},"content":"            System.out.println(i + 1 + \": \" + inputArray.get(i));","lastModifiedDate":"2022-08-17"},{"lineNumber":75,"author":{"gitId":"eugenetayyj"},"content":"        }","lastModifiedDate":"2022-08-17"},{"lineNumber":76,"author":{"gitId":"eugenetayyj"},"content":"    }","lastModifiedDate":"2022-08-17"},{"lineNumber":77,"author":{"gitId":"eugenetayyj"},"content":"","lastModifiedDate":"2022-08-17"},{"lineNumber":78,"author":{"gitId":"eugenetayyj"},"content":"    /*","lastModifiedDate":"2022-08-18"},{"lineNumber":79,"author":{"gitId":"eugenetayyj"},"content":"     * Adds a todo to the list","lastModifiedDate":"2022-08-18"},{"lineNumber":80,"author":{"gitId":"eugenetayyj"},"content":"     *","lastModifiedDate":"2022-08-18"},{"lineNumber":81,"author":{"gitId":"eugenetayyj"},"content":"     * @param input","lastModifiedDate":"2022-08-18"},{"lineNumber":82,"author":{"gitId":"eugenetayyj"},"content":"     */","lastModifiedDate":"2022-08-18"},{"lineNumber":83,"author":{"gitId":"eugenetayyj"},"content":"    private void addTodo(String input) {","lastModifiedDate":"2022-08-17"},{"lineNumber":84,"author":{"gitId":"eugenetayyj"},"content":"        try {","lastModifiedDate":"2022-08-17"},{"lineNumber":85,"author":{"gitId":"eugenetayyj"},"content":"            if (input.length() \u003e 5) {","lastModifiedDate":"2022-08-17"},{"lineNumber":86,"author":{"gitId":"eugenetayyj"},"content":"                inputArray.add(index, new Todo(input.substring(5)));","lastModifiedDate":"2022-08-17"},{"lineNumber":87,"author":{"gitId":"eugenetayyj"},"content":"                System.out.println(\"Got it. I\u0027ve added this task:\\n\" + inputArray.get(index));","lastModifiedDate":"2022-08-17"},{"lineNumber":88,"author":{"gitId":"eugenetayyj"},"content":"                index++;","lastModifiedDate":"2022-08-17"},{"lineNumber":89,"author":{"gitId":"eugenetayyj"},"content":"            } else {","lastModifiedDate":"2022-08-17"},{"lineNumber":90,"author":{"gitId":"eugenetayyj"},"content":"                System.out.println(\"Please fill in what you want on the Todo!\");","lastModifiedDate":"2022-08-17"},{"lineNumber":91,"author":{"gitId":"eugenetayyj"},"content":"            }","lastModifiedDate":"2022-08-17"},{"lineNumber":92,"author":{"gitId":"eugenetayyj"},"content":"        } catch (StringIndexOutOfBoundsException e) {","lastModifiedDate":"2022-08-17"},{"lineNumber":93,"author":{"gitId":"eugenetayyj"},"content":"            System.out.println(\"Please fill in what you want on the Todo!\");","lastModifiedDate":"2022-08-17"},{"lineNumber":94,"author":{"gitId":"eugenetayyj"},"content":"        }","lastModifiedDate":"2022-08-17"},{"lineNumber":95,"author":{"gitId":"eugenetayyj"},"content":"    }","lastModifiedDate":"2022-08-17"},{"lineNumber":96,"author":{"gitId":"eugenetayyj"},"content":"","lastModifiedDate":"2022-08-17"},{"lineNumber":97,"author":{"gitId":"eugenetayyj"},"content":"    /*","lastModifiedDate":"2022-08-18"},{"lineNumber":98,"author":{"gitId":"eugenetayyj"},"content":"     * Adds an event to the list","lastModifiedDate":"2022-08-18"},{"lineNumber":99,"author":{"gitId":"eugenetayyj"},"content":"     *","lastModifiedDate":"2022-08-18"},{"lineNumber":100,"author":{"gitId":"eugenetayyj"},"content":"     * @param input","lastModifiedDate":"2022-08-18"},{"lineNumber":101,"author":{"gitId":"eugenetayyj"},"content":"     */","lastModifiedDate":"2022-08-18"},{"lineNumber":102,"author":{"gitId":"eugenetayyj"},"content":"    private void addEvents(String input) {","lastModifiedDate":"2022-08-17"},{"lineNumber":103,"author":{"gitId":"eugenetayyj"},"content":"        try {","lastModifiedDate":"2022-08-17"},{"lineNumber":104,"author":{"gitId":"eugenetayyj"},"content":"            if (input.length() \u003e 6) {","lastModifiedDate":"2022-08-17"},{"lineNumber":105,"author":{"gitId":"eugenetayyj"},"content":"                int slashIndex \u003d input.indexOf(\"/\");","lastModifiedDate":"2022-08-17"},{"lineNumber":106,"author":{"gitId":"eugenetayyj"},"content":"                inputArray.add(index, new Events(input.substring(6, slashIndex), input.substring(slashIndex + 4)));","lastModifiedDate":"2022-08-17"},{"lineNumber":107,"author":{"gitId":"eugenetayyj"},"content":"                System.out.println(\"Got it. I\u0027ve added this task:\\n\" + inputArray.get(index));","lastModifiedDate":"2022-08-17"},{"lineNumber":108,"author":{"gitId":"eugenetayyj"},"content":"                index++;","lastModifiedDate":"2022-08-17"},{"lineNumber":109,"author":{"gitId":"eugenetayyj"},"content":"            } else {","lastModifiedDate":"2022-08-17"},{"lineNumber":110,"author":{"gitId":"eugenetayyj"},"content":"                System.out.println(\"Please fill in what you want on the Events!\");","lastModifiedDate":"2022-08-17"},{"lineNumber":111,"author":{"gitId":"eugenetayyj"},"content":"            }","lastModifiedDate":"2022-08-17"},{"lineNumber":112,"author":{"gitId":"eugenetayyj"},"content":"        } catch (StringIndexOutOfBoundsException e) {","lastModifiedDate":"2022-08-17"},{"lineNumber":113,"author":{"gitId":"eugenetayyj"},"content":"            System.out.println(\"Please fill in what you want on the Events!\");","lastModifiedDate":"2022-08-17"},{"lineNumber":114,"author":{"gitId":"eugenetayyj"},"content":"        }","lastModifiedDate":"2022-08-17"},{"lineNumber":115,"author":{"gitId":"eugenetayyj"},"content":"    }","lastModifiedDate":"2022-08-17"},{"lineNumber":116,"author":{"gitId":"eugenetayyj"},"content":"","lastModifiedDate":"2022-08-17"},{"lineNumber":117,"author":{"gitId":"eugenetayyj"},"content":"    /*","lastModifiedDate":"2022-08-18"},{"lineNumber":118,"author":{"gitId":"eugenetayyj"},"content":"     * Adds a deadline to the list","lastModifiedDate":"2022-08-18"},{"lineNumber":119,"author":{"gitId":"eugenetayyj"},"content":"     *","lastModifiedDate":"2022-08-18"},{"lineNumber":120,"author":{"gitId":"eugenetayyj"},"content":"     * @param input","lastModifiedDate":"2022-08-18"},{"lineNumber":121,"author":{"gitId":"eugenetayyj"},"content":"     */","lastModifiedDate":"2022-08-18"},{"lineNumber":122,"author":{"gitId":"eugenetayyj"},"content":"    private void addDeadlines(String input) {","lastModifiedDate":"2022-08-17"},{"lineNumber":123,"author":{"gitId":"eugenetayyj"},"content":"        try {","lastModifiedDate":"2022-08-17"},{"lineNumber":124,"author":{"gitId":"eugenetayyj"},"content":"            if (input.length() \u003e 9) {","lastModifiedDate":"2022-08-17"},{"lineNumber":125,"author":{"gitId":"eugenetayyj"},"content":"                int slashIndex \u003d input.indexOf(\"/\");","lastModifiedDate":"2022-08-17"},{"lineNumber":126,"author":{"gitId":"eugenetayyj"},"content":"                inputArray.add(index, new Deadlines(input.substring(9, slashIndex), input.substring(slashIndex + 4)));","lastModifiedDate":"2022-08-17"},{"lineNumber":127,"author":{"gitId":"eugenetayyj"},"content":"                System.out.println(\"Got it. I\u0027ve added this task:\\n\" + inputArray.get(index));","lastModifiedDate":"2022-08-17"},{"lineNumber":128,"author":{"gitId":"eugenetayyj"},"content":"                index++;","lastModifiedDate":"2022-08-17"},{"lineNumber":129,"author":{"gitId":"eugenetayyj"},"content":"            } else {","lastModifiedDate":"2022-08-17"},{"lineNumber":130,"author":{"gitId":"eugenetayyj"},"content":"                System.out.println(\"Please fill in what you want on the Deadlines!\");","lastModifiedDate":"2022-08-17"},{"lineNumber":131,"author":{"gitId":"eugenetayyj"},"content":"            }","lastModifiedDate":"2022-08-17"},{"lineNumber":132,"author":{"gitId":"eugenetayyj"},"content":"        } catch (StringIndexOutOfBoundsException e) {","lastModifiedDate":"2022-08-17"},{"lineNumber":133,"author":{"gitId":"eugenetayyj"},"content":"            System.out.println(\"Please fill in what you want on the Deadlines!\");","lastModifiedDate":"2022-08-17"},{"lineNumber":134,"author":{"gitId":"eugenetayyj"},"content":"        }","lastModifiedDate":"2022-08-17"},{"lineNumber":135,"author":{"gitId":"eugenetayyj"},"content":"    }","lastModifiedDate":"2022-08-17"},{"lineNumber":136,"author":{"gitId":"eugenetayyj"},"content":"","lastModifiedDate":"2022-08-17"},{"lineNumber":137,"author":{"gitId":"eugenetayyj"},"content":"    /*","lastModifiedDate":"2022-08-18"},{"lineNumber":138,"author":{"gitId":"eugenetayyj"},"content":"     * Marks a task in the list as done","lastModifiedDate":"2022-08-18"},{"lineNumber":139,"author":{"gitId":"eugenetayyj"},"content":"     *","lastModifiedDate":"2022-08-18"},{"lineNumber":140,"author":{"gitId":"eugenetayyj"},"content":"     * @param input","lastModifiedDate":"2022-08-18"},{"lineNumber":141,"author":{"gitId":"eugenetayyj"},"content":"     */","lastModifiedDate":"2022-08-18"},{"lineNumber":142,"author":{"gitId":"eugenetayyj"},"content":"    private void markTask(String input) throws NullPointerException, ArrayIndexOutOfBoundsException,","lastModifiedDate":"2022-08-17"},{"lineNumber":143,"author":{"gitId":"eugenetayyj"},"content":"            NumberFormatException {","lastModifiedDate":"2022-08-17"},{"lineNumber":144,"author":{"gitId":"eugenetayyj"},"content":"        int markIndex \u003d Integer.parseInt(input.substring(5));","lastModifiedDate":"2022-08-17"},{"lineNumber":145,"author":{"gitId":"eugenetayyj"},"content":"        inputArray.get(markIndex -1).done();","lastModifiedDate":"2022-08-19"},{"lineNumber":146,"author":{"gitId":"eugenetayyj"},"content":"        System.out.println(\"Nice! I\u0027ve marked this task as done liao!:\\n\"","lastModifiedDate":"2022-08-17"},{"lineNumber":147,"author":{"gitId":"eugenetayyj"},"content":"                + inputArray.get(markIndex - 1));","lastModifiedDate":"2022-08-17"},{"lineNumber":148,"author":{"gitId":"eugenetayyj"},"content":"    }","lastModifiedDate":"2022-08-17"},{"lineNumber":149,"author":{"gitId":"eugenetayyj"},"content":"","lastModifiedDate":"2022-08-17"},{"lineNumber":150,"author":{"gitId":"eugenetayyj"},"content":"    /*","lastModifiedDate":"2022-08-18"},{"lineNumber":151,"author":{"gitId":"eugenetayyj"},"content":"     * Marks a task in the list as not done","lastModifiedDate":"2022-08-18"},{"lineNumber":152,"author":{"gitId":"eugenetayyj"},"content":"     *","lastModifiedDate":"2022-08-18"},{"lineNumber":153,"author":{"gitId":"eugenetayyj"},"content":"     * @param input","lastModifiedDate":"2022-08-18"},{"lineNumber":154,"author":{"gitId":"eugenetayyj"},"content":"     */","lastModifiedDate":"2022-08-18"},{"lineNumber":155,"author":{"gitId":"eugenetayyj"},"content":"    private void unmarkTask(String input) throws NullPointerException, ArrayIndexOutOfBoundsException,","lastModifiedDate":"2022-08-17"},{"lineNumber":156,"author":{"gitId":"eugenetayyj"},"content":"            NumberFormatException {","lastModifiedDate":"2022-08-17"},{"lineNumber":157,"author":{"gitId":"eugenetayyj"},"content":"        int markIndex \u003d Integer.parseInt(input.substring(7));","lastModifiedDate":"2022-08-17"},{"lineNumber":158,"author":{"gitId":"eugenetayyj"},"content":"        inputArray.get(markIndex - 1).unDone();","lastModifiedDate":"2022-08-19"},{"lineNumber":159,"author":{"gitId":"eugenetayyj"},"content":"        System.out.println(\"OK, I unmark this task as not done le:\\n\"","lastModifiedDate":"2022-08-17"},{"lineNumber":160,"author":{"gitId":"eugenetayyj"},"content":"                + inputArray.get(markIndex - 1));","lastModifiedDate":"2022-08-17"},{"lineNumber":161,"author":{"gitId":"eugenetayyj"},"content":"    }","lastModifiedDate":"2022-08-17"},{"lineNumber":162,"author":{"gitId":"eugenetayyj"},"content":"","lastModifiedDate":"2022-08-17"},{"lineNumber":163,"author":{"gitId":"eugenetayyj"},"content":"    /*","lastModifiedDate":"2022-08-18"},{"lineNumber":164,"author":{"gitId":"eugenetayyj"},"content":"     * Deletes a task that is in the list","lastModifiedDate":"2022-08-18"},{"lineNumber":165,"author":{"gitId":"eugenetayyj"},"content":"     *","lastModifiedDate":"2022-08-18"},{"lineNumber":166,"author":{"gitId":"eugenetayyj"},"content":"     * @param input","lastModifiedDate":"2022-08-18"},{"lineNumber":167,"author":{"gitId":"eugenetayyj"},"content":"     */","lastModifiedDate":"2022-08-18"},{"lineNumber":168,"author":{"gitId":"eugenetayyj"},"content":"    private void deleteTask(String input) throws NullPointerException, ArrayIndexOutOfBoundsException , NumberFormatException {","lastModifiedDate":"2022-08-17"},{"lineNumber":169,"author":{"gitId":"eugenetayyj"},"content":"        int markIndex \u003d Integer.parseInt(input.substring(7));","lastModifiedDate":"2022-08-17"},{"lineNumber":170,"author":{"gitId":"eugenetayyj"},"content":"        System.out.println(\"Swee! Task removed: \" + inputArray.get(markIndex - 1));","lastModifiedDate":"2022-08-17"},{"lineNumber":171,"author":{"gitId":"eugenetayyj"},"content":"        inputArray.remove(markIndex - 1);","lastModifiedDate":"2022-08-17"},{"lineNumber":172,"author":{"gitId":"eugenetayyj"},"content":"        index--;","lastModifiedDate":"2022-08-17"},{"lineNumber":173,"author":{"gitId":"eugenetayyj"},"content":"    }","lastModifiedDate":"2022-08-17"},{"lineNumber":174,"author":{"gitId":"eugenetayyj"},"content":"","lastModifiedDate":"2022-08-17"},{"lineNumber":175,"author":{"gitId":"-"},"content":"    public static void main(String[] args) {","lastModifiedDate":"2019-07-29"},{"lineNumber":176,"author":{"gitId":"eugenetayyj"},"content":"        Duke duke \u003d new Duke();","lastModifiedDate":"2022-08-17"},{"lineNumber":177,"author":{"gitId":"-"},"content":"    }","lastModifiedDate":"2019-07-29"},{"lineNumber":178,"author":{"gitId":"-"},"content":"}","lastModifiedDate":"2019-07-29"}],"authorContributionMap":{"eugenetayyj":174,"-":4}},{"path":"src/main/java/Events.java","fileType":"java","lines":[{"lineNumber":1,"author":{"gitId":"eugenetayyj"},"content":"public class Events extends Task {","lastModifiedDate":"2022-08-17"},{"lineNumber":2,"author":{"gitId":"eugenetayyj"},"content":"    String atDate;","lastModifiedDate":"2022-08-17"},{"lineNumber":3,"author":{"gitId":"eugenetayyj"},"content":"    Events(String name, String atDate) {","lastModifiedDate":"2022-08-17"},{"lineNumber":4,"author":{"gitId":"eugenetayyj"},"content":"        super(name);","lastModifiedDate":"2022-08-17"},{"lineNumber":5,"author":{"gitId":"eugenetayyj"},"content":"        this.atDate \u003d atDate;","lastModifiedDate":"2022-08-17"},{"lineNumber":6,"author":{"gitId":"eugenetayyj"},"content":"    }","lastModifiedDate":"2022-08-17"},{"lineNumber":7,"author":{"gitId":"eugenetayyj"},"content":"    @Override","lastModifiedDate":"2022-08-17"},{"lineNumber":8,"author":{"gitId":"eugenetayyj"},"content":"    public String toString() {","lastModifiedDate":"2022-08-17"},{"lineNumber":9,"author":{"gitId":"eugenetayyj"},"content":"        return \"[E]\" + super.toString() + \"(at: \" + atDate + \")\";","lastModifiedDate":"2022-08-17"},{"lineNumber":10,"author":{"gitId":"eugenetayyj"},"content":"    }","lastModifiedDate":"2022-08-17"},{"lineNumber":11,"author":{"gitId":"eugenetayyj"},"content":"}","lastModifiedDate":"2022-08-17"}],"authorContributionMap":{"eugenetayyj":11}},{"path":"src/main/java/Task.java","fileType":"java","lines":[{"lineNumber":1,"author":{"gitId":"eugenetayyj"},"content":"public class Task {","lastModifiedDate":"2022-08-17"},{"lineNumber":2,"author":{"gitId":"eugenetayyj"},"content":"    String name;","lastModifiedDate":"2022-08-17"},{"lineNumber":3,"author":{"gitId":"eugenetayyj"},"content":"    Boolean done \u003d false;","lastModifiedDate":"2022-08-17"},{"lineNumber":4,"author":{"gitId":"eugenetayyj"},"content":"    Task(String name) {","lastModifiedDate":"2022-08-17"},{"lineNumber":5,"author":{"gitId":"eugenetayyj"},"content":"        this.name \u003d name;","lastModifiedDate":"2022-08-17"},{"lineNumber":6,"author":{"gitId":"eugenetayyj"},"content":"    }","lastModifiedDate":"2022-08-17"},{"lineNumber":7,"author":{"gitId":"eugenetayyj"},"content":"    /*","lastModifiedDate":"2022-08-18"},{"lineNumber":8,"author":{"gitId":"eugenetayyj"},"content":"     * sets a task to be done","lastModifiedDate":"2022-08-18"},{"lineNumber":9,"author":{"gitId":"eugenetayyj"},"content":"     *","lastModifiedDate":"2022-08-18"},{"lineNumber":10,"author":{"gitId":"eugenetayyj"},"content":"     */","lastModifiedDate":"2022-08-18"},{"lineNumber":11,"author":{"gitId":"eugenetayyj"},"content":"    public void done() {","lastModifiedDate":"2022-08-17"},{"lineNumber":12,"author":{"gitId":"eugenetayyj"},"content":"        this.done \u003d true;","lastModifiedDate":"2022-08-17"},{"lineNumber":13,"author":{"gitId":"eugenetayyj"},"content":"    }","lastModifiedDate":"2022-08-17"},{"lineNumber":14,"author":{"gitId":"eugenetayyj"},"content":"","lastModifiedDate":"2022-08-17"},{"lineNumber":15,"author":{"gitId":"eugenetayyj"},"content":"    /*","lastModifiedDate":"2022-08-18"},{"lineNumber":16,"author":{"gitId":"eugenetayyj"},"content":"     * sets a task to be not done","lastModifiedDate":"2022-08-18"},{"lineNumber":17,"author":{"gitId":"eugenetayyj"},"content":"     *","lastModifiedDate":"2022-08-18"},{"lineNumber":18,"author":{"gitId":"eugenetayyj"},"content":"     * @param input","lastModifiedDate":"2022-08-18"},{"lineNumber":19,"author":{"gitId":"eugenetayyj"},"content":"     */","lastModifiedDate":"2022-08-18"},{"lineNumber":20,"author":{"gitId":"eugenetayyj"},"content":"    public void unDone() {","lastModifiedDate":"2022-08-17"},{"lineNumber":21,"author":{"gitId":"eugenetayyj"},"content":"        this.done \u003d false;","lastModifiedDate":"2022-08-17"},{"lineNumber":22,"author":{"gitId":"eugenetayyj"},"content":"    }","lastModifiedDate":"2022-08-17"},{"lineNumber":23,"author":{"gitId":"eugenetayyj"},"content":"","lastModifiedDate":"2022-08-17"},{"lineNumber":24,"author":{"gitId":"eugenetayyj"},"content":"    @Override","lastModifiedDate":"2022-08-17"},{"lineNumber":25,"author":{"gitId":"eugenetayyj"},"content":"    public String toString() {","lastModifiedDate":"2022-08-17"},{"lineNumber":26,"author":{"gitId":"eugenetayyj"},"content":"        String mark \u003d done ? \"X\" : \"\";","lastModifiedDate":"2022-08-17"},{"lineNumber":27,"author":{"gitId":"eugenetayyj"},"content":"        return \"[\" + mark + \"] \" + name;","lastModifiedDate":"2022-08-17"},{"lineNumber":28,"author":{"gitId":"eugenetayyj"},"content":"    }","lastModifiedDate":"2022-08-17"},{"lineNumber":29,"author":{"gitId":"eugenetayyj"},"content":"}","lastModifiedDate":"2022-08-17"}],"authorContributionMap":{"eugenetayyj":29}},{"path":"src/main/java/Todo.java","fileType":"java","lines":[{"lineNumber":1,"author":{"gitId":"eugenetayyj"},"content":"public class Todo extends Task {","lastModifiedDate":"2022-08-17"},{"lineNumber":2,"author":{"gitId":"eugenetayyj"},"content":"    Todo(String name) {","lastModifiedDate":"2022-08-17"},{"lineNumber":3,"author":{"gitId":"eugenetayyj"},"content":"        super(name);","lastModifiedDate":"2022-08-17"},{"lineNumber":4,"author":{"gitId":"eugenetayyj"},"content":"    }","lastModifiedDate":"2022-08-17"},{"lineNumber":5,"author":{"gitId":"eugenetayyj"},"content":"","lastModifiedDate":"2022-08-17"},{"lineNumber":6,"author":{"gitId":"eugenetayyj"},"content":"    @Override","lastModifiedDate":"2022-08-17"},{"lineNumber":7,"author":{"gitId":"eugenetayyj"},"content":"    public String toString() {","lastModifiedDate":"2022-08-17"},{"lineNumber":8,"author":{"gitId":"eugenetayyj"},"content":"        return \"[T]\" + super.toString();","lastModifiedDate":"2022-08-17"},{"lineNumber":9,"author":{"gitId":"eugenetayyj"},"content":"    }","lastModifiedDate":"2022-08-17"},{"lineNumber":10,"author":{"gitId":"eugenetayyj"},"content":"}","lastModifiedDate":"2022-08-17"}],"authorContributionMap":{"eugenetayyj":10}},{"path":"text-ui-test/input.txt","fileType":"txt","lines":[{"lineNumber":1,"author":{"gitId":"eugenetayyj"},"content":"todo borrow book","lastModifiedDate":"2022-08-17"},{"lineNumber":2,"author":{"gitId":"eugenetayyj"},"content":"deadline return book /by Sunday","lastModifiedDate":"2022-08-17"},{"lineNumber":3,"author":{"gitId":"eugenetayyj"},"content":"event project meeting /at Mon 2-4pm","lastModifiedDate":"2022-08-17"},{"lineNumber":4,"author":{"gitId":"eugenetayyj"},"content":"list","lastModifiedDate":"2022-08-17"},{"lineNumber":5,"author":{"gitId":"eugenetayyj"},"content":"mark 1","lastModifiedDate":"2022-08-17"},{"lineNumber":6,"author":{"gitId":"eugenetayyj"},"content":"unmark 1","lastModifiedDate":"2022-08-17"},{"lineNumber":7,"author":{"gitId":"eugenetayyj"},"content":"list","lastModifiedDate":"2022-08-17"},{"lineNumber":8,"author":{"gitId":"eugenetayyj"},"content":"mark 4","lastModifiedDate":"2022-08-17"},{"lineNumber":9,"author":{"gitId":"eugenetayyj"},"content":"mark 0","lastModifiedDate":"2022-08-17"},{"lineNumber":10,"author":{"gitId":"eugenetayyj"},"content":"bye","lastModifiedDate":"2022-08-17"}],"authorContributionMap":{"eugenetayyj":10}}]
