{"authorDailyContributionsMap":{"peppapighs":[{"date":"2022-08-12","commitResults":[{"hash":"e74f591e3c507800dda3da8d1dbc8e6ab7211a40","messageTitle":"Level-1: greeting text \u0026 reading commands","messageBody":"","tags":["Level-1"],"fileTypesAndContributionMap":{"java":{"insertions":23,"deletions":5}}},{"hash":"94c4aefed495b43416bbe5e603a5cacf468a5cf8","messageTitle":"read input as line","messageBody":"","fileTypesAndContributionMap":{"java":{"insertions":1,"deletions":1}}},{"hash":"5e21c505922915850d37829d7920c985f5d186d0","messageTitle":"Level-2: add items to the list","messageBody":"","tags":["Level-2"],"fileTypesAndContributionMap":{"java":{"insertions":10,"deletions":1}}},{"hash":"d95c6caadda197d0a78efb61bdf786119b6a733b","messageTitle":"add task class with status","messageBody":"","fileTypesAndContributionMap":{"java":{"insertions":21,"deletions":3}}},{"hash":"6f3cc18c029f3a627d54d66f362a55fee7081b73","messageTitle":"Level-3: mark task as done and not done","messageBody":"","tags":["Level-3","A-Classes"],"fileTypesAndContributionMap":{"java":{"insertions":10,"deletions":0}}},{"hash":"ea9ea5ca0d8c29f2bf20433cd21171e14ae96c2f","messageTitle":"split input into arguments","messageBody":"","fileTypesAndContributionMap":{"java":{"insertions":11,"deletions":9}}},{"hash":"562ba7256be806185a16a8a2e815dd3835d047da","messageTitle":"add todo \u0026 deadline tasks","messageBody":"","fileTypesAndContributionMap":{"java":{"insertions":56,"deletions":3}}},{"hash":"89d72a0d184d3dcb6c91fbb20cd869314805ec9c","messageTitle":"Level-4: add event task","messageBody":"","tags":["Level-4","A-Inheritance"],"fileTypesAndContributionMap":{"java":{"insertions":25,"deletions":0}}},{"hash":"d6a81e78926c4328846d520f809a144b8e31b93e","messageTitle":"A-TextUiTesting: add test case","messageBody":"","tags":["A-TextUiTesting"],"fileTypesAndContributionMap":{"txt":{"insertions":12,"deletions":0},"sh":{"insertions":0,"deletions":0}}},{"hash":"6b87e2a8cd6548db3afcd7922be5539099cfe587","messageTitle":"Level-5: handle possible errors","messageBody":"","tags":["Level-5"],"fileTypesAndContributionMap":{"txt":{"insertions":5,"deletions":0},"java":{"insertions":32,"deletions":8}}},{"hash":"f932a2a2b016026bfabac5ba6b2b706a8129ee26","messageTitle":"Level-6: delete task","messageBody":"","tags":["Level-6","A-Collections"],"fileTypesAndContributionMap":{"txt":{"insertions":4,"deletions":0},"java":{"insertions":11,"deletions":0}}}]},{"date":"2022-08-19","commitResults":[{"hash":"ddaa77c53fa065e7db8aa7816328b0c4196fa56d","messageTitle":"Format code with google-java-style","messageBody":"","fileTypesAndContributionMap":{"java":{"insertions":168,"deletions":152}}},{"hash":"00bcfb932b025f84e1f2424a9c8d9abfa35dadad","messageTitle":"Refactor bot main logic","messageBody":"","tags":["A-Exceptions"],"fileTypesAndContributionMap":{"txt":{"insertions":3,"deletions":0},"java":{"insertions":136,"deletions":115}}}]},{"date":"2022-08-20","commitResults":[{"hash":"ba03ba86c001600842a0e66a92dd4663af4cbceb","messageTitle":"Use regex for splitting command","messageBody":"","fileTypesAndContributionMap":{"java":{"insertions":2,"deletions":2}}},{"hash":"41d913bfabac5e748917beb0f839884b9386e90a","messageTitle":"Add save \u0026 load tasks from file","messageBody":"","tags":["Level-7"],"fileTypesAndContributionMap":{"txt":{"insertions":4,"deletions":2},"java":{"insertions":109,"deletions":11},"sh":{"insertions":9,"deletions":0}}},{"hash":"df38ec4f974c491c2b864f0d110c3d21ab3931c7","messageTitle":"Format date with LocalDate","messageBody":"","fileTypesAndContributionMap":{"txt":{"insertions":3,"deletions":2},"java":{"insertions":19,"deletions":6}}},{"hash":"fe2a5f495bce3c9f53e4e0bba01dc8bbed008c94","messageTitle":"Extract \u0026 package classes","messageBody":"","tags":["A-Packages","A-MoreOOP"],"fileTypesAndContributionMap":{"txt":{"insertions":2,"deletions":2},"java":{"insertions":382,"deletions":244},"sh":{"insertions":7,"deletions":4}}}]}]},"authorFileTypeContributionMap":{"peppapighs":{"java":466,"md":0,"fxml":0,"sh":14,"bat":0,"gradle":0,"txt":27}},"authorContributionVariance":{"peppapighs":83505.78},"authorDisplayNameMap":{"peppapighs":"PONT..TSUK"}}
