{"authorDailyContributionsMap":{"JustinPeng13":[{"date":"2022-08-17","commitResults":[{"hash":"ffea531c9e2e0afd4d49df7f3f77a3049a545166","messageTitle":"Added start method to greet, echo, and handle exit commands","messageBody":"","tags":["Level-1"],"fileTypesAndContributionMap":{"java":{"insertions":33,"deletions":10}}},{"hash":"5108a7779f16a3688b29e8899b8176bef5aea2b1","messageTitle":"Added taskList to store tasks and list function","messageBody":"","tags":["Level-2"],"fileTypesAndContributionMap":{"java":{"insertions":23,"deletions":5}}},{"hash":"83e74f7ac96efac74684d916db82ef154f5d1eba","messageTitle":"Created Task class, allow marking as done and undone","messageBody":"","tags":["Level-3"],"fileTypesAndContributionMap":{"java":{"insertions":96,"deletions":51}}},{"hash":"eb58243450fb45a02a49c0336f6b358d48ddb9b2","messageTitle":"Added Todo, Deadline, and Event classes","messageBody":"","tags":["Level-4"],"fileTypesAndContributionMap":{"java":{"insertions":69,"deletions":8}}}]},{"date":"2022-08-18","commitResults":[{"hash":"9290172b3fa13dc8f6b2766056bb4a482b552b3b","messageTitle":"Set up test case for runtest.bat","messageBody":"","tags":["A-TextUiTesting"],"fileTypesAndContributionMap":{"txt":{"insertions":2,"deletions":0},"java":{"insertions":0,"deletions":5}}},{"hash":"b7ef91a18ca27de79abbd5409f7ce990009a6444","messageTitle":"Create exceptions + handling, abstracted commands","messageBody":"","tags":["Level-5"],"fileTypesAndContributionMap":{"java":{"insertions":163,"deletions":58}}},{"hash":"0082703b46380a7c137bfffdfbc943f5044fa36d","messageTitle":"Added delete method","messageBody":"","tags":["Level-6"],"fileTypesAndContributionMap":{"java":{"insertions":34,"deletions":5}}}]},{"date":"2022-08-24","commitResults":[{"hash":"8154c317286bf2c57276a8ea97f0b69a6f69a0b5","messageTitle":"Add save and storage functionality","messageBody":"Task data is lost between Duke sessions.\n\nUsers will want to keep their task data without running Duke 24/7.\n\nLet\u0027s\n* automatically store task data into a data.txt file whenever the task\nlist changes\n* allow users to load tasks from a specified file on start-up, with the\ndefault being data.txt\n","tags":["Level-7"],"fileTypesAndContributionMap":{"java":{"insertions":162,"deletions":60}}},{"hash":"87150b3a44f91eed70247bd9f9c0809808e035be","messageTitle":"Enforce datetime input with time zone for Deadline and Event","messageBody":"Duke accepts any string as a datetime qualifier.\n\nStandardising the datetime input will keep task descriptions clean and\nallow them to be compared with each other.\n\nLet\u0027s\n* ask the user for their time zone before starting Duke\n* store datetime qualifiers as ZonedDateTime instances in Deadline and\nEvent instances\n","tags":["Level-8"],"fileTypesAndContributionMap":{"java":{"insertions":81,"deletions":29}}},{"hash":"33421fbdfc58d11e9f3469a21850bcb5fd1110ed","messageTitle":"Reformat indentations according to CS2103T coding style","messageBody":"","fileTypesAndContributionMap":{"java":{"insertions":41,"deletions":41}}},{"hash":"4e596c32e31e4ca43d7819dc4d6c25d0ef1a3465","messageTitle":"Store commands in an enum","messageBody":"","tags":["A-Enums"],"fileTypesAndContributionMap":{"java":{"insertions":32,"deletions":11},"md":{"insertions":1,"deletions":1}}}]},{"date":"2022-08-25","commitResults":[{"hash":"c065fd08c37f3d4b860feff5272b5b723474b3b4","messageTitle":"Abstract user-facing methods into Ui class","messageBody":"","fileTypesAndContributionMap":{"java":{"insertions":82,"deletions":62}}}]}]},"authorFileTypeContributionMap":{"JustinPeng13":{"java":491,"md":1,"fxml":0,"sh":0,"bat":0,"gradle":0,"txt":2}},"authorContributionVariance":{"JustinPeng13":20913.312},"authorDisplayNameMap":{"JustinPeng13":"CS2103T-W16-1 JUST..TENG"}}
