[{"path":"src/main/java/ChatBot.java","fileType":"java","lines":[{"lineNumber":1,"author":{"gitId":"lizekai-richard"},"content":"import java.util.*;","lastModifiedDate":"2022-08-17"},{"lineNumber":2,"author":{"gitId":"lizekai-richard"},"content":"","lastModifiedDate":"2022-08-17"},{"lineNumber":3,"author":{"gitId":"lizekai-richard"},"content":"/**","lastModifiedDate":"2022-08-17"},{"lineNumber":4,"author":{"gitId":"lizekai-richard"},"content":" * This class encapsulates the behaviors of a chatbot","lastModifiedDate":"2022-08-17"},{"lineNumber":5,"author":{"gitId":"lizekai-richard"},"content":" */","lastModifiedDate":"2022-08-17"},{"lineNumber":6,"author":{"gitId":"lizekai-richard"},"content":"public class ChatBot {","lastModifiedDate":"2022-08-17"},{"lineNumber":7,"author":{"gitId":"lizekai-richard"},"content":"    private final ChatBotController controller \u003d new ChatBotController();","lastModifiedDate":"2022-08-17"},{"lineNumber":8,"author":{"gitId":"lizekai-richard"},"content":"","lastModifiedDate":"2022-08-17"},{"lineNumber":9,"author":{"gitId":"lizekai-richard"},"content":"    /**","lastModifiedDate":"2022-08-17"},{"lineNumber":10,"author":{"gitId":"lizekai-richard"},"content":"     * The main control flow of the chatbot\u0027s behaviour.","lastModifiedDate":"2022-08-17"},{"lineNumber":11,"author":{"gitId":"lizekai-richard"},"content":"     */","lastModifiedDate":"2022-08-17"},{"lineNumber":12,"author":{"gitId":"lizekai-richard"},"content":"    public void launch() {","lastModifiedDate":"2022-08-17"},{"lineNumber":13,"author":{"gitId":"lizekai-richard"},"content":"        controller.startGreeting();","lastModifiedDate":"2022-08-17"},{"lineNumber":14,"author":{"gitId":"lizekai-richard"},"content":"","lastModifiedDate":"2022-08-17"},{"lineNumber":15,"author":{"gitId":"lizekai-richard"},"content":"        while (true) {","lastModifiedDate":"2022-08-17"},{"lineNumber":16,"author":{"gitId":"lizekai-richard"},"content":"            try {","lastModifiedDate":"2022-08-17"},{"lineNumber":17,"author":{"gitId":"lizekai-richard"},"content":"                int command \u003d controller.userCommand();","lastModifiedDate":"2022-08-17"},{"lineNumber":18,"author":{"gitId":"lizekai-richard"},"content":"                switch (command) {","lastModifiedDate":"2022-08-17"},{"lineNumber":19,"author":{"gitId":"lizekai-richard"},"content":"                    case 1:","lastModifiedDate":"2022-08-17"},{"lineNumber":20,"author":{"gitId":"lizekai-richard"},"content":"                        System.out.println(\"Please type in your ToDo task:\");","lastModifiedDate":"2022-08-17"},{"lineNumber":21,"author":{"gitId":"lizekai-richard"},"content":"                        String todo \u003d controller.inputFromUser();","lastModifiedDate":"2022-08-17"},{"lineNumber":22,"author":{"gitId":"lizekai-richard"},"content":"                        if (!controller.checkContent(todo)) {","lastModifiedDate":"2022-08-17"},{"lineNumber":23,"author":{"gitId":"lizekai-richard"},"content":"                            throw new EmptyContentException(\"ERROR: No empty task is allowed! Please try again.\");","lastModifiedDate":"2022-08-17"},{"lineNumber":24,"author":{"gitId":"lizekai-richard"},"content":"                        }","lastModifiedDate":"2022-08-17"},{"lineNumber":25,"author":{"gitId":"lizekai-richard"},"content":"                        Task todoTask \u003d controller.addToList(todo, null, \"todo\");","lastModifiedDate":"2022-08-17"},{"lineNumber":26,"author":{"gitId":"lizekai-richard"},"content":"                        controller.display(todoTask.toString(), false, false, false, false);","lastModifiedDate":"2022-08-17"},{"lineNumber":27,"author":{"gitId":"lizekai-richard"},"content":"                        break;","lastModifiedDate":"2022-08-17"},{"lineNumber":28,"author":{"gitId":"lizekai-richard"},"content":"","lastModifiedDate":"2022-08-17"},{"lineNumber":29,"author":{"gitId":"lizekai-richard"},"content":"                    case 2:","lastModifiedDate":"2022-08-17"},{"lineNumber":30,"author":{"gitId":"lizekai-richard"},"content":"                        System.out.println(\"Please type in your Event:\");","lastModifiedDate":"2022-08-17"},{"lineNumber":31,"author":{"gitId":"lizekai-richard"},"content":"                        String event \u003d controller.inputFromUser();","lastModifiedDate":"2022-08-17"},{"lineNumber":32,"author":{"gitId":"lizekai-richard"},"content":"                        if (!controller.checkContent(event)) {","lastModifiedDate":"2022-08-17"},{"lineNumber":33,"author":{"gitId":"lizekai-richard"},"content":"                            throw new EmptyContentException(\"ERROR: The content of your task is empty! \");","lastModifiedDate":"2022-08-17"},{"lineNumber":34,"author":{"gitId":"lizekai-richard"},"content":"                        }","lastModifiedDate":"2022-08-17"},{"lineNumber":35,"author":{"gitId":"lizekai-richard"},"content":"                        System.out.println(\"Please type in the time (D/M/Y H:M:S):\");","lastModifiedDate":"2022-08-17"},{"lineNumber":36,"author":{"gitId":"lizekai-richard"},"content":"                        String eventTime \u003d controller.inputFromUser();","lastModifiedDate":"2022-08-17"},{"lineNumber":37,"author":{"gitId":"lizekai-richard"},"content":"                        if (!controller.checkTime(eventTime)) {","lastModifiedDate":"2022-08-17"},{"lineNumber":38,"author":{"gitId":"lizekai-richard"},"content":"                            throw new InvalidTimeException(\"ERROR: The format of time you input is invalid!\");","lastModifiedDate":"2022-08-17"},{"lineNumber":39,"author":{"gitId":"lizekai-richard"},"content":"                        }","lastModifiedDate":"2022-08-17"},{"lineNumber":40,"author":{"gitId":"lizekai-richard"},"content":"                        Task eventTask \u003d controller.addToList(event, eventTime, \"event\");","lastModifiedDate":"2022-08-17"},{"lineNumber":41,"author":{"gitId":"lizekai-richard"},"content":"                        controller.display(eventTask.toString(), false, false, false, false);","lastModifiedDate":"2022-08-17"},{"lineNumber":42,"author":{"gitId":"lizekai-richard"},"content":"                        break;","lastModifiedDate":"2022-08-17"},{"lineNumber":43,"author":{"gitId":"lizekai-richard"},"content":"","lastModifiedDate":"2022-08-17"},{"lineNumber":44,"author":{"gitId":"lizekai-richard"},"content":"                    case 3:","lastModifiedDate":"2022-08-17"},{"lineNumber":45,"author":{"gitId":"lizekai-richard"},"content":"                        System.out.println(\"Please type in your Deadline task:\");","lastModifiedDate":"2022-08-17"},{"lineNumber":46,"author":{"gitId":"lizekai-richard"},"content":"                        String ddl \u003d controller.inputFromUser();","lastModifiedDate":"2022-08-17"},{"lineNumber":47,"author":{"gitId":"lizekai-richard"},"content":"                        if (!controller.checkContent(ddl)) {","lastModifiedDate":"2022-08-17"},{"lineNumber":48,"author":{"gitId":"lizekai-richard"},"content":"                            throw new EmptyContentException(\"ERROR: The content of your task is empty!\");","lastModifiedDate":"2022-08-17"},{"lineNumber":49,"author":{"gitId":"lizekai-richard"},"content":"                        }","lastModifiedDate":"2022-08-17"},{"lineNumber":50,"author":{"gitId":"lizekai-richard"},"content":"                        System.out.println(\"Please type in deadline (D/M/Y H:M:S):\");","lastModifiedDate":"2022-08-17"},{"lineNumber":51,"author":{"gitId":"lizekai-richard"},"content":"                        String ddlTime \u003d controller.inputFromUser();","lastModifiedDate":"2022-08-17"},{"lineNumber":52,"author":{"gitId":"lizekai-richard"},"content":"                        if (!controller.checkTime(ddlTime)) {","lastModifiedDate":"2022-08-17"},{"lineNumber":53,"author":{"gitId":"lizekai-richard"},"content":"                            throw new InvalidTimeException(\"ERROR: The format of time you input is invalid!\");","lastModifiedDate":"2022-08-17"},{"lineNumber":54,"author":{"gitId":"lizekai-richard"},"content":"                        }","lastModifiedDate":"2022-08-17"},{"lineNumber":55,"author":{"gitId":"lizekai-richard"},"content":"                        Task ddlTask \u003d controller.addToList(ddl, ddlTime, \"deadline\");","lastModifiedDate":"2022-08-17"},{"lineNumber":56,"author":{"gitId":"lizekai-richard"},"content":"                        controller.display(ddlTask.toString(), false, false, false, false);","lastModifiedDate":"2022-08-17"},{"lineNumber":57,"author":{"gitId":"lizekai-richard"},"content":"                        break;","lastModifiedDate":"2022-08-17"},{"lineNumber":58,"author":{"gitId":"lizekai-richard"},"content":"","lastModifiedDate":"2022-08-17"},{"lineNumber":59,"author":{"gitId":"lizekai-richard"},"content":"                    case 4:","lastModifiedDate":"2022-08-17"},{"lineNumber":60,"author":{"gitId":"lizekai-richard"},"content":"                        controller.display(null, true, false, false, false);","lastModifiedDate":"2022-08-17"},{"lineNumber":61,"author":{"gitId":"lizekai-richard"},"content":"                        break;","lastModifiedDate":"2022-08-17"},{"lineNumber":62,"author":{"gitId":"lizekai-richard"},"content":"","lastModifiedDate":"2022-08-17"},{"lineNumber":63,"author":{"gitId":"lizekai-richard"},"content":"                    case 5:","lastModifiedDate":"2022-08-17"},{"lineNumber":64,"author":{"gitId":"lizekai-richard"},"content":"                        System.out.println(\"Please type in the task index that you want to mark:\");","lastModifiedDate":"2022-08-17"},{"lineNumber":65,"author":{"gitId":"lizekai-richard"},"content":"                        int taskIndexToMark \u003d controller.userTask() - 1;","lastModifiedDate":"2022-08-17"},{"lineNumber":66,"author":{"gitId":"lizekai-richard"},"content":"                        controller.changeTaskStatus(taskIndexToMark, true);","lastModifiedDate":"2022-08-17"},{"lineNumber":67,"author":{"gitId":"lizekai-richard"},"content":"                        String replyMark \u003d controller.getTask(taskIndexToMark).toString();","lastModifiedDate":"2022-08-17"},{"lineNumber":68,"author":{"gitId":"lizekai-richard"},"content":"                        controller.display(replyMark, false, true, false, false);","lastModifiedDate":"2022-08-17"},{"lineNumber":69,"author":{"gitId":"lizekai-richard"},"content":"                        break;","lastModifiedDate":"2022-08-17"},{"lineNumber":70,"author":{"gitId":"lizekai-richard"},"content":"","lastModifiedDate":"2022-08-17"},{"lineNumber":71,"author":{"gitId":"lizekai-richard"},"content":"                    case 6:","lastModifiedDate":"2022-08-17"},{"lineNumber":72,"author":{"gitId":"lizekai-richard"},"content":"                        System.out.println(\"Please type in the task index that you want to unmark:\");","lastModifiedDate":"2022-08-17"},{"lineNumber":73,"author":{"gitId":"lizekai-richard"},"content":"                        int taskIndexToUnmark \u003d controller.userTask() - 1;","lastModifiedDate":"2022-08-17"},{"lineNumber":74,"author":{"gitId":"lizekai-richard"},"content":"                        controller.changeTaskStatus(taskIndexToUnmark, false);","lastModifiedDate":"2022-08-17"},{"lineNumber":75,"author":{"gitId":"lizekai-richard"},"content":"                        String replyUnmark \u003d controller.getTask(taskIndexToUnmark).toString();","lastModifiedDate":"2022-08-17"},{"lineNumber":76,"author":{"gitId":"lizekai-richard"},"content":"                        controller.display(replyUnmark, false, false, true, false);","lastModifiedDate":"2022-08-17"},{"lineNumber":77,"author":{"gitId":"lizekai-richard"},"content":"                        break;","lastModifiedDate":"2022-08-17"},{"lineNumber":78,"author":{"gitId":"lizekai-richard"},"content":"","lastModifiedDate":"2022-08-17"},{"lineNumber":79,"author":{"gitId":"lizekai-richard"},"content":"                    case 7:","lastModifiedDate":"2022-08-17"},{"lineNumber":80,"author":{"gitId":"lizekai-richard"},"content":"                        System.out.println(\"Please type in the task index that you want to unmark:\");","lastModifiedDate":"2022-08-17"},{"lineNumber":81,"author":{"gitId":"lizekai-richard"},"content":"                        int taskIndexToDelete \u003d controller.userTask() - 1;","lastModifiedDate":"2022-08-17"},{"lineNumber":82,"author":{"gitId":"lizekai-richard"},"content":"                        controller.deleteFromList(taskIndexToDelete);","lastModifiedDate":"2022-08-17"},{"lineNumber":83,"author":{"gitId":"lizekai-richard"},"content":"                        controller.display(null, false, false, false, true);","lastModifiedDate":"2022-08-17"},{"lineNumber":84,"author":{"gitId":"lizekai-richard"},"content":"                        break;","lastModifiedDate":"2022-08-17"},{"lineNumber":85,"author":{"gitId":"lizekai-richard"},"content":"                    case 8:","lastModifiedDate":"2022-08-17"},{"lineNumber":86,"author":{"gitId":"lizekai-richard"},"content":"                        controller.sayBye();","lastModifiedDate":"2022-08-17"},{"lineNumber":87,"author":{"gitId":"lizekai-richard"},"content":"                        System.exit(0);","lastModifiedDate":"2022-08-17"},{"lineNumber":88,"author":{"gitId":"lizekai-richard"},"content":"                }","lastModifiedDate":"2022-08-17"},{"lineNumber":89,"author":{"gitId":"lizekai-richard"},"content":"            } catch (DukeExceptions e) {","lastModifiedDate":"2022-08-17"},{"lineNumber":90,"author":{"gitId":"lizekai-richard"},"content":"                System.out.println(\"#\".repeat(80));","lastModifiedDate":"2022-08-17"},{"lineNumber":91,"author":{"gitId":"lizekai-richard"},"content":"                System.out.println(e.getMessage());","lastModifiedDate":"2022-08-17"},{"lineNumber":92,"author":{"gitId":"lizekai-richard"},"content":"                System.out.println(\"Please try again\");","lastModifiedDate":"2022-08-17"},{"lineNumber":93,"author":{"gitId":"lizekai-richard"},"content":"                System.out.println(\"#\".repeat(80));","lastModifiedDate":"2022-08-17"},{"lineNumber":94,"author":{"gitId":"lizekai-richard"},"content":"            } finally {","lastModifiedDate":"2022-08-17"},{"lineNumber":95,"author":{"gitId":"lizekai-richard"},"content":"                controller.showCommandList();","lastModifiedDate":"2022-08-17"},{"lineNumber":96,"author":{"gitId":"lizekai-richard"},"content":"            }","lastModifiedDate":"2022-08-17"},{"lineNumber":97,"author":{"gitId":"lizekai-richard"},"content":"        }","lastModifiedDate":"2022-08-17"},{"lineNumber":98,"author":{"gitId":"lizekai-richard"},"content":"    }","lastModifiedDate":"2022-08-17"},{"lineNumber":99,"author":{"gitId":"lizekai-richard"},"content":"","lastModifiedDate":"2022-08-17"},{"lineNumber":100,"author":{"gitId":"lizekai-richard"},"content":"}","lastModifiedDate":"2022-08-17"}],"authorContributionMap":{"lizekai-richard":100}},{"path":"src/main/java/ChatBotController.java","fileType":"java","lines":[{"lineNumber":1,"author":{"gitId":"lizekai-richard"},"content":"import java.util.ArrayList;","lastModifiedDate":"2022-08-17"},{"lineNumber":2,"author":{"gitId":"lizekai-richard"},"content":"import java.util.Scanner;","lastModifiedDate":"2022-08-17"},{"lineNumber":3,"author":{"gitId":"lizekai-richard"},"content":"import java.util.regex.Matcher;","lastModifiedDate":"2022-08-17"},{"lineNumber":4,"author":{"gitId":"lizekai-richard"},"content":"import java.util.regex.Pattern;","lastModifiedDate":"2022-08-17"},{"lineNumber":5,"author":{"gitId":"lizekai-richard"},"content":"","lastModifiedDate":"2022-08-17"},{"lineNumber":6,"author":{"gitId":"lizekai-richard"},"content":"/**","lastModifiedDate":"2022-08-17"},{"lineNumber":7,"author":{"gitId":"lizekai-richard"},"content":" * This class is a logic controller for a chatbot","lastModifiedDate":"2022-08-17"},{"lineNumber":8,"author":{"gitId":"lizekai-richard"},"content":" */","lastModifiedDate":"2022-08-17"},{"lineNumber":9,"author":{"gitId":"lizekai-richard"},"content":"public class ChatBotController {","lastModifiedDate":"2022-08-17"},{"lineNumber":10,"author":{"gitId":"lizekai-richard"},"content":"","lastModifiedDate":"2022-08-17"},{"lineNumber":11,"author":{"gitId":"lizekai-richard"},"content":"    private final Scanner sc \u003d new Scanner(System.in);","lastModifiedDate":"2022-08-17"},{"lineNumber":12,"author":{"gitId":"lizekai-richard"},"content":"    private final String initialGreeting \u003d \"Hello, I\u0027m Duke. What can I do for you?\";","lastModifiedDate":"2022-08-17"},{"lineNumber":13,"author":{"gitId":"lizekai-richard"},"content":"    private final String goodbyeGreeting \u003d \"Bye. Hope to see you soon!\";","lastModifiedDate":"2022-08-17"},{"lineNumber":14,"author":{"gitId":"lizekai-richard"},"content":"    private final String listString \u003d \"list\";","lastModifiedDate":"2022-08-17"},{"lineNumber":15,"author":{"gitId":"lizekai-richard"},"content":"    private final String commandList \u003d \"1. Add a ToDo\\n\" + \"2. Add an Event\\n\" + \"3. Add a Deadline\\n\" +","lastModifiedDate":"2022-08-17"},{"lineNumber":16,"author":{"gitId":"lizekai-richard"},"content":"            \"4. List all Tasks\\n\" + \"5. Mark\\n\" + \"6. Unmark\\n\" + \"7. Delete a Task\\n\" + \"8. Exit\";","lastModifiedDate":"2022-08-17"},{"lineNumber":17,"author":{"gitId":"lizekai-richard"},"content":"    private final String splitLine \u003d \"*\".repeat(80);","lastModifiedDate":"2022-08-17"},{"lineNumber":18,"author":{"gitId":"lizekai-richard"},"content":"    private final ArrayList\u003cTask\u003e tasks \u003d new ArrayList\u003c\u003e();","lastModifiedDate":"2022-08-17"},{"lineNumber":19,"author":{"gitId":"lizekai-richard"},"content":"","lastModifiedDate":"2022-08-17"},{"lineNumber":20,"author":{"gitId":"lizekai-richard"},"content":"    /**","lastModifiedDate":"2022-08-17"},{"lineNumber":21,"author":{"gitId":"lizekai-richard"},"content":"     * Retrieve input from the user","lastModifiedDate":"2022-08-17"},{"lineNumber":22,"author":{"gitId":"lizekai-richard"},"content":"     * @return user\u0027s input string","lastModifiedDate":"2022-08-17"},{"lineNumber":23,"author":{"gitId":"lizekai-richard"},"content":"     */","lastModifiedDate":"2022-08-17"},{"lineNumber":24,"author":{"gitId":"lizekai-richard"},"content":"    public String inputFromUser() {","lastModifiedDate":"2022-08-17"},{"lineNumber":25,"author":{"gitId":"lizekai-richard"},"content":"        return sc.nextLine().strip().replaceAll(\"(?m)^\\\\s*$[\\n\\r]+\", \"\");","lastModifiedDate":"2022-08-17"},{"lineNumber":26,"author":{"gitId":"lizekai-richard"},"content":"    }","lastModifiedDate":"2022-08-17"},{"lineNumber":27,"author":{"gitId":"lizekai-richard"},"content":"","lastModifiedDate":"2022-08-17"},{"lineNumber":28,"author":{"gitId":"lizekai-richard"},"content":"    /**","lastModifiedDate":"2022-08-17"},{"lineNumber":29,"author":{"gitId":"lizekai-richard"},"content":"     * Get user\u0027s choice for command","lastModifiedDate":"2022-08-17"},{"lineNumber":30,"author":{"gitId":"lizekai-richard"},"content":"     * @return user\u0027s input command","lastModifiedDate":"2022-08-17"},{"lineNumber":31,"author":{"gitId":"lizekai-richard"},"content":"     */","lastModifiedDate":"2022-08-17"},{"lineNumber":32,"author":{"gitId":"lizekai-richard"},"content":"    public int userCommand() throws InvalidCommandException {","lastModifiedDate":"2022-08-17"},{"lineNumber":33,"author":{"gitId":"lizekai-richard"},"content":"        String command \u003d sc.nextLine();","lastModifiedDate":"2022-08-17"},{"lineNumber":34,"author":{"gitId":"lizekai-richard"},"content":"        if (!checkCommand(command)) {","lastModifiedDate":"2022-08-17"},{"lineNumber":35,"author":{"gitId":"lizekai-richard"},"content":"            throw new InvalidCommandException(\"ERROR: The command you input is invalid!\");","lastModifiedDate":"2022-08-17"},{"lineNumber":36,"author":{"gitId":"lizekai-richard"},"content":"        }","lastModifiedDate":"2022-08-17"},{"lineNumber":37,"author":{"gitId":"lizekai-richard"},"content":"        return Integer.parseInt(command);","lastModifiedDate":"2022-08-17"},{"lineNumber":38,"author":{"gitId":"lizekai-richard"},"content":"    }","lastModifiedDate":"2022-08-17"},{"lineNumber":39,"author":{"gitId":"lizekai-richard"},"content":"","lastModifiedDate":"2022-08-17"},{"lineNumber":40,"author":{"gitId":"lizekai-richard"},"content":"    /**","lastModifiedDate":"2022-08-17"},{"lineNumber":41,"author":{"gitId":"lizekai-richard"},"content":"     * Get user\u0027s choice for task","lastModifiedDate":"2022-08-17"},{"lineNumber":42,"author":{"gitId":"lizekai-richard"},"content":"     * @return user\u0027s input task","lastModifiedDate":"2022-08-17"},{"lineNumber":43,"author":{"gitId":"lizekai-richard"},"content":"     */","lastModifiedDate":"2022-08-17"},{"lineNumber":44,"author":{"gitId":"lizekai-richard"},"content":"    public int userTask() {","lastModifiedDate":"2022-08-17"},{"lineNumber":45,"author":{"gitId":"lizekai-richard"},"content":"        return Integer.parseInt(sc.nextLine());","lastModifiedDate":"2022-08-17"},{"lineNumber":46,"author":{"gitId":"lizekai-richard"},"content":"    }","lastModifiedDate":"2022-08-17"},{"lineNumber":47,"author":{"gitId":"lizekai-richard"},"content":"","lastModifiedDate":"2022-08-17"},{"lineNumber":48,"author":{"gitId":"lizekai-richard"},"content":"    /**","lastModifiedDate":"2022-08-17"},{"lineNumber":49,"author":{"gitId":"lizekai-richard"},"content":"     * Check the legitimacy of user\u0027s input for command","lastModifiedDate":"2022-08-17"},{"lineNumber":50,"author":{"gitId":"lizekai-richard"},"content":"     * @param s input command","lastModifiedDate":"2022-08-17"},{"lineNumber":51,"author":{"gitId":"lizekai-richard"},"content":"     * @return boolean value","lastModifiedDate":"2022-08-17"},{"lineNumber":52,"author":{"gitId":"lizekai-richard"},"content":"     */","lastModifiedDate":"2022-08-17"},{"lineNumber":53,"author":{"gitId":"lizekai-richard"},"content":"    public boolean checkCommand(String s) {","lastModifiedDate":"2022-08-17"},{"lineNumber":54,"author":{"gitId":"lizekai-richard"},"content":"        for (int i \u003d 1; i \u003c\u003d 8; ++i) {","lastModifiedDate":"2022-08-17"},{"lineNumber":55,"author":{"gitId":"lizekai-richard"},"content":"            if (s.strip().equals(Integer.toString(i))) {","lastModifiedDate":"2022-08-17"},{"lineNumber":56,"author":{"gitId":"lizekai-richard"},"content":"                return true;","lastModifiedDate":"2022-08-17"},{"lineNumber":57,"author":{"gitId":"lizekai-richard"},"content":"            }","lastModifiedDate":"2022-08-17"},{"lineNumber":58,"author":{"gitId":"lizekai-richard"},"content":"        }","lastModifiedDate":"2022-08-17"},{"lineNumber":59,"author":{"gitId":"lizekai-richard"},"content":"        return false;","lastModifiedDate":"2022-08-17"},{"lineNumber":60,"author":{"gitId":"lizekai-richard"},"content":"    }","lastModifiedDate":"2022-08-17"},{"lineNumber":61,"author":{"gitId":"lizekai-richard"},"content":"","lastModifiedDate":"2022-08-17"},{"lineNumber":62,"author":{"gitId":"lizekai-richard"},"content":"    /**","lastModifiedDate":"2022-08-17"},{"lineNumber":63,"author":{"gitId":"lizekai-richard"},"content":"     * Check the legitimacy of user\u0027s input of a task","lastModifiedDate":"2022-08-17"},{"lineNumber":64,"author":{"gitId":"lizekai-richard"},"content":"     * @param s the task content","lastModifiedDate":"2022-08-17"},{"lineNumber":65,"author":{"gitId":"lizekai-richard"},"content":"     * @return boolean value","lastModifiedDate":"2022-08-17"},{"lineNumber":66,"author":{"gitId":"lizekai-richard"},"content":"     */","lastModifiedDate":"2022-08-17"},{"lineNumber":67,"author":{"gitId":"lizekai-richard"},"content":"    public boolean checkContent(String s) {","lastModifiedDate":"2022-08-17"},{"lineNumber":68,"author":{"gitId":"lizekai-richard"},"content":"        return !s.isBlank();","lastModifiedDate":"2022-08-17"},{"lineNumber":69,"author":{"gitId":"lizekai-richard"},"content":"    }","lastModifiedDate":"2022-08-17"},{"lineNumber":70,"author":{"gitId":"lizekai-richard"},"content":"","lastModifiedDate":"2022-08-17"},{"lineNumber":71,"author":{"gitId":"lizekai-richard"},"content":"    /**","lastModifiedDate":"2022-08-17"},{"lineNumber":72,"author":{"gitId":"lizekai-richard"},"content":"     * Check the legitimacy of user\u0027s input of time","lastModifiedDate":"2022-08-17"},{"lineNumber":73,"author":{"gitId":"lizekai-richard"},"content":"     * @param s time string","lastModifiedDate":"2022-08-17"},{"lineNumber":74,"author":{"gitId":"lizekai-richard"},"content":"     * @return boolean value","lastModifiedDate":"2022-08-17"},{"lineNumber":75,"author":{"gitId":"lizekai-richard"},"content":"     */","lastModifiedDate":"2022-08-17"},{"lineNumber":76,"author":{"gitId":"lizekai-richard"},"content":"    public boolean checkTime(String s) {","lastModifiedDate":"2022-08-17"},{"lineNumber":77,"author":{"gitId":"lizekai-richard"},"content":"        Pattern pattern1 \u003d Pattern.compile(\"[0-9]+/[0-9]+/[0-9]+\");","lastModifiedDate":"2022-08-17"},{"lineNumber":78,"author":{"gitId":"lizekai-richard"},"content":"        Pattern pattern2 \u003d Pattern.compile(\"[0-9]+:[0-9]+:[0-9]+\");","lastModifiedDate":"2022-08-17"},{"lineNumber":79,"author":{"gitId":"lizekai-richard"},"content":"        Matcher matcher1 \u003d pattern1.matcher(s);","lastModifiedDate":"2022-08-17"},{"lineNumber":80,"author":{"gitId":"lizekai-richard"},"content":"        Matcher matcher2 \u003d pattern2.matcher(s);","lastModifiedDate":"2022-08-17"},{"lineNumber":81,"author":{"gitId":"lizekai-richard"},"content":"        return matcher1.find() \u0026\u0026 matcher2.find();","lastModifiedDate":"2022-08-17"},{"lineNumber":82,"author":{"gitId":"lizekai-richard"},"content":"    }","lastModifiedDate":"2022-08-17"},{"lineNumber":83,"author":{"gitId":"lizekai-richard"},"content":"","lastModifiedDate":"2022-08-17"},{"lineNumber":84,"author":{"gitId":"lizekai-richard"},"content":"    /**","lastModifiedDate":"2022-08-17"},{"lineNumber":85,"author":{"gitId":"lizekai-richard"},"content":"     * Add an event or a deadline","lastModifiedDate":"2022-08-17"},{"lineNumber":86,"author":{"gitId":"lizekai-richard"},"content":"     * @param s user\u0027s input","lastModifiedDate":"2022-08-17"},{"lineNumber":87,"author":{"gitId":"lizekai-richard"},"content":"     */","lastModifiedDate":"2022-08-17"},{"lineNumber":88,"author":{"gitId":"lizekai-richard"},"content":"    public Task addToList(String s, String time, String type) {","lastModifiedDate":"2022-08-17"},{"lineNumber":89,"author":{"gitId":"lizekai-richard"},"content":"        Task task \u003d new Task(s);","lastModifiedDate":"2022-08-17"},{"lineNumber":90,"author":{"gitId":"lizekai-richard"},"content":"        switch (type) {","lastModifiedDate":"2022-08-17"},{"lineNumber":91,"author":{"gitId":"lizekai-richard"},"content":"            case \"todo\":","lastModifiedDate":"2022-08-17"},{"lineNumber":92,"author":{"gitId":"lizekai-richard"},"content":"                task \u003d new ToDo(s);","lastModifiedDate":"2022-08-17"},{"lineNumber":93,"author":{"gitId":"lizekai-richard"},"content":"                tasks.add(task);","lastModifiedDate":"2022-08-17"},{"lineNumber":94,"author":{"gitId":"lizekai-richard"},"content":"                break;","lastModifiedDate":"2022-08-17"},{"lineNumber":95,"author":{"gitId":"lizekai-richard"},"content":"            case \"event\":","lastModifiedDate":"2022-08-17"},{"lineNumber":96,"author":{"gitId":"lizekai-richard"},"content":"                task \u003d new Event(s, time);","lastModifiedDate":"2022-08-17"},{"lineNumber":97,"author":{"gitId":"lizekai-richard"},"content":"                tasks.add(task);","lastModifiedDate":"2022-08-17"},{"lineNumber":98,"author":{"gitId":"lizekai-richard"},"content":"                break;","lastModifiedDate":"2022-08-17"},{"lineNumber":99,"author":{"gitId":"lizekai-richard"},"content":"            case \"deadline\":","lastModifiedDate":"2022-08-17"},{"lineNumber":100,"author":{"gitId":"lizekai-richard"},"content":"                task \u003d new Deadline(s, time);","lastModifiedDate":"2022-08-17"},{"lineNumber":101,"author":{"gitId":"lizekai-richard"},"content":"                tasks.add(task);","lastModifiedDate":"2022-08-17"},{"lineNumber":102,"author":{"gitId":"lizekai-richard"},"content":"                break;","lastModifiedDate":"2022-08-17"},{"lineNumber":103,"author":{"gitId":"lizekai-richard"},"content":"        }","lastModifiedDate":"2022-08-17"},{"lineNumber":104,"author":{"gitId":"lizekai-richard"},"content":"        return task;","lastModifiedDate":"2022-08-17"},{"lineNumber":105,"author":{"gitId":"lizekai-richard"},"content":"    }","lastModifiedDate":"2022-08-17"},{"lineNumber":106,"author":{"gitId":"lizekai-richard"},"content":"","lastModifiedDate":"2022-08-17"},{"lineNumber":107,"author":{"gitId":"lizekai-richard"},"content":"    public void deleteFromList(int taskIndex) throws NoSuchTaskException {","lastModifiedDate":"2022-08-17"},{"lineNumber":108,"author":{"gitId":"lizekai-richard"},"content":"        if (taskIndex \u003c 0 || taskIndex \u003e\u003d tasks.size()) {","lastModifiedDate":"2022-08-17"},{"lineNumber":109,"author":{"gitId":"lizekai-richard"},"content":"            throw new NoSuchTaskException(\"ERROR: The task you choose doesn\u0027t exist!\");","lastModifiedDate":"2022-08-17"},{"lineNumber":110,"author":{"gitId":"lizekai-richard"},"content":"        }","lastModifiedDate":"2022-08-17"},{"lineNumber":111,"author":{"gitId":"lizekai-richard"},"content":"        tasks.remove(taskIndex);","lastModifiedDate":"2022-08-17"},{"lineNumber":112,"author":{"gitId":"lizekai-richard"},"content":"    }","lastModifiedDate":"2022-08-17"},{"lineNumber":113,"author":{"gitId":"lizekai-richard"},"content":"","lastModifiedDate":"2022-08-17"},{"lineNumber":114,"author":{"gitId":"lizekai-richard"},"content":"    /**","lastModifiedDate":"2022-08-17"},{"lineNumber":115,"author":{"gitId":"lizekai-richard"},"content":"     * Return the target task.","lastModifiedDate":"2022-08-17"},{"lineNumber":116,"author":{"gitId":"lizekai-richard"},"content":"     * @param taskIndex task index","lastModifiedDate":"2022-08-17"},{"lineNumber":117,"author":{"gitId":"lizekai-richard"},"content":"     * @return the target task.","lastModifiedDate":"2022-08-17"},{"lineNumber":118,"author":{"gitId":"lizekai-richard"},"content":"     */","lastModifiedDate":"2022-08-17"},{"lineNumber":119,"author":{"gitId":"lizekai-richard"},"content":"    public Task getTask(int taskIndex) throws NoSuchTaskException {","lastModifiedDate":"2022-08-17"},{"lineNumber":120,"author":{"gitId":"lizekai-richard"},"content":"        if (taskIndex \u003c 0 || taskIndex \u003e\u003d tasks.size()) {","lastModifiedDate":"2022-08-17"},{"lineNumber":121,"author":{"gitId":"lizekai-richard"},"content":"            throw new NoSuchTaskException(\"ERROR: The task you choose doesn\u0027t exist!\");","lastModifiedDate":"2022-08-17"},{"lineNumber":122,"author":{"gitId":"lizekai-richard"},"content":"        }","lastModifiedDate":"2022-08-17"},{"lineNumber":123,"author":{"gitId":"lizekai-richard"},"content":"        return tasks.get(taskIndex);","lastModifiedDate":"2022-08-17"},{"lineNumber":124,"author":{"gitId":"lizekai-richard"},"content":"    }","lastModifiedDate":"2022-08-17"},{"lineNumber":125,"author":{"gitId":"lizekai-richard"},"content":"","lastModifiedDate":"2022-08-17"},{"lineNumber":126,"author":{"gitId":"lizekai-richard"},"content":"    /**","lastModifiedDate":"2022-08-17"},{"lineNumber":127,"author":{"gitId":"lizekai-richard"},"content":"     * A bridging method for changing the status of a task","lastModifiedDate":"2022-08-17"},{"lineNumber":128,"author":{"gitId":"lizekai-richard"},"content":"     */","lastModifiedDate":"2022-08-17"},{"lineNumber":129,"author":{"gitId":"lizekai-richard"},"content":"    public void changeTaskStatus(int taskIndex, boolean status) throws NoSuchTaskException {","lastModifiedDate":"2022-08-17"},{"lineNumber":130,"author":{"gitId":"lizekai-richard"},"content":"        if (taskIndex \u003c 0 || taskIndex \u003e\u003d tasks.size()) {","lastModifiedDate":"2022-08-17"},{"lineNumber":131,"author":{"gitId":"lizekai-richard"},"content":"            throw new NoSuchTaskException(\"ERROR: The task you choose doesn\u0027t exist!\");","lastModifiedDate":"2022-08-17"},{"lineNumber":132,"author":{"gitId":"lizekai-richard"},"content":"        }","lastModifiedDate":"2022-08-17"},{"lineNumber":133,"author":{"gitId":"lizekai-richard"},"content":"        tasks.get(taskIndex).changeStatus(status);","lastModifiedDate":"2022-08-17"},{"lineNumber":134,"author":{"gitId":"lizekai-richard"},"content":"    }","lastModifiedDate":"2022-08-17"},{"lineNumber":135,"author":{"gitId":"lizekai-richard"},"content":"","lastModifiedDate":"2022-08-17"},{"lineNumber":136,"author":{"gitId":"lizekai-richard"},"content":"    /**","lastModifiedDate":"2022-08-17"},{"lineNumber":137,"author":{"gitId":"lizekai-richard"},"content":"     * Say hi to the user.","lastModifiedDate":"2022-08-17"},{"lineNumber":138,"author":{"gitId":"lizekai-richard"},"content":"     */","lastModifiedDate":"2022-08-17"},{"lineNumber":139,"author":{"gitId":"lizekai-richard"},"content":"    public void startGreeting() {","lastModifiedDate":"2022-08-17"},{"lineNumber":140,"author":{"gitId":"lizekai-richard"},"content":"        System.out.println(splitLine);","lastModifiedDate":"2022-08-17"},{"lineNumber":141,"author":{"gitId":"lizekai-richard"},"content":"        System.out.println(initialGreeting);","lastModifiedDate":"2022-08-17"},{"lineNumber":142,"author":{"gitId":"lizekai-richard"},"content":"        System.out.println(commandList);","lastModifiedDate":"2022-08-17"},{"lineNumber":143,"author":{"gitId":"lizekai-richard"},"content":"        System.out.println(splitLine);","lastModifiedDate":"2022-08-17"},{"lineNumber":144,"author":{"gitId":"lizekai-richard"},"content":"    }","lastModifiedDate":"2022-08-17"},{"lineNumber":145,"author":{"gitId":"lizekai-richard"},"content":"","lastModifiedDate":"2022-08-17"},{"lineNumber":146,"author":{"gitId":"lizekai-richard"},"content":"    /**","lastModifiedDate":"2022-08-17"},{"lineNumber":147,"author":{"gitId":"lizekai-richard"},"content":"     * Say goodbye to the user.","lastModifiedDate":"2022-08-17"},{"lineNumber":148,"author":{"gitId":"lizekai-richard"},"content":"     */","lastModifiedDate":"2022-08-17"},{"lineNumber":149,"author":{"gitId":"lizekai-richard"},"content":"    public void sayBye() {","lastModifiedDate":"2022-08-17"},{"lineNumber":150,"author":{"gitId":"lizekai-richard"},"content":"        System.out.println(splitLine);","lastModifiedDate":"2022-08-17"},{"lineNumber":151,"author":{"gitId":"lizekai-richard"},"content":"        System.out.println(goodbyeGreeting);","lastModifiedDate":"2022-08-17"},{"lineNumber":152,"author":{"gitId":"lizekai-richard"},"content":"        System.out.println(splitLine);","lastModifiedDate":"2022-08-17"},{"lineNumber":153,"author":{"gitId":"lizekai-richard"},"content":"    }","lastModifiedDate":"2022-08-17"},{"lineNumber":154,"author":{"gitId":"lizekai-richard"},"content":"","lastModifiedDate":"2022-08-17"},{"lineNumber":155,"author":{"gitId":"lizekai-richard"},"content":"    /**","lastModifiedDate":"2022-08-17"},{"lineNumber":156,"author":{"gitId":"lizekai-richard"},"content":"     * Display chatbot info with list command","lastModifiedDate":"2022-08-17"},{"lineNumber":157,"author":{"gitId":"lizekai-richard"},"content":"     * @param info chatbot info","lastModifiedDate":"2022-08-17"},{"lineNumber":158,"author":{"gitId":"lizekai-richard"},"content":"     * @param isList boolean value to show if the user asked for a list command","lastModifiedDate":"2022-08-17"},{"lineNumber":159,"author":{"gitId":"lizekai-richard"},"content":"     * @param isMark boolean value to show if the user asked for a mark command","lastModifiedDate":"2022-08-17"},{"lineNumber":160,"author":{"gitId":"lizekai-richard"},"content":"     * @param isUnmark boolean value to show if the user asked for an unmark command","lastModifiedDate":"2022-08-17"},{"lineNumber":161,"author":{"gitId":"lizekai-richard"},"content":"     */","lastModifiedDate":"2022-08-17"},{"lineNumber":162,"author":{"gitId":"lizekai-richard"},"content":"    public void display(String info, boolean isList, boolean isMark, boolean isUnmark, boolean isDelete) {","lastModifiedDate":"2022-08-17"},{"lineNumber":163,"author":{"gitId":"lizekai-richard"},"content":"        if (isList) {","lastModifiedDate":"2022-08-17"},{"lineNumber":164,"author":{"gitId":"lizekai-richard"},"content":"            System.out.println(splitLine);","lastModifiedDate":"2022-08-17"},{"lineNumber":165,"author":{"gitId":"lizekai-richard"},"content":"            System.out.println(\"Here are all your tasks:\");","lastModifiedDate":"2022-08-17"},{"lineNumber":166,"author":{"gitId":"lizekai-richard"},"content":"            for(int i \u003d 0; i \u003c tasks.size(); ++i) {","lastModifiedDate":"2022-08-17"},{"lineNumber":167,"author":{"gitId":"lizekai-richard"},"content":"                System.out.println( + (i + 1) + \". \" + tasks.get(i));","lastModifiedDate":"2022-08-17"},{"lineNumber":168,"author":{"gitId":"lizekai-richard"},"content":"            }","lastModifiedDate":"2022-08-17"},{"lineNumber":169,"author":{"gitId":"lizekai-richard"},"content":"            System.out.println(splitLine);","lastModifiedDate":"2022-08-17"},{"lineNumber":170,"author":{"gitId":"lizekai-richard"},"content":"        } else if (isMark) {","lastModifiedDate":"2022-08-17"},{"lineNumber":171,"author":{"gitId":"lizekai-richard"},"content":"            System.out.println(splitLine);","lastModifiedDate":"2022-08-17"},{"lineNumber":172,"author":{"gitId":"lizekai-richard"},"content":"            System.out.println(\"Successfully marked! You can see it in your task list as follows:\");","lastModifiedDate":"2022-08-17"},{"lineNumber":173,"author":{"gitId":"lizekai-richard"},"content":"            System.out.println(info);","lastModifiedDate":"2022-08-17"},{"lineNumber":174,"author":{"gitId":"lizekai-richard"},"content":"            System.out.println(splitLine);","lastModifiedDate":"2022-08-17"},{"lineNumber":175,"author":{"gitId":"lizekai-richard"},"content":"        } else if (isUnmark) {","lastModifiedDate":"2022-08-17"},{"lineNumber":176,"author":{"gitId":"lizekai-richard"},"content":"            System.out.println(splitLine);","lastModifiedDate":"2022-08-17"},{"lineNumber":177,"author":{"gitId":"lizekai-richard"},"content":"            System.out.println( \"Successfully unmarked! You can see it in your task list as follows:\");","lastModifiedDate":"2022-08-17"},{"lineNumber":178,"author":{"gitId":"lizekai-richard"},"content":"            System.out.println(info);","lastModifiedDate":"2022-08-17"},{"lineNumber":179,"author":{"gitId":"lizekai-richard"},"content":"            System.out.println(splitLine);","lastModifiedDate":"2022-08-17"},{"lineNumber":180,"author":{"gitId":"lizekai-richard"},"content":"        } else if (isDelete) {","lastModifiedDate":"2022-08-17"},{"lineNumber":181,"author":{"gitId":"lizekai-richard"},"content":"            System.out.println(splitLine);","lastModifiedDate":"2022-08-17"},{"lineNumber":182,"author":{"gitId":"lizekai-richard"},"content":"            System.out.println(\"Successfully deleted! You can use list command to check your tasks.\");","lastModifiedDate":"2022-08-17"},{"lineNumber":183,"author":{"gitId":"lizekai-richard"},"content":"            System.out.println(splitLine);","lastModifiedDate":"2022-08-17"},{"lineNumber":184,"author":{"gitId":"lizekai-richard"},"content":"        } else {","lastModifiedDate":"2022-08-17"},{"lineNumber":185,"author":{"gitId":"lizekai-richard"},"content":"            System.out.println(splitLine);","lastModifiedDate":"2022-08-17"},{"lineNumber":186,"author":{"gitId":"lizekai-richard"},"content":"            System.out.println(\"Successfully added! You can see it in your task list as follows:\");","lastModifiedDate":"2022-08-17"},{"lineNumber":187,"author":{"gitId":"lizekai-richard"},"content":"            System.out.println(info);","lastModifiedDate":"2022-08-17"},{"lineNumber":188,"author":{"gitId":"lizekai-richard"},"content":"            System.out.println(splitLine);","lastModifiedDate":"2022-08-17"},{"lineNumber":189,"author":{"gitId":"lizekai-richard"},"content":"        }","lastModifiedDate":"2022-08-17"},{"lineNumber":190,"author":{"gitId":"lizekai-richard"},"content":"    }","lastModifiedDate":"2022-08-17"},{"lineNumber":191,"author":{"gitId":"lizekai-richard"},"content":"","lastModifiedDate":"2022-08-17"},{"lineNumber":192,"author":{"gitId":"lizekai-richard"},"content":"    public void showSplitLine() {","lastModifiedDate":"2022-08-17"},{"lineNumber":193,"author":{"gitId":"lizekai-richard"},"content":"        System.out.println(splitLine);","lastModifiedDate":"2022-08-17"},{"lineNumber":194,"author":{"gitId":"lizekai-richard"},"content":"    }","lastModifiedDate":"2022-08-17"},{"lineNumber":195,"author":{"gitId":"lizekai-richard"},"content":"","lastModifiedDate":"2022-08-17"},{"lineNumber":196,"author":{"gitId":"lizekai-richard"},"content":"    /**","lastModifiedDate":"2022-08-17"},{"lineNumber":197,"author":{"gitId":"lizekai-richard"},"content":"     * Display the command list.","lastModifiedDate":"2022-08-17"},{"lineNumber":198,"author":{"gitId":"lizekai-richard"},"content":"     */","lastModifiedDate":"2022-08-17"},{"lineNumber":199,"author":{"gitId":"lizekai-richard"},"content":"    public void showCommandList() {","lastModifiedDate":"2022-08-17"},{"lineNumber":200,"author":{"gitId":"lizekai-richard"},"content":"        System.out.println(\"Anything else? I\u0027m always here for you!\");","lastModifiedDate":"2022-08-17"},{"lineNumber":201,"author":{"gitId":"lizekai-richard"},"content":"        System.out.println(commandList);","lastModifiedDate":"2022-08-17"},{"lineNumber":202,"author":{"gitId":"lizekai-richard"},"content":"        System.out.println(splitLine);","lastModifiedDate":"2022-08-17"},{"lineNumber":203,"author":{"gitId":"lizekai-richard"},"content":"    }","lastModifiedDate":"2022-08-17"},{"lineNumber":204,"author":{"gitId":"lizekai-richard"},"content":"}","lastModifiedDate":"2022-08-17"}],"authorContributionMap":{"lizekai-richard":204}},{"path":"src/main/java/Deadline.java","fileType":"java","lines":[{"lineNumber":1,"author":{"gitId":"lizekai-richard"},"content":"/**","lastModifiedDate":"2022-08-17"},{"lineNumber":2,"author":{"gitId":"lizekai-richard"},"content":" * This class Deadline tasks","lastModifiedDate":"2022-08-17"},{"lineNumber":3,"author":{"gitId":"lizekai-richard"},"content":" */","lastModifiedDate":"2022-08-17"},{"lineNumber":4,"author":{"gitId":"lizekai-richard"},"content":"public class Deadline extends Task{","lastModifiedDate":"2022-08-17"},{"lineNumber":5,"author":{"gitId":"lizekai-richard"},"content":"    private final String ddlTime;","lastModifiedDate":"2022-08-17"},{"lineNumber":6,"author":{"gitId":"lizekai-richard"},"content":"","lastModifiedDate":"2022-08-17"},{"lineNumber":7,"author":{"gitId":"lizekai-richard"},"content":"    /**","lastModifiedDate":"2022-08-17"},{"lineNumber":8,"author":{"gitId":"lizekai-richard"},"content":"     * Constructor for Deadline class","lastModifiedDate":"2022-08-17"},{"lineNumber":9,"author":{"gitId":"lizekai-richard"},"content":"     * @param taskDescription the content of the task","lastModifiedDate":"2022-08-17"},{"lineNumber":10,"author":{"gitId":"lizekai-richard"},"content":"     * @param ddlTime the deadline time","lastModifiedDate":"2022-08-17"},{"lineNumber":11,"author":{"gitId":"lizekai-richard"},"content":"     */","lastModifiedDate":"2022-08-17"},{"lineNumber":12,"author":{"gitId":"lizekai-richard"},"content":"    public Deadline(String taskDescription, String ddlTime) {","lastModifiedDate":"2022-08-17"},{"lineNumber":13,"author":{"gitId":"lizekai-richard"},"content":"        super(taskDescription);","lastModifiedDate":"2022-08-17"},{"lineNumber":14,"author":{"gitId":"lizekai-richard"},"content":"        this.ddlTime \u003d ddlTime;","lastModifiedDate":"2022-08-17"},{"lineNumber":15,"author":{"gitId":"lizekai-richard"},"content":"    }","lastModifiedDate":"2022-08-17"},{"lineNumber":16,"author":{"gitId":"lizekai-richard"},"content":"","lastModifiedDate":"2022-08-17"},{"lineNumber":17,"author":{"gitId":"lizekai-richard"},"content":"    @Override","lastModifiedDate":"2022-08-17"},{"lineNumber":18,"author":{"gitId":"lizekai-richard"},"content":"    public String toString() {","lastModifiedDate":"2022-08-17"},{"lineNumber":19,"author":{"gitId":"lizekai-richard"},"content":"        return \"[D]\" + super.toString() + \" \" + \"(by: \" + this.ddlTime + \")\";","lastModifiedDate":"2022-08-17"},{"lineNumber":20,"author":{"gitId":"lizekai-richard"},"content":"    }","lastModifiedDate":"2022-08-17"},{"lineNumber":21,"author":{"gitId":"lizekai-richard"},"content":"","lastModifiedDate":"2022-08-17"},{"lineNumber":22,"author":{"gitId":"lizekai-richard"},"content":"}","lastModifiedDate":"2022-08-17"}],"authorContributionMap":{"lizekai-richard":22}},{"path":"src/main/java/Duke.java","fileType":"java","lines":[{"lineNumber":1,"author":{"gitId":"-"},"content":"public class Duke {","lastModifiedDate":"2019-07-29"},{"lineNumber":2,"author":{"gitId":"-"},"content":"    public static void main(String[] args) {","lastModifiedDate":"2019-07-29"},{"lineNumber":3,"author":{"gitId":"-"},"content":"        String logo \u003d \" ____        _        \\n\"","lastModifiedDate":"2019-07-29"},{"lineNumber":4,"author":{"gitId":"-"},"content":"                + \"|  _ \\\\ _   _| | _____ \\n\"","lastModifiedDate":"2019-07-29"},{"lineNumber":5,"author":{"gitId":"-"},"content":"                + \"| | | | | | | |/ / _ \\\\\\n\"","lastModifiedDate":"2019-07-29"},{"lineNumber":6,"author":{"gitId":"-"},"content":"                + \"| |_| | |_| |   \u003c  __/\\n\"","lastModifiedDate":"2019-07-29"},{"lineNumber":7,"author":{"gitId":"-"},"content":"                + \"|____/ \\\\__,_|_|\\\\_\\\\___|\\n\";","lastModifiedDate":"2019-07-29"},{"lineNumber":8,"author":{"gitId":"-"},"content":"        System.out.println(\"Hello from\\n\" + logo);","lastModifiedDate":"2019-07-29"},{"lineNumber":9,"author":{"gitId":"lizekai-richard"},"content":"","lastModifiedDate":"2022-08-17"},{"lineNumber":10,"author":{"gitId":"lizekai-richard"},"content":"        ChatBot chatBot \u003d new ChatBot();","lastModifiedDate":"2022-08-17"},{"lineNumber":11,"author":{"gitId":"lizekai-richard"},"content":"        chatBot.launch();","lastModifiedDate":"2022-08-17"},{"lineNumber":12,"author":{"gitId":"-"},"content":"    }","lastModifiedDate":"2019-07-29"},{"lineNumber":13,"author":{"gitId":"-"},"content":"}","lastModifiedDate":"2019-07-29"}],"authorContributionMap":{"lizekai-richard":3,"-":10}},{"path":"src/main/java/DukeExceptions.java","fileType":"java","lines":[{"lineNumber":1,"author":{"gitId":"lizekai-richard"},"content":"public class DukeExceptions extends Exception{","lastModifiedDate":"2022-08-17"},{"lineNumber":2,"author":{"gitId":"lizekai-richard"},"content":"    public DukeExceptions(String msg) {","lastModifiedDate":"2022-08-17"},{"lineNumber":3,"author":{"gitId":"lizekai-richard"},"content":"        super(msg);","lastModifiedDate":"2022-08-17"},{"lineNumber":4,"author":{"gitId":"lizekai-richard"},"content":"    }","lastModifiedDate":"2022-08-17"},{"lineNumber":5,"author":{"gitId":"lizekai-richard"},"content":"}","lastModifiedDate":"2022-08-17"}],"authorContributionMap":{"lizekai-richard":5}},{"path":"src/main/java/EmptyContentException.java","fileType":"java","lines":[{"lineNumber":1,"author":{"gitId":"lizekai-richard"},"content":"public class EmptyContentException extends DukeExceptions {","lastModifiedDate":"2022-08-17"},{"lineNumber":2,"author":{"gitId":"lizekai-richard"},"content":"    public EmptyContentException(String msg) {","lastModifiedDate":"2022-08-17"},{"lineNumber":3,"author":{"gitId":"lizekai-richard"},"content":"        super(msg);","lastModifiedDate":"2022-08-17"},{"lineNumber":4,"author":{"gitId":"lizekai-richard"},"content":"    }","lastModifiedDate":"2022-08-17"},{"lineNumber":5,"author":{"gitId":"lizekai-richard"},"content":"}","lastModifiedDate":"2022-08-17"}],"authorContributionMap":{"lizekai-richard":5}},{"path":"src/main/java/Event.java","fileType":"java","lines":[{"lineNumber":1,"author":{"gitId":"lizekai-richard"},"content":"/**","lastModifiedDate":"2022-08-17"},{"lineNumber":2,"author":{"gitId":"lizekai-richard"},"content":" * This class encapsulates Event tasks","lastModifiedDate":"2022-08-17"},{"lineNumber":3,"author":{"gitId":"lizekai-richard"},"content":" */","lastModifiedDate":"2022-08-17"},{"lineNumber":4,"author":{"gitId":"lizekai-richard"},"content":"public class Event extends Task {","lastModifiedDate":"2022-08-17"},{"lineNumber":5,"author":{"gitId":"lizekai-richard"},"content":"    private final String eventTime;","lastModifiedDate":"2022-08-17"},{"lineNumber":6,"author":{"gitId":"lizekai-richard"},"content":"","lastModifiedDate":"2022-08-17"},{"lineNumber":7,"author":{"gitId":"lizekai-richard"},"content":"    /**","lastModifiedDate":"2022-08-17"},{"lineNumber":8,"author":{"gitId":"lizekai-richard"},"content":"     * Constructor for Event class","lastModifiedDate":"2022-08-17"},{"lineNumber":9,"author":{"gitId":"lizekai-richard"},"content":"     * @param taskDescription the content of the task","lastModifiedDate":"2022-08-17"},{"lineNumber":10,"author":{"gitId":"lizekai-richard"},"content":"     * @param eventTime the time for the event","lastModifiedDate":"2022-08-17"},{"lineNumber":11,"author":{"gitId":"lizekai-richard"},"content":"     */","lastModifiedDate":"2022-08-17"},{"lineNumber":12,"author":{"gitId":"lizekai-richard"},"content":"    public Event(String taskDescription, String eventTime) {","lastModifiedDate":"2022-08-17"},{"lineNumber":13,"author":{"gitId":"lizekai-richard"},"content":"        super(taskDescription);","lastModifiedDate":"2022-08-17"},{"lineNumber":14,"author":{"gitId":"lizekai-richard"},"content":"        this.eventTime \u003d eventTime;","lastModifiedDate":"2022-08-17"},{"lineNumber":15,"author":{"gitId":"lizekai-richard"},"content":"    }","lastModifiedDate":"2022-08-17"},{"lineNumber":16,"author":{"gitId":"lizekai-richard"},"content":"","lastModifiedDate":"2022-08-17"},{"lineNumber":17,"author":{"gitId":"lizekai-richard"},"content":"    @Override","lastModifiedDate":"2022-08-17"},{"lineNumber":18,"author":{"gitId":"lizekai-richard"},"content":"    public String toString() {","lastModifiedDate":"2022-08-17"},{"lineNumber":19,"author":{"gitId":"lizekai-richard"},"content":"        return \"[E]\" + super.toString() + \" \" + \"(at: \" + eventTime + \")\";","lastModifiedDate":"2022-08-17"},{"lineNumber":20,"author":{"gitId":"lizekai-richard"},"content":"    }","lastModifiedDate":"2022-08-17"},{"lineNumber":21,"author":{"gitId":"lizekai-richard"},"content":"}","lastModifiedDate":"2022-08-17"}],"authorContributionMap":{"lizekai-richard":21}},{"path":"src/main/java/InvalidCommandException.java","fileType":"java","lines":[{"lineNumber":1,"author":{"gitId":"lizekai-richard"},"content":"public class InvalidCommandException extends DukeExceptions {","lastModifiedDate":"2022-08-17"},{"lineNumber":2,"author":{"gitId":"lizekai-richard"},"content":"","lastModifiedDate":"2022-08-17"},{"lineNumber":3,"author":{"gitId":"lizekai-richard"},"content":"    public InvalidCommandException(String msg) {","lastModifiedDate":"2022-08-17"},{"lineNumber":4,"author":{"gitId":"lizekai-richard"},"content":"        super(msg);","lastModifiedDate":"2022-08-17"},{"lineNumber":5,"author":{"gitId":"lizekai-richard"},"content":"    }","lastModifiedDate":"2022-08-17"},{"lineNumber":6,"author":{"gitId":"lizekai-richard"},"content":"}","lastModifiedDate":"2022-08-17"}],"authorContributionMap":{"lizekai-richard":6}},{"path":"src/main/java/InvalidTimeException.java","fileType":"java","lines":[{"lineNumber":1,"author":{"gitId":"lizekai-richard"},"content":"public class InvalidTimeException extends DukeExceptions {","lastModifiedDate":"2022-08-17"},{"lineNumber":2,"author":{"gitId":"lizekai-richard"},"content":"","lastModifiedDate":"2022-08-17"},{"lineNumber":3,"author":{"gitId":"lizekai-richard"},"content":"    public InvalidTimeException(String msg) {","lastModifiedDate":"2022-08-17"},{"lineNumber":4,"author":{"gitId":"lizekai-richard"},"content":"        super(msg);","lastModifiedDate":"2022-08-17"},{"lineNumber":5,"author":{"gitId":"lizekai-richard"},"content":"    }","lastModifiedDate":"2022-08-17"},{"lineNumber":6,"author":{"gitId":"lizekai-richard"},"content":"}","lastModifiedDate":"2022-08-17"}],"authorContributionMap":{"lizekai-richard":6}},{"path":"src/main/java/NoSuchTaskException.java","fileType":"java","lines":[{"lineNumber":1,"author":{"gitId":"lizekai-richard"},"content":"public class NoSuchTaskException extends DukeExceptions {","lastModifiedDate":"2022-08-17"},{"lineNumber":2,"author":{"gitId":"lizekai-richard"},"content":"","lastModifiedDate":"2022-08-17"},{"lineNumber":3,"author":{"gitId":"lizekai-richard"},"content":"    public NoSuchTaskException(String msg) {","lastModifiedDate":"2022-08-17"},{"lineNumber":4,"author":{"gitId":"lizekai-richard"},"content":"        super(msg);","lastModifiedDate":"2022-08-17"},{"lineNumber":5,"author":{"gitId":"lizekai-richard"},"content":"    }","lastModifiedDate":"2022-08-17"},{"lineNumber":6,"author":{"gitId":"lizekai-richard"},"content":"}","lastModifiedDate":"2022-08-17"}],"authorContributionMap":{"lizekai-richard":6}},{"path":"src/main/java/Task.java","fileType":"java","lines":[{"lineNumber":1,"author":{"gitId":"lizekai-richard"},"content":"/**","lastModifiedDate":"2022-08-17"},{"lineNumber":2,"author":{"gitId":"lizekai-richard"},"content":" * This class encapsulate the behavior of a task","lastModifiedDate":"2022-08-17"},{"lineNumber":3,"author":{"gitId":"lizekai-richard"},"content":" */","lastModifiedDate":"2022-08-17"},{"lineNumber":4,"author":{"gitId":"lizekai-richard"},"content":"public class Task {","lastModifiedDate":"2022-08-17"},{"lineNumber":5,"author":{"gitId":"lizekai-richard"},"content":"    private final String taskDescription;","lastModifiedDate":"2022-08-17"},{"lineNumber":6,"author":{"gitId":"lizekai-richard"},"content":"    private boolean taskStatus;","lastModifiedDate":"2022-08-17"},{"lineNumber":7,"author":{"gitId":"lizekai-richard"},"content":"","lastModifiedDate":"2022-08-17"},{"lineNumber":8,"author":{"gitId":"lizekai-richard"},"content":"    /**","lastModifiedDate":"2022-08-17"},{"lineNumber":9,"author":{"gitId":"lizekai-richard"},"content":"     * Constructor for Task class","lastModifiedDate":"2022-08-17"},{"lineNumber":10,"author":{"gitId":"lizekai-richard"},"content":"     * @param taskDescription the content of the task","lastModifiedDate":"2022-08-17"},{"lineNumber":11,"author":{"gitId":"lizekai-richard"},"content":"     */","lastModifiedDate":"2022-08-17"},{"lineNumber":12,"author":{"gitId":"lizekai-richard"},"content":"    public Task(String taskDescription) {","lastModifiedDate":"2022-08-17"},{"lineNumber":13,"author":{"gitId":"lizekai-richard"},"content":"        this.taskDescription \u003d taskDescription;","lastModifiedDate":"2022-08-17"},{"lineNumber":14,"author":{"gitId":"lizekai-richard"},"content":"        this.taskStatus \u003d false;","lastModifiedDate":"2022-08-17"},{"lineNumber":15,"author":{"gitId":"lizekai-richard"},"content":"    }","lastModifiedDate":"2022-08-17"},{"lineNumber":16,"author":{"gitId":"lizekai-richard"},"content":"","lastModifiedDate":"2022-08-17"},{"lineNumber":17,"author":{"gitId":"lizekai-richard"},"content":"    /**","lastModifiedDate":"2022-08-17"},{"lineNumber":18,"author":{"gitId":"lizekai-richard"},"content":"     * Change the status of a task","lastModifiedDate":"2022-08-17"},{"lineNumber":19,"author":{"gitId":"lizekai-richard"},"content":"     */","lastModifiedDate":"2022-08-17"},{"lineNumber":20,"author":{"gitId":"lizekai-richard"},"content":"    public void changeStatus(boolean newStatus) {","lastModifiedDate":"2022-08-17"},{"lineNumber":21,"author":{"gitId":"lizekai-richard"},"content":"        this.taskStatus \u003d newStatus;","lastModifiedDate":"2022-08-17"},{"lineNumber":22,"author":{"gitId":"lizekai-richard"},"content":"    }","lastModifiedDate":"2022-08-17"},{"lineNumber":23,"author":{"gitId":"lizekai-richard"},"content":"","lastModifiedDate":"2022-08-17"},{"lineNumber":24,"author":{"gitId":"lizekai-richard"},"content":"    @Override","lastModifiedDate":"2022-08-17"},{"lineNumber":25,"author":{"gitId":"lizekai-richard"},"content":"    public String toString() {","lastModifiedDate":"2022-08-17"},{"lineNumber":26,"author":{"gitId":"lizekai-richard"},"content":"        if (taskStatus) {","lastModifiedDate":"2022-08-17"},{"lineNumber":27,"author":{"gitId":"lizekai-richard"},"content":"            return \"[X] \" + taskDescription;","lastModifiedDate":"2022-08-17"},{"lineNumber":28,"author":{"gitId":"lizekai-richard"},"content":"        } else {","lastModifiedDate":"2022-08-17"},{"lineNumber":29,"author":{"gitId":"lizekai-richard"},"content":"            return \"[] \" + taskDescription;","lastModifiedDate":"2022-08-17"},{"lineNumber":30,"author":{"gitId":"lizekai-richard"},"content":"        }","lastModifiedDate":"2022-08-17"},{"lineNumber":31,"author":{"gitId":"lizekai-richard"},"content":"    }","lastModifiedDate":"2022-08-17"},{"lineNumber":32,"author":{"gitId":"lizekai-richard"},"content":"}","lastModifiedDate":"2022-08-17"}],"authorContributionMap":{"lizekai-richard":32}},{"path":"src/main/java/ToDo.java","fileType":"java","lines":[{"lineNumber":1,"author":{"gitId":"lizekai-richard"},"content":"/**","lastModifiedDate":"2022-08-17"},{"lineNumber":2,"author":{"gitId":"lizekai-richard"},"content":" * This class encapsulates ToDo tasks","lastModifiedDate":"2022-08-17"},{"lineNumber":3,"author":{"gitId":"lizekai-richard"},"content":" */","lastModifiedDate":"2022-08-17"},{"lineNumber":4,"author":{"gitId":"lizekai-richard"},"content":"public class ToDo extends Task {","lastModifiedDate":"2022-08-17"},{"lineNumber":5,"author":{"gitId":"lizekai-richard"},"content":"","lastModifiedDate":"2022-08-17"},{"lineNumber":6,"author":{"gitId":"lizekai-richard"},"content":"    /**","lastModifiedDate":"2022-08-17"},{"lineNumber":7,"author":{"gitId":"lizekai-richard"},"content":"     * Constructor for the ToDo class","lastModifiedDate":"2022-08-17"},{"lineNumber":8,"author":{"gitId":"lizekai-richard"},"content":"     * @param taskDescription the content of the task","lastModifiedDate":"2022-08-17"},{"lineNumber":9,"author":{"gitId":"lizekai-richard"},"content":"     */","lastModifiedDate":"2022-08-17"},{"lineNumber":10,"author":{"gitId":"lizekai-richard"},"content":"    public ToDo(String taskDescription) {","lastModifiedDate":"2022-08-17"},{"lineNumber":11,"author":{"gitId":"lizekai-richard"},"content":"        super(taskDescription);","lastModifiedDate":"2022-08-17"},{"lineNumber":12,"author":{"gitId":"lizekai-richard"},"content":"    }","lastModifiedDate":"2022-08-17"},{"lineNumber":13,"author":{"gitId":"lizekai-richard"},"content":"","lastModifiedDate":"2022-08-17"},{"lineNumber":14,"author":{"gitId":"lizekai-richard"},"content":"    @Override","lastModifiedDate":"2022-08-17"},{"lineNumber":15,"author":{"gitId":"lizekai-richard"},"content":"    public String toString() {","lastModifiedDate":"2022-08-17"},{"lineNumber":16,"author":{"gitId":"lizekai-richard"},"content":"        return \"[T]\" + super.toString();","lastModifiedDate":"2022-08-17"},{"lineNumber":17,"author":{"gitId":"lizekai-richard"},"content":"    }","lastModifiedDate":"2022-08-17"},{"lineNumber":18,"author":{"gitId":"lizekai-richard"},"content":"}","lastModifiedDate":"2022-08-17"}],"authorContributionMap":{"lizekai-richard":18}},{"path":"text-ui-test/input.txt","fileType":"txt","lines":[{"lineNumber":1,"author":{"gitId":"lizekai-richard"},"content":"1","lastModifiedDate":"2022-08-17"},{"lineNumber":2,"author":{"gitId":"lizekai-richard"},"content":"CS2109S","lastModifiedDate":"2022-08-17"},{"lineNumber":3,"author":{"gitId":"lizekai-richard"},"content":"2","lastModifiedDate":"2022-08-17"},{"lineNumber":4,"author":{"gitId":"lizekai-richard"},"content":"CS2309S","lastModifiedDate":"2022-08-17"},{"lineNumber":5,"author":{"gitId":"lizekai-richard"},"content":"18/09/2022 20:00:00","lastModifiedDate":"2022-08-17"},{"lineNumber":6,"author":{"gitId":"lizekai-richard"},"content":"3","lastModifiedDate":"2022-08-17"},{"lineNumber":7,"author":{"gitId":"lizekai-richard"},"content":"CS2109S","lastModifiedDate":"2022-08-17"},{"lineNumber":8,"author":{"gitId":"lizekai-richard"},"content":"20/08/2022 23:59:00","lastModifiedDate":"2022-08-17"},{"lineNumber":9,"author":{"gitId":"lizekai-richard"},"content":"4","lastModifiedDate":"2022-08-17"},{"lineNumber":10,"author":{"gitId":"lizekai-richard"},"content":"5","lastModifiedDate":"2022-08-17"},{"lineNumber":11,"author":{"gitId":"lizekai-richard"},"content":"1","lastModifiedDate":"2022-08-17"},{"lineNumber":12,"author":{"gitId":"lizekai-richard"},"content":"6","lastModifiedDate":"2022-08-17"},{"lineNumber":13,"author":{"gitId":"lizekai-richard"},"content":"1","lastModifiedDate":"2022-08-17"},{"lineNumber":14,"author":{"gitId":"lizekai-richard"},"content":"1","lastModifiedDate":"2022-08-17"},{"lineNumber":15,"author":{"gitId":"lizekai-richard"},"content":"MA2108","lastModifiedDate":"2022-08-17"},{"lineNumber":16,"author":{"gitId":"lizekai-richard"},"content":"4","lastModifiedDate":"2022-08-17"},{"lineNumber":17,"author":{"gitId":"lizekai-richard"},"content":"5","lastModifiedDate":"2022-08-17"},{"lineNumber":18,"author":{"gitId":"lizekai-richard"},"content":"2","lastModifiedDate":"2022-08-17"},{"lineNumber":19,"author":{"gitId":"lizekai-richard"},"content":"5","lastModifiedDate":"2022-08-17"},{"lineNumber":20,"author":{"gitId":"lizekai-richard"},"content":"3","lastModifiedDate":"2022-08-17"},{"lineNumber":21,"author":{"gitId":"lizekai-richard"},"content":"6","lastModifiedDate":"2022-08-17"},{"lineNumber":22,"author":{"gitId":"lizekai-richard"},"content":"1","lastModifiedDate":"2022-08-17"},{"lineNumber":23,"author":{"gitId":"lizekai-richard"},"content":"4","lastModifiedDate":"2022-08-17"},{"lineNumber":24,"author":{"gitId":"lizekai-richard"},"content":"7","lastModifiedDate":"2022-08-17"}],"authorContributionMap":{"lizekai-richard":24}}]
