{"authorDailyContributionsMap":{"sltsheryl":[{"date":"2022-08-16","commitResults":[{"hash":"5c7801a93a8f4cc81e8bbd88ed270d5528b9ff08","messageTitle":"Greet, Echo, Exit","messageBody":"","tags":["Level-1"],"fileTypesAndContributionMap":{"java":{"insertions":19,"deletions":7}}},{"hash":"babc4394734da8657ca83faa9c4f2178fee72733","messageTitle":"Change name","messageBody":"","fileTypesAndContributionMap":{"java":{"insertions":18,"deletions":22}}},{"hash":"df6467a574c727eb772900fd43a17eb926e804c5","messageTitle":"Add Level","messageBody":"","tags":["Level-2"],"fileTypesAndContributionMap":{"java":{"insertions":11,"deletions":2}}},{"hash":"b14a18cf65e4029ea971673e49c846c01c965dca","messageTitle":"Add mark as done","messageBody":"","tags":["Level-3"],"fileTypesAndContributionMap":{"java":{"insertions":57,"deletions":8}}},{"hash":"4ae53b752e5bd2a671d470e4518222ed15f38a6d","messageTitle":"Todo, event, deadline","messageBody":"","tags":["Level-4"],"fileTypesAndContributionMap":{"java":{"insertions":93,"deletions":13}}}]},{"date":"2022-08-17","commitResults":[{"hash":"d515fcc27ec286db90af3b8f8eab0c7fe3b106db","messageTitle":"Add methods","messageBody":"","fileTypesAndContributionMap":{"txt":{"insertions":2,"deletions":0},"java":{"insertions":63,"deletions":35},"sh":{"insertions":2,"deletions":2}}},{"hash":"323c358a32cf0da8b311d2715e14cafe83286599","messageTitle":"A-TextUiTesting","messageBody":"","tags":["A-TextUiTesting"],"fileTypesAndContributionMap":{"txt":{"insertions":10,"deletions":2},"java":{"insertions":14,"deletions":20}}},{"hash":"90a5ef52cd66158bd96285ae67077874b9a920a4","messageTitle":"Add one more test case","messageBody":"","fileTypesAndContributionMap":{"txt":{"insertions":1,"deletions":0},"java":{"insertions":1,"deletions":1}}},{"hash":"13f7d0713a9f5e2ad9022e223d8ac8a3b31b6954","messageTitle":"Update letter casing","messageBody":"","fileTypesAndContributionMap":{"java":{"insertions":20,"deletions":15}}},{"hash":"681f62788d67111d008c4dd0c8896d1c4b139b63","messageTitle":"Handle Exceptions","messageBody":"","tags":["Level-5"],"fileTypesAndContributionMap":{"java":{"insertions":108,"deletions":51}}},{"hash":"01f04cea77ee61c39297ddf725a2271a98b978a0","messageTitle":"Delete","messageBody":"","tags":["Level-6"],"fileTypesAndContributionMap":{"java":{"insertions":45,"deletions":7}}},{"hash":"6bf86ebb1fa2f3ee35717ac55c2e8ddfa32a1986","messageTitle":"Add Javadocs","messageBody":"","fileTypesAndContributionMap":{"txt":{"insertions":7,"deletions":8},"java":{"insertions":184,"deletions":21}}}]},{"date":"2022-08-19","commitResults":[{"hash":"f260085739bfcdf4b585ebc8e1f559f6d942f183","messageTitle":"Add Enum","messageBody":"","tags":["A-Enums"],"fileTypesAndContributionMap":{"java":{"insertions":60,"deletions":34}}}]},{"date":"2022-08-20","commitResults":[{"hash":"e172ed3bae81e7ce75ed94b6d81237602f89583d","messageTitle":"Correct switch indentation","messageBody":"","fileTypesAndContributionMap":{"java":{"insertions":24,"deletions":24}}}]}]},"authorFileTypeContributionMap":{"sltsheryl":{"java":467,"md":0,"fxml":0,"sh":1,"bat":0,"gradle":0,"txt":10}},"authorContributionVariance":{"sltsheryl":38136.89},"authorDisplayNameMap":{"sltsheryl":"SHER.. TAN"}}
