{"authorDailyContributionsMap":{"sltsheryl":[{"date":"2022-08-16","commitResults":[{"hash":"5c7801a93a8f4cc81e8bbd88ed270d5528b9ff08","messageTitle":"Greet, Echo, Exit","messageBody":"","tags":["Level-1"],"fileTypesAndContributionMap":{"java":{"insertions":19,"deletions":7}}},{"hash":"babc4394734da8657ca83faa9c4f2178fee72733","messageTitle":"Change name","messageBody":"","tags":["A-Personality"],"fileTypesAndContributionMap":{"java":{"insertions":18,"deletions":22}}},{"hash":"df6467a574c727eb772900fd43a17eb926e804c5","messageTitle":"Add Level","messageBody":"","tags":["Level-2"],"fileTypesAndContributionMap":{"java":{"insertions":11,"deletions":2}}},{"hash":"b14a18cf65e4029ea971673e49c846c01c965dca","messageTitle":"Add mark as done","messageBody":"","tags":["Level-3","A-Collections"],"fileTypesAndContributionMap":{"java":{"insertions":57,"deletions":8}}},{"hash":"4ae53b752e5bd2a671d470e4518222ed15f38a6d","messageTitle":"Todo, event, deadline","messageBody":"","tags":["Level-4","A-Inheritance","A-Classes","A-AbstractClasses"],"fileTypesAndContributionMap":{"java":{"insertions":93,"deletions":13}}}]},{"date":"2022-08-17","commitResults":[{"hash":"d515fcc27ec286db90af3b8f8eab0c7fe3b106db","messageTitle":"Add methods","messageBody":"","fileTypesAndContributionMap":{"txt":{"insertions":2,"deletions":0},"java":{"insertions":63,"deletions":35},"sh":{"insertions":2,"deletions":2}}},{"hash":"323c358a32cf0da8b311d2715e14cafe83286599","messageTitle":"A-TextUiTesting","messageBody":"","tags":["A-TextUiTesting"],"fileTypesAndContributionMap":{"txt":{"insertions":10,"deletions":2},"java":{"insertions":14,"deletions":20}}},{"hash":"90a5ef52cd66158bd96285ae67077874b9a920a4","messageTitle":"Add one more test case","messageBody":"","fileTypesAndContributionMap":{"txt":{"insertions":1,"deletions":0},"java":{"insertions":1,"deletions":1}}},{"hash":"13f7d0713a9f5e2ad9022e223d8ac8a3b31b6954","messageTitle":"Update letter casing","messageBody":"","fileTypesAndContributionMap":{"java":{"insertions":20,"deletions":15}}},{"hash":"681f62788d67111d008c4dd0c8896d1c4b139b63","messageTitle":"Handle Exceptions","messageBody":"","tags":["Level-5","A-Exceptions"],"fileTypesAndContributionMap":{"java":{"insertions":108,"deletions":51}}},{"hash":"01f04cea77ee61c39297ddf725a2271a98b978a0","messageTitle":"Delete","messageBody":"","tags":["Level-6"],"fileTypesAndContributionMap":{"java":{"insertions":45,"deletions":7}}},{"hash":"6bf86ebb1fa2f3ee35717ac55c2e8ddfa32a1986","messageTitle":"Add Javadocs","messageBody":"","fileTypesAndContributionMap":{"txt":{"insertions":7,"deletions":8},"java":{"insertions":184,"deletions":21}}}]},{"date":"2022-08-19","commitResults":[{"hash":"f260085739bfcdf4b585ebc8e1f559f6d942f183","messageTitle":"Add Enum","messageBody":"","tags":["A-Enums"],"fileTypesAndContributionMap":{"java":{"insertions":60,"deletions":34}}}]},{"date":"2022-08-20","commitResults":[{"hash":"e172ed3bae81e7ce75ed94b6d81237602f89583d","messageTitle":"Correct switch indentation","messageBody":"","fileTypesAndContributionMap":{"java":{"insertions":24,"deletions":24}}}]},{"date":"2022-08-21","commitResults":[{"hash":"d5136fade299c3cef0d6a8d6f4080ae853ba72d1","messageTitle":"Add save feature \u0026 Modify access modifiers","messageBody":"","fileTypesAndContributionMap":{"java":{"insertions":171,"deletions":147}}},{"hash":"0a1797ae222db2380d55f1c5f9003ab817a90da0","messageTitle":"Change access modifiers","messageBody":"","fileTypesAndContributionMap":{"java":{"insertions":37,"deletions":102}}}]},{"date":"2022-08-22","commitResults":[{"hash":"c16ffc4690703424df4aae507febbf6480935f58","messageTitle":"Add Dates and Times","messageBody":"","fileTypesAndContributionMap":{"java":{"insertions":109,"deletions":71}}},{"hash":"dcc48eb47ff97ca0f8c82df71ecbdaf46360a136","messageTitle":"Remove data folder","messageBody":"","fileTypesAndContributionMap":{"txt":{"insertions":0,"deletions":3}}},{"hash":"889c3e95eae571eaf6b3fd31d066c349cc3a2bba","messageTitle":"Reformat packages and comments","messageBody":"","fileTypesAndContributionMap":{"java":{"insertions":6,"deletions":12}}}]},{"date":"2022-08-27","commitResults":[{"hash":"822842f04059708611924125ea67a3cd9e5dc803","messageTitle":"Add OOP Classes","messageBody":"","fileTypesAndContributionMap":{"java":{"insertions":292,"deletions":337}}},{"hash":"adc7c5b2d7e3ce2adb0150459e81abb9d945e39f","messageTitle":"Add new classes","messageBody":"","tags":["A-MoreOOP"],"fileTypesAndContributionMap":{"java":{"insertions":162,"deletions":0}}},{"hash":"8b8343d13157e62cc088fa5ab3af3dd121be632a","messageTitle":"Add packages","messageBody":"","tags":["A-Packages"],"fileTypesAndContributionMap":{"java":{"insertions":155,"deletions":57}}},{"hash":"91dcd39b662c719967826378d4a08895c5d2e579","messageTitle":"Add JUnit tests","messageBody":"","fileTypesAndContributionMap":{"txt":{"insertions":0,"deletions":0},"java":{"insertions":106,"deletions":0}}},{"hash":"71c99a41c37eece9a86b40f3abc2cfdb2dbc2d0c","messageTitle":"Edit unit test files","messageBody":"","tags":["A-JUnit","A-JAR"],"fileTypesAndContributionMap":{"txt":{"insertions":1,"deletions":0},"java":{"insertions":33,"deletions":33}}},{"hash":"ca8b15da948a7cd3ce41688ecde94747625eae4c","messageTitle":"Add gradle dependencies","messageBody":"","fileTypesAndContributionMap":{"gradle":{"insertions":16,"deletions":2}}},{"hash":"8cf742a194099ef9daed455c1f99c50aab0b8048","messageTitle":"Add Javadocs","messageBody":"","fileTypesAndContributionMap":{"java":{"insertions":386,"deletions":31}}},{"hash":"2c1f6ab5ad85d4ae40d1090bf8b3f4695bda7fe1","messageTitle":"Edit formatting to follow Coding Standard","messageBody":"","fileTypesAndContributionMap":{"txt":{"insertions":0,"deletions":0},"java":{"insertions":8,"deletions":4}}},{"hash":"395ac9ed5a4a396ef8b47c528cf85fb9e7133930","messageTitle":"Add Find command","messageBody":"","fileTypesAndContributionMap":{"txt":{"insertions":3,"deletions":0},"java":{"insertions":51,"deletions":0}}},{"hash":"a22cbb983beebf97d00f6592a98852dab4436e9d","messageTitle":"Minor edit to JavaDocs","messageBody":"","fileTypesAndContributionMap":{"java":{"insertions":1,"deletions":1}}},{"hash":"c59e78db8d78f7bd81c7a201f57723e4dc5d5736","messageTitle":"Add Javadocs for FindCommand","messageBody":"","fileTypesAndContributionMap":{"java":{"insertions":26,"deletions":1}}}]},{"date":"2022-08-31","commitResults":[{"hash":"d44882cea60b7e7c7e7686f61ead57f26b73b33a","messageTitle":"Modify to improve aligning to coding standard from peer feedback","messageBody":"","fileTypesAndContributionMap":{"java":{"insertions":50,"deletions":50}}},{"hash":"502bcab20a3b33df241f904e610fdb550cf32e7e","messageTitle":"Change based on Checkstyle","messageBody":"","tags":["A-CheckStyle"],"fileTypesAndContributionMap":{"gradle":{"insertions":5,"deletions":0},"java":{"insertions":88,"deletions":48}}}]},{"date":"2022-09-01","commitResults":[{"hash":"b1d519d3fa8044f0677f9f7ca2cb7c36e76c21bd","messageTitle":"Add JavaFX GUI","messageBody":"","tags":["Level-10"],"fileTypesAndContributionMap":{"txt":{"insertions":3,"deletions":3},"fxml":{"insertions":50,"deletions":0},"java":{"insertions":237,"deletions":71}}},{"hash":"97739cdcb5c4fa07cf848cc7368f7192a42f0a44","messageTitle":"Customise background and GUI style","messageBody":"","fileTypesAndContributionMap":{"txt":{"insertions":4,"deletions":0},"fxml":{"insertions":2,"deletions":2},"java":{"insertions":31,"deletions":19}}},{"hash":"fa361bcc4e4da0e7fc90b9e60d178359a04a8d17","messageTitle":"Edit GUI fonts","messageBody":"","fileTypesAndContributionMap":{"txt":{"insertions":2,"deletions":0},"fxml":{"insertions":5,"deletions":1}}},{"hash":"1649e686e9c13dcca431b42dcc2d58445903df6b","messageTitle":"Fix delete task bug","messageBody":"","fileTypesAndContributionMap":{"txt":{"insertions":0,"deletions":8},"fxml":{"insertions":1,"deletions":1},"java":{"insertions":10,"deletions":0}}},{"hash":"3425c10592364ac1279ecc93b471457e2d0752a2","messageTitle":"Amend JavaDocs","messageBody":"","fileTypesAndContributionMap":{"java":{"insertions":60,"deletions":27}}},{"hash":"38020a7538753baea4b81c81cc2315e16aa440cc","messageTitle":"Minor edit to GUI (position and padding)","messageBody":"","fileTypesAndContributionMap":{"txt":{"insertions":2,"deletions":1},"fxml":{"insertions":3,"deletions":3},"java":{"insertions":0,"deletions":1}}},{"hash":"ae4eba5a00df86616cdc80f944741add0a624ddb","messageTitle":"Add text bubbles","messageBody":"","fileTypesAndContributionMap":{"txt":{"insertions":3,"deletions":2},"fxml":{"insertions":14,"deletions":5},"java":{"insertions":12,"deletions":12}}},{"hash":"956f1195f85a7687a3d7187d1d631896e6df3c2f","messageTitle":"Fix wrap text issues","messageBody":"","fileTypesAndContributionMap":{"java":{"insertions":2,"deletions":2}}},{"hash":"6baaa1393981d60b6190f3743366ab754dd886c8","messageTitle":"Create overdue level 10 branch","messageBody":"","fileTypesAndContributionMap":{"txt":{"insertions":0,"deletions":3}}},{"hash":"61f579c398f34abc75395721f373ade693f16749","messageTitle":"Revert \"Create overdue level 10 branch\"","messageBody":"This reverts commit 6baaa1393981d60b6190f3743366ab754dd886c8.\n","fileTypesAndContributionMap":{"txt":{"insertions":3,"deletions":0}}},{"hash":"eeb7b5fc794c941516cc13319eae13c02dced42a","messageTitle":"Add message to GUI","messageBody":"","fileTypesAndContributionMap":{"java":{"insertions":1,"deletions":1}}}]},{"date":"2022-09-07","commitResults":[{"hash":"cd3d95eb540da7e2ef1e67e4e8af504114cd2981","messageTitle":"Modify wrap text","messageBody":"","fileTypesAndContributionMap":{"fxml":{"insertions":1,"deletions":1}}},{"hash":"d61b72648b27eb0fc723a07682fecef22142d63c","messageTitle":"Modify shadowJar class","messageBody":"","fileTypesAndContributionMap":{"gradle":{"insertions":1,"deletions":1}}},{"hash":"b1ddc5e399d108955678aac7bceb177c9896bded","messageTitle":"Add assertions","messageBody":"* Assertions are used to ensure several method arguments are non-null\n* Assertion is then enabled on Intellij\n","tags":["A-FullCommitMessage"],"fileTypesAndContributionMap":{"java":{"insertions":7,"deletions":1}}},{"hash":"a8d3c758ab7bc801b4ddcb3873f9b0acaaed4e7c","messageTitle":"Refactor to improve code quality Following aspects were adhered to: * Avoid magic numbers and strings - create static variables with easy-to-follow names * Rename resultant list to describe the output more clearly * Avoid long methods - introduce boolean variables for long checks","messageBody":"","fileTypesAndContributionMap":{"java":{"insertions":70,"deletions":55}}},{"hash":"76024f91a5f7db9317ab50b59c22729e6d56e8cb","messageTitle":"Add sort by date feature","messageBody":"","fileTypesAndContributionMap":{"txt":{"insertions":5,"deletions":1},"java":{"insertions":41,"deletions":8}}},{"hash":"77bd8a625cdefee464774e5325f1bc5884d61517","messageTitle":"Add JavaDocs","messageBody":"","fileTypesAndContributionMap":{"java":{"insertions":12,"deletions":0}}},{"hash":"6464a3eb0674b07d3ab5da30e53bde0121c44dff","messageTitle":"Fix ShowList bug Incorrectly added append(1)","messageBody":"","fileTypesAndContributionMap":{"txt":{"insertions":1,"deletions":2},"java":{"insertions":3,"deletions":3}}},{"hash":"94e8bb8ff3a5ac23c12864a6ff480ade86554392","messageTitle":"Add Help feature The Help feature displays all the available commands.","messageBody":"","fileTypesAndContributionMap":{"txt":{"insertions":0,"deletions":1},"fxml":{"insertions":12,"deletions":11},"java":{"insertions":46,"deletions":12}}},{"hash":"067f83032d0a1fba3e056e06d0e179d296c91a6b","messageTitle":"Add and tidy up JavaDocs","messageBody":"","fileTypesAndContributionMap":{"java":{"insertions":13,"deletions":4}}},{"hash":"20da6d77fad98957efff0844a99e2ab8df44b734","messageTitle":"Fix Set Up CI to correct directory","messageBody":"","fileTypesAndContributionMap":{"txt":{"insertions":0,"deletions":2}}},{"hash":"1672b9bd4e18fa7c30a5164cb9bc33eadfe06b5b","messageTitle":"Fix checkstyle","messageBody":"","fileTypesAndContributionMap":{"java":{"insertions":26,"deletions":9}}},{"hash":"529e4aa4f89d6decb6b5368029dad183be10b49f","messageTitle":"Fix checkstyle for test files","messageBody":"","fileTypesAndContributionMap":{"java":{"insertions":16,"deletions":13}}},{"hash":"f2f076e7d0628457d28b48ee22f4a2ccb66686a6","messageTitle":"Fix test cases bugs","messageBody":"","fileTypesAndContributionMap":{"java":{"insertions":10,"deletions":5}}},{"hash":"a296e377d2f9714fd0e50c11efa4a31d6c5bb7c2","messageTitle":"Add find command in HelpCommand","messageBody":"","fileTypesAndContributionMap":{"txt":{"insertions":1,"deletions":1},"java":{"insertions":40,"deletions":39}}}]},{"date":"2022-09-12","commitResults":[{"hash":"dea3f4959e1b3364f622ef48ee09fd1b6355bebf","messageTitle":"Refactor code to improve design * Handle argument checks in Parser * Handle exceptions more elegantly * Reduce repetition of code for printing of list * Rename exceptions more clearly","messageBody":"","tags":["A-MoreErrorHandling"],"fileTypesAndContributionMap":{"txt":{"insertions":2,"deletions":0},"java":{"insertions":308,"deletions":179}}},{"hash":"f3942cb823fa104ed7f6eed1f41bb471744af45a","messageTitle":"Fix unit test case","messageBody":"","fileTypesAndContributionMap":{"java":{"insertions":3,"deletions":3}}},{"hash":"d2fcf8c3cc67c010f87042e7b15a223a1b1639c3","messageTitle":"Fix logic for ExitCommand and HelpCommand","messageBody":"","fileTypesAndContributionMap":{"fxml":{"insertions":1,"deletions":1},"java":{"insertions":5,"deletions":2}}},{"hash":"87321b22258d1b8ab6ced9c905757c56c175d311","messageTitle":"Refactor to improve GUI * Resize profile picture * Edit shape of chat bubbles * Change dialogue boxes color","messageBody":"","tags":["A-BetterGui"],"fileTypesAndContributionMap":{"txt":{"insertions":5,"deletions":1},"fxml":{"insertions":35,"deletions":3},"java":{"insertions":7,"deletions":7}}},{"hash":"4ecb8784e4c2e70964357a73fed6198c7d783e1a","messageTitle":"Add Parser unit testing","messageBody":"","tags":["A-MoreTesting"],"fileTypesAndContributionMap":{"java":{"insertions":29,"deletions":1}}},{"hash":"27a46d91f2e45bda4b4a4f2da560ee469f4e113b","messageTitle":"Refactor retrieve arguments function for Parser Handle invalid inputs for Deadline, Event and Todo","messageBody":"","fileTypesAndContributionMap":{"txt":{"insertions":4,"deletions":7},"fxml":{"insertions":2,"deletions":2},"java":{"insertions":34,"deletions":21}}},{"hash":"117a4af9186606859abb2ddee217b52956003ffc","messageTitle":"Modify error message and corresponding unit test output","messageBody":"","fileTypesAndContributionMap":{"java":{"insertions":2,"deletions":1}}},{"hash":"341b955316db01eff3192412a0b17d2ab5e499d4","messageTitle":"Update README.md","messageBody":"","fileTypesAndContributionMap":{"md":{"insertions":16,"deletions":20}}},{"hash":"325e691645821634cf1c73bb9f2846495a4a6ce5","messageTitle":"Enlarge README.md font size","messageBody":"","fileTypesAndContributionMap":{"md":{"insertions":4,"deletions":4}}},{"hash":"77df055af57e9d88bd9ea68b98490ce671893363","messageTitle":"Create User Guide","messageBody":"","tags":["A-UserGuide"],"fileTypesAndContributionMap":{"md":{"insertions":67,"deletions":16}}},{"hash":"c151c1e6fc35a88827f2e720bee3b5d4bdae2d36","messageTitle":"Add pictures for better visuals","messageBody":"","fileTypesAndContributionMap":{"md":{"insertions":8,"deletions":0}}},{"hash":"6c1152ff2b48db815e33fb7e0f9fc519c376796c","messageTitle":"Fix table on Github Pages","messageBody":"","fileTypesAndContributionMap":{"md":{"insertions":2,"deletions":0}}},{"hash":"d8c6d7b7b4795d90c42a4abedff1c079779629d7","messageTitle":"Add User Guide links","messageBody":"","fileTypesAndContributionMap":{"md":{"insertions":6,"deletions":3}}},{"hash":"b5767b2304200f2290d00c7bb40ca14cbe088f27","messageTitle":"Fix creation of Jar file in build.gradle","messageBody":"","tags":["A-Release"],"fileTypesAndContributionMap":{"gradle":{"insertions":2,"deletions":2}}},{"hash":"21cc2df27edc39f62fbdbc4e46359343a9093292","messageTitle":"Add jar file","messageBody":"","fileTypesAndContributionMap":{"md":{"insertions":1,"deletions":1}}},{"hash":"5cef1873bfc749b7d98e6c1d653106c2e07535f9","messageTitle":"Update README.md","messageBody":"","fileTypesAndContributionMap":{"md":{"insertions":1,"deletions":1}}},{"hash":"c1271502e47fd10092baeda73b353ac1e5b5f719","messageTitle":"Update phrasing in README.md","messageBody":"","fileTypesAndContributionMap":{"md":{"insertions":1,"deletions":1}}},{"hash":"17dbf1ccbe0940f9196d8749b7d6d2d994687671","messageTitle":"Correct grammatical error in README.md","messageBody":"","fileTypesAndContributionMap":{"md":{"insertions":2,"deletions":2}}}]}]},"authorFileTypeContributionMap":{"sltsheryl":{"java":1882,"md":89,"fxml":96,"sh":1,"bat":0,"gradle":21,"txt":17}},"authorContributionVariance":{"sltsheryl":124857.1},"authorDisplayNameMap":{"sltsheryl":"CS2103T-T11-4 SHER.. TAN"}}
