{"authorDailyContributionsMap":{"cfyjoanna":[{"date":"2022-08-14","commitResults":[{"hash":"7506b730e4e13d1d7be5217db119bf7b5fe05a1a","messageTitle":"Level-1 increment","messageBody":"","fileTypesAndContributionMap":{"java":{"insertions":19,"deletions":6}}},{"hash":"6874da7770d44ea1571af90621ef4526e2190fe6","messageTitle":"Revert \"Level-1 increment\"","messageBody":"This reverts commit 7506b730e4e13d1d7be5217db119bf7b5fe05a1a.\n","fileTypesAndContributionMap":{"java":{"insertions":6,"deletions":19}}},{"hash":"8de6b5bf341c4f29b9b62242b42afa9ea0984b42","messageTitle":"Level-1 increment","messageBody":"","tags":["Level-1"],"fileTypesAndContributionMap":{"java":{"insertions":20,"deletions":7}}}]},{"date":"2022-08-15","commitResults":[{"hash":"59dc2ea443a93c54ff0d3c5c72ae4960df33b17d","messageTitle":"Level 2 increment","messageBody":"","tags":["Level-2"],"fileTypesAndContributionMap":{"java":{"insertions":17,"deletions":6}}},{"hash":"bc7c788d2d0947cf5ea4a935f089af3bdfda4d1c","messageTitle":"Level 3 increment","messageBody":"","tags":["Level-3"],"fileTypesAndContributionMap":{"java":{"insertions":64,"deletions":10}}}]},{"date":"2022-08-16","commitResults":[{"hash":"7bf6fdbde3bf401d80fa5130519214f4c13b189a","messageTitle":"Level 4 increment","messageBody":"","tags":["Level-4"],"fileTypesAndContributionMap":{"java":{"insertions":82,"deletions":6}}},{"hash":"ec96b776f2f059c78c3a8c6924011d43d6548b7b","messageTitle":"added testing","messageBody":"","tags":["A-TextUiTesting"],"fileTypesAndContributionMap":{"txt":{"insertions":5,"deletions":0}}}]},{"date":"2022-08-17","commitResults":[{"hash":"9098dcdf91fd7983850b422b9cfe21e2aac160ed","messageTitle":"Level 5 increment","messageBody":"","tags":["Level-5"],"fileTypesAndContributionMap":{"txt":{"insertions":5,"deletions":4},"java":{"insertions":12,"deletions":6}}},{"hash":"d38cd6c94ce053baa874a952f075658b4f34e47c","messageTitle":"Level 6 increment","messageBody":"","tags":["Level-6"],"fileTypesAndContributionMap":{"txt":{"insertions":5,"deletions":5},"java":{"insertions":12,"deletions":0}}}]},{"date":"2022-08-21","commitResults":[{"hash":"d24037837f21e6b34b37a6312be996ebc1bf2290","messageTitle":"branch Level 7","messageBody":"","fileTypesAndContributionMap":{"java":{"insertions":146,"deletions":52}}}]},{"date":"2022-08-22","commitResults":[{"hash":"ac6752964734b394f545aac38e54e0d38905b0fb","messageTitle":"add date formatter","messageBody":"","fileTypesAndContributionMap":{"java":{"insertions":68,"deletions":55}}}]},{"date":"2022-08-23","commitResults":[{"hash":"dde4582fcf0620efedb2b5e309c52a0e5af1586f","messageTitle":"add TaskList class","messageBody":"","fileTypesAndContributionMap":{"java":{"insertions":58,"deletions":20}}},{"hash":"771b8a9d250b064fbf1c725547ba27255d266085","messageTitle":"add more OOP","messageBody":"","tags":["A-MoreOOP"],"fileTypesAndContributionMap":{"java":{"insertions":148,"deletions":115}}},{"hash":"8c63bea9bf380ddf40d42450a7878f98acbcd623","messageTitle":"create duke package","messageBody":"","tags":["A-Packages"],"fileTypesAndContributionMap":{"java":{"insertions":23,"deletions":0}}}]},{"date":"2022-08-24","commitResults":[{"hash":"04f933386b849f59cf22e64f8661d9ed823acd2a","messageTitle":"add JUnit tests","messageBody":"","tags":["A-Jar","A-JUnit"],"fileTypesAndContributionMap":{"java":{"insertions":48,"deletions":3}}},{"hash":"36f516e27ec34cad48db51e1cdcc6d3c988975cd","messageTitle":"add JavaDocs","messageBody":"","fileTypesAndContributionMap":{"java":{"insertions":107,"deletions":2}}}]},{"date":"2022-08-25","commitResults":[{"hash":"30b805fe260323ebb7c396fe976775472683d551","messageTitle":"follow coding standard","messageBody":"","fileTypesAndContributionMap":{"java":{"insertions":56,"deletions":51}}},{"hash":"d3de2fc3e9d9960b52c1b1f35812357d0052cef6","messageTitle":"add find","messageBody":"","fileTypesAndContributionMap":{"java":{"insertions":30,"deletions":0}}}]},{"date":"2022-08-29","commitResults":[{"hash":"546970bc2a61fdf8c3609c253958ffa8f4d37d0e","messageTitle":"add incomplete GUI","messageBody":"","fileTypesAndContributionMap":{"gradle":{"insertions":21,"deletions":1},"fxml":{"insertions":39,"deletions":0},"java":{"insertions":163,"deletions":0}}},{"hash":"95bf618289a79fc6f4765d950bdd105b714a2d0d","messageTitle":"add responsiveness to GUI","messageBody":"","fileTypesAndContributionMap":{"java":{"insertions":48,"deletions":46}}},{"hash":"550c3af3b1e4f7193d8e7d48c73547d0f4016e2b","messageTitle":"fix text cut off","messageBody":"","fileTypesAndContributionMap":{"fxml":{"insertions":2,"deletions":2}}},{"hash":"8b4bbd23d31028c75dc28ba01fb961c9cf00a5f2","messageTitle":"add welcome message","messageBody":"","fileTypesAndContributionMap":{"fxml":{"insertions":1,"deletions":1},"java":{"insertions":2,"deletions":0}}}]}]},"authorFileTypeContributionMap":{"cfyjoanna":{"java":749,"md":0,"fxml":39,"sh":0,"bat":0,"gradle":21,"txt":6}},"authorContributionVariance":{"cfyjoanna":12074.505},"authorDisplayNameMap":{"cfyjoanna":"CS2103T-W09-4 CHAN..ANNA"}}
