[{"path":"src/main/java/CommandsEnum.java","fileType":"java","lines":[{"lineNumber":1,"author":{"gitId":"TJun-Jie"},"content":"public enum CommandsEnum {","lastModifiedDate":"2022-08-15"},{"lineNumber":2,"author":{"gitId":"TJun-Jie"},"content":"    bye,","lastModifiedDate":"2022-08-15"},{"lineNumber":3,"author":{"gitId":"TJun-Jie"},"content":"    list,","lastModifiedDate":"2022-08-15"},{"lineNumber":4,"author":{"gitId":"TJun-Jie"},"content":"    mark,","lastModifiedDate":"2022-08-15"},{"lineNumber":5,"author":{"gitId":"TJun-Jie"},"content":"    unmark,","lastModifiedDate":"2022-08-15"},{"lineNumber":6,"author":{"gitId":"TJun-Jie"},"content":"    delete,","lastModifiedDate":"2022-08-15"},{"lineNumber":7,"author":{"gitId":"TJun-Jie"},"content":"}","lastModifiedDate":"2022-08-15"}],"authorContributionMap":{"TJun-Jie":7}},{"path":"src/main/java/Deadline.java","fileType":"java","lines":[{"lineNumber":1,"author":{"gitId":"TJun-Jie"},"content":"public class Deadline extends Task{","lastModifiedDate":"2022-08-15"},{"lineNumber":2,"author":{"gitId":"TJun-Jie"},"content":"    private final String tag \u003d \"[D]\";","lastModifiedDate":"2022-08-15"},{"lineNumber":3,"author":{"gitId":"TJun-Jie"},"content":"    private final String deadline;","lastModifiedDate":"2022-08-15"},{"lineNumber":4,"author":{"gitId":"TJun-Jie"},"content":"","lastModifiedDate":"2022-08-15"},{"lineNumber":5,"author":{"gitId":"TJun-Jie"},"content":"    public Deadline(String name, String deadline) {","lastModifiedDate":"2022-08-15"},{"lineNumber":6,"author":{"gitId":"TJun-Jie"},"content":"        super(name);","lastModifiedDate":"2022-08-15"},{"lineNumber":7,"author":{"gitId":"TJun-Jie"},"content":"        this.deadline \u003d deadline;","lastModifiedDate":"2022-08-15"},{"lineNumber":8,"author":{"gitId":"TJun-Jie"},"content":"    }","lastModifiedDate":"2022-08-15"},{"lineNumber":9,"author":{"gitId":"TJun-Jie"},"content":"","lastModifiedDate":"2022-08-15"},{"lineNumber":10,"author":{"gitId":"TJun-Jie"},"content":"","lastModifiedDate":"2022-08-15"},{"lineNumber":11,"author":{"gitId":"TJun-Jie"},"content":"    @Override","lastModifiedDate":"2022-08-15"},{"lineNumber":12,"author":{"gitId":"TJun-Jie"},"content":"    public String toString() {","lastModifiedDate":"2022-08-15"},{"lineNumber":13,"author":{"gitId":"TJun-Jie"},"content":"        return tag + \"[\" + this.getStatusIcon()  + \"] \" + this.getTaskName() + \"(\" + deadline + \")\";","lastModifiedDate":"2022-08-15"},{"lineNumber":14,"author":{"gitId":"TJun-Jie"},"content":"    }","lastModifiedDate":"2022-08-15"},{"lineNumber":15,"author":{"gitId":"TJun-Jie"},"content":"}","lastModifiedDate":"2022-08-15"}],"authorContributionMap":{"TJun-Jie":15}},{"path":"src/main/java/Duke.java","fileType":"java","lines":[{"lineNumber":1,"author":{"gitId":"-"},"content":"public class Duke {","lastModifiedDate":"2022-08-15"},{"lineNumber":2,"author":{"gitId":"TJun-Jie"},"content":"    private Scan scan;","lastModifiedDate":"2022-08-15"},{"lineNumber":3,"author":{"gitId":"TJun-Jie"},"content":"","lastModifiedDate":"2022-08-15"},{"lineNumber":4,"author":{"gitId":"TJun-Jie"},"content":"    public Duke() {","lastModifiedDate":"2022-08-15"},{"lineNumber":5,"author":{"gitId":"TJun-Jie"},"content":"        this.scan \u003d new Scan();","lastModifiedDate":"2022-08-15"},{"lineNumber":6,"author":{"gitId":"TJun-Jie"},"content":"    }","lastModifiedDate":"2022-08-15"},{"lineNumber":7,"author":{"gitId":"TJun-Jie"},"content":"","lastModifiedDate":"2022-08-15"},{"lineNumber":8,"author":{"gitId":"-"},"content":"    public static void main(String[] args) {","lastModifiedDate":"2022-08-15"},{"lineNumber":9,"author":{"gitId":"TJun-Jie"},"content":"        Duke duke \u003d new Duke();","lastModifiedDate":"2022-08-15"},{"lineNumber":10,"author":{"gitId":"TJun-Jie"},"content":"        duke.start();","lastModifiedDate":"2022-08-15"},{"lineNumber":11,"author":{"gitId":"TJun-Jie"},"content":"","lastModifiedDate":"2022-08-15"},{"lineNumber":12,"author":{"gitId":"TJun-Jie"},"content":"    }","lastModifiedDate":"2022-08-15"},{"lineNumber":13,"author":{"gitId":"TJun-Jie"},"content":"    public void start() {","lastModifiedDate":"2022-08-15"},{"lineNumber":14,"author":{"gitId":"TJun-Jie"},"content":"        scan.run();","lastModifiedDate":"2022-08-15"},{"lineNumber":15,"author":{"gitId":"-"},"content":"    }","lastModifiedDate":"2022-08-15"},{"lineNumber":16,"author":{"gitId":"TJun-Jie"},"content":"","lastModifiedDate":"2022-08-15"},{"lineNumber":17,"author":{"gitId":"TJun-Jie"},"content":"","lastModifiedDate":"2022-08-15"},{"lineNumber":18,"author":{"gitId":"-"},"content":"}","lastModifiedDate":"2022-08-15"}],"authorContributionMap":{"TJun-Jie":14,"-":4}},{"path":"src/main/java/Event.java","fileType":"java","lines":[{"lineNumber":1,"author":{"gitId":"TJun-Jie"},"content":"public class Event extends Task{","lastModifiedDate":"2022-08-15"},{"lineNumber":2,"author":{"gitId":"TJun-Jie"},"content":"    private final String tag \u003d \"[E]\";","lastModifiedDate":"2022-08-15"},{"lineNumber":3,"author":{"gitId":"TJun-Jie"},"content":"    private final String event;","lastModifiedDate":"2022-08-15"},{"lineNumber":4,"author":{"gitId":"TJun-Jie"},"content":"","lastModifiedDate":"2022-08-15"},{"lineNumber":5,"author":{"gitId":"TJun-Jie"},"content":"    public Event(String name, String event) {","lastModifiedDate":"2022-08-15"},{"lineNumber":6,"author":{"gitId":"TJun-Jie"},"content":"        super(name);","lastModifiedDate":"2022-08-15"},{"lineNumber":7,"author":{"gitId":"TJun-Jie"},"content":"        this.event \u003d event;","lastModifiedDate":"2022-08-15"},{"lineNumber":8,"author":{"gitId":"TJun-Jie"},"content":"    }","lastModifiedDate":"2022-08-15"},{"lineNumber":9,"author":{"gitId":"TJun-Jie"},"content":"","lastModifiedDate":"2022-08-15"},{"lineNumber":10,"author":{"gitId":"TJun-Jie"},"content":"","lastModifiedDate":"2022-08-15"},{"lineNumber":11,"author":{"gitId":"TJun-Jie"},"content":"    @Override","lastModifiedDate":"2022-08-15"},{"lineNumber":12,"author":{"gitId":"TJun-Jie"},"content":"    public String toString() {","lastModifiedDate":"2022-08-15"},{"lineNumber":13,"author":{"gitId":"TJun-Jie"},"content":"        return tag + \"[\" + this.getStatusIcon()  + \"] \" + this.getTaskName() + \"(\" + event + \")\";","lastModifiedDate":"2022-08-15"},{"lineNumber":14,"author":{"gitId":"TJun-Jie"},"content":"    }","lastModifiedDate":"2022-08-15"},{"lineNumber":15,"author":{"gitId":"TJun-Jie"},"content":"}","lastModifiedDate":"2022-08-15"}],"authorContributionMap":{"TJun-Jie":15}},{"path":"src/main/java/Scan.java","fileType":"java","lines":[{"lineNumber":1,"author":{"gitId":"TJun-Jie"},"content":"import exceptions.EmptyNameException;","lastModifiedDate":"2022-08-15"},{"lineNumber":2,"author":{"gitId":"TJun-Jie"},"content":"import exceptions.UnknownCommandException;","lastModifiedDate":"2022-08-15"},{"lineNumber":3,"author":{"gitId":"TJun-Jie"},"content":"","lastModifiedDate":"2022-08-15"},{"lineNumber":4,"author":{"gitId":"TJun-Jie"},"content":"import java.util.Scanner;","lastModifiedDate":"2022-08-15"},{"lineNumber":5,"author":{"gitId":"TJun-Jie"},"content":"","lastModifiedDate":"2022-08-15"},{"lineNumber":6,"author":{"gitId":"TJun-Jie"},"content":"public class Scan {","lastModifiedDate":"2022-08-15"},{"lineNumber":7,"author":{"gitId":"TJun-Jie"},"content":"    private final Scanner sc;","lastModifiedDate":"2022-08-15"},{"lineNumber":8,"author":{"gitId":"TJun-Jie"},"content":"    private final TaskList taskList;","lastModifiedDate":"2022-08-15"},{"lineNumber":9,"author":{"gitId":"TJun-Jie"},"content":"","lastModifiedDate":"2022-08-15"},{"lineNumber":10,"author":{"gitId":"TJun-Jie"},"content":"    private static final String GREETING \u003d \"Hello! I\u0027m Duke. What can I do for you?\";","lastModifiedDate":"2022-08-15"},{"lineNumber":11,"author":{"gitId":"TJun-Jie"},"content":"    private static final String BYE \u003d \"Thank you for using the bot. Have a nice day!\";","lastModifiedDate":"2022-08-15"},{"lineNumber":12,"author":{"gitId":"TJun-Jie"},"content":"","lastModifiedDate":"2022-08-15"},{"lineNumber":13,"author":{"gitId":"TJun-Jie"},"content":"","lastModifiedDate":"2022-08-15"},{"lineNumber":14,"author":{"gitId":"TJun-Jie"},"content":"","lastModifiedDate":"2022-08-15"},{"lineNumber":15,"author":{"gitId":"TJun-Jie"},"content":"    public Scan() {","lastModifiedDate":"2022-08-15"},{"lineNumber":16,"author":{"gitId":"TJun-Jie"},"content":"        this.sc \u003d new Scanner(System.in);","lastModifiedDate":"2022-08-15"},{"lineNumber":17,"author":{"gitId":"TJun-Jie"},"content":"        this.taskList \u003d new TaskList();","lastModifiedDate":"2022-08-15"},{"lineNumber":18,"author":{"gitId":"TJun-Jie"},"content":"    }","lastModifiedDate":"2022-08-15"},{"lineNumber":19,"author":{"gitId":"TJun-Jie"},"content":"","lastModifiedDate":"2022-08-15"},{"lineNumber":20,"author":{"gitId":"TJun-Jie"},"content":"    public  void Greet() {","lastModifiedDate":"2022-08-15"},{"lineNumber":21,"author":{"gitId":"TJun-Jie"},"content":"        dukePrintLn(GREETING);","lastModifiedDate":"2022-08-15"},{"lineNumber":22,"author":{"gitId":"TJun-Jie"},"content":"    }","lastModifiedDate":"2022-08-15"},{"lineNumber":23,"author":{"gitId":"TJun-Jie"},"content":"","lastModifiedDate":"2022-08-15"},{"lineNumber":24,"author":{"gitId":"TJun-Jie"},"content":"    public  void readInput() {","lastModifiedDate":"2022-08-15"},{"lineNumber":25,"author":{"gitId":"TJun-Jie"},"content":"        try {","lastModifiedDate":"2022-08-15"},{"lineNumber":26,"author":{"gitId":"TJun-Jie"},"content":"            String nextCommand \u003d sc.nextLine();","lastModifiedDate":"2022-08-15"},{"lineNumber":27,"author":{"gitId":"TJun-Jie"},"content":"            while(!nextCommand.equals(CommandsEnum.bye.toString())){","lastModifiedDate":"2022-08-15"},{"lineNumber":28,"author":{"gitId":"TJun-Jie"},"content":"                if(nextCommand.equals(CommandsEnum.list.toString())){","lastModifiedDate":"2022-08-15"},{"lineNumber":29,"author":{"gitId":"TJun-Jie"},"content":"                    taskList.displayAllTask();","lastModifiedDate":"2022-08-15"},{"lineNumber":30,"author":{"gitId":"TJun-Jie"},"content":"                } else if(nextCommand.startsWith(CommandsEnum.mark.toString())){","lastModifiedDate":"2022-08-15"},{"lineNumber":31,"author":{"gitId":"TJun-Jie"},"content":"                    char index \u003d nextCommand.charAt(nextCommand.length() - 1);","lastModifiedDate":"2022-08-15"},{"lineNumber":32,"author":{"gitId":"TJun-Jie"},"content":"                    taskList.setTaskAsDone(Character.getNumericValue(index));","lastModifiedDate":"2022-08-15"},{"lineNumber":33,"author":{"gitId":"TJun-Jie"},"content":"                } else if(nextCommand.startsWith(CommandsEnum.unmark.toString())){","lastModifiedDate":"2022-08-15"},{"lineNumber":34,"author":{"gitId":"TJun-Jie"},"content":"                    char index \u003d nextCommand.charAt(nextCommand.length() - 1);","lastModifiedDate":"2022-08-15"},{"lineNumber":35,"author":{"gitId":"TJun-Jie"},"content":"                    taskList.setTaskAsUndone(Character.getNumericValue(index));","lastModifiedDate":"2022-08-15"},{"lineNumber":36,"author":{"gitId":"TJun-Jie"},"content":"                }","lastModifiedDate":"2022-08-15"},{"lineNumber":37,"author":{"gitId":"TJun-Jie"},"content":"                else if(nextCommand.contains(\"todo\") ||","lastModifiedDate":"2022-08-15"},{"lineNumber":38,"author":{"gitId":"TJun-Jie"},"content":"                        nextCommand.contains(\"deadline\") ||","lastModifiedDate":"2022-08-15"},{"lineNumber":39,"author":{"gitId":"TJun-Jie"},"content":"                        nextCommand.contains(\"event\")){","lastModifiedDate":"2022-08-15"},{"lineNumber":40,"author":{"gitId":"TJun-Jie"},"content":"                    this.taskList.addTask(nextCommand);","lastModifiedDate":"2022-08-15"},{"lineNumber":41,"author":{"gitId":"TJun-Jie"},"content":"                } else if(nextCommand.startsWith(CommandsEnum.delete.toString())){","lastModifiedDate":"2022-08-15"},{"lineNumber":42,"author":{"gitId":"TJun-Jie"},"content":"                    char index \u003d nextCommand.charAt(nextCommand.length() - 1);","lastModifiedDate":"2022-08-15"},{"lineNumber":43,"author":{"gitId":"TJun-Jie"},"content":"                    this.taskList.deleteTask(Character.getNumericValue(index));","lastModifiedDate":"2022-08-15"},{"lineNumber":44,"author":{"gitId":"TJun-Jie"},"content":"                }","lastModifiedDate":"2022-08-15"},{"lineNumber":45,"author":{"gitId":"TJun-Jie"},"content":"                else {","lastModifiedDate":"2022-08-15"},{"lineNumber":46,"author":{"gitId":"TJun-Jie"},"content":"                    throw new UnknownCommandException();","lastModifiedDate":"2022-08-15"},{"lineNumber":47,"author":{"gitId":"TJun-Jie"},"content":"                }","lastModifiedDate":"2022-08-15"},{"lineNumber":48,"author":{"gitId":"TJun-Jie"},"content":"","lastModifiedDate":"2022-08-15"},{"lineNumber":49,"author":{"gitId":"TJun-Jie"},"content":"                nextCommand \u003d sc.nextLine();","lastModifiedDate":"2022-08-15"},{"lineNumber":50,"author":{"gitId":"TJun-Jie"},"content":"            }","lastModifiedDate":"2022-08-15"},{"lineNumber":51,"author":{"gitId":"TJun-Jie"},"content":"            dukePrintLn(BYE);","lastModifiedDate":"2022-08-15"},{"lineNumber":52,"author":{"gitId":"TJun-Jie"},"content":"        } catch (UnknownCommandException e){","lastModifiedDate":"2022-08-15"},{"lineNumber":53,"author":{"gitId":"TJun-Jie"},"content":"            System.out.println(e.getMessage());","lastModifiedDate":"2022-08-15"},{"lineNumber":54,"author":{"gitId":"TJun-Jie"},"content":"            readInput();","lastModifiedDate":"2022-08-15"},{"lineNumber":55,"author":{"gitId":"TJun-Jie"},"content":"        }","lastModifiedDate":"2022-08-15"},{"lineNumber":56,"author":{"gitId":"TJun-Jie"},"content":"","lastModifiedDate":"2022-08-15"},{"lineNumber":57,"author":{"gitId":"TJun-Jie"},"content":"    }","lastModifiedDate":"2022-08-15"},{"lineNumber":58,"author":{"gitId":"TJun-Jie"},"content":"","lastModifiedDate":"2022-08-15"},{"lineNumber":59,"author":{"gitId":"TJun-Jie"},"content":"    public static void dukePrintLn(String str){","lastModifiedDate":"2022-08-15"},{"lineNumber":60,"author":{"gitId":"TJun-Jie"},"content":"        System.out.println(\"-----\");","lastModifiedDate":"2022-08-15"},{"lineNumber":61,"author":{"gitId":"TJun-Jie"},"content":"        System.out.println(str);","lastModifiedDate":"2022-08-15"},{"lineNumber":62,"author":{"gitId":"TJun-Jie"},"content":"        System.out.println(\"-----\");","lastModifiedDate":"2022-08-15"},{"lineNumber":63,"author":{"gitId":"TJun-Jie"},"content":"    }","lastModifiedDate":"2022-08-15"},{"lineNumber":64,"author":{"gitId":"TJun-Jie"},"content":"","lastModifiedDate":"2022-08-15"},{"lineNumber":65,"author":{"gitId":"TJun-Jie"},"content":"    public void run() {","lastModifiedDate":"2022-08-15"},{"lineNumber":66,"author":{"gitId":"TJun-Jie"},"content":"        Greet();","lastModifiedDate":"2022-08-15"},{"lineNumber":67,"author":{"gitId":"TJun-Jie"},"content":"        readInput();","lastModifiedDate":"2022-08-15"},{"lineNumber":68,"author":{"gitId":"TJun-Jie"},"content":"    }","lastModifiedDate":"2022-08-15"},{"lineNumber":69,"author":{"gitId":"TJun-Jie"},"content":"}","lastModifiedDate":"2022-08-15"}],"authorContributionMap":{"TJun-Jie":69}},{"path":"src/main/java/Task.java","fileType":"java","lines":[{"lineNumber":1,"author":{"gitId":"TJun-Jie"},"content":"public class Task {","lastModifiedDate":"2022-08-15"},{"lineNumber":2,"author":{"gitId":"TJun-Jie"},"content":"    private final String name;","lastModifiedDate":"2022-08-15"},{"lineNumber":3,"author":{"gitId":"TJun-Jie"},"content":"    private boolean isDone;","lastModifiedDate":"2022-08-15"},{"lineNumber":4,"author":{"gitId":"TJun-Jie"},"content":"","lastModifiedDate":"2022-08-15"},{"lineNumber":5,"author":{"gitId":"TJun-Jie"},"content":"    public Task(String name) {","lastModifiedDate":"2022-08-15"},{"lineNumber":6,"author":{"gitId":"TJun-Jie"},"content":"        this.name \u003d name;","lastModifiedDate":"2022-08-15"},{"lineNumber":7,"author":{"gitId":"TJun-Jie"},"content":"        this.isDone \u003d false;","lastModifiedDate":"2022-08-15"},{"lineNumber":8,"author":{"gitId":"TJun-Jie"},"content":"    }","lastModifiedDate":"2022-08-15"},{"lineNumber":9,"author":{"gitId":"TJun-Jie"},"content":"","lastModifiedDate":"2022-08-15"},{"lineNumber":10,"author":{"gitId":"TJun-Jie"},"content":"    public String getTaskName() {","lastModifiedDate":"2022-08-15"},{"lineNumber":11,"author":{"gitId":"TJun-Jie"},"content":"        return this.name;","lastModifiedDate":"2022-08-15"},{"lineNumber":12,"author":{"gitId":"TJun-Jie"},"content":"    }","lastModifiedDate":"2022-08-15"},{"lineNumber":13,"author":{"gitId":"TJun-Jie"},"content":"","lastModifiedDate":"2022-08-15"},{"lineNumber":14,"author":{"gitId":"TJun-Jie"},"content":"    public void markTaskAsDone() {","lastModifiedDate":"2022-08-15"},{"lineNumber":15,"author":{"gitId":"TJun-Jie"},"content":"        this.isDone \u003d true;","lastModifiedDate":"2022-08-15"},{"lineNumber":16,"author":{"gitId":"TJun-Jie"},"content":"    }","lastModifiedDate":"2022-08-15"},{"lineNumber":17,"author":{"gitId":"TJun-Jie"},"content":"","lastModifiedDate":"2022-08-15"},{"lineNumber":18,"author":{"gitId":"TJun-Jie"},"content":"    public void markTaskAsUndone() {","lastModifiedDate":"2022-08-15"},{"lineNumber":19,"author":{"gitId":"TJun-Jie"},"content":"        this.isDone \u003d false;","lastModifiedDate":"2022-08-15"},{"lineNumber":20,"author":{"gitId":"TJun-Jie"},"content":"    }","lastModifiedDate":"2022-08-15"},{"lineNumber":21,"author":{"gitId":"TJun-Jie"},"content":"","lastModifiedDate":"2022-08-15"},{"lineNumber":22,"author":{"gitId":"TJun-Jie"},"content":"    public String getStatusIcon() {","lastModifiedDate":"2022-08-15"},{"lineNumber":23,"author":{"gitId":"TJun-Jie"},"content":"        return (isDone ? \"X\" : \" \"); // mark done task with X","lastModifiedDate":"2022-08-15"},{"lineNumber":24,"author":{"gitId":"TJun-Jie"},"content":"    }","lastModifiedDate":"2022-08-15"},{"lineNumber":25,"author":{"gitId":"TJun-Jie"},"content":"","lastModifiedDate":"2022-08-15"},{"lineNumber":26,"author":{"gitId":"TJun-Jie"},"content":"","lastModifiedDate":"2022-08-15"},{"lineNumber":27,"author":{"gitId":"TJun-Jie"},"content":"    @Override","lastModifiedDate":"2022-08-15"},{"lineNumber":28,"author":{"gitId":"TJun-Jie"},"content":"    public String toString() {","lastModifiedDate":"2022-08-15"},{"lineNumber":29,"author":{"gitId":"TJun-Jie"},"content":"        return \"[\" + this.getStatusIcon()  + \"] \" + this.getTaskName();","lastModifiedDate":"2022-08-15"},{"lineNumber":30,"author":{"gitId":"TJun-Jie"},"content":"    }","lastModifiedDate":"2022-08-15"},{"lineNumber":31,"author":{"gitId":"TJun-Jie"},"content":"}","lastModifiedDate":"2022-08-15"}],"authorContributionMap":{"TJun-Jie":31}},{"path":"src/main/java/TaskList.java","fileType":"java","lines":[{"lineNumber":1,"author":{"gitId":"TJun-Jie"},"content":"import exceptions.EmptyNameException;","lastModifiedDate":"2022-08-15"},{"lineNumber":2,"author":{"gitId":"TJun-Jie"},"content":"","lastModifiedDate":"2022-08-15"},{"lineNumber":3,"author":{"gitId":"TJun-Jie"},"content":"import java.util.ArrayList;","lastModifiedDate":"2022-08-15"},{"lineNumber":4,"author":{"gitId":"TJun-Jie"},"content":"import java.util.Locale;","lastModifiedDate":"2022-08-15"},{"lineNumber":5,"author":{"gitId":"TJun-Jie"},"content":"","lastModifiedDate":"2022-08-15"},{"lineNumber":6,"author":{"gitId":"TJun-Jie"},"content":"public class TaskList {","lastModifiedDate":"2022-08-15"},{"lineNumber":7,"author":{"gitId":"TJun-Jie"},"content":"    private ArrayList\u003cTask\u003e taskList;","lastModifiedDate":"2022-08-15"},{"lineNumber":8,"author":{"gitId":"TJun-Jie"},"content":"","lastModifiedDate":"2022-08-15"},{"lineNumber":9,"author":{"gitId":"TJun-Jie"},"content":"    public TaskList() {","lastModifiedDate":"2022-08-15"},{"lineNumber":10,"author":{"gitId":"TJun-Jie"},"content":"        this.taskList \u003d new ArrayList\u003c\u003e();","lastModifiedDate":"2022-08-15"},{"lineNumber":11,"author":{"gitId":"TJun-Jie"},"content":"    }","lastModifiedDate":"2022-08-15"},{"lineNumber":12,"author":{"gitId":"TJun-Jie"},"content":"","lastModifiedDate":"2022-08-15"},{"lineNumber":13,"author":{"gitId":"TJun-Jie"},"content":"    public void addTask(String command) {","lastModifiedDate":"2022-08-15"},{"lineNumber":14,"author":{"gitId":"TJun-Jie"},"content":"        try {","lastModifiedDate":"2022-08-15"},{"lineNumber":15,"author":{"gitId":"TJun-Jie"},"content":"","lastModifiedDate":"2022-08-15"},{"lineNumber":16,"author":{"gitId":"TJun-Jie"},"content":"            Task task \u003d null;","lastModifiedDate":"2022-08-15"},{"lineNumber":17,"author":{"gitId":"TJun-Jie"},"content":"            String[] split \u003d command.split(\" \", 2);","lastModifiedDate":"2022-08-15"},{"lineNumber":18,"author":{"gitId":"TJun-Jie"},"content":"            if(split.length \u003c 2) {","lastModifiedDate":"2022-08-15"},{"lineNumber":19,"author":{"gitId":"TJun-Jie"},"content":"                throw new EmptyNameException();","lastModifiedDate":"2022-08-15"},{"lineNumber":20,"author":{"gitId":"TJun-Jie"},"content":"            }","lastModifiedDate":"2022-08-15"},{"lineNumber":21,"author":{"gitId":"TJun-Jie"},"content":"            String type \u003d split[0];","lastModifiedDate":"2022-08-15"},{"lineNumber":22,"author":{"gitId":"TJun-Jie"},"content":"            if(type.equals(TaskTypeEnum.todo.toString())){","lastModifiedDate":"2022-08-15"},{"lineNumber":23,"author":{"gitId":"TJun-Jie"},"content":"                String name \u003d split[1];","lastModifiedDate":"2022-08-15"},{"lineNumber":24,"author":{"gitId":"TJun-Jie"},"content":"                task \u003d new Todo(name);","lastModifiedDate":"2022-08-15"},{"lineNumber":25,"author":{"gitId":"TJun-Jie"},"content":"                System.out.println(name);","lastModifiedDate":"2022-08-15"},{"lineNumber":26,"author":{"gitId":"TJun-Jie"},"content":"","lastModifiedDate":"2022-08-15"},{"lineNumber":27,"author":{"gitId":"TJun-Jie"},"content":"            } else {","lastModifiedDate":"2022-08-15"},{"lineNumber":28,"author":{"gitId":"TJun-Jie"},"content":"                String[] split1 \u003d split[1].split(\"/\");","lastModifiedDate":"2022-08-15"},{"lineNumber":29,"author":{"gitId":"TJun-Jie"},"content":"                String name \u003d split1[0];","lastModifiedDate":"2022-08-15"},{"lineNumber":30,"author":{"gitId":"TJun-Jie"},"content":"                String info \u003d split1[1];","lastModifiedDate":"2022-08-15"},{"lineNumber":31,"author":{"gitId":"TJun-Jie"},"content":"                if(type.equals(TaskTypeEnum.deadline.toString())){","lastModifiedDate":"2022-08-15"},{"lineNumber":32,"author":{"gitId":"TJun-Jie"},"content":"                    task \u003d new Deadline(name, info);","lastModifiedDate":"2022-08-15"},{"lineNumber":33,"author":{"gitId":"TJun-Jie"},"content":"                } else {","lastModifiedDate":"2022-08-15"},{"lineNumber":34,"author":{"gitId":"TJun-Jie"},"content":"                    task \u003d new Event(name, info);","lastModifiedDate":"2022-08-15"},{"lineNumber":35,"author":{"gitId":"TJun-Jie"},"content":"                }","lastModifiedDate":"2022-08-15"},{"lineNumber":36,"author":{"gitId":"TJun-Jie"},"content":"            }","lastModifiedDate":"2022-08-15"},{"lineNumber":37,"author":{"gitId":"TJun-Jie"},"content":"","lastModifiedDate":"2022-08-15"},{"lineNumber":38,"author":{"gitId":"TJun-Jie"},"content":"            if(task !\u003d null){","lastModifiedDate":"2022-08-15"},{"lineNumber":39,"author":{"gitId":"TJun-Jie"},"content":"                this.taskList.add(task);","lastModifiedDate":"2022-08-15"},{"lineNumber":40,"author":{"gitId":"TJun-Jie"},"content":"                System.out.println(\"Got it. I\u0027ve added this task:\");","lastModifiedDate":"2022-08-15"},{"lineNumber":41,"author":{"gitId":"TJun-Jie"},"content":"                System.out.println(task);","lastModifiedDate":"2022-08-15"},{"lineNumber":42,"author":{"gitId":"TJun-Jie"},"content":"                displayNumberOfItemsInList();","lastModifiedDate":"2022-08-15"},{"lineNumber":43,"author":{"gitId":"TJun-Jie"},"content":"            }","lastModifiedDate":"2022-08-15"},{"lineNumber":44,"author":{"gitId":"TJun-Jie"},"content":"        } catch (EmptyNameException e) {","lastModifiedDate":"2022-08-15"},{"lineNumber":45,"author":{"gitId":"TJun-Jie"},"content":"            System.out.println(e.getMessage());","lastModifiedDate":"2022-08-15"},{"lineNumber":46,"author":{"gitId":"TJun-Jie"},"content":"        }","lastModifiedDate":"2022-08-15"},{"lineNumber":47,"author":{"gitId":"TJun-Jie"},"content":"","lastModifiedDate":"2022-08-15"},{"lineNumber":48,"author":{"gitId":"TJun-Jie"},"content":"","lastModifiedDate":"2022-08-15"},{"lineNumber":49,"author":{"gitId":"TJun-Jie"},"content":"    }","lastModifiedDate":"2022-08-15"},{"lineNumber":50,"author":{"gitId":"TJun-Jie"},"content":"","lastModifiedDate":"2022-08-15"},{"lineNumber":51,"author":{"gitId":"TJun-Jie"},"content":"    public void deleteTask(int index) {","lastModifiedDate":"2022-08-15"},{"lineNumber":52,"author":{"gitId":"TJun-Jie"},"content":"        Task task \u003d taskList.get(index);","lastModifiedDate":"2022-08-15"},{"lineNumber":53,"author":{"gitId":"TJun-Jie"},"content":"        System.out.println(\"Noted. I\u0027ve removed this task: \\n\" + task);","lastModifiedDate":"2022-08-15"},{"lineNumber":54,"author":{"gitId":"TJun-Jie"},"content":"        taskList.remove(index);","lastModifiedDate":"2022-08-15"},{"lineNumber":55,"author":{"gitId":"TJun-Jie"},"content":"        displayNumberOfItemsInList();","lastModifiedDate":"2022-08-15"},{"lineNumber":56,"author":{"gitId":"TJun-Jie"},"content":"    }","lastModifiedDate":"2022-08-15"},{"lineNumber":57,"author":{"gitId":"TJun-Jie"},"content":"","lastModifiedDate":"2022-08-15"},{"lineNumber":58,"author":{"gitId":"TJun-Jie"},"content":"","lastModifiedDate":"2022-08-15"},{"lineNumber":59,"author":{"gitId":"TJun-Jie"},"content":"    public void setTaskAsDone(int index) {","lastModifiedDate":"2022-08-15"},{"lineNumber":60,"author":{"gitId":"TJun-Jie"},"content":"        Task task \u003d taskList.get(index);","lastModifiedDate":"2022-08-15"},{"lineNumber":61,"author":{"gitId":"TJun-Jie"},"content":"        task.markTaskAsDone();","lastModifiedDate":"2022-08-15"},{"lineNumber":62,"author":{"gitId":"TJun-Jie"},"content":"        System.out.println(\"Nice! I\u0027ve marked this task as done:\");","lastModifiedDate":"2022-08-15"},{"lineNumber":63,"author":{"gitId":"TJun-Jie"},"content":"        System.out.println(task);","lastModifiedDate":"2022-08-15"},{"lineNumber":64,"author":{"gitId":"TJun-Jie"},"content":"","lastModifiedDate":"2022-08-15"},{"lineNumber":65,"author":{"gitId":"TJun-Jie"},"content":"    }","lastModifiedDate":"2022-08-15"},{"lineNumber":66,"author":{"gitId":"TJun-Jie"},"content":"","lastModifiedDate":"2022-08-15"},{"lineNumber":67,"author":{"gitId":"TJun-Jie"},"content":"    public void setTaskAsUndone(int index) {","lastModifiedDate":"2022-08-15"},{"lineNumber":68,"author":{"gitId":"TJun-Jie"},"content":"        Task task \u003d taskList.get(index);","lastModifiedDate":"2022-08-15"},{"lineNumber":69,"author":{"gitId":"TJun-Jie"},"content":"        task.markTaskAsUndone();","lastModifiedDate":"2022-08-15"},{"lineNumber":70,"author":{"gitId":"TJun-Jie"},"content":"        System.out.println(\"OK, I\u0027ve marked this task as not done yet:\\n\");","lastModifiedDate":"2022-08-15"},{"lineNumber":71,"author":{"gitId":"TJun-Jie"},"content":"        System.out.println(task);","lastModifiedDate":"2022-08-15"},{"lineNumber":72,"author":{"gitId":"TJun-Jie"},"content":"    }","lastModifiedDate":"2022-08-15"},{"lineNumber":73,"author":{"gitId":"TJun-Jie"},"content":"","lastModifiedDate":"2022-08-15"},{"lineNumber":74,"author":{"gitId":"TJun-Jie"},"content":"    public void displayAllTask(){","lastModifiedDate":"2022-08-15"},{"lineNumber":75,"author":{"gitId":"TJun-Jie"},"content":"        System.out.println(\"----\");","lastModifiedDate":"2022-08-15"},{"lineNumber":76,"author":{"gitId":"TJun-Jie"},"content":"        System.out.println(\"Here are the tasks in your list:\");","lastModifiedDate":"2022-08-15"},{"lineNumber":77,"author":{"gitId":"TJun-Jie"},"content":"        for (int i \u003d 1; i \u003c\u003d taskList.size(); i++) {","lastModifiedDate":"2022-08-15"},{"lineNumber":78,"author":{"gitId":"TJun-Jie"},"content":"            Task task \u003d taskList.get(i-1);","lastModifiedDate":"2022-08-15"},{"lineNumber":79,"author":{"gitId":"TJun-Jie"},"content":"            System.out.println(i + \". \" + task);","lastModifiedDate":"2022-08-15"},{"lineNumber":80,"author":{"gitId":"TJun-Jie"},"content":"        }","lastModifiedDate":"2022-08-15"},{"lineNumber":81,"author":{"gitId":"TJun-Jie"},"content":"        System.out.println(\"-----\");","lastModifiedDate":"2022-08-15"},{"lineNumber":82,"author":{"gitId":"TJun-Jie"},"content":"    }","lastModifiedDate":"2022-08-15"},{"lineNumber":83,"author":{"gitId":"TJun-Jie"},"content":"","lastModifiedDate":"2022-08-15"},{"lineNumber":84,"author":{"gitId":"TJun-Jie"},"content":"    public void displayNumberOfItemsInList() {","lastModifiedDate":"2022-08-15"},{"lineNumber":85,"author":{"gitId":"TJun-Jie"},"content":"        System.out.println(\"Now you have \" + taskList.size() +  \" tasks in the list.\");","lastModifiedDate":"2022-08-15"},{"lineNumber":86,"author":{"gitId":"TJun-Jie"},"content":"    }","lastModifiedDate":"2022-08-15"},{"lineNumber":87,"author":{"gitId":"TJun-Jie"},"content":"","lastModifiedDate":"2022-08-15"},{"lineNumber":88,"author":{"gitId":"TJun-Jie"},"content":"}","lastModifiedDate":"2022-08-15"}],"authorContributionMap":{"TJun-Jie":88}},{"path":"src/main/java/TaskTypeEnum.java","fileType":"java","lines":[{"lineNumber":1,"author":{"gitId":"TJun-Jie"},"content":"public enum TaskTypeEnum {","lastModifiedDate":"2022-08-15"},{"lineNumber":2,"author":{"gitId":"TJun-Jie"},"content":"    todo,","lastModifiedDate":"2022-08-15"},{"lineNumber":3,"author":{"gitId":"TJun-Jie"},"content":"    deadline,","lastModifiedDate":"2022-08-15"},{"lineNumber":4,"author":{"gitId":"TJun-Jie"},"content":"    event","lastModifiedDate":"2022-08-15"},{"lineNumber":5,"author":{"gitId":"TJun-Jie"},"content":"}","lastModifiedDate":"2022-08-15"}],"authorContributionMap":{"TJun-Jie":5}},{"path":"src/main/java/Todo.java","fileType":"java","lines":[{"lineNumber":1,"author":{"gitId":"TJun-Jie"},"content":"public class Todo extends Task{","lastModifiedDate":"2022-08-15"},{"lineNumber":2,"author":{"gitId":"TJun-Jie"},"content":"    private final String tag \u003d \"[T]\";","lastModifiedDate":"2022-08-15"},{"lineNumber":3,"author":{"gitId":"TJun-Jie"},"content":"    public Todo(String name) {","lastModifiedDate":"2022-08-15"},{"lineNumber":4,"author":{"gitId":"TJun-Jie"},"content":"        super(name);","lastModifiedDate":"2022-08-15"},{"lineNumber":5,"author":{"gitId":"TJun-Jie"},"content":"    }","lastModifiedDate":"2022-08-15"},{"lineNumber":6,"author":{"gitId":"TJun-Jie"},"content":"","lastModifiedDate":"2022-08-15"},{"lineNumber":7,"author":{"gitId":"TJun-Jie"},"content":"","lastModifiedDate":"2022-08-15"},{"lineNumber":8,"author":{"gitId":"TJun-Jie"},"content":"    @Override","lastModifiedDate":"2022-08-15"},{"lineNumber":9,"author":{"gitId":"TJun-Jie"},"content":"    public String toString() {","lastModifiedDate":"2022-08-15"},{"lineNumber":10,"author":{"gitId":"TJun-Jie"},"content":"        return tag + \"[\" + this.getStatusIcon()  + \"] \" + this.getTaskName();","lastModifiedDate":"2022-08-15"},{"lineNumber":11,"author":{"gitId":"TJun-Jie"},"content":"    }","lastModifiedDate":"2022-08-15"},{"lineNumber":12,"author":{"gitId":"TJun-Jie"},"content":"}","lastModifiedDate":"2022-08-15"}],"authorContributionMap":{"TJun-Jie":12}},{"path":"src/main/java/exceptions/EmptyNameException.java","fileType":"java","lines":[{"lineNumber":1,"author":{"gitId":"TJun-Jie"},"content":"package exceptions;","lastModifiedDate":"2022-08-15"},{"lineNumber":2,"author":{"gitId":"TJun-Jie"},"content":"","lastModifiedDate":"2022-08-15"},{"lineNumber":3,"author":{"gitId":"TJun-Jie"},"content":"public class EmptyNameException extends Exception {","lastModifiedDate":"2022-08-15"},{"lineNumber":4,"author":{"gitId":"TJun-Jie"},"content":"    public EmptyNameException() {","lastModifiedDate":"2022-08-15"},{"lineNumber":5,"author":{"gitId":"TJun-Jie"},"content":"        super(\"Task Name cannot be empty\");","lastModifiedDate":"2022-08-15"},{"lineNumber":6,"author":{"gitId":"TJun-Jie"},"content":"    }","lastModifiedDate":"2022-08-15"},{"lineNumber":7,"author":{"gitId":"TJun-Jie"},"content":"}","lastModifiedDate":"2022-08-15"}],"authorContributionMap":{"TJun-Jie":7}},{"path":"src/main/java/exceptions/UnknownCommandException.java","fileType":"java","lines":[{"lineNumber":1,"author":{"gitId":"TJun-Jie"},"content":"package exceptions;","lastModifiedDate":"2022-08-15"},{"lineNumber":2,"author":{"gitId":"TJun-Jie"},"content":"","lastModifiedDate":"2022-08-15"},{"lineNumber":3,"author":{"gitId":"TJun-Jie"},"content":"public class UnknownCommandException extends Exception {","lastModifiedDate":"2022-08-15"},{"lineNumber":4,"author":{"gitId":"TJun-Jie"},"content":"        public UnknownCommandException() {","lastModifiedDate":"2022-08-15"},{"lineNumber":5,"author":{"gitId":"TJun-Jie"},"content":"            super(\"Unknown command. Please Try Again\");","lastModifiedDate":"2022-08-15"},{"lineNumber":6,"author":{"gitId":"TJun-Jie"},"content":"        }","lastModifiedDate":"2022-08-15"},{"lineNumber":7,"author":{"gitId":"TJun-Jie"},"content":"}","lastModifiedDate":"2022-08-15"}],"authorContributionMap":{"TJun-Jie":7}},{"path":"text-ui-test/input.txt","fileType":"txt","lines":[{"lineNumber":1,"author":{"gitId":"TJun-Jie"},"content":"todo test","lastModifiedDate":"2022-08-15"},{"lineNumber":2,"author":{"gitId":"TJun-Jie"},"content":"deadline test1 /Friday 2pm","lastModifiedDate":"2022-08-15"},{"lineNumber":3,"author":{"gitId":"TJun-Jie"},"content":"event test2 /Sunday 2pm - 4pm","lastModifiedDate":"2022-08-15"},{"lineNumber":4,"author":{"gitId":"TJun-Jie"},"content":"list","lastModifiedDate":"2022-08-15"},{"lineNumber":5,"author":{"gitId":"TJun-Jie"},"content":"mark 0","lastModifiedDate":"2022-08-15"},{"lineNumber":6,"author":{"gitId":"TJun-Jie"},"content":"mark 1","lastModifiedDate":"2022-08-15"},{"lineNumber":7,"author":{"gitId":"TJun-Jie"},"content":"mark 2","lastModifiedDate":"2022-08-15"},{"lineNumber":8,"author":{"gitId":"TJun-Jie"},"content":"unmark 2","lastModifiedDate":"2022-08-15"},{"lineNumber":9,"author":{"gitId":"TJun-Jie"},"content":"bye","lastModifiedDate":"2022-08-15"}],"authorContributionMap":{"TJun-Jie":9}}]
