{"authorDailyContributionsMap":{"TJun-Jie":[{"date":"2022-08-15","commitResults":[{"hash":"e43c25d7022aa04d69339d8b6d056e7525187917","messageTitle":"Level-1","messageBody":"","tags":["Level-1"],"fileTypesAndContributionMap":{"java":{"insertions":55,"deletions":10}}},{"hash":"4cea24441429a10fc1f71abbf90ccbdbac2bb325","messageTitle":"Level-2","messageBody":"","tags":["Level-2"],"fileTypesAndContributionMap":{"java":{"insertions":50,"deletions":3}}},{"hash":"31dd89608224aea070fb066430459db925ef5ffb","messageTitle":"Level-3","messageBody":"","tags":["Level-3"],"fileTypesAndContributionMap":{"java":{"insertions":77,"deletions":7}}},{"hash":"3c463fed67f95cabbf79c7387e550149acf3702c","messageTitle":"Level-4","messageBody":"","tags":["Level-4"],"fileTypesAndContributionMap":{"java":{"insertions":48,"deletions":0}}},{"hash":"9fbf69f2b249da83a5181aeed3d76830ac182c05","messageTitle":"A-TextUiTesting","messageBody":"","tags":["A-TextUiTesting"],"fileTypesAndContributionMap":{"txt":{"insertions":9,"deletions":0},"java":{"insertions":0,"deletions":16},"sh":{"insertions":0,"deletions":0}}},{"hash":"90822e4d021df01281b1c0cfb8cbb45c95ef001f","messageTitle":"Level-5","messageBody":"","tags":["Level-5"],"fileTypesAndContributionMap":{"java":{"insertions":80,"deletions":38}}},{"hash":"70a250f32d4c2ca5bac5e96b69e2e63c962858a5","messageTitle":"Level-6","messageBody":"","tags":["Level-6"],"fileTypesAndContributionMap":{"java":{"insertions":19,"deletions":4}}},{"hash":"887ea374929743d4f2a03eeaabcdb02a8990d6e0","messageTitle":"A-Enums","messageBody":"","tags":["A-Enums"],"fileTypesAndContributionMap":{"java":{"insertions":20,"deletions":7}}}]},{"date":"2022-08-19","commitResults":[{"hash":"b5e6f2231ccd5aa4469f73f5669a8f380c385a67","messageTitle":"Update enums","messageBody":"","fileTypesAndContributionMap":{"java":{"insertions":6,"deletions":4}}}]},{"date":"2022-08-22","commitResults":[{"hash":"fdbdbb29ab870ae4873772d7f3fb52ffad89d903","messageTitle":"Add Storage Implementation","messageBody":"","tags":["Level-7"],"fileTypesAndContributionMap":{"txt":{"insertions":3,"deletions":0},"java":{"insertions":177,"deletions":31}}},{"hash":"882e295cff8099c38affd8b7c2f366be4e1b428b","messageTitle":"Add logic for update and delete for Storage","messageBody":"","fileTypesAndContributionMap":{"txt":{"insertions":1,"deletions":2},"java":{"insertions":78,"deletions":11}}},{"hash":"bcbc4bd95729d4a32c029e8b1f63d0051a26316b","messageTitle":"Add DateTime support for deadline and event tasks","messageBody":"","fileTypesAndContributionMap":{"java":{"insertions":15,"deletions":9}}},{"hash":"b9317f5cd2b09a183250079a41938cfcfcb092f1","messageTitle":"Fix Bug on split strings function","messageBody":"","fileTypesAndContributionMap":{"java":{"insertions":1,"deletions":1}}}]},{"date":"2022-08-23","commitResults":[{"hash":"92a94bd2b9f3565fc3200e34e8c038cfed1f08c8","messageTitle":"Refactor code to cater to OOP principles","messageBody":"","tags":["A-MoreOOP"],"fileTypesAndContributionMap":{"java":{"insertions":63,"deletions":25}}},{"hash":"54cab39d49b72fc5a7a433a31ebea37f98ce8ee8","messageTitle":"Organize the classes into suitable java packages","messageBody":"","tags":["A-Packages"],"fileTypesAndContributionMap":{"java":{"insertions":22,"deletions":0}}},{"hash":"e0facbcd94efa28bafcbd9961e1e7e95d463edf3","messageTitle":"Update build.gradle","messageBody":"","tags":["A-Gradle"],"fileTypesAndContributionMap":{"gradle":{"insertions":1,"deletions":1}}}]},{"date":"2022-08-24","commitResults":[{"hash":"b5651395c95d6ff89c6d692d52297cb2c7b7cec8","messageTitle":"Add junit test","messageBody":"","tags":["A-JUnit"],"fileTypesAndContributionMap":{"java":{"insertions":45,"deletions":6}}}]},{"date":"2022-08-25","commitResults":[{"hash":"62261c76e378e72fe537a517ba62442df7fe37ec","messageTitle":"Add Documentation","messageBody":"","fileTypesAndContributionMap":{"java":{"insertions":191,"deletions":3}}},{"hash":"9873d54aabd4cc5dc8958152b9a0d387b862b471","messageTitle":"Tweak code to follow convention","messageBody":"","fileTypesAndContributionMap":{"java":{"insertions":102,"deletions":128}}},{"hash":"6475a852e78aab78d9f032116d1a0362063490e4","messageTitle":"Add Find Function","messageBody":"","fileTypesAndContributionMap":{"txt":{"insertions":4,"deletions":1},"java":{"insertions":27,"deletions":6}}}]},{"date":"2022-08-30","commitResults":[{"hash":"448d0af1eee176902ffb5564c6194a2d11248c38","messageTitle":"Add GUI support","messageBody":"","fileTypesAndContributionMap":{"gradle":{"insertions":14,"deletions":2},"txt":{"insertions":0,"deletions":4},"fxml":{"insertions":35,"deletions":0},"java":{"insertions":250,"deletions":33}}}]},{"date":"2022-09-05","commitResults":[{"hash":"eb822668614ffc69fc2e6f15bae5b7ee178e5452","messageTitle":"Update build.gradle","messageBody":"Change build.gradle to configure jar file to open GUI application\n\nChange main class name in application from Duke to Laucher\n","tags":["A-FullCommitMessage"],"fileTypesAndContributionMap":{"gradle":{"insertions":3,"deletions":1}}},{"hash":"646dfd59cc2e82c3788600ca98ed4a817f280140","messageTitle":"Add assertions","messageBody":"Use of Assertions to document important assumptions that should hold at various points in the code.\n","fileTypesAndContributionMap":{"gradle":{"insertions":1,"deletions":0},"java":{"insertions":6,"deletions":0}}},{"hash":"dab9d076b8a15ad778fc296c9131424b3f249f9d","messageTitle":"A-CodeQuality","messageBody":"Improve code quality by following conventions\n","fileTypesAndContributionMap":{"java":{"insertions":18,"deletions":17}}},{"hash":"49ab629f54eafad1845b315b9069653997d52ea0","messageTitle":"Update Ui.java","messageBody":"","fileTypesAndContributionMap":{"java":{"insertions":1,"deletions":2}}}]},{"date":"2022-09-08","commitResults":[{"hash":"5fc92d3f684ac193c2ef42dbf88d491834b8e5d6","messageTitle":"Add Tag support","messageBody":"Added tagging support for task so that the task can be separated into categories.\n","fileTypesAndContributionMap":{"txt":{"insertions":1,"deletions":0},"java":{"insertions":166,"deletions":24}}},{"hash":"0770d4f173767a116fbe00955994e08d8a232253","messageTitle":"Add tag functionality","messageBody":"Added showTag command which shows all the tasks under that tag\n","fileTypesAndContributionMap":{"txt":{"insertions":1,"deletions":0},"java":{"insertions":20,"deletions":2}}}]},{"date":"2022-09-12","commitResults":[{"hash":"b7dbab09c4e549184c1ad915a88bf46cc0871643","messageTitle":"Configure checkstyle and refactor code","messageBody":"","fileTypesAndContributionMap":{"gradle":{"insertions":6,"deletions":0},"java":{"insertions":115,"deletions":108}}},{"hash":"45c9603ea6aa9cfaac31bdcbcec5ce813813b1d7","messageTitle":"Add Ui Picture","messageBody":"","fileTypesAndContributionMap":{"txt":{"insertions":3,"deletions":3},"java":{"insertions":2,"deletions":1}}},{"hash":"9dec7c67e4eefc65469ceb02c234198dc1ee2004","messageTitle":"Update User Guide","messageBody":"","tags":["A-UserGuide"],"fileTypesAndContributionMap":{"txt":{"insertions":3,"deletions":3},"java":{"insertions":2,"deletions":2},"md":{"insertions":97,"deletions":12}}},{"hash":"7c3b100d14137458a7bd9fe46abbc5010a30f4c8","messageTitle":"Update user guide","messageBody":"","tags":["v0.2"],"fileTypesAndContributionMap":{"md":{"insertions":13,"deletions":1}}}]},{"date":"2022-09-13","commitResults":[{"hash":"9419f58831c1f8cdb0b183534c5681cf80b82eba","messageTitle":"Fix bug in storage class","messageBody":"","fileTypesAndContributionMap":{"java":{"insertions":1,"deletions":0}}}]},{"date":"2022-09-15","commitResults":[{"hash":"0202be434ecb884e6f40ca991f89228ba2e8cef5","messageTitle":"Update README.md","messageBody":"","fileTypesAndContributionMap":{"md":{"insertions":1,"deletions":1}}}]}]},"authorFileTypeContributionMap":{"TJun-Jie":{"java":1170,"md":101,"fxml":35,"sh":0,"bat":0,"gradle":22,"txt":12}},"authorContributionVariance":{"TJun-Jie":19175.826},"authorDisplayNameMap":{"TJun-Jie":"CS2103T-W09-3 TAI .. JIE"}}
