{"authorDailyContributionsMap":{"TJun-Jie":[{"date":"2022-08-15","commitResults":[{"hash":"e43c25d7022aa04d69339d8b6d056e7525187917","messageTitle":"Level-1","messageBody":"","tags":["Level-1"],"fileTypesAndContributionMap":{"java":{"insertions":55,"deletions":10}}},{"hash":"4cea24441429a10fc1f71abbf90ccbdbac2bb325","messageTitle":"Level-2","messageBody":"","tags":["Level-2"],"fileTypesAndContributionMap":{"java":{"insertions":50,"deletions":3}}},{"hash":"31dd89608224aea070fb066430459db925ef5ffb","messageTitle":"Level-3","messageBody":"","tags":["Level-3"],"fileTypesAndContributionMap":{"java":{"insertions":77,"deletions":7}}},{"hash":"3c463fed67f95cabbf79c7387e550149acf3702c","messageTitle":"Level-4","messageBody":"","tags":["Level-4"],"fileTypesAndContributionMap":{"java":{"insertions":48,"deletions":0}}},{"hash":"9fbf69f2b249da83a5181aeed3d76830ac182c05","messageTitle":"A-TextUiTesting","messageBody":"","tags":["A-TextUiTesting"],"fileTypesAndContributionMap":{"txt":{"insertions":9,"deletions":0},"java":{"insertions":0,"deletions":16},"sh":{"insertions":0,"deletions":0}}},{"hash":"90822e4d021df01281b1c0cfb8cbb45c95ef001f","messageTitle":"Level-5","messageBody":"","tags":["Level-5"],"fileTypesAndContributionMap":{"java":{"insertions":80,"deletions":38}}},{"hash":"70a250f32d4c2ca5bac5e96b69e2e63c962858a5","messageTitle":"Level-6","messageBody":"","tags":["Level-6"],"fileTypesAndContributionMap":{"java":{"insertions":19,"deletions":4}}},{"hash":"887ea374929743d4f2a03eeaabcdb02a8990d6e0","messageTitle":"A-Enums","messageBody":"","tags":["A-Enums"],"fileTypesAndContributionMap":{"java":{"insertions":20,"deletions":7}}}]}]},"authorFileTypeContributionMap":{"TJun-Jie":{"java":270,"md":0,"fxml":0,"sh":0,"bat":0,"gradle":0,"txt":9}},"authorContributionVariance":{"TJun-Jie":36796.688},"authorDisplayNameMap":{"TJun-Jie":"TAI .. JIE"}}
