{"authorDailyContributionsMap":{"cadencjk":[{"date":"2022-08-16","commitResults":[{"hash":"36e686341e17bddc1bae623200dc11aae2f9da79","messageTitle":"Implemented Greet, Echo, Exit function","messageBody":"","tags":["Level-1"],"fileTypesAndContributionMap":{"java":{"insertions":18,"deletions":0}}},{"hash":"be99b28e5501cbdf7387c626d1f1172a73425071","messageTitle":"Implemented Add, List Functions","messageBody":"","tags":["Level-2"],"fileTypesAndContributionMap":{"java":{"insertions":20,"deletions":1}}},{"hash":"629ed5daa70ad1e98d96314e1d38dfcb27a21003","messageTitle":"Implemented Mark as Done function","messageBody":"","tags":["Level-3"],"fileTypesAndContributionMap":{"java":{"insertions":33,"deletions":4}}},{"hash":"ba30a99b2421bc6b5ac395049bf031e7b8199766","messageTitle":"Implemented ToDos, Events, Deadlines functions","messageBody":"","tags":["Level-4"],"fileTypesAndContributionMap":{"java":{"insertions":71,"deletions":12}}},{"hash":"680b6da484bc01f35637a1cf7dcad098695a6659","messageTitle":"Conducted Automated Text UI Testing","messageBody":"","tags":["A-TextUiTesting"],"fileTypesAndContributionMap":{"txt":{"insertions":10,"deletions":0}}},{"hash":"7a603abed550455e8d031da70679b1b3d6159b7c","messageTitle":"Handling Checked Exceptions","messageBody":"","tags":["Level-5"],"fileTypesAndContributionMap":{"java":{"insertions":70,"deletions":20}}},{"hash":"c76d6ece4a322301c1fe265a08013ea81b44966e","messageTitle":"Implemented Delete function","messageBody":"","tags":["Level-6"],"fileTypesAndContributionMap":{"java":{"insertions":7,"deletions":0}}}]},{"date":"2022-08-21","commitResults":[{"hash":"a5b315e0b80ef422853b6ae0cf11d0e284f418fe","messageTitle":"Tidy code with better style","messageBody":"","fileTypesAndContributionMap":{"java":{"insertions":26,"deletions":30}}},{"hash":"fb5f06db0c40689f609e5ba110810f31bf400c44","messageTitle":"Implement save function","messageBody":"","fileTypesAndContributionMap":{"java":{"insertions":100,"deletions":3}}},{"hash":"23870ce2fdb7eb230c88274c46a663f29dfa8950","messageTitle":"Replace date as Date object","messageBody":"","fileTypesAndContributionMap":{"java":{"insertions":15,"deletions":6}}}]}]},"authorFileTypeContributionMap":{"cadencjk":{"java":284,"md":0,"fxml":0,"sh":0,"bat":0,"gradle":0,"txt":10}},"authorContributionVariance":{"cadencjk":8326.439},"authorDisplayNameMap":{"cadencjk":"CS2103T-T09-4 CADE.. KAI"}}
