{"authorDailyContributionsMap":{"guokweijie":[{"date":"2022-08-16","commitResults":[{"hash":"ae090978db7fcc4a81205da2f8715afe69e59de4","messageTitle":"completed Level 1 of ip","messageBody":"","tags":["Level-1"],"fileTypesAndContributionMap":{"java":{"insertions":14,"deletions":6}}},{"hash":"df84a77ba3e2487a12dfdac348ca13df8d7cf409","messageTitle":"completed Level-2","messageBody":"","tags":["Level-2"],"fileTypesAndContributionMap":{"java":{"insertions":20,"deletions":4}}}]},{"date":"2022-08-17","commitResults":[{"hash":"e1395997c37a6275fde3f65923910dc5d53dc94d","messageTitle":"added Task class and completed Level-3","messageBody":"","tags":["Level-3"],"fileTypesAndContributionMap":{"java":{"insertions":51,"deletions":7}}},{"hash":"d60b7aa1626d67641b60a7fd25df2db092d27e86","messageTitle":"added Todo, Event and Deadline classes, completed Level-4","messageBody":"","tags":["Level-4"],"fileTypesAndContributionMap":{"java":{"insertions":79,"deletions":5}}},{"hash":"70862c79e49f529f48b90544463d31d1788426d7","messageTitle":"performed automated text UI testing, completed A-TextUiTesting","messageBody":"","tags":["A-TextUiTesting"],"fileTypesAndContributionMap":{"txt":{"insertions":6,"deletions":0},"java":{"insertions":1,"deletions":1}}},{"hash":"f2a31afa221889cbc13657419afaec7da1c66d7a","messageTitle":"handled exceptions and added delete function, completed Level-5 and Level-6","messageBody":"","tags":["Level-6","Level-5"],"fileTypesAndContributionMap":{"java":{"insertions":77,"deletions":44}}}]},{"date":"2022-08-18","commitResults":[{"hash":"e541e1a7c5cd5028bdb8b0deec19d664c61cfa47","messageTitle":"used try-catch block to handle exceptions, modified for Level-5","messageBody":"","fileTypesAndContributionMap":{"java":{"insertions":65,"deletions":65}}}]},{"date":"2022-08-23","commitResults":[{"hash":"8fa57c027f6b8039a339b94eacb88d6d916d8309","messageTitle":"Save tasks in taskList.txt and updates it when task list changes","messageBody":"","fileTypesAndContributionMap":{"txt":{"insertions":4,"deletions":0},"java":{"insertions":141,"deletions":76}}},{"hash":"397deefacbcbf81f45975d6911998602352b7cbd","messageTitle":"Change the Duke bot methods to non-static and add functions","messageBody":"","fileTypesAndContributionMap":{"java":{"insertions":68,"deletions":35}}}]},{"date":"2022-08-24","commitResults":[{"hash":"0b3bd7759277cb1ad3b5f13431efe8d2c1f15cee","messageTitle":"Store date and time for event and deadline","messageBody":"","fileTypesAndContributionMap":{"java":{"insertions":68,"deletions":7}}}]},{"date":"2022-08-25","commitResults":[{"hash":"07b3a91b6b3e674612f8cd43b9bc1887f8abfb9c","messageTitle":"Extract classes to make the code more OOP","messageBody":"","tags":["A-MoreOOP"],"fileTypesAndContributionMap":{"txt":{"insertions":3,"deletions":1},"java":{"insertions":339,"deletions":181}}},{"hash":"f30583208e12c9926e17ee753d7463f1c99fe12a","messageTitle":"Put all classes in duke package","messageBody":"","tags":["A-Packages"],"fileTypesAndContributionMap":{"txt":{"insertions":2,"deletions":3},"java":{"insertions":16,"deletions":0}}}]},{"date":"2022-08-26","commitResults":[{"hash":"f3aa5cfab24d9241916c870eff438864bb9e7db4","messageTitle":"Add gradle files to project","messageBody":"","tags":["A-Gradle"],"fileTypesAndContributionMap":{"gradle":{"insertions":41,"deletions":0},"bat":{"insertions":103,"deletions":0}}},{"hash":"20b73b5970e570fd92d81e490a65570e84aeb2fe","messageTitle":"Add JUnit tests for ToDo, Deadline and Event classes","messageBody":"","tags":["A-Jar","A-JUnit"],"fileTypesAndContributionMap":{"txt":{"insertions":1,"deletions":0},"java":{"insertions":41,"deletions":0}}}]},{"date":"2022-08-27","commitResults":[{"hash":"b21bca017290ee0dfee082fb328b2623200de65e","messageTitle":"Change main class name of build.gradle file and modify loadUpData() function","messageBody":"","fileTypesAndContributionMap":{"gradle":{"insertions":1,"deletions":1},"txt":{"insertions":0,"deletions":6},"java":{"insertions":4,"deletions":0}}},{"hash":"23e0f0f0ecfcce2c0e3cd479b2fb3b0aa41f7ff4","messageTitle":"Add JavaDoc comments to all classes.","messageBody":"","fileTypesAndContributionMap":{"java":{"insertions":231,"deletions":10}}},{"hash":"eed6689f304e7ce7718760aee9fb59a91150ec5f","messageTitle":"Modify code to follow Java coding standard","messageBody":"","fileTypesAndContributionMap":{"java":{"insertions":2,"deletions":13}}},{"hash":"b1c11b90b1feb1430302f730e59faf4614371a5f","messageTitle":"Add function to find task by searching for a keyword","messageBody":"","fileTypesAndContributionMap":{"txt":{"insertions":5,"deletions":0},"java":{"insertions":32,"deletions":0}}},{"hash":"6aef642acf65251ab0a5c22958ed7af65a318b64","messageTitle":"Import FileNotFoundException in Storage class","messageBody":"","fileTypesAndContributionMap":{"java":{"insertions":1,"deletions":0}}},{"hash":"ba8a3905b7a7d87bc3df58fa164ce7cc931ca8b9","messageTitle":"Add on to the Javadocs to follow coding standard.","messageBody":"","fileTypesAndContributionMap":{"java":{"insertions":9,"deletions":9}}}]},{"date":"2022-08-30","commitResults":[{"hash":"7378c1cfac45485d8406afd3d437a69bed1af7aa","messageTitle":"Make Parser class set date and time instead","messageBody":"","fileTypesAndContributionMap":{"txt":{"insertions":1,"deletions":0},"java":{"insertions":96,"deletions":69}}},{"hash":"5043f545a69378467042b10bcf56375eb608e517","messageTitle":"Rebuild gradle project","messageBody":"","fileTypesAndContributionMap":{"java":{"insertions":0,"deletions":0}}}]},{"date":"2022-09-02","commitResults":[{"hash":"ed55ee4d6d2dab7fddf04d1b75bb81777ef04ccf","messageTitle":"Add a GUI to Duke","messageBody":"","tags":["Level-10"],"fileTypesAndContributionMap":{"gradle":{"insertions":7,"deletions":1},"txt":{"insertions":6,"deletions":5},"java":{"insertions":404,"deletions":17},"bat":{"insertions":11,"deletions":23}}}]},{"date":"2022-09-03","commitResults":[{"hash":"c0b06c884d3d62832a704aa037e4fc6fab9a6db2","messageTitle":"Use FXML in the application","messageBody":"","fileTypesAndContributionMap":{"gradle":{"insertions":1,"deletions":1},"fxml":{"insertions":35,"deletions":0},"txt":{"insertions":4,"deletions":4},"java":{"insertions":173,"deletions":91}}}]},{"date":"2022-09-08","commitResults":[{"hash":"68e87d0272708a760e5ffef9df449397ef351c3f","messageTitle":"Use assertions","messageBody":"No usage of assertions in the code.\n\nAssertions can help to check for important assumptions that should hold\nat various points in the code.\n\nLet\u0027s use assertions in the code.\n\nUsing assertions improves the quality of code as it is a complementary\nway of handling errors.\n","tags":["A-FullCommitMessage","A-Assertions"],"fileTypesAndContributionMap":{"gradle":{"insertions":1,"deletions":0},"txt":{"insertions":1,"deletions":1},"java":{"insertions":14,"deletions":299}}}]},{"date":"2022-09-09","commitResults":[{"hash":"74c6ee6a29118333f6325fec87e4164525de4bbc","messageTitle":"Improve code quality for all files","messageBody":"The code has long methods, deep nesting and lack of abstraction.\n\nThe code needs to be more readable and follow the Java coding standards.\n\nLet\u0027s refactor out code, make new methods and separate code into\ndifferent logical units for better readability.\n\nThis is such that the code appears more readable and adheres to coding\nstandards.\n","tags":["A-CodeQuality"],"fileTypesAndContributionMap":{"txt":{"insertions":4,"deletions":3},"java":{"insertions":390,"deletions":578}}},{"hash":"55f9d441af79ed0048045e029c2f2c216de08eb4","messageTitle":"Change taskList file","messageBody":"","fileTypesAndContributionMap":{"txt":{"insertions":0,"deletions":4}}},{"hash":"76b612d829c7ca0def822f51d3510ba132a95070","messageTitle":"Attach priorities to tasks","messageBody":"","tags":["BCD-Extension"],"fileTypesAndContributionMap":{"txt":{"insertions":3,"deletions":1},"java":{"insertions":142,"deletions":23}}}]},{"date":"2022-09-10","commitResults":[{"hash":"d382e5b11fbcb34ecd9725aac3dbe41b0a1e67dd","messageTitle":"Edit JavaDoc method comments","messageBody":"","fileTypesAndContributionMap":{"txt":{"insertions":1,"deletions":0},"java":{"insertions":79,"deletions":70}}}]},{"date":"2022-09-15","commitResults":[{"hash":"d23bf6638d4a9dfc7ad8398173151d1e12cdf245","messageTitle":"Implement checkstyle","messageBody":"","tags":["A-CheckStyle"],"fileTypesAndContributionMap":{"gradle":{"insertions":5,"deletions":0},"java":{"insertions":88,"deletions":55}}},{"hash":"d4ca91ef96bd8e26bb1073a828adf65361208e4b","messageTitle":"Edit comments in code","messageBody":"","fileTypesAndContributionMap":{"java":{"insertions":5,"deletions":5}}},{"hash":"fafc8962c1e1ed61be852f26445f820217eb254c","messageTitle":"Handle case when user do not input date and time","messageBody":"","tags":["A-MoreErrorHandling"],"fileTypesAndContributionMap":{"java":{"insertions":8,"deletions":2}}},{"hash":"4efcad7c2af1fab3d6a8e9cd39c4f210354027f8","messageTitle":"Change parse method for date and time","messageBody":"","fileTypesAndContributionMap":{"txt":{"insertions":2,"deletions":2},"java":{"insertions":1,"deletions":1}}}]},{"date":"2022-09-16","commitResults":[{"hash":"8f39024aba80a8a3db563edb63eb43725ce9f5f7","messageTitle":"Change the way Event and Deadline stores date and time","messageBody":"","fileTypesAndContributionMap":{"txt":{"insertions":3,"deletions":3},"java":{"insertions":82,"deletions":56}}},{"hash":"25c945e4afebbf57463e22c6abaeaa3718536ce1","messageTitle":"Change display pictures for Duke and user","messageBody":"","tags":["A-Personality"],"fileTypesAndContributionMap":{"java":{"insertions":2,"deletions":2}}},{"hash":"725d222eb0e74e3697bcfb2b876f023073fd38d4","messageTitle":"Add a brief User Guide","messageBody":"","tags":["A-UserGuide","A-Release"],"fileTypesAndContributionMap":{"fxml":{"insertions":1,"deletions":1},"txt":{"insertions":5,"deletions":4},"java":{"insertions":88,"deletions":62},"md":{"insertions":298,"deletions":8}}},{"hash":"ef59fb42098da2d2e2a818a1195e8a2255f85706","messageTitle":"Edit User Guide commands","messageBody":"","fileTypesAndContributionMap":{"md":{"insertions":16,"deletions":10}}}]},{"date":"2022-09-17","commitResults":[{"hash":"32c1e8ff60c83b2d89cf517dd8996e067295f6d7","messageTitle":"Change Ui screenshot","messageBody":"","fileTypesAndContributionMap":{"txt":{"insertions":2,"deletions":2}}},{"hash":"b6eee4ff372c1b06606956b878578bb2804de5cb","messageTitle":"Edit the User Guide","messageBody":"","fileTypesAndContributionMap":{"md":{"insertions":50,"deletions":10}}}]}]},"authorFileTypeContributionMap":{"guokweijie":{"java":1344,"md":334,"fxml":35,"sh":0,"bat":91,"gradle":53,"txt":12}},"authorContributionVariance":{"guokweijie":56803.242},"authorDisplayNameMap":{"guokweijie":"CS2103T-W08-1 GUOK.. JIE"}}
