[{"path":"data/Neo.txt","fileType":"txt","lines":[{"lineNumber":1,"author":{"gitId":"richavm14"},"content":"[D][ ] return book  (by: Feb 02 2022)","lastModifiedDate":"2022-08-28"},{"lineNumber":2,"author":{"gitId":"richavm14"},"content":"","lastModifiedDate":"2022-08-25"},{"lineNumber":3,"author":{"gitId":"richavm14"},"content":"[D][ ] return book  (by: Feb 03 2022)","lastModifiedDate":"2022-08-28"},{"lineNumber":4,"author":{"gitId":"richavm14"},"content":"","lastModifiedDate":"2022-08-26"},{"lineNumber":5,"author":{"gitId":"richavm14"},"content":"[D][ ] return book  (by: Feb 02 2022)","lastModifiedDate":"2022-08-29"},{"lineNumber":6,"author":{"gitId":"richavm14"},"content":"","lastModifiedDate":"2022-08-29"}],"authorContributionMap":{"richavm14":6}},{"path":"src/main/java/neo/AddCommand.java","fileType":"java","lines":[{"lineNumber":1,"author":{"gitId":"richavm14"},"content":"package neo;","lastModifiedDate":"2022-08-29"},{"lineNumber":2,"author":{"gitId":"richavm14"},"content":"import java.io.IOException;","lastModifiedDate":"2022-08-28"},{"lineNumber":3,"author":{"gitId":"richavm14"},"content":"public class AddCommand extends Command {","lastModifiedDate":"2022-08-28"},{"lineNumber":4,"author":{"gitId":"richavm14"},"content":"","lastModifiedDate":"2022-08-28"},{"lineNumber":5,"author":{"gitId":"richavm14"},"content":"    private TaskList arrayLL;","lastModifiedDate":"2022-08-28"},{"lineNumber":6,"author":{"gitId":"richavm14"},"content":"    private Ui ui;","lastModifiedDate":"2022-08-28"},{"lineNumber":7,"author":{"gitId":"richavm14"},"content":"    private Storage stor;","lastModifiedDate":"2022-08-28"},{"lineNumber":8,"author":{"gitId":"richavm14"},"content":"    private int type;","lastModifiedDate":"2022-08-28"},{"lineNumber":9,"author":{"gitId":"richavm14"},"content":"","lastModifiedDate":"2022-08-28"},{"lineNumber":10,"author":{"gitId":"richavm14"},"content":"    public AddCommand(Ui ui, Storage stor, TaskList arrayLL, int type) {","lastModifiedDate":"2022-08-28"},{"lineNumber":11,"author":{"gitId":"richavm14"},"content":"        this.ui \u003d ui;","lastModifiedDate":"2022-08-28"},{"lineNumber":12,"author":{"gitId":"richavm14"},"content":"        this.stor \u003d stor;","lastModifiedDate":"2022-08-28"},{"lineNumber":13,"author":{"gitId":"richavm14"},"content":"        this.arrayLL \u003d arrayLL;","lastModifiedDate":"2022-08-28"},{"lineNumber":14,"author":{"gitId":"richavm14"},"content":"        this.type \u003d type;","lastModifiedDate":"2022-08-28"},{"lineNumber":15,"author":{"gitId":"richavm14"},"content":"    }","lastModifiedDate":"2022-08-28"},{"lineNumber":16,"author":{"gitId":"richavm14"},"content":"","lastModifiedDate":"2022-08-28"},{"lineNumber":17,"author":{"gitId":"richavm14"},"content":"    @Override","lastModifiedDate":"2022-08-28"},{"lineNumber":18,"author":{"gitId":"richavm14"},"content":"    void complete(String tempi) throws NeoException, IOException {","lastModifiedDate":"2022-08-28"},{"lineNumber":19,"author":{"gitId":"richavm14"},"content":"","lastModifiedDate":"2022-08-28"},{"lineNumber":20,"author":{"gitId":"richavm14"},"content":"        if (type \u003d\u003d0) {","lastModifiedDate":"2022-08-28"},{"lineNumber":21,"author":{"gitId":"richavm14"},"content":"            String arri[];","lastModifiedDate":"2022-08-28"},{"lineNumber":22,"author":{"gitId":"richavm14"},"content":"            arri \u003d tempi.split(\"/by \");","lastModifiedDate":"2022-08-28"},{"lineNumber":23,"author":{"gitId":"richavm14"},"content":"            String temp2 \u003d arri[0];","lastModifiedDate":"2022-08-28"},{"lineNumber":24,"author":{"gitId":"richavm14"},"content":"            String temp3 \u003d arri[1];","lastModifiedDate":"2022-08-28"},{"lineNumber":25,"author":{"gitId":"richavm14"},"content":"","lastModifiedDate":"2022-08-28"},{"lineNumber":26,"author":{"gitId":"richavm14"},"content":"            Deadline d \u003d new Deadline(temp2, temp3);","lastModifiedDate":"2022-08-28"},{"lineNumber":27,"author":{"gitId":"richavm14"},"content":"            System.out.println(\"Added: \" + d.toString());","lastModifiedDate":"2022-08-28"},{"lineNumber":28,"author":{"gitId":"richavm14"},"content":"            arrayLL.addTask(d);","lastModifiedDate":"2022-08-28"},{"lineNumber":29,"author":{"gitId":"richavm14"},"content":"            stor.Storedata(d);","lastModifiedDate":"2022-08-28"},{"lineNumber":30,"author":{"gitId":"richavm14"},"content":"        }","lastModifiedDate":"2022-08-28"},{"lineNumber":31,"author":{"gitId":"richavm14"},"content":"        if (type \u003d\u003d1) {","lastModifiedDate":"2022-08-28"},{"lineNumber":32,"author":{"gitId":"richavm14"},"content":"            String arri[];","lastModifiedDate":"2022-08-28"},{"lineNumber":33,"author":{"gitId":"richavm14"},"content":"            arri \u003d tempi.split(\"/at \");","lastModifiedDate":"2022-08-28"},{"lineNumber":34,"author":{"gitId":"richavm14"},"content":"            String temp2 \u003d arri[0];","lastModifiedDate":"2022-08-28"},{"lineNumber":35,"author":{"gitId":"richavm14"},"content":"            String temp3 \u003d arri[1];","lastModifiedDate":"2022-08-28"},{"lineNumber":36,"author":{"gitId":"richavm14"},"content":"","lastModifiedDate":"2022-08-28"},{"lineNumber":37,"author":{"gitId":"richavm14"},"content":"            Event e \u003d new Event(temp2, temp3);","lastModifiedDate":"2022-08-28"},{"lineNumber":38,"author":{"gitId":"richavm14"},"content":"            System.out.println(\"Added: \" + e.toString());","lastModifiedDate":"2022-08-28"},{"lineNumber":39,"author":{"gitId":"richavm14"},"content":"            arrayLL.addTask(e);","lastModifiedDate":"2022-08-28"},{"lineNumber":40,"author":{"gitId":"richavm14"},"content":"            stor.Storedata(e);","lastModifiedDate":"2022-08-28"},{"lineNumber":41,"author":{"gitId":"richavm14"},"content":"        }","lastModifiedDate":"2022-08-28"},{"lineNumber":42,"author":{"gitId":"richavm14"},"content":"        if (type \u003d\u003d2) {","lastModifiedDate":"2022-08-28"},{"lineNumber":43,"author":{"gitId":"richavm14"},"content":"            ToDo td \u003d new ToDo(tempi);","lastModifiedDate":"2022-08-28"},{"lineNumber":44,"author":{"gitId":"richavm14"},"content":"            System.out.println(\"Added: \" + td.toString());","lastModifiedDate":"2022-08-28"},{"lineNumber":45,"author":{"gitId":"richavm14"},"content":"            arrayLL.addTask(td);","lastModifiedDate":"2022-08-28"},{"lineNumber":46,"author":{"gitId":"richavm14"},"content":"            stor.Storedata(td);","lastModifiedDate":"2022-08-28"},{"lineNumber":47,"author":{"gitId":"richavm14"},"content":"        }","lastModifiedDate":"2022-08-28"},{"lineNumber":48,"author":{"gitId":"richavm14"},"content":"    }","lastModifiedDate":"2022-08-28"},{"lineNumber":49,"author":{"gitId":"richavm14"},"content":"}","lastModifiedDate":"2022-08-28"}],"authorContributionMap":{"richavm14":49}},{"path":"src/main/java/neo/Command.java","fileType":"java","lines":[{"lineNumber":1,"author":{"gitId":"richavm14"},"content":"package neo;","lastModifiedDate":"2022-08-29"},{"lineNumber":2,"author":{"gitId":"richavm14"},"content":"import java.io.IOException;","lastModifiedDate":"2022-08-28"},{"lineNumber":3,"author":{"gitId":"richavm14"},"content":"","lastModifiedDate":"2022-08-28"},{"lineNumber":4,"author":{"gitId":"richavm14"},"content":"abstract class Command {","lastModifiedDate":"2022-08-28"},{"lineNumber":5,"author":{"gitId":"richavm14"},"content":"    abstract void complete(String temp) throws NeoException, IOException;","lastModifiedDate":"2022-08-28"},{"lineNumber":6,"author":{"gitId":"richavm14"},"content":"}","lastModifiedDate":"2022-08-28"}],"authorContributionMap":{"richavm14":6}},{"path":"src/main/java/neo/Deadline.java","fileType":"java","lines":[{"lineNumber":1,"author":{"gitId":"richavm14"},"content":"package neo;","lastModifiedDate":"2022-08-29"},{"lineNumber":2,"author":{"gitId":"richavm14"},"content":"import java.time.LocalDate;","lastModifiedDate":"2022-08-26"},{"lineNumber":3,"author":{"gitId":"richavm14"},"content":"import java.time.format.DateTimeFormatter;","lastModifiedDate":"2022-08-26"},{"lineNumber":4,"author":{"gitId":"richavm14"},"content":"","lastModifiedDate":"2022-08-26"},{"lineNumber":5,"author":{"gitId":"richavm14"},"content":"public class Deadline extends Task{","lastModifiedDate":"2022-08-18"},{"lineNumber":6,"author":{"gitId":"richavm14"},"content":"    protected String by;","lastModifiedDate":"2022-08-18"},{"lineNumber":7,"author":{"gitId":"richavm14"},"content":"","lastModifiedDate":"2022-08-18"},{"lineNumber":8,"author":{"gitId":"richavm14"},"content":"    public Deadline(String description, String by) {","lastModifiedDate":"2022-08-18"},{"lineNumber":9,"author":{"gitId":"richavm14"},"content":"        super(description);","lastModifiedDate":"2022-08-18"},{"lineNumber":10,"author":{"gitId":"richavm14"},"content":"        this.by \u003d by;","lastModifiedDate":"2022-08-18"},{"lineNumber":11,"author":{"gitId":"richavm14"},"content":"    }","lastModifiedDate":"2022-08-18"},{"lineNumber":12,"author":{"gitId":"richavm14"},"content":"","lastModifiedDate":"2022-08-18"},{"lineNumber":13,"author":{"gitId":"richavm14"},"content":"    @Override","lastModifiedDate":"2022-08-18"},{"lineNumber":14,"author":{"gitId":"richavm14"},"content":"    public String toString() {","lastModifiedDate":"2022-08-18"},{"lineNumber":15,"author":{"gitId":"richavm14"},"content":"        LocalDate d1 \u003d LocalDate.parse(by);","lastModifiedDate":"2022-08-26"},{"lineNumber":16,"author":{"gitId":"richavm14"},"content":"        return \"[D]\" + super.toString() + \" (by: \" + d1.format(DateTimeFormatter.ofPattern(\"MMM dd yyyy\")) + \")\";","lastModifiedDate":"2022-08-26"},{"lineNumber":17,"author":{"gitId":"richavm14"},"content":"    }","lastModifiedDate":"2022-08-18"},{"lineNumber":18,"author":{"gitId":"richavm14"},"content":"}","lastModifiedDate":"2022-08-18"}],"authorContributionMap":{"richavm14":18}},{"path":"src/main/java/neo/DeleteCommand.java","fileType":"java","lines":[{"lineNumber":1,"author":{"gitId":"richavm14"},"content":"package neo;","lastModifiedDate":"2022-08-29"},{"lineNumber":2,"author":{"gitId":"richavm14"},"content":"import java.io.IOException;","lastModifiedDate":"2022-08-28"},{"lineNumber":3,"author":{"gitId":"richavm14"},"content":"","lastModifiedDate":"2022-08-28"},{"lineNumber":4,"author":{"gitId":"richavm14"},"content":"public class DeleteCommand extends Command {","lastModifiedDate":"2022-08-28"},{"lineNumber":5,"author":{"gitId":"richavm14"},"content":"","lastModifiedDate":"2022-08-28"},{"lineNumber":6,"author":{"gitId":"richavm14"},"content":"    private TaskList arrayLL;","lastModifiedDate":"2022-08-28"},{"lineNumber":7,"author":{"gitId":"richavm14"},"content":"    private Ui ui;","lastModifiedDate":"2022-08-28"},{"lineNumber":8,"author":{"gitId":"richavm14"},"content":"    private Storage stor;","lastModifiedDate":"2022-08-28"},{"lineNumber":9,"author":{"gitId":"richavm14"},"content":"","lastModifiedDate":"2022-08-28"},{"lineNumber":10,"author":{"gitId":"richavm14"},"content":"    Task task;","lastModifiedDate":"2022-08-28"},{"lineNumber":11,"author":{"gitId":"richavm14"},"content":"","lastModifiedDate":"2022-08-28"},{"lineNumber":12,"author":{"gitId":"richavm14"},"content":"    public DeleteCommand(Ui ui, Storage stor, TaskList arrayLL) {","lastModifiedDate":"2022-08-28"},{"lineNumber":13,"author":{"gitId":"richavm14"},"content":"        this.ui \u003d ui;","lastModifiedDate":"2022-08-28"},{"lineNumber":14,"author":{"gitId":"richavm14"},"content":"        this.stor \u003d stor;","lastModifiedDate":"2022-08-28"},{"lineNumber":15,"author":{"gitId":"richavm14"},"content":"        this.arrayLL \u003d arrayLL;","lastModifiedDate":"2022-08-28"},{"lineNumber":16,"author":{"gitId":"richavm14"},"content":"    }","lastModifiedDate":"2022-08-28"},{"lineNumber":17,"author":{"gitId":"richavm14"},"content":"","lastModifiedDate":"2022-08-28"},{"lineNumber":18,"author":{"gitId":"richavm14"},"content":"    @Override","lastModifiedDate":"2022-08-28"},{"lineNumber":19,"author":{"gitId":"richavm14"},"content":"    void complete(String tempi) throws NeoException, IOException {","lastModifiedDate":"2022-08-28"},{"lineNumber":20,"author":{"gitId":"richavm14"},"content":"        int tempii \u003d Integer.valueOf(tempi);","lastModifiedDate":"2022-08-28"},{"lineNumber":21,"author":{"gitId":"richavm14"},"content":"        System.out.println(\"ok, I\u0027ve deleted this take from array\");","lastModifiedDate":"2022-08-28"},{"lineNumber":22,"author":{"gitId":"richavm14"},"content":"        System.out.println(arrayLL.getTask(tempii-1).toString());","lastModifiedDate":"2022-08-28"},{"lineNumber":23,"author":{"gitId":"richavm14"},"content":"        arrayLL.delete(tempii-1);","lastModifiedDate":"2022-08-28"},{"lineNumber":24,"author":{"gitId":"richavm14"},"content":"    }","lastModifiedDate":"2022-08-28"},{"lineNumber":25,"author":{"gitId":"richavm14"},"content":"}","lastModifiedDate":"2022-08-28"}],"authorContributionMap":{"richavm14":25}},{"path":"src/main/java/neo/Event.java","fileType":"java","lines":[{"lineNumber":1,"author":{"gitId":"richavm14"},"content":"package neo;","lastModifiedDate":"2022-08-29"},{"lineNumber":2,"author":{"gitId":"richavm14"},"content":"import java.time.LocalDate;","lastModifiedDate":"2022-08-26"},{"lineNumber":3,"author":{"gitId":"richavm14"},"content":"import java.time.format.DateTimeFormatter;","lastModifiedDate":"2022-08-26"},{"lineNumber":4,"author":{"gitId":"richavm14"},"content":"","lastModifiedDate":"2022-08-26"},{"lineNumber":5,"author":{"gitId":"richavm14"},"content":"public class Event extends Task {","lastModifiedDate":"2022-08-18"},{"lineNumber":6,"author":{"gitId":"richavm14"},"content":"    protected String at;","lastModifiedDate":"2022-08-18"},{"lineNumber":7,"author":{"gitId":"richavm14"},"content":"","lastModifiedDate":"2022-08-18"},{"lineNumber":8,"author":{"gitId":"richavm14"},"content":"    public Event(String description, String at) {","lastModifiedDate":"2022-08-18"},{"lineNumber":9,"author":{"gitId":"richavm14"},"content":"        super(description);","lastModifiedDate":"2022-08-18"},{"lineNumber":10,"author":{"gitId":"richavm14"},"content":"        this.at \u003d at;","lastModifiedDate":"2022-08-18"},{"lineNumber":11,"author":{"gitId":"richavm14"},"content":"    }","lastModifiedDate":"2022-08-18"},{"lineNumber":12,"author":{"gitId":"richavm14"},"content":"","lastModifiedDate":"2022-08-18"},{"lineNumber":13,"author":{"gitId":"richavm14"},"content":"    @Override","lastModifiedDate":"2022-08-18"},{"lineNumber":14,"author":{"gitId":"richavm14"},"content":"    public String toString() {","lastModifiedDate":"2022-08-18"},{"lineNumber":15,"author":{"gitId":"richavm14"},"content":"        LocalDate e1 \u003d LocalDate.parse(at);","lastModifiedDate":"2022-08-26"},{"lineNumber":16,"author":{"gitId":"richavm14"},"content":"        return \"[E]\" + super.toString() + \" (on: \" + e1.format(DateTimeFormatter.ofPattern(\"MMM dd yyyy\")) + \")\";","lastModifiedDate":"2022-08-26"},{"lineNumber":17,"author":{"gitId":"richavm14"},"content":"    }","lastModifiedDate":"2022-08-18"},{"lineNumber":18,"author":{"gitId":"richavm14"},"content":"}","lastModifiedDate":"2022-08-18"}],"authorContributionMap":{"richavm14":18}},{"path":"src/main/java/neo/MarkCommand.java","fileType":"java","lines":[{"lineNumber":1,"author":{"gitId":"richavm14"},"content":"package neo;","lastModifiedDate":"2022-08-29"},{"lineNumber":2,"author":{"gitId":"richavm14"},"content":"import java.io.IOException;","lastModifiedDate":"2022-08-28"},{"lineNumber":3,"author":{"gitId":"richavm14"},"content":"","lastModifiedDate":"2022-08-28"},{"lineNumber":4,"author":{"gitId":"richavm14"},"content":"public class MarkCommand extends Command {","lastModifiedDate":"2022-08-28"},{"lineNumber":5,"author":{"gitId":"richavm14"},"content":"","lastModifiedDate":"2022-08-28"},{"lineNumber":6,"author":{"gitId":"richavm14"},"content":"    private TaskList arrayLL;","lastModifiedDate":"2022-08-28"},{"lineNumber":7,"author":{"gitId":"richavm14"},"content":"    private Ui ui;","lastModifiedDate":"2022-08-28"},{"lineNumber":8,"author":{"gitId":"richavm14"},"content":"    private Storage stor;","lastModifiedDate":"2022-08-28"},{"lineNumber":9,"author":{"gitId":"richavm14"},"content":"","lastModifiedDate":"2022-08-28"},{"lineNumber":10,"author":{"gitId":"richavm14"},"content":"    Task task;","lastModifiedDate":"2022-08-28"},{"lineNumber":11,"author":{"gitId":"richavm14"},"content":"","lastModifiedDate":"2022-08-28"},{"lineNumber":12,"author":{"gitId":"richavm14"},"content":"    public MarkCommand(Ui ui, Storage stor, TaskList arrayLL) {","lastModifiedDate":"2022-08-28"},{"lineNumber":13,"author":{"gitId":"richavm14"},"content":"        this.ui \u003d ui;","lastModifiedDate":"2022-08-28"},{"lineNumber":14,"author":{"gitId":"richavm14"},"content":"        this.stor \u003d stor;","lastModifiedDate":"2022-08-28"},{"lineNumber":15,"author":{"gitId":"richavm14"},"content":"        this.arrayLL \u003d arrayLL;","lastModifiedDate":"2022-08-28"},{"lineNumber":16,"author":{"gitId":"richavm14"},"content":"    }","lastModifiedDate":"2022-08-28"},{"lineNumber":17,"author":{"gitId":"richavm14"},"content":"","lastModifiedDate":"2022-08-28"},{"lineNumber":18,"author":{"gitId":"richavm14"},"content":"    @Override","lastModifiedDate":"2022-08-28"},{"lineNumber":19,"author":{"gitId":"richavm14"},"content":"    void complete(String tempi) throws NeoException, IOException {","lastModifiedDate":"2022-08-28"},{"lineNumber":20,"author":{"gitId":"richavm14"},"content":"        int tempii \u003d Integer.valueOf(tempi);","lastModifiedDate":"2022-08-28"},{"lineNumber":21,"author":{"gitId":"richavm14"},"content":"        arrayLL.getTask(tempii-1).setIsDone(true);","lastModifiedDate":"2022-08-28"},{"lineNumber":22,"author":{"gitId":"richavm14"},"content":"        System.out.println(\"Nice! I\u0027ve marked this task as done\");","lastModifiedDate":"2022-08-28"},{"lineNumber":23,"author":{"gitId":"richavm14"},"content":"        System.out.println(arrayLL.getTask(tempii-1).toString());","lastModifiedDate":"2022-08-28"},{"lineNumber":24,"author":{"gitId":"richavm14"},"content":"    }","lastModifiedDate":"2022-08-28"},{"lineNumber":25,"author":{"gitId":"richavm14"},"content":"}","lastModifiedDate":"2022-08-28"}],"authorContributionMap":{"richavm14":25}},{"path":"src/main/java/neo/Neo.java","fileType":"java","lines":[{"lineNumber":1,"author":{"gitId":"richavm14"},"content":"package neo;//package neo;","lastModifiedDate":"2022-08-29"},{"lineNumber":2,"author":{"gitId":"richavm14"},"content":"import neo.*;","lastModifiedDate":"2022-08-29"},{"lineNumber":3,"author":{"gitId":"richavm14"},"content":"import java.io.IOException;","lastModifiedDate":"2022-08-25"},{"lineNumber":4,"author":{"gitId":"richavm14"},"content":"import java.util.*;","lastModifiedDate":"2022-08-18"},{"lineNumber":5,"author":{"gitId":"richavm14"},"content":"","lastModifiedDate":"2022-08-29"},{"lineNumber":6,"author":{"gitId":"richavm14"},"content":"public class Neo {","lastModifiedDate":"2022-08-18"},{"lineNumber":7,"author":{"gitId":"richavm14"},"content":"    private Storage stor;","lastModifiedDate":"2022-08-28"},{"lineNumber":8,"author":{"gitId":"richavm14"},"content":"    private Ui ui;","lastModifiedDate":"2022-08-28"},{"lineNumber":9,"author":{"gitId":"richavm14"},"content":"    private TaskList arrayLL;","lastModifiedDate":"2022-08-28"},{"lineNumber":10,"author":{"gitId":"richavm14"},"content":"    private Parser parser;","lastModifiedDate":"2022-08-28"},{"lineNumber":11,"author":{"gitId":"richavm14"},"content":"","lastModifiedDate":"2022-08-25"},{"lineNumber":12,"author":{"gitId":"richavm14"},"content":"    public Neo() {","lastModifiedDate":"2022-08-28"},{"lineNumber":13,"author":{"gitId":"richavm14"},"content":"        this.stor \u003d new Storage();","lastModifiedDate":"2022-08-28"},{"lineNumber":14,"author":{"gitId":"richavm14"},"content":"        this.ui \u003d new Ui();","lastModifiedDate":"2022-08-28"},{"lineNumber":15,"author":{"gitId":"richavm14"},"content":"        this.arrayLL \u003d new TaskList();","lastModifiedDate":"2022-08-28"},{"lineNumber":16,"author":{"gitId":"richavm14"},"content":"        this.parser \u003d new Parser(ui, stor, arrayLL);","lastModifiedDate":"2022-08-28"},{"lineNumber":17,"author":{"gitId":"richavm14"},"content":"    }","lastModifiedDate":"2022-08-25"},{"lineNumber":18,"author":{"gitId":"richavm14"},"content":"","lastModifiedDate":"2022-08-25"},{"lineNumber":19,"author":{"gitId":"richavm14"},"content":"","lastModifiedDate":"2022-08-25"},{"lineNumber":20,"author":{"gitId":"richavm14"},"content":"    public static void main(String[] args) throws NeoException, IOException {","lastModifiedDate":"2022-08-25"},{"lineNumber":21,"author":{"gitId":"richavm14"},"content":"","lastModifiedDate":"2022-08-18"},{"lineNumber":22,"author":{"gitId":"richavm14"},"content":"        List\u003cString\u003e arrayList \u003d new ArrayList\u003cString\u003e();","lastModifiedDate":"2022-08-19"},{"lineNumber":23,"author":{"gitId":"richavm14"},"content":"        List\u003cTask\u003e arrayL \u003d new ArrayList\u003cTask\u003e();","lastModifiedDate":"2022-08-18"},{"lineNumber":24,"author":{"gitId":"richavm14"},"content":"        String userText;","lastModifiedDate":"2022-08-18"},{"lineNumber":25,"author":{"gitId":"richavm14"},"content":"","lastModifiedDate":"2022-08-18"},{"lineNumber":26,"author":{"gitId":"richavm14"},"content":"        Task[] tasks \u003d new Task[100];","lastModifiedDate":"2022-08-18"},{"lineNumber":27,"author":{"gitId":"richavm14"},"content":"        Neo neo \u003d new Neo();","lastModifiedDate":"2022-08-28"},{"lineNumber":28,"author":{"gitId":"richavm14"},"content":"        neo.ui.printStart();","lastModifiedDate":"2022-08-28"},{"lineNumber":29,"author":{"gitId":"richavm14"},"content":"        Scanner sc \u003d new Scanner(System.in);","lastModifiedDate":"2022-08-19"},{"lineNumber":30,"author":{"gitId":"richavm14"},"content":"","lastModifiedDate":"2022-08-19"},{"lineNumber":31,"author":{"gitId":"richavm14"},"content":"        while (true) {","lastModifiedDate":"2022-08-18"},{"lineNumber":32,"author":{"gitId":"richavm14"},"content":"            System.out.println(\"Please enter items you want to add to the list, if you want to quit enter bye\");","lastModifiedDate":"2022-08-18"},{"lineNumber":33,"author":{"gitId":"richavm14"},"content":"            System.out.println(\"\");","lastModifiedDate":"2022-08-18"},{"lineNumber":34,"author":{"gitId":"richavm14"},"content":"            System.out.print(\"Enter Your command: \");","lastModifiedDate":"2022-08-18"},{"lineNumber":35,"author":{"gitId":"richavm14"},"content":"            userText \u003d sc.nextLine();","lastModifiedDate":"2022-08-18"},{"lineNumber":36,"author":{"gitId":"richavm14"},"content":"            System.out.println(\"\");","lastModifiedDate":"2022-08-18"},{"lineNumber":37,"author":{"gitId":"richavm14"},"content":"","lastModifiedDate":"2022-08-19"},{"lineNumber":38,"author":{"gitId":"richavm14"},"content":"            if (userText.equals(\"bye\") || userText.equals(\"Bye\")) {","lastModifiedDate":"2022-08-18"},{"lineNumber":39,"author":{"gitId":"richavm14"},"content":"                System.out.println(\"Exiting chatbot! Hope to see you again\");","lastModifiedDate":"2022-08-18"},{"lineNumber":40,"author":{"gitId":"richavm14"},"content":"                break;","lastModifiedDate":"2022-08-18"},{"lineNumber":41,"author":{"gitId":"richavm14"},"content":"            }","lastModifiedDate":"2022-08-18"},{"lineNumber":42,"author":{"gitId":"richavm14"},"content":"","lastModifiedDate":"2022-08-18"},{"lineNumber":43,"author":{"gitId":"richavm14"},"content":"            neo.parser.checkText(userText);","lastModifiedDate":"2022-08-28"},{"lineNumber":44,"author":{"gitId":"richavm14"},"content":"        }","lastModifiedDate":"2022-08-18"},{"lineNumber":45,"author":{"gitId":"richavm14"},"content":"    }","lastModifiedDate":"2022-08-18"},{"lineNumber":46,"author":{"gitId":"richavm14"},"content":"}","lastModifiedDate":"2022-08-18"},{"lineNumber":47,"author":{"gitId":"richavm14"},"content":"","lastModifiedDate":"2022-08-19"},{"lineNumber":48,"author":{"gitId":"richavm14"},"content":"","lastModifiedDate":"2022-08-26"}],"authorContributionMap":{"richavm14":48}},{"path":"src/main/java/neo/NeoException.java","fileType":"java","lines":[{"lineNumber":1,"author":{"gitId":"richavm14"},"content":"package neo;","lastModifiedDate":"2022-08-29"},{"lineNumber":2,"author":{"gitId":"richavm14"},"content":"public class NeoException extends Exception {","lastModifiedDate":"2022-08-19"},{"lineNumber":3,"author":{"gitId":"richavm14"},"content":"    public NeoException(String msg) {","lastModifiedDate":"2022-08-19"},{"lineNumber":4,"author":{"gitId":"richavm14"},"content":"        super(msg);","lastModifiedDate":"2022-08-19"},{"lineNumber":5,"author":{"gitId":"richavm14"},"content":"    }","lastModifiedDate":"2022-08-19"},{"lineNumber":6,"author":{"gitId":"richavm14"},"content":"}","lastModifiedDate":"2022-08-19"}],"authorContributionMap":{"richavm14":6}},{"path":"src/main/java/neo/Parser.java","fileType":"java","lines":[{"lineNumber":1,"author":{"gitId":"richavm14"},"content":"package neo;","lastModifiedDate":"2022-08-29"},{"lineNumber":2,"author":{"gitId":"richavm14"},"content":"import java.io.IOException;","lastModifiedDate":"2022-08-28"},{"lineNumber":3,"author":{"gitId":"richavm14"},"content":"","lastModifiedDate":"2022-08-28"},{"lineNumber":4,"author":{"gitId":"richavm14"},"content":"public class Parser {","lastModifiedDate":"2022-08-28"},{"lineNumber":5,"author":{"gitId":"richavm14"},"content":"    private AddCommand add;","lastModifiedDate":"2022-08-28"},{"lineNumber":6,"author":{"gitId":"richavm14"},"content":"    private DeleteCommand delete;","lastModifiedDate":"2022-08-28"},{"lineNumber":7,"author":{"gitId":"richavm14"},"content":"    private MarkCommand mark;","lastModifiedDate":"2022-08-28"},{"lineNumber":8,"author":{"gitId":"richavm14"},"content":"    private UnMarkCommand unmark;","lastModifiedDate":"2022-08-28"},{"lineNumber":9,"author":{"gitId":"richavm14"},"content":"    private Ui ui;","lastModifiedDate":"2022-08-28"},{"lineNumber":10,"author":{"gitId":"richavm14"},"content":"    private Storage stor;","lastModifiedDate":"2022-08-28"},{"lineNumber":11,"author":{"gitId":"richavm14"},"content":"    private TaskList arrayLL;","lastModifiedDate":"2022-08-28"},{"lineNumber":12,"author":{"gitId":"richavm14"},"content":"    private int type;","lastModifiedDate":"2022-08-28"},{"lineNumber":13,"author":{"gitId":"richavm14"},"content":"    public Parser(Ui ui, Storage stor, TaskList arrayLL) {","lastModifiedDate":"2022-08-28"},{"lineNumber":14,"author":{"gitId":"richavm14"},"content":"        this.ui \u003d ui;","lastModifiedDate":"2022-08-28"},{"lineNumber":15,"author":{"gitId":"richavm14"},"content":"        this.stor \u003d stor;","lastModifiedDate":"2022-08-28"},{"lineNumber":16,"author":{"gitId":"richavm14"},"content":"        this.arrayLL \u003d arrayLL;","lastModifiedDate":"2022-08-28"},{"lineNumber":17,"author":{"gitId":"richavm14"},"content":"    }","lastModifiedDate":"2022-08-28"},{"lineNumber":18,"author":{"gitId":"richavm14"},"content":"","lastModifiedDate":"2022-08-28"},{"lineNumber":19,"author":{"gitId":"richavm14"},"content":"    public void checkText(String userText) throws NeoException, IOException {","lastModifiedDate":"2022-08-28"},{"lineNumber":20,"author":{"gitId":"richavm14"},"content":"","lastModifiedDate":"2022-08-28"},{"lineNumber":21,"author":{"gitId":"richavm14"},"content":"        if (userText.equals(\"list\") || userText.equals(\"List\")) {","lastModifiedDate":"2022-08-28"},{"lineNumber":22,"author":{"gitId":"richavm14"},"content":"            stor.Retrievedata();","lastModifiedDate":"2022-08-28"},{"lineNumber":23,"author":{"gitId":"richavm14"},"content":"        }","lastModifiedDate":"2022-08-28"},{"lineNumber":24,"author":{"gitId":"richavm14"},"content":"        String arr[];","lastModifiedDate":"2022-08-28"},{"lineNumber":25,"author":{"gitId":"richavm14"},"content":"        arr \u003d userText.split(\" \", 2);","lastModifiedDate":"2022-08-28"},{"lineNumber":26,"author":{"gitId":"richavm14"},"content":"        if (arr.length\u003e1 \u0026\u0026 arr[0].equals(\"mark\")){","lastModifiedDate":"2022-08-28"},{"lineNumber":27,"author":{"gitId":"richavm14"},"content":"            this.mark \u003d new MarkCommand(ui, stor, arrayLL);","lastModifiedDate":"2022-08-28"},{"lineNumber":28,"author":{"gitId":"richavm14"},"content":"            mark.complete(arr[1]);","lastModifiedDate":"2022-08-28"},{"lineNumber":29,"author":{"gitId":"richavm14"},"content":"        }","lastModifiedDate":"2022-08-28"},{"lineNumber":30,"author":{"gitId":"richavm14"},"content":"        if (arr.length\u003e1 \u0026\u0026 arr[0].equals(\"unmark\")){","lastModifiedDate":"2022-08-28"},{"lineNumber":31,"author":{"gitId":"richavm14"},"content":"            this.unmark \u003d new UnMarkCommand(ui, stor, arrayLL);","lastModifiedDate":"2022-08-28"},{"lineNumber":32,"author":{"gitId":"richavm14"},"content":"            unmark.complete(arr[1]);","lastModifiedDate":"2022-08-28"},{"lineNumber":33,"author":{"gitId":"richavm14"},"content":"        }","lastModifiedDate":"2022-08-28"},{"lineNumber":34,"author":{"gitId":"richavm14"},"content":"        if (arr.length\u003e1 \u0026\u0026 arr[0].equals(\"delete\")){","lastModifiedDate":"2022-08-28"},{"lineNumber":35,"author":{"gitId":"richavm14"},"content":"            this.delete \u003d new DeleteCommand(ui, stor, arrayLL);","lastModifiedDate":"2022-08-28"},{"lineNumber":36,"author":{"gitId":"richavm14"},"content":"            delete.complete(arr[1]);","lastModifiedDate":"2022-08-28"},{"lineNumber":37,"author":{"gitId":"richavm14"},"content":"        }","lastModifiedDate":"2022-08-28"},{"lineNumber":38,"author":{"gitId":"richavm14"},"content":"        else {","lastModifiedDate":"2022-08-28"},{"lineNumber":39,"author":{"gitId":"richavm14"},"content":"            try {","lastModifiedDate":"2022-08-28"},{"lineNumber":40,"author":{"gitId":"richavm14"},"content":"                if (!userText.equals(\"list\") \u0026\u0026 !userText.equals(\"List\") \u0026\u0026 !arr[0].equals(\"unmark\") \u0026\u0026 !arr[0].equals(\"mark\") \u0026\u0026 !arr[0].equals(\"delete\")) {","lastModifiedDate":"2022-08-28"},{"lineNumber":41,"author":{"gitId":"richavm14"},"content":"                    if (arr.length \u003e 1 \u0026\u0026 arr[0].equals(\"deadline\")) {","lastModifiedDate":"2022-08-28"},{"lineNumber":42,"author":{"gitId":"richavm14"},"content":"                        type \u003d 0;","lastModifiedDate":"2022-08-28"},{"lineNumber":43,"author":{"gitId":"richavm14"},"content":"                        String tempi \u003d arr[1];","lastModifiedDate":"2022-08-28"},{"lineNumber":44,"author":{"gitId":"richavm14"},"content":"                        this.add \u003d new AddCommand(ui, stor, arrayLL, type);","lastModifiedDate":"2022-08-28"},{"lineNumber":45,"author":{"gitId":"richavm14"},"content":"                        add.complete(tempi);","lastModifiedDate":"2022-08-28"},{"lineNumber":46,"author":{"gitId":"richavm14"},"content":"                    }","lastModifiedDate":"2022-08-28"},{"lineNumber":47,"author":{"gitId":"richavm14"},"content":"                    if (arr.length \u003e 1 \u0026\u0026 arr[0].equals(\"event\")) {","lastModifiedDate":"2022-08-28"},{"lineNumber":48,"author":{"gitId":"richavm14"},"content":"                        type \u003d 1;","lastModifiedDate":"2022-08-28"},{"lineNumber":49,"author":{"gitId":"richavm14"},"content":"                        String tempi \u003d arr[1];","lastModifiedDate":"2022-08-28"},{"lineNumber":50,"author":{"gitId":"richavm14"},"content":"                        this.add \u003d new AddCommand(ui, stor, arrayLL, type);","lastModifiedDate":"2022-08-28"},{"lineNumber":51,"author":{"gitId":"richavm14"},"content":"                        add.complete(tempi);","lastModifiedDate":"2022-08-28"},{"lineNumber":52,"author":{"gitId":"richavm14"},"content":"","lastModifiedDate":"2022-08-28"},{"lineNumber":53,"author":{"gitId":"richavm14"},"content":"                    }","lastModifiedDate":"2022-08-28"},{"lineNumber":54,"author":{"gitId":"richavm14"},"content":"                    if (arr.length \u003e 1 \u0026\u0026 arr[0].equals(\"todo\")) {","lastModifiedDate":"2022-08-28"},{"lineNumber":55,"author":{"gitId":"richavm14"},"content":"                        type \u003d 2;","lastModifiedDate":"2022-08-28"},{"lineNumber":56,"author":{"gitId":"richavm14"},"content":"                        String tempi \u003d arr[1];","lastModifiedDate":"2022-08-28"},{"lineNumber":57,"author":{"gitId":"richavm14"},"content":"                        this.add \u003d new AddCommand(ui, stor, arrayLL, type);","lastModifiedDate":"2022-08-28"},{"lineNumber":58,"author":{"gitId":"richavm14"},"content":"                        add.complete(tempi);","lastModifiedDate":"2022-08-28"},{"lineNumber":59,"author":{"gitId":"richavm14"},"content":"                    }","lastModifiedDate":"2022-08-28"},{"lineNumber":60,"author":{"gitId":"richavm14"},"content":"                    if (arr.length \u003d\u003d 1 \u0026\u0026 arr[0].equals(\"todo\")) {","lastModifiedDate":"2022-08-28"},{"lineNumber":61,"author":{"gitId":"richavm14"},"content":"                        throw new NeoException(\"sorry todo cannot be empty\");","lastModifiedDate":"2022-08-28"},{"lineNumber":62,"author":{"gitId":"richavm14"},"content":"                    }","lastModifiedDate":"2022-08-28"},{"lineNumber":63,"author":{"gitId":"richavm14"},"content":"                    if (!arr[0].equals(\"todo\") \u0026\u0026 !arr[0].equals(\"event\") \u0026\u0026 !arr[0].equals(\"deadline\")) {","lastModifiedDate":"2022-08-28"},{"lineNumber":64,"author":{"gitId":"richavm14"},"content":"                        throw new NeoException(\"Sorry I don\u0027t know what that means\");","lastModifiedDate":"2022-08-28"},{"lineNumber":65,"author":{"gitId":"richavm14"},"content":"                    }","lastModifiedDate":"2022-08-28"},{"lineNumber":66,"author":{"gitId":"richavm14"},"content":"                }","lastModifiedDate":"2022-08-28"},{"lineNumber":67,"author":{"gitId":"richavm14"},"content":"            } catch (NeoException | IOException e) {","lastModifiedDate":"2022-08-28"},{"lineNumber":68,"author":{"gitId":"richavm14"},"content":"                System.out.println(e.getMessage());","lastModifiedDate":"2022-08-28"},{"lineNumber":69,"author":{"gitId":"richavm14"},"content":"            }","lastModifiedDate":"2022-08-28"},{"lineNumber":70,"author":{"gitId":"richavm14"},"content":"        }","lastModifiedDate":"2022-08-28"},{"lineNumber":71,"author":{"gitId":"richavm14"},"content":"    }","lastModifiedDate":"2022-08-28"},{"lineNumber":72,"author":{"gitId":"richavm14"},"content":"}","lastModifiedDate":"2022-08-28"}],"authorContributionMap":{"richavm14":72}},{"path":"src/main/java/neo/Storage.java","fileType":"java","lines":[{"lineNumber":1,"author":{"gitId":"richavm14"},"content":"package neo;","lastModifiedDate":"2022-08-29"},{"lineNumber":2,"author":{"gitId":"richavm14"},"content":"import java.io.File;","lastModifiedDate":"2022-08-28"},{"lineNumber":3,"author":{"gitId":"richavm14"},"content":"import java.io.FileNotFoundException;","lastModifiedDate":"2022-08-28"},{"lineNumber":4,"author":{"gitId":"richavm14"},"content":"import java.io.FileWriter;","lastModifiedDate":"2022-08-28"},{"lineNumber":5,"author":{"gitId":"richavm14"},"content":"import java.io.IOException;","lastModifiedDate":"2022-08-28"},{"lineNumber":6,"author":{"gitId":"richavm14"},"content":"import java.util.Scanner;","lastModifiedDate":"2022-08-28"},{"lineNumber":7,"author":{"gitId":"richavm14"},"content":"","lastModifiedDate":"2022-08-28"},{"lineNumber":8,"author":{"gitId":"richavm14"},"content":"public class Storage {","lastModifiedDate":"2022-08-28"},{"lineNumber":9,"author":{"gitId":"richavm14"},"content":"    protected String inp;","lastModifiedDate":"2022-08-28"},{"lineNumber":10,"author":{"gitId":"richavm14"},"content":"    public Storage() {","lastModifiedDate":"2022-08-28"},{"lineNumber":11,"author":{"gitId":"richavm14"},"content":"    }","lastModifiedDate":"2022-08-28"},{"lineNumber":12,"author":{"gitId":"richavm14"},"content":"    public Storage(String inp) {","lastModifiedDate":"2022-08-28"},{"lineNumber":13,"author":{"gitId":"richavm14"},"content":"        this.inp \u003d inp;","lastModifiedDate":"2022-08-28"},{"lineNumber":14,"author":{"gitId":"richavm14"},"content":"    }","lastModifiedDate":"2022-08-28"},{"lineNumber":15,"author":{"gitId":"richavm14"},"content":"    private Task task;","lastModifiedDate":"2022-08-28"},{"lineNumber":16,"author":{"gitId":"richavm14"},"content":"","lastModifiedDate":"2022-08-28"},{"lineNumber":17,"author":{"gitId":"richavm14"},"content":"    private static void printFileContents(String filePath) throws FileNotFoundException {","lastModifiedDate":"2022-08-28"},{"lineNumber":18,"author":{"gitId":"richavm14"},"content":"        File f \u003d new File(filePath); // create a File for the given file path","lastModifiedDate":"2022-08-28"},{"lineNumber":19,"author":{"gitId":"richavm14"},"content":"        Scanner s \u003d new Scanner(f); // create a Scanner using the File as the source","lastModifiedDate":"2022-08-28"},{"lineNumber":20,"author":{"gitId":"richavm14"},"content":"        while (s.hasNext()) {","lastModifiedDate":"2022-08-28"},{"lineNumber":21,"author":{"gitId":"richavm14"},"content":"            System.out.println(s.nextLine());","lastModifiedDate":"2022-08-28"},{"lineNumber":22,"author":{"gitId":"richavm14"},"content":"        }","lastModifiedDate":"2022-08-28"},{"lineNumber":23,"author":{"gitId":"richavm14"},"content":"    }","lastModifiedDate":"2022-08-28"},{"lineNumber":24,"author":{"gitId":"richavm14"},"content":"","lastModifiedDate":"2022-08-28"},{"lineNumber":25,"author":{"gitId":"richavm14"},"content":"    private static void appendToFile(String filePath, String textToAppend) throws IOException {","lastModifiedDate":"2022-08-28"},{"lineNumber":26,"author":{"gitId":"richavm14"},"content":"        FileWriter fw \u003d new FileWriter(filePath, true); // create a FileWriter in append mode","lastModifiedDate":"2022-08-28"},{"lineNumber":27,"author":{"gitId":"richavm14"},"content":"        fw.write(textToAppend + \"\\n\");","lastModifiedDate":"2022-08-28"},{"lineNumber":28,"author":{"gitId":"richavm14"},"content":"        fw.close();","lastModifiedDate":"2022-08-28"},{"lineNumber":29,"author":{"gitId":"richavm14"},"content":"    }","lastModifiedDate":"2022-08-28"},{"lineNumber":30,"author":{"gitId":"richavm14"},"content":"","lastModifiedDate":"2022-08-28"},{"lineNumber":31,"author":{"gitId":"richavm14"},"content":"    File f \u003d new File(\"/Users/richavm/Documents/NUS/Y2S1/CS2103T/data/Neo.txt\");","lastModifiedDate":"2022-08-28"},{"lineNumber":32,"author":{"gitId":"richavm14"},"content":"","lastModifiedDate":"2022-08-28"},{"lineNumber":33,"author":{"gitId":"richavm14"},"content":"    public void Storedata(Task task) throws IOException {","lastModifiedDate":"2022-08-28"},{"lineNumber":34,"author":{"gitId":"richavm14"},"content":"        //Task task \u003d new Task(inp);","lastModifiedDate":"2022-08-28"},{"lineNumber":35,"author":{"gitId":"richavm14"},"content":"        try {","lastModifiedDate":"2022-08-28"},{"lineNumber":36,"author":{"gitId":"richavm14"},"content":"            appendToFile(f.getAbsolutePath(), task.toString() + \"\\n\");","lastModifiedDate":"2022-08-28"},{"lineNumber":37,"author":{"gitId":"richavm14"},"content":"        } catch (IOException e) {","lastModifiedDate":"2022-08-28"},{"lineNumber":38,"author":{"gitId":"richavm14"},"content":"            System.out.println(\"Something went wrong: \" + e.getMessage());","lastModifiedDate":"2022-08-28"},{"lineNumber":39,"author":{"gitId":"richavm14"},"content":"        }","lastModifiedDate":"2022-08-28"},{"lineNumber":40,"author":{"gitId":"richavm14"},"content":"    }","lastModifiedDate":"2022-08-28"},{"lineNumber":41,"author":{"gitId":"richavm14"},"content":"","lastModifiedDate":"2022-08-28"},{"lineNumber":42,"author":{"gitId":"richavm14"},"content":"    public void Retrievedata() throws IOException {","lastModifiedDate":"2022-08-28"},{"lineNumber":43,"author":{"gitId":"richavm14"},"content":"        //Task task \u003d new Task(inp);","lastModifiedDate":"2022-08-28"},{"lineNumber":44,"author":{"gitId":"richavm14"},"content":"        try {","lastModifiedDate":"2022-08-28"},{"lineNumber":45,"author":{"gitId":"richavm14"},"content":"            printFileContents(f.getAbsolutePath());","lastModifiedDate":"2022-08-28"},{"lineNumber":46,"author":{"gitId":"richavm14"},"content":"        } catch (FileNotFoundException e) {","lastModifiedDate":"2022-08-28"},{"lineNumber":47,"author":{"gitId":"richavm14"},"content":"            System.out.println(\"File not found\");","lastModifiedDate":"2022-08-28"},{"lineNumber":48,"author":{"gitId":"richavm14"},"content":"        }","lastModifiedDate":"2022-08-28"},{"lineNumber":49,"author":{"gitId":"richavm14"},"content":"    }","lastModifiedDate":"2022-08-28"},{"lineNumber":50,"author":{"gitId":"richavm14"},"content":"}","lastModifiedDate":"2022-08-28"}],"authorContributionMap":{"richavm14":50}},{"path":"src/main/java/neo/Task.java","fileType":"java","lines":[{"lineNumber":1,"author":{"gitId":"richavm14"},"content":"package neo;","lastModifiedDate":"2022-08-29"},{"lineNumber":2,"author":{"gitId":"richavm14"},"content":"public class Task {","lastModifiedDate":"2022-08-18"},{"lineNumber":3,"author":{"gitId":"richavm14"},"content":"    protected String description;","lastModifiedDate":"2022-08-18"},{"lineNumber":4,"author":{"gitId":"richavm14"},"content":"    protected Boolean isDone \u003d false;","lastModifiedDate":"2022-08-18"},{"lineNumber":5,"author":{"gitId":"richavm14"},"content":"","lastModifiedDate":"2022-08-18"},{"lineNumber":6,"author":{"gitId":"richavm14"},"content":"    public Task(String description) {","lastModifiedDate":"2022-08-18"},{"lineNumber":7,"author":{"gitId":"richavm14"},"content":"        this.description \u003d description;","lastModifiedDate":"2022-08-18"},{"lineNumber":8,"author":{"gitId":"richavm14"},"content":"        this.isDone \u003d false;","lastModifiedDate":"2022-08-18"},{"lineNumber":9,"author":{"gitId":"richavm14"},"content":"    }","lastModifiedDate":"2022-08-18"},{"lineNumber":10,"author":{"gitId":"richavm14"},"content":"","lastModifiedDate":"2022-08-18"},{"lineNumber":11,"author":{"gitId":"richavm14"},"content":"    public String getTask() {","lastModifiedDate":"2022-08-18"},{"lineNumber":12,"author":{"gitId":"richavm14"},"content":"        return description;","lastModifiedDate":"2022-08-18"},{"lineNumber":13,"author":{"gitId":"richavm14"},"content":"    }","lastModifiedDate":"2022-08-18"},{"lineNumber":14,"author":{"gitId":"richavm14"},"content":"    public String getIsDone(){","lastModifiedDate":"2022-08-18"},{"lineNumber":15,"author":{"gitId":"richavm14"},"content":"        return (isDone ? \"X\" : \" \");","lastModifiedDate":"2022-08-18"},{"lineNumber":16,"author":{"gitId":"richavm14"},"content":"    }","lastModifiedDate":"2022-08-18"},{"lineNumber":17,"author":{"gitId":"richavm14"},"content":"    public void setIsDone(Boolean done){","lastModifiedDate":"2022-08-18"},{"lineNumber":18,"author":{"gitId":"richavm14"},"content":"        isDone \u003d done;","lastModifiedDate":"2022-08-18"},{"lineNumber":19,"author":{"gitId":"richavm14"},"content":"    }","lastModifiedDate":"2022-08-18"},{"lineNumber":20,"author":{"gitId":"richavm14"},"content":"    @Override","lastModifiedDate":"2022-08-18"},{"lineNumber":21,"author":{"gitId":"richavm14"},"content":"    public String toString() {","lastModifiedDate":"2022-08-18"},{"lineNumber":22,"author":{"gitId":"richavm14"},"content":"        return \"[\" + getIsDone() + \"] \" + description;","lastModifiedDate":"2022-08-18"},{"lineNumber":23,"author":{"gitId":"richavm14"},"content":"    }","lastModifiedDate":"2022-08-18"},{"lineNumber":24,"author":{"gitId":"richavm14"},"content":"}","lastModifiedDate":"2022-08-18"},{"lineNumber":25,"author":{"gitId":"richavm14"},"content":"","lastModifiedDate":"2022-08-18"}],"authorContributionMap":{"richavm14":25}},{"path":"src/main/java/neo/TaskList.java","fileType":"java","lines":[{"lineNumber":1,"author":{"gitId":"richavm14"},"content":"package neo;","lastModifiedDate":"2022-08-29"},{"lineNumber":2,"author":{"gitId":"richavm14"},"content":"import java.util.ArrayList;","lastModifiedDate":"2022-08-28"},{"lineNumber":3,"author":{"gitId":"richavm14"},"content":"import java.util.List;","lastModifiedDate":"2022-08-28"},{"lineNumber":4,"author":{"gitId":"richavm14"},"content":"","lastModifiedDate":"2022-08-28"},{"lineNumber":5,"author":{"gitId":"richavm14"},"content":"public class TaskList {","lastModifiedDate":"2022-08-28"},{"lineNumber":6,"author":{"gitId":"richavm14"},"content":"    List\u003cTask\u003e arrayL;","lastModifiedDate":"2022-08-28"},{"lineNumber":7,"author":{"gitId":"richavm14"},"content":"","lastModifiedDate":"2022-08-28"},{"lineNumber":8,"author":{"gitId":"richavm14"},"content":"    public TaskList() {","lastModifiedDate":"2022-08-28"},{"lineNumber":9,"author":{"gitId":"richavm14"},"content":"        arrayL \u003d new ArrayList\u003cTask\u003e();","lastModifiedDate":"2022-08-28"},{"lineNumber":10,"author":{"gitId":"richavm14"},"content":"    }","lastModifiedDate":"2022-08-28"},{"lineNumber":11,"author":{"gitId":"richavm14"},"content":"    public void addTask(Task t) {","lastModifiedDate":"2022-08-28"},{"lineNumber":12,"author":{"gitId":"richavm14"},"content":"        this.arrayL.add(t);","lastModifiedDate":"2022-08-28"},{"lineNumber":13,"author":{"gitId":"richavm14"},"content":"    }","lastModifiedDate":"2022-08-28"},{"lineNumber":14,"author":{"gitId":"richavm14"},"content":"    public Task getTask(int i) {","lastModifiedDate":"2022-08-28"},{"lineNumber":15,"author":{"gitId":"richavm14"},"content":"        return arrayL.get(i);","lastModifiedDate":"2022-08-28"},{"lineNumber":16,"author":{"gitId":"richavm14"},"content":"    }","lastModifiedDate":"2022-08-28"},{"lineNumber":17,"author":{"gitId":"richavm14"},"content":"    public void delete(int in) {","lastModifiedDate":"2022-08-28"},{"lineNumber":18,"author":{"gitId":"richavm14"},"content":"        System.out.println(\"ok, I\u0027ve deleted this take from array\");","lastModifiedDate":"2022-08-28"},{"lineNumber":19,"author":{"gitId":"richavm14"},"content":"        System.out.println(arrayL.get(in-1).toString());","lastModifiedDate":"2022-08-28"},{"lineNumber":20,"author":{"gitId":"richavm14"},"content":"        arrayL.remove(in - 1);","lastModifiedDate":"2022-08-28"},{"lineNumber":21,"author":{"gitId":"richavm14"},"content":"    }","lastModifiedDate":"2022-08-28"},{"lineNumber":22,"author":{"gitId":"richavm14"},"content":"}","lastModifiedDate":"2022-08-28"}],"authorContributionMap":{"richavm14":22}},{"path":"src/main/java/neo/ToDo.java","fileType":"java","lines":[{"lineNumber":1,"author":{"gitId":"richavm14"},"content":"package neo;","lastModifiedDate":"2022-08-29"},{"lineNumber":2,"author":{"gitId":"richavm14"},"content":"public class ToDo extends Task{","lastModifiedDate":"2022-08-18"},{"lineNumber":3,"author":{"gitId":"richavm14"},"content":"","lastModifiedDate":"2022-08-18"},{"lineNumber":4,"author":{"gitId":"richavm14"},"content":"    public ToDo(String description) {","lastModifiedDate":"2022-08-18"},{"lineNumber":5,"author":{"gitId":"richavm14"},"content":"        super(description);","lastModifiedDate":"2022-08-18"},{"lineNumber":6,"author":{"gitId":"richavm14"},"content":"    }","lastModifiedDate":"2022-08-18"},{"lineNumber":7,"author":{"gitId":"richavm14"},"content":"","lastModifiedDate":"2022-08-18"},{"lineNumber":8,"author":{"gitId":"richavm14"},"content":"    @Override","lastModifiedDate":"2022-08-18"},{"lineNumber":9,"author":{"gitId":"richavm14"},"content":"    public String toString() {","lastModifiedDate":"2022-08-18"},{"lineNumber":10,"author":{"gitId":"richavm14"},"content":"        return \"[T]\" + super.toString();","lastModifiedDate":"2022-08-18"},{"lineNumber":11,"author":{"gitId":"richavm14"},"content":"    }","lastModifiedDate":"2022-08-18"},{"lineNumber":12,"author":{"gitId":"richavm14"},"content":"}","lastModifiedDate":"2022-08-18"},{"lineNumber":13,"author":{"gitId":"richavm14"},"content":"","lastModifiedDate":"2022-08-18"}],"authorContributionMap":{"richavm14":13}},{"path":"src/main/java/neo/Ui.java","fileType":"java","lines":[{"lineNumber":1,"author":{"gitId":"richavm14"},"content":"package neo;","lastModifiedDate":"2022-08-29"},{"lineNumber":2,"author":{"gitId":"richavm14"},"content":"public class Ui {","lastModifiedDate":"2022-08-28"},{"lineNumber":3,"author":{"gitId":"richavm14"},"content":"    protected String inp;","lastModifiedDate":"2022-08-28"},{"lineNumber":4,"author":{"gitId":"richavm14"},"content":"    public Ui() {}","lastModifiedDate":"2022-08-28"},{"lineNumber":5,"author":{"gitId":"richavm14"},"content":"    public void printStart() {","lastModifiedDate":"2022-08-28"},{"lineNumber":6,"author":{"gitId":"richavm14"},"content":"        System.out.println(\"\");","lastModifiedDate":"2022-08-28"},{"lineNumber":7,"author":{"gitId":"richavm14"},"content":"        System.out.println(\"Hello! I\u0027m Neo\");","lastModifiedDate":"2022-08-28"},{"lineNumber":8,"author":{"gitId":"richavm14"},"content":"        System.out.println(\"What can I do for you?\");","lastModifiedDate":"2022-08-28"},{"lineNumber":9,"author":{"gitId":"richavm14"},"content":"    }","lastModifiedDate":"2022-08-28"},{"lineNumber":10,"author":{"gitId":"richavm14"},"content":"}","lastModifiedDate":"2022-08-28"}],"authorContributionMap":{"richavm14":10}},{"path":"src/main/java/neo/UnMarkCommand.java","fileType":"java","lines":[{"lineNumber":1,"author":{"gitId":"richavm14"},"content":"package neo;","lastModifiedDate":"2022-08-29"},{"lineNumber":2,"author":{"gitId":"richavm14"},"content":"import java.io.IOException;","lastModifiedDate":"2022-08-28"},{"lineNumber":3,"author":{"gitId":"richavm14"},"content":"","lastModifiedDate":"2022-08-28"},{"lineNumber":4,"author":{"gitId":"richavm14"},"content":"public class UnMarkCommand extends Command{","lastModifiedDate":"2022-08-28"},{"lineNumber":5,"author":{"gitId":"richavm14"},"content":"","lastModifiedDate":"2022-08-28"},{"lineNumber":6,"author":{"gitId":"richavm14"},"content":"    private TaskList arrayLL;","lastModifiedDate":"2022-08-28"},{"lineNumber":7,"author":{"gitId":"richavm14"},"content":"    private Ui ui;","lastModifiedDate":"2022-08-28"},{"lineNumber":8,"author":{"gitId":"richavm14"},"content":"    private Storage stor;","lastModifiedDate":"2022-08-28"},{"lineNumber":9,"author":{"gitId":"richavm14"},"content":"","lastModifiedDate":"2022-08-28"},{"lineNumber":10,"author":{"gitId":"richavm14"},"content":"    Task task;","lastModifiedDate":"2022-08-28"},{"lineNumber":11,"author":{"gitId":"richavm14"},"content":"","lastModifiedDate":"2022-08-28"},{"lineNumber":12,"author":{"gitId":"richavm14"},"content":"    public UnMarkCommand(Ui ui, Storage stor, TaskList arrayLL) {","lastModifiedDate":"2022-08-28"},{"lineNumber":13,"author":{"gitId":"richavm14"},"content":"        this.ui \u003d ui;","lastModifiedDate":"2022-08-28"},{"lineNumber":14,"author":{"gitId":"richavm14"},"content":"        this.stor \u003d stor;","lastModifiedDate":"2022-08-28"},{"lineNumber":15,"author":{"gitId":"richavm14"},"content":"        this.arrayLL \u003d arrayLL;","lastModifiedDate":"2022-08-28"},{"lineNumber":16,"author":{"gitId":"richavm14"},"content":"    }","lastModifiedDate":"2022-08-28"},{"lineNumber":17,"author":{"gitId":"richavm14"},"content":"","lastModifiedDate":"2022-08-28"},{"lineNumber":18,"author":{"gitId":"richavm14"},"content":"    @Override","lastModifiedDate":"2022-08-28"},{"lineNumber":19,"author":{"gitId":"richavm14"},"content":"    void complete(String tempi) throws NeoException, IOException {","lastModifiedDate":"2022-08-28"},{"lineNumber":20,"author":{"gitId":"richavm14"},"content":"        int tempii \u003d Integer.valueOf(tempi);","lastModifiedDate":"2022-08-28"},{"lineNumber":21,"author":{"gitId":"richavm14"},"content":"        arrayLL.getTask(tempii-1).setIsDone(false);","lastModifiedDate":"2022-08-28"},{"lineNumber":22,"author":{"gitId":"richavm14"},"content":"        System.out.println(\"ohk I\u0027ve marked this task as not done\");","lastModifiedDate":"2022-08-28"},{"lineNumber":23,"author":{"gitId":"richavm14"},"content":"        System.out.println(arrayLL.getTask(tempii-1).toString());","lastModifiedDate":"2022-08-28"},{"lineNumber":24,"author":{"gitId":"richavm14"},"content":"    }","lastModifiedDate":"2022-08-28"},{"lineNumber":25,"author":{"gitId":"richavm14"},"content":"}","lastModifiedDate":"2022-08-28"},{"lineNumber":26,"author":{"gitId":"richavm14"},"content":"","lastModifiedDate":"2022-08-28"}],"authorContributionMap":{"richavm14":26}},{"path":"text-ui-test/input.txt","fileType":"txt","lines":[{"lineNumber":1,"author":{"gitId":"richavm14"},"content":"deadline return book /by Sunday","lastModifiedDate":"2022-08-19"},{"lineNumber":2,"author":{"gitId":"richavm14"},"content":"bye","lastModifiedDate":"2022-08-19"}],"authorContributionMap":{"richavm14":2}},{"path":"text-ui-test/runtest.bat","fileType":"bat","lines":[{"lineNumber":1,"author":{"gitId":"-"},"content":"@ECHO OFF","lastModifiedDate":"2020-05-25"},{"lineNumber":2,"author":{"gitId":"-"},"content":"","lastModifiedDate":"2020-05-25"},{"lineNumber":3,"author":{"gitId":"-"},"content":"REM create bin directory if it doesn\u0027t exist","lastModifiedDate":"2020-05-25"},{"lineNumber":4,"author":{"gitId":"-"},"content":"if not exist ..\\bin mkdir ..\\bin","lastModifiedDate":"2020-05-25"},{"lineNumber":5,"author":{"gitId":"-"},"content":"","lastModifiedDate":"2020-05-25"},{"lineNumber":6,"author":{"gitId":"-"},"content":"REM delete output from previous run","lastModifiedDate":"2020-05-25"},{"lineNumber":7,"author":{"gitId":"-"},"content":"if exist ACTUAL.TXT del ACTUAL.TXT","lastModifiedDate":"2020-08-25"},{"lineNumber":8,"author":{"gitId":"-"},"content":"","lastModifiedDate":"2020-05-25"},{"lineNumber":9,"author":{"gitId":"-"},"content":"REM compile the code into the bin folder","lastModifiedDate":"2020-05-25"},{"lineNumber":10,"author":{"gitId":"-"},"content":"javac  -cp ..\\src\\main\\java -Xlint:none -d ..\\bin ..\\src\\main\\java\\*.java","lastModifiedDate":"2020-08-25"},{"lineNumber":11,"author":{"gitId":"-"},"content":"IF ERRORLEVEL 1 (","lastModifiedDate":"2020-05-25"},{"lineNumber":12,"author":{"gitId":"-"},"content":"    echo ********** BUILD FAILURE **********","lastModifiedDate":"2020-05-25"},{"lineNumber":13,"author":{"gitId":"-"},"content":"    exit /b 1","lastModifiedDate":"2020-05-25"},{"lineNumber":14,"author":{"gitId":"-"},"content":")","lastModifiedDate":"2020-05-25"},{"lineNumber":15,"author":{"gitId":"-"},"content":"REM no error here, errorlevel \u003d\u003d 0","lastModifiedDate":"2020-05-25"},{"lineNumber":16,"author":{"gitId":"-"},"content":"","lastModifiedDate":"2020-05-25"},{"lineNumber":17,"author":{"gitId":"-"},"content":"REM run the program, feed commands from input.txt file and redirect the output to the ACTUAL.TXT","lastModifiedDate":"2020-05-25"},{"lineNumber":18,"author":{"gitId":"richavm14"},"content":"java -classpath ..\\bin neo \u003c input.txt \u003e ACTUAL.TXT","lastModifiedDate":"2022-08-29"},{"lineNumber":19,"author":{"gitId":"-"},"content":"","lastModifiedDate":"2020-05-25"},{"lineNumber":20,"author":{"gitId":"-"},"content":"REM compare the output to the expected output","lastModifiedDate":"2020-05-25"},{"lineNumber":21,"author":{"gitId":"-"},"content":"FC ACTUAL.TXT EXPECTED.TXT","lastModifiedDate":"2020-05-25"}],"authorContributionMap":{"richavm14":1,"-":20}},{"path":"text-ui-test/runtest.sh","fileType":"sh","lines":[{"lineNumber":1,"author":{"gitId":"-"},"content":"#!/usr/bin/env bash","lastModifiedDate":"2020-05-25"},{"lineNumber":2,"author":{"gitId":"-"},"content":"","lastModifiedDate":"2020-05-25"},{"lineNumber":3,"author":{"gitId":"-"},"content":"# create bin directory if it doesn\u0027t exist","lastModifiedDate":"2020-05-25"},{"lineNumber":4,"author":{"gitId":"-"},"content":"if [ ! -d \"../bin\" ]","lastModifiedDate":"2020-05-25"},{"lineNumber":5,"author":{"gitId":"-"},"content":"then","lastModifiedDate":"2020-05-25"},{"lineNumber":6,"author":{"gitId":"-"},"content":"    mkdir ../bin","lastModifiedDate":"2020-05-25"},{"lineNumber":7,"author":{"gitId":"-"},"content":"fi","lastModifiedDate":"2020-05-25"},{"lineNumber":8,"author":{"gitId":"-"},"content":"","lastModifiedDate":"2020-05-25"},{"lineNumber":9,"author":{"gitId":"-"},"content":"# delete output from previous run","lastModifiedDate":"2020-05-25"},{"lineNumber":10,"author":{"gitId":"-"},"content":"if [ -e \"./ACTUAL.TXT\" ]","lastModifiedDate":"2020-05-25"},{"lineNumber":11,"author":{"gitId":"-"},"content":"then","lastModifiedDate":"2020-05-25"},{"lineNumber":12,"author":{"gitId":"-"},"content":"    rm ACTUAL.TXT","lastModifiedDate":"2020-05-25"},{"lineNumber":13,"author":{"gitId":"-"},"content":"fi","lastModifiedDate":"2020-05-25"},{"lineNumber":14,"author":{"gitId":"-"},"content":"","lastModifiedDate":"2020-05-25"},{"lineNumber":15,"author":{"gitId":"-"},"content":"# compile the code into the bin folder, terminates if error occurred","lastModifiedDate":"2020-05-25"},{"lineNumber":16,"author":{"gitId":"-"},"content":"if ! javac -cp ../src/main/java -Xlint:none -d ../bin ../src/main/java/*.java","lastModifiedDate":"2020-08-25"},{"lineNumber":17,"author":{"gitId":"-"},"content":"then","lastModifiedDate":"2020-05-25"},{"lineNumber":18,"author":{"gitId":"-"},"content":"    echo \"********** BUILD FAILURE **********\"","lastModifiedDate":"2020-05-25"},{"lineNumber":19,"author":{"gitId":"-"},"content":"    exit 1","lastModifiedDate":"2020-05-25"},{"lineNumber":20,"author":{"gitId":"-"},"content":"fi","lastModifiedDate":"2020-05-25"},{"lineNumber":21,"author":{"gitId":"-"},"content":"","lastModifiedDate":"2020-05-25"},{"lineNumber":22,"author":{"gitId":"-"},"content":"# run the program, feed commands from input.txt file and redirect the output to the ACTUAL.TXT","lastModifiedDate":"2020-05-25"},{"lineNumber":23,"author":{"gitId":"richavm14"},"content":"java -classpath ../bin Neo \u003c input.txt \u003e ACTUAL.TXT","lastModifiedDate":"2022-08-19"},{"lineNumber":24,"author":{"gitId":"-"},"content":"","lastModifiedDate":"2020-05-25"},{"lineNumber":25,"author":{"gitId":"-"},"content":"# convert to UNIX format","lastModifiedDate":"2020-05-25"},{"lineNumber":26,"author":{"gitId":"-"},"content":"cp EXPECTED.TXT EXPECTED-UNIX.TXT","lastModifiedDate":"2020-05-25"},{"lineNumber":27,"author":{"gitId":"-"},"content":"dos2unix ACTUAL.TXT EXPECTED-UNIX.TXT","lastModifiedDate":"2020-05-25"},{"lineNumber":28,"author":{"gitId":"-"},"content":"","lastModifiedDate":"2020-05-25"},{"lineNumber":29,"author":{"gitId":"-"},"content":"# compare the output to the expected output","lastModifiedDate":"2020-05-25"},{"lineNumber":30,"author":{"gitId":"richavm14"},"content":"diff -w ACTUAL.TXT EXPECTED-UNIX.TXT","lastModifiedDate":"2022-08-19"},{"lineNumber":31,"author":{"gitId":"-"},"content":"if [ $? -eq 0 ]","lastModifiedDate":"2020-05-25"},{"lineNumber":32,"author":{"gitId":"-"},"content":"then","lastModifiedDate":"2020-05-25"},{"lineNumber":33,"author":{"gitId":"-"},"content":"    echo \"Test result: PASSED\"","lastModifiedDate":"2020-05-25"},{"lineNumber":34,"author":{"gitId":"-"},"content":"    exit 0","lastModifiedDate":"2020-05-25"},{"lineNumber":35,"author":{"gitId":"-"},"content":"else","lastModifiedDate":"2020-05-25"},{"lineNumber":36,"author":{"gitId":"-"},"content":"    echo \"Test result: FAILED\"","lastModifiedDate":"2020-05-25"},{"lineNumber":37,"author":{"gitId":"-"},"content":"    exit 1","lastModifiedDate":"2020-05-25"},{"lineNumber":38,"author":{"gitId":"-"},"content":"fi","lastModifiedDate":"2020-05-25"}],"authorContributionMap":{"richavm14":2,"-":36}}]
