{"authorDailyContributionsMap":{"highorbit25":[{"date":"2022-08-18","commitResults":[{"hash":"4dbfb2f9b0ce5460a675eab0ef50b6f912c14768","messageTitle":"test commit","messageBody":"","fileTypesAndContributionMap":{"java":{"insertions":1,"deletions":0}}},{"hash":"35fefd4d54a3b257a06f1ac305de7aa83f7e6958","messageTitle":"further test commit","messageBody":"","fileTypesAndContributionMap":{"java":{"insertions":1,"deletions":1}}},{"hash":"90f81dce37b489efa2a2b9d352e6f60e4f057b00","messageTitle":"Implemented Level 1. Greet, Echo, Exit","messageBody":"","tags":["Level-1"],"fileTypesAndContributionMap":{"java":{"insertions":37,"deletions":1}}},{"hash":"a0812598c4a475c26bbfc0e9d9d2c52af73a3981","messageTitle":"Implemented Level 2. Add, List","messageBody":"","tags":["Level-2"],"fileTypesAndContributionMap":{"java":{"insertions":15,"deletions":2}}},{"hash":"6834fdb62a5088655a394cdf118dd0467ebc58f8","messageTitle":"Implemented Level 3. Mark as Done, not Done, A-Classes","messageBody":"","tags":["Level-3","A-Classes"],"fileTypesAndContributionMap":{"java":{"insertions":53,"deletions":7}}},{"hash":"4d0380f7a55e256810bb69e44c5174c0dc14fe7b","messageTitle":"Implemented Level 4. ToDos, Events, Deadlines, A-Inheritance","messageBody":"","tags":["Level-4","A-Inheritance"],"fileTypesAndContributionMap":{"java":{"insertions":95,"deletions":23}}},{"hash":"d42a77015ef6cad37a4411e6dee39a9d42f27310","messageTitle":"Implemented A-TextUiTesting: Automated Text UI Testing","messageBody":"","tags":["A-TextUiTesting"],"fileTypesAndContributionMap":{"txt":{"insertions":9,"deletions":0},"java":{"insertions":106,"deletions":17}}},{"hash":"afcc38c294cb8bd46d2d8977197e4533a3c7c351","messageTitle":"Implemented Level 5. Handle Errors, A-Exceptions","messageBody":"","tags":["Level-5","A-Exceptions"],"fileTypesAndContributionMap":{"java":{"insertions":35,"deletions":107}}},{"hash":"cff1ba5b92eab6be7a957f2e1c40986fa6f1bd19","messageTitle":"Implemented Level 6. Delete, A-Collections","messageBody":"","tags":["Level-6","A-Collections"],"fileTypesAndContributionMap":{"txt":{"insertions":2,"deletions":0},"java":{"insertions":14,"deletions":0}}}]},{"date":"2022-08-23","commitResults":[{"hash":"74e6901f9caa0701d65e28b1c8cbd368329506a1","messageTitle":"Minor edits","messageBody":"","fileTypesAndContributionMap":{"java":{"insertions":5,"deletions":2}}},{"hash":"82ecba9ee4f42bfe8f8de6c8cbe98d9b70e8482f","messageTitle":"Revert \"Minor edits\"","messageBody":"This reverts commit 74e6901f9caa0701d65e28b1c8cbd368329506a1.\n","fileTypesAndContributionMap":{"java":{"insertions":2,"deletions":5}}},{"hash":"7ec519678e5723cfa740f2e66d4f7a1d67623d72","messageTitle":"Test branch commit","messageBody":"","fileTypesAndContributionMap":{"java":{"insertions":2,"deletions":0}}},{"hash":"a1837c9a4cc1d6c05bea9b52e8b9d68c54038f8d","messageTitle":"Imaginary bug fix in Todo.java","messageBody":"","fileTypesAndContributionMap":{"java":{"insertions":2,"deletions":0}}}]},{"date":"2022-08-25","commitResults":[{"hash":"5ddf49e4960a9f625ff8fc3a757020d66b8ffd21","messageTitle":"Implement Level-7","messageBody":"","tags":["Level-7"],"fileTypesAndContributionMap":{"txt":{"insertions":2,"deletions":0},"java":{"insertions":338,"deletions":36}}},{"hash":"035db10b5a91360b5a01278d613ee853037a0c93","messageTitle":"Implement Level 8. Dates and Times","messageBody":"","tags":["Level-8"],"fileTypesAndContributionMap":{"txt":{"insertions":2,"deletions":0},"java":{"insertions":1,"deletions":0}}},{"hash":"536795ebd2cc2bc2f4a663d95585f69da792ce38","messageTitle":"Implement Level-8 Dates","messageBody":"","fileTypesAndContributionMap":{"java":{"insertions":3,"deletions":1}}},{"hash":"95853bdf9314afcb9934518e0a7a615038d47139","messageTitle":"Commit for save file tasks.txt","messageBody":"","fileTypesAndContributionMap":{"txt":{"insertions":0,"deletions":2}}},{"hash":"98ff977dcd60db519bfdedb0e422ea1c246693f2","messageTitle":"Merge branch to master after implementing A-MoreOOP","messageBody":"","tags":["A-MoreOOP"],"fileTypesAndContributionMap":{"txt":{"insertions":0,"deletions":0},"java":{"insertions":456,"deletions":140}}},{"hash":"fe2a15a87bd3463c6cf2553b698303c5e921f1c1","messageTitle":"Implement A-Packages Divide classes into packages","messageBody":"","tags":["A-Packages"],"fileTypesAndContributionMap":{"java":{"insertions":195,"deletions":103}}},{"hash":"c235aaf8ec405840e982bc112adf50fc64fd35ee","messageTitle":"Implement A-Gradle: Use Gradle","messageBody":"","tags":["A-Gradle"],"fileTypesAndContributionMap":{"txt":{"insertions":3,"deletions":0}}},{"hash":"27ffcd10cd74ca81bffb8dcfec7e8a5a17e873f2","messageTitle":"Implement A-Jar: Create a JAR File","messageBody":"","tags":["A-Jar"],"fileTypesAndContributionMap":{"gradle":{"insertions":1,"deletions":1}}}]}]},"authorFileTypeContributionMap":{"highorbit25":{"java":923,"md":0,"fxml":0,"sh":0,"bat":0,"gradle":1,"txt":14}},"authorContributionVariance":{"highorbit25":120497.96},"authorDisplayNameMap":{"highorbit25":"CS2103T-W13-1 PANG.. BIN"}}
