{"authorDailyContributionsMap":{"jehousoh":[{"date":"2022-08-14","commitResults":[{"hash":"88d3e71416b33d16ea9c5e47e1cc19de7ac2db6a","messageTitle":"added level-1","messageBody":"","tags":["Level-1"],"fileTypesAndContributionMap":{"java":{"insertions":19,"deletions":6}}},{"hash":"f90304504bf77b8846dab2a145f415dc344e618b","messageTitle":"added level-2","messageBody":"","tags":["Level-2"],"fileTypesAndContributionMap":{"java":{"insertions":15,"deletions":2}}},{"hash":"f6721ce3a299b8b5103e002f40d7a9498218277f","messageTitle":"added level-3","messageBody":"","tags":["Level-3"],"fileTypesAndContributionMap":{"java":{"insertions":85,"deletions":16}}}]},{"date":"2022-08-15","commitResults":[{"hash":"467c84500d942d2f3f6b5497e9e2885128ef5a50","messageTitle":"Added Todo, Deadline and Event classes and updated toString of Task","messageBody":"","fileTypesAndContributionMap":{"java":{"insertions":43,"deletions":0}}},{"hash":"459b249de108b47e57e0e586079e49d517c0a1cb","messageTitle":"added level-4","messageBody":"","fileTypesAndContributionMap":{"java":{"insertions":37,"deletions":3}}},{"hash":"23e5cfb44ef5938efc4a37a326a3252c398db03b","messageTitle":"Added class descriptions","messageBody":"","tags":["Level-4"],"fileTypesAndContributionMap":{"java":{"insertions":24,"deletions":0}}}]},{"date":"2022-08-16","commitResults":[{"hash":"b3e9128f1c0d879cd5cb651e06975471735981cd","messageTitle":"Fixed spacing in Event toString","messageBody":"","fileTypesAndContributionMap":{"java":{"insertions":1,"deletions":1}}},{"hash":"67c89ffefc443103f98e60e9c67f8d580b86a04d","messageTitle":"Added A-TextUiTesting","messageBody":"","tags":["A-TextUiTesting"],"fileTypesAndContributionMap":{"txt":{"insertions":10,"deletions":0}}},{"hash":"96f90fd6f321277d6ef64c838e8b24943f8978ac","messageTitle":"Added exception handling","messageBody":"","fileTypesAndContributionMap":{"java":{"insertions":71,"deletions":10}}},{"hash":"f6d636bbbebd0b0eaa56e40a8c39af4ef1345c11","messageTitle":"Updated UI test","messageBody":"","fileTypesAndContributionMap":{"txt":{"insertions":8,"deletions":0},"bat":{"insertions":2,"deletions":0}}},{"hash":"002e6884c7dd0ab5644e4b0fab66ff7dc6c00dd3","messageTitle":"Added descriptions for exception classes","messageBody":"","tags":["Level-5"],"fileTypesAndContributionMap":{"java":{"insertions":9,"deletions":0}}}]},{"date":"2022-08-17","commitResults":[{"hash":"604216d5707cfb9624314b220886cabea0b4edbc","messageTitle":"Added level-6","messageBody":"","tags":["Level-6"],"fileTypesAndContributionMap":{"java":{"insertions":41,"deletions":3}}}]},{"date":"2022-08-18","commitResults":[{"hash":"dabe4dcb81e902e50488909676e2275862c643f5","messageTitle":"Removed pause from runtest","messageBody":"","fileTypesAndContributionMap":{"bat":{"insertions":0,"deletions":2}}},{"hash":"9de3d0183736946d69139a4dd9f5fe460242538c","messageTitle":"Added more testcases","messageBody":"","fileTypesAndContributionMap":{"txt":{"insertions":5,"deletions":0}}},{"hash":"0c6d524b3cf596fabcc85bfb2682e61cc778ec05","messageTitle":"Added enum","messageBody":"","tags":["A-Enums"],"fileTypesAndContributionMap":{"java":{"insertions":39,"deletions":18}}}]},{"date":"2022-08-20","commitResults":[{"hash":"94d19979da305db1727b884b31bf76a21e91755a","messageTitle":"Remove indentation before \"case:\"","messageBody":"","fileTypesAndContributionMap":{"java":{"insertions":21,"deletions":21}}},{"hash":"2f6eae80048e79c0c7cd40e2f4a6854fead8eb57","messageTitle":"Add ability to save to .txt","messageBody":"","fileTypesAndContributionMap":{"txt":{"insertions":2,"deletions":0},"java":{"insertions":50,"deletions":0}}}]},{"date":"2022-08-21","commitResults":[{"hash":"d596be05d6f0edff51cb89c971679d21d4056ab2","messageTitle":"Add understanding of date and time in deadline tasks","messageBody":"","fileTypesAndContributionMap":{"java":{"insertions":72,"deletions":8}}},{"hash":"fada5769c7f4fc376a962b0732b6d381e5bc94bb","messageTitle":"Bug fix for deadline with no date input","messageBody":"","fileTypesAndContributionMap":{"java":{"insertions":2,"deletions":1}}},{"hash":"8c49355c1fa18805782ed77e5364401bd322c217","messageTitle":"Add more test cases","messageBody":"","fileTypesAndContributionMap":{"txt":{"insertions":5,"deletions":0}}}]},{"date":"2022-08-22","commitResults":[{"hash":"c0995d0623022e1bfb70edf1f7e980d871dbae5b","messageTitle":"Change way file is saved","messageBody":"","fileTypesAndContributionMap":{"java":{"insertions":56,"deletions":24}}},{"hash":"a856fce805c75dafa862f351dcfef5e33c46764e","messageTitle":"Add Storage system","messageBody":"","fileTypesAndContributionMap":{"java":{"insertions":120,"deletions":41}}},{"hash":"d3a95b8b5fa6fc83013a6ca44a229365ae79067d","messageTitle":"Add clear list function","messageBody":"","fileTypesAndContributionMap":{"java":{"insertions":20,"deletions":3}}},{"hash":"6362b7655335c58b238cf4f51f68173b43e70fee","messageTitle":"Update test code","messageBody":"","fileTypesAndContributionMap":{"txt":{"insertions":4,"deletions":4}}},{"hash":"f3967464f6f22834f705acea3ca32bc4a77bb37a","messageTitle":"Add Parser class","messageBody":"","tags":["A-MoreOOP"],"fileTypesAndContributionMap":{"java":{"insertions":69,"deletions":59}}},{"hash":"238e416389a057c7b512415c7c1ceaa032f0d1f8","messageTitle":"Add packages","messageBody":"","fileTypesAndContributionMap":{"txt":{"insertions":2,"deletions":0},"java":{"insertions":27,"deletions":3}}},{"hash":"b74a92965e96a00d7e0d063bab7e3c5209c91755","messageTitle":"Clean up packages","messageBody":"","tags":["A-Packages"],"fileTypesAndContributionMap":{"java":{"insertions":12,"deletions":6}}}]},{"date":"2022-08-23","commitResults":[{"hash":"4298dd610f2276a663024e95b0de65b601a4db52","messageTitle":"Add gradle support","messageBody":"","tags":["A-Gradle"],"fileTypesAndContributionMap":{"gradle":{"insertions":2,"deletions":2},"txt":{"insertions":3,"deletions":0}}},{"hash":"eb8dad49f050c3ab66ce930bd85c82045d43b28d","messageTitle":"Change createTask function name","messageBody":"","fileTypesAndContributionMap":{"java":{"insertions":3,"deletions":3}}},{"hash":"ba64c40ca31d2459cef1f83ad508da9b2952c379","messageTitle":"Add JUnit tests for duke.task package","messageBody":"","tags":["A-JUnit"],"fileTypesAndContributionMap":{"java":{"insertions":129,"deletions":0}}},{"hash":"3a38698fb10bc712eca4dfeb9bfa50595cb25a88","messageTitle":"Fix file creation","messageBody":"","tags":["A-Jar"],"fileTypesAndContributionMap":{"txt":{"insertions":0,"deletions":5},"java":{"insertions":3,"deletions":1}}},{"hash":"39112818eb2890bcac5f065734601be54ed4cf34","messageTitle":"Add JavaDocs","messageBody":"","fileTypesAndContributionMap":{"java":{"insertions":207,"deletions":0}}}]},{"date":"2022-08-24","commitResults":[{"hash":"96a6135c6ee4f7b7f6cbd382058fa5b72f3f7628","messageTitle":"Edit code based on coding standard","messageBody":"","fileTypesAndContributionMap":{"java":{"insertions":106,"deletions":65}}},{"hash":"815b445aa097c195b9c0e6b3a9cf62273d4dce7c","messageTitle":"Add find function","messageBody":"","fileTypesAndContributionMap":{"java":{"insertions":47,"deletions":1}}},{"hash":"fda1cb360f87e85f706adbc265234beb98ca182a","messageTitle":"Fix merge conflict","messageBody":"","tags":["A-CodingStandard"],"fileTypesAndContributionMap":{"java":{"insertions":3,"deletions":9}}},{"hash":"41a79f28403adb3b001ef95fa174a82ae32bbfe1","messageTitle":"Add JavaDocs","messageBody":"","tags":["Level-9"],"fileTypesAndContributionMap":{"java":{"insertions":8,"deletions":1}}},{"hash":"d2a867163ef396eaee44cce06656a0a20c639ba1","messageTitle":"Add JUnit tests","messageBody":"","fileTypesAndContributionMap":{"java":{"insertions":87,"deletions":3}}}]},{"date":"2022-08-28","commitResults":[{"hash":"da77b5b5828d30ebb81c3f7ed341256f3841f1ce","messageTitle":"Add javadocs to constructors and tostring","messageBody":"","fileTypesAndContributionMap":{"java":{"insertions":72,"deletions":4}}}]},{"date":"2022-08-30","commitResults":[{"hash":"7ecadbc0806371f5fb8ebe6d9fdf2cf915b62d60","messageTitle":"Add checkstyle and styled the code","messageBody":"","tags":["A-CheckStyle"],"fileTypesAndContributionMap":{"gradle":{"insertions":6,"deletions":1},"java":{"insertions":105,"deletions":112}}}]},{"date":"2022-08-31","commitResults":[{"hash":"5a7a314aa2e5680c08ea7bc0a99dc9c9e3cf340e","messageTitle":"Add GUI support","messageBody":"","fileTypesAndContributionMap":{"gradle":{"insertions":14,"deletions":0},"txt":{"insertions":4,"deletions":0},"fxml":{"insertions":35,"deletions":0},"java":{"insertions":223,"deletions":66},"md":{"insertions":2,"deletions":2}}}]},{"date":"2022-09-01","commitResults":[{"hash":"91f2a643f0112d6287c8ab588c92dfbad58d3215","messageTitle":"Fix clear bug","messageBody":"","tags":["Level-10"],"fileTypesAndContributionMap":{"java":{"insertions":2,"deletions":2}}},{"hash":"3ddee89147857b7fa73a461760abb5c5b022049f","messageTitle":"Small tweaks to display","messageBody":"","fileTypesAndContributionMap":{"fxml":{"insertions":3,"deletions":3},"java":{"insertions":2,"deletions":9}}}]}]},"authorFileTypeContributionMap":{"jehousoh":{"java":1343,"md":2,"fxml":35,"sh":0,"bat":0,"gradle":20,"txt":34}},"authorContributionVariance":{"jehousoh":18821.809},"authorDisplayNameMap":{"jehousoh":"CS2103T-W16-1 SOH .. HOU"}}
