{"authorDailyContributionsMap":{"cheeheng":[{"date":"2022-08-14","commitResults":[{"hash":"1db2a265f5773631035ab7a5cf9d1a4ae905788c","messageTitle":"Level 1: Greet, Echo, Exit - renamed chatbot to Jude, turned chatbot into something like command line interface.","messageBody":"","fileTypesAndContributionMap":{"java":{"insertions":22,"deletions":10}}},{"hash":"019031b7962e3395001fcaf27379e06524c30f32","messageTitle":"The command to exit should be bye instead of exit.","messageBody":"","tags":["Level-1"],"fileTypesAndContributionMap":{"java":{"insertions":1,"deletions":1}}},{"hash":"6d136b4c27c228543477c663070041c497c79485","messageTitle":"Level 2: Add list functionality.","messageBody":"","tags":["Level-2"],"fileTypesAndContributionMap":{"java":{"insertions":18,"deletions":2}}},{"hash":"738ffefa9fb5fa7f2a01a4de4be780dc6b1f2f47","messageTitle":"Add new Task.java file","messageBody":"","fileTypesAndContributionMap":{"java":{"insertions":2,"deletions":0}}},{"hash":"2f4bf81eab86883ffe1f68bdf73736d95d7a2a19","messageTitle":"Level 3: Support marking task as done.","messageBody":"","tags":["Level-3"],"fileTypesAndContributionMap":{"java":{"insertions":91,"deletions":6}}},{"hash":"833d92c482ff8e7134717330b86b254fd7460c2f","messageTitle":"Add class documentation to Jude and Task","messageBody":"","fileTypesAndContributionMap":{"java":{"insertions":19,"deletions":0}}},{"hash":"b255b8d29d2f2b284f89360a8f44c303f7b66b77","messageTitle":"Create Todo class.","messageBody":"","fileTypesAndContributionMap":{"java":{"insertions":34,"deletions":1}}},{"hash":"49ec48cb24f0ace6144f4bb44eeb6f86ccafa4e8","messageTitle":"Add Deadline and Event classes as descendants of Task.","messageBody":"","fileTypesAndContributionMap":{"java":{"insertions":84,"deletions":2}}},{"hash":"421bd2309d7d5403ff0d540759998829c35e0b09","messageTitle":"Add getter method for deadline object in Deadline.","messageBody":"","fileTypesAndContributionMap":{"java":{"insertions":11,"deletions":4}}},{"hash":"8c961e9c535d260436cc269e87ec5c7c49aa8468","messageTitle":"Level 4: Add support for multiple types of tasks","messageBody":"","tags":["Level-4"],"fileTypesAndContributionMap":{"java":{"insertions":83,"deletions":29}}},{"hash":"0e26c97f38eb168fd4c49475b6ad2b1e58ff690e","messageTitle":"A-TextUiTesting: Add test","messageBody":"","tags":["A-TextUiTesting"],"fileTypesAndContributionMap":{"txt":{"insertions":29,"deletions":0},"bat":{"insertions":1,"deletions":1}}}]},{"date":"2022-08-15","commitResults":[{"hash":"612deeb061246d5e9af153e61ca3c4c421a1481c","messageTitle":"Level 5: Handle errors due to invalid input","messageBody":"","tags":["Level-5"],"fileTypesAndContributionMap":{"txt":{"insertions":20,"deletions":0},"java":{"insertions":88,"deletions":45}}},{"hash":"d61ddf22769651c7b4e5df15c6da2ac179ba3bc8","messageTitle":"Level 6: Allow deletion of tasks.","messageBody":"","tags":["Level-6"],"fileTypesAndContributionMap":{"txt":{"insertions":7,"deletions":0},"java":{"insertions":10,"deletions":0}}}]},{"date":"2022-08-21","commitResults":[{"hash":"31c63b5601866be24b9315ab0e0d14390fc10e21","messageTitle":"Add load and save functionality","messageBody":"Right now, the save functionality is not present, which means that the\ndata in the task tracker is lost once the program stops running.\n\nLet\u0027s add the save functionality to preserve the state of the task\ntracker across different runs.\n","fileTypesAndContributionMap":{"txt":{"insertions":56,"deletions":0},"java":{"insertions":94,"deletions":2}}},{"hash":"f71878a24a0844e5746832b8118d31235d7c2e9a","messageTitle":"Add tests to check save functionality","messageBody":"","fileTypesAndContributionMap":{"txt":{"insertions":1,"deletions":55},"bat":{"insertions":3,"deletions":0}}},{"hash":"6064d82e97da9a5b9b48d86854ab09802e9d0f73","messageTitle":"Add tests to ensure completion marker saved correctly","messageBody":"","fileTypesAndContributionMap":{"txt":{"insertions":4,"deletions":0}}},{"hash":"1bfafdddeb330f8023b7fdd438e2791fbe0a886a","messageTitle":"Revert \"Revert \"Add proper date checking to Jude\"\"","messageBody":"This reverts commit 7df675c2875dfe77165f028c0e319744f4a9fd32.\n","fileTypesAndContributionMap":{"txt":{"insertions":2,"deletions":0},"java":{"insertions":66,"deletions":1}}},{"hash":"8cf47bbc2c3fc668763533eb017ad930c0d04295","messageTitle":"Revert \"Revert \"Revert \"Add proper date checking to Jude\"\"\"","messageBody":"This reverts commit 1bfafdddeb330f8023b7fdd438e2791fbe0a886a.\n","fileTypesAndContributionMap":{"txt":{"insertions":0,"deletions":2},"java":{"insertions":1,"deletions":66}}},{"hash":"44c0b67578c27e39a19c28c02131564c0c1a374e","messageTitle":"Revert \"Revert \"Revert \"Revert \"Add proper date checking to Jude\"\"\"\"","messageBody":"This reverts commit 8cf47bbc2c3fc668763533eb017ad930c0d04295.\n","fileTypesAndContributionMap":{"txt":{"insertions":2,"deletions":0},"java":{"insertions":66,"deletions":1}}},{"hash":"6fe594b7f8ea343710c850f551c52f51640ae2d4","messageTitle":"Abstract file storage and task list functionality","messageBody":"","fileTypesAndContributionMap":{"java":{"insertions":164,"deletions":82}}},{"hash":"81bb99cefcecfce74fede8a44738018228f0a8e5","messageTitle":"Refactor code to OOP style","messageBody":"","tags":["A-MoreOOP"],"fileTypesAndContributionMap":{"java":{"insertions":244,"deletions":177}}}]},{"date":"2022-08-22","commitResults":[{"hash":"f56fb0d152b55efa041b09df8ccf3f8c277ddc57","messageTitle":"Remove unnecessary imports","messageBody":"","fileTypesAndContributionMap":{"java":{"insertions":0,"deletions":7}}},{"hash":"935acea793211955e7a513b78d4f938389f3f277","messageTitle":"Organize code into packages","messageBody":"","tags":["A-Packages"],"fileTypesAndContributionMap":{"java":{"insertions":35,"deletions":4},"bat":{"insertions":4,"deletions":3}}},{"hash":"afd9f00a8067864d40e78f1f6fde38dfdb2edcd8","messageTitle":"Add JUnit tests","messageBody":"","tags":["A-JUnit"],"fileTypesAndContributionMap":{"txt":{"insertions":0,"deletions":0},"java":{"insertions":328,"deletions":8}}},{"hash":"ae568d15f3a8cf834ca5d0fe03a7b6310feb3b56","messageTitle":"Configure build.gradle for v0.1 release","messageBody":"","tags":["A-Jar"],"fileTypesAndContributionMap":{"gradle":{"insertions":3,"deletions":2}}},{"hash":"89c24dd278f9106414a5cae49ec2e2505daf9190","messageTitle":"Refine JavaDoc documentation","messageBody":"","fileTypesAndContributionMap":{"java":{"insertions":150,"deletions":62}}},{"hash":"27243eb505a7f6c8783432f5bfbd1544aae527a5","messageTitle":"Fix code lint issues excluding JavaDoc","messageBody":"","fileTypesAndContributionMap":{"java":{"insertions":30,"deletions":22}}},{"hash":"67e54414316543788312c684ac7275282b933c29","messageTitle":"Refine JavaDoc documentation","messageBody":"(cherry picked from commit 89c24dd278f9106414a5cae49ec2e2505daf9190)\n","tags":["A-CodingStandard"],"fileTypesAndContributionMap":{"java":{"insertions":141,"deletions":55}}},{"hash":"e38c2c6af476a92f1fda86dff5e5edfee50e8199","messageTitle":"Add search functionality to Jude","messageBody":"","tags":["Level-9"],"fileTypesAndContributionMap":{"txt":{"insertions":6,"deletions":0},"java":{"insertions":56,"deletions":12}}}]},{"date":"2022-08-29","commitResults":[{"hash":"d08dcfe6832a832aa1815705f7432b567ddbf022","messageTitle":"Add Checkstyle to project and fix Checkstyle errors","messageBody":"","tags":["A-CheckStyle"],"fileTypesAndContributionMap":{"gradle":{"insertions":5,"deletions":0},"java":{"insertions":54,"deletions":49}}},{"hash":"eeffb6a066bedc53e4718f07dd15257b65361599","messageTitle":"Add JavaFX GUI to Jude the chatbot","messageBody":"","fileTypesAndContributionMap":{"gradle":{"insertions":7,"deletions":1},"txt":{"insertions":3,"deletions":0},"fxml":{"insertions":47,"deletions":0},"java":{"insertions":258,"deletions":32}}},{"hash":"27025071bc11cda8e69c10819eca0b716dd56258","messageTitle":"Fix bugs after moving code to JavaFX","messageBody":"","fileTypesAndContributionMap":{"fxml":{"insertions":7,"deletions":5},"java":{"insertions":49,"deletions":13}}},{"hash":"7addbdd5320bfd39dd4ce0ae8d40f6a564515c18","messageTitle":"Fix empty line JavaDoc coding standard violation","messageBody":"","fileTypesAndContributionMap":{"java":{"insertions":9,"deletions":1}}}]},{"date":"2022-08-30","commitResults":[{"hash":"fd2ed87fdd67ff118c7880322fbda94a6a1ff9a3","messageTitle":"Add JavaFX GUI to Jude the chatbot","messageBody":"(cherry picked from commit eeffb6a066bedc53e4718f07dd15257b65361599)\n","fileTypesAndContributionMap":{"gradle":{"insertions":7,"deletions":1},"txt":{"insertions":3,"deletions":0},"fxml":{"insertions":47,"deletions":0},"java":{"insertions":258,"deletions":32}}},{"hash":"7acd9dc6f83d0e7dc9b7f3a2bf1361958afe7964","messageTitle":"Fix bugs after moving code to JavaFX","messageBody":"(cherry picked from commit 27025071bc11cda8e69c10819eca0b716dd56258)\n","tags":["Level-10"],"fileTypesAndContributionMap":{"fxml":{"insertions":7,"deletions":5},"java":{"insertions":49,"deletions":13}}}]},{"date":"2022-09-01","commitResults":[{"hash":"f03a901f744932e0d19fc455bd7d3dbffac6aabd","messageTitle":"Fix bugs in chatbot GUI","messageBody":"","fileTypesAndContributionMap":{"java":{"insertions":34,"deletions":43}}}]},{"date":"2022-09-05","commitResults":[{"hash":"dcb10b35b7b7534d44876b2e476bf0c58cb569f3","messageTitle":"Update build.gradle to comply with reuse policy","messageBody":"","fileTypesAndContributionMap":{"gradle":{"insertions":16,"deletions":2}}},{"hash":"0203e5a04fb9837ad2e561524ff62197ea522192","messageTitle":"Restore regression testing for Gradle project","messageBody":"The old regression test had been removed because the program has been\nconverted from a command-line interface to a graphical user interface.\n\nA lack of regression testing may introduce bugs as new features are\nbeing added.\n\nLet\u0027s modify the runtest.bat script and restore the methods intended for\nprinting to console to support console-based regression testing.\n\nThe regression testing is restored because it will be useful for testing\nwhile adding new features to the graphical user interface. This helps to\nverify that no functionality has been accidentally changed as a result\nof adding in new features.\n","tags":["A-FullCommitMessage"],"fileTypesAndContributionMap":{"txt":{"insertions":0,"deletions":0},"java":{"insertions":125,"deletions":13},"bat":{"insertions":13,"deletions":8}}},{"hash":"090c5fb43175e0d8cc29864daea2eb3a2721e214","messageTitle":"Add assertions to code","messageBody":"There are no assertions in the code.\n\nWhen there is a NullPointerException, the code could be hard to debug\nbecause it can happen almost anywhere.\n\nLet\u0027s add assertions to the code to aid debugging when variables\nstored become null.\n\nWhen there is a JavaFX invocation exception or similar, these can be\nhard to debug. Occasionally, that could be caused by null values. By\ncatching this earlier, we would know which part of the code was not\nworking correctly by throwing up null values.\n","tags":["A-Assertions"],"fileTypesAndContributionMap":{"java":{"insertions":29,"deletions":9}}},{"hash":"a35d34d255b4fb4323de6cbb75f5f3488cfc43bb","messageTitle":"Refactor parser method","messageBody":"The parser code is cluttered into one method, with the parser method\nparsing the commands and also executing them, hence making the code hard\nto read.\n\nLet\u0027s refactor the parser code to better adhere to the single level of\nabstraction principle.\n\nThis will make the code easier to read, as suggested by a reviewer of my\ncode (Josephaedan).\n\nThis commit also includes other minor code changes.\n","tags":["A-CodeQuality"],"fileTypesAndContributionMap":{"txt":{"insertions":0,"deletions":0},"java":{"insertions":225,"deletions":141},"bat":{"insertions":6,"deletions":9}}},{"hash":"b18e87a1f05496744d4f35433bdad4ba7c45a712","messageTitle":"Improve code quality with minor corrections","messageBody":"","fileTypesAndContributionMap":{"java":{"insertions":3,"deletions":12}}},{"hash":"8f201441f938c90401a17ebc08ad812a2b77934d","messageTitle":"Setup Continuous Integration","messageBody":"","fileTypesAndContributionMap":{"sh":{"insertions":9,"deletions":2}}},{"hash":"9d0c9a0678838c189809e364ef0b19bb5f9f07e9","messageTitle":"Fix broken CI","messageBody":"","fileTypesAndContributionMap":{"sh":{"insertions":4,"deletions":2}}},{"hash":"eb32cf26fae4b2aa333e7330c4a4b6f753bc53c0","messageTitle":"Fix broken CI: Attempt 2","messageBody":"","fileTypesAndContributionMap":{"sh":{"insertions":4,"deletions":5}}},{"hash":"89ee65694b79ce589c66a3a702a36ddcb898116b","messageTitle":"Fix broken CI: Attempt 3","messageBody":"","fileTypesAndContributionMap":{"sh":{"insertions":4,"deletions":1}}},{"hash":"1bc3fd89177c7d290deb367fae3110c9bd1efb87","messageTitle":"Fix broken CI: Attempt 4","messageBody":"","fileTypesAndContributionMap":{"sh":{"insertions":2,"deletions":4}}}]},{"date":"2022-09-06","commitResults":[{"hash":"b6db4850a5547a5b2d53ff5c0db9d7c054ff4ea5","messageTitle":"Fix gradlew directory issue in runtest.sh","messageBody":"","tags":["A-CI"],"fileTypesAndContributionMap":{"sh":{"insertions":4,"deletions":2}}}]},{"date":"2022-09-08","commitResults":[{"hash":"ebc6c604f7c0e65ce81f9aae4f7b6df60c86fdd1","messageTitle":"Add reminder feature to Jude the chatbot","messageBody":"","tags":["BCD-Extension"],"fileTypesAndContributionMap":{"txt":{"insertions":3,"deletions":0},"java":{"insertions":187,"deletions":6},"sh":{"insertions":1,"deletions":1}}}]},{"date":"2022-09-12","commitResults":[{"hash":"dc770c03950fb0bba23cf987a8b677122f72ac14","messageTitle":"Fix code quality issues detected by soc-se-bot","messageBody":"","fileTypesAndContributionMap":{"java":{"insertions":6,"deletions":7}}},{"hash":"1477b7590e70da1c409b8c1a22e80bdcee87f18b","messageTitle":"Increase margin between text and profile image","messageBody":"","fileTypesAndContributionMap":{"fxml":{"insertions":5,"deletions":4},"java":{"insertions":1,"deletions":2}}},{"hash":"a44646bd798080dee7528fba3165f31b0a6e06d5","messageTitle":"Remove credits message because there is separate file for credits","messageBody":"","fileTypesAndContributionMap":{"java":{"insertions":0,"deletions":17}}},{"hash":"ad82ffdd071bbf802ffb4602fb0153a1dc44e0ef","messageTitle":"Add support for resizing GUI","messageBody":"","tags":["A-BetterGui"],"fileTypesAndContributionMap":{"fxml":{"insertions":5,"deletions":7}}},{"hash":"0ccc44bd7f2611899e1a206f40d3dc2a494a60e3","messageTitle":"Edit comments to better comply with reuse policy","messageBody":"","fileTypesAndContributionMap":{"gradle":{"insertions":8,"deletions":3},"fxml":{"insertions":8,"deletions":0},"java":{"insertions":27,"deletions":24},"bat":{"insertions":0,"deletions":1}}},{"hash":"6e497cb9cd1ce79ab666e05d8f5a80c5310c01e2","messageTitle":"Add support for event dates in Jude the chatbot","messageBody":"","fileTypesAndContributionMap":{"txt":{"insertions":9,"deletions":4},"java":{"insertions":47,"deletions":32}}},{"hash":"91d0360bc6a0007696687a867241f0e9bdaacb5c","messageTitle":"Fix checkstyle error","messageBody":"","fileTypesAndContributionMap":{"java":{"insertions":1,"deletions":1}}},{"hash":"5a3245d1a84b21cb9a5ca4a9605d86a516c2d380","messageTitle":"Move credits to root directory to make it more obvious","messageBody":"","fileTypesAndContributionMap":{"txt":{"insertions":3,"deletions":3}}},{"hash":"bdf8db5d95072a20ac0d913a728dc86f86e7cf62","messageTitle":"Set message box to adjust the size according to window size","messageBody":"","fileTypesAndContributionMap":{"fxml":{"insertions":23,"deletions":20},"java":{"insertions":39,"deletions":23}}},{"hash":"eba047157ae8d615b4e10f8a98a1344e0a93b287","messageTitle":"Fix bug where window resize causes text to not render correctly","messageBody":"","fileTypesAndContributionMap":{"fxml":{"insertions":2,"deletions":3},"java":{"insertions":6,"deletions":3}}},{"hash":"b7c4965c7bd862d7075ff363a80e4210c836c1ab","messageTitle":"Include credit for idea on adding start and end time for event","messageBody":"","fileTypesAndContributionMap":{"java":{"insertions":2,"deletions":0}}},{"hash":"fdeb33a6a71b96178e8110a5fb3c27d6e30bd5c6","messageTitle":"Update README.md in root directory","messageBody":"","fileTypesAndContributionMap":{"md":{"insertions":5,"deletions":11}}},{"hash":"a37cbd23f441bac50d9f339d07ea635103dbde69","messageTitle":"Fix regression where reminder text is missing in GUI version","messageBody":"","fileTypesAndContributionMap":{"java":{"insertions":1,"deletions":1}}},{"hash":"6b0da7ace99daaedc8dd0c20631030e3b76a4507","messageTitle":"Update documentation except for usage section","messageBody":"","fileTypesAndContributionMap":{"md":{"insertions":57,"deletions":6}}},{"hash":"5d31246fbacd138c2f220747eb19662fbe2f1c82","messageTitle":"Update user guide to first complete draft","messageBody":"","tags":["A-UserGuide"],"fileTypesAndContributionMap":{"md":{"insertions":194,"deletions":22}}},{"hash":"2e6fda0e8bf1d6108ee61aa64e28f2c748650963","messageTitle":"Update event to disallow start time after end time","messageBody":"","fileTypesAndContributionMap":{"txt":{"insertions":3,"deletions":0},"java":{"insertions":16,"deletions":3},"md":{"insertions":2,"deletions":1}}},{"hash":"1860c57bf55937e48f648fbf0019fb8819395459","messageTitle":"Release v0.3","messageBody":"","fileTypesAndContributionMap":{"gradle":{"insertions":1,"deletions":1}}}]},{"date":"2022-09-15","commitResults":[{"hash":"4bf3a50ad7aaa84f4b6167e051e7a1ba43b4c7cc","messageTitle":"Refactor error messages to constants","messageBody":"","fileTypesAndContributionMap":{"java":{"insertions":23,"deletions":13}}},{"hash":"53bb76d5d9c1a13d53801733d9c8e3e79c8936d1","messageTitle":"Update user documentation to include credits and installation steps","messageBody":"","fileTypesAndContributionMap":{"md":{"insertions":14,"deletions":0}}}]},{"date":"2022-09-16","commitResults":[{"hash":"cae144194b9c4a5d6e0a1f519b133d9d48d6486f","messageTitle":"Change fxml files to version 11 to resolve warning","messageBody":"","fileTypesAndContributionMap":{"fxml":{"insertions":4,"deletions":2}}},{"hash":"950e01de5177ad1d994874d9e1fcbd3a6fbb7d6a","messageTitle":"Add link to user guide on README.md (project root directory)","messageBody":"","fileTypesAndContributionMap":{"md":{"insertions":3,"deletions":1}}},{"hash":"1c837f567e62af2b7757b8aac0076756c7796949","messageTitle":"Extract magic constant from invalid index error message","messageBody":"","tags":["A-Release"],"fileTypesAndContributionMap":{"java":{"insertions":5,"deletions":2}}}]}]},"authorFileTypeContributionMap":{"cheeheng":{"java":1468,"md":244,"fxml":60,"sh":13,"bat":10,"gradle":8,"txt":84}},"authorContributionVariance":{"cheeheng":80432.05},"authorDisplayNameMap":{"cheeheng":"CS2103T-T10-1 TAN ..HENG"}}
