{"authorDailyContributionsMap":{"teekaytai":[{"date":"2022-08-18","commitResults":[{"hash":"0daca92b0ca87f41867d0844bcc49be38310bf15","messageTitle":"Add greeting, echo and exit","messageBody":"","tags":["Level-1"],"fileTypesAndContributionMap":{"java":{"insertions":18,"deletions":1}}},{"hash":"c736a2c551d836600cd73c5efb36f3d1e12ec928","messageTitle":"Add ability to store user input and list stored input","messageBody":"","tags":["Level-2"],"fileTypesAndContributionMap":{"java":{"insertions":9,"deletions":2}}},{"hash":"bfa8b68aa857ad89be55ad5c7a257e7e794701c9","messageTitle":"Add Task class","messageBody":"","tags":["A-Classes"],"fileTypesAndContributionMap":{"java":{"insertions":24,"deletions":2}}},{"hash":"a98f89dcc0a085338ed29a1eb94d4581be0fa69d","messageTitle":"Add ability to mark task as done or not done","messageBody":"","tags":["Level-3"],"fileTypesAndContributionMap":{"java":{"insertions":13,"deletions":0}}},{"hash":"090f97adc03b834290380d5b3e995e93a8d58647","messageTitle":"Add Todo, Deadline and Event classes","messageBody":"","tags":["A-Inheritance"],"fileTypesAndContributionMap":{"java":{"insertions":56,"deletions":0}}},{"hash":"24ed81294297f2f8a5b135048be272a0191bbae3","messageTitle":"Add ability to create to-dos, deadlines and events","messageBody":"","tags":["Level-4"],"fileTypesAndContributionMap":{"java":{"insertions":48,"deletions":21}}},{"hash":"b386875b1ceb5c4af7b0f6d1867b6ac97bee7602","messageTitle":"Add text ui testing","messageBody":"","tags":["A-TextUiTesting"],"fileTypesAndContributionMap":{"txt":{"insertions":10,"deletions":0}}},{"hash":"51798d127e083275761b3058d937668fd658ee6c","messageTitle":"Add error handling for wrong number of arguments","messageBody":"","tags":["Level-5"],"fileTypesAndContributionMap":{"txt":{"insertions":6,"deletions":0},"java":{"insertions":53,"deletions":24}}},{"hash":"74659a7fbb9d6eeec4ea0ee6b712245da5272645","messageTitle":"Add error handling for invalid task formats","messageBody":"","tags":["A-Exceptions"],"fileTypesAndContributionMap":{"txt":{"insertions":2,"deletions":0},"java":{"insertions":38,"deletions":15}}},{"hash":"0a908032f145fab44a706f3326357d0c55872f4b","messageTitle":"Refactor task list to use ArrayList instead of array","messageBody":"","tags":["A-Collections"],"fileTypesAndContributionMap":{"java":{"insertions":9,"deletions":9}}},{"hash":"5f9d516ba01256f00394e09344f39f447beb789a","messageTitle":"Add ability to delete tasks","messageBody":"","tags":["Level-6"],"fileTypesAndContributionMap":{"txt":{"insertions":5,"deletions":0},"java":{"insertions":17,"deletions":0}}}]},{"date":"2022-08-19","commitResults":[{"hash":"241cc2bafe853a3746fedf5dfb0c5e7ef6541f86","messageTitle":"Refactor commands to use an enum","messageBody":"","tags":["A-Enums"],"fileTypesAndContributionMap":{"java":{"insertions":37,"deletions":12}}}]},{"date":"2022-08-23","commitResults":[{"hash":"acc2156f07dca9b488638057986d1e71dd698576","messageTitle":"Print message when task list empty","messageBody":"","fileTypesAndContributionMap":{"txt":{"insertions":1,"deletions":0},"java":{"insertions":6,"deletions":2}}},{"hash":"e7b3ecb9f47e33d389a5022ca340cd4598a2cc85","messageTitle":"Add TaskList class","messageBody":"","fileTypesAndContributionMap":{"java":{"insertions":52,"deletions":15}}},{"hash":"46e5f728cc8c3f8d0484304a5110a0af8b60977d","messageTitle":"Refactor task creation to use factory methods","messageBody":"","fileTypesAndContributionMap":{"java":{"insertions":19,"deletions":23}}},{"hash":"9eee69184b42a7d9486b4d16895fa6446f891614","messageTitle":"Allow tasks to be encoded and decoded","messageBody":"","fileTypesAndContributionMap":{"java":{"insertions":115,"deletions":5}}},{"hash":"276bf4b16d7f428a212682b5e9bf22b250379e8c","messageTitle":"Refactor task marking","messageBody":"","fileTypesAndContributionMap":{"java":{"insertions":16,"deletions":10}}}]},{"date":"2022-08-24","commitResults":[{"hash":"b55d51a49181e5ab323c83e6dee1f177e0e970d3","messageTitle":"Save and load tasks from a file","messageBody":"","fileTypesAndContributionMap":{"java":{"insertions":62,"deletions":10},"sh":{"insertions":6,"deletions":0}}},{"hash":"f56a4ce80ca6cdbbb2a42c45ece3aabf17024c51","messageTitle":"Save task dates as TemporalAccessors","messageBody":"","fileTypesAndContributionMap":{"txt":{"insertions":2,"deletions":2},"java":{"insertions":38,"deletions":14}}},{"hash":"8dca383da7db3bf0458af79b0e1d24877eef2f57","messageTitle":"Refactor date time formatting into separate class","messageBody":"","fileTypesAndContributionMap":{"java":{"insertions":33,"deletions":26}}},{"hash":"696fc71eaae63cd83881673a23ab02f02a5eb331","messageTitle":"Add Instruction class and subclasses","messageBody":"","fileTypesAndContributionMap":{"java":{"insertions":148,"deletions":1}}},{"hash":"5c7c1b7b99596fe0a6c948cb54234f0ad86efe0b","messageTitle":"Move program logic into Instruction subclasses","messageBody":"","fileTypesAndContributionMap":{"java":{"insertions":81,"deletions":9}}},{"hash":"5c6a12d04f618c7da6bbb0f39a5f60a67e0acee4","messageTitle":"Create Parser class and InvalidCommandException","messageBody":"","fileTypesAndContributionMap":{"java":{"insertions":41,"deletions":0}}},{"hash":"73c820f71a7e35eecbee5046118e78f54a6a30b2","messageTitle":"Refactor Duke to use Instructions","messageBody":"","fileTypesAndContributionMap":{"java":{"insertions":6,"deletions":136}}},{"hash":"c4c67cdb6dec0b2bf52fb1b45377c339d1bad452","messageTitle":"Add endsProgram method to Instructions","messageBody":"","fileTypesAndContributionMap":{"java":{"insertions":10,"deletions":1}}},{"hash":"cfc33a57e9bd5c7d8f12d6ec082444b07a54b3fe","messageTitle":"Add TextUi class","messageBody":"","tags":["A-MoreOOP"],"fileTypesAndContributionMap":{"java":{"insertions":83,"deletions":53}}},{"hash":"39c25d55d1d52addda66997b17afa5ef085509f5","messageTitle":"Change name from Duke to Scottie","messageBody":"","fileTypesAndContributionMap":{"java":{"insertions":7,"deletions":7},"bat":{"insertions":1,"deletions":1},"sh":{"insertions":1,"deletions":1}}},{"hash":"ed12785fb3752ab498d76e41c1856d53d2cf86ce","messageTitle":"Remove unused InvalidTaskFormatException","messageBody":"","fileTypesAndContributionMap":{"java":{"insertions":0,"deletions":5}}}]},{"date":"2022-08-25","commitResults":[{"hash":"80df190de7dcd6dcb95af019c27cc2da47494806","messageTitle":"Reorganise classes into packages","messageBody":"","tags":["A-Packages"],"fileTypesAndContributionMap":{"java":{"insertions":134,"deletions":41},"sh":{"insertions":2,"deletions":2}}},{"hash":"0cd2ea42ed9871ab21c21484a58a5dc730356409","messageTitle":"Refactor Storage to stay within tasks package","messageBody":"","fileTypesAndContributionMap":{"java":{"insertions":5,"deletions":6}}},{"hash":"35d67384f29c8945abe3d6f912ed42f5b585fed6","messageTitle":"Move conversion of command type into Instruction","messageBody":"","fileTypesAndContributionMap":{"java":{"insertions":26,"deletions":24}}},{"hash":"cdfd398cf888cd3e91c0b425b529b846c3c4432a","messageTitle":"Change duke to scottie in build.gradle","messageBody":"","tags":["A-Gradle"],"fileTypesAndContributionMap":{"gradle":{"insertions":2,"deletions":2}}},{"hash":"ffa1608f140acef72093407758cba09f8cac5248","messageTitle":"Add tests for Parser","messageBody":"","fileTypesAndContributionMap":{"java":{"insertions":57,"deletions":0}}},{"hash":"989f8a3d7c37586b962eaf672ecd203101b3f29d","messageTitle":"Add test for Instruction","messageBody":"","tags":["A-Jar","A-JUnit"],"fileTypesAndContributionMap":{"java":{"insertions":22,"deletions":0}}},{"hash":"3a4db84868129ef83f75d232d1f020e5349a0454","messageTitle":"Add JavaDocs for Scottie class.","messageBody":"","fileTypesAndContributionMap":{"java":{"insertions":7,"deletions":0}}},{"hash":"7543b2b73f879b693d2ed9400374b8263ee87502","messageTitle":"Add JavaDocs for classes in common package.","messageBody":"","fileTypesAndContributionMap":{"java":{"insertions":23,"deletions":0}}},{"hash":"145945b4c6149bb2c646c42ab42e36e78af1eece","messageTitle":"Add JavaDocs for classes in instructions package.","messageBody":"","fileTypesAndContributionMap":{"java":{"insertions":227,"deletions":0}}},{"hash":"80b8bf2d9a32d354fda68b88777506e92a7f8615","messageTitle":"Add JavaDocs for classes in parser package.","messageBody":"","fileTypesAndContributionMap":{"java":{"insertions":10,"deletions":0}}},{"hash":"b51d3a5394a77549499f731e9618ec9f7593e341","messageTitle":"Add JavaDocs for classes in tasks package.","messageBody":"","fileTypesAndContributionMap":{"java":{"insertions":203,"deletions":4}}},{"hash":"56fedad2052ee934e9505f2f5cdd5c810440eaa6","messageTitle":"Add JavaDocs for classes in ui package.","messageBody":"","fileTypesAndContributionMap":{"java":{"insertions":39,"deletions":2}}},{"hash":"bfba28b14f09e38dcd8ef1defd72aa96bee9e568","messageTitle":"Fix incorrect indentation","messageBody":"","fileTypesAndContributionMap":{"java":{"insertions":10,"deletions":10}}},{"hash":"8205655640e4d62d2f3747aad645ac336714f23e","messageTitle":"Add ability to search for tasks","messageBody":"","fileTypesAndContributionMap":{"txt":{"insertions":5,"deletions":0},"java":{"insertions":82,"deletions":1}}}]},{"date":"2022-09-01","commitResults":[{"hash":"e805bf52a61191bf82553583a9af30453587d8f0","messageTitle":"Add run method for Scottie class","messageBody":"","fileTypesAndContributionMap":{"java":{"insertions":9,"deletions":2}}},{"hash":"e846e6a280c33f5c51b5f89f30f695949b3c6fdc","messageTitle":"Decouple Storage from tasks","messageBody":"","fileTypesAndContributionMap":{"java":{"insertions":61,"deletions":53}}},{"hash":"c316f75d4ccfd0059c621d75a108584dbec195d1","messageTitle":"Add a GUI for the application","messageBody":"","fileTypesAndContributionMap":{"gradle":{"insertions":15,"deletions":0},"fxml":{"insertions":34,"deletions":0},"java":{"insertions":166,"deletions":0}}},{"hash":"fa18989394b9c1be306c8429a82f0f6084d2aee5","messageTitle":"Create a Ui interface","messageBody":"","fileTypesAndContributionMap":{"java":{"insertions":92,"deletions":66}}},{"hash":"29c474400305ade6888541d4a576dfe07f237876","messageTitle":"Pass input and responses between GUI and Scottie","messageBody":"","fileTypesAndContributionMap":{"java":{"insertions":79,"deletions":15}}},{"hash":"d326000ba96b7154fe3a7177afe0a2b2514c3d0b","messageTitle":"Edit look of GUI","messageBody":"","fileTypesAndContributionMap":{"fxml":{"insertions":25,"deletions":13}}},{"hash":"4159f74e80c3668f94b831aa2ef801a7a878c49d","messageTitle":"Add CheckStyle","messageBody":"","fileTypesAndContributionMap":{"gradle":{"insertions":5,"deletions":0}}},{"hash":"cf1c00312d3dfc5d5e7a596f15215e8487b87465","messageTitle":"Fix CheckStyle warnings","messageBody":"","fileTypesAndContributionMap":{"java":{"insertions":44,"deletions":41}}},{"hash":"158b82e3db116a18ea4ddb9831029bcc9c4b5341","messageTitle":"Show startup message in GUI","messageBody":"","fileTypesAndContributionMap":{"java":{"insertions":3,"deletions":1}}},{"hash":"5885c4a0caa74bc1846058964d0185daf1113626","messageTitle":"Ensure dialog boxes do not truncate message","messageBody":"","fileTypesAndContributionMap":{"fxml":{"insertions":1,"deletions":1}}},{"hash":"992015a57fc64256936fc37ec310684bd5f27382","messageTitle":"Replace ticks with crosses","messageBody":"","fileTypesAndContributionMap":{"java":{"insertions":1,"deletions":1}}}]},{"date":"2022-09-02","commitResults":[{"hash":"f9e900e7fc5f2f4f6291ae218b98c1bfe942432c","messageTitle":"Add numbers to ordered list for GUI","messageBody":"","fileTypesAndContributionMap":{"java":{"insertions":7,"deletions":5}}}]}]},"authorFileTypeContributionMap":{"teekaytai":{"java":1683,"md":0,"fxml":46,"sh":8,"bat":1,"gradle":22,"txt":29}},"authorContributionVariance":{"teekaytai":81985.195},"authorDisplayNameMap":{"teekaytai":"CS2103-F14-3 TAI .. KIN"}}
