{"authorDailyContributionsMap":{"teekaytai":[{"date":"2022-08-18","commitResults":[{"hash":"0daca92b0ca87f41867d0844bcc49be38310bf15","messageTitle":"Add greeting, echo and exit","messageBody":"","tags":["Level-1"],"fileTypesAndContributionMap":{"java":{"insertions":18,"deletions":1}}},{"hash":"c736a2c551d836600cd73c5efb36f3d1e12ec928","messageTitle":"Add ability to store user input and list stored input","messageBody":"","tags":["Level-2"],"fileTypesAndContributionMap":{"java":{"insertions":9,"deletions":2}}},{"hash":"bfa8b68aa857ad89be55ad5c7a257e7e794701c9","messageTitle":"Add Task class","messageBody":"","tags":["A-Classes"],"fileTypesAndContributionMap":{"java":{"insertions":24,"deletions":2}}},{"hash":"a98f89dcc0a085338ed29a1eb94d4581be0fa69d","messageTitle":"Add ability to mark task as done or not done","messageBody":"","tags":["Level-3"],"fileTypesAndContributionMap":{"java":{"insertions":13,"deletions":0}}},{"hash":"090f97adc03b834290380d5b3e995e93a8d58647","messageTitle":"Add Todo, Deadline and Event classes","messageBody":"","tags":["A-Inheritance"],"fileTypesAndContributionMap":{"java":{"insertions":56,"deletions":0}}},{"hash":"24ed81294297f2f8a5b135048be272a0191bbae3","messageTitle":"Add ability to create to-dos, deadlines and events","messageBody":"","tags":["Level-4"],"fileTypesAndContributionMap":{"java":{"insertions":48,"deletions":21}}},{"hash":"b386875b1ceb5c4af7b0f6d1867b6ac97bee7602","messageTitle":"Add text ui testing","messageBody":"","tags":["A-TextUiTesting"],"fileTypesAndContributionMap":{"txt":{"insertions":10,"deletions":0}}},{"hash":"51798d127e083275761b3058d937668fd658ee6c","messageTitle":"Add error handling for wrong number of arguments","messageBody":"","tags":["Level-5"],"fileTypesAndContributionMap":{"txt":{"insertions":6,"deletions":0},"java":{"insertions":53,"deletions":24}}},{"hash":"74659a7fbb9d6eeec4ea0ee6b712245da5272645","messageTitle":"Add error handling for invalid task formats","messageBody":"","tags":["A-Exceptions"],"fileTypesAndContributionMap":{"txt":{"insertions":2,"deletions":0},"java":{"insertions":38,"deletions":15}}},{"hash":"0a908032f145fab44a706f3326357d0c55872f4b","messageTitle":"Refactor task list to use ArrayList instead of array","messageBody":"","tags":["A-Collections"],"fileTypesAndContributionMap":{"java":{"insertions":9,"deletions":9}}},{"hash":"5f9d516ba01256f00394e09344f39f447beb789a","messageTitle":"Add ability to delete tasks","messageBody":"","tags":["Level-6"],"fileTypesAndContributionMap":{"txt":{"insertions":5,"deletions":0},"java":{"insertions":17,"deletions":0}}}]},{"date":"2022-08-19","commitResults":[{"hash":"241cc2bafe853a3746fedf5dfb0c5e7ef6541f86","messageTitle":"Refactor commands to use an enum","messageBody":"","tags":["A-Enums"],"fileTypesAndContributionMap":{"java":{"insertions":37,"deletions":12}}}]}]},"authorFileTypeContributionMap":{"teekaytai":{"java":237,"md":0,"fxml":0,"sh":0,"bat":0,"gradle":0,"txt":23}},"authorContributionVariance":{"teekaytai":15638.109},"authorDisplayNameMap":{"teekaytai":"TAI .. KIN"}}
