{"authorDailyContributionsMap":{"Donovan9617":[{"date":"2022-08-14","commitResults":[{"hash":"18ebf7a1e64f0a7138df86177b347a3f116545be","messageTitle":"Level-1: Greet, Echo, Exit","messageBody":"","tags":["Level-1"],"fileTypesAndContributionMap":{"java":{"insertions":12,"deletions":6}}},{"hash":"b4ece821798ee275c0e49356148e19ab735b2ef8","messageTitle":"Level-2: Add, List","messageBody":"","tags":["Level-2"],"fileTypesAndContributionMap":{"java":{"insertions":12,"deletions":2}}},{"hash":"62da9ba542c3581a267e9d946fa57e75c911b6a3","messageTitle":"Level-3: Mark as Done","messageBody":"","tags":["Level-3"],"fileTypesAndContributionMap":{"java":{"insertions":41,"deletions":5}}},{"hash":"c24d2018b9ef6e98d8faebed435d75ac51f2f5d4","messageTitle":"Level-4: ToDo, Event, Deadline","messageBody":"","tags":["Level-4"],"fileTypesAndContributionMap":{"java":{"insertions":66,"deletions":8}}},{"hash":"d20a1b67d904cb9d3f51b6ff74c3f0e743c2cdd5","messageTitle":"A-TextUiTesting: Automated Text UI Testing","messageBody":"","tags":["A-TextUiTesting"],"fileTypesAndContributionMap":{"txt":{"insertions":2,"deletions":0},"java":{"insertions":6,"deletions":6}}}]},{"date":"2022-08-15","commitResults":[{"hash":"52a2a3afd19ef78a789650b4ef56d1cb069de74b","messageTitle":"Level-5: Handle Errors","messageBody":"","tags":["Level-5"],"fileTypesAndContributionMap":{"txt":{"insertions":4,"deletions":1},"java":{"insertions":71,"deletions":35}}},{"hash":"841c2141e097245cf6b8fc609bc70d8f4e006a60","messageTitle":"Level-6: Delete","messageBody":"","tags":["Level-6"],"fileTypesAndContributionMap":{"txt":{"insertions":1,"deletions":2},"java":{"insertions":26,"deletions":17}}}]},{"date":"2022-08-16","commitResults":[{"hash":"f6d3abc89f6da1e6b909f179fe27e647729d3ce7","messageTitle":"A-Enums: Use Enums","messageBody":"","tags":["A-Enums"],"fileTypesAndContributionMap":{"java":{"insertions":90,"deletions":78}}}]}]},"authorFileTypeContributionMap":{"Donovan9617":{"java":174,"md":0,"fxml":0,"sh":0,"bat":0,"gradle":0,"txt":4}},"authorContributionVariance":{"Donovan9617":6442.5596},"authorDisplayNameMap":{"Donovan9617":"DONO..INGH"}}
