[{"path":"src/main/java/Deadline.java","fileType":"java","lines":[{"lineNumber":1,"author":{"gitId":"kynapy"},"content":"import java.time.LocalDate;","lastModifiedDate":"2022-09-01"},{"lineNumber":2,"author":{"gitId":"kynapy"},"content":"import java.time.LocalTime;","lastModifiedDate":"2022-09-01"},{"lineNumber":3,"author":{"gitId":"kynapy"},"content":"import java.time.format.DateTimeFormatter;","lastModifiedDate":"2022-09-01"},{"lineNumber":4,"author":{"gitId":"kynapy"},"content":"","lastModifiedDate":"2022-09-01"},{"lineNumber":5,"author":{"gitId":"kynapy"},"content":"public class Deadline extends Task{","lastModifiedDate":"2022-08-25"},{"lineNumber":6,"author":{"gitId":"kynapy"},"content":"    protected LocalDate dueDate;","lastModifiedDate":"2022-09-01"},{"lineNumber":7,"author":{"gitId":"kynapy"},"content":"    protected LocalTime dueTime;","lastModifiedDate":"2022-09-01"},{"lineNumber":8,"author":{"gitId":"kynapy"},"content":"","lastModifiedDate":"2022-08-25"},{"lineNumber":9,"author":{"gitId":"kynapy"},"content":"    public Deadline(String description, String dueDate) {","lastModifiedDate":"2022-09-01"},{"lineNumber":10,"author":{"gitId":"kynapy"},"content":"        super(description);","lastModifiedDate":"2022-08-25"},{"lineNumber":11,"author":{"gitId":"kynapy"},"content":"        this.dueDate \u003d LocalDate.parse(dueDate);","lastModifiedDate":"2022-09-01"},{"lineNumber":12,"author":{"gitId":"kynapy"},"content":"        this.dueTime \u003d null;","lastModifiedDate":"2022-09-01"},{"lineNumber":13,"author":{"gitId":"kynapy"},"content":"    }","lastModifiedDate":"2022-09-01"},{"lineNumber":14,"author":{"gitId":"kynapy"},"content":"","lastModifiedDate":"2022-09-01"},{"lineNumber":15,"author":{"gitId":"kynapy"},"content":"    public Deadline(String description, String dueDate, String dueTime) {","lastModifiedDate":"2022-09-01"},{"lineNumber":16,"author":{"gitId":"kynapy"},"content":"        super(description);","lastModifiedDate":"2022-09-01"},{"lineNumber":17,"author":{"gitId":"kynapy"},"content":"        this.dueDate \u003d LocalDate.parse(dueDate);","lastModifiedDate":"2022-09-01"},{"lineNumber":18,"author":{"gitId":"kynapy"},"content":"        this.dueTime \u003d LocalTime.parse(dueTime);","lastModifiedDate":"2022-09-01"},{"lineNumber":19,"author":{"gitId":"kynapy"},"content":"    }","lastModifiedDate":"2022-08-25"},{"lineNumber":20,"author":{"gitId":"kynapy"},"content":"","lastModifiedDate":"2022-08-25"},{"lineNumber":21,"author":{"gitId":"kynapy"},"content":"    public String getDue() {","lastModifiedDate":"2022-09-01"},{"lineNumber":22,"author":{"gitId":"kynapy"},"content":"        if (dueTime \u003d\u003d null) {","lastModifiedDate":"2022-09-02"},{"lineNumber":23,"author":{"gitId":"kynapy"},"content":"            return this.dueDate.toString();","lastModifiedDate":"2022-09-02"},{"lineNumber":24,"author":{"gitId":"kynapy"},"content":"        } else {","lastModifiedDate":"2022-09-02"},{"lineNumber":25,"author":{"gitId":"kynapy"},"content":"            return this.dueDate + \" \" + this.dueTime;","lastModifiedDate":"2022-09-02"},{"lineNumber":26,"author":{"gitId":"kynapy"},"content":"        }","lastModifiedDate":"2022-09-02"},{"lineNumber":27,"author":{"gitId":"kynapy"},"content":"    }","lastModifiedDate":"2022-09-01"},{"lineNumber":28,"author":{"gitId":"kynapy"},"content":"","lastModifiedDate":"2022-09-01"},{"lineNumber":29,"author":{"gitId":"kynapy"},"content":"    @Override","lastModifiedDate":"2022-09-01"},{"lineNumber":30,"author":{"gitId":"kynapy"},"content":"    public String getTaskType() {","lastModifiedDate":"2022-09-01"},{"lineNumber":31,"author":{"gitId":"kynapy"},"content":"        return \"D\";","lastModifiedDate":"2022-09-01"},{"lineNumber":32,"author":{"gitId":"kynapy"},"content":"    }","lastModifiedDate":"2022-09-01"},{"lineNumber":33,"author":{"gitId":"kynapy"},"content":"","lastModifiedDate":"2022-09-01"},{"lineNumber":34,"author":{"gitId":"kynapy"},"content":"    @Override","lastModifiedDate":"2022-08-25"},{"lineNumber":35,"author":{"gitId":"kynapy"},"content":"    public String toString() {","lastModifiedDate":"2022-08-25"},{"lineNumber":36,"author":{"gitId":"kynapy"},"content":"        if (dueTime \u003d\u003d null) {","lastModifiedDate":"2022-09-01"},{"lineNumber":37,"author":{"gitId":"kynapy"},"content":"            return \"[D]\" + super.toString() + \" (by: \" + dueDate.format(DateTimeFormatter.ofPattern(\"d MMM yyyy\")) + \")\";","lastModifiedDate":"2022-09-01"},{"lineNumber":38,"author":{"gitId":"kynapy"},"content":"        } else {","lastModifiedDate":"2022-09-01"},{"lineNumber":39,"author":{"gitId":"kynapy"},"content":"            return \"[D]\" + super.toString() + \" (by: \" + dueDate.format(DateTimeFormatter.ofPattern(\"d MMM yyyy\")) + \" \" + dueTime + \")\";","lastModifiedDate":"2022-09-01"},{"lineNumber":40,"author":{"gitId":"kynapy"},"content":"        }","lastModifiedDate":"2022-09-01"},{"lineNumber":41,"author":{"gitId":"kynapy"},"content":"    }","lastModifiedDate":"2022-08-25"},{"lineNumber":42,"author":{"gitId":"kynapy"},"content":"}","lastModifiedDate":"2022-08-25"}],"authorContributionMap":{"kynapy":42}},{"path":"src/main/java/Duke.java","fileType":"java","lines":[{"lineNumber":1,"author":{"gitId":"-"},"content":"public class Duke {","lastModifiedDate":"2019-07-29"},{"lineNumber":2,"author":{"gitId":"kynapy"},"content":"    private TaskList tasks;","lastModifiedDate":"2022-09-06"},{"lineNumber":3,"author":{"gitId":"kynapy"},"content":"    private Storage storage;","lastModifiedDate":"2022-09-06"},{"lineNumber":4,"author":{"gitId":"kynapy"},"content":"    private Ui ui;","lastModifiedDate":"2022-09-06"},{"lineNumber":5,"author":{"gitId":"kynapy"},"content":"    ","lastModifiedDate":"2022-08-18"},{"lineNumber":6,"author":{"gitId":"kynapy"},"content":"    public Duke(String filepath) throws Exception {","lastModifiedDate":"2022-09-06"},{"lineNumber":7,"author":{"gitId":"kynapy"},"content":"        this.ui \u003d new Ui();","lastModifiedDate":"2022-09-06"},{"lineNumber":8,"author":{"gitId":"kynapy"},"content":"        this.storage \u003d new Storage(filepath);","lastModifiedDate":"2022-09-06"},{"lineNumber":9,"author":{"gitId":"kynapy"},"content":"        try {","lastModifiedDate":"2022-09-06"},{"lineNumber":10,"author":{"gitId":"kynapy"},"content":"            tasks \u003d new TaskList(storage.load());","lastModifiedDate":"2022-09-06"},{"lineNumber":11,"author":{"gitId":"kynapy"},"content":"        } finally {","lastModifiedDate":"2022-09-06"},{"lineNumber":12,"author":{"gitId":"kynapy"},"content":"            System.out.println();","lastModifiedDate":"2022-09-06"},{"lineNumber":13,"author":{"gitId":"kynapy"},"content":"        }","lastModifiedDate":"2022-09-01"},{"lineNumber":14,"author":{"gitId":"kynapy"},"content":"        //} catch (DukeException e) {","lastModifiedDate":"2022-09-06"},{"lineNumber":15,"author":{"gitId":"kynapy"},"content":"        //    tasks \u003d new TaskList();","lastModifiedDate":"2022-09-06"},{"lineNumber":16,"author":{"gitId":"kynapy"},"content":"        //}","lastModifiedDate":"2022-09-06"},{"lineNumber":17,"author":{"gitId":"-"},"content":"    }","lastModifiedDate":"2022-09-01"},{"lineNumber":18,"author":{"gitId":"kynapy"},"content":"","lastModifiedDate":"2022-09-01"},{"lineNumber":19,"author":{"gitId":"kynapy"},"content":"    public void run() throws Exception {","lastModifiedDate":"2022-09-06"},{"lineNumber":20,"author":{"gitId":"kynapy"},"content":"        ui.greet();","lastModifiedDate":"2022-09-06"},{"lineNumber":21,"author":{"gitId":"kynapy"},"content":"        Parser parser \u003d new Parser(tasks);","lastModifiedDate":"2022-09-06"},{"lineNumber":22,"author":{"gitId":"kynapy"},"content":"        boolean terminate \u003d false;","lastModifiedDate":"2022-09-06"},{"lineNumber":23,"author":{"gitId":"kynapy"},"content":"        while (!terminate) {","lastModifiedDate":"2022-09-06"},{"lineNumber":24,"author":{"gitId":"kynapy"},"content":"            String input \u003d ui.getInput();","lastModifiedDate":"2022-09-06"},{"lineNumber":25,"author":{"gitId":"kynapy"},"content":"            ui.printFrontSpacing();","lastModifiedDate":"2022-09-06"},{"lineNumber":26,"author":{"gitId":"kynapy"},"content":"            terminate \u003d parser.parse(input);","lastModifiedDate":"2022-09-06"},{"lineNumber":27,"author":{"gitId":"kynapy"},"content":"            storage.store(tasks.getList());","lastModifiedDate":"2022-09-06"},{"lineNumber":28,"author":{"gitId":"kynapy"},"content":"            if (terminate \u003d\u003d true) {","lastModifiedDate":"2022-09-06"},{"lineNumber":29,"author":{"gitId":"kynapy"},"content":"                ui.sayBye();","lastModifiedDate":"2022-09-06"},{"lineNumber":30,"author":{"gitId":"kynapy"},"content":"            }","lastModifiedDate":"2022-08-24"},{"lineNumber":31,"author":{"gitId":"kynapy"},"content":"            ui.printBackSpacing();","lastModifiedDate":"2022-09-06"},{"lineNumber":32,"author":{"gitId":"kynapy"},"content":"        }","lastModifiedDate":"2022-09-02"},{"lineNumber":33,"author":{"gitId":"kynapy"},"content":"    }","lastModifiedDate":"2022-08-24"},{"lineNumber":34,"author":{"gitId":"kynapy"},"content":"","lastModifiedDate":"2022-08-24"},{"lineNumber":35,"author":{"gitId":"kynapy"},"content":"    public static void main(String[] args) throws Exception {","lastModifiedDate":"2022-09-06"},{"lineNumber":36,"author":{"gitId":"kynapy"},"content":"        new Duke(\"./data/duke.txt\").run();","lastModifiedDate":"2022-09-06"},{"lineNumber":37,"author":{"gitId":"-"},"content":"    }","lastModifiedDate":"2019-07-29"},{"lineNumber":38,"author":{"gitId":"-"},"content":"}","lastModifiedDate":"2019-07-29"}],"authorContributionMap":{"kynapy":34,"-":4}},{"path":"src/main/java/DukeException.java","fileType":"java","lines":[{"lineNumber":1,"author":{"gitId":"kynapy"},"content":"public class DukeException extends Exception {","lastModifiedDate":"2022-09-02"},{"lineNumber":2,"author":{"gitId":"kynapy"},"content":"    public DukeException(String message) {","lastModifiedDate":"2022-09-02"},{"lineNumber":3,"author":{"gitId":"kynapy"},"content":"        super(message);","lastModifiedDate":"2022-09-02"},{"lineNumber":4,"author":{"gitId":"kynapy"},"content":"    }","lastModifiedDate":"2022-09-02"},{"lineNumber":5,"author":{"gitId":"kynapy"},"content":"}","lastModifiedDate":"2022-09-02"}],"authorContributionMap":{"kynapy":5}},{"path":"src/main/java/Event.java","fileType":"java","lines":[{"lineNumber":1,"author":{"gitId":"kynapy"},"content":"import java.time.LocalDate;","lastModifiedDate":"2022-09-01"},{"lineNumber":2,"author":{"gitId":"kynapy"},"content":"import java.time.LocalTime;","lastModifiedDate":"2022-09-01"},{"lineNumber":3,"author":{"gitId":"kynapy"},"content":"import java.time.format.DateTimeFormatter;","lastModifiedDate":"2022-09-01"},{"lineNumber":4,"author":{"gitId":"kynapy"},"content":"","lastModifiedDate":"2022-09-01"},{"lineNumber":5,"author":{"gitId":"kynapy"},"content":"public class Event extends Task {","lastModifiedDate":"2022-08-25"},{"lineNumber":6,"author":{"gitId":"kynapy"},"content":"    protected LocalDate eventDate;","lastModifiedDate":"2022-09-01"},{"lineNumber":7,"author":{"gitId":"kynapy"},"content":"    protected LocalTime eventTime;","lastModifiedDate":"2022-09-01"},{"lineNumber":8,"author":{"gitId":"kynapy"},"content":"","lastModifiedDate":"2022-08-25"},{"lineNumber":9,"author":{"gitId":"kynapy"},"content":"    Event(String description, String eventDate, String eventTime) {","lastModifiedDate":"2022-09-01"},{"lineNumber":10,"author":{"gitId":"kynapy"},"content":"        super(description);","lastModifiedDate":"2022-08-25"},{"lineNumber":11,"author":{"gitId":"kynapy"},"content":"        this.eventDate \u003d LocalDate.parse(eventDate);","lastModifiedDate":"2022-09-01"},{"lineNumber":12,"author":{"gitId":"kynapy"},"content":"        this.eventTime \u003d LocalTime.parse(eventTime);","lastModifiedDate":"2022-09-01"},{"lineNumber":13,"author":{"gitId":"kynapy"},"content":"    }","lastModifiedDate":"2022-08-25"},{"lineNumber":14,"author":{"gitId":"kynapy"},"content":"","lastModifiedDate":"2022-08-25"},{"lineNumber":15,"author":{"gitId":"kynapy"},"content":"    public String getDue() {","lastModifiedDate":"2022-09-01"},{"lineNumber":16,"author":{"gitId":"kynapy"},"content":"        return this.eventDate + \" \" + this.eventTime;","lastModifiedDate":"2022-09-02"},{"lineNumber":17,"author":{"gitId":"kynapy"},"content":"    }","lastModifiedDate":"2022-09-01"},{"lineNumber":18,"author":{"gitId":"kynapy"},"content":"","lastModifiedDate":"2022-09-01"},{"lineNumber":19,"author":{"gitId":"kynapy"},"content":"    @Override","lastModifiedDate":"2022-09-01"},{"lineNumber":20,"author":{"gitId":"kynapy"},"content":"    public String getTaskType() {","lastModifiedDate":"2022-09-01"},{"lineNumber":21,"author":{"gitId":"kynapy"},"content":"        return \"E\";","lastModifiedDate":"2022-09-01"},{"lineNumber":22,"author":{"gitId":"kynapy"},"content":"    }","lastModifiedDate":"2022-09-01"},{"lineNumber":23,"author":{"gitId":"kynapy"},"content":"","lastModifiedDate":"2022-09-01"},{"lineNumber":24,"author":{"gitId":"kynapy"},"content":"    @Override","lastModifiedDate":"2022-08-25"},{"lineNumber":25,"author":{"gitId":"kynapy"},"content":"    public String toString() {","lastModifiedDate":"2022-08-25"},{"lineNumber":26,"author":{"gitId":"kynapy"},"content":"        return \"[E]\" + super.toString() + \" (at: \" + eventDate.format(DateTimeFormatter.ofPattern(\"d MMM yyyy\")) + \" \" + eventTime + \")\";","lastModifiedDate":"2022-09-01"},{"lineNumber":27,"author":{"gitId":"kynapy"},"content":"    }","lastModifiedDate":"2022-08-25"},{"lineNumber":28,"author":{"gitId":"kynapy"},"content":"}","lastModifiedDate":"2022-08-25"}],"authorContributionMap":{"kynapy":28}},{"path":"src/main/java/Parser.java","fileType":"java","lines":[{"lineNumber":1,"author":{"gitId":"kynapy"},"content":"public class Parser {","lastModifiedDate":"2022-09-02"},{"lineNumber":2,"author":{"gitId":"kynapy"},"content":"    private TaskList taskList;","lastModifiedDate":"2022-09-06"},{"lineNumber":3,"author":{"gitId":"kynapy"},"content":"","lastModifiedDate":"2022-09-06"},{"lineNumber":4,"author":{"gitId":"kynapy"},"content":"    public Parser(TaskList taskList) {","lastModifiedDate":"2022-09-06"},{"lineNumber":5,"author":{"gitId":"kynapy"},"content":"        this.taskList \u003d taskList;","lastModifiedDate":"2022-09-06"},{"lineNumber":6,"author":{"gitId":"kynapy"},"content":"    }","lastModifiedDate":"2022-09-06"},{"lineNumber":7,"author":{"gitId":"kynapy"},"content":"","lastModifiedDate":"2022-09-06"},{"lineNumber":8,"author":{"gitId":"kynapy"},"content":"    public boolean parse(String request) {","lastModifiedDate":"2022-09-02"},{"lineNumber":9,"author":{"gitId":"kynapy"},"content":"        if (request.equals(\"bye\")) { // Terminates Greg","lastModifiedDate":"2022-09-06"},{"lineNumber":10,"author":{"gitId":"kynapy"},"content":"            return true;","lastModifiedDate":"2022-09-02"},{"lineNumber":11,"author":{"gitId":"kynapy"},"content":"        }","lastModifiedDate":"2022-09-02"},{"lineNumber":12,"author":{"gitId":"kynapy"},"content":"        else if (request.equals(\"list\")) { // Lists out tasks","lastModifiedDate":"2022-09-06"},{"lineNumber":13,"author":{"gitId":"kynapy"},"content":"            taskList.printList();","lastModifiedDate":"2022-09-06"},{"lineNumber":14,"author":{"gitId":"kynapy"},"content":"        }","lastModifiedDate":"2022-09-06"},{"lineNumber":15,"author":{"gitId":"kynapy"},"content":"","lastModifiedDate":"2022-09-06"},{"lineNumber":16,"author":{"gitId":"kynapy"},"content":"        // 3. Mark task as done","lastModifiedDate":"2022-09-06"},{"lineNumber":17,"author":{"gitId":"kynapy"},"content":"        else if (request.startsWith(\"mark\")) {","lastModifiedDate":"2022-09-06"},{"lineNumber":18,"author":{"gitId":"kynapy"},"content":"            int taskNumber \u003d Integer.parseInt(request.split(\" \")[1]) - 1;","lastModifiedDate":"2022-09-06"},{"lineNumber":19,"author":{"gitId":"kynapy"},"content":"            taskList.markTask(taskNumber);","lastModifiedDate":"2022-09-06"},{"lineNumber":20,"author":{"gitId":"kynapy"},"content":"        }","lastModifiedDate":"2022-09-06"},{"lineNumber":21,"author":{"gitId":"kynapy"},"content":"","lastModifiedDate":"2022-09-06"},{"lineNumber":22,"author":{"gitId":"kynapy"},"content":"        // 4. Mark task as undone","lastModifiedDate":"2022-09-06"},{"lineNumber":23,"author":{"gitId":"kynapy"},"content":"        else if (request.startsWith(\"unmark\")) {","lastModifiedDate":"2022-09-06"},{"lineNumber":24,"author":{"gitId":"kynapy"},"content":"            int taskNumber \u003d Integer.parseInt(request.split(\" \")[1]) - 1;","lastModifiedDate":"2022-09-06"},{"lineNumber":25,"author":{"gitId":"kynapy"},"content":"            taskList.unmarkTask(taskNumber);","lastModifiedDate":"2022-09-06"},{"lineNumber":26,"author":{"gitId":"kynapy"},"content":"        }","lastModifiedDate":"2022-09-06"},{"lineNumber":27,"author":{"gitId":"kynapy"},"content":"","lastModifiedDate":"2022-09-06"},{"lineNumber":28,"author":{"gitId":"kynapy"},"content":"        // 5. Adding in tasks","lastModifiedDate":"2022-09-06"},{"lineNumber":29,"author":{"gitId":"kynapy"},"content":"        // Todo","lastModifiedDate":"2022-09-06"},{"lineNumber":30,"author":{"gitId":"kynapy"},"content":"        else if (request.startsWith(\"todo\")) {","lastModifiedDate":"2022-09-06"},{"lineNumber":31,"author":{"gitId":"kynapy"},"content":"            String todoTask \u003d request.replace(\"todo \", \"\");","lastModifiedDate":"2022-09-06"},{"lineNumber":32,"author":{"gitId":"kynapy"},"content":"            Todo todo \u003d new Todo(todoTask);","lastModifiedDate":"2022-09-06"},{"lineNumber":33,"author":{"gitId":"kynapy"},"content":"            taskList.addTask(todo);","lastModifiedDate":"2022-09-06"},{"lineNumber":34,"author":{"gitId":"kynapy"},"content":"        }","lastModifiedDate":"2022-09-06"},{"lineNumber":35,"author":{"gitId":"kynapy"},"content":"","lastModifiedDate":"2022-09-06"},{"lineNumber":36,"author":{"gitId":"kynapy"},"content":"        // Deadline","lastModifiedDate":"2022-09-06"},{"lineNumber":37,"author":{"gitId":"kynapy"},"content":"        else if (request.startsWith(\"deadline\")) {","lastModifiedDate":"2022-09-06"},{"lineNumber":38,"author":{"gitId":"kynapy"},"content":"            String[] deadlineTask \u003d (request.replace(\"deadline \", \"\")).split(\" /by \");","lastModifiedDate":"2022-09-06"},{"lineNumber":39,"author":{"gitId":"kynapy"},"content":"            Deadline deadline;","lastModifiedDate":"2022-09-06"},{"lineNumber":40,"author":{"gitId":"kynapy"},"content":"            if (deadlineTask[1].length() \u003e 10) { // Deadline has a time ","lastModifiedDate":"2022-09-06"},{"lineNumber":41,"author":{"gitId":"kynapy"},"content":"                String[] dlDateAndTime \u003d deadlineTask[1].split(\" \");","lastModifiedDate":"2022-09-06"},{"lineNumber":42,"author":{"gitId":"kynapy"},"content":"                String time \u003d dlDateAndTime[1].substring(0, 2) + \":\" + dlDateAndTime[1].substring(2,4);","lastModifiedDate":"2022-09-06"},{"lineNumber":43,"author":{"gitId":"kynapy"},"content":"                deadline \u003d new Deadline(deadlineTask[0], dlDateAndTime[0], time);","lastModifiedDate":"2022-09-06"},{"lineNumber":44,"author":{"gitId":"kynapy"},"content":"            } else { // Deadline without at specific time","lastModifiedDate":"2022-09-06"},{"lineNumber":45,"author":{"gitId":"kynapy"},"content":"                deadline \u003d new Deadline(deadlineTask[0], deadlineTask[1]); ","lastModifiedDate":"2022-09-06"},{"lineNumber":46,"author":{"gitId":"kynapy"},"content":"            }","lastModifiedDate":"2022-09-06"},{"lineNumber":47,"author":{"gitId":"kynapy"},"content":"            taskList.addTask(deadline);","lastModifiedDate":"2022-09-06"},{"lineNumber":48,"author":{"gitId":"kynapy"},"content":"        }","lastModifiedDate":"2022-09-06"},{"lineNumber":49,"author":{"gitId":"kynapy"},"content":"","lastModifiedDate":"2022-09-06"},{"lineNumber":50,"author":{"gitId":"kynapy"},"content":"        // Event","lastModifiedDate":"2022-09-06"},{"lineNumber":51,"author":{"gitId":"kynapy"},"content":"        else if (request.startsWith(\"event\")) {","lastModifiedDate":"2022-09-06"},{"lineNumber":52,"author":{"gitId":"kynapy"},"content":"            String[] eventTask \u003d request.replace(\"event \", \"\").split(\" /at \");","lastModifiedDate":"2022-09-06"},{"lineNumber":53,"author":{"gitId":"kynapy"},"content":"            String[] eventDateAndTime \u003d eventTask[1].split(\" \");","lastModifiedDate":"2022-09-06"},{"lineNumber":54,"author":{"gitId":"kynapy"},"content":"            String eventTime \u003d eventDateAndTime[1].substring(0,2) + \":\" + eventDateAndTime[1].substring(2,4);","lastModifiedDate":"2022-09-06"},{"lineNumber":55,"author":{"gitId":"kynapy"},"content":"            Event event \u003d new Event(eventTask[0], eventDateAndTime[0], eventTime);","lastModifiedDate":"2022-09-06"},{"lineNumber":56,"author":{"gitId":"kynapy"},"content":"            taskList.addTask(event);","lastModifiedDate":"2022-09-06"},{"lineNumber":57,"author":{"gitId":"kynapy"},"content":"        }","lastModifiedDate":"2022-09-06"},{"lineNumber":58,"author":{"gitId":"kynapy"},"content":"","lastModifiedDate":"2022-09-06"},{"lineNumber":59,"author":{"gitId":"kynapy"},"content":"        // 6. Deleting tasks","lastModifiedDate":"2022-09-06"},{"lineNumber":60,"author":{"gitId":"kynapy"},"content":"        else if (request.startsWith(\"delete\")) {","lastModifiedDate":"2022-09-06"},{"lineNumber":61,"author":{"gitId":"kynapy"},"content":"            String[] deleteTask \u003d request.split(\" \");","lastModifiedDate":"2022-09-06"},{"lineNumber":62,"author":{"gitId":"kynapy"},"content":"            int taskIndex \u003d Integer.parseInt(deleteTask[1]);","lastModifiedDate":"2022-09-06"},{"lineNumber":63,"author":{"gitId":"kynapy"},"content":"            taskList.deleteTask(taskIndex);","lastModifiedDate":"2022-09-06"},{"lineNumber":64,"author":{"gitId":"kynapy"},"content":"        }","lastModifiedDate":"2022-09-06"},{"lineNumber":65,"author":{"gitId":"kynapy"},"content":"","lastModifiedDate":"2022-09-06"},{"lineNumber":66,"author":{"gitId":"kynapy"},"content":"        // Inappropriate input","lastModifiedDate":"2022-09-06"},{"lineNumber":67,"author":{"gitId":"kynapy"},"content":"        else {","lastModifiedDate":"2022-09-06"},{"lineNumber":68,"author":{"gitId":"kynapy"},"content":"            System.out.println(\"    OOPS!!! I\u0027m sorry, but I don\u0027t know what that means :-(\\n\");","lastModifiedDate":"2022-09-06"},{"lineNumber":69,"author":{"gitId":"kynapy"},"content":"        }","lastModifiedDate":"2022-09-06"},{"lineNumber":70,"author":{"gitId":"kynapy"},"content":"        return false;","lastModifiedDate":"2022-09-02"},{"lineNumber":71,"author":{"gitId":"kynapy"},"content":"    }","lastModifiedDate":"2022-09-02"},{"lineNumber":72,"author":{"gitId":"kynapy"},"content":"}","lastModifiedDate":"2022-09-02"}],"authorContributionMap":{"kynapy":72}},{"path":"src/main/java/Storage.java","fileType":"java","lines":[{"lineNumber":1,"author":{"gitId":"kynapy"},"content":"import java.io.FileReader;","lastModifiedDate":"2022-09-02"},{"lineNumber":2,"author":{"gitId":"kynapy"},"content":"import java.io.File;","lastModifiedDate":"2022-09-02"},{"lineNumber":3,"author":{"gitId":"kynapy"},"content":"import java.io.FileWriter;","lastModifiedDate":"2022-09-02"},{"lineNumber":4,"author":{"gitId":"kynapy"},"content":"import java.io.BufferedReader;","lastModifiedDate":"2022-09-02"},{"lineNumber":5,"author":{"gitId":"kynapy"},"content":"import java.util.ArrayList;","lastModifiedDate":"2022-09-02"},{"lineNumber":6,"author":{"gitId":"kynapy"},"content":"","lastModifiedDate":"2022-09-02"},{"lineNumber":7,"author":{"gitId":"kynapy"},"content":"public class Storage {","lastModifiedDate":"2022-09-02"},{"lineNumber":8,"author":{"gitId":"kynapy"},"content":"    ArrayList\u003cTask\u003e tasks;","lastModifiedDate":"2022-09-02"},{"lineNumber":9,"author":{"gitId":"kynapy"},"content":"    String filepath;","lastModifiedDate":"2022-09-02"},{"lineNumber":10,"author":{"gitId":"kynapy"},"content":"","lastModifiedDate":"2022-09-02"},{"lineNumber":11,"author":{"gitId":"kynapy"},"content":"    public Storage(String filepath) {","lastModifiedDate":"2022-09-02"},{"lineNumber":12,"author":{"gitId":"kynapy"},"content":"        this.tasks \u003d new ArrayList\u003cTask\u003e();","lastModifiedDate":"2022-09-02"},{"lineNumber":13,"author":{"gitId":"kynapy"},"content":"        this.filepath \u003d filepath;","lastModifiedDate":"2022-09-02"},{"lineNumber":14,"author":{"gitId":"kynapy"},"content":"    }","lastModifiedDate":"2022-09-02"},{"lineNumber":15,"author":{"gitId":"kynapy"},"content":"","lastModifiedDate":"2022-09-02"},{"lineNumber":16,"author":{"gitId":"kynapy"},"content":"    // Loads tasks from file and returns an ArrayList of Tasks objects (not done)","lastModifiedDate":"2022-09-02"},{"lineNumber":17,"author":{"gitId":"kynapy"},"content":"    public ArrayList\u003cTask\u003e load() throws Exception {","lastModifiedDate":"2022-09-02"},{"lineNumber":18,"author":{"gitId":"kynapy"},"content":"        new File(\"./data\").mkdirs();","lastModifiedDate":"2022-09-02"},{"lineNumber":19,"author":{"gitId":"kynapy"},"content":"        File dataStore \u003d new File(filepath);","lastModifiedDate":"2022-09-02"},{"lineNumber":20,"author":{"gitId":"kynapy"},"content":"        if (dataStore.exists()) {","lastModifiedDate":"2022-09-02"},{"lineNumber":21,"author":{"gitId":"kynapy"},"content":"            BufferedReader fileRead \u003d new BufferedReader(new FileReader(dataStore));","lastModifiedDate":"2022-09-02"},{"lineNumber":22,"author":{"gitId":"kynapy"},"content":"            String st;","lastModifiedDate":"2022-09-02"},{"lineNumber":23,"author":{"gitId":"kynapy"},"content":"            while ((st \u003d fileRead.readLine()) !\u003d null) {","lastModifiedDate":"2022-09-02"},{"lineNumber":24,"author":{"gitId":"kynapy"},"content":"                String[] strSplit \u003d st.split(\" \\\\| \");","lastModifiedDate":"2022-09-02"},{"lineNumber":25,"author":{"gitId":"kynapy"},"content":"                if (strSplit[0].equals(\"T\")) {","lastModifiedDate":"2022-09-02"},{"lineNumber":26,"author":{"gitId":"kynapy"},"content":"                    Todo newTask \u003d new Todo(strSplit[2]);","lastModifiedDate":"2022-09-02"},{"lineNumber":27,"author":{"gitId":"kynapy"},"content":"                    tasks.add(newTask);","lastModifiedDate":"2022-09-02"},{"lineNumber":28,"author":{"gitId":"kynapy"},"content":"                }","lastModifiedDate":"2022-09-02"},{"lineNumber":29,"author":{"gitId":"kynapy"},"content":"                else if (strSplit[0].equals(\"D\")) {","lastModifiedDate":"2022-09-02"},{"lineNumber":30,"author":{"gitId":"kynapy"},"content":"                    Deadline newTask;","lastModifiedDate":"2022-09-02"},{"lineNumber":31,"author":{"gitId":"kynapy"},"content":"                    if (strSplit[3].length() \u003e 10) {","lastModifiedDate":"2022-09-02"},{"lineNumber":32,"author":{"gitId":"kynapy"},"content":"                        String[] dlDateAndTime \u003d strSplit[3].split(\" \");","lastModifiedDate":"2022-09-02"},{"lineNumber":33,"author":{"gitId":"kynapy"},"content":"                        newTask \u003d new Deadline(strSplit[2], dlDateAndTime[0], dlDateAndTime[1]);","lastModifiedDate":"2022-09-02"},{"lineNumber":34,"author":{"gitId":"kynapy"},"content":"                    } else {","lastModifiedDate":"2022-09-02"},{"lineNumber":35,"author":{"gitId":"kynapy"},"content":"                        newTask \u003d new Deadline(strSplit[2], strSplit[3]);","lastModifiedDate":"2022-09-02"},{"lineNumber":36,"author":{"gitId":"kynapy"},"content":"                    }","lastModifiedDate":"2022-09-02"},{"lineNumber":37,"author":{"gitId":"kynapy"},"content":"                    tasks.add(newTask);","lastModifiedDate":"2022-09-02"},{"lineNumber":38,"author":{"gitId":"kynapy"},"content":"                } ","lastModifiedDate":"2022-09-02"},{"lineNumber":39,"author":{"gitId":"kynapy"},"content":"                else if (strSplit[0].equals(\"E\")) {","lastModifiedDate":"2022-09-02"},{"lineNumber":40,"author":{"gitId":"kynapy"},"content":"                    String[] eventDateAndTime \u003d strSplit[3].split(\" \");","lastModifiedDate":"2022-09-02"},{"lineNumber":41,"author":{"gitId":"kynapy"},"content":"                    Event newTask \u003d new Event(strSplit[2], eventDateAndTime[0], eventDateAndTime[1]);","lastModifiedDate":"2022-09-02"},{"lineNumber":42,"author":{"gitId":"kynapy"},"content":"                    tasks.add(newTask);","lastModifiedDate":"2022-09-02"},{"lineNumber":43,"author":{"gitId":"kynapy"},"content":"                }","lastModifiedDate":"2022-09-02"},{"lineNumber":44,"author":{"gitId":"kynapy"},"content":"                if (strSplit[1].equals(\"1\")) {","lastModifiedDate":"2022-09-02"},{"lineNumber":45,"author":{"gitId":"kynapy"},"content":"                    tasks.get(tasks.size()-1).setStatus(1);","lastModifiedDate":"2022-09-02"},{"lineNumber":46,"author":{"gitId":"kynapy"},"content":"                }","lastModifiedDate":"2022-09-02"},{"lineNumber":47,"author":{"gitId":"kynapy"},"content":"            }","lastModifiedDate":"2022-09-02"},{"lineNumber":48,"author":{"gitId":"kynapy"},"content":"            fileRead.close();","lastModifiedDate":"2022-09-02"},{"lineNumber":49,"author":{"gitId":"kynapy"},"content":"        }","lastModifiedDate":"2022-09-02"},{"lineNumber":50,"author":{"gitId":"kynapy"},"content":"        return tasks;","lastModifiedDate":"2022-09-02"},{"lineNumber":51,"author":{"gitId":"kynapy"},"content":"    } ","lastModifiedDate":"2022-09-02"},{"lineNumber":52,"author":{"gitId":"kynapy"},"content":"","lastModifiedDate":"2022-09-02"},{"lineNumber":53,"author":{"gitId":"kynapy"},"content":"    // Stores tasks into file","lastModifiedDate":"2022-09-02"},{"lineNumber":54,"author":{"gitId":"kynapy"},"content":"    public void store(ArrayList\u003cTask\u003e tasks) throws Exception {","lastModifiedDate":"2022-09-02"},{"lineNumber":55,"author":{"gitId":"kynapy"},"content":"        FileWriter myWriter \u003d new FileWriter(filepath);","lastModifiedDate":"2022-09-02"},{"lineNumber":56,"author":{"gitId":"kynapy"},"content":"        int numTasks \u003d tasks.size();","lastModifiedDate":"2022-09-02"},{"lineNumber":57,"author":{"gitId":"kynapy"},"content":"        for (int i \u003d 0; i \u003c numTasks; i++) {","lastModifiedDate":"2022-09-02"},{"lineNumber":58,"author":{"gitId":"kynapy"},"content":"            Task t \u003d tasks.get(i);","lastModifiedDate":"2022-09-02"},{"lineNumber":59,"author":{"gitId":"kynapy"},"content":"            if (t instanceof Deadline || t instanceof Event) {","lastModifiedDate":"2022-09-02"},{"lineNumber":60,"author":{"gitId":"kynapy"},"content":"                myWriter.write(t.getTaskType() + \" | \" +  t.getBinaryStatus() + \" | \" + t.getTask() + \" | \" + t.getDue() + \"\\n\");","lastModifiedDate":"2022-09-02"},{"lineNumber":61,"author":{"gitId":"kynapy"},"content":"            } else {","lastModifiedDate":"2022-09-02"},{"lineNumber":62,"author":{"gitId":"kynapy"},"content":"                myWriter.write(t.getTaskType() + \" | \" +  t.getBinaryStatus() + \" | \" + t.getTask() + \"\\n\");","lastModifiedDate":"2022-09-02"},{"lineNumber":63,"author":{"gitId":"kynapy"},"content":"            }","lastModifiedDate":"2022-09-02"},{"lineNumber":64,"author":{"gitId":"kynapy"},"content":"        }","lastModifiedDate":"2022-09-02"},{"lineNumber":65,"author":{"gitId":"kynapy"},"content":"        myWriter.close();","lastModifiedDate":"2022-09-02"},{"lineNumber":66,"author":{"gitId":"kynapy"},"content":"    }","lastModifiedDate":"2022-09-02"},{"lineNumber":67,"author":{"gitId":"kynapy"},"content":"}","lastModifiedDate":"2022-09-02"}],"authorContributionMap":{"kynapy":67}},{"path":"src/main/java/Task.java","fileType":"java","lines":[{"lineNumber":1,"author":{"gitId":"kynapy"},"content":"public class Task {","lastModifiedDate":"2022-08-24"},{"lineNumber":2,"author":{"gitId":"kynapy"},"content":"    protected String description;","lastModifiedDate":"2022-08-24"},{"lineNumber":3,"author":{"gitId":"kynapy"},"content":"    protected boolean isDone;","lastModifiedDate":"2022-08-24"},{"lineNumber":4,"author":{"gitId":"kynapy"},"content":"","lastModifiedDate":"2022-08-24"},{"lineNumber":5,"author":{"gitId":"kynapy"},"content":"    public Task(String description) {","lastModifiedDate":"2022-08-24"},{"lineNumber":6,"author":{"gitId":"kynapy"},"content":"        this.description \u003d description;","lastModifiedDate":"2022-08-24"},{"lineNumber":7,"author":{"gitId":"kynapy"},"content":"        this.isDone \u003d false;","lastModifiedDate":"2022-08-24"},{"lineNumber":8,"author":{"gitId":"kynapy"},"content":"    }","lastModifiedDate":"2022-08-24"},{"lineNumber":9,"author":{"gitId":"kynapy"},"content":"","lastModifiedDate":"2022-08-24"},{"lineNumber":10,"author":{"gitId":"kynapy"},"content":"    public String getTask() {","lastModifiedDate":"2022-08-24"},{"lineNumber":11,"author":{"gitId":"kynapy"},"content":"        return this.description;","lastModifiedDate":"2022-08-24"},{"lineNumber":12,"author":{"gitId":"kynapy"},"content":"    }","lastModifiedDate":"2022-08-24"},{"lineNumber":13,"author":{"gitId":"kynapy"},"content":"","lastModifiedDate":"2022-08-24"},{"lineNumber":14,"author":{"gitId":"kynapy"},"content":"    public String getStatusIcon() {","lastModifiedDate":"2022-08-24"},{"lineNumber":15,"author":{"gitId":"kynapy"},"content":"        return (isDone ? \"X\" : \" \");","lastModifiedDate":"2022-08-24"},{"lineNumber":16,"author":{"gitId":"kynapy"},"content":"    }","lastModifiedDate":"2022-08-24"},{"lineNumber":17,"author":{"gitId":"kynapy"},"content":"","lastModifiedDate":"2022-08-24"},{"lineNumber":18,"author":{"gitId":"kynapy"},"content":"    public String getBinaryStatus() {","lastModifiedDate":"2022-09-01"},{"lineNumber":19,"author":{"gitId":"kynapy"},"content":"        return (isDone ? \"1\" : \"0\");","lastModifiedDate":"2022-09-01"},{"lineNumber":20,"author":{"gitId":"kynapy"},"content":"    }","lastModifiedDate":"2022-09-01"},{"lineNumber":21,"author":{"gitId":"kynapy"},"content":"","lastModifiedDate":"2022-09-01"},{"lineNumber":22,"author":{"gitId":"kynapy"},"content":"    public void setStatus(int status) {","lastModifiedDate":"2022-08-24"},{"lineNumber":23,"author":{"gitId":"kynapy"},"content":"        if (status \u003d\u003d 0) {","lastModifiedDate":"2022-08-24"},{"lineNumber":24,"author":{"gitId":"kynapy"},"content":"            this.isDone \u003d false;","lastModifiedDate":"2022-08-24"},{"lineNumber":25,"author":{"gitId":"kynapy"},"content":"        } else {","lastModifiedDate":"2022-08-24"},{"lineNumber":26,"author":{"gitId":"kynapy"},"content":"            this.isDone \u003d true;","lastModifiedDate":"2022-08-24"},{"lineNumber":27,"author":{"gitId":"kynapy"},"content":"        }","lastModifiedDate":"2022-08-24"},{"lineNumber":28,"author":{"gitId":"kynapy"},"content":"    }","lastModifiedDate":"2022-08-24"},{"lineNumber":29,"author":{"gitId":"kynapy"},"content":"","lastModifiedDate":"2022-08-25"},{"lineNumber":30,"author":{"gitId":"kynapy"},"content":"    public String getDue() {","lastModifiedDate":"2022-09-01"},{"lineNumber":31,"author":{"gitId":"kynapy"},"content":"        return \"\";","lastModifiedDate":"2022-09-01"},{"lineNumber":32,"author":{"gitId":"kynapy"},"content":"    }","lastModifiedDate":"2022-09-01"},{"lineNumber":33,"author":{"gitId":"kynapy"},"content":"","lastModifiedDate":"2022-09-01"},{"lineNumber":34,"author":{"gitId":"kynapy"},"content":"    public String getTaskType() {","lastModifiedDate":"2022-09-01"},{"lineNumber":35,"author":{"gitId":"kynapy"},"content":"        return \"\";","lastModifiedDate":"2022-09-01"},{"lineNumber":36,"author":{"gitId":"kynapy"},"content":"    }","lastModifiedDate":"2022-09-01"},{"lineNumber":37,"author":{"gitId":"kynapy"},"content":"","lastModifiedDate":"2022-09-01"},{"lineNumber":38,"author":{"gitId":"kynapy"},"content":"    @Override","lastModifiedDate":"2022-08-25"},{"lineNumber":39,"author":{"gitId":"kynapy"},"content":"    public String toString() {","lastModifiedDate":"2022-08-25"},{"lineNumber":40,"author":{"gitId":"kynapy"},"content":"        return \"[\" + this.getStatusIcon() + \"] \" + description;","lastModifiedDate":"2022-08-25"},{"lineNumber":41,"author":{"gitId":"kynapy"},"content":"    }","lastModifiedDate":"2022-08-25"},{"lineNumber":42,"author":{"gitId":"kynapy"},"content":"}","lastModifiedDate":"2022-08-24"}],"authorContributionMap":{"kynapy":42}},{"path":"src/main/java/TaskList.java","fileType":"java","lines":[{"lineNumber":1,"author":{"gitId":"kynapy"},"content":"import java.util.ArrayList;","lastModifiedDate":"2022-09-02"},{"lineNumber":2,"author":{"gitId":"kynapy"},"content":"","lastModifiedDate":"2022-09-02"},{"lineNumber":3,"author":{"gitId":"kynapy"},"content":"public class TaskList {","lastModifiedDate":"2022-09-02"},{"lineNumber":4,"author":{"gitId":"kynapy"},"content":"    protected ArrayList\u003cTask\u003e taskList;","lastModifiedDate":"2022-09-02"},{"lineNumber":5,"author":{"gitId":"kynapy"},"content":"    protected int numTasks;","lastModifiedDate":"2022-09-02"},{"lineNumber":6,"author":{"gitId":"kynapy"},"content":"    private static String SPACING \u003d \"    \";","lastModifiedDate":"2022-09-06"},{"lineNumber":7,"author":{"gitId":"kynapy"},"content":"","lastModifiedDate":"2022-09-02"},{"lineNumber":8,"author":{"gitId":"kynapy"},"content":"    // Constructor to create a task list when no previous list is available","lastModifiedDate":"2022-09-02"},{"lineNumber":9,"author":{"gitId":"kynapy"},"content":"    TaskList() { ","lastModifiedDate":"2022-09-02"},{"lineNumber":10,"author":{"gitId":"kynapy"},"content":"        this.taskList \u003d new ArrayList\u003cTask\u003e();","lastModifiedDate":"2022-09-02"},{"lineNumber":11,"author":{"gitId":"kynapy"},"content":"        this.numTasks \u003d 0;","lastModifiedDate":"2022-09-02"},{"lineNumber":12,"author":{"gitId":"kynapy"},"content":"    }","lastModifiedDate":"2022-09-02"},{"lineNumber":13,"author":{"gitId":"kynapy"},"content":"","lastModifiedDate":"2022-09-02"},{"lineNumber":14,"author":{"gitId":"kynapy"},"content":"    // ","lastModifiedDate":"2022-09-02"},{"lineNumber":15,"author":{"gitId":"kynapy"},"content":"    TaskList(ArrayList\u003cTask\u003e taskList) {","lastModifiedDate":"2022-09-02"},{"lineNumber":16,"author":{"gitId":"kynapy"},"content":"        this.taskList \u003d taskList;","lastModifiedDate":"2022-09-02"},{"lineNumber":17,"author":{"gitId":"kynapy"},"content":"        this.numTasks \u003d taskList.size();","lastModifiedDate":"2022-09-02"},{"lineNumber":18,"author":{"gitId":"kynapy"},"content":"    }","lastModifiedDate":"2022-09-02"},{"lineNumber":19,"author":{"gitId":"kynapy"},"content":"","lastModifiedDate":"2022-09-02"},{"lineNumber":20,"author":{"gitId":"kynapy"},"content":"    public ArrayList\u003cTask\u003e getList() {","lastModifiedDate":"2022-09-02"},{"lineNumber":21,"author":{"gitId":"kynapy"},"content":"        return this.taskList;","lastModifiedDate":"2022-09-02"},{"lineNumber":22,"author":{"gitId":"kynapy"},"content":"    }","lastModifiedDate":"2022-09-02"},{"lineNumber":23,"author":{"gitId":"kynapy"},"content":"","lastModifiedDate":"2022-09-02"},{"lineNumber":24,"author":{"gitId":"kynapy"},"content":"    public int getListSize() {","lastModifiedDate":"2022-09-02"},{"lineNumber":25,"author":{"gitId":"kynapy"},"content":"        return this.numTasks;","lastModifiedDate":"2022-09-02"},{"lineNumber":26,"author":{"gitId":"kynapy"},"content":"    }","lastModifiedDate":"2022-09-02"},{"lineNumber":27,"author":{"gitId":"kynapy"},"content":"","lastModifiedDate":"2022-09-02"},{"lineNumber":28,"author":{"gitId":"kynapy"},"content":"    public void addTask(Task newTask) {","lastModifiedDate":"2022-09-02"},{"lineNumber":29,"author":{"gitId":"kynapy"},"content":"        taskList.add(newTask);","lastModifiedDate":"2022-09-02"},{"lineNumber":30,"author":{"gitId":"kynapy"},"content":"        numTasks +\u003d 1;","lastModifiedDate":"2022-09-02"},{"lineNumber":31,"author":{"gitId":"kynapy"},"content":"        System.out.println(SPACING + \"Got it. I\u0027ve added this task:\");","lastModifiedDate":"2022-09-06"},{"lineNumber":32,"author":{"gitId":"kynapy"},"content":"        System.out.println(SPACING + newTask.toString());","lastModifiedDate":"2022-09-06"},{"lineNumber":33,"author":{"gitId":"kynapy"},"content":"        System.out.println(SPACING + \"Now you have \" + Integer.toString(numTasks) + \" tasks in the list.\\n\");","lastModifiedDate":"2022-09-06"},{"lineNumber":34,"author":{"gitId":"kynapy"},"content":"    }","lastModifiedDate":"2022-09-06"},{"lineNumber":35,"author":{"gitId":"kynapy"},"content":"","lastModifiedDate":"2022-09-06"},{"lineNumber":36,"author":{"gitId":"kynapy"},"content":"    public void markTask(int position) {","lastModifiedDate":"2022-09-06"},{"lineNumber":37,"author":{"gitId":"kynapy"},"content":"        if (position \u003c numTasks) {","lastModifiedDate":"2022-09-06"},{"lineNumber":38,"author":{"gitId":"kynapy"},"content":"            Task task \u003d taskList.get(position);","lastModifiedDate":"2022-09-06"},{"lineNumber":39,"author":{"gitId":"kynapy"},"content":"            task.setStatus(1);","lastModifiedDate":"2022-09-06"},{"lineNumber":40,"author":{"gitId":"kynapy"},"content":"            System.out.println(SPACING + \"Nice! I have marked this task as done:\");","lastModifiedDate":"2022-09-06"},{"lineNumber":41,"author":{"gitId":"kynapy"},"content":"            System.out.println(SPACING + \"[\" + task.getStatusIcon() +\"] \" + task.getTask());","lastModifiedDate":"2022-09-06"},{"lineNumber":42,"author":{"gitId":"kynapy"},"content":"        } else {","lastModifiedDate":"2022-09-06"},{"lineNumber":43,"author":{"gitId":"kynapy"},"content":"            System.out.println(SPACING + \"No task at position \" + Integer.toString(position) + \"!\\n\");","lastModifiedDate":"2022-09-06"},{"lineNumber":44,"author":{"gitId":"kynapy"},"content":"        }","lastModifiedDate":"2022-09-06"},{"lineNumber":45,"author":{"gitId":"kynapy"},"content":"    }","lastModifiedDate":"2022-09-06"},{"lineNumber":46,"author":{"gitId":"kynapy"},"content":"","lastModifiedDate":"2022-09-06"},{"lineNumber":47,"author":{"gitId":"kynapy"},"content":"    public void unmarkTask(int position) {","lastModifiedDate":"2022-09-06"},{"lineNumber":48,"author":{"gitId":"kynapy"},"content":"        if (position \u003c numTasks) {","lastModifiedDate":"2022-09-06"},{"lineNumber":49,"author":{"gitId":"kynapy"},"content":"            Task task \u003d taskList.get(position);","lastModifiedDate":"2022-09-06"},{"lineNumber":50,"author":{"gitId":"kynapy"},"content":"            task.setStatus(0);","lastModifiedDate":"2022-09-06"},{"lineNumber":51,"author":{"gitId":"kynapy"},"content":"            System.out.println(SPACING + \"Nice! I have marked this task as undone:\");","lastModifiedDate":"2022-09-06"},{"lineNumber":52,"author":{"gitId":"kynapy"},"content":"            System.out.println(SPACING + \"[\" + task.getStatusIcon() +\"] \" + task.getTask());","lastModifiedDate":"2022-09-06"},{"lineNumber":53,"author":{"gitId":"kynapy"},"content":"        } else {","lastModifiedDate":"2022-09-06"},{"lineNumber":54,"author":{"gitId":"kynapy"},"content":"            System.out.println(SPACING + \"No task at position \" + Integer.toString(position) + \"!\\n\");","lastModifiedDate":"2022-09-06"},{"lineNumber":55,"author":{"gitId":"kynapy"},"content":"        }","lastModifiedDate":"2022-09-06"},{"lineNumber":56,"author":{"gitId":"kynapy"},"content":"    }","lastModifiedDate":"2022-09-02"},{"lineNumber":57,"author":{"gitId":"kynapy"},"content":"","lastModifiedDate":"2022-09-02"},{"lineNumber":58,"author":{"gitId":"kynapy"},"content":"    public void deleteTask(int position) {","lastModifiedDate":"2022-09-02"},{"lineNumber":59,"author":{"gitId":"kynapy"},"content":"        if (numTasks \u003d\u003d 0) { // No tasks in list","lastModifiedDate":"2022-09-06"},{"lineNumber":60,"author":{"gitId":"kynapy"},"content":"            System.out.println(SPACING + \"List empty. Add tasks into your list!\\n\");","lastModifiedDate":"2022-09-06"},{"lineNumber":61,"author":{"gitId":"kynapy"},"content":"            ","lastModifiedDate":"2022-09-06"},{"lineNumber":62,"author":{"gitId":"kynapy"},"content":"        } ","lastModifiedDate":"2022-09-06"},{"lineNumber":63,"author":{"gitId":"kynapy"},"content":"        else if (position \u003e numTasks) {","lastModifiedDate":"2022-09-06"},{"lineNumber":64,"author":{"gitId":"kynapy"},"content":"            System.out.println(SPACING + \"No such task!\\n\");","lastModifiedDate":"2022-09-06"},{"lineNumber":65,"author":{"gitId":"kynapy"},"content":"        } else { ","lastModifiedDate":"2022-09-06"},{"lineNumber":66,"author":{"gitId":"kynapy"},"content":"            Task deletedTask \u003d taskList.remove(position - 1);","lastModifiedDate":"2022-09-06"},{"lineNumber":67,"author":{"gitId":"kynapy"},"content":"            numTasks -\u003d 1;","lastModifiedDate":"2022-09-02"},{"lineNumber":68,"author":{"gitId":"kynapy"},"content":"            System.out.println(SPACING + \"Noted. I\u0027ve removed this task:\");","lastModifiedDate":"2022-09-06"},{"lineNumber":69,"author":{"gitId":"kynapy"},"content":"            System.out.println(SPACING + deletedTask.toString());","lastModifiedDate":"2022-09-06"},{"lineNumber":70,"author":{"gitId":"kynapy"},"content":"            System.out.println(SPACING + \"Now you have \" + Integer.toString(numTasks) + \" tasks in the list.\\n\");","lastModifiedDate":"2022-09-06"},{"lineNumber":71,"author":{"gitId":"kynapy"},"content":"        }","lastModifiedDate":"2022-09-06"},{"lineNumber":72,"author":{"gitId":"kynapy"},"content":"    }","lastModifiedDate":"2022-09-02"},{"lineNumber":73,"author":{"gitId":"kynapy"},"content":"","lastModifiedDate":"2022-09-02"},{"lineNumber":74,"author":{"gitId":"kynapy"},"content":"    public void printList() {","lastModifiedDate":"2022-09-02"},{"lineNumber":75,"author":{"gitId":"kynapy"},"content":"        System.out.println(SPACING + \"Here are the tasks in your list:\");","lastModifiedDate":"2022-09-06"},{"lineNumber":76,"author":{"gitId":"kynapy"},"content":"        for (int i \u003d 0; i \u003c numTasks; i++) {","lastModifiedDate":"2022-09-02"},{"lineNumber":77,"author":{"gitId":"kynapy"},"content":"            System.out.println(SPACING + Integer.toString(i+1) + \".\" + taskList.get(i).toString());","lastModifiedDate":"2022-09-06"},{"lineNumber":78,"author":{"gitId":"kynapy"},"content":"        }","lastModifiedDate":"2022-09-02"},{"lineNumber":79,"author":{"gitId":"kynapy"},"content":"        System.out.println();","lastModifiedDate":"2022-09-06"},{"lineNumber":80,"author":{"gitId":"kynapy"},"content":"    }","lastModifiedDate":"2022-09-02"},{"lineNumber":81,"author":{"gitId":"kynapy"},"content":"}","lastModifiedDate":"2022-09-02"}],"authorContributionMap":{"kynapy":81}},{"path":"src/main/java/Todo.java","fileType":"java","lines":[{"lineNumber":1,"author":{"gitId":"kynapy"},"content":"public class Todo extends Task {","lastModifiedDate":"2022-08-25"},{"lineNumber":2,"author":{"gitId":"kynapy"},"content":"    Todo (String description) {","lastModifiedDate":"2022-08-25"},{"lineNumber":3,"author":{"gitId":"kynapy"},"content":"        super(description);","lastModifiedDate":"2022-08-25"},{"lineNumber":4,"author":{"gitId":"kynapy"},"content":"    }","lastModifiedDate":"2022-08-25"},{"lineNumber":5,"author":{"gitId":"kynapy"},"content":"","lastModifiedDate":"2022-08-25"},{"lineNumber":6,"author":{"gitId":"kynapy"},"content":"    @Override","lastModifiedDate":"2022-09-01"},{"lineNumber":7,"author":{"gitId":"kynapy"},"content":"    public String getTaskType() {","lastModifiedDate":"2022-09-01"},{"lineNumber":8,"author":{"gitId":"kynapy"},"content":"        return \"T\";","lastModifiedDate":"2022-09-01"},{"lineNumber":9,"author":{"gitId":"kynapy"},"content":"    }","lastModifiedDate":"2022-09-01"},{"lineNumber":10,"author":{"gitId":"kynapy"},"content":"","lastModifiedDate":"2022-09-01"},{"lineNumber":11,"author":{"gitId":"kynapy"},"content":"    @Override","lastModifiedDate":"2022-08-25"},{"lineNumber":12,"author":{"gitId":"kynapy"},"content":"    public String toString() {","lastModifiedDate":"2022-08-25"},{"lineNumber":13,"author":{"gitId":"kynapy"},"content":"        return \"[T]\" + super.toString();","lastModifiedDate":"2022-08-25"},{"lineNumber":14,"author":{"gitId":"kynapy"},"content":"    }","lastModifiedDate":"2022-08-25"},{"lineNumber":15,"author":{"gitId":"kynapy"},"content":"}","lastModifiedDate":"2022-08-25"}],"authorContributionMap":{"kynapy":15}},{"path":"src/main/java/Ui.java","fileType":"java","lines":[{"lineNumber":1,"author":{"gitId":"kynapy"},"content":"import java.io.BufferedReader;","lastModifiedDate":"2022-09-02"},{"lineNumber":2,"author":{"gitId":"kynapy"},"content":"import java.io.InputStreamReader;","lastModifiedDate":"2022-09-02"},{"lineNumber":3,"author":{"gitId":"kynapy"},"content":"","lastModifiedDate":"2022-09-02"},{"lineNumber":4,"author":{"gitId":"kynapy"},"content":"public class Ui {","lastModifiedDate":"2022-09-02"},{"lineNumber":5,"author":{"gitId":"kynapy"},"content":"    private static String SPACING \u003d \"-----------------------------------------\";","lastModifiedDate":"2022-09-02"},{"lineNumber":6,"author":{"gitId":"kynapy"},"content":"    BufferedReader br;","lastModifiedDate":"2022-09-06"},{"lineNumber":7,"author":{"gitId":"kynapy"},"content":"","lastModifiedDate":"2022-09-06"},{"lineNumber":8,"author":{"gitId":"kynapy"},"content":"    public Ui() {","lastModifiedDate":"2022-09-06"},{"lineNumber":9,"author":{"gitId":"kynapy"},"content":"        this.br \u003d new BufferedReader(new InputStreamReader(System.in));","lastModifiedDate":"2022-09-06"},{"lineNumber":10,"author":{"gitId":"kynapy"},"content":"    }","lastModifiedDate":"2022-09-06"},{"lineNumber":11,"author":{"gitId":"kynapy"},"content":"","lastModifiedDate":"2022-09-02"},{"lineNumber":12,"author":{"gitId":"kynapy"},"content":"    public void greet() {","lastModifiedDate":"2022-09-02"},{"lineNumber":13,"author":{"gitId":"kynapy"},"content":"        System.out.println(SPACING);","lastModifiedDate":"2022-09-02"},{"lineNumber":14,"author":{"gitId":"kynapy"},"content":"        System.out.println(\"Hello! I am Greg!\");","lastModifiedDate":"2022-09-02"},{"lineNumber":15,"author":{"gitId":"kynapy"},"content":"        System.out.println(\"What do you need help with?\");","lastModifiedDate":"2022-09-02"},{"lineNumber":16,"author":{"gitId":"kynapy"},"content":"        System.out.println(SPACING + \"\\n\");","lastModifiedDate":"2022-09-02"},{"lineNumber":17,"author":{"gitId":"kynapy"},"content":"    }","lastModifiedDate":"2022-09-02"},{"lineNumber":18,"author":{"gitId":"kynapy"},"content":"","lastModifiedDate":"2022-09-02"},{"lineNumber":19,"author":{"gitId":"kynapy"},"content":"    public void printFrontSpacing() {","lastModifiedDate":"2022-09-06"},{"lineNumber":20,"author":{"gitId":"kynapy"},"content":"        System.out.println(\"\\n  \" + SPACING);","lastModifiedDate":"2022-09-02"},{"lineNumber":21,"author":{"gitId":"kynapy"},"content":"    }","lastModifiedDate":"2022-09-02"},{"lineNumber":22,"author":{"gitId":"kynapy"},"content":"","lastModifiedDate":"2022-09-02"},{"lineNumber":23,"author":{"gitId":"kynapy"},"content":"    public void printBackSpacing() {","lastModifiedDate":"2022-09-06"},{"lineNumber":24,"author":{"gitId":"kynapy"},"content":"        System.out.println(\"  \" + SPACING + \"\\n\");","lastModifiedDate":"2022-09-06"},{"lineNumber":25,"author":{"gitId":"kynapy"},"content":"    }","lastModifiedDate":"2022-09-02"},{"lineNumber":26,"author":{"gitId":"kynapy"},"content":"","lastModifiedDate":"2022-09-06"},{"lineNumber":27,"author":{"gitId":"kynapy"},"content":"    public void sayBye() {","lastModifiedDate":"2022-09-06"},{"lineNumber":28,"author":{"gitId":"kynapy"},"content":"        System.out.println(\"    Goobye, see you again!\\n\");","lastModifiedDate":"2022-09-06"},{"lineNumber":29,"author":{"gitId":"kynapy"},"content":"    } ","lastModifiedDate":"2022-09-06"},{"lineNumber":30,"author":{"gitId":"kynapy"},"content":"","lastModifiedDate":"2022-09-06"},{"lineNumber":31,"author":{"gitId":"kynapy"},"content":"    public String getInput() throws Exception {","lastModifiedDate":"2022-09-06"},{"lineNumber":32,"author":{"gitId":"kynapy"},"content":"        return br.readLine();","lastModifiedDate":"2022-09-06"},{"lineNumber":33,"author":{"gitId":"kynapy"},"content":"    }","lastModifiedDate":"2022-09-02"},{"lineNumber":34,"author":{"gitId":"kynapy"},"content":"}","lastModifiedDate":"2022-09-02"}],"authorContributionMap":{"kynapy":34}},{"path":"text-ui-test/input.txt","fileType":"txt","lines":[{"lineNumber":1,"author":{"gitId":"kynapy"},"content":"todo read book","lastModifiedDate":"2022-08-25"},{"lineNumber":2,"author":{"gitId":"kynapy"},"content":"deadline return book /by June 6th","lastModifiedDate":"2022-08-25"},{"lineNumber":3,"author":{"gitId":"kynapy"},"content":"event project meeting /at Aug 6th 2-4pm","lastModifiedDate":"2022-08-25"},{"lineNumber":4,"author":{"gitId":"kynapy"},"content":"todo join sports club","lastModifiedDate":"2022-08-25"},{"lineNumber":5,"author":{"gitId":"kynapy"},"content":"mark 1","lastModifiedDate":"2022-08-25"},{"lineNumber":6,"author":{"gitId":"kynapy"},"content":"mark 4","lastModifiedDate":"2022-08-25"},{"lineNumber":7,"author":{"gitId":"kynapy"},"content":"todo borrow book","lastModifiedDate":"2022-08-25"},{"lineNumber":8,"author":{"gitId":"kynapy"},"content":"list","lastModifiedDate":"2022-08-25"},{"lineNumber":9,"author":{"gitId":"kynapy"},"content":"deadline return book /by Sunday","lastModifiedDate":"2022-08-25"},{"lineNumber":10,"author":{"gitId":"kynapy"},"content":"event project meeting /at Mon 2-4pm","lastModifiedDate":"2022-08-25"},{"lineNumber":11,"author":{"gitId":"kynapy"},"content":"list","lastModifiedDate":"2022-08-25"},{"lineNumber":12,"author":{"gitId":"kynapy"},"content":"bye","lastModifiedDate":"2022-08-25"}],"authorContributionMap":{"kynapy":12}}]
