{"authorDailyContributionsMap":{"SeekSaveServe":[{"date":"2022-08-15","commitResults":[{"hash":"4abac4b475c182b82702f8de1fd241b2cb85f6b4","messageTitle":"Added Level-1","messageBody":"","tags":["Level-2"],"fileTypesAndContributionMap":{"txt":{"insertions":12,"deletions":0},"java":{"insertions":90,"deletions":7}}}]},{"date":"2022-08-16","commitResults":[{"hash":"f895a1fa5234d5d5290ce051aaed32298e7e3764","messageTitle":"Completed level 2 and refactored duke with switch case","messageBody":"","tags":["Level-3"],"fileTypesAndContributionMap":{"java":{"insertions":106,"deletions":20}}},{"hash":"ce21bdc35f1877876caf5acf9cd1ae21c3fa4127","messageTitle":"Level 3 completed","messageBody":"","tags":["Level-4"],"fileTypesAndContributionMap":{"java":{"insertions":43,"deletions":4}}}]},{"date":"2022-08-17","commitResults":[{"hash":"be149b2dd97df19036a2c332020fdf418afa79f1","messageTitle":"Level 4 completed","messageBody":"","tags":["Level-5"],"fileTypesAndContributionMap":{"java":{"insertions":149,"deletions":24}}},{"hash":"73184970bf11cf8a1b920d7d6a9a3e2f8c36b595","messageTitle":"Completed level 5","messageBody":"","tags":["Level-6"],"fileTypesAndContributionMap":{"java":{"insertions":37,"deletions":18}}}]},{"date":"2022-08-18","commitResults":[{"hash":"13de643b117b8a5e66c19824fc628d8a746b2d5b","messageTitle":":sparkles: Moved files into packages","messageBody":"","fileTypesAndContributionMap":{"java":{"insertions":48,"deletions":18}}},{"hash":"b2b80be64ff76da3b7ef99a9c0c94a74ac8ef66a","messageTitle":":sparkles: Moved files into packages","messageBody":"","fileTypesAndContributionMap":{"txt":{"insertions":3,"deletions":12},"java":{"insertions":24,"deletions":1}}}]},{"date":"2022-08-19","commitResults":[{"hash":"62571dde44ada8f98b4012188593a34e26d5c0fc","messageTitle":"refactor: Moved retrieveArguments and display into utility classes","messageBody":"","fileTypesAndContributionMap":{"txt":{"insertions":12,"deletions":0},"java":{"insertions":120,"deletions":114}}},{"hash":"b07ac5582a77fcb62c4d2515cbb75b24eb7fa7d1","messageTitle":":zap: refactor: uses factory methods to handle inputs","messageBody":"The code is verbose and hard to maintain.\n\nLet\u0027s refactor each command to its own class.\n\nLet\u0027s refactor error handling to each command.\n\nLet\u0027s use a factory method to handle inputs instead\n","tags":["A-Packages"],"fileTypesAndContributionMap":{"java":{"insertions":391,"deletions":177}}},{"hash":"93495f192b0ccc903a2753d567489c6c1b89ae78","messageTitle":":sparkles: Moves all classes into the duke package","messageBody":"","fileTypesAndContributionMap":{"java":{"insertions":74,"deletions":0}}},{"hash":"20864360a286438164ca96f91be8a34b759e58e0","messageTitle":":sparkles: Moves all packages into duke package","messageBody":"The code does not move all files in the duke package\n\nLet\u0027s move things into the duke package\n","tags":["A-TextUiTesting"],"fileTypesAndContributionMap":{"java":{"insertions":64,"deletions":141}}}]},{"date":"2022-08-23","commitResults":[{"hash":"6c88e8d7ba392b5c4cc65bf2a7a5db25e167d297","messageTitle":":sparkles: feature: adds deadline formatting and reading","messageBody":"Currently deadlines are read as String with no verification.\n\nWe should parse the deadline as a string.\n\nWe should check that the string adheres to the proper format\n","tags":["Level-8"],"fileTypesAndContributionMap":{"java":{"insertions":56,"deletions":15}}}]}]},"authorFileTypeContributionMap":{"SeekSaveServe":{"java":670,"md":0,"fxml":0,"sh":0,"bat":0,"gradle":0,"txt":15}},"authorContributionVariance":{"SeekSaveServe":86723.88},"authorDisplayNameMap":{"SeekSaveServe":"PEI ..G YI"}}
