{"authorDailyContributionsMap":{"jasonchristopher21":[{"date":"2022-08-17","commitResults":[{"hash":"88651d2c1679bae75137428b09652b1a8f594580","messageTitle":"add greeting, echo and bye functionality","messageBody":"","tags":["Level-1"],"fileTypesAndContributionMap":{"java":{"insertions":31,"deletions":8}}},{"hash":"7c489352cf850c17840e4711f465e91ad6745780","messageTitle":"Add indentation and line","messageBody":"","fileTypesAndContributionMap":{"java":{"insertions":22,"deletions":4}}},{"hash":"1cbe541b04a878ba59cda5b40b5ce470d28f2b12","messageTitle":"Add add and list","messageBody":"","tags":["Level-2"],"fileTypesAndContributionMap":{"java":{"insertions":21,"deletions":1}}},{"hash":"0e13f4804c734290684688fc5b569e1804fe0590","messageTitle":"Add Task class","messageBody":"","fileTypesAndContributionMap":{"java":{"insertions":17,"deletions":0}}},{"hash":"29bc5b383b730c1b4f9d51f9616c1ecd0bb29998","messageTitle":"Add markAsDone and markAsNotDone functionality","messageBody":"","fileTypesAndContributionMap":{"java":{"insertions":8,"deletions":0}}},{"hash":"851f748df9a6d48c0e50bb1462a32f30ac2ab9dc","messageTitle":"Add TaskList class","messageBody":"","fileTypesAndContributionMap":{"java":{"insertions":28,"deletions":0}}},{"hash":"fe11ee32b53649fc18ad8d5f59f44deb45c10700","messageTitle":"Add add, mark and unmark","messageBody":"","tags":["Level-3"],"fileTypesAndContributionMap":{"java":{"insertions":76,"deletions":21}}},{"hash":"46d7e8c580dd46b80605989ceed3f678a80f5747","messageTitle":"Edit format and spelling","messageBody":"","fileTypesAndContributionMap":{"java":{"insertions":2,"deletions":1}}},{"hash":"b776ce788eb3e80552530fb58f24fb60762b2bf6","messageTitle":"Add Todo class","messageBody":"","fileTypesAndContributionMap":{"java":{"insertions":11,"deletions":0}}},{"hash":"e011b2e0ff1c89f7374beac4d0c9e9693d084b08","messageTitle":"Add Deadline class","messageBody":"","fileTypesAndContributionMap":{"java":{"insertions":2,"deletions":0}}},{"hash":"f18dfcb03f719d73c208650e4c41305874c22c64","messageTitle":"Apply override on toString methods","messageBody":"","fileTypesAndContributionMap":{"java":{"insertions":17,"deletions":2}}},{"hash":"83a5632ca0696fcde094eb0852306b75efa6211c","messageTitle":"Add Event class","messageBody":"","fileTypesAndContributionMap":{"java":{"insertions":15,"deletions":0}}},{"hash":"3ecd45f616b30d41250485f5cd5da90ee307e7b1","messageTitle":"Integrate todo, event and deadline to Duke and Tasklist","messageBody":"","tags":["Level-4"],"fileTypesAndContributionMap":{"java":{"insertions":75,"deletions":2}}}]},{"date":"2022-08-18","commitResults":[{"hash":"8b457475eed1ce94141c93dfb211fcbe5f95143b","messageTitle":"Add DukeException class","messageBody":"","fileTypesAndContributionMap":{"java":{"insertions":7,"deletions":0}}},{"hash":"6da9032b424e9f83d4a8e682f5098a07e36183a5","messageTitle":"Add DukeUnspecifiedNumberException class","messageBody":"","fileTypesAndContributionMap":{"java":{"insertions":6,"deletions":0}}},{"hash":"95ded913d49b2057c0ee18be26dc5a45af5816af","messageTitle":"Add DukeOutOfRangeException class","messageBody":"","fileTypesAndContributionMap":{"java":{"insertions":7,"deletions":0}}},{"hash":"774336a026a80b699bd15546073c8137aa49ed31","messageTitle":"Add DukeInvalidNumberFormatException class","messageBody":"","fileTypesAndContributionMap":{"java":{"insertions":6,"deletions":0}}},{"hash":"a5180c527f5c9eef59460c942cd40e30d5b4abfc","messageTitle":"Add DukeInvalidFormatException class","messageBody":"","fileTypesAndContributionMap":{"java":{"insertions":7,"deletions":0}}},{"hash":"203b9b1c99722436e343600bc48f54da89f5811c","messageTitle":"Add DukeEmptyDescriptionException class","messageBody":"","fileTypesAndContributionMap":{"java":{"insertions":7,"deletions":0}}},{"hash":"e7c53f3ebcefdaf90c5a46eef9f64c425983dbaf","messageTitle":"Integrate exceptions with Duke and TaskList","messageBody":"","tags":["Level-5"],"fileTypesAndContributionMap":{"java":{"insertions":74,"deletions":56}}},{"hash":"47161cd1aa7dbf508b2fd678396fe276fbb2141d","messageTitle":"Add delete method","messageBody":"","tags":["Level-6"],"fileTypesAndContributionMap":{"java":{"insertions":29,"deletions":3}}},{"hash":"bb50c4c4031e97568f2c9290bad7f91744713f23","messageTitle":"Integrate DukeUnspecifiedNumberException for invalid mark/unmark/delete inputs","messageBody":"","fileTypesAndContributionMap":{"java":{"insertions":9,"deletions":0}}},{"hash":"b6cd8520f477e14d513666a574ae6a3784982592","messageTitle":"Implement automated text UI testing","messageBody":"","tags":["A-TextUiTesting"],"fileTypesAndContributionMap":{"txt":{"insertions":14,"deletions":0},"bat":{"insertions":1,"deletions":1}}}]},{"date":"2022-08-26","commitResults":[{"hash":"4328f03bd1f569a7ef9b44f9bd4826ff6629d6f3","messageTitle":"Add save functionality by creating a Storage class","messageBody":"","tags":["Level-7"],"fileTypesAndContributionMap":{"txt":{"insertions":7,"deletions":0},"java":{"insertions":202,"deletions":10}}}]},{"date":"2022-08-27","commitResults":[{"hash":"b346081d0c5fb9a4aa17ab5e6b6dd4f777f9ddde","messageTitle":"Add Date class","messageBody":"","fileTypesAndContributionMap":{"java":{"insertions":57,"deletions":0}}},{"hash":"3ce89b2602f09d5aefac4f4dadd57489bd539be6","messageTitle":"Add date and time functionality","messageBody":"","fileTypesAndContributionMap":{"txt":{"insertions":2,"deletions":2},"java":{"insertions":6,"deletions":2}}},{"hash":"d332b028156d3483fcb35a8d32f4161a010288b9","messageTitle":"Implement date parse exception handling","messageBody":"","fileTypesAndContributionMap":{"txt":{"insertions":1,"deletions":0},"java":{"insertions":21,"deletions":5}}},{"hash":"4b3211cdcb9038f44a21dd9622d6cc64870b556e","messageTitle":"Fix date toString format","messageBody":"","fileTypesAndContributionMap":{"txt":{"insertions":1,"deletions":1},"java":{"insertions":4,"deletions":4}}}]},{"date":"2022-09-03","commitResults":[{"hash":"49155a354df29d881174927c3c9014a5a1753ce3","messageTitle":"Add and modify classes to adhere with OOP","messageBody":"","tags":["A-MoreOOP"],"fileTypesAndContributionMap":{"txt":{"insertions":0,"deletions":3},"java":{"insertions":893,"deletions":444}}},{"hash":"9066447fdb4fbc1d01195d246ad26d7ea100537c","messageTitle":"Group classes into packages","messageBody":"Group classes from A-MoreOOP into their respective packages and rearrange the order of the imported classes alphabetically\n","fileTypesAndContributionMap":{"txt":{"insertions":0,"deletions":0},"java":{"insertions":130,"deletions":153},"bat":{"insertions":1,"deletions":1},"sh":{"insertions":1,"deletions":1}}},{"hash":"654d2c659e85dcfef1c2987e77fea777472aa1cb","messageTitle":"Change chatbot name and customise messages","messageBody":"","tags":["A-Packages"],"fileTypesAndContributionMap":{"java":{"insertions":13,"deletions":10}}}]},{"date":"2022-09-09","commitResults":[{"hash":"89701bfcd82bb1c6b5424332c737eb835f6aca38","messageTitle":"Apply Gradle functionality","messageBody":"","tags":["A-Gradle"],"fileTypesAndContributionMap":{"gradle":{"insertions":1,"deletions":1}}},{"hash":"5dafaa14c8c15d61d78a263b2bfb238bf2061bdc","messageTitle":"Add TodoTest test case","messageBody":"","fileTypesAndContributionMap":{"java":{"insertions":21,"deletions":0}}},{"hash":"cfa8cd9dc0a5db68bc21b57e4cb81aed568c6e3d","messageTitle":"Add DeadlineTest and DukeExceptionTest","messageBody":"","tags":["A-Jar","A-JUnit"],"fileTypesAndContributionMap":{"java":{"insertions":41,"deletions":0}}},{"hash":"aa08b4784eb127ecd7080d5fbb3342f0a45da5ac","messageTitle":"Fix excess whitespace in Todo argument","messageBody":"","fileTypesAndContributionMap":{"java":{"insertions":1,"deletions":1}}},{"hash":"e84b359b441a97bd9d0017372794fbedc09198ec","messageTitle":"Edit build.grader for building JAR files","messageBody":"","fileTypesAndContributionMap":{"gradle":{"insertions":1,"deletions":1}}},{"hash":"02cf3f009d5b5f8e88d6da2b03abb9a9510f636b","messageTitle":"Add Javadoc headers to the public methods","messageBody":"","fileTypesAndContributionMap":{"java":{"insertions":535,"deletions":62}}}]},{"date":"2022-09-10","commitResults":[{"hash":"9b0174b59ee17a70492c684d74c6d9bac8b99185","messageTitle":"Fix to comply with coding standard","messageBody":"","tags":["A-CodingStandard"],"fileTypesAndContributionMap":{"java":{"insertions":4,"deletions":4}}},{"hash":"c5d1711cda641623662d7f0c671b1382b85ca1f3","messageTitle":"Add find functionality","messageBody":"","fileTypesAndContributionMap":{"txt":{"insertions":3,"deletions":0},"java":{"insertions":116,"deletions":9}}}]},{"date":"2022-09-14","commitResults":[{"hash":"a37caced9a3d415d28d3cb497855578a647b62c5","messageTitle":"Implement GUI for Duke","messageBody":"","fileTypesAndContributionMap":{"gradle":{"insertions":15,"deletions":0},"txt":{"insertions":1,"deletions":1},"fxml":{"insertions":35,"deletions":0},"java":{"insertions":253,"deletions":19}}},{"hash":"027800d83668494a1a13b70a88d9adbada0ea98c","messageTitle":"Add checkstyle configuration","messageBody":"","fileTypesAndContributionMap":{"gradle":{"insertions":4,"deletions":0},"java":{"insertions":1,"deletions":1}}}]}]},"authorFileTypeContributionMap":{"jasonchristopher21":{"java":1960,"md":0,"fxml":35,"sh":1,"bat":2,"gradle":20,"txt":22}},"authorContributionVariance":{"jasonchristopher21":92157.28},"authorDisplayNameMap":{"jasonchristopher21":"CS2103T-T11-1 JASO..PHER"}}
