{"authorDailyContributionsMap":{"HowSuen":[{"date":"2022-08-14","commitResults":[{"hash":"e238c8b3404052e28be2fd8b7fc31186e2620c9a","messageTitle":"Level 1. Greet, Echo, Exit","messageBody":"","tags":["Level-1"],"fileTypesAndContributionMap":{"java":{"insertions":18,"deletions":1}}},{"hash":"a9533b26bfa295b5d96c890135a410d35d1aa49e","messageTitle":"Added TasksList with Add and List features","messageBody":"","tags":["Level-2","A-Collections"],"fileTypesAndContributionMap":{"java":{"insertions":43,"deletions":1}}},{"hash":"538eae3236c8b6876f40ddeed77aaa70c7e81ccf","messageTitle":"Added Tasks, mark and unmark tasks functions","messageBody":"","tags":["Level-3","A-Classes"],"fileTypesAndContributionMap":{"java":{"insertions":88,"deletions":5}}},{"hash":"d5c20651a172d19a0da9f4358193c2d772268aff","messageTitle":"Added ToDo, Deadline, Event","messageBody":"","tags":["Level-4","A-Inheritance"],"fileTypesAndContributionMap":{"java":{"insertions":137,"deletions":15}}}]},{"date":"2022-08-15","commitResults":[{"hash":"efa34f34ee06d6eb4bb2241f159b240ae9626a25","messageTitle":"Added Automated Text UI Testing","messageBody":"","tags":["A-TextUiTesting"],"fileTypesAndContributionMap":{"txt":{"insertions":12,"deletions":0},"java":{"insertions":2,"deletions":2}}},{"hash":"004ee4c6d93f82b696999954ce2743e30f1d3df7","messageTitle":"Added DukeException for incorrect user inputs","messageBody":"","tags":["Level-5","A-Exceptions"],"fileTypesAndContributionMap":{"txt":{"insertions":18,"deletions":4},"java":{"insertions":95,"deletions":83}}},{"hash":"7eea24867c423d7d9522de56f8c4a2fc0c7e0019","messageTitle":"Added delete-tasks feature","messageBody":"","tags":["Level-6"],"fileTypesAndContributionMap":{"txt":{"insertions":6,"deletions":0},"java":{"insertions":63,"deletions":13}}},{"hash":"3ea6ec632840799f0b6294d9568b13611cca80b2","messageTitle":"Edited variable name in Task","messageBody":"","fileTypesAndContributionMap":{"java":{"insertions":7,"deletions":10}}}]},{"date":"2022-08-18","commitResults":[{"hash":"7762bc93fe063637b070cd6b736836071be60fed","messageTitle":"Added TaskType enums","messageBody":"","tags":["A-Enums"],"fileTypesAndContributionMap":{"java":{"insertions":8,"deletions":5}}}]},{"date":"2022-08-21","commitResults":[{"hash":"f22d62fc786d1160bf8d63b5db93e2b322ed3462","messageTitle":"Add Storage to store tasks in hard disk","messageBody":"","tags":["Level-7"],"fileTypesAndContributionMap":{"java":{"insertions":310,"deletions":26}}}]},{"date":"2022-08-22","commitResults":[{"hash":"a59c6df40f5febe959ea567d14d657cb80ae13c6","messageTitle":"Add DateParser to accept dates and times","messageBody":"","tags":["Level-8"],"fileTypesAndContributionMap":{"java":{"insertions":92,"deletions":24}}},{"hash":"1632b50b4bb958827463b921534f753af6909b91","messageTitle":"Add Ui, Parser and Commands","messageBody":"","tags":["A-MoreOOP"],"fileTypesAndContributionMap":{"java":{"insertions":317,"deletions":59}}}]},{"date":"2022-08-23","commitResults":[{"hash":"c134c7cf450ae89cc866d260af61686c2f8dc2ef","messageTitle":"Add Packages and edit tests","messageBody":"","tags":["A-Packages"],"fileTypesAndContributionMap":{"txt":{"insertions":2,"deletions":0},"java":{"insertions":148,"deletions":105},"bat":{"insertions":6,"deletions":2},"md":{"insertions":2,"deletions":2}}},{"hash":"19c6669e5108f2f4a524fa6d5c12a43b0b56475c","messageTitle":"Fix the name of Duke in README","messageBody":"","fileTypesAndContributionMap":{"md":{"insertions":2,"deletions":2}}},{"hash":"99b398df64bc2c11f9363d048a3185f8f7579c76","messageTitle":"Add Gradle support, JUnit Tests and checkstyle","messageBody":"","tags":["A-Jar","A-JUnit","A-Gradle"],"fileTypesAndContributionMap":{"gradle":{"insertions":10,"deletions":1},"java":{"insertions":127,"deletions":32}}}]},{"date":"2022-08-24","commitResults":[{"hash":"27b564a739a950acbd03398d60067e450fd65888","messageTitle":"Edit build.gradle","messageBody":"","fileTypesAndContributionMap":{"gradle":{"insertions":3,"deletions":3}}},{"hash":"61bafec82a9245c4ba852834528d0a74dec491c8","messageTitle":"Add JavaDoc comments","messageBody":"","tags":["A-JavaDoc"],"fileTypesAndContributionMap":{"java":{"insertions":233,"deletions":30}}},{"hash":"24a0a537ef3d0ccc887266ac8cc1c8b49d067e37","messageTitle":"Fix code to comply with coding standard","messageBody":"","tags":["A-CodingStandard"],"fileTypesAndContributionMap":{"java":{"insertions":11,"deletions":11}}},{"hash":"8febef2a6bdb2054249fea4300e59602729e60da","messageTitle":"Add Find command to search for task","messageBody":"","tags":["Level-9"],"fileTypesAndContributionMap":{"java":{"insertions":81,"deletions":0}}},{"hash":"3506c6a1950305db61c74d45255c1416601415dc","messageTitle":"Fix style in tests and add find to runtest","messageBody":"","fileTypesAndContributionMap":{"txt":{"insertions":3,"deletions":0},"java":{"insertions":12,"deletions":7}}}]},{"date":"2022-08-25","commitResults":[{"hash":"d80417b0bd5aa88acb964bddc28be8f4674c86e0","messageTitle":"Add JavaDoc comments","messageBody":"","fileTypesAndContributionMap":{"java":{"insertions":77,"deletions":13}}}]},{"date":"2022-08-26","commitResults":[{"hash":"78ca3286e0d9bebb5879c07a12b48c8ed0e5aa7e","messageTitle":"Add HelpCommand to list all commands","messageBody":"","tags":["C-Help"],"fileTypesAndContributionMap":{"java":{"insertions":47,"deletions":2}}}]},{"date":"2022-08-27","commitResults":[{"hash":"fbe4407d2ff26db0c1e1624f988054049a492040","messageTitle":"Edit error messages and check style","messageBody":"","tags":["A-CheckStyle"],"fileTypesAndContributionMap":{"java":{"insertions":7,"deletions":7}}}]},{"date":"2022-08-28","commitResults":[{"hash":"585c1ae38a0b8d783f3e9b29f9ae717807e32f18","messageTitle":"Configure build.gradle to set up JavaFX","messageBody":"","fileTypesAndContributionMap":{"gradle":{"insertions":21,"deletions":0},"java":{"insertions":12,"deletions":0}}}]},{"date":"2022-08-30","commitResults":[{"hash":"795711f31e3d06dc0041c06c4458d37b43d1afbd","messageTitle":"Add GUI to Duke with JavaFX and refactor TasksList to TaskList","messageBody":"","tags":["Level-10"],"fileTypesAndContributionMap":{"gradle":{"insertions":2,"deletions":2},"fxml":{"insertions":35,"deletions":0},"java":{"insertions":401,"deletions":226}}},{"hash":"2d0a47f6df3464f622353aaf3d1f3852c9a89f6b","messageTitle":"Add JavaDoc comments","messageBody":"","fileTypesAndContributionMap":{"gradle":{"insertions":1,"deletions":1},"java":{"insertions":10,"deletions":1}}}]},{"date":"2022-08-31","commitResults":[{"hash":"f4098c962d9e50b2e6bcc14d8075033990b53637","messageTitle":"Add greeting message for GUI","messageBody":"","fileTypesAndContributionMap":{"java":{"insertions":14,"deletions":2}}}]},{"date":"2022-09-04","commitResults":[{"hash":"6d84ff8493be4ce6a52554c4e64acc104da914d6","messageTitle":"Edit Duke\u0027s responses and rename methods","messageBody":"Removed \"Duke: \" strings from Duke\u0027s responses.\nEdited DukeException and error messages by removing\n\"☹ OOPS!!! Duke got an error!\\n\" because emoji is not visible on\nJavaFX GUI.\nRenamed methods in DateParser to include verbs.\n","tags":["A-FullCommitMessage"],"fileTypesAndContributionMap":{"java":{"insertions":65,"deletions":69}}},{"hash":"4d7bb1619f6e6df70be038c5b59c45c926275e38","messageTitle":"Add Assertions to TaskList and Storage","messageBody":"Use `assert` feature to document important assumptions that should\nhold at various points in the code.\n\nAssertions added to include checking of the right command-word and\nthe length of the command String array in the functions of TaskList.\n\nAssertions added to ensure the data stored in the save file is valid\nbefore loading it into Duke.\n","tags":["A-Assertions"],"fileTypesAndContributionMap":{"gradle":{"insertions":1,"deletions":0},"java":{"insertions":37,"deletions":10}}},{"hash":"4d92ca1caafb13db7f0b2fa8132da32c2b66c284","messageTitle":"Improve code quality","messageBody":"Removed unused and unnecessary code, specifically the `showGreeting`\nand `showMessage` methods from Ui and Duke.\n\nAdded comments to explain date/time formats.\n\nChanged the checks on the AddCommand to avoid complicated\nexpressions.\n","tags":["A-CodeQuality"],"fileTypesAndContributionMap":{"java":{"insertions":6,"deletions":26}}},{"hash":"88a85b45a8b0cad590f6573b8a42f793a1ad0c55","messageTitle":"Add use of Streams feature","messageBody":"Added Streams to create String and StringBuilder of the TaskList\nand replaced use of loops in `Storage` and `TaskList`\n","tags":["A-Streams"],"fileTypesAndContributionMap":{"java":{"insertions":13,"deletions":10}}}]},{"date":"2022-09-06","commitResults":[{"hash":"262cccf70b8a8a3a099d9d81e69b20fc39d11219","messageTitle":"Add editD and editT commands to edit a task","messageBody":"`editD \u003ctask_id\u003e \u003cnew_description\u003e` to edit the description of the\ntask with the given id in the list.\n`editT \u003ctask_id\u003e \u003cnew_date/time\u003e` to edit the date/time of the task\nwith the given id in the list.\n\nUpdated the list of instructions in the `help` command.\n","fileTypesAndContributionMap":{"java":{"insertions":217,"deletions":13}}},{"hash":"73f00b654f14ff93b9ed406733e35317a63fe9b4","messageTitle":"Fix coding standard","messageBody":"","tags":["v0.2"],"fileTypesAndContributionMap":{"java":{"insertions":27,"deletions":7}}}]},{"date":"2022-09-09","commitResults":[{"hash":"338cc338807d7985b52cfbb6f047a932a767a3a4","messageTitle":"Improve GUI design","messageBody":"","tags":["A-BetterGui"],"fileTypesAndContributionMap":{"fxml":{"insertions":14,"deletions":10},"java":{"insertions":11,"deletions":3}}},{"hash":"d4ace5792990687c807c0c0abd3573e4bd8c2c16","messageTitle":"Refactor Duke to Raiden","messageBody":"Changed name of bot from Duke to Raiden.\nChanged duke folder to raiden.\n","fileTypesAndContributionMap":{"gradle":{"insertions":2,"deletions":2},"fxml":{"insertions":1,"deletions":1},"java":{"insertions":131,"deletions":131},"bat":{"insertions":6,"deletions":6},"sh":{"insertions":1,"deletions":1}}}]},{"date":"2022-09-10","commitResults":[{"hash":"1fd6ea9d2f002bfb90035f7b46bb31fc8b50b91b","messageTitle":"Refactor DukeException to RaidenException","messageBody":"Renamed DukeException to RaidenException and edited Raiden\u0027s messages.\n","tags":["A-Personality"],"fileTypesAndContributionMap":{"java":{"insertions":153,"deletions":153}}},{"hash":"820906c720f86c1479d0b524a4bdaf8664b3cdba","messageTitle":"Add speech bubbles and colors for textfield","messageBody":"","fileTypesAndContributionMap":{"fxml":{"insertions":16,"deletions":7},"java":{"insertions":4,"deletions":0}}},{"hash":"4ac0c58fa6d7ed9cfda0cb0c2d833b64af757a95","messageTitle":"Adjust color for button and textfield","messageBody":"","fileTypesAndContributionMap":{"fxml":{"insertions":3,"deletions":3}}},{"hash":"64ddf3b6336a12bfb8ca0554efad80f1ab4a4d80","messageTitle":"Change font size to 12","messageBody":"","fileTypesAndContributionMap":{"fxml":{"insertions":1,"deletions":5}}},{"hash":"b69265a2552564af47c0a91e25b95d4aa4ff7f8a","messageTitle":"Add User guide in README","messageBody":"Updated find command to search for keywords regardless of lower or\nupper case.\n","tags":["A-UserGuide"],"fileTypesAndContributionMap":{"java":{"insertions":8,"deletions":5},"md":{"insertions":151,"deletions":24}}},{"hash":"686d5d815b50ad21e1ff0296009c7251831b73f4","messageTitle":"Update the README in docs","messageBody":"","fileTypesAndContributionMap":{"md":{"insertions":223,"deletions":51}}}]}]},"authorFileTypeContributionMap":{"HowSuen":{"java":1921,"md":339,"fxml":44,"sh":1,"bat":6,"gradle":32,"txt":37}},"authorContributionVariance":{"HowSuen":49365.652},"authorDisplayNameMap":{"HowSuen":"CS2103T-W15-4 TAN ..SUEN"}}
