{"authorDailyContributionsMap":{"HowSuen":[{"date":"2022-08-14","commitResults":[{"hash":"e238c8b3404052e28be2fd8b7fc31186e2620c9a","messageTitle":"Level 1. Greet, Echo, Exit","messageBody":"","tags":["Level-1"],"fileTypesAndContributionMap":{"java":{"insertions":18,"deletions":1}}},{"hash":"a9533b26bfa295b5d96c890135a410d35d1aa49e","messageTitle":"Added TasksList with Add and List features","messageBody":"","tags":["Level-2","A-Collections"],"fileTypesAndContributionMap":{"java":{"insertions":43,"deletions":1}}},{"hash":"538eae3236c8b6876f40ddeed77aaa70c7e81ccf","messageTitle":"Added Tasks, mark and unmark tasks functions","messageBody":"","tags":["Level-3","A-Classes"],"fileTypesAndContributionMap":{"java":{"insertions":88,"deletions":5}}},{"hash":"d5c20651a172d19a0da9f4358193c2d772268aff","messageTitle":"Added ToDo, Deadline, Event","messageBody":"","tags":["Level-4","A-Inheritance"],"fileTypesAndContributionMap":{"java":{"insertions":137,"deletions":15}}}]},{"date":"2022-08-15","commitResults":[{"hash":"efa34f34ee06d6eb4bb2241f159b240ae9626a25","messageTitle":"Added Automated Text UI Testing","messageBody":"","tags":["A-TextUiTesting"],"fileTypesAndContributionMap":{"txt":{"insertions":12,"deletions":0},"java":{"insertions":2,"deletions":2}}},{"hash":"004ee4c6d93f82b696999954ce2743e30f1d3df7","messageTitle":"Added DukeException for incorrect user inputs","messageBody":"","tags":["Level-5","A-Exceptions"],"fileTypesAndContributionMap":{"txt":{"insertions":18,"deletions":4},"java":{"insertions":95,"deletions":83}}},{"hash":"7eea24867c423d7d9522de56f8c4a2fc0c7e0019","messageTitle":"Added delete-tasks feature","messageBody":"","tags":["Level-6"],"fileTypesAndContributionMap":{"txt":{"insertions":6,"deletions":0},"java":{"insertions":63,"deletions":13}}},{"hash":"3ea6ec632840799f0b6294d9568b13611cca80b2","messageTitle":"Edited variable name in Task","messageBody":"","fileTypesAndContributionMap":{"java":{"insertions":7,"deletions":10}}}]},{"date":"2022-08-18","commitResults":[{"hash":"7762bc93fe063637b070cd6b736836071be60fed","messageTitle":"Added TaskType enums","messageBody":"","tags":["A-Enums"],"fileTypesAndContributionMap":{"java":{"insertions":8,"deletions":5}}}]},{"date":"2022-08-21","commitResults":[{"hash":"f22d62fc786d1160bf8d63b5db93e2b322ed3462","messageTitle":"Add Storage to store tasks in hard disk","messageBody":"","tags":["Level-7"],"fileTypesAndContributionMap":{"java":{"insertions":310,"deletions":26}}}]},{"date":"2022-08-22","commitResults":[{"hash":"a59c6df40f5febe959ea567d14d657cb80ae13c6","messageTitle":"Add DateParser to accept dates and times","messageBody":"","tags":["Level-8"],"fileTypesAndContributionMap":{"java":{"insertions":92,"deletions":24}}}]}]},"authorFileTypeContributionMap":{"HowSuen":{"java":679,"md":0,"fxml":0,"sh":0,"bat":0,"gradle":0,"txt":32}},"authorContributionVariance":{"HowSuen":19363.352},"authorDisplayNameMap":{"HowSuen":"CS2103T-W15-4 TAN ..SUEN"}}
