{"authorDailyContributionsMap":{"HowSuen":[{"date":"2022-08-14","commitResults":[{"hash":"e238c8b3404052e28be2fd8b7fc31186e2620c9a","messageTitle":"Level 1. Greet, Echo, Exit","messageBody":"","tags":["Level-1"],"fileTypesAndContributionMap":{"java":{"insertions":18,"deletions":1}}},{"hash":"a9533b26bfa295b5d96c890135a410d35d1aa49e","messageTitle":"Added TasksList with Add and List features","messageBody":"","tags":["Level-2","A-Collections"],"fileTypesAndContributionMap":{"java":{"insertions":43,"deletions":1}}},{"hash":"538eae3236c8b6876f40ddeed77aaa70c7e81ccf","messageTitle":"Added Tasks, mark and unmark tasks functions","messageBody":"","tags":["Level-3","A-Classes"],"fileTypesAndContributionMap":{"java":{"insertions":88,"deletions":5}}},{"hash":"d5c20651a172d19a0da9f4358193c2d772268aff","messageTitle":"Added ToDo, Deadline, Event","messageBody":"","tags":["Level-4","A-Inheritance"],"fileTypesAndContributionMap":{"java":{"insertions":137,"deletions":15}}}]},{"date":"2022-08-15","commitResults":[{"hash":"efa34f34ee06d6eb4bb2241f159b240ae9626a25","messageTitle":"Added Automated Text UI Testing","messageBody":"","tags":["A-TextUiTesting"],"fileTypesAndContributionMap":{"txt":{"insertions":12,"deletions":0},"java":{"insertions":2,"deletions":2}}},{"hash":"004ee4c6d93f82b696999954ce2743e30f1d3df7","messageTitle":"Added DukeException for incorrect user inputs","messageBody":"","tags":["Level-5","A-Exceptions"],"fileTypesAndContributionMap":{"txt":{"insertions":18,"deletions":4},"java":{"insertions":95,"deletions":83}}},{"hash":"7eea24867c423d7d9522de56f8c4a2fc0c7e0019","messageTitle":"Added delete-tasks feature","messageBody":"","tags":["Level-6"],"fileTypesAndContributionMap":{"txt":{"insertions":6,"deletions":0},"java":{"insertions":63,"deletions":13}}},{"hash":"3ea6ec632840799f0b6294d9568b13611cca80b2","messageTitle":"Edited variable name in Task","messageBody":"","fileTypesAndContributionMap":{"java":{"insertions":7,"deletions":10}}}]},{"date":"2022-08-18","commitResults":[{"hash":"7762bc93fe063637b070cd6b736836071be60fed","messageTitle":"Added TaskType enums","messageBody":"","tags":["A-Enums"],"fileTypesAndContributionMap":{"java":{"insertions":8,"deletions":5}}}]},{"date":"2022-08-21","commitResults":[{"hash":"f22d62fc786d1160bf8d63b5db93e2b322ed3462","messageTitle":"Add Storage to store tasks in hard disk","messageBody":"","tags":["Level-7"],"fileTypesAndContributionMap":{"java":{"insertions":310,"deletions":26}}}]},{"date":"2022-08-22","commitResults":[{"hash":"a59c6df40f5febe959ea567d14d657cb80ae13c6","messageTitle":"Add DateParser to accept dates and times","messageBody":"","tags":["Level-8"],"fileTypesAndContributionMap":{"java":{"insertions":92,"deletions":24}}},{"hash":"1632b50b4bb958827463b921534f753af6909b91","messageTitle":"Add Ui, Parser and Commands","messageBody":"","tags":["A-MoreOOP"],"fileTypesAndContributionMap":{"java":{"insertions":317,"deletions":59}}}]},{"date":"2022-08-23","commitResults":[{"hash":"c134c7cf450ae89cc866d260af61686c2f8dc2ef","messageTitle":"Add Packages and edit tests","messageBody":"","tags":["A-Packages"],"fileTypesAndContributionMap":{"txt":{"insertions":2,"deletions":0},"java":{"insertions":148,"deletions":105},"bat":{"insertions":6,"deletions":2},"md":{"insertions":2,"deletions":2}}},{"hash":"19c6669e5108f2f4a524fa6d5c12a43b0b56475c","messageTitle":"Fix the name of Duke in README","messageBody":"","fileTypesAndContributionMap":{"md":{"insertions":2,"deletions":2}}},{"hash":"99b398df64bc2c11f9363d048a3185f8f7579c76","messageTitle":"Add Gradle support, JUnit Tests and checkstyle","messageBody":"","tags":["A-Jar","A-JUnit","A-Gradle"],"fileTypesAndContributionMap":{"gradle":{"insertions":10,"deletions":1},"java":{"insertions":127,"deletions":32}}}]},{"date":"2022-08-24","commitResults":[{"hash":"27b564a739a950acbd03398d60067e450fd65888","messageTitle":"Edit build.gradle","messageBody":"","fileTypesAndContributionMap":{"gradle":{"insertions":3,"deletions":3}}},{"hash":"61bafec82a9245c4ba852834528d0a74dec491c8","messageTitle":"Add JavaDoc comments","messageBody":"","tags":["A-JavaDoc"],"fileTypesAndContributionMap":{"java":{"insertions":233,"deletions":30}}},{"hash":"24a0a537ef3d0ccc887266ac8cc1c8b49d067e37","messageTitle":"Fix code to comply with coding standard","messageBody":"","tags":["A-CodingStandard"],"fileTypesAndContributionMap":{"java":{"insertions":11,"deletions":11}}},{"hash":"8febef2a6bdb2054249fea4300e59602729e60da","messageTitle":"Add Find command to search for task","messageBody":"","tags":["Level-9"],"fileTypesAndContributionMap":{"java":{"insertions":81,"deletions":0}}},{"hash":"3506c6a1950305db61c74d45255c1416601415dc","messageTitle":"Fix style in tests and add find to runtest","messageBody":"","fileTypesAndContributionMap":{"txt":{"insertions":3,"deletions":0},"java":{"insertions":12,"deletions":7}}}]},{"date":"2022-08-25","commitResults":[{"hash":"d80417b0bd5aa88acb964bddc28be8f4674c86e0","messageTitle":"Add JavaDoc comments","messageBody":"","fileTypesAndContributionMap":{"java":{"insertions":77,"deletions":13}}}]}]},"authorFileTypeContributionMap":{"HowSuen":{"java":1437,"md":0,"fxml":0,"sh":0,"bat":6,"gradle":10,"txt":37}},"authorContributionVariance":{"HowSuen":35669.23},"authorDisplayNameMap":{"HowSuen":"CS2103T-W15-4 TAN ..SUEN"}}
