{"authorDailyContributionsMap":{"leirdas":[{"date":"2022-08-17","commitResults":[{"hash":"e6e9fa71fd4ac9bc8e2d1a00243d70de4196d91a","messageTitle":"Level 1. Greet, Echo, Exit","messageBody":"","tags":["Level-1"],"fileTypesAndContributionMap":{"java":{"insertions":32,"deletions":0}}},{"hash":"e8d25b93be114dd6a2c8ce2d6249f0dded7bb2f0","messageTitle":"Level 2. Add, List","messageBody":"","tags":["Level-2"],"fileTypesAndContributionMap":{"java":{"insertions":76,"deletions":4}}},{"hash":"429338f908cdf50c8d33edd672b22fd34f380e88","messageTitle":"Level 3. Mark as Done","messageBody":"","tags":["Level-3","A-Classes"],"fileTypesAndContributionMap":{"java":{"insertions":99,"deletions":26}}},{"hash":"2666604119dec22600386b716d1c09a131fca0e0","messageTitle":"Level 4. ToDos, Events, Deadlines","messageBody":"","tags":["Level-4","A-Inheritance"],"fileTypesAndContributionMap":{"java":{"insertions":59,"deletions":1}}}]},{"date":"2022-08-18","commitResults":[{"hash":"239fd69a277c9d7a8afe82bb432b74ece04a61d4","messageTitle":"Automated Text UI Testing","messageBody":"","tags":["A-TextUiTesting"],"fileTypesAndContributionMap":{"txt":{"insertions":11,"deletions":0},"java":{"insertions":1,"deletions":2}}},{"hash":"9727903b09c7d5cfe53e561800722ef9d6a88898","messageTitle":"Level 5. Handle Errors","messageBody":"","tags":["Level-5","A-Exceptions"],"fileTypesAndContributionMap":{"java":{"insertions":83,"deletions":42}}},{"hash":"b166b954c33d2b5a629a9b1371fdd242c2ebcd6a","messageTitle":"Level 6. Delete","messageBody":"","tags":["Level-6","A-Collections"],"fileTypesAndContributionMap":{"java":{"insertions":42,"deletions":7}}}]}]},"authorFileTypeContributionMap":{"leirdas":{"java":310,"md":0,"fxml":0,"sh":0,"bat":0,"gradle":0,"txt":11}},"authorContributionVariance":{"leirdas":12849.919},"authorDisplayNameMap":{"leirdas":"CS2103T-T15-3 SOH ..RIEL"}}
