{"authorDailyContributionsMap":{"DanielLimWeiEn":[{"date":"2022-08-14","commitResults":[{"hash":"c04cad9bce63d8b7b644b47ed17c9284d0b92774","messageTitle":"Implement a skeletal version of Duke that starts by greeting the user and simply echos the commands entered by the user, and exits when the user types bye.","messageBody":"","tags":["Level-1"],"fileTypesAndContributionMap":{"java":{"insertions":20,"deletions":1}}}]},{"date":"2022-08-15","commitResults":[{"hash":"7d51a02aa3513ac085d8abbedc9822204fb6491e","messageTitle":"Add the ability to store whatever text entered by the user and display them back to the user when requested.","messageBody":"","tags":["Level-2"],"fileTypesAndContributionMap":{"java":{"insertions":15,"deletions":3}}},{"hash":"e0cb0b4b7a1a28de0fbd06c9e4c6e7ef1a2b7b90","messageTitle":"Add Task class to represent Tasks in the Duke bot.","messageBody":"Using a Task class and correspondingly Task objects to represent Tasks is a more natural way of representing tasks and allows me to keep the logic for the Task representation in a class of itself.\n","fileTypesAndContributionMap":{"java":{"insertions":23,"deletions":0}}},{"hash":"e5fac00b48d1c2a94bf8b1b6a509c9323260ee09","messageTitle":"Add the ability to change the status of tasks","messageBody":"We can mark tasks as done and change the status of the tasks back to not done.\n","tags":["Level-3"],"fileTypesAndContributionMap":{"java":{"insertions":54,"deletions":16}}},{"hash":"bc70f7796b07f187e3b17b7f727d2f5db99b5323","messageTitle":"Add different types of events namely Deadlines, Events and Todos and Modify Task field\u0027s access markers","messageBody":"Deadline, Events and Todos are all types of Tasks and we make use to inheritance to share code. We also modify the access marker of the Task\u0027s fields so as to allow the fields to be accessible from the subclasses we created.\n","fileTypesAndContributionMap":{"java":{"insertions":24,"deletions":2}}},{"hash":"3cb993b6f0e78646dca98013a3a9ee28bc3255d7","messageTitle":"Modify String representation of Tasks","messageBody":"Made use of Polymorphism to modify the String representations of different tasks.\n","fileTypesAndContributionMap":{"java":{"insertions":19,"deletions":5}}},{"hash":"a51443518dc9c01071b7bc330e431c0de66588b1","messageTitle":"Add support for tracking the three new types of Tasks in Dukebot","messageBody":"Made use of Polymorphism to ensure correct outputs are printed to the screen.\n","tags":["Level-4"],"fileTypesAndContributionMap":{"java":{"insertions":36,"deletions":8}}},{"hash":"bd197dfde422fcafebae9a058d0ae5a71b054589","messageTitle":"Use the Input/Output redirection technique to semi-automate the testing of Duke","messageBody":"Add the inputs and expected outputs.\n","tags":["A-TextUiTesting"],"fileTypesAndContributionMap":{"txt":{"insertions":6,"deletions":0},"java":{"insertions":2,"deletions":0},"bat":{"insertions":0,"deletions":21},"sh":{"insertions":1,"deletions":1}}},{"hash":"b06374e8cf7c951711c49a7838b37d286aecfeb9","messageTitle":"Teach Duke to handle errors as incorrect inputs entered by the user using Exceptions","messageBody":"","fileTypesAndContributionMap":{"java":{"insertions":57,"deletions":43}}},{"hash":"bbd812f95acfbb3849b13404b23e8bf2d130147f","messageTitle":"Teach Duke to deal with errors associated with incorrect inputs from the user","messageBody":"Made use of Exceptions and Polymorphism to handle Event task, Deadline task, Todo task, Task and incorrect command exceptions.\n","tags":["Level-5"],"fileTypesAndContributionMap":{"java":{"insertions":6,"deletions":2}}},{"hash":"84cb2351599dba12d5807e028565c458a16aa308","messageTitle":"Modify I/O Redirection Testing to handle new exceptions used to handle errors","messageBody":"","fileTypesAndContributionMap":{"txt":{"insertions":4,"deletions":0}}},{"hash":"50b4672f36b32b167f530046e050f0e2bf14ef8a","messageTitle":"Add support for deleting tasks from the list","messageBody":"","tags":["Level-6"],"fileTypesAndContributionMap":{"java":{"insertions":14,"deletions":0}}},{"hash":"c9145b242107657d013febd26b523f4260a4d9ab","messageTitle":"Add test case coverage for Deletion","messageBody":"","fileTypesAndContributionMap":{"txt":{"insertions":2,"deletions":0}}},{"hash":"f73f1337ce28c5159cb50a74f0188924b6da5557","messageTitle":"Add error handling for mark, unmark and delete commands and test coverage for mark, unmark and delete commands","messageBody":"","fileTypesAndContributionMap":{"txt":{"insertions":7,"deletions":0},"java":{"insertions":20,"deletions":5}}},{"hash":"dee1b40f6382b9fe9ddc27628770951d3123c2de","messageTitle":"Add JavaDoc comments for all files","messageBody":"","fileTypesAndContributionMap":{"java":{"insertions":100,"deletions":0}}}]}]},"authorFileTypeContributionMap":{"DanielLimWeiEn":{"java":305,"md":0,"fxml":0,"sh":1,"bat":0,"gradle":0,"txt":19}},"authorContributionVariance":{"DanielLimWeiEn":44908.688},"authorDisplayNameMap":{"DanielLimWeiEn":"CS2103T-W10-2 DANI..I EN"}}
