{"authorDailyContributionsMap":{"bryanhce":[{"date":"2022-08-16","commitResults":[{"hash":"a2e417b3775171cc24f92f78c99fef16bf9e5937","messageTitle":"level 1 greet echo exit","messageBody":"","tags":["Level-1"],"fileTypesAndContributionMap":{"java":{"insertions":17,"deletions":6}}},{"hash":"f4039a9cf9e5895cdba5423f71af1279332e91f8","messageTitle":"level 2 add list","messageBody":"","tags":["Level-2"],"fileTypesAndContributionMap":{"java":{"insertions":26,"deletions":5}}},{"hash":"2940803825bfa3f96a7f5f831bcd9baffc3ebc1f","messageTitle":"level 3 mark as done","messageBody":"","tags":["Level-3"],"fileTypesAndContributionMap":{"java":{"insertions":42,"deletions":4}}},{"hash":"c8f5d88d63c1fe90f065df5de9a8579da0d89ebb","messageTitle":"level 4 todo event deadline","messageBody":"","tags":["Level-4"],"fileTypesAndContributionMap":{"java":{"insertions":89,"deletions":12}}},{"hash":"e4a03959fc9ea8bf62d18c2b6124ebca4899dbbe","messageTitle":"A-TextUiTesting","messageBody":"","tags":["A-TextUiTesting"],"fileTypesAndContributionMap":{"txt":{"insertions":2,"deletions":0}}},{"hash":"61d2ade41fc08edd74a011df5148eebb006466d0","messageTitle":"level 5 handle errors","messageBody":"","tags":["Level-5"],"fileTypesAndContributionMap":{"java":{"insertions":51,"deletions":9}}},{"hash":"08769d2b09745d7681000ade6bf753467e3b66ac","messageTitle":"level 6 delete","messageBody":"","tags":["Level-6"],"fileTypesAndContributionMap":{"java":{"insertions":6,"deletions":0}}}]},{"date":"2022-08-17","commitResults":[{"hash":"b7ebc330b437015644e844c912d5beefba742652","messageTitle":"hotfix for the throwing exceptions","messageBody":"","fileTypesAndContributionMap":{"java":{"insertions":103,"deletions":97}}}]},{"date":"2022-08-18","commitResults":[{"hash":"04852618d6be59dd8d16092a8ad849bdedc2dc2e","messageTitle":"reformatting output text","messageBody":"","fileTypesAndContributionMap":{"java":{"insertions":17,"deletions":17}}},{"hash":"fbb3063daf2c7242ed4729655a93ed3435a72cf5","messageTitle":"clean up code","messageBody":"","fileTypesAndContributionMap":{"java":{"insertions":2,"deletions":8}}}]},{"date":"2022-08-22","commitResults":[{"hash":"2651933a74176edf022c1f664e53c4c8fcc78341","messageTitle":"Reformat output string","messageBody":"","fileTypesAndContributionMap":{"java":{"insertions":41,"deletions":35}}},{"hash":"71e0285c483e1ee9a3f1de27504b3b8e834634a3","messageTitle":"Add ability to save list to a file","messageBody":"","tags":["Level-7"],"fileTypesAndContributionMap":{"txt":{"insertions":5,"deletions":0},"java":{"insertions":145,"deletions":14}}},{"hash":"294181fadb9cd4893e439facd2ce7525a3511b9f","messageTitle":"Save dates as date object","messageBody":"","tags":["Level-8"],"fileTypesAndContributionMap":{"java":{"insertions":44,"deletions":12}}}]}]},"authorFileTypeContributionMap":{"bryanhce":{"java":371,"md":0,"fxml":0,"sh":0,"bat":0,"gradle":0,"txt":7}},"authorContributionVariance":{"bryanhce":12946.796},"authorDisplayNameMap":{"bryanhce":"CS2103T-W16-1 HO C..RYAN"}}
