{"authorDailyContributionsMap":{"bryanhce":[{"date":"2022-08-16","commitResults":[{"hash":"a2e417b3775171cc24f92f78c99fef16bf9e5937","messageTitle":"level 1 greet echo exit","messageBody":"","tags":["Level-1"],"fileTypesAndContributionMap":{"java":{"insertions":17,"deletions":6}}},{"hash":"f4039a9cf9e5895cdba5423f71af1279332e91f8","messageTitle":"level 2 add list","messageBody":"","tags":["Level-2"],"fileTypesAndContributionMap":{"java":{"insertions":26,"deletions":5}}},{"hash":"2940803825bfa3f96a7f5f831bcd9baffc3ebc1f","messageTitle":"level 3 mark as done","messageBody":"","tags":["Level-3"],"fileTypesAndContributionMap":{"java":{"insertions":42,"deletions":4}}},{"hash":"c8f5d88d63c1fe90f065df5de9a8579da0d89ebb","messageTitle":"level 4 todo event deadline","messageBody":"","tags":["Level-4"],"fileTypesAndContributionMap":{"java":{"insertions":89,"deletions":12}}},{"hash":"e4a03959fc9ea8bf62d18c2b6124ebca4899dbbe","messageTitle":"A-TextUiTesting","messageBody":"","tags":["A-TextUiTesting"],"fileTypesAndContributionMap":{"txt":{"insertions":2,"deletions":0}}},{"hash":"61d2ade41fc08edd74a011df5148eebb006466d0","messageTitle":"level 5 handle errors","messageBody":"","tags":["Level-5"],"fileTypesAndContributionMap":{"java":{"insertions":51,"deletions":9}}},{"hash":"08769d2b09745d7681000ade6bf753467e3b66ac","messageTitle":"level 6 delete","messageBody":"","tags":["Level-6"],"fileTypesAndContributionMap":{"java":{"insertions":6,"deletions":0}}}]},{"date":"2022-08-17","commitResults":[{"hash":"b7ebc330b437015644e844c912d5beefba742652","messageTitle":"hotfix for the throwing exceptions","messageBody":"","fileTypesAndContributionMap":{"java":{"insertions":103,"deletions":97}}}]},{"date":"2022-08-18","commitResults":[{"hash":"04852618d6be59dd8d16092a8ad849bdedc2dc2e","messageTitle":"reformatting output text","messageBody":"","fileTypesAndContributionMap":{"java":{"insertions":17,"deletions":17}}},{"hash":"fbb3063daf2c7242ed4729655a93ed3435a72cf5","messageTitle":"clean up code","messageBody":"","fileTypesAndContributionMap":{"java":{"insertions":2,"deletions":8}}}]},{"date":"2022-08-22","commitResults":[{"hash":"2651933a74176edf022c1f664e53c4c8fcc78341","messageTitle":"Reformat output string","messageBody":"","fileTypesAndContributionMap":{"java":{"insertions":41,"deletions":35}}},{"hash":"71e0285c483e1ee9a3f1de27504b3b8e834634a3","messageTitle":"Add ability to save list to a file","messageBody":"","tags":["Level-7"],"fileTypesAndContributionMap":{"txt":{"insertions":5,"deletions":0},"java":{"insertions":145,"deletions":14}}},{"hash":"294181fadb9cd4893e439facd2ce7525a3511b9f","messageTitle":"Save dates as date object","messageBody":"","tags":["Level-8"],"fileTypesAndContributionMap":{"java":{"insertions":44,"deletions":12}}}]},{"date":"2022-08-23","commitResults":[{"hash":"3ecca0f24dea13876b696e00cb671b22a4fb0dde","messageTitle":"Reformat main code to include parser","messageBody":"This is to abstract some information about input text handling into\nthe parser class\n","fileTypesAndContributionMap":{"txt":{"insertions":2,"deletions":2},"java":{"insertions":126,"deletions":81}}},{"hash":"74dee1c2216194bc7584f97f39a9bc1c93bfe5b1","messageTitle":"Add new classes TaskList and Ui","messageBody":"This is to allow for more OOP in the code\n","tags":["A-MoreOOP"],"fileTypesAndContributionMap":{"txt":{"insertions":2,"deletions":3},"java":{"insertions":140,"deletions":60}}},{"hash":"e47dbff84928cbaab5d6b907297a7e0c7d1efef4","messageTitle":"Refactor code to organise them into packages","messageBody":"","tags":["A-Packages"],"fileTypesAndContributionMap":{"java":{"insertions":53,"deletions":9},"bat":{"insertions":2,"deletions":2},"md":{"insertions":2,"deletions":2}}},{"hash":"2e2f3c5be1b1fd1d9c59397a7ac40ffbc7a55efe","messageTitle":"Add JUnit tests","messageBody":"","tags":["A-Jar","A-JUnit"],"fileTypesAndContributionMap":{"java":{"insertions":61,"deletions":0}}}]},{"date":"2022-08-24","commitResults":[{"hash":"7e2d4902e4caff4fbc910bbd93e06e912913c7e2","messageTitle":"Add JavaDocs to classes and methods","messageBody":"","tags":["A-JavaDoc"],"fileTypesAndContributionMap":{"java":{"insertions":160,"deletions":3}}},{"hash":"d3152cb3b66ce1fcf6832afd3f950b8b6738a284","messageTitle":"Tweak code to comply with coding standard","messageBody":"","tags":["A-CodingStandard"],"fileTypesAndContributionMap":{"java":{"insertions":9,"deletions":4}}},{"hash":"768a4de93583afa437cf42b78c3a5c6ed6d39ba4","messageTitle":"Add find task feature","messageBody":"","tags":["Level-9"],"fileTypesAndContributionMap":{"java":{"insertions":59,"deletions":10}}}]},{"date":"2022-08-28","commitResults":[{"hash":"b4a56c0a3663d3dbd5f2bc75ab8d5257d4046e7d","messageTitle":"Added checkstyle with gradle","messageBody":"","tags":["A-CheckStyle"],"fileTypesAndContributionMap":{"gradle":{"insertions":5,"deletions":0},"java":{"insertions":22,"deletions":7}}}]},{"date":"2022-08-29","commitResults":[{"hash":"6aa2b90423be6e6f169d1d071513f173f7d96c0b","messageTitle":"Add duke GUI","messageBody":"","tags":["Level-10"],"fileTypesAndContributionMap":{"gradle":{"insertions":16,"deletions":1},"fxml":{"insertions":35,"deletions":0},"java":{"insertions":260,"deletions":119}}}]},{"date":"2022-09-05","commitResults":[{"hash":"c718dc343ff206926bded0a6c407a42b0191a0b0","messageTitle":"Add coloured background to UI","messageBody":"","tags":["v0.2"],"fileTypesAndContributionMap":{"fxml":{"insertions":11,"deletions":7}}},{"hash":"b58c25659e5d2f3178c0fce8b646efee4ad9e6da","messageTitle":"Add assert check","messageBody":"","tags":["A-Assertions"],"fileTypesAndContributionMap":{"java":{"insertions":2,"deletions":0}}}]},{"date":"2022-09-06","commitResults":[{"hash":"87bd310587373fd9603d9b0bd9839ed3ab90962c","messageTitle":"Improve code quality of entire repository","messageBody":"There were methods and classes that were not inline with the coding\nstandard and were not high quality code.\n\nLet\u0027s\n* change the if-else statements to switch statements\n* add a default branch in the switch block\n* structure code logically\n* make the happy path more prominent\n* delete dead code\n\nThis is to ensure better code understandability.\n","tags":["A-FullCommitMessage","A-CodeQuality"],"fileTypesAndContributionMap":{"txt":{"insertions":1,"deletions":4},"java":{"insertions":97,"deletions":93}}}]},{"date":"2022-09-07","commitResults":[{"hash":"129d52911dcc78b503eba802817ff850967ba919","messageTitle":"Implement an easy way to update a task","messageBody":"Previously, unable to update the task without deleting it and\ncreating a new task.\n\nNow, task can be updated with the \u0027update\u0027 keyword. You can individually\nupdate the description and date or both fields at once.\n\nA new keyword needs to be used as this is a new operation.\n","tags":["BCD-Extension"],"fileTypesAndContributionMap":{"gradle":{"insertions":1,"deletions":0},"txt":{"insertions":1,"deletions":1},"java":{"insertions":108,"deletions":8}}}]},{"date":"2022-09-11","commitResults":[{"hash":"5d6f3a6ced6e9b7983af084a4340bd4e09dab13a","messageTitle":"Refactoring code by following SLAP and renaming variables for better clarity","messageBody":"","fileTypesAndContributionMap":{"java":{"insertions":94,"deletions":78}}},{"hash":"7d6e56b1502f5addd1b5153c13108118e83a84cc","messageTitle":"Choose a personality, Karen, for Duke","messageBody":"","tags":["A-Personality"],"fileTypesAndContributionMap":{"txt":{"insertions":1,"deletions":0},"java":{"insertions":10,"deletions":11}}}]},{"date":"2022-09-12","commitResults":[{"hash":"70116d939cd20193e69cc50a7738ce048d6b1014","messageTitle":"Adding user guide","messageBody":"","tags":["A-UserGuide"],"fileTypesAndContributionMap":{"txt":{"insertions":2,"deletions":1},"java":{"insertions":1,"deletions":0},"md":{"insertions":151,"deletions":12}}},{"hash":"88335b39965c9fe8ac7d28a88fa2df38b3a1f211","messageTitle":"User guide format hotfix","messageBody":"","fileTypesAndContributionMap":{"md":{"insertions":22,"deletions":22}}},{"hash":"b44321360d30f16b856e3e7090a7a53025439a88","messageTitle":"User guide command summary fix","messageBody":"","fileTypesAndContributionMap":{"md":{"insertions":12,"deletions":12}}},{"hash":"78b76a1bb49f5635b1a352b4ef2c2f19eb8f8221","messageTitle":"User guide command summary table fix","messageBody":"","fileTypesAndContributionMap":{"md":{"insertions":13,"deletions":12}}}]}]},"authorFileTypeContributionMap":{"bryanhce":{"java":1095,"md":140,"fxml":39,"sh":0,"bat":2,"gradle":22,"txt":5}},"authorContributionVariance":{"bryanhce":20354.537},"authorDisplayNameMap":{"bryanhce":"CS2103T-W16-1 HO C..RYAN"}}
