[{"path":"src/main/java/Deadline.java","fileType":"java","lines":[{"lineNumber":1,"author":{"gitId":"Shawn532"},"content":"public class Deadline extends Task {","lastModifiedDate":"2022-08-19"},{"lineNumber":2,"author":{"gitId":"Shawn532"},"content":"    public String dl;","lastModifiedDate":"2022-08-19"},{"lineNumber":3,"author":{"gitId":"Shawn532"},"content":"","lastModifiedDate":"2022-08-19"},{"lineNumber":4,"author":{"gitId":"Shawn532"},"content":"    public Deadline(String name, String dl) {","lastModifiedDate":"2022-08-19"},{"lineNumber":5,"author":{"gitId":"Shawn532"},"content":"        super(name);","lastModifiedDate":"2022-08-19"},{"lineNumber":6,"author":{"gitId":"Shawn532"},"content":"        this.dl \u003d dl;","lastModifiedDate":"2022-08-19"},{"lineNumber":7,"author":{"gitId":"Shawn532"},"content":"    }","lastModifiedDate":"2022-08-19"},{"lineNumber":8,"author":{"gitId":"Shawn532"},"content":"","lastModifiedDate":"2022-08-19"},{"lineNumber":9,"author":{"gitId":"Shawn532"},"content":"    @Override","lastModifiedDate":"2022-08-19"},{"lineNumber":10,"author":{"gitId":"Shawn532"},"content":"    public String toString() {","lastModifiedDate":"2022-08-19"},{"lineNumber":11,"author":{"gitId":"Shawn532"},"content":"        return \"[D]\" + super.toString() + \"(\" + dl + \")\";","lastModifiedDate":"2022-08-19"},{"lineNumber":12,"author":{"gitId":"Shawn532"},"content":"    }","lastModifiedDate":"2022-08-19"},{"lineNumber":13,"author":{"gitId":"Shawn532"},"content":"}","lastModifiedDate":"2022-08-19"}],"authorContributionMap":{"Shawn532":13}},{"path":"src/main/java/Duke.java","fileType":"java","lines":[{"lineNumber":1,"author":{"gitId":"Shawn532"},"content":"import java.util.ArrayList;","lastModifiedDate":"2022-08-18"},{"lineNumber":2,"author":{"gitId":"Shawn532"},"content":"import java.util.List;","lastModifiedDate":"2022-08-18"},{"lineNumber":3,"author":{"gitId":"Shawn532"},"content":"import java.util.Scanner;","lastModifiedDate":"2022-08-18"},{"lineNumber":4,"author":{"gitId":"Shawn532"},"content":"","lastModifiedDate":"2022-08-18"},{"lineNumber":5,"author":{"gitId":"-"},"content":"public class Duke {","lastModifiedDate":"2019-07-29"},{"lineNumber":6,"author":{"gitId":"Shawn532"},"content":"    public static List\u003cTask\u003e tasks \u003d new ArrayList\u003c\u003e();","lastModifiedDate":"2022-08-18"},{"lineNumber":7,"author":{"gitId":"Shawn532"},"content":"","lastModifiedDate":"2022-08-18"},{"lineNumber":8,"author":{"gitId":"Shawn532"},"content":"    public static void printLine() {","lastModifiedDate":"2022-08-18"},{"lineNumber":9,"author":{"gitId":"Shawn532"},"content":"        System.out.println(\"-\".repeat(100));","lastModifiedDate":"2022-08-18"},{"lineNumber":10,"author":{"gitId":"Shawn532"},"content":"    }","lastModifiedDate":"2022-08-18"},{"lineNumber":11,"author":{"gitId":"Shawn532"},"content":"","lastModifiedDate":"2022-08-18"},{"lineNumber":12,"author":{"gitId":"Shawn532"},"content":"    public static void greetings() {","lastModifiedDate":"2022-08-18"},{"lineNumber":13,"author":{"gitId":"Shawn532"},"content":"        printLine();","lastModifiedDate":"2022-08-18"},{"lineNumber":14,"author":{"gitId":"Shawn532"},"content":"        System.out.println(\"Hello! I\u0027m Duke\\n\" + \"What can I do for you?\");","lastModifiedDate":"2022-08-18"},{"lineNumber":15,"author":{"gitId":"Shawn532"},"content":"        printLine();","lastModifiedDate":"2022-08-18"},{"lineNumber":16,"author":{"gitId":"Shawn532"},"content":"    }","lastModifiedDate":"2022-08-18"},{"lineNumber":17,"author":{"gitId":"Shawn532"},"content":"","lastModifiedDate":"2022-08-18"},{"lineNumber":18,"author":{"gitId":"Shawn532"},"content":"    public static void printBye() {","lastModifiedDate":"2022-08-18"},{"lineNumber":19,"author":{"gitId":"Shawn532"},"content":"        printLine();","lastModifiedDate":"2022-08-18"},{"lineNumber":20,"author":{"gitId":"Shawn532"},"content":"        System.out.println(\"Bye. Hope to see you again soon!\");","lastModifiedDate":"2022-08-18"},{"lineNumber":21,"author":{"gitId":"Shawn532"},"content":"        printLine();","lastModifiedDate":"2022-08-18"},{"lineNumber":22,"author":{"gitId":"Shawn532"},"content":"    }","lastModifiedDate":"2022-08-18"},{"lineNumber":23,"author":{"gitId":"Shawn532"},"content":"","lastModifiedDate":"2022-08-18"},{"lineNumber":24,"author":{"gitId":"Shawn532"},"content":"    public static void listAllItems() {","lastModifiedDate":"2022-08-18"},{"lineNumber":25,"author":{"gitId":"Shawn532"},"content":"        printLine();","lastModifiedDate":"2022-08-18"},{"lineNumber":26,"author":{"gitId":"Shawn532"},"content":"        for (int i \u003d 0; i \u003c tasks.size(); i++) {","lastModifiedDate":"2022-08-18"},{"lineNumber":27,"author":{"gitId":"Shawn532"},"content":"            int number \u003d i + 1;","lastModifiedDate":"2022-08-18"},{"lineNumber":28,"author":{"gitId":"Shawn532"},"content":"            System.out.println(number + \". \" + tasks.get(i).toString());","lastModifiedDate":"2022-08-18"},{"lineNumber":29,"author":{"gitId":"Shawn532"},"content":"        }","lastModifiedDate":"2022-08-18"},{"lineNumber":30,"author":{"gitId":"Shawn532"},"content":"        printLine();","lastModifiedDate":"2022-08-18"},{"lineNumber":31,"author":{"gitId":"Shawn532"},"content":"    }","lastModifiedDate":"2022-08-18"},{"lineNumber":32,"author":{"gitId":"Shawn532"},"content":"","lastModifiedDate":"2022-08-18"},{"lineNumber":33,"author":{"gitId":"Shawn532"},"content":"    public static void addATask(String item) throws DukeException {","lastModifiedDate":"2022-08-20"},{"lineNumber":34,"author":{"gitId":"Shawn532"},"content":"        String[] arr \u003d item.split(\" \", 2);","lastModifiedDate":"2022-08-19"},{"lineNumber":35,"author":{"gitId":"Shawn532"},"content":"        String type \u003d arr[0];","lastModifiedDate":"2022-08-19"},{"lineNumber":36,"author":{"gitId":"Shawn532"},"content":"        switch (type) {","lastModifiedDate":"2022-08-19"},{"lineNumber":37,"author":{"gitId":"Shawn532"},"content":"            case \"todo\":","lastModifiedDate":"2022-08-19"},{"lineNumber":38,"author":{"gitId":"Shawn532"},"content":"                if (arr.length \u003d\u003d 1) {","lastModifiedDate":"2022-08-20"},{"lineNumber":39,"author":{"gitId":"Shawn532"},"content":"                    throw new DukeException(\"☹ OOPS!!! The description of a todo cannot be empty.\");","lastModifiedDate":"2022-08-20"},{"lineNumber":40,"author":{"gitId":"Shawn532"},"content":"                }","lastModifiedDate":"2022-08-20"},{"lineNumber":41,"author":{"gitId":"Shawn532"},"content":"                String todoName \u003d arr[1].trim();","lastModifiedDate":"2022-08-19"},{"lineNumber":42,"author":{"gitId":"Shawn532"},"content":"                Task newTodo \u003d new Todo(todoName);","lastModifiedDate":"2022-08-19"},{"lineNumber":43,"author":{"gitId":"Shawn532"},"content":"                tasks.add(newTodo);","lastModifiedDate":"2022-08-19"},{"lineNumber":44,"author":{"gitId":"Shawn532"},"content":"                break;","lastModifiedDate":"2022-08-19"},{"lineNumber":45,"author":{"gitId":"Shawn532"},"content":"            case \"deadline\":","lastModifiedDate":"2022-08-19"},{"lineNumber":46,"author":{"gitId":"Shawn532"},"content":"                String[] deadlineArr \u003d arr[1].split(\"/\");","lastModifiedDate":"2022-08-19"},{"lineNumber":47,"author":{"gitId":"Shawn532"},"content":"                String deadlineName \u003d deadlineArr[0];","lastModifiedDate":"2022-08-19"},{"lineNumber":48,"author":{"gitId":"Shawn532"},"content":"                String dl \u003d deadlineArr[1];","lastModifiedDate":"2022-08-19"},{"lineNumber":49,"author":{"gitId":"Shawn532"},"content":"                Task newDeadline \u003d new Deadline(deadlineName, dl);","lastModifiedDate":"2022-08-19"},{"lineNumber":50,"author":{"gitId":"Shawn532"},"content":"                tasks.add(newDeadline);","lastModifiedDate":"2022-08-19"},{"lineNumber":51,"author":{"gitId":"Shawn532"},"content":"                break;","lastModifiedDate":"2022-08-19"},{"lineNumber":52,"author":{"gitId":"Shawn532"},"content":"            case \"event\":","lastModifiedDate":"2022-08-19"},{"lineNumber":53,"author":{"gitId":"Shawn532"},"content":"                String[] eventArr \u003d arr[1].split(\"/\");","lastModifiedDate":"2022-08-19"},{"lineNumber":54,"author":{"gitId":"Shawn532"},"content":"                String eventName \u003d eventArr[0];","lastModifiedDate":"2022-08-19"},{"lineNumber":55,"author":{"gitId":"Shawn532"},"content":"                String eventTime \u003d eventArr[1];","lastModifiedDate":"2022-08-19"},{"lineNumber":56,"author":{"gitId":"Shawn532"},"content":"                Task newEvent \u003d new Event(eventName, eventTime);","lastModifiedDate":"2022-08-20"},{"lineNumber":57,"author":{"gitId":"Shawn532"},"content":"                tasks.add(newEvent);","lastModifiedDate":"2022-08-19"},{"lineNumber":58,"author":{"gitId":"Shawn532"},"content":"                break;","lastModifiedDate":"2022-08-19"},{"lineNumber":59,"author":{"gitId":"Shawn532"},"content":"            default:","lastModifiedDate":"2022-08-20"},{"lineNumber":60,"author":{"gitId":"Shawn532"},"content":"                DukeException e \u003d new DukeException(\"☹ OOPS!!! I\u0027m sorry, but I don\u0027t know what that means :-(\");","lastModifiedDate":"2022-08-20"},{"lineNumber":61,"author":{"gitId":"Shawn532"},"content":"                throw e;","lastModifiedDate":"2022-08-20"},{"lineNumber":62,"author":{"gitId":"Shawn532"},"content":"        }","lastModifiedDate":"2022-08-19"},{"lineNumber":63,"author":{"gitId":"Shawn532"},"content":"","lastModifiedDate":"2022-08-19"},{"lineNumber":64,"author":{"gitId":"Shawn532"},"content":"        printLine();","lastModifiedDate":"2022-08-18"},{"lineNumber":65,"author":{"gitId":"Shawn532"},"content":"        int numOfTasks \u003d tasks.size();","lastModifiedDate":"2022-08-19"},{"lineNumber":66,"author":{"gitId":"Shawn532"},"content":"        System.out.println(\"Got it. I\u0027ve added this task:\" + \"\\n\" + tasks.get(numOfTasks - 1).toString() +","lastModifiedDate":"2022-08-19"},{"lineNumber":67,"author":{"gitId":"Shawn532"},"content":"                \"\\n\" + \"Now you have \" + numOfTasks + \" tasks in the list.\");","lastModifiedDate":"2022-08-19"},{"lineNumber":68,"author":{"gitId":"Shawn532"},"content":"        printLine();","lastModifiedDate":"2022-08-18"},{"lineNumber":69,"author":{"gitId":"Shawn532"},"content":"    }","lastModifiedDate":"2022-08-18"},{"lineNumber":70,"author":{"gitId":"Shawn532"},"content":"","lastModifiedDate":"2022-08-18"},{"lineNumber":71,"author":{"gitId":"Shawn532"},"content":"    public static void mark(int num) {","lastModifiedDate":"2022-08-18"},{"lineNumber":72,"author":{"gitId":"Shawn532"},"content":"        printLine();","lastModifiedDate":"2022-08-18"},{"lineNumber":73,"author":{"gitId":"Shawn532"},"content":"        tasks.get(num - 1).mark();","lastModifiedDate":"2022-08-18"},{"lineNumber":74,"author":{"gitId":"Shawn532"},"content":"        System.out.println(\"OK, I\u0027ve marked this task as done:\");","lastModifiedDate":"2022-08-18"},{"lineNumber":75,"author":{"gitId":"Shawn532"},"content":"        System.out.println(tasks.get(num - 1).toString());","lastModifiedDate":"2022-08-18"},{"lineNumber":76,"author":{"gitId":"Shawn532"},"content":"        printLine();","lastModifiedDate":"2022-08-18"},{"lineNumber":77,"author":{"gitId":"Shawn532"},"content":"    }","lastModifiedDate":"2022-08-18"},{"lineNumber":78,"author":{"gitId":"Shawn532"},"content":"","lastModifiedDate":"2022-08-18"},{"lineNumber":79,"author":{"gitId":"Shawn532"},"content":"    public static void unmark(int num) {","lastModifiedDate":"2022-08-18"},{"lineNumber":80,"author":{"gitId":"Shawn532"},"content":"        printLine();","lastModifiedDate":"2022-08-18"},{"lineNumber":81,"author":{"gitId":"Shawn532"},"content":"        tasks.get(num - 1).unMark();","lastModifiedDate":"2022-08-18"},{"lineNumber":82,"author":{"gitId":"Shawn532"},"content":"        System.out.println(\"OK, I\u0027ve marked this task as not done yet:\");","lastModifiedDate":"2022-08-18"},{"lineNumber":83,"author":{"gitId":"Shawn532"},"content":"        System.out.println(tasks.get(num - 1).toString());","lastModifiedDate":"2022-08-18"},{"lineNumber":84,"author":{"gitId":"Shawn532"},"content":"        printLine();","lastModifiedDate":"2022-08-18"},{"lineNumber":85,"author":{"gitId":"Shawn532"},"content":"    }","lastModifiedDate":"2022-08-18"},{"lineNumber":86,"author":{"gitId":"Shawn532"},"content":"","lastModifiedDate":"2022-08-18"},{"lineNumber":87,"author":{"gitId":"Shawn532"},"content":"    public static void delete(int num) {","lastModifiedDate":"2022-08-20"},{"lineNumber":88,"author":{"gitId":"Shawn532"},"content":"        printLine();","lastModifiedDate":"2022-08-20"},{"lineNumber":89,"author":{"gitId":"Shawn532"},"content":"        Task removedTask \u003d tasks.get(num - 1);","lastModifiedDate":"2022-08-20"},{"lineNumber":90,"author":{"gitId":"Shawn532"},"content":"        tasks.remove(num - 1);","lastModifiedDate":"2022-08-20"},{"lineNumber":91,"author":{"gitId":"Shawn532"},"content":"        System.out.println(\"Noted. I\u0027ve removed this task:\" + \"\\n\" + tasks.toString()","lastModifiedDate":"2022-08-20"},{"lineNumber":92,"author":{"gitId":"Shawn532"},"content":"        + \"Now you have \" + tasks.size() + \" tasks in the list.\");","lastModifiedDate":"2022-08-20"},{"lineNumber":93,"author":{"gitId":"Shawn532"},"content":"        printLine();","lastModifiedDate":"2022-08-20"},{"lineNumber":94,"author":{"gitId":"Shawn532"},"content":"    }","lastModifiedDate":"2022-08-20"},{"lineNumber":95,"author":{"gitId":"Shawn532"},"content":"","lastModifiedDate":"2022-08-20"},{"lineNumber":96,"author":{"gitId":"Shawn532"},"content":"","lastModifiedDate":"2022-08-20"},{"lineNumber":97,"author":{"gitId":"-"},"content":"    public static void main(String[] args) {","lastModifiedDate":"2019-07-29"},{"lineNumber":98,"author":{"gitId":"-"},"content":"        String logo \u003d \" ____        _        \\n\"","lastModifiedDate":"2019-07-29"},{"lineNumber":99,"author":{"gitId":"-"},"content":"                + \"|  _ \\\\ _   _| | _____ \\n\"","lastModifiedDate":"2019-07-29"},{"lineNumber":100,"author":{"gitId":"-"},"content":"                + \"| | | | | | | |/ / _ \\\\\\n\"","lastModifiedDate":"2019-07-29"},{"lineNumber":101,"author":{"gitId":"-"},"content":"                + \"| |_| | |_| |   \u003c  __/\\n\"","lastModifiedDate":"2019-07-29"},{"lineNumber":102,"author":{"gitId":"-"},"content":"                + \"|____/ \\\\__,_|_|\\\\_\\\\___|\\n\";","lastModifiedDate":"2019-07-29"},{"lineNumber":103,"author":{"gitId":"-"},"content":"        System.out.println(\"Hello from\\n\" + logo);","lastModifiedDate":"2022-08-18"},{"lineNumber":104,"author":{"gitId":"Shawn532"},"content":"","lastModifiedDate":"2022-08-18"},{"lineNumber":105,"author":{"gitId":"Shawn532"},"content":"        greetings();","lastModifiedDate":"2022-08-18"},{"lineNumber":106,"author":{"gitId":"Shawn532"},"content":"        Scanner sc \u003d new Scanner(System.in);","lastModifiedDate":"2022-08-18"},{"lineNumber":107,"author":{"gitId":"Shawn532"},"content":"        while (true) {","lastModifiedDate":"2022-08-18"},{"lineNumber":108,"author":{"gitId":"Shawn532"},"content":"            String input \u003d sc.nextLine();","lastModifiedDate":"2022-08-18"},{"lineNumber":109,"author":{"gitId":"Shawn532"},"content":"            String command \u003d input.split(\" \")[0];","lastModifiedDate":"2022-08-18"},{"lineNumber":110,"author":{"gitId":"Shawn532"},"content":"            switch (command) {","lastModifiedDate":"2022-08-18"},{"lineNumber":111,"author":{"gitId":"Shawn532"},"content":"                case \"bye\":","lastModifiedDate":"2022-08-18"},{"lineNumber":112,"author":{"gitId":"Shawn532"},"content":"                    printBye();","lastModifiedDate":"2022-08-18"},{"lineNumber":113,"author":{"gitId":"Shawn532"},"content":"                    return;","lastModifiedDate":"2022-08-18"},{"lineNumber":114,"author":{"gitId":"Shawn532"},"content":"                case \"list\":","lastModifiedDate":"2022-08-18"},{"lineNumber":115,"author":{"gitId":"Shawn532"},"content":"                    listAllItems();","lastModifiedDate":"2022-08-18"},{"lineNumber":116,"author":{"gitId":"Shawn532"},"content":"                    break;","lastModifiedDate":"2022-08-18"},{"lineNumber":117,"author":{"gitId":"Shawn532"},"content":"                case \"mark\":","lastModifiedDate":"2022-08-18"},{"lineNumber":118,"author":{"gitId":"Shawn532"},"content":"                    int num1 \u003d Integer.parseInt(input.split(\" \")[1]);","lastModifiedDate":"2022-08-18"},{"lineNumber":119,"author":{"gitId":"Shawn532"},"content":"                    mark(num1);","lastModifiedDate":"2022-08-18"},{"lineNumber":120,"author":{"gitId":"Shawn532"},"content":"                    break;","lastModifiedDate":"2022-08-18"},{"lineNumber":121,"author":{"gitId":"Shawn532"},"content":"                case \"unmark\":","lastModifiedDate":"2022-08-18"},{"lineNumber":122,"author":{"gitId":"Shawn532"},"content":"                    int num2 \u003d Integer.parseInt(input.split(\" \")[1]);","lastModifiedDate":"2022-08-18"},{"lineNumber":123,"author":{"gitId":"Shawn532"},"content":"                    unmark(num2);","lastModifiedDate":"2022-08-19"},{"lineNumber":124,"author":{"gitId":"Shawn532"},"content":"                    break;","lastModifiedDate":"2022-08-18"},{"lineNumber":125,"author":{"gitId":"Shawn532"},"content":"                case \"delete\":","lastModifiedDate":"2022-08-20"},{"lineNumber":126,"author":{"gitId":"Shawn532"},"content":"                    int num3 \u003d Integer.parseInt(input.split(\" \")[1]);","lastModifiedDate":"2022-08-20"},{"lineNumber":127,"author":{"gitId":"Shawn532"},"content":"                    delete(num3);","lastModifiedDate":"2022-08-20"},{"lineNumber":128,"author":{"gitId":"Shawn532"},"content":"                    break;","lastModifiedDate":"2022-08-20"},{"lineNumber":129,"author":{"gitId":"Shawn532"},"content":"                default:","lastModifiedDate":"2022-08-18"},{"lineNumber":130,"author":{"gitId":"Shawn532"},"content":"                    try {","lastModifiedDate":"2022-08-20"},{"lineNumber":131,"author":{"gitId":"Shawn532"},"content":"                        addATask(input);","lastModifiedDate":"2022-08-19"},{"lineNumber":132,"author":{"gitId":"Shawn532"},"content":"                    } catch (DukeException e) {","lastModifiedDate":"2022-08-20"},{"lineNumber":133,"author":{"gitId":"Shawn532"},"content":"                        printLine();","lastModifiedDate":"2022-08-20"},{"lineNumber":134,"author":{"gitId":"Shawn532"},"content":"                        System.out.println(e.getMessage());","lastModifiedDate":"2022-08-20"},{"lineNumber":135,"author":{"gitId":"Shawn532"},"content":"                        printLine();","lastModifiedDate":"2022-08-20"},{"lineNumber":136,"author":{"gitId":"Shawn532"},"content":"                    }","lastModifiedDate":"2022-08-20"},{"lineNumber":137,"author":{"gitId":"Shawn532"},"content":"                    break;","lastModifiedDate":"2022-08-18"},{"lineNumber":138,"author":{"gitId":"Shawn532"},"content":"            }","lastModifiedDate":"2022-08-18"},{"lineNumber":139,"author":{"gitId":"Shawn532"},"content":"        }","lastModifiedDate":"2022-08-18"},{"lineNumber":140,"author":{"gitId":"-"},"content":"    }","lastModifiedDate":"2019-07-29"},{"lineNumber":141,"author":{"gitId":"Shawn532"},"content":"","lastModifiedDate":"2022-08-18"},{"lineNumber":142,"author":{"gitId":"-"},"content":"}","lastModifiedDate":"2019-07-29"}],"authorContributionMap":{"Shawn532":132,"-":10}},{"path":"src/main/java/DukeException.java","fileType":"java","lines":[{"lineNumber":1,"author":{"gitId":"Shawn532"},"content":"public class DukeException extends Exception {","lastModifiedDate":"2022-08-20"},{"lineNumber":2,"author":{"gitId":"Shawn532"},"content":"    public DukeException(String message) {","lastModifiedDate":"2022-08-20"},{"lineNumber":3,"author":{"gitId":"Shawn532"},"content":"        super(message);","lastModifiedDate":"2022-08-20"},{"lineNumber":4,"author":{"gitId":"Shawn532"},"content":"    }","lastModifiedDate":"2022-08-20"},{"lineNumber":5,"author":{"gitId":"Shawn532"},"content":"}","lastModifiedDate":"2022-08-20"}],"authorContributionMap":{"Shawn532":5}},{"path":"src/main/java/Event.java","fileType":"java","lines":[{"lineNumber":1,"author":{"gitId":"Shawn532"},"content":"public class Event extends Task {","lastModifiedDate":"2022-08-20"},{"lineNumber":2,"author":{"gitId":"Shawn532"},"content":"    public String eventTime;","lastModifiedDate":"2022-08-19"},{"lineNumber":3,"author":{"gitId":"Shawn532"},"content":"","lastModifiedDate":"2022-08-19"},{"lineNumber":4,"author":{"gitId":"Shawn532"},"content":"    public Event(String name, String eventTime) {","lastModifiedDate":"2022-08-20"},{"lineNumber":5,"author":{"gitId":"Shawn532"},"content":"        super(name);","lastModifiedDate":"2022-08-19"},{"lineNumber":6,"author":{"gitId":"Shawn532"},"content":"        this.eventTime \u003d eventTime;","lastModifiedDate":"2022-08-19"},{"lineNumber":7,"author":{"gitId":"Shawn532"},"content":"    }","lastModifiedDate":"2022-08-19"},{"lineNumber":8,"author":{"gitId":"Shawn532"},"content":"","lastModifiedDate":"2022-08-19"},{"lineNumber":9,"author":{"gitId":"Shawn532"},"content":"    @Override","lastModifiedDate":"2022-08-19"},{"lineNumber":10,"author":{"gitId":"Shawn532"},"content":"    public String toString() {","lastModifiedDate":"2022-08-19"},{"lineNumber":11,"author":{"gitId":"Shawn532"},"content":"        return \"[E]\" + super.toString() + \"(\" + eventTime + \")\";","lastModifiedDate":"2022-08-19"},{"lineNumber":12,"author":{"gitId":"Shawn532"},"content":"    }","lastModifiedDate":"2022-08-19"},{"lineNumber":13,"author":{"gitId":"Shawn532"},"content":"}","lastModifiedDate":"2022-08-19"}],"authorContributionMap":{"Shawn532":13}},{"path":"src/main/java/Task.java","fileType":"java","lines":[{"lineNumber":1,"author":{"gitId":"Shawn532"},"content":"public class Task {","lastModifiedDate":"2022-08-18"},{"lineNumber":2,"author":{"gitId":"Shawn532"},"content":"    public String name;","lastModifiedDate":"2022-08-18"},{"lineNumber":3,"author":{"gitId":"Shawn532"},"content":"    public boolean isDone;","lastModifiedDate":"2022-08-18"},{"lineNumber":4,"author":{"gitId":"Shawn532"},"content":"","lastModifiedDate":"2022-08-18"},{"lineNumber":5,"author":{"gitId":"Shawn532"},"content":"    public Task() {","lastModifiedDate":"2022-08-18"},{"lineNumber":6,"author":{"gitId":"Shawn532"},"content":"    }","lastModifiedDate":"2022-08-18"},{"lineNumber":7,"author":{"gitId":"Shawn532"},"content":"","lastModifiedDate":"2022-08-18"},{"lineNumber":8,"author":{"gitId":"Shawn532"},"content":"    public Task(String name, boolean isDone) {","lastModifiedDate":"2022-08-18"},{"lineNumber":9,"author":{"gitId":"Shawn532"},"content":"        this.name \u003d name;","lastModifiedDate":"2022-08-18"},{"lineNumber":10,"author":{"gitId":"Shawn532"},"content":"        this.isDone \u003d isDone;","lastModifiedDate":"2022-08-18"},{"lineNumber":11,"author":{"gitId":"Shawn532"},"content":"    }","lastModifiedDate":"2022-08-18"},{"lineNumber":12,"author":{"gitId":"Shawn532"},"content":"","lastModifiedDate":"2022-08-18"},{"lineNumber":13,"author":{"gitId":"Shawn532"},"content":"    public Task(String name) {","lastModifiedDate":"2022-08-18"},{"lineNumber":14,"author":{"gitId":"Shawn532"},"content":"        this.name \u003d name;","lastModifiedDate":"2022-08-18"},{"lineNumber":15,"author":{"gitId":"Shawn532"},"content":"        this.isDone \u003d false;","lastModifiedDate":"2022-08-18"},{"lineNumber":16,"author":{"gitId":"Shawn532"},"content":"    }","lastModifiedDate":"2022-08-18"},{"lineNumber":17,"author":{"gitId":"Shawn532"},"content":"","lastModifiedDate":"2022-08-18"},{"lineNumber":18,"author":{"gitId":"Shawn532"},"content":"    public void mark() {","lastModifiedDate":"2022-08-18"},{"lineNumber":19,"author":{"gitId":"Shawn532"},"content":"        this.isDone \u003d true;","lastModifiedDate":"2022-08-18"},{"lineNumber":20,"author":{"gitId":"Shawn532"},"content":"    }","lastModifiedDate":"2022-08-18"},{"lineNumber":21,"author":{"gitId":"Shawn532"},"content":"","lastModifiedDate":"2022-08-18"},{"lineNumber":22,"author":{"gitId":"Shawn532"},"content":"    public void unMark() {","lastModifiedDate":"2022-08-18"},{"lineNumber":23,"author":{"gitId":"Shawn532"},"content":"        this.isDone \u003d false;","lastModifiedDate":"2022-08-18"},{"lineNumber":24,"author":{"gitId":"Shawn532"},"content":"    }","lastModifiedDate":"2022-08-18"},{"lineNumber":25,"author":{"gitId":"Shawn532"},"content":"","lastModifiedDate":"2022-08-18"},{"lineNumber":26,"author":{"gitId":"Shawn532"},"content":"    @Override","lastModifiedDate":"2022-08-18"},{"lineNumber":27,"author":{"gitId":"Shawn532"},"content":"    public String toString() {","lastModifiedDate":"2022-08-18"},{"lineNumber":28,"author":{"gitId":"Shawn532"},"content":"        if (this.isDone) {","lastModifiedDate":"2022-08-18"},{"lineNumber":29,"author":{"gitId":"Shawn532"},"content":"            return \"[X] \" + this.name;","lastModifiedDate":"2022-08-18"},{"lineNumber":30,"author":{"gitId":"Shawn532"},"content":"        } else {","lastModifiedDate":"2022-08-18"},{"lineNumber":31,"author":{"gitId":"Shawn532"},"content":"            return \"[] \" + this.name;","lastModifiedDate":"2022-08-18"},{"lineNumber":32,"author":{"gitId":"Shawn532"},"content":"        }","lastModifiedDate":"2022-08-18"},{"lineNumber":33,"author":{"gitId":"Shawn532"},"content":"    }","lastModifiedDate":"2022-08-18"},{"lineNumber":34,"author":{"gitId":"Shawn532"},"content":"","lastModifiedDate":"2022-08-18"},{"lineNumber":35,"author":{"gitId":"Shawn532"},"content":"}","lastModifiedDate":"2022-08-18"}],"authorContributionMap":{"Shawn532":35}},{"path":"src/main/java/Todo.java","fileType":"java","lines":[{"lineNumber":1,"author":{"gitId":"Shawn532"},"content":"public class Todo extends Task{","lastModifiedDate":"2022-08-19"},{"lineNumber":2,"author":{"gitId":"Shawn532"},"content":"","lastModifiedDate":"2022-08-19"},{"lineNumber":3,"author":{"gitId":"Shawn532"},"content":"    public Todo(String name) {","lastModifiedDate":"2022-08-19"},{"lineNumber":4,"author":{"gitId":"Shawn532"},"content":"        super(name);","lastModifiedDate":"2022-08-19"},{"lineNumber":5,"author":{"gitId":"Shawn532"},"content":"    }","lastModifiedDate":"2022-08-19"},{"lineNumber":6,"author":{"gitId":"Shawn532"},"content":"","lastModifiedDate":"2022-08-19"},{"lineNumber":7,"author":{"gitId":"Shawn532"},"content":"    @Override","lastModifiedDate":"2022-08-19"},{"lineNumber":8,"author":{"gitId":"Shawn532"},"content":"    public String toString() {","lastModifiedDate":"2022-08-19"},{"lineNumber":9,"author":{"gitId":"Shawn532"},"content":"        return \"[T]\" + super.toString();","lastModifiedDate":"2022-08-19"},{"lineNumber":10,"author":{"gitId":"Shawn532"},"content":"    }","lastModifiedDate":"2022-08-19"},{"lineNumber":11,"author":{"gitId":"Shawn532"},"content":"}","lastModifiedDate":"2022-08-19"}],"authorContributionMap":{"Shawn532":11}}]
