{"authorDailyContributionsMap":{"Shawn532":[{"date":"2022-08-18","commitResults":[{"hash":"fea313b1c906da17004f69c71ddaeb2d35aed930","messageTitle":"level-1","messageBody":"","fileTypesAndContributionMap":{"java":{"insertions":32,"deletions":1}}},{"hash":"fd47331074ff615c468b23c93ceb5c6f1271fb06","messageTitle":"level-1","messageBody":"","tags":["level-2"],"fileTypesAndContributionMap":{"java":{"insertions":16,"deletions":9}}},{"hash":"d0250867af10e4de2cf12dd6c5625f83d060984a","messageTitle":"level-2","messageBody":"","fileTypesAndContributionMap":{"java":{"insertions":22,"deletions":5}}},{"hash":"3c4d6168cf7a2802446067e861d4b2b22be89a22","messageTitle":"why no unmark???","messageBody":"","tags":["level-3"],"fileTypesAndContributionMap":{"java":{"insertions":67,"deletions":4}}}]},{"date":"2022-08-19","commitResults":[{"hash":"5e5665b4528fdf2db4e52e5ed5a8ab8956ef5d3a","messageTitle":"level-4","messageBody":"","tags":["level-6","level-5","level-4"],"fileTypesAndContributionMap":{"java":{"insertions":70,"deletions":9}}}]},{"date":"2022-08-20","commitResults":[{"hash":"63360eb59b89efefd9751a412cffa063ed1eef9c","messageTitle":"level-6","messageBody":"","fileTypesAndContributionMap":{"java":{"insertions":34,"deletions":4}}},{"hash":"30f7ac2af20a24079dde57eab48f3ee2edbf7cb5","messageTitle":"level-7","messageBody":"","fileTypesAndContributionMap":{"java":{"insertions":3,"deletions":3}}}]},{"date":"2022-08-21","commitResults":[{"hash":"fac967a78ccef15cae56a77073c9ab4066952649","messageTitle":"test","messageBody":"","tags":["A-TextUiTesting"],"fileTypesAndContributionMap":{"txt":{"insertions":9,"deletions":0},"java":{"insertions":6,"deletions":5},"sh":{"insertions":1,"deletions":1}}}]},{"date":"2022-08-24","commitResults":[{"hash":"f968b254f7d22ace0cd03648fed68db8c3272645","messageTitle":"fix the delete method","messageBody":"","fileTypesAndContributionMap":{"java":{"insertions":2,"deletions":1}}},{"hash":"8fdd5027f1ca10ba4bc080944fb4296189ca6384","messageTitle":"change the listAllItems method","messageBody":"","fileTypesAndContributionMap":{"java":{"insertions":9,"deletions":5}}},{"hash":"7eb84358cd3b40f8137b0882cbf604befa2c9d93","messageTitle":"implement a basic structure of writing into a text file","messageBody":"","fileTypesAndContributionMap":{"java":{"insertions":28,"deletions":1}}}]},{"date":"2022-08-25","commitResults":[{"hash":"a00a60c3537dd32de65c5bee161b2376e6958765","messageTitle":"Implements the basic structure of level-8","messageBody":"","fileTypesAndContributionMap":{"java":{"insertions":26,"deletions":2}}},{"hash":"a78057507a5e48764f791ffac654d9b249949b76","messageTitle":"implements the basic structure of level-8","messageBody":"","fileTypesAndContributionMap":{"java":{"insertions":25,"deletions":3}}}]},{"date":"2022-08-27","commitResults":[{"hash":"c7705b71fad4eddcea6c2de2c6f0dc708fe384bb","messageTitle":"add 4 classes","messageBody":"","fileTypesAndContributionMap":{"java":{"insertions":59,"deletions":2}}},{"hash":"aadac3b0b430b5c25ebd2fa1e127524f33792dfa","messageTitle":"Implements TaskList","messageBody":"","fileTypesAndContributionMap":{"java":{"insertions":104,"deletions":65}}},{"hash":"efc2490cbf59c8822696ba32db1276e113d17f5a","messageTitle":"implements Storage class","messageBody":"","fileTypesAndContributionMap":{"java":{"insertions":28,"deletions":27}}},{"hash":"4b59aca8c763183d1982cd85fe566d96acc14579","messageTitle":"Fix the bug of the path","messageBody":"","fileTypesAndContributionMap":{"java":{"insertions":6,"deletions":5}}},{"hash":"f4f093e5c694273f062d32f2c2e2f8723f25f63e","messageTitle":"Clears most of the Duke class to TaskList class","messageBody":"","tags":["A-MoreOOP"],"fileTypesAndContributionMap":{"java":{"insertions":58,"deletions":78}}}]},{"date":"2022-08-28","commitResults":[{"hash":"e148409188811fa7b68d2e246b394e50cdb930df","messageTitle":"Add packages","messageBody":"","tags":["A-Packages"],"fileTypesAndContributionMap":{"java":{"insertions":19,"deletions":12}}},{"hash":"759cf417b5237e77a27dae086cc270ca71ed045d","messageTitle":"Adds java-doc","messageBody":"","tags":["A-JavaDoc"],"fileTypesAndContributionMap":{"java":{"insertions":55,"deletions":30}}},{"hash":"871a91ce1ac5072644b9ed126f942dc6cba05393","messageTitle":"Level-9 find","messageBody":"","tags":["Level-9"],"fileTypesAndContributionMap":{"java":{"insertions":26,"deletions":3}}}]},{"date":"2022-08-30","commitResults":[{"hash":"7cb0a1f6d2d500e3312ef6e03bdbde5e9c72d594","messageTitle":"Updates the gradle file.","messageBody":"","tags":["v0.1","A-jar"],"fileTypesAndContributionMap":{"gradle":{"insertions":1,"deletions":1}}}]}]},"authorFileTypeContributionMap":{"Shawn532":{"java":406,"md":0,"fxml":0,"sh":1,"bat":0,"gradle":1,"txt":9}},"authorContributionVariance":{"Shawn532":10270.952},"authorDisplayNameMap":{"Shawn532":"CS2103T-T08-4 YANG..IANG"}}
