{"authorDailyContributionsMap":{"Shawn532":[{"date":"2022-08-18","commitResults":[{"hash":"fea313b1c906da17004f69c71ddaeb2d35aed930","messageTitle":"level-1","messageBody":"","fileTypesAndContributionMap":{"java":{"insertions":32,"deletions":1}}},{"hash":"fd47331074ff615c468b23c93ceb5c6f1271fb06","messageTitle":"level-1","messageBody":"","tags":["level-2"],"fileTypesAndContributionMap":{"java":{"insertions":16,"deletions":9}}},{"hash":"d0250867af10e4de2cf12dd6c5625f83d060984a","messageTitle":"level-2","messageBody":"","fileTypesAndContributionMap":{"java":{"insertions":22,"deletions":5}}},{"hash":"3c4d6168cf7a2802446067e861d4b2b22be89a22","messageTitle":"why no unmark???","messageBody":"","tags":["level-3"],"fileTypesAndContributionMap":{"java":{"insertions":67,"deletions":4}}}]},{"date":"2022-08-19","commitResults":[{"hash":"5e5665b4528fdf2db4e52e5ed5a8ab8956ef5d3a","messageTitle":"level-4","messageBody":"","tags":["level-6","level-5","level-4"],"fileTypesAndContributionMap":{"java":{"insertions":70,"deletions":9}}}]},{"date":"2022-08-20","commitResults":[{"hash":"63360eb59b89efefd9751a412cffa063ed1eef9c","messageTitle":"level-6","messageBody":"","tags":["level-7"],"fileTypesAndContributionMap":{"java":{"insertions":34,"deletions":4}}},{"hash":"30f7ac2af20a24079dde57eab48f3ee2edbf7cb5","messageTitle":"level-7","messageBody":"","fileTypesAndContributionMap":{"java":{"insertions":3,"deletions":3}}}]},{"date":"2022-08-21","commitResults":[{"hash":"fac967a78ccef15cae56a77073c9ab4066952649","messageTitle":"test","messageBody":"","tags":["A-TextUiTesting"],"fileTypesAndContributionMap":{"txt":{"insertions":9,"deletions":0},"java":{"insertions":6,"deletions":5},"sh":{"insertions":1,"deletions":1}}}]}]},"authorFileTypeContributionMap":{"Shawn532":{"java":211,"md":0,"fxml":0,"sh":1,"bat":0,"gradle":0,"txt":9}},"authorContributionVariance":{"Shawn532":2393.6902},"authorDisplayNameMap":{"Shawn532":"CS2103T-T08-4 YANG..IANG"}}
