{"authorDailyContributionsMap":{"charleslimjh":[{"date":"2022-08-18","commitResults":[{"hash":"3ebd0b5d1502a5059dc93accba6e51a90423b032","messageTitle":"implemented echo function","messageBody":"","tags":["Level-1"],"fileTypesAndContributionMap":{"java":{"insertions":29,"deletions":0}}}]},{"date":"2022-08-19","commitResults":[{"hash":"9b06639563355f62242e23e4ee18267c3605a269","messageTitle":"implemented add/list functions","messageBody":"","tags":["Level-2"],"fileTypesAndContributionMap":{"java":{"insertions":12,"deletions":3}}},{"hash":"a6e0f2f7922ffca9bbd7c4499aebd177dafa03cf","messageTitle":"implemented Task class","messageBody":"","fileTypesAndContributionMap":{"java":{"insertions":50,"deletions":0}}},{"hash":"b038cf5261e442bb3f6c0579975a7766700fa8ce","messageTitle":"added toString for Task","messageBody":"","fileTypesAndContributionMap":{"java":{"insertions":10,"deletions":0}}},{"hash":"018dab32f473fd3f2122e981181d43653f66c917","messageTitle":"integrated ToDo into Duke","messageBody":"","fileTypesAndContributionMap":{"java":{"insertions":3,"deletions":3}}},{"hash":"afbdc41eff9ee965444b25409045e7b73d1dc5bc","messageTitle":"modified toggleDone to setDone and setUndone","messageBody":"","fileTypesAndContributionMap":{"java":{"insertions":10,"deletions":3}}},{"hash":"e6111a587b76eb579460382a752511d7b0c060e6","messageTitle":"implemented mark/unmark functionality","messageBody":"","tags":["Level-3"],"fileTypesAndContributionMap":{"java":{"insertions":28,"deletions":0}}}]},{"date":"2022-08-20","commitResults":[{"hash":"5f973dc006c53908b93393fbc9281daaee968f5d","messageTitle":"Converted static methods to non-static","messageBody":"","fileTypesAndContributionMap":{"java":{"insertions":22,"deletions":15}}},{"hash":"f8fa9a00a3eeacf7925f1d13d87ed9c32962a9ab","messageTitle":"Implemented Todo class","messageBody":"","fileTypesAndContributionMap":{"java":{"insertions":16,"deletions":0}}},{"hash":"e4f2c8db9de967b0d24d47181ccbfd49edeaa7d3","messageTitle":"Extracted functions out of processInput","messageBody":"","fileTypesAndContributionMap":{"java":{"insertions":55,"deletions":14}}},{"hash":"f114813d25c2c4002c579be1fb8760c5a4b66403","messageTitle":"Reordered functions and improved javadocs","messageBody":"","fileTypesAndContributionMap":{"java":{"insertions":10,"deletions":7}}},{"hash":"92fde1eefe9cfacba41f1c2e5bf31323d339c89e","messageTitle":"Fix typo in javadocs","messageBody":"","fileTypesAndContributionMap":{"java":{"insertions":1,"deletions":1}}},{"hash":"280a46c6a00694655455e2cb7a2735aba65b75fd","messageTitle":"Implemented Event and Deadline classes","messageBody":"","fileTypesAndContributionMap":{"java":{"insertions":68,"deletions":0}}},{"hash":"d52f3ca05789bd9310027dbe43437b467a096efb","messageTitle":"fixed typo in toString","messageBody":"","fileTypesAndContributionMap":{"java":{"insertions":1,"deletions":1}}},{"hash":"cf49517152e6d0a837469cc26c5e8121ff987a6b","messageTitle":"Integrated event/ deadline/ to-do to Duke","messageBody":"","tags":["Level-4"],"fileTypesAndContributionMap":{"java":{"insertions":25,"deletions":16}}}]},{"date":"2022-08-23","commitResults":[{"hash":"32911664877ad544f2fb50497afe62fc80e44a5b","messageTitle":"bug fixes for adding tasks","messageBody":"","fileTypesAndContributionMap":{"java":{"insertions":47,"deletions":24}}},{"hash":"57c85641ca304d3c13e62559837afed8072dff6e","messageTitle":"simplified Duke\u0027s greeting","messageBody":"","fileTypesAndContributionMap":{"java":{"insertions":4,"deletions":9}}},{"hash":"03b48821915edb0e37192abd39511ce8e4338d31","messageTitle":"implemented automated text ui testing","messageBody":"","tags":["A-TextUiTesting"],"fileTypesAndContributionMap":{"txt":{"insertions":9,"deletions":0},"bat":{"insertions":1,"deletions":1},"sh":{"insertions":1,"deletions":5}}}]}]},"authorFileTypeContributionMap":{"charleslimjh":{"java":300,"md":0,"fxml":0,"sh":1,"bat":1,"gradle":0,"txt":9}},"authorContributionVariance":{"charleslimjh":5688.5},"authorDisplayNameMap":{"charleslimjh":"CS2103T-W11-1 CHAR.. HAO"}}
