{"authorDailyContributionsMap":{"charleslimjh":[{"date":"2022-08-18","commitResults":[{"hash":"3ebd0b5d1502a5059dc93accba6e51a90423b032","messageTitle":"implemented echo function","messageBody":"","tags":["Level-1"],"fileTypesAndContributionMap":{"java":{"insertions":29,"deletions":0}}}]},{"date":"2022-08-19","commitResults":[{"hash":"9b06639563355f62242e23e4ee18267c3605a269","messageTitle":"implemented add/list functions","messageBody":"","tags":["Level-2"],"fileTypesAndContributionMap":{"java":{"insertions":12,"deletions":3}}},{"hash":"a6e0f2f7922ffca9bbd7c4499aebd177dafa03cf","messageTitle":"implemented Task class","messageBody":"","fileTypesAndContributionMap":{"java":{"insertions":50,"deletions":0}}},{"hash":"b038cf5261e442bb3f6c0579975a7766700fa8ce","messageTitle":"added toString for Task","messageBody":"","fileTypesAndContributionMap":{"java":{"insertions":10,"deletions":0}}},{"hash":"018dab32f473fd3f2122e981181d43653f66c917","messageTitle":"integrated ToDo into Duke","messageBody":"","fileTypesAndContributionMap":{"java":{"insertions":3,"deletions":3}}},{"hash":"afbdc41eff9ee965444b25409045e7b73d1dc5bc","messageTitle":"modified toggleDone to setDone and setUndone","messageBody":"","fileTypesAndContributionMap":{"java":{"insertions":10,"deletions":3}}},{"hash":"e6111a587b76eb579460382a752511d7b0c060e6","messageTitle":"implemented mark/unmark functionality","messageBody":"","tags":["Level-3"],"fileTypesAndContributionMap":{"java":{"insertions":28,"deletions":0}}}]},{"date":"2022-08-20","commitResults":[{"hash":"5f973dc006c53908b93393fbc9281daaee968f5d","messageTitle":"Converted static methods to non-static","messageBody":"","fileTypesAndContributionMap":{"java":{"insertions":22,"deletions":15}}},{"hash":"f8fa9a00a3eeacf7925f1d13d87ed9c32962a9ab","messageTitle":"Implemented Todo class","messageBody":"","fileTypesAndContributionMap":{"java":{"insertions":16,"deletions":0}}},{"hash":"e4f2c8db9de967b0d24d47181ccbfd49edeaa7d3","messageTitle":"Extracted functions out of processInput","messageBody":"","fileTypesAndContributionMap":{"java":{"insertions":55,"deletions":14}}},{"hash":"f114813d25c2c4002c579be1fb8760c5a4b66403","messageTitle":"Reordered functions and improved javadocs","messageBody":"","fileTypesAndContributionMap":{"java":{"insertions":10,"deletions":7}}},{"hash":"92fde1eefe9cfacba41f1c2e5bf31323d339c89e","messageTitle":"Fix typo in javadocs","messageBody":"","fileTypesAndContributionMap":{"java":{"insertions":1,"deletions":1}}},{"hash":"280a46c6a00694655455e2cb7a2735aba65b75fd","messageTitle":"Implemented Event and Deadline classes","messageBody":"","fileTypesAndContributionMap":{"java":{"insertions":68,"deletions":0}}},{"hash":"d52f3ca05789bd9310027dbe43437b467a096efb","messageTitle":"fixed typo in toString","messageBody":"","fileTypesAndContributionMap":{"java":{"insertions":1,"deletions":1}}},{"hash":"cf49517152e6d0a837469cc26c5e8121ff987a6b","messageTitle":"Integrated event/ deadline/ to-do to Duke","messageBody":"","tags":["Level-4"],"fileTypesAndContributionMap":{"java":{"insertions":25,"deletions":16}}}]},{"date":"2022-08-23","commitResults":[{"hash":"32911664877ad544f2fb50497afe62fc80e44a5b","messageTitle":"bug fixes for adding tasks","messageBody":"","fileTypesAndContributionMap":{"java":{"insertions":47,"deletions":24}}},{"hash":"57c85641ca304d3c13e62559837afed8072dff6e","messageTitle":"simplified Duke\u0027s greeting","messageBody":"","fileTypesAndContributionMap":{"java":{"insertions":4,"deletions":9}}},{"hash":"03b48821915edb0e37192abd39511ce8e4338d31","messageTitle":"implemented automated text ui testing","messageBody":"","tags":["A-TextUiTesting"],"fileTypesAndContributionMap":{"txt":{"insertions":9,"deletions":0},"bat":{"insertions":1,"deletions":1},"sh":{"insertions":1,"deletions":5}}}]},{"date":"2022-08-24","commitResults":[{"hash":"0b9c270db00d1c408480205ab23fe2b4428f3453","messageTitle":"add DukeException class","messageBody":"","fileTypesAndContributionMap":{"java":{"insertions":8,"deletions":0}}},{"hash":"3fed006b1719ae69158e60dcc91f326476ddf149","messageTitle":"handle invalid command and missing task description errors","messageBody":"","tags":["Level-5"],"fileTypesAndContributionMap":{"java":{"insertions":63,"deletions":48}}},{"hash":"e0ff9f5d95430ebcaf1f562f7c23516da9cb2970","messageTitle":"create directory and file","messageBody":"","tags":["Level-6"],"fileTypesAndContributionMap":{"java":{"insertions":24,"deletions":0}}},{"hash":"e384c83d8f90d761c1f147a4c7f09b818a8b67e0","messageTitle":"implement toStringWritable for Task classes","messageBody":"","fileTypesAndContributionMap":{"java":{"insertions":24,"deletions":0}}},{"hash":"3baf71861bb296a4a8d6e2bfd468b31333e64b7a","messageTitle":"save tasks after each command","messageBody":"","fileTypesAndContributionMap":{"java":{"insertions":19,"deletions":0}}},{"hash":"a9666ce58ccba2d03a1accf8f1702c275199b7ce","messageTitle":"overload Task constructors to read from file","messageBody":"","fileTypesAndContributionMap":{"java":{"insertions":24,"deletions":0}}},{"hash":"76edf76300522eaaa8080d7fafe326e0b2eabd03","messageTitle":"read from file","messageBody":"","tags":["Level-7"],"fileTypesAndContributionMap":{"java":{"insertions":28,"deletions":1}}},{"hash":"3ca88aadeaddb9d58d0af1f051867e33ea5c32fa","messageTitle":"integrate LocalDateTime into event and deadline","messageBody":"","fileTypesAndContributionMap":{"java":{"insertions":16,"deletions":10}}},{"hash":"af1f1324307eda74c1fe7d0f4b8a879615334f64","messageTitle":"exception handling in duke","messageBody":"","tags":["Level-8"],"fileTypesAndContributionMap":{"java":{"insertions":21,"deletions":10}}}]},{"date":"2022-08-27","commitResults":[{"hash":"f29bb8702e9844e8b21430b18d74b56ad831ef98","messageTitle":"load dates from file","messageBody":"","fileTypesAndContributionMap":{"java":{"insertions":6,"deletions":6}}}]},{"date":"2022-08-31","commitResults":[{"hash":"46a78be8690727a3293f968bac5ca24b72ed3a94","messageTitle":"implementing more OOP in Duke","messageBody":"","fileTypesAndContributionMap":{"java":{"insertions":31,"deletions":217}}},{"hash":"f3b36e7e3a8b13efc05bbb9e653b3a20c4605ef1","messageTitle":"implement Ui class","messageBody":"","fileTypesAndContributionMap":{"java":{"insertions":54,"deletions":0}}},{"hash":"dee42f089eaf750f1039558417073c8f70bba34f","messageTitle":"implement Storage class","messageBody":"","fileTypesAndContributionMap":{"java":{"insertions":59,"deletions":0}}},{"hash":"588dce69436a1ac35ef349e0a45c706323314cac","messageTitle":"implement abstract Command class","messageBody":"","fileTypesAndContributionMap":{"java":{"insertions":4,"deletions":0}}},{"hash":"8f990326c6198357124c4db89cb38d720d365e8e","messageTitle":"implement TaskList class","messageBody":"","fileTypesAndContributionMap":{"java":{"insertions":116,"deletions":0}}},{"hash":"169b140997fff02a0ebfbdb5ff11073e0e55680e","messageTitle":"implement bye and list commands","messageBody":"","fileTypesAndContributionMap":{"java":{"insertions":20,"deletions":0}}}]},{"date":"2022-09-01","commitResults":[{"hash":"9bb925e38eb96a2279ff32f393fd8c03b6b4b849","messageTitle":"fix typo in addDeadline","messageBody":"","fileTypesAndContributionMap":{"java":{"insertions":1,"deletions":1}}},{"hash":"ab2003e4498674c4689f15f8a154b38f3366b7d1","messageTitle":"implement Todo/Event/Deadline Commands","messageBody":"","fileTypesAndContributionMap":{"java":{"insertions":70,"deletions":0}}},{"hash":"9a3b1a1e8ccae6bc6b848cb0d0748b4d5877170d","messageTitle":"remove unused import statements","messageBody":"","fileTypesAndContributionMap":{"java":{"insertions":0,"deletions":11}}},{"hash":"b6f19aea1f99d0f245da32d3ea050c26f582eb21","messageTitle":"overload constructors for event/deadline","messageBody":"","fileTypesAndContributionMap":{"java":{"insertions":13,"deletions":9}}},{"hash":"91095fa9ec10270f6b56586961b95a30e4ea1516","messageTitle":"remove print statements in TaskList","messageBody":"","fileTypesAndContributionMap":{"java":{"insertions":2,"deletions":17}}},{"hash":"491115336c9487d032a01b52454e2dd436f26580","messageTitle":"remove extra print statement in Ui","messageBody":"","fileTypesAndContributionMap":{"java":{"insertions":0,"deletions":1}}},{"hash":"b35cd2bacc91ec67feede92d2404ad55f5430e0e","messageTitle":"implement mark/unmark commands","messageBody":"","fileTypesAndContributionMap":{"java":{"insertions":46,"deletions":0}}},{"hash":"dbab20b91330b0f76371b68b68a28c0628e1bc88","messageTitle":"implement Parser","messageBody":"","fileTypesAndContributionMap":{"java":{"insertions":93,"deletions":0}}},{"hash":"56aab7a25deb88e611c23a0863f35eda4f13938a","messageTitle":"implement delete Command","messageBody":"","fileTypesAndContributionMap":{"java":{"insertions":32,"deletions":3}}},{"hash":"084ca2ab4809941dd88223e47aefd339cddfe37a","messageTitle":"write changes to file in mark/unmark/delete commands","messageBody":"","fileTypesAndContributionMap":{"java":{"insertions":3,"deletions":0}}},{"hash":"53ed79cba1ef30596e239a4ed03f715ee2fa907c","messageTitle":"print tab before tasks in delete/mark/unmark commands","messageBody":"","tags":["A-MoreOOP"],"fileTypesAndContributionMap":{"java":{"insertions":3,"deletions":3}}}]},{"date":"2022-09-02","commitResults":[{"hash":"e8dc53655807988a6655d2dfc804facfb0e83d05","messageTitle":"organize into packages","messageBody":"","tags":["A-Packages"],"fileTypesAndContributionMap":{"java":{"insertions":116,"deletions":10}}},{"hash":"c5d5f5a3cf7e889697bd600e3b337b6376a183a9","messageTitle":"fix typo in index out of bounds exception","messageBody":"","fileTypesAndContributionMap":{"java":{"insertions":3,"deletions":3}}},{"hash":"2761c9b7e8df98201f17f11930e24eedf5951940","messageTitle":"configure gradle to build and run","messageBody":"","tags":["A-Gradle"],"fileTypesAndContributionMap":{"gradle":{"insertions":1,"deletions":1}}},{"hash":"7a65e4359d3bb1e86510d00e39413280c49bca55","messageTitle":"create JUnit test for TaskList","messageBody":"","tags":["A-JUnit"],"fileTypesAndContributionMap":{"java":{"insertions":47,"deletions":0}}},{"hash":"8cbdd73dd009fddce0edd0fc96531a96b642be53","messageTitle":"configure build.gradle to create JAR files","messageBody":"","tags":["A-Jar"],"fileTypesAndContributionMap":{"gradle":{"insertions":15,"deletions":0}}}]},{"date":"2022-09-06","commitResults":[{"hash":"25dfe2508a7d18ca0a3ab770646f183fc2ebb175","messageTitle":"add javadocs to main duke classes","messageBody":"","fileTypesAndContributionMap":{"java":{"insertions":42,"deletions":4}}},{"hash":"7ae27bcef5217d6a35ffa325923fd47f1e9c5798","messageTitle":"add javadocs to command classes","messageBody":"","fileTypesAndContributionMap":{"java":{"insertions":120,"deletions":2}}},{"hash":"0263f0c01e026bf0d52a68509be21139fedd6017","messageTitle":"add javadocs to task classes","messageBody":"","fileTypesAndContributionMap":{"java":{"insertions":32,"deletions":7}}},{"hash":"a2a54086de33fc320a4220246f951ef103a8d6c7","messageTitle":"add javadocs to DukeException class","messageBody":"","tags":["A-JavaDoc","A-CodingStandard"],"fileTypesAndContributionMap":{"java":{"insertions":4,"deletions":0}}},{"hash":"aa4afc86af516321364c27ef9b4dab120cbca588","messageTitle":"implement find functionality","messageBody":"","fileTypesAndContributionMap":{"java":{"insertions":64,"deletions":0}}}]}]},"authorFileTypeContributionMap":{"charleslimjh":{"java":1149,"md":0,"fxml":0,"sh":1,"bat":1,"gradle":16,"txt":9}},"authorContributionVariance":{"charleslimjh":18029.633},"authorDisplayNameMap":{"charleslimjh":"CS2103T-W11-1 CHAR.. HAO"}}
