[{"path":"src/main/java/Command.java","fileType":"java","lines":[{"lineNumber":1,"author":{"gitId":"sikai00"},"content":"import java.util.Map;","lastModifiedDate":"2022-08-18"},{"lineNumber":2,"author":{"gitId":"sikai00"},"content":"import java.util.HashMap;","lastModifiedDate":"2022-08-18"},{"lineNumber":3,"author":{"gitId":"sikai00"},"content":"","lastModifiedDate":"2022-08-18"},{"lineNumber":4,"author":{"gitId":"sikai00"},"content":"public enum Command {","lastModifiedDate":"2022-08-18"},{"lineNumber":5,"author":{"gitId":"sikai00"},"content":"    BYE, LIST, MARK, UNMARK, DELETE, TODO, EVENT, DEADLINE, INVALID;","lastModifiedDate":"2022-08-18"},{"lineNumber":6,"author":{"gitId":"sikai00"},"content":"","lastModifiedDate":"2022-08-18"},{"lineNumber":7,"author":{"gitId":"sikai00"},"content":"    private static final Map\u003cString, Command\u003e NAME_MAP \u003d new HashMap\u003c\u003e();","lastModifiedDate":"2022-08-18"},{"lineNumber":8,"author":{"gitId":"sikai00"},"content":"    static {","lastModifiedDate":"2022-08-18"},{"lineNumber":9,"author":{"gitId":"sikai00"},"content":"        for (Command cmd : Command.values()) {","lastModifiedDate":"2022-08-18"},{"lineNumber":10,"author":{"gitId":"sikai00"},"content":"            NAME_MAP.put(cmd.name(), cmd);","lastModifiedDate":"2022-08-18"},{"lineNumber":11,"author":{"gitId":"sikai00"},"content":"        }","lastModifiedDate":"2022-08-18"},{"lineNumber":12,"author":{"gitId":"sikai00"},"content":"    }","lastModifiedDate":"2022-08-18"},{"lineNumber":13,"author":{"gitId":"sikai00"},"content":"","lastModifiedDate":"2022-08-18"},{"lineNumber":14,"author":{"gitId":"sikai00"},"content":"    /**","lastModifiedDate":"2022-08-18"},{"lineNumber":15,"author":{"gitId":"sikai00"},"content":"     * Returns the Command corresponding to the input. This is case-insensitive.","lastModifiedDate":"2022-08-18"},{"lineNumber":16,"author":{"gitId":"sikai00"},"content":"     * If the input is unknown, an INVALID command will be returned.","lastModifiedDate":"2022-08-18"},{"lineNumber":17,"author":{"gitId":"sikai00"},"content":"     * ","lastModifiedDate":"2022-08-18"},{"lineNumber":18,"author":{"gitId":"sikai00"},"content":"     * @param cmd User command.","lastModifiedDate":"2022-08-18"},{"lineNumber":19,"author":{"gitId":"sikai00"},"content":"     * @return Command corresponding to the input.","lastModifiedDate":"2022-08-18"},{"lineNumber":20,"author":{"gitId":"sikai00"},"content":"     */","lastModifiedDate":"2022-08-18"},{"lineNumber":21,"author":{"gitId":"sikai00"},"content":"    public static Command getIfPresent(String cmd) {","lastModifiedDate":"2022-08-18"},{"lineNumber":22,"author":{"gitId":"sikai00"},"content":"        String formattedString \u003d cmd.trim().toUpperCase();","lastModifiedDate":"2022-08-18"},{"lineNumber":23,"author":{"gitId":"sikai00"},"content":"        return NAME_MAP.getOrDefault(formattedString, Command.INVALID);","lastModifiedDate":"2022-08-18"},{"lineNumber":24,"author":{"gitId":"sikai00"},"content":"    }","lastModifiedDate":"2022-08-18"},{"lineNumber":25,"author":{"gitId":"sikai00"},"content":"}","lastModifiedDate":"2022-08-18"}],"authorContributionMap":{"sikai00":25}},{"path":"src/main/java/Deadline.java","fileType":"java","lines":[{"lineNumber":1,"author":{"gitId":"sikai00"},"content":"public class Deadline extends Task {","lastModifiedDate":"2022-08-17"},{"lineNumber":2,"author":{"gitId":"sikai00"},"content":"    private String by;","lastModifiedDate":"2022-08-17"},{"lineNumber":3,"author":{"gitId":"sikai00"},"content":"","lastModifiedDate":"2022-08-17"},{"lineNumber":4,"author":{"gitId":"sikai00"},"content":"    public Deadline(String description, boolean done, String by) {","lastModifiedDate":"2022-08-17"},{"lineNumber":5,"author":{"gitId":"sikai00"},"content":"        super(description, done);","lastModifiedDate":"2022-08-17"},{"lineNumber":6,"author":{"gitId":"sikai00"},"content":"        this.by \u003d by;","lastModifiedDate":"2022-08-17"},{"lineNumber":7,"author":{"gitId":"sikai00"},"content":"    }","lastModifiedDate":"2022-08-17"},{"lineNumber":8,"author":{"gitId":"sikai00"},"content":"","lastModifiedDate":"2022-08-17"},{"lineNumber":9,"author":{"gitId":"sikai00"},"content":"    @Override","lastModifiedDate":"2022-08-17"},{"lineNumber":10,"author":{"gitId":"sikai00"},"content":"    public String toString() {","lastModifiedDate":"2022-08-17"},{"lineNumber":11,"author":{"gitId":"sikai00"},"content":"        String checkbox \u003d this.getDone() ? \"[D][X]\" : \"[D][ ]\";","lastModifiedDate":"2022-08-17"},{"lineNumber":12,"author":{"gitId":"sikai00"},"content":"        String dateFormatted \u003d \"(by: \" + by + \")\";","lastModifiedDate":"2022-08-17"},{"lineNumber":13,"author":{"gitId":"sikai00"},"content":"        return checkbox + \" \" + super.getDescription() + \" \" + dateFormatted;","lastModifiedDate":"2022-08-17"},{"lineNumber":14,"author":{"gitId":"sikai00"},"content":"    }","lastModifiedDate":"2022-08-17"},{"lineNumber":15,"author":{"gitId":"sikai00"},"content":"}","lastModifiedDate":"2022-08-17"}],"authorContributionMap":{"sikai00":15}},{"path":"src/main/java/Duke.java","fileType":"java","lines":[{"lineNumber":1,"author":{"gitId":"sikai00"},"content":"import java.util.Scanner;","lastModifiedDate":"2022-08-16"},{"lineNumber":2,"author":{"gitId":"sikai00"},"content":"","lastModifiedDate":"2022-08-16"},{"lineNumber":3,"author":{"gitId":"-"},"content":"public class Duke {","lastModifiedDate":"2019-07-29"},{"lineNumber":4,"author":{"gitId":"sikai00"},"content":"    private TaskList taskList;","lastModifiedDate":"2022-08-16"},{"lineNumber":5,"author":{"gitId":"sikai00"},"content":"","lastModifiedDate":"2022-08-16"},{"lineNumber":6,"author":{"gitId":"sikai00"},"content":"    public Duke() {","lastModifiedDate":"2022-08-16"},{"lineNumber":7,"author":{"gitId":"sikai00"},"content":"        this.taskList \u003d new TaskList();","lastModifiedDate":"2022-08-16"},{"lineNumber":8,"author":{"gitId":"sikai00"},"content":"    }","lastModifiedDate":"2022-08-16"},{"lineNumber":9,"author":{"gitId":"sikai00"},"content":"","lastModifiedDate":"2022-08-16"},{"lineNumber":10,"author":{"gitId":"sikai00"},"content":"    /**","lastModifiedDate":"2022-08-18"},{"lineNumber":11,"author":{"gitId":"sikai00"},"content":"     * Print Duke\u0027s greeting message.","lastModifiedDate":"2022-08-18"},{"lineNumber":12,"author":{"gitId":"sikai00"},"content":"     */","lastModifiedDate":"2022-08-18"},{"lineNumber":13,"author":{"gitId":"sikai00"},"content":"    public void sayGreetings() {","lastModifiedDate":"2022-08-18"},{"lineNumber":14,"author":{"gitId":"sikai00"},"content":"        String greetingMsg \u003d \"Hello! I\u0027m Duke \\nWhat can I do for you?\";","lastModifiedDate":"2022-08-18"},{"lineNumber":15,"author":{"gitId":"sikai00"},"content":"        prettyPrint(greetingMsg);","lastModifiedDate":"2022-08-18"},{"lineNumber":16,"author":{"gitId":"sikai00"},"content":"    }","lastModifiedDate":"2022-08-18"},{"lineNumber":17,"author":{"gitId":"sikai00"},"content":"","lastModifiedDate":"2022-08-18"},{"lineNumber":18,"author":{"gitId":"sikai00"},"content":"    /**","lastModifiedDate":"2022-08-18"},{"lineNumber":19,"author":{"gitId":"sikai00"},"content":"     * Print Duke\u0027s good bye message.","lastModifiedDate":"2022-08-18"},{"lineNumber":20,"author":{"gitId":"sikai00"},"content":"     */","lastModifiedDate":"2022-08-18"},{"lineNumber":21,"author":{"gitId":"sikai00"},"content":"    public void sayGoodBye() {","lastModifiedDate":"2022-08-18"},{"lineNumber":22,"author":{"gitId":"sikai00"},"content":"        String goodByeMsg \u003d \"Bye. Hope to see you again soon!\";","lastModifiedDate":"2022-08-18"},{"lineNumber":23,"author":{"gitId":"sikai00"},"content":"        prettyPrint(goodByeMsg);","lastModifiedDate":"2022-08-18"},{"lineNumber":24,"author":{"gitId":"sikai00"},"content":"    }","lastModifiedDate":"2022-08-18"},{"lineNumber":25,"author":{"gitId":"sikai00"},"content":"","lastModifiedDate":"2022-08-18"},{"lineNumber":26,"author":{"gitId":"sikai00"},"content":"    /**","lastModifiedDate":"2022-08-16"},{"lineNumber":27,"author":{"gitId":"sikai00"},"content":"     * Adds a new task to the task list and prints a confirmation message.","lastModifiedDate":"2022-08-17"},{"lineNumber":28,"author":{"gitId":"sikai00"},"content":"     * ","lastModifiedDate":"2022-08-16"},{"lineNumber":29,"author":{"gitId":"sikai00"},"content":"     * @param task Task to be added.","lastModifiedDate":"2022-08-17"},{"lineNumber":30,"author":{"gitId":"sikai00"},"content":"     */","lastModifiedDate":"2022-08-16"},{"lineNumber":31,"author":{"gitId":"sikai00"},"content":"    public void addTask(Task task) {","lastModifiedDate":"2022-08-17"},{"lineNumber":32,"author":{"gitId":"sikai00"},"content":"        this.taskList.addTask(task);","lastModifiedDate":"2022-08-17"},{"lineNumber":33,"author":{"gitId":"sikai00"},"content":"        int size \u003d this.taskList.size();","lastModifiedDate":"2022-08-17"},{"lineNumber":34,"author":{"gitId":"sikai00"},"content":"        String taskString \u003d size \u003e 1 ? \"tasks\" : \"task\";","lastModifiedDate":"2022-08-17"},{"lineNumber":35,"author":{"gitId":"sikai00"},"content":"        String msgBegin \u003d \"Got it. I\u0027ve added this task:\\n\";","lastModifiedDate":"2022-08-17"},{"lineNumber":36,"author":{"gitId":"sikai00"},"content":"        String msgEnd \u003d \"\\nNow you have \" + size + \" \" + taskString","lastModifiedDate":"2022-08-18"},{"lineNumber":37,"author":{"gitId":"sikai00"},"content":"                + \" in this list.\";","lastModifiedDate":"2022-08-18"},{"lineNumber":38,"author":{"gitId":"sikai00"},"content":"        String msg \u003d msgBegin + \"  \" + task + msgEnd;","lastModifiedDate":"2022-08-17"},{"lineNumber":39,"author":{"gitId":"sikai00"},"content":"        prettyPrint(msg);","lastModifiedDate":"2022-08-16"},{"lineNumber":40,"author":{"gitId":"sikai00"},"content":"    }","lastModifiedDate":"2022-08-16"},{"lineNumber":41,"author":{"gitId":"sikai00"},"content":"","lastModifiedDate":"2022-08-16"},{"lineNumber":42,"author":{"gitId":"sikai00"},"content":"    /**","lastModifiedDate":"2022-08-17"},{"lineNumber":43,"author":{"gitId":"sikai00"},"content":"     * Delete a task and prints a confirmation message.","lastModifiedDate":"2022-08-17"},{"lineNumber":44,"author":{"gitId":"sikai00"},"content":"     * ","lastModifiedDate":"2022-08-17"},{"lineNumber":45,"author":{"gitId":"sikai00"},"content":"     * @param index Index of the task as printed by viewAllTask.","lastModifiedDate":"2022-08-17"},{"lineNumber":46,"author":{"gitId":"sikai00"},"content":"     */","lastModifiedDate":"2022-08-17"},{"lineNumber":47,"author":{"gitId":"sikai00"},"content":"    public void deleteTask(int index) throws DukeException {","lastModifiedDate":"2022-08-18"},{"lineNumber":48,"author":{"gitId":"sikai00"},"content":"        if (index \u003e this.taskList.size() - 1 || index \u003c 0) {","lastModifiedDate":"2022-08-18"},{"lineNumber":49,"author":{"gitId":"sikai00"},"content":"            throw new DukeException(","lastModifiedDate":"2022-08-18"},{"lineNumber":50,"author":{"gitId":"sikai00"},"content":"                    \"Oh no! There doesn\u0027t seem to be a task with this\"","lastModifiedDate":"2022-08-18"},{"lineNumber":51,"author":{"gitId":"sikai00"},"content":"                            + \" index.\");","lastModifiedDate":"2022-08-18"},{"lineNumber":52,"author":{"gitId":"sikai00"},"content":"        }","lastModifiedDate":"2022-08-18"},{"lineNumber":53,"author":{"gitId":"sikai00"},"content":"        String task \u003d this.taskList.getTaskToString(index);","lastModifiedDate":"2022-08-17"},{"lineNumber":54,"author":{"gitId":"sikai00"},"content":"        this.taskList.deleteTask(index);","lastModifiedDate":"2022-08-17"},{"lineNumber":55,"author":{"gitId":"sikai00"},"content":"        int size \u003d this.taskList.size();","lastModifiedDate":"2022-08-17"},{"lineNumber":56,"author":{"gitId":"sikai00"},"content":"        String taskString \u003d size \u003e 1 ? \"tasks\" : \"task\";","lastModifiedDate":"2022-08-17"},{"lineNumber":57,"author":{"gitId":"sikai00"},"content":"        String msgBegin \u003d \"Noted. I\u0027ve removed this task:\\n\";","lastModifiedDate":"2022-08-17"},{"lineNumber":58,"author":{"gitId":"sikai00"},"content":"        String msgEnd \u003d \"\\nNow you have \" + size + \" \" + taskString","lastModifiedDate":"2022-08-18"},{"lineNumber":59,"author":{"gitId":"sikai00"},"content":"                + \" in this list.\";","lastModifiedDate":"2022-08-18"},{"lineNumber":60,"author":{"gitId":"sikai00"},"content":"        String msg \u003d msgBegin + \" \" + task + msgEnd;","lastModifiedDate":"2022-08-17"},{"lineNumber":61,"author":{"gitId":"sikai00"},"content":"        prettyPrint(msg);","lastModifiedDate":"2022-08-17"},{"lineNumber":62,"author":{"gitId":"sikai00"},"content":"    }","lastModifiedDate":"2022-08-17"},{"lineNumber":63,"author":{"gitId":"sikai00"},"content":"","lastModifiedDate":"2022-08-17"},{"lineNumber":64,"author":{"gitId":"sikai00"},"content":"    /**","lastModifiedDate":"2022-08-16"},{"lineNumber":65,"author":{"gitId":"sikai00"},"content":"     * Mark the task with the input index as done and prints a confirmation","lastModifiedDate":"2022-08-16"},{"lineNumber":66,"author":{"gitId":"sikai00"},"content":"     * message.","lastModifiedDate":"2022-08-16"},{"lineNumber":67,"author":{"gitId":"sikai00"},"content":"     * ","lastModifiedDate":"2022-08-16"},{"lineNumber":68,"author":{"gitId":"sikai00"},"content":"     * @param index Index of the task as printed by viewAllTask.","lastModifiedDate":"2022-08-16"},{"lineNumber":69,"author":{"gitId":"sikai00"},"content":"     */","lastModifiedDate":"2022-08-16"},{"lineNumber":70,"author":{"gitId":"sikai00"},"content":"    public void markTask(int index) throws DukeException {","lastModifiedDate":"2022-08-18"},{"lineNumber":71,"author":{"gitId":"sikai00"},"content":"        if (index \u003e this.taskList.size() - 1 || index \u003c 0) {","lastModifiedDate":"2022-08-18"},{"lineNumber":72,"author":{"gitId":"sikai00"},"content":"            throw new DukeException(","lastModifiedDate":"2022-08-18"},{"lineNumber":73,"author":{"gitId":"sikai00"},"content":"                    \"Oh no! There doesn\u0027t seem to be a task with this\"","lastModifiedDate":"2022-08-18"},{"lineNumber":74,"author":{"gitId":"sikai00"},"content":"                            + \" index.\");","lastModifiedDate":"2022-08-18"},{"lineNumber":75,"author":{"gitId":"sikai00"},"content":"        }","lastModifiedDate":"2022-08-18"},{"lineNumber":76,"author":{"gitId":"sikai00"},"content":"        this.taskList.markTask(index);","lastModifiedDate":"2022-08-16"},{"lineNumber":77,"author":{"gitId":"sikai00"},"content":"        String msgBegin \u003d \"Nice! I\u0027ve marked this task as done: \\n \";","lastModifiedDate":"2022-08-17"},{"lineNumber":78,"author":{"gitId":"sikai00"},"content":"        String msg \u003d msgBegin + this.taskList.getTaskToString(index).toString();","lastModifiedDate":"2022-08-17"},{"lineNumber":79,"author":{"gitId":"sikai00"},"content":"        prettyPrint(msg);","lastModifiedDate":"2022-08-16"},{"lineNumber":80,"author":{"gitId":"sikai00"},"content":"    }","lastModifiedDate":"2022-08-16"},{"lineNumber":81,"author":{"gitId":"sikai00"},"content":"","lastModifiedDate":"2022-08-16"},{"lineNumber":82,"author":{"gitId":"sikai00"},"content":"    /**","lastModifiedDate":"2022-08-16"},{"lineNumber":83,"author":{"gitId":"sikai00"},"content":"     * Mark the task with the input index as not done and prints a confirmation","lastModifiedDate":"2022-08-16"},{"lineNumber":84,"author":{"gitId":"sikai00"},"content":"     * message.","lastModifiedDate":"2022-08-16"},{"lineNumber":85,"author":{"gitId":"sikai00"},"content":"     * ","lastModifiedDate":"2022-08-16"},{"lineNumber":86,"author":{"gitId":"sikai00"},"content":"     * @param index Index of the task as printed by viewAllTask.","lastModifiedDate":"2022-08-16"},{"lineNumber":87,"author":{"gitId":"sikai00"},"content":"     */","lastModifiedDate":"2022-08-16"},{"lineNumber":88,"author":{"gitId":"sikai00"},"content":"    public void unmarkTask(int index) throws DukeException {","lastModifiedDate":"2022-08-18"},{"lineNumber":89,"author":{"gitId":"sikai00"},"content":"        if (index \u003e this.taskList.size() - 1 || index \u003c 0) {","lastModifiedDate":"2022-08-18"},{"lineNumber":90,"author":{"gitId":"sikai00"},"content":"            throw new DukeException(","lastModifiedDate":"2022-08-18"},{"lineNumber":91,"author":{"gitId":"sikai00"},"content":"                    \"Oh no! There doesn\u0027t seem to be a task with this \"","lastModifiedDate":"2022-08-18"},{"lineNumber":92,"author":{"gitId":"sikai00"},"content":"                            + \"index.\");","lastModifiedDate":"2022-08-18"},{"lineNumber":93,"author":{"gitId":"sikai00"},"content":"        }","lastModifiedDate":"2022-08-18"},{"lineNumber":94,"author":{"gitId":"sikai00"},"content":"        this.taskList.unmarkTask(index);","lastModifiedDate":"2022-08-16"},{"lineNumber":95,"author":{"gitId":"sikai00"},"content":"        String msgBegin \u003d \"OK, I\u0027ve marked this task as not done yet: \\n \";","lastModifiedDate":"2022-08-17"},{"lineNumber":96,"author":{"gitId":"sikai00"},"content":"        String msg \u003d msgBegin + this.taskList.getTaskToString(index).toString();","lastModifiedDate":"2022-08-17"},{"lineNumber":97,"author":{"gitId":"sikai00"},"content":"        prettyPrint(msg);","lastModifiedDate":"2022-08-16"},{"lineNumber":98,"author":{"gitId":"sikai00"},"content":"    }","lastModifiedDate":"2022-08-16"},{"lineNumber":99,"author":{"gitId":"sikai00"},"content":"","lastModifiedDate":"2022-08-16"},{"lineNumber":100,"author":{"gitId":"sikai00"},"content":"    /**","lastModifiedDate":"2022-08-16"},{"lineNumber":101,"author":{"gitId":"sikai00"},"content":"     * Prints an overview of all added tasks and their status.","lastModifiedDate":"2022-08-16"},{"lineNumber":102,"author":{"gitId":"sikai00"},"content":"     */","lastModifiedDate":"2022-08-16"},{"lineNumber":103,"author":{"gitId":"sikai00"},"content":"    public void viewAllTask() {","lastModifiedDate":"2022-08-16"},{"lineNumber":104,"author":{"gitId":"sikai00"},"content":"        if (this.taskList.size() \u003c\u003d 0) {","lastModifiedDate":"2022-08-18"},{"lineNumber":105,"author":{"gitId":"sikai00"},"content":"            String msg \u003d \"You currently have no task in your list! Great \"","lastModifiedDate":"2022-08-18"},{"lineNumber":106,"author":{"gitId":"sikai00"},"content":"                    + \"job for completing all your tasks :-)\";","lastModifiedDate":"2022-08-18"},{"lineNumber":107,"author":{"gitId":"sikai00"},"content":"            prettyPrint(msg);","lastModifiedDate":"2022-08-18"},{"lineNumber":108,"author":{"gitId":"sikai00"},"content":"        } else {","lastModifiedDate":"2022-08-18"},{"lineNumber":109,"author":{"gitId":"sikai00"},"content":"            String msgBegin \u003d \"Here are the tasks in your list:\\n\";","lastModifiedDate":"2022-08-17"},{"lineNumber":110,"author":{"gitId":"sikai00"},"content":"            String msg \u003d msgBegin + this.taskList.toString();","lastModifiedDate":"2022-08-17"},{"lineNumber":111,"author":{"gitId":"sikai00"},"content":"            prettyPrint(msg);","lastModifiedDate":"2022-08-17"},{"lineNumber":112,"author":{"gitId":"sikai00"},"content":"        }","lastModifiedDate":"2022-08-16"},{"lineNumber":113,"author":{"gitId":"sikai00"},"content":"    }","lastModifiedDate":"2022-08-18"},{"lineNumber":114,"author":{"gitId":"sikai00"},"content":"","lastModifiedDate":"2022-08-16"},{"lineNumber":115,"author":{"gitId":"sikai00"},"content":"    /**","lastModifiedDate":"2022-08-16"},{"lineNumber":116,"author":{"gitId":"sikai00"},"content":"     * Prints the given message with appropriate indentations and horizontal","lastModifiedDate":"2022-08-16"},{"lineNumber":117,"author":{"gitId":"sikai00"},"content":"     * lines.","lastModifiedDate":"2022-08-16"},{"lineNumber":118,"author":{"gitId":"sikai00"},"content":"     * ","lastModifiedDate":"2022-08-16"},{"lineNumber":119,"author":{"gitId":"sikai00"},"content":"     * @param msg Message to be printed.","lastModifiedDate":"2022-08-16"},{"lineNumber":120,"author":{"gitId":"sikai00"},"content":"     */","lastModifiedDate":"2022-08-16"},{"lineNumber":121,"author":{"gitId":"sikai00"},"content":"    private static void prettyPrint(String msg) {","lastModifiedDate":"2022-08-16"},{"lineNumber":122,"author":{"gitId":"sikai00"},"content":"        // Horizontal lines have 4 spaces as indentation","lastModifiedDate":"2022-08-16"},{"lineNumber":123,"author":{"gitId":"sikai00"},"content":"        System.out.println(","lastModifiedDate":"2022-08-16"},{"lineNumber":124,"author":{"gitId":"sikai00"},"content":"                \"    _____________________________________________________\"","lastModifiedDate":"2022-08-18"},{"lineNumber":125,"author":{"gitId":"sikai00"},"content":"                        + \"_______\");","lastModifiedDate":"2022-08-18"},{"lineNumber":126,"author":{"gitId":"sikai00"},"content":"        String[] msgTokens \u003d msg.split(\"\\n\");","lastModifiedDate":"2022-08-16"},{"lineNumber":127,"author":{"gitId":"sikai00"},"content":"        for (String token : msgTokens) {","lastModifiedDate":"2022-08-16"},{"lineNumber":128,"author":{"gitId":"sikai00"},"content":"            // Message has 5 spaces as indentation","lastModifiedDate":"2022-08-16"},{"lineNumber":129,"author":{"gitId":"sikai00"},"content":"            System.out.println(\"     \" + token);","lastModifiedDate":"2022-08-16"},{"lineNumber":130,"author":{"gitId":"sikai00"},"content":"        }","lastModifiedDate":"2022-08-16"},{"lineNumber":131,"author":{"gitId":"sikai00"},"content":"        System.out.println(","lastModifiedDate":"2022-08-16"},{"lineNumber":132,"author":{"gitId":"sikai00"},"content":"                \"    _____________________________________________________\"","lastModifiedDate":"2022-08-18"},{"lineNumber":133,"author":{"gitId":"sikai00"},"content":"                        + \"_______\\n\");","lastModifiedDate":"2022-08-18"},{"lineNumber":134,"author":{"gitId":"-"},"content":"    }","lastModifiedDate":"2019-07-29"},{"lineNumber":135,"author":{"gitId":"sikai00"},"content":"","lastModifiedDate":"2022-08-16"},{"lineNumber":136,"author":{"gitId":"sikai00"},"content":"    /**","lastModifiedDate":"2022-08-18"},{"lineNumber":137,"author":{"gitId":"sikai00"},"content":"     * Runs the given command. Arguments of the command are given by","lastModifiedDate":"2022-08-18"},{"lineNumber":138,"author":{"gitId":"sikai00"},"content":"     * inputTokens, where the first argument is always the command as a string.","lastModifiedDate":"2022-08-18"},{"lineNumber":139,"author":{"gitId":"sikai00"},"content":"     * ","lastModifiedDate":"2022-08-18"},{"lineNumber":140,"author":{"gitId":"sikai00"},"content":"     * @param cmd       User command, based on the first argument.","lastModifiedDate":"2022-08-18"},{"lineNumber":141,"author":{"gitId":"sikai00"},"content":"     * @param argTokens Arguments from the command line.","lastModifiedDate":"2022-08-18"},{"lineNumber":142,"author":{"gitId":"sikai00"},"content":"     * @throws DukeException If the provided arguments are invalid for the","lastModifiedDate":"2022-08-18"},{"lineNumber":143,"author":{"gitId":"sikai00"},"content":"     *                       command.","lastModifiedDate":"2022-08-18"},{"lineNumber":144,"author":{"gitId":"sikai00"},"content":"     */","lastModifiedDate":"2022-08-18"},{"lineNumber":145,"author":{"gitId":"sikai00"},"content":"    public void runCommand(Command cmd, String[] argTokens)","lastModifiedDate":"2022-08-18"},{"lineNumber":146,"author":{"gitId":"sikai00"},"content":"            throws DukeException {","lastModifiedDate":"2022-08-18"},{"lineNumber":147,"author":{"gitId":"sikai00"},"content":"        int argCount \u003d argTokens.length;","lastModifiedDate":"2022-08-18"},{"lineNumber":148,"author":{"gitId":"sikai00"},"content":"","lastModifiedDate":"2022-08-17"},{"lineNumber":149,"author":{"gitId":"sikai00"},"content":"        switch (cmd) {","lastModifiedDate":"2022-08-18"},{"lineNumber":150,"author":{"gitId":"sikai00"},"content":"        case LIST:","lastModifiedDate":"2022-08-18"},{"lineNumber":151,"author":{"gitId":"sikai00"},"content":"            this.viewAllTask();","lastModifiedDate":"2022-08-18"},{"lineNumber":152,"author":{"gitId":"sikai00"},"content":"            break;","lastModifiedDate":"2022-08-17"},{"lineNumber":153,"author":{"gitId":"sikai00"},"content":"        case MARK:","lastModifiedDate":"2022-08-18"},{"lineNumber":154,"author":{"gitId":"sikai00"},"content":"            if (argCount \u003c 2) {","lastModifiedDate":"2022-08-18"},{"lineNumber":155,"author":{"gitId":"sikai00"},"content":"                throw new DukeException(\"Oh no! Try doing \u0027mark \u003cindex\u003e\u0027!\");","lastModifiedDate":"2022-08-18"},{"lineNumber":156,"author":{"gitId":"sikai00"},"content":"            }","lastModifiedDate":"2022-08-17"},{"lineNumber":157,"author":{"gitId":"sikai00"},"content":"            // markIndex - 1 because viewAllTasks is 1-indexed","lastModifiedDate":"2022-08-17"},{"lineNumber":158,"author":{"gitId":"sikai00"},"content":"            // whereas actual implementation is 0-indexed.","lastModifiedDate":"2022-08-17"},{"lineNumber":159,"author":{"gitId":"sikai00"},"content":"            try {","lastModifiedDate":"2022-08-18"},{"lineNumber":160,"author":{"gitId":"sikai00"},"content":"                int markIndex \u003d Integer.parseInt(","lastModifiedDate":"2022-08-17"},{"lineNumber":161,"author":{"gitId":"sikai00"},"content":"                        argTokens[1], 10) - 1;","lastModifiedDate":"2022-08-18"},{"lineNumber":162,"author":{"gitId":"sikai00"},"content":"                this.markTask(markIndex);","lastModifiedDate":"2022-08-18"},{"lineNumber":163,"author":{"gitId":"sikai00"},"content":"            } catch (NumberFormatException e) {","lastModifiedDate":"2022-08-18"},{"lineNumber":164,"author":{"gitId":"sikai00"},"content":"                throw new DukeException(\"Oh no! Try doing \u0027mark \u003cindex\u003e\u0027!\");","lastModifiedDate":"2022-08-18"},{"lineNumber":165,"author":{"gitId":"sikai00"},"content":"            }","lastModifiedDate":"2022-08-18"},{"lineNumber":166,"author":{"gitId":"sikai00"},"content":"            break;","lastModifiedDate":"2022-08-17"},{"lineNumber":167,"author":{"gitId":"sikai00"},"content":"        case UNMARK:","lastModifiedDate":"2022-08-18"},{"lineNumber":168,"author":{"gitId":"sikai00"},"content":"            if (argCount \u003c 2) {","lastModifiedDate":"2022-08-18"},{"lineNumber":169,"author":{"gitId":"sikai00"},"content":"                throw new DukeException(","lastModifiedDate":"2022-08-17"},{"lineNumber":170,"author":{"gitId":"sikai00"},"content":"                        \"Oh no! Try doing \u0027unmark \u003cindex\u003e\u0027!\");","lastModifiedDate":"2022-08-17"},{"lineNumber":171,"author":{"gitId":"sikai00"},"content":"            }","lastModifiedDate":"2022-08-17"},{"lineNumber":172,"author":{"gitId":"sikai00"},"content":"            try {","lastModifiedDate":"2022-08-18"},{"lineNumber":173,"author":{"gitId":"sikai00"},"content":"                int unmarkIndex \u003d Integer.parseInt(","lastModifiedDate":"2022-08-17"},{"lineNumber":174,"author":{"gitId":"sikai00"},"content":"                        argTokens[1], 10) - 1;","lastModifiedDate":"2022-08-18"},{"lineNumber":175,"author":{"gitId":"sikai00"},"content":"","lastModifiedDate":"2022-08-18"},{"lineNumber":176,"author":{"gitId":"sikai00"},"content":"                this.unmarkTask(unmarkIndex);","lastModifiedDate":"2022-08-18"},{"lineNumber":177,"author":{"gitId":"sikai00"},"content":"            } catch (NumberFormatException e) {","lastModifiedDate":"2022-08-18"},{"lineNumber":178,"author":{"gitId":"sikai00"},"content":"                throw new DukeException(\"Oh no! Try doing \u0027unmark \u003cindex\u003e\u0027!\");","lastModifiedDate":"2022-08-18"},{"lineNumber":179,"author":{"gitId":"sikai00"},"content":"            }","lastModifiedDate":"2022-08-18"},{"lineNumber":180,"author":{"gitId":"sikai00"},"content":"            break;","lastModifiedDate":"2022-08-17"},{"lineNumber":181,"author":{"gitId":"sikai00"},"content":"        case DELETE:","lastModifiedDate":"2022-08-18"},{"lineNumber":182,"author":{"gitId":"sikai00"},"content":"            if (argCount \u003c 2) {","lastModifiedDate":"2022-08-18"},{"lineNumber":183,"author":{"gitId":"sikai00"},"content":"                throw new DukeException(","lastModifiedDate":"2022-08-17"},{"lineNumber":184,"author":{"gitId":"sikai00"},"content":"                        \"Oh no! Try doing \u0027delete \u003cindex\u003e\u0027!\");","lastModifiedDate":"2022-08-17"},{"lineNumber":185,"author":{"gitId":"sikai00"},"content":"            }","lastModifiedDate":"2022-08-17"},{"lineNumber":186,"author":{"gitId":"sikai00"},"content":"            try {","lastModifiedDate":"2022-08-18"},{"lineNumber":187,"author":{"gitId":"sikai00"},"content":"                int deleteIndex \u003d Integer.parseInt(","lastModifiedDate":"2022-08-17"},{"lineNumber":188,"author":{"gitId":"sikai00"},"content":"                        argTokens[1], 10) - 1;","lastModifiedDate":"2022-08-18"},{"lineNumber":189,"author":{"gitId":"sikai00"},"content":"                this.deleteTask(deleteIndex);","lastModifiedDate":"2022-08-18"},{"lineNumber":190,"author":{"gitId":"sikai00"},"content":"            } catch (NumberFormatException e) {","lastModifiedDate":"2022-08-18"},{"lineNumber":191,"author":{"gitId":"sikai00"},"content":"                throw new DukeException(","lastModifiedDate":"2022-08-18"},{"lineNumber":192,"author":{"gitId":"sikai00"},"content":"                        \"Oh no! Try doing \u0027delete \u003cindex\u003e\u0027!\");","lastModifiedDate":"2022-08-18"},{"lineNumber":193,"author":{"gitId":"sikai00"},"content":"            }","lastModifiedDate":"2022-08-18"},{"lineNumber":194,"author":{"gitId":"sikai00"},"content":"            break;","lastModifiedDate":"2022-08-17"},{"lineNumber":195,"author":{"gitId":"sikai00"},"content":"        case TODO:","lastModifiedDate":"2022-08-18"},{"lineNumber":196,"author":{"gitId":"sikai00"},"content":"            if (argCount \u003c 2) {","lastModifiedDate":"2022-08-18"},{"lineNumber":197,"author":{"gitId":"sikai00"},"content":"                throw new DukeException(","lastModifiedDate":"2022-08-17"},{"lineNumber":198,"author":{"gitId":"sikai00"},"content":"                        \"Oh no! The description of a todo cannot be empty.\");","lastModifiedDate":"2022-08-17"},{"lineNumber":199,"author":{"gitId":"sikai00"},"content":"            }","lastModifiedDate":"2022-08-17"},{"lineNumber":200,"author":{"gitId":"sikai00"},"content":"            String todoTitle \u003d argTokens[1].trim();","lastModifiedDate":"2022-08-18"},{"lineNumber":201,"author":{"gitId":"sikai00"},"content":"            Todo newTodo \u003d new Todo(todoTitle, false);","lastModifiedDate":"2022-08-17"},{"lineNumber":202,"author":{"gitId":"sikai00"},"content":"            this.addTask(newTodo);","lastModifiedDate":"2022-08-18"},{"lineNumber":203,"author":{"gitId":"sikai00"},"content":"            break;","lastModifiedDate":"2022-08-17"},{"lineNumber":204,"author":{"gitId":"sikai00"},"content":"        case DEADLINE:","lastModifiedDate":"2022-08-18"},{"lineNumber":205,"author":{"gitId":"sikai00"},"content":"            if (argCount \u003c 2) {","lastModifiedDate":"2022-08-18"},{"lineNumber":206,"author":{"gitId":"sikai00"},"content":"                throw new DukeException(","lastModifiedDate":"2022-08-17"},{"lineNumber":207,"author":{"gitId":"sikai00"},"content":"                        \"Oh no! The description of a deadline cannot\"","lastModifiedDate":"2022-08-18"},{"lineNumber":208,"author":{"gitId":"sikai00"},"content":"                                + \" be empty.\");","lastModifiedDate":"2022-08-18"},{"lineNumber":209,"author":{"gitId":"sikai00"},"content":"            }","lastModifiedDate":"2022-08-17"},{"lineNumber":210,"author":{"gitId":"sikai00"},"content":"            String[] deadlineTokens \u003d argTokens[1].split(\"/by\");","lastModifiedDate":"2022-08-18"},{"lineNumber":211,"author":{"gitId":"sikai00"},"content":"            if (deadlineTokens.length \u003c 2) {","lastModifiedDate":"2022-08-17"},{"lineNumber":212,"author":{"gitId":"sikai00"},"content":"                throw new DukeException(","lastModifiedDate":"2022-08-17"},{"lineNumber":213,"author":{"gitId":"sikai00"},"content":"                        \"Oh no! Try doing \u0027deadline \u003cdescription\u003e /by \"","lastModifiedDate":"2022-08-18"},{"lineNumber":214,"author":{"gitId":"sikai00"},"content":"                                + \"\u003cdate\u003e\u0027!\");","lastModifiedDate":"2022-08-18"},{"lineNumber":215,"author":{"gitId":"sikai00"},"content":"            }","lastModifiedDate":"2022-08-17"},{"lineNumber":216,"author":{"gitId":"sikai00"},"content":"            String deadlineTitle \u003d deadlineTokens[0].trim();","lastModifiedDate":"2022-08-17"},{"lineNumber":217,"author":{"gitId":"sikai00"},"content":"            String by \u003d deadlineTokens[1].trim();","lastModifiedDate":"2022-08-17"},{"lineNumber":218,"author":{"gitId":"sikai00"},"content":"            Deadline newDeadline \u003d new Deadline(deadlineTitle, false, by);","lastModifiedDate":"2022-08-17"},{"lineNumber":219,"author":{"gitId":"sikai00"},"content":"            this.addTask(newDeadline);","lastModifiedDate":"2022-08-18"},{"lineNumber":220,"author":{"gitId":"sikai00"},"content":"            break;","lastModifiedDate":"2022-08-17"},{"lineNumber":221,"author":{"gitId":"sikai00"},"content":"        case EVENT:","lastModifiedDate":"2022-08-18"},{"lineNumber":222,"author":{"gitId":"sikai00"},"content":"            if (argCount \u003c 2) {","lastModifiedDate":"2022-08-18"},{"lineNumber":223,"author":{"gitId":"sikai00"},"content":"                throw new DukeException(","lastModifiedDate":"2022-08-17"},{"lineNumber":224,"author":{"gitId":"sikai00"},"content":"                        \"Oh no! The description of an event cannot be\"","lastModifiedDate":"2022-08-18"},{"lineNumber":225,"author":{"gitId":"sikai00"},"content":"                                + \" empty.\");","lastModifiedDate":"2022-08-18"},{"lineNumber":226,"author":{"gitId":"sikai00"},"content":"            }","lastModifiedDate":"2022-08-17"},{"lineNumber":227,"author":{"gitId":"sikai00"},"content":"            String[] eventTokens \u003d argTokens[1].split(\"/at\");","lastModifiedDate":"2022-08-18"},{"lineNumber":228,"author":{"gitId":"sikai00"},"content":"            if (eventTokens.length \u003c 2) {","lastModifiedDate":"2022-08-17"},{"lineNumber":229,"author":{"gitId":"sikai00"},"content":"                throw new DukeException(","lastModifiedDate":"2022-08-17"},{"lineNumber":230,"author":{"gitId":"sikai00"},"content":"                        \"Oh no! Try doing \u0027event \u003cdescription\u003e /at\"","lastModifiedDate":"2022-08-18"},{"lineNumber":231,"author":{"gitId":"sikai00"},"content":"                                + \" \u003cdate\u003e\u0027!\");","lastModifiedDate":"2022-08-18"},{"lineNumber":232,"author":{"gitId":"sikai00"},"content":"            }","lastModifiedDate":"2022-08-17"},{"lineNumber":233,"author":{"gitId":"sikai00"},"content":"            String eventTitle \u003d eventTokens[0].trim();","lastModifiedDate":"2022-08-17"},{"lineNumber":234,"author":{"gitId":"sikai00"},"content":"            String at \u003d eventTokens[1].trim();","lastModifiedDate":"2022-08-17"},{"lineNumber":235,"author":{"gitId":"sikai00"},"content":"            Event newEvent \u003d new Event(eventTitle, false, at);","lastModifiedDate":"2022-08-17"},{"lineNumber":236,"author":{"gitId":"sikai00"},"content":"            this.addTask(newEvent);","lastModifiedDate":"2022-08-18"},{"lineNumber":237,"author":{"gitId":"sikai00"},"content":"            break;","lastModifiedDate":"2022-08-17"},{"lineNumber":238,"author":{"gitId":"sikai00"},"content":"        case INVALID:","lastModifiedDate":"2022-08-18"},{"lineNumber":239,"author":{"gitId":"sikai00"},"content":"            throw new DukeException(","lastModifiedDate":"2022-08-18"},{"lineNumber":240,"author":{"gitId":"sikai00"},"content":"                    \"Sorry, I don\u0027t understand this!\");","lastModifiedDate":"2022-08-18"},{"lineNumber":241,"author":{"gitId":"sikai00"},"content":"        default:","lastModifiedDate":"2022-08-17"},{"lineNumber":242,"author":{"gitId":"sikai00"},"content":"            throw new DukeException(","lastModifiedDate":"2022-08-17"},{"lineNumber":243,"author":{"gitId":"sikai00"},"content":"                    \"Sorry, I don\u0027t understand this!\");","lastModifiedDate":"2022-08-17"},{"lineNumber":244,"author":{"gitId":"sikai00"},"content":"        }","lastModifiedDate":"2022-08-17"},{"lineNumber":245,"author":{"gitId":"sikai00"},"content":"    }","lastModifiedDate":"2022-08-18"},{"lineNumber":246,"author":{"gitId":"sikai00"},"content":"","lastModifiedDate":"2022-08-18"},{"lineNumber":247,"author":{"gitId":"sikai00"},"content":"    /**","lastModifiedDate":"2022-08-18"},{"lineNumber":248,"author":{"gitId":"sikai00"},"content":"     * Main application loop for Duke.","lastModifiedDate":"2022-08-18"},{"lineNumber":249,"author":{"gitId":"sikai00"},"content":"     */","lastModifiedDate":"2022-08-18"},{"lineNumber":250,"author":{"gitId":"sikai00"},"content":"    public void startDuke() {","lastModifiedDate":"2022-08-18"},{"lineNumber":251,"author":{"gitId":"sikai00"},"content":"        Scanner sc \u003d new Scanner(System.in);","lastModifiedDate":"2022-08-18"},{"lineNumber":252,"author":{"gitId":"sikai00"},"content":"","lastModifiedDate":"2022-08-18"},{"lineNumber":253,"author":{"gitId":"sikai00"},"content":"        this.sayGreetings();","lastModifiedDate":"2022-08-18"},{"lineNumber":254,"author":{"gitId":"sikai00"},"content":"        while (true) {","lastModifiedDate":"2022-08-18"},{"lineNumber":255,"author":{"gitId":"sikai00"},"content":"            String rawInput \u003d sc.nextLine();","lastModifiedDate":"2022-08-18"},{"lineNumber":256,"author":{"gitId":"sikai00"},"content":"            String[] argTokens \u003d rawInput.split(\" \", 2);","lastModifiedDate":"2022-08-18"},{"lineNumber":257,"author":{"gitId":"sikai00"},"content":"","lastModifiedDate":"2022-08-18"},{"lineNumber":258,"author":{"gitId":"sikai00"},"content":"            Command usrCommand \u003d Command.getIfPresent(argTokens[0]);","lastModifiedDate":"2022-08-18"},{"lineNumber":259,"author":{"gitId":"sikai00"},"content":"","lastModifiedDate":"2022-08-18"},{"lineNumber":260,"author":{"gitId":"sikai00"},"content":"            if (usrCommand.equals(Command.BYE)) {","lastModifiedDate":"2022-08-18"},{"lineNumber":261,"author":{"gitId":"sikai00"},"content":"                break;","lastModifiedDate":"2022-08-18"},{"lineNumber":262,"author":{"gitId":"sikai00"},"content":"            }","lastModifiedDate":"2022-08-18"},{"lineNumber":263,"author":{"gitId":"sikai00"},"content":"            try {","lastModifiedDate":"2022-08-18"},{"lineNumber":264,"author":{"gitId":"sikai00"},"content":"                this.runCommand(usrCommand, argTokens);","lastModifiedDate":"2022-08-18"},{"lineNumber":265,"author":{"gitId":"sikai00"},"content":"            } catch (DukeException e) {","lastModifiedDate":"2022-08-17"},{"lineNumber":266,"author":{"gitId":"sikai00"},"content":"                prettyPrint(e.getMessage());","lastModifiedDate":"2022-08-18"},{"lineNumber":267,"author":{"gitId":"sikai00"},"content":"            }","lastModifiedDate":"2022-08-16"},{"lineNumber":268,"author":{"gitId":"sikai00"},"content":"        }","lastModifiedDate":"2022-08-16"},{"lineNumber":269,"author":{"gitId":"sikai00"},"content":"        sc.close();","lastModifiedDate":"2022-08-16"},{"lineNumber":270,"author":{"gitId":"sikai00"},"content":"        this.sayGoodBye();","lastModifiedDate":"2022-08-18"},{"lineNumber":271,"author":{"gitId":"sikai00"},"content":"    }","lastModifiedDate":"2022-08-18"},{"lineNumber":272,"author":{"gitId":"sikai00"},"content":"","lastModifiedDate":"2022-08-18"},{"lineNumber":273,"author":{"gitId":"-"},"content":"    public static void main(String[] args) {","lastModifiedDate":"2022-08-18"},{"lineNumber":274,"author":{"gitId":"sikai00"},"content":"        Duke dk \u003d new Duke();","lastModifiedDate":"2022-08-18"},{"lineNumber":275,"author":{"gitId":"sikai00"},"content":"        dk.startDuke();","lastModifiedDate":"2022-08-18"},{"lineNumber":276,"author":{"gitId":"-"},"content":"    }","lastModifiedDate":"2022-08-16"},{"lineNumber":277,"author":{"gitId":"-"},"content":"}","lastModifiedDate":"2019-07-29"}],"authorContributionMap":{"sikai00":272,"-":5}},{"path":"src/main/java/DukeException.java","fileType":"java","lines":[{"lineNumber":1,"author":{"gitId":"sikai00"},"content":"public class DukeException extends Exception {","lastModifiedDate":"2022-08-17"},{"lineNumber":2,"author":{"gitId":"sikai00"},"content":"    public DukeException(String msg) {","lastModifiedDate":"2022-08-17"},{"lineNumber":3,"author":{"gitId":"sikai00"},"content":"        super(msg);","lastModifiedDate":"2022-08-17"},{"lineNumber":4,"author":{"gitId":"sikai00"},"content":"    }","lastModifiedDate":"2022-08-17"},{"lineNumber":5,"author":{"gitId":"sikai00"},"content":"}","lastModifiedDate":"2022-08-17"}],"authorContributionMap":{"sikai00":5}},{"path":"src/main/java/Event.java","fileType":"java","lines":[{"lineNumber":1,"author":{"gitId":"sikai00"},"content":"public class Event extends Task {","lastModifiedDate":"2022-08-17"},{"lineNumber":2,"author":{"gitId":"sikai00"},"content":"    private String at;","lastModifiedDate":"2022-08-17"},{"lineNumber":3,"author":{"gitId":"sikai00"},"content":"","lastModifiedDate":"2022-08-17"},{"lineNumber":4,"author":{"gitId":"sikai00"},"content":"    public Event(String description, boolean done, String at) {","lastModifiedDate":"2022-08-17"},{"lineNumber":5,"author":{"gitId":"sikai00"},"content":"        super(description, done);","lastModifiedDate":"2022-08-17"},{"lineNumber":6,"author":{"gitId":"sikai00"},"content":"        this.at \u003d at;","lastModifiedDate":"2022-08-17"},{"lineNumber":7,"author":{"gitId":"sikai00"},"content":"    }","lastModifiedDate":"2022-08-17"},{"lineNumber":8,"author":{"gitId":"sikai00"},"content":"","lastModifiedDate":"2022-08-17"},{"lineNumber":9,"author":{"gitId":"sikai00"},"content":"    @Override","lastModifiedDate":"2022-08-17"},{"lineNumber":10,"author":{"gitId":"sikai00"},"content":"    public String toString() {","lastModifiedDate":"2022-08-17"},{"lineNumber":11,"author":{"gitId":"sikai00"},"content":"        String checkbox \u003d this.getDone() ? \"[E][X]\" : \"[E][ ]\";","lastModifiedDate":"2022-08-17"},{"lineNumber":12,"author":{"gitId":"sikai00"},"content":"        String dateFormatted \u003d \"(at: \" + at + \")\";","lastModifiedDate":"2022-08-17"},{"lineNumber":13,"author":{"gitId":"sikai00"},"content":"        return checkbox + \" \" + super.getDescription() + \" \" + dateFormatted;","lastModifiedDate":"2022-08-17"},{"lineNumber":14,"author":{"gitId":"sikai00"},"content":"    }","lastModifiedDate":"2022-08-17"},{"lineNumber":15,"author":{"gitId":"sikai00"},"content":"}","lastModifiedDate":"2022-08-17"}],"authorContributionMap":{"sikai00":15}},{"path":"src/main/java/Task.java","fileType":"java","lines":[{"lineNumber":1,"author":{"gitId":"sikai00"},"content":"public abstract class Task {","lastModifiedDate":"2022-08-17"},{"lineNumber":2,"author":{"gitId":"sikai00"},"content":"    private String description;","lastModifiedDate":"2022-08-17"},{"lineNumber":3,"author":{"gitId":"sikai00"},"content":"    private boolean done;","lastModifiedDate":"2022-08-16"},{"lineNumber":4,"author":{"gitId":"sikai00"},"content":"","lastModifiedDate":"2022-08-16"},{"lineNumber":5,"author":{"gitId":"sikai00"},"content":"    public Task(String description, boolean done) {","lastModifiedDate":"2022-08-17"},{"lineNumber":6,"author":{"gitId":"sikai00"},"content":"        this.description \u003d description;","lastModifiedDate":"2022-08-17"},{"lineNumber":7,"author":{"gitId":"sikai00"},"content":"        this.done \u003d done;","lastModifiedDate":"2022-08-16"},{"lineNumber":8,"author":{"gitId":"sikai00"},"content":"    }","lastModifiedDate":"2022-08-16"},{"lineNumber":9,"author":{"gitId":"sikai00"},"content":"","lastModifiedDate":"2022-08-16"},{"lineNumber":10,"author":{"gitId":"sikai00"},"content":"    public String getDescription() {","lastModifiedDate":"2022-08-17"},{"lineNumber":11,"author":{"gitId":"sikai00"},"content":"        return this.description;","lastModifiedDate":"2022-08-17"},{"lineNumber":12,"author":{"gitId":"sikai00"},"content":"    }","lastModifiedDate":"2022-08-16"},{"lineNumber":13,"author":{"gitId":"sikai00"},"content":"","lastModifiedDate":"2022-08-16"},{"lineNumber":14,"author":{"gitId":"sikai00"},"content":"    public boolean getDone() {","lastModifiedDate":"2022-08-16"},{"lineNumber":15,"author":{"gitId":"sikai00"},"content":"        return this.done;","lastModifiedDate":"2022-08-16"},{"lineNumber":16,"author":{"gitId":"sikai00"},"content":"    }","lastModifiedDate":"2022-08-16"},{"lineNumber":17,"author":{"gitId":"sikai00"},"content":"","lastModifiedDate":"2022-08-16"},{"lineNumber":18,"author":{"gitId":"sikai00"},"content":"    public void setDone() {","lastModifiedDate":"2022-08-16"},{"lineNumber":19,"author":{"gitId":"sikai00"},"content":"        this.done \u003d true;","lastModifiedDate":"2022-08-16"},{"lineNumber":20,"author":{"gitId":"sikai00"},"content":"    }","lastModifiedDate":"2022-08-16"},{"lineNumber":21,"author":{"gitId":"sikai00"},"content":"","lastModifiedDate":"2022-08-16"},{"lineNumber":22,"author":{"gitId":"sikai00"},"content":"    public void setNotDone() {","lastModifiedDate":"2022-08-16"},{"lineNumber":23,"author":{"gitId":"sikai00"},"content":"        // This method is preferred over a toggle method as it is clearer on","lastModifiedDate":"2022-08-18"},{"lineNumber":24,"author":{"gitId":"sikai00"},"content":"        // its effects.","lastModifiedDate":"2022-08-18"},{"lineNumber":25,"author":{"gitId":"sikai00"},"content":"        this.done \u003d false;","lastModifiedDate":"2022-08-16"},{"lineNumber":26,"author":{"gitId":"sikai00"},"content":"    }","lastModifiedDate":"2022-08-16"},{"lineNumber":27,"author":{"gitId":"sikai00"},"content":"}","lastModifiedDate":"2022-08-16"}],"authorContributionMap":{"sikai00":27}},{"path":"src/main/java/TaskList.java","fileType":"java","lines":[{"lineNumber":1,"author":{"gitId":"sikai00"},"content":"import java.util.List;","lastModifiedDate":"2022-08-16"},{"lineNumber":2,"author":{"gitId":"sikai00"},"content":"import java.util.ArrayList;","lastModifiedDate":"2022-08-16"},{"lineNumber":3,"author":{"gitId":"sikai00"},"content":"","lastModifiedDate":"2022-08-16"},{"lineNumber":4,"author":{"gitId":"sikai00"},"content":"public class TaskList {","lastModifiedDate":"2022-08-16"},{"lineNumber":5,"author":{"gitId":"sikai00"},"content":"    private List\u003cTask\u003e tasks;","lastModifiedDate":"2022-08-16"},{"lineNumber":6,"author":{"gitId":"sikai00"},"content":"","lastModifiedDate":"2022-08-16"},{"lineNumber":7,"author":{"gitId":"sikai00"},"content":"    public TaskList() {","lastModifiedDate":"2022-08-16"},{"lineNumber":8,"author":{"gitId":"sikai00"},"content":"        this.tasks \u003d new ArrayList\u003c\u003e();","lastModifiedDate":"2022-08-16"},{"lineNumber":9,"author":{"gitId":"sikai00"},"content":"    }","lastModifiedDate":"2022-08-16"},{"lineNumber":10,"author":{"gitId":"sikai00"},"content":"","lastModifiedDate":"2022-08-16"},{"lineNumber":11,"author":{"gitId":"sikai00"},"content":"    /**","lastModifiedDate":"2022-08-16"},{"lineNumber":12,"author":{"gitId":"sikai00"},"content":"     * Add a new task.","lastModifiedDate":"2022-08-16"},{"lineNumber":13,"author":{"gitId":"sikai00"},"content":"     * ","lastModifiedDate":"2022-08-16"},{"lineNumber":14,"author":{"gitId":"sikai00"},"content":"     * @param task Task to be added.","lastModifiedDate":"2022-08-16"},{"lineNumber":15,"author":{"gitId":"sikai00"},"content":"     */","lastModifiedDate":"2022-08-16"},{"lineNumber":16,"author":{"gitId":"sikai00"},"content":"    public void addTask(Task task) {","lastModifiedDate":"2022-08-16"},{"lineNumber":17,"author":{"gitId":"sikai00"},"content":"        this.tasks.add(task);","lastModifiedDate":"2022-08-16"},{"lineNumber":18,"author":{"gitId":"sikai00"},"content":"    }","lastModifiedDate":"2022-08-16"},{"lineNumber":19,"author":{"gitId":"sikai00"},"content":"","lastModifiedDate":"2022-08-16"},{"lineNumber":20,"author":{"gitId":"sikai00"},"content":"    /**","lastModifiedDate":"2022-08-17"},{"lineNumber":21,"author":{"gitId":"sikai00"},"content":"     * Delete a task.","lastModifiedDate":"2022-08-17"},{"lineNumber":22,"author":{"gitId":"sikai00"},"content":"     * ","lastModifiedDate":"2022-08-17"},{"lineNumber":23,"author":{"gitId":"sikai00"},"content":"     * @param index Index of the task as printed by TaskList\u0027s toString.","lastModifiedDate":"2022-08-18"},{"lineNumber":24,"author":{"gitId":"sikai00"},"content":"     */","lastModifiedDate":"2022-08-17"},{"lineNumber":25,"author":{"gitId":"sikai00"},"content":"    public void deleteTask(int index) {","lastModifiedDate":"2022-08-17"},{"lineNumber":26,"author":{"gitId":"sikai00"},"content":"        this.tasks.remove(index);","lastModifiedDate":"2022-08-17"},{"lineNumber":27,"author":{"gitId":"sikai00"},"content":"    }","lastModifiedDate":"2022-08-17"},{"lineNumber":28,"author":{"gitId":"sikai00"},"content":"","lastModifiedDate":"2022-08-17"},{"lineNumber":29,"author":{"gitId":"sikai00"},"content":"    /**","lastModifiedDate":"2022-08-17"},{"lineNumber":30,"author":{"gitId":"sikai00"},"content":"     * Return the number of tasks in the task list currently.","lastModifiedDate":"2022-08-17"},{"lineNumber":31,"author":{"gitId":"sikai00"},"content":"     * ","lastModifiedDate":"2022-08-17"},{"lineNumber":32,"author":{"gitId":"sikai00"},"content":"     * @return Number of tasks in the task list.","lastModifiedDate":"2022-08-17"},{"lineNumber":33,"author":{"gitId":"sikai00"},"content":"     */","lastModifiedDate":"2022-08-17"},{"lineNumber":34,"author":{"gitId":"sikai00"},"content":"    public int size() {","lastModifiedDate":"2022-08-17"},{"lineNumber":35,"author":{"gitId":"sikai00"},"content":"        return this.tasks.size();","lastModifiedDate":"2022-08-17"},{"lineNumber":36,"author":{"gitId":"sikai00"},"content":"    }","lastModifiedDate":"2022-08-17"},{"lineNumber":37,"author":{"gitId":"sikai00"},"content":"","lastModifiedDate":"2022-08-17"},{"lineNumber":38,"author":{"gitId":"sikai00"},"content":"    /**","lastModifiedDate":"2022-08-16"},{"lineNumber":39,"author":{"gitId":"sikai00"},"content":"     * Returns the task with the input index in its string representation.","lastModifiedDate":"2022-08-16"},{"lineNumber":40,"author":{"gitId":"sikai00"},"content":"     * ","lastModifiedDate":"2022-08-16"},{"lineNumber":41,"author":{"gitId":"sikai00"},"content":"     * @param index Index of the task as printed by viewAllTask.","lastModifiedDate":"2022-08-17"},{"lineNumber":42,"author":{"gitId":"sikai00"},"content":"     * @return String representation of the task with the input index.","lastModifiedDate":"2022-08-16"},{"lineNumber":43,"author":{"gitId":"sikai00"},"content":"     */","lastModifiedDate":"2022-08-16"},{"lineNumber":44,"author":{"gitId":"sikai00"},"content":"    public String getTaskToString(int index) {","lastModifiedDate":"2022-08-16"},{"lineNumber":45,"author":{"gitId":"sikai00"},"content":"        return this.tasks.get(index).toString();","lastModifiedDate":"2022-08-16"},{"lineNumber":46,"author":{"gitId":"sikai00"},"content":"    }","lastModifiedDate":"2022-08-16"},{"lineNumber":47,"author":{"gitId":"sikai00"},"content":"","lastModifiedDate":"2022-08-16"},{"lineNumber":48,"author":{"gitId":"sikai00"},"content":"    /**","lastModifiedDate":"2022-08-16"},{"lineNumber":49,"author":{"gitId":"sikai00"},"content":"     * Mark a task as done.","lastModifiedDate":"2022-08-16"},{"lineNumber":50,"author":{"gitId":"sikai00"},"content":"     * ","lastModifiedDate":"2022-08-16"},{"lineNumber":51,"author":{"gitId":"sikai00"},"content":"     * @param index Position of the task as indicated by TaskList\u0027s string","lastModifiedDate":"2022-08-16"},{"lineNumber":52,"author":{"gitId":"sikai00"},"content":"     *              representation.","lastModifiedDate":"2022-08-16"},{"lineNumber":53,"author":{"gitId":"sikai00"},"content":"     */","lastModifiedDate":"2022-08-16"},{"lineNumber":54,"author":{"gitId":"sikai00"},"content":"    public void markTask(int index) {","lastModifiedDate":"2022-08-16"},{"lineNumber":55,"author":{"gitId":"sikai00"},"content":"        Task task \u003d this.tasks.get(index);","lastModifiedDate":"2022-08-16"},{"lineNumber":56,"author":{"gitId":"sikai00"},"content":"        task.setDone();","lastModifiedDate":"2022-08-16"},{"lineNumber":57,"author":{"gitId":"sikai00"},"content":"    }","lastModifiedDate":"2022-08-16"},{"lineNumber":58,"author":{"gitId":"sikai00"},"content":"","lastModifiedDate":"2022-08-16"},{"lineNumber":59,"author":{"gitId":"sikai00"},"content":"    /**","lastModifiedDate":"2022-08-16"},{"lineNumber":60,"author":{"gitId":"sikai00"},"content":"     * Mark a task as not done.","lastModifiedDate":"2022-08-16"},{"lineNumber":61,"author":{"gitId":"sikai00"},"content":"     * ","lastModifiedDate":"2022-08-16"},{"lineNumber":62,"author":{"gitId":"sikai00"},"content":"     * @param index Position of the task as indicated by TaskList\u0027s string","lastModifiedDate":"2022-08-16"},{"lineNumber":63,"author":{"gitId":"sikai00"},"content":"     *              representation.","lastModifiedDate":"2022-08-16"},{"lineNumber":64,"author":{"gitId":"sikai00"},"content":"     */","lastModifiedDate":"2022-08-16"},{"lineNumber":65,"author":{"gitId":"sikai00"},"content":"    public void unmarkTask(int index) {","lastModifiedDate":"2022-08-16"},{"lineNumber":66,"author":{"gitId":"sikai00"},"content":"        Task task \u003d this.tasks.get(index);","lastModifiedDate":"2022-08-16"},{"lineNumber":67,"author":{"gitId":"sikai00"},"content":"        task.setNotDone();","lastModifiedDate":"2022-08-16"},{"lineNumber":68,"author":{"gitId":"sikai00"},"content":"    }","lastModifiedDate":"2022-08-16"},{"lineNumber":69,"author":{"gitId":"sikai00"},"content":"","lastModifiedDate":"2022-08-16"},{"lineNumber":70,"author":{"gitId":"sikai00"},"content":"    /**","lastModifiedDate":"2022-08-16"},{"lineNumber":71,"author":{"gitId":"sikai00"},"content":"     * Return a string representation of all tasks.","lastModifiedDate":"2022-08-16"},{"lineNumber":72,"author":{"gitId":"sikai00"},"content":"     * ","lastModifiedDate":"2022-08-16"},{"lineNumber":73,"author":{"gitId":"sikai00"},"content":"     * @return String representation of all tasks","lastModifiedDate":"2022-08-16"},{"lineNumber":74,"author":{"gitId":"sikai00"},"content":"     */","lastModifiedDate":"2022-08-16"},{"lineNumber":75,"author":{"gitId":"sikai00"},"content":"    public String toString() {","lastModifiedDate":"2022-08-16"},{"lineNumber":76,"author":{"gitId":"sikai00"},"content":"        int taskListSize \u003d this.tasks.size();","lastModifiedDate":"2022-08-16"},{"lineNumber":77,"author":{"gitId":"sikai00"},"content":"        // String in java are immutable and leads to O(n^2) time complexity","lastModifiedDate":"2022-08-16"},{"lineNumber":78,"author":{"gitId":"sikai00"},"content":"        StringBuilder allTasks \u003d new StringBuilder();","lastModifiedDate":"2022-08-16"},{"lineNumber":79,"author":{"gitId":"sikai00"},"content":"        for (int i \u003d 0; i \u003c taskListSize; i++) {","lastModifiedDate":"2022-08-16"},{"lineNumber":80,"author":{"gitId":"sikai00"},"content":"            int index \u003d i + 1;","lastModifiedDate":"2022-08-16"},{"lineNumber":81,"author":{"gitId":"sikai00"},"content":"            Task task \u003d this.tasks.get(i);","lastModifiedDate":"2022-08-16"},{"lineNumber":82,"author":{"gitId":"sikai00"},"content":"            allTasks.append(index + \".\" + task + \"\\n\");","lastModifiedDate":"2022-08-16"},{"lineNumber":83,"author":{"gitId":"sikai00"},"content":"        }","lastModifiedDate":"2022-08-16"},{"lineNumber":84,"author":{"gitId":"sikai00"},"content":"        return allTasks.toString();","lastModifiedDate":"2022-08-16"},{"lineNumber":85,"author":{"gitId":"sikai00"},"content":"    }","lastModifiedDate":"2022-08-16"},{"lineNumber":86,"author":{"gitId":"sikai00"},"content":"}","lastModifiedDate":"2022-08-16"}],"authorContributionMap":{"sikai00":86}},{"path":"src/main/java/Todo.java","fileType":"java","lines":[{"lineNumber":1,"author":{"gitId":"sikai00"},"content":"public class Todo extends Task {","lastModifiedDate":"2022-08-17"},{"lineNumber":2,"author":{"gitId":"sikai00"},"content":"    public Todo(String description, boolean done) {","lastModifiedDate":"2022-08-17"},{"lineNumber":3,"author":{"gitId":"sikai00"},"content":"        super(description, done);","lastModifiedDate":"2022-08-17"},{"lineNumber":4,"author":{"gitId":"sikai00"},"content":"    }","lastModifiedDate":"2022-08-17"},{"lineNumber":5,"author":{"gitId":"sikai00"},"content":"","lastModifiedDate":"2022-08-17"},{"lineNumber":6,"author":{"gitId":"sikai00"},"content":"    @Override","lastModifiedDate":"2022-08-17"},{"lineNumber":7,"author":{"gitId":"sikai00"},"content":"    public String toString() {","lastModifiedDate":"2022-08-17"},{"lineNumber":8,"author":{"gitId":"sikai00"},"content":"        String checkbox \u003d this.getDone() ? \"[T][X]\" : \"[T][ ]\";","lastModifiedDate":"2022-08-17"},{"lineNumber":9,"author":{"gitId":"sikai00"},"content":"        return checkbox + \" \" + super.getDescription();","lastModifiedDate":"2022-08-17"},{"lineNumber":10,"author":{"gitId":"sikai00"},"content":"    }","lastModifiedDate":"2022-08-17"},{"lineNumber":11,"author":{"gitId":"sikai00"},"content":"}","lastModifiedDate":"2022-08-17"}],"authorContributionMap":{"sikai00":11}},{"path":"text-ui-test/input.txt","fileType":"txt","lines":[{"lineNumber":1,"author":{"gitId":"sikai00"},"content":"todo Read book","lastModifiedDate":"2022-08-18"},{"lineNumber":2,"author":{"gitId":"sikai00"},"content":"deadline Read Chapter 1 /by Fri 18 Aug","lastModifiedDate":"2022-08-18"},{"lineNumber":3,"author":{"gitId":"sikai00"},"content":"event CS2103T Lecture /at Fri 18 Aug 4:00PM to 6:00PM","lastModifiedDate":"2022-08-18"},{"lineNumber":4,"author":{"gitId":"sikai00"},"content":"list","lastModifiedDate":"2022-08-17"},{"lineNumber":5,"author":{"gitId":"sikai00"},"content":"mark 1","lastModifiedDate":"2022-08-18"},{"lineNumber":6,"author":{"gitId":"sikai00"},"content":"mark 3","lastModifiedDate":"2022-08-18"},{"lineNumber":7,"author":{"gitId":"sikai00"},"content":"list","lastModifiedDate":"2022-08-18"},{"lineNumber":8,"author":{"gitId":"sikai00"},"content":"unmark 1","lastModifiedDate":"2022-08-18"},{"lineNumber":9,"author":{"gitId":"sikai00"},"content":"mark -100","lastModifiedDate":"2022-08-18"},{"lineNumber":10,"author":{"gitId":"sikai00"},"content":"mark 0","lastModifiedDate":"2022-08-18"},{"lineNumber":11,"author":{"gitId":"sikai00"},"content":"delete 1","lastModifiedDate":"2022-08-18"},{"lineNumber":12,"author":{"gitId":"sikai00"},"content":"delete 0","lastModifiedDate":"2022-08-18"},{"lineNumber":13,"author":{"gitId":"sikai00"},"content":"delete 13q9e-4ikww","lastModifiedDate":"2022-08-18"},{"lineNumber":14,"author":{"gitId":"sikai00"},"content":"list","lastModifiedDate":"2022-08-18"},{"lineNumber":15,"author":{"gitId":"sikai00"},"content":"unknownuselesscommand","lastModifiedDate":"2022-08-18"},{"lineNumber":16,"author":{"gitId":"sikai00"},"content":"bye","lastModifiedDate":"2022-08-17"}],"authorContributionMap":{"sikai00":16}}]
