[{"path":"src/main/java/Deadline.java","fileType":"java","lines":[{"lineNumber":1,"author":{"gitId":"rui-han-crh"},"content":"import java.time.Month;","lastModifiedDate":"2022-08-18"},{"lineNumber":2,"author":{"gitId":"rui-han-crh"},"content":"","lastModifiedDate":"2022-08-18"},{"lineNumber":3,"author":{"gitId":"rui-han-crh"},"content":"public class Deadline extends TimedJobs {","lastModifiedDate":"2022-08-18"},{"lineNumber":4,"author":{"gitId":"rui-han-crh"},"content":"","lastModifiedDate":"2022-08-18"},{"lineNumber":5,"author":{"gitId":"rui-han-crh"},"content":"    public Deadline(String name, String dueString) {","lastModifiedDate":"2022-08-18"},{"lineNumber":6,"author":{"gitId":"rui-han-crh"},"content":"        super(name, dueString, \"by\");","lastModifiedDate":"2022-08-18"},{"lineNumber":7,"author":{"gitId":"rui-han-crh"},"content":"    }","lastModifiedDate":"2022-08-18"},{"lineNumber":8,"author":{"gitId":"rui-han-crh"},"content":"","lastModifiedDate":"2022-08-18"},{"lineNumber":9,"author":{"gitId":"rui-han-crh"},"content":"    @Override","lastModifiedDate":"2022-08-18"},{"lineNumber":10,"author":{"gitId":"rui-han-crh"},"content":"    public String toString() {","lastModifiedDate":"2022-08-18"},{"lineNumber":11,"author":{"gitId":"rui-han-crh"},"content":"        return \"[D]\" + super.toString();","lastModifiedDate":"2022-08-18"},{"lineNumber":12,"author":{"gitId":"rui-han-crh"},"content":"    }","lastModifiedDate":"2022-08-18"},{"lineNumber":13,"author":{"gitId":"rui-han-crh"},"content":"}","lastModifiedDate":"2022-08-18"}],"authorContributionMap":{"rui-han-crh":13}},{"path":"src/main/java/Duke.java","fileType":"java","lines":[{"lineNumber":1,"author":{"gitId":"rui-han-crh"},"content":"import java.time.DateTimeException;","lastModifiedDate":"2022-08-18"},{"lineNumber":2,"author":{"gitId":"rui-han-crh"},"content":"import java.time.Month;","lastModifiedDate":"2022-08-18"},{"lineNumber":3,"author":{"gitId":"rui-han-crh"},"content":"import java.util.*;","lastModifiedDate":"2022-08-18"},{"lineNumber":4,"author":{"gitId":"rui-han-crh"},"content":"import java.util.stream.Collectors;","lastModifiedDate":"2022-08-18"},{"lineNumber":5,"author":{"gitId":"rui-han-crh"},"content":"import java.util.stream.IntStream;","lastModifiedDate":"2022-08-18"},{"lineNumber":6,"author":{"gitId":"rui-han-crh"},"content":"","lastModifiedDate":"2022-08-17"},{"lineNumber":7,"author":{"gitId":"-"},"content":"public class Duke {","lastModifiedDate":"2019-07-29"},{"lineNumber":8,"author":{"gitId":"rui-han-crh"},"content":"    private static final Scanner scanner \u003d new Scanner(System.in);","lastModifiedDate":"2022-08-17"},{"lineNumber":9,"author":{"gitId":"rui-han-crh"},"content":"","lastModifiedDate":"2022-08-17"},{"lineNumber":10,"author":{"gitId":"rui-han-crh"},"content":"    private static final List\u003cJob\u003e toDoList \u003d new ArrayList\u003cJob\u003e();","lastModifiedDate":"2022-08-17"},{"lineNumber":11,"author":{"gitId":"rui-han-crh"},"content":"","lastModifiedDate":"2022-08-17"},{"lineNumber":12,"author":{"gitId":"-"},"content":"    public static void main(String[] args) {","lastModifiedDate":"2019-07-29"},{"lineNumber":13,"author":{"gitId":"-"},"content":"        String logo \u003d \" ____        _        \\n\"","lastModifiedDate":"2019-07-29"},{"lineNumber":14,"author":{"gitId":"-"},"content":"                + \"|  _ \\\\ _   _| | _____ \\n\"","lastModifiedDate":"2019-07-29"},{"lineNumber":15,"author":{"gitId":"-"},"content":"                + \"| | | | | | | |/ / _ \\\\\\n\"","lastModifiedDate":"2019-07-29"},{"lineNumber":16,"author":{"gitId":"-"},"content":"                + \"| |_| | |_| |   \u003c  __/\\n\"","lastModifiedDate":"2019-07-29"},{"lineNumber":17,"author":{"gitId":"-"},"content":"                + \"|____/ \\\\__,_|_|\\\\_\\\\___|\\n\";","lastModifiedDate":"2019-07-29"},{"lineNumber":18,"author":{"gitId":"-"},"content":"        System.out.println(\"Hello from\\n\" + logo);","lastModifiedDate":"2019-07-29"},{"lineNumber":19,"author":{"gitId":"rui-han-crh"},"content":"        useToDoList();","lastModifiedDate":"2022-08-17"},{"lineNumber":20,"author":{"gitId":"rui-han-crh"},"content":"","lastModifiedDate":"2022-08-17"},{"lineNumber":21,"author":{"gitId":"rui-han-crh"},"content":"        printInStyle(\"Goodbye! Hope to see you again soon!\");","lastModifiedDate":"2022-08-17"},{"lineNumber":22,"author":{"gitId":"rui-han-crh"},"content":"    }","lastModifiedDate":"2022-08-17"},{"lineNumber":23,"author":{"gitId":"rui-han-crh"},"content":"","lastModifiedDate":"2022-08-17"},{"lineNumber":24,"author":{"gitId":"rui-han-crh"},"content":"    public static void printInStyle(String stringToPrint) {","lastModifiedDate":"2022-08-17"},{"lineNumber":25,"author":{"gitId":"rui-han-crh"},"content":"        System.out.println(\"\\t\" + \"-\".repeat(25) + \"\\n\\t\\t\" + stringToPrint);","lastModifiedDate":"2022-08-17"},{"lineNumber":26,"author":{"gitId":"rui-han-crh"},"content":"        System.out.println(\"\\t\" + \"-\".repeat(25));","lastModifiedDate":"2022-08-17"},{"lineNumber":27,"author":{"gitId":"rui-han-crh"},"content":"    }","lastModifiedDate":"2022-08-17"},{"lineNumber":28,"author":{"gitId":"rui-han-crh"},"content":"","lastModifiedDate":"2022-08-17"},{"lineNumber":29,"author":{"gitId":"rui-han-crh"},"content":"    public static void printInStyle(String... stringsToPrint) {","lastModifiedDate":"2022-08-17"},{"lineNumber":30,"author":{"gitId":"rui-han-crh"},"content":"        System.out.println(\"\\t\" + \"-\".repeat(25));","lastModifiedDate":"2022-08-17"},{"lineNumber":31,"author":{"gitId":"rui-han-crh"},"content":"        for (String string : stringsToPrint) {","lastModifiedDate":"2022-08-17"},{"lineNumber":32,"author":{"gitId":"rui-han-crh"},"content":"            System.out.println(\"\\t\\t\" + string);","lastModifiedDate":"2022-08-17"},{"lineNumber":33,"author":{"gitId":"rui-han-crh"},"content":"        }","lastModifiedDate":"2022-08-17"},{"lineNumber":34,"author":{"gitId":"rui-han-crh"},"content":"        System.out.println(\"\\t\" + \"-\".repeat(25));","lastModifiedDate":"2022-08-17"},{"lineNumber":35,"author":{"gitId":"rui-han-crh"},"content":"    }","lastModifiedDate":"2022-08-17"},{"lineNumber":36,"author":{"gitId":"rui-han-crh"},"content":"","lastModifiedDate":"2022-08-17"},{"lineNumber":37,"author":{"gitId":"rui-han-crh"},"content":"    public static void printInStyle(Iterable\u003c?\u003e itemsToPrint, String... others) {","lastModifiedDate":"2022-08-17"},{"lineNumber":38,"author":{"gitId":"rui-han-crh"},"content":"        System.out.println(\"\\t\" + \"-\".repeat(25));","lastModifiedDate":"2022-08-17"},{"lineNumber":39,"author":{"gitId":"rui-han-crh"},"content":"        for (Object item : itemsToPrint) {","lastModifiedDate":"2022-08-17"},{"lineNumber":40,"author":{"gitId":"rui-han-crh"},"content":"            System.out.println(\"\\t\\t\" + item.toString());","lastModifiedDate":"2022-08-17"},{"lineNumber":41,"author":{"gitId":"rui-han-crh"},"content":"        }","lastModifiedDate":"2022-08-17"},{"lineNumber":42,"author":{"gitId":"rui-han-crh"},"content":"","lastModifiedDate":"2022-08-17"},{"lineNumber":43,"author":{"gitId":"rui-han-crh"},"content":"        for (String string : others) {","lastModifiedDate":"2022-08-17"},{"lineNumber":44,"author":{"gitId":"rui-han-crh"},"content":"            System.out.println(\"\\t\\t\" + string);","lastModifiedDate":"2022-08-17"},{"lineNumber":45,"author":{"gitId":"rui-han-crh"},"content":"        }","lastModifiedDate":"2022-08-17"},{"lineNumber":46,"author":{"gitId":"rui-han-crh"},"content":"        System.out.println(\"\\t\" + \"-\".repeat(25));","lastModifiedDate":"2022-08-17"},{"lineNumber":47,"author":{"gitId":"rui-han-crh"},"content":"    }","lastModifiedDate":"2022-08-17"},{"lineNumber":48,"author":{"gitId":"rui-han-crh"},"content":"","lastModifiedDate":"2022-08-17"},{"lineNumber":49,"author":{"gitId":"rui-han-crh"},"content":"    public static String askForInput(String prompt) {","lastModifiedDate":"2022-08-17"},{"lineNumber":50,"author":{"gitId":"rui-han-crh"},"content":"        System.out.print(prompt + \" \");","lastModifiedDate":"2022-08-17"},{"lineNumber":51,"author":{"gitId":"rui-han-crh"},"content":"        if (scanner.hasNextLine()) {","lastModifiedDate":"2022-08-18"},{"lineNumber":52,"author":{"gitId":"rui-han-crh"},"content":"            return scanner.nextLine();","lastModifiedDate":"2022-08-17"},{"lineNumber":53,"author":{"gitId":"rui-han-crh"},"content":"        } else {","lastModifiedDate":"2022-08-18"},{"lineNumber":54,"author":{"gitId":"rui-han-crh"},"content":"            return \"bye\";","lastModifiedDate":"2022-08-18"},{"lineNumber":55,"author":{"gitId":"rui-han-crh"},"content":"        }","lastModifiedDate":"2022-08-18"},{"lineNumber":56,"author":{"gitId":"rui-han-crh"},"content":"    }","lastModifiedDate":"2022-08-17"},{"lineNumber":57,"author":{"gitId":"rui-han-crh"},"content":"","lastModifiedDate":"2022-08-17"},{"lineNumber":58,"author":{"gitId":"rui-han-crh"},"content":"    private static void echo() {","lastModifiedDate":"2022-08-17"},{"lineNumber":59,"author":{"gitId":"rui-han-crh"},"content":"        Scanner sc \u003d new Scanner(System.in);","lastModifiedDate":"2022-08-17"},{"lineNumber":60,"author":{"gitId":"rui-han-crh"},"content":"","lastModifiedDate":"2022-08-17"},{"lineNumber":61,"author":{"gitId":"rui-han-crh"},"content":"        String input \u003d askForInput(\"Type something:\");","lastModifiedDate":"2022-08-17"},{"lineNumber":62,"author":{"gitId":"rui-han-crh"},"content":"        while (!input.toLowerCase(Locale.ROOT).equals(\"bye\")) {","lastModifiedDate":"2022-08-17"},{"lineNumber":63,"author":{"gitId":"rui-han-crh"},"content":"            printInStyle(input);","lastModifiedDate":"2022-08-17"},{"lineNumber":64,"author":{"gitId":"rui-han-crh"},"content":"            input \u003d askForInput(\"Type something:\");","lastModifiedDate":"2022-08-17"},{"lineNumber":65,"author":{"gitId":"rui-han-crh"},"content":"        }","lastModifiedDate":"2022-08-17"},{"lineNumber":66,"author":{"gitId":"rui-han-crh"},"content":"    }","lastModifiedDate":"2022-08-17"},{"lineNumber":67,"author":{"gitId":"rui-han-crh"},"content":"","lastModifiedDate":"2022-08-17"},{"lineNumber":68,"author":{"gitId":"rui-han-crh"},"content":"    private static void useToDoList() {","lastModifiedDate":"2022-08-17"},{"lineNumber":69,"author":{"gitId":"rui-han-crh"},"content":"        String[] input \u003d askForInput(\"\").split(\" \");","lastModifiedDate":"2022-08-18"},{"lineNumber":70,"author":{"gitId":"rui-han-crh"},"content":"","lastModifiedDate":"2022-08-17"},{"lineNumber":71,"author":{"gitId":"rui-han-crh"},"content":"        while (!input[0].toLowerCase(Locale.ROOT).equals(\"bye\")) {","lastModifiedDate":"2022-08-17"},{"lineNumber":72,"author":{"gitId":"rui-han-crh"},"content":"            switch (input[0]) {","lastModifiedDate":"2022-08-17"},{"lineNumber":73,"author":{"gitId":"rui-han-crh"},"content":"                case \"list\":","lastModifiedDate":"2022-08-17"},{"lineNumber":74,"author":{"gitId":"rui-han-crh"},"content":"                    listCheckList();","lastModifiedDate":"2022-08-18"},{"lineNumber":75,"author":{"gitId":"rui-han-crh"},"content":"                    break;","lastModifiedDate":"2022-08-17"},{"lineNumber":76,"author":{"gitId":"rui-han-crh"},"content":"","lastModifiedDate":"2022-08-17"},{"lineNumber":77,"author":{"gitId":"rui-han-crh"},"content":"                case \"mark\": case \"unmark\":","lastModifiedDate":"2022-08-17"},{"lineNumber":78,"author":{"gitId":"rui-han-crh"},"content":"                   markCheckList(input);","lastModifiedDate":"2022-08-18"},{"lineNumber":79,"author":{"gitId":"rui-han-crh"},"content":"                   break;","lastModifiedDate":"2022-08-18"},{"lineNumber":80,"author":{"gitId":"rui-han-crh"},"content":"","lastModifiedDate":"2022-08-18"},{"lineNumber":81,"author":{"gitId":"rui-han-crh"},"content":"                case \"delete\":","lastModifiedDate":"2022-08-18"},{"lineNumber":82,"author":{"gitId":"rui-han-crh"},"content":"                    deleteFromCheckList(input);","lastModifiedDate":"2022-08-18"},{"lineNumber":83,"author":{"gitId":"rui-han-crh"},"content":"                    break;","lastModifiedDate":"2022-08-18"},{"lineNumber":84,"author":{"gitId":"rui-han-crh"},"content":"","lastModifiedDate":"2022-08-18"},{"lineNumber":85,"author":{"gitId":"rui-han-crh"},"content":"                default:","lastModifiedDate":"2022-08-18"},{"lineNumber":86,"author":{"gitId":"rui-han-crh"},"content":"                    try {","lastModifiedDate":"2022-08-18"},{"lineNumber":87,"author":{"gitId":"rui-han-crh"},"content":"                        addToCheckList(input);","lastModifiedDate":"2022-08-18"},{"lineNumber":88,"author":{"gitId":"rui-han-crh"},"content":"                    } catch (InvalidJobException ex) {","lastModifiedDate":"2022-08-18"},{"lineNumber":89,"author":{"gitId":"rui-han-crh"},"content":"                        printInStyle(ex.getMessage());","lastModifiedDate":"2022-08-18"},{"lineNumber":90,"author":{"gitId":"rui-han-crh"},"content":"                    }","lastModifiedDate":"2022-08-18"},{"lineNumber":91,"author":{"gitId":"rui-han-crh"},"content":"            }","lastModifiedDate":"2022-08-18"},{"lineNumber":92,"author":{"gitId":"rui-han-crh"},"content":"            input \u003d askForInput(\"\").split(\" \");","lastModifiedDate":"2022-08-18"},{"lineNumber":93,"author":{"gitId":"rui-han-crh"},"content":"        }","lastModifiedDate":"2022-08-18"},{"lineNumber":94,"author":{"gitId":"rui-han-crh"},"content":"    }","lastModifiedDate":"2022-08-18"},{"lineNumber":95,"author":{"gitId":"rui-han-crh"},"content":"","lastModifiedDate":"2022-08-18"},{"lineNumber":96,"author":{"gitId":"rui-han-crh"},"content":"    private static void listCheckList() {","lastModifiedDate":"2022-08-18"},{"lineNumber":97,"author":{"gitId":"rui-han-crh"},"content":"        printInStyle(toDoList);","lastModifiedDate":"2022-08-18"},{"lineNumber":98,"author":{"gitId":"rui-han-crh"},"content":"    }","lastModifiedDate":"2022-08-18"},{"lineNumber":99,"author":{"gitId":"rui-han-crh"},"content":"","lastModifiedDate":"2022-08-18"},{"lineNumber":100,"author":{"gitId":"rui-han-crh"},"content":"    private static void markCheckList(String[] input) {","lastModifiedDate":"2022-08-18"},{"lineNumber":101,"author":{"gitId":"rui-han-crh"},"content":"        final int ALL \u003d -1;","lastModifiedDate":"2022-08-18"},{"lineNumber":102,"author":{"gitId":"rui-han-crh"},"content":"","lastModifiedDate":"2022-08-18"},{"lineNumber":103,"author":{"gitId":"rui-han-crh"},"content":"        int index;","lastModifiedDate":"2022-08-17"},{"lineNumber":104,"author":{"gitId":"rui-han-crh"},"content":"        if (input.length \u003e 1) {","lastModifiedDate":"2022-08-17"},{"lineNumber":105,"author":{"gitId":"rui-han-crh"},"content":"            if (input[1].equals(\"all\")) {","lastModifiedDate":"2022-08-17"},{"lineNumber":106,"author":{"gitId":"rui-han-crh"},"content":"                index \u003d ALL;","lastModifiedDate":"2022-08-17"},{"lineNumber":107,"author":{"gitId":"rui-han-crh"},"content":"            } else {","lastModifiedDate":"2022-08-17"},{"lineNumber":108,"author":{"gitId":"rui-han-crh"},"content":"                try {","lastModifiedDate":"2022-08-17"},{"lineNumber":109,"author":{"gitId":"rui-han-crh"},"content":"                    index \u003d Integer.parseInt(input[1]) - 1;","lastModifiedDate":"2022-08-17"},{"lineNumber":110,"author":{"gitId":"rui-han-crh"},"content":"                } catch (NumberFormatException ex) {","lastModifiedDate":"2022-08-17"},{"lineNumber":111,"author":{"gitId":"rui-han-crh"},"content":"                    printInStyle(String.format(\"I cannot understand what %s means in this context.\", input[1]));","lastModifiedDate":"2022-08-17"},{"lineNumber":112,"author":{"gitId":"rui-han-crh"},"content":"                    return;","lastModifiedDate":"2022-08-18"},{"lineNumber":113,"author":{"gitId":"rui-han-crh"},"content":"                }","lastModifiedDate":"2022-08-17"},{"lineNumber":114,"author":{"gitId":"rui-han-crh"},"content":"            }","lastModifiedDate":"2022-08-17"},{"lineNumber":115,"author":{"gitId":"rui-han-crh"},"content":"        } else {","lastModifiedDate":"2022-08-17"},{"lineNumber":116,"author":{"gitId":"rui-han-crh"},"content":"            printInStyle(\"Please specify which task you want to mark or unmark \" +","lastModifiedDate":"2022-08-17"},{"lineNumber":117,"author":{"gitId":"rui-han-crh"},"content":"                    \"after the command. Otherwise, you may also specify all.\");","lastModifiedDate":"2022-08-17"},{"lineNumber":118,"author":{"gitId":"rui-han-crh"},"content":"            return;","lastModifiedDate":"2022-08-18"},{"lineNumber":119,"author":{"gitId":"rui-han-crh"},"content":"        }","lastModifiedDate":"2022-08-17"},{"lineNumber":120,"author":{"gitId":"rui-han-crh"},"content":"","lastModifiedDate":"2022-08-17"},{"lineNumber":121,"author":{"gitId":"rui-han-crh"},"content":"        if (index \u003d\u003d ALL) {","lastModifiedDate":"2022-08-17"},{"lineNumber":122,"author":{"gitId":"rui-han-crh"},"content":"            if (input[0].equals(\"mark\")) {","lastModifiedDate":"2022-08-17"},{"lineNumber":123,"author":{"gitId":"rui-han-crh"},"content":"                for (Job job : toDoList) {","lastModifiedDate":"2022-08-17"},{"lineNumber":124,"author":{"gitId":"rui-han-crh"},"content":"                    job.MarkJobState(true);","lastModifiedDate":"2022-08-17"},{"lineNumber":125,"author":{"gitId":"rui-han-crh"},"content":"                }","lastModifiedDate":"2022-08-17"},{"lineNumber":126,"author":{"gitId":"rui-han-crh"},"content":"                printInStyle(\"Ok, I\u0027ve marked all items as completed!\");","lastModifiedDate":"2022-08-17"},{"lineNumber":127,"author":{"gitId":"rui-han-crh"},"content":"            } else if (input[0].equals(\"unmark\")) {","lastModifiedDate":"2022-08-17"},{"lineNumber":128,"author":{"gitId":"rui-han-crh"},"content":"                for (Job job : toDoList) {","lastModifiedDate":"2022-08-17"},{"lineNumber":129,"author":{"gitId":"rui-han-crh"},"content":"                    job.MarkJobState(false);","lastModifiedDate":"2022-08-17"},{"lineNumber":130,"author":{"gitId":"rui-han-crh"},"content":"                }","lastModifiedDate":"2022-08-17"},{"lineNumber":131,"author":{"gitId":"rui-han-crh"},"content":"                printInStyle(\"Ok, I\u0027ve unmarked all items as undone.\");","lastModifiedDate":"2022-08-17"},{"lineNumber":132,"author":{"gitId":"rui-han-crh"},"content":"            }","lastModifiedDate":"2022-08-17"},{"lineNumber":133,"author":{"gitId":"rui-han-crh"},"content":"        } else if (index \u003c toDoList.size() \u0026\u0026 index \u003e\u003d 0) {","lastModifiedDate":"2022-08-17"},{"lineNumber":134,"author":{"gitId":"rui-han-crh"},"content":"            String response;","lastModifiedDate":"2022-08-17"},{"lineNumber":135,"author":{"gitId":"rui-han-crh"},"content":"            if (input[0].equals(\"mark\")) {","lastModifiedDate":"2022-08-17"},{"lineNumber":136,"author":{"gitId":"rui-han-crh"},"content":"                toDoList.get(index).MarkJobState(true);","lastModifiedDate":"2022-08-17"},{"lineNumber":137,"author":{"gitId":"rui-han-crh"},"content":"                response \u003d \"Nice! I\u0027ve marked this task as done:\";","lastModifiedDate":"2022-08-17"},{"lineNumber":138,"author":{"gitId":"rui-han-crh"},"content":"            } else {","lastModifiedDate":"2022-08-17"},{"lineNumber":139,"author":{"gitId":"rui-han-crh"},"content":"                toDoList.get(index).MarkJobState(false);","lastModifiedDate":"2022-08-17"},{"lineNumber":140,"author":{"gitId":"rui-han-crh"},"content":"                response \u003d \"Ok, I\u0027ve marked this task as not done yet:\";","lastModifiedDate":"2022-08-17"},{"lineNumber":141,"author":{"gitId":"rui-han-crh"},"content":"            }","lastModifiedDate":"2022-08-17"},{"lineNumber":142,"author":{"gitId":"rui-han-crh"},"content":"","lastModifiedDate":"2022-08-17"},{"lineNumber":143,"author":{"gitId":"rui-han-crh"},"content":"            printInStyle(","lastModifiedDate":"2022-08-17"},{"lineNumber":144,"author":{"gitId":"rui-han-crh"},"content":"                    response,","lastModifiedDate":"2022-08-17"},{"lineNumber":145,"author":{"gitId":"rui-han-crh"},"content":"                    toDoList.get(index).toString()","lastModifiedDate":"2022-08-17"},{"lineNumber":146,"author":{"gitId":"rui-han-crh"},"content":"            );","lastModifiedDate":"2022-08-17"},{"lineNumber":147,"author":{"gitId":"rui-han-crh"},"content":"        } else if (toDoList.isEmpty()) {","lastModifiedDate":"2022-08-17"},{"lineNumber":148,"author":{"gitId":"rui-han-crh"},"content":"            printInStyle(String.format(\"%d is out of range, \" +","lastModifiedDate":"2022-08-17"},{"lineNumber":149,"author":{"gitId":"rui-han-crh"},"content":"                    \"you need to first add some items into the To-Do List\", index + 1));","lastModifiedDate":"2022-08-17"},{"lineNumber":150,"author":{"gitId":"rui-han-crh"},"content":"        } else {","lastModifiedDate":"2022-08-17"},{"lineNumber":151,"author":{"gitId":"rui-han-crh"},"content":"            printInStyle(","lastModifiedDate":"2022-08-17"},{"lineNumber":152,"author":{"gitId":"rui-han-crh"},"content":"                    String.format(\"%d is out of range, please choose an integer between 1 to %d\",","lastModifiedDate":"2022-08-17"},{"lineNumber":153,"author":{"gitId":"rui-han-crh"},"content":"                            index + 1,","lastModifiedDate":"2022-08-17"},{"lineNumber":154,"author":{"gitId":"rui-han-crh"},"content":"                            toDoList.size()));","lastModifiedDate":"2022-08-17"},{"lineNumber":155,"author":{"gitId":"rui-han-crh"},"content":"        }","lastModifiedDate":"2022-08-17"},{"lineNumber":156,"author":{"gitId":"rui-han-crh"},"content":"    }","lastModifiedDate":"2022-08-18"},{"lineNumber":157,"author":{"gitId":"rui-han-crh"},"content":"","lastModifiedDate":"2022-08-18"},{"lineNumber":158,"author":{"gitId":"rui-han-crh"},"content":"    private static void deleteFromCheckList(String[] input) {","lastModifiedDate":"2022-08-18"},{"lineNumber":159,"author":{"gitId":"rui-han-crh"},"content":"        if (input.length \u003c 1) {","lastModifiedDate":"2022-08-18"},{"lineNumber":160,"author":{"gitId":"rui-han-crh"},"content":"            printInStyle(\"Please specify the index of the job you want to delete.\");","lastModifiedDate":"2022-08-18"},{"lineNumber":161,"author":{"gitId":"rui-han-crh"},"content":"            return;","lastModifiedDate":"2022-08-18"},{"lineNumber":162,"author":{"gitId":"rui-han-crh"},"content":"        }","lastModifiedDate":"2022-08-18"},{"lineNumber":163,"author":{"gitId":"rui-han-crh"},"content":"","lastModifiedDate":"2022-08-18"},{"lineNumber":164,"author":{"gitId":"rui-han-crh"},"content":"        int index;","lastModifiedDate":"2022-08-18"},{"lineNumber":165,"author":{"gitId":"rui-han-crh"},"content":"        try {","lastModifiedDate":"2022-08-18"},{"lineNumber":166,"author":{"gitId":"rui-han-crh"},"content":"            index \u003d Integer.parseInt(input[1]) - 1;","lastModifiedDate":"2022-08-18"},{"lineNumber":167,"author":{"gitId":"rui-han-crh"},"content":"        } catch (NumberFormatException ex) {","lastModifiedDate":"2022-08-18"},{"lineNumber":168,"author":{"gitId":"rui-han-crh"},"content":"            printInStyle(\"Please specify a number beginning from 1!\");","lastModifiedDate":"2022-08-18"},{"lineNumber":169,"author":{"gitId":"rui-han-crh"},"content":"            return;","lastModifiedDate":"2022-08-18"},{"lineNumber":170,"author":{"gitId":"rui-han-crh"},"content":"        }","lastModifiedDate":"2022-08-18"},{"lineNumber":171,"author":{"gitId":"rui-han-crh"},"content":"","lastModifiedDate":"2022-08-18"},{"lineNumber":172,"author":{"gitId":"rui-han-crh"},"content":"        if (index \u003c\u003d -1) {","lastModifiedDate":"2022-08-18"},{"lineNumber":173,"author":{"gitId":"rui-han-crh"},"content":"            printInStyle(\"Please specify a number beginning from 1!\");","lastModifiedDate":"2022-08-18"},{"lineNumber":174,"author":{"gitId":"rui-han-crh"},"content":"            return;","lastModifiedDate":"2022-08-18"},{"lineNumber":175,"author":{"gitId":"rui-han-crh"},"content":"        }","lastModifiedDate":"2022-08-18"},{"lineNumber":176,"author":{"gitId":"rui-han-crh"},"content":"","lastModifiedDate":"2022-08-18"},{"lineNumber":177,"author":{"gitId":"rui-han-crh"},"content":"        if (index \u003e\u003d toDoList.size()) {","lastModifiedDate":"2022-08-18"},{"lineNumber":178,"author":{"gitId":"rui-han-crh"},"content":"            printInStyle(String.format(\"You wanted to delete task %d but there were only %d jobs in the list.\",","lastModifiedDate":"2022-08-18"},{"lineNumber":179,"author":{"gitId":"rui-han-crh"},"content":"                    index + 1, toDoList.size()));","lastModifiedDate":"2022-08-18"},{"lineNumber":180,"author":{"gitId":"rui-han-crh"},"content":"            return;","lastModifiedDate":"2022-08-18"},{"lineNumber":181,"author":{"gitId":"rui-han-crh"},"content":"        }","lastModifiedDate":"2022-08-18"},{"lineNumber":182,"author":{"gitId":"rui-han-crh"},"content":"","lastModifiedDate":"2022-08-18"},{"lineNumber":183,"author":{"gitId":"rui-han-crh"},"content":"        Job jobRemoved \u003d toDoList.get(index);","lastModifiedDate":"2022-08-18"},{"lineNumber":184,"author":{"gitId":"rui-han-crh"},"content":"        toDoList.remove(index);","lastModifiedDate":"2022-08-18"},{"lineNumber":185,"author":{"gitId":"rui-han-crh"},"content":"        printInStyle(\"Noted. I\u0027ve removed this task:\",","lastModifiedDate":"2022-08-18"},{"lineNumber":186,"author":{"gitId":"rui-han-crh"},"content":"                jobRemoved.toString(),","lastModifiedDate":"2022-08-18"},{"lineNumber":187,"author":{"gitId":"rui-han-crh"},"content":"                String.format(\"Now you have %d tasks in the list.\", toDoList.size()));","lastModifiedDate":"2022-08-18"},{"lineNumber":188,"author":{"gitId":"rui-han-crh"},"content":"    }","lastModifiedDate":"2022-08-18"},{"lineNumber":189,"author":{"gitId":"rui-han-crh"},"content":"","lastModifiedDate":"2022-08-18"},{"lineNumber":190,"author":{"gitId":"rui-han-crh"},"content":"    private static void addToCheckList(String[] input) throws InvalidJobException{","lastModifiedDate":"2022-08-18"},{"lineNumber":191,"author":{"gitId":"rui-han-crh"},"content":"        Job job;","lastModifiedDate":"2022-08-18"},{"lineNumber":192,"author":{"gitId":"rui-han-crh"},"content":"        String[][] nameAndDate;","lastModifiedDate":"2022-08-18"},{"lineNumber":193,"author":{"gitId":"rui-han-crh"},"content":"        String name;","lastModifiedDate":"2022-08-18"},{"lineNumber":194,"author":{"gitId":"rui-han-crh"},"content":"        switch (input[0]) {","lastModifiedDate":"2022-08-18"},{"lineNumber":195,"author":{"gitId":"rui-han-crh"},"content":"            case \"todo\":","lastModifiedDate":"2022-08-18"},{"lineNumber":196,"author":{"gitId":"rui-han-crh"},"content":"                try {","lastModifiedDate":"2022-08-18"},{"lineNumber":197,"author":{"gitId":"rui-han-crh"},"content":"                    job \u003d new ToDo(concatName(input));","lastModifiedDate":"2022-08-18"},{"lineNumber":198,"author":{"gitId":"rui-han-crh"},"content":"                } catch (JobCreationException ex) {","lastModifiedDate":"2022-08-18"},{"lineNumber":199,"author":{"gitId":"rui-han-crh"},"content":"                    printInStyle(ex.getMessage());","lastModifiedDate":"2022-08-18"},{"lineNumber":200,"author":{"gitId":"rui-han-crh"},"content":"                    return;","lastModifiedDate":"2022-08-18"},{"lineNumber":201,"author":{"gitId":"rui-han-crh"},"content":"                }","lastModifiedDate":"2022-08-18"},{"lineNumber":202,"author":{"gitId":"rui-han-crh"},"content":"                break;","lastModifiedDate":"2022-08-17"},{"lineNumber":203,"author":{"gitId":"rui-han-crh"},"content":"","lastModifiedDate":"2022-08-18"},{"lineNumber":204,"author":{"gitId":"rui-han-crh"},"content":"            case \"deadline\":","lastModifiedDate":"2022-08-18"},{"lineNumber":205,"author":{"gitId":"rui-han-crh"},"content":"                nameAndDate \u003d splitStringArray(input, \"/by\");","lastModifiedDate":"2022-08-18"},{"lineNumber":206,"author":{"gitId":"rui-han-crh"},"content":"                if (nameAndDate.length !\u003d 2) {","lastModifiedDate":"2022-08-18"},{"lineNumber":207,"author":{"gitId":"rui-han-crh"},"content":"                    printInStyle(\"Please use /by to set a time\");","lastModifiedDate":"2022-08-18"},{"lineNumber":208,"author":{"gitId":"rui-han-crh"},"content":"                    return;","lastModifiedDate":"2022-08-18"},{"lineNumber":209,"author":{"gitId":"rui-han-crh"},"content":"                }","lastModifiedDate":"2022-08-18"},{"lineNumber":210,"author":{"gitId":"rui-han-crh"},"content":"","lastModifiedDate":"2022-08-17"},{"lineNumber":211,"author":{"gitId":"rui-han-crh"},"content":"                try {","lastModifiedDate":"2022-08-18"},{"lineNumber":212,"author":{"gitId":"rui-han-crh"},"content":"                    job \u003d new Deadline(concatName(nameAndDate[0]), String.join(\" \", nameAndDate[1]));","lastModifiedDate":"2022-08-18"},{"lineNumber":213,"author":{"gitId":"rui-han-crh"},"content":"                } catch (JobCreationException ex) {","lastModifiedDate":"2022-08-18"},{"lineNumber":214,"author":{"gitId":"rui-han-crh"},"content":"                    printInStyle(ex.getMessage());","lastModifiedDate":"2022-08-18"},{"lineNumber":215,"author":{"gitId":"rui-han-crh"},"content":"                    return;","lastModifiedDate":"2022-08-18"},{"lineNumber":216,"author":{"gitId":"rui-han-crh"},"content":"                }","lastModifiedDate":"2022-08-18"},{"lineNumber":217,"author":{"gitId":"rui-han-crh"},"content":"                break;","lastModifiedDate":"2022-08-18"},{"lineNumber":218,"author":{"gitId":"rui-han-crh"},"content":"","lastModifiedDate":"2022-08-18"},{"lineNumber":219,"author":{"gitId":"rui-han-crh"},"content":"            case \"event\":","lastModifiedDate":"2022-08-18"},{"lineNumber":220,"author":{"gitId":"rui-han-crh"},"content":"                nameAndDate \u003d splitStringArray(input, \"/at\");","lastModifiedDate":"2022-08-18"},{"lineNumber":221,"author":{"gitId":"rui-han-crh"},"content":"                if (nameAndDate.length !\u003d 2) {","lastModifiedDate":"2022-08-18"},{"lineNumber":222,"author":{"gitId":"rui-han-crh"},"content":"                    printInStyle(\"Please use /at to set a time\");","lastModifiedDate":"2022-08-18"},{"lineNumber":223,"author":{"gitId":"rui-han-crh"},"content":"                    return;","lastModifiedDate":"2022-08-18"},{"lineNumber":224,"author":{"gitId":"rui-han-crh"},"content":"                }","lastModifiedDate":"2022-08-18"},{"lineNumber":225,"author":{"gitId":"rui-han-crh"},"content":"","lastModifiedDate":"2022-08-18"},{"lineNumber":226,"author":{"gitId":"rui-han-crh"},"content":"                try {","lastModifiedDate":"2022-08-18"},{"lineNumber":227,"author":{"gitId":"rui-han-crh"},"content":"                    job \u003d new Event(concatName(nameAndDate[0]), String.join(\" \", nameAndDate[1]));","lastModifiedDate":"2022-08-18"},{"lineNumber":228,"author":{"gitId":"rui-han-crh"},"content":"                } catch (JobCreationException ex) {","lastModifiedDate":"2022-08-18"},{"lineNumber":229,"author":{"gitId":"rui-han-crh"},"content":"                    printInStyle(ex.getMessage());","lastModifiedDate":"2022-08-18"},{"lineNumber":230,"author":{"gitId":"rui-han-crh"},"content":"                    return;","lastModifiedDate":"2022-08-18"},{"lineNumber":231,"author":{"gitId":"rui-han-crh"},"content":"                }","lastModifiedDate":"2022-08-18"},{"lineNumber":232,"author":{"gitId":"rui-han-crh"},"content":"                break;","lastModifiedDate":"2022-08-18"},{"lineNumber":233,"author":{"gitId":"rui-han-crh"},"content":"            default:","lastModifiedDate":"2022-08-17"},{"lineNumber":234,"author":{"gitId":"rui-han-crh"},"content":"                throw new InvalidJobException();","lastModifiedDate":"2022-08-18"},{"lineNumber":235,"author":{"gitId":"rui-han-crh"},"content":"        }","lastModifiedDate":"2022-08-17"},{"lineNumber":236,"author":{"gitId":"rui-han-crh"},"content":"        toDoList.add(job);","lastModifiedDate":"2022-08-18"},{"lineNumber":237,"author":{"gitId":"rui-han-crh"},"content":"        printInStyle(","lastModifiedDate":"2022-08-18"},{"lineNumber":238,"author":{"gitId":"rui-han-crh"},"content":"                \"Got it. I\u0027ve added this task:\",","lastModifiedDate":"2022-08-18"},{"lineNumber":239,"author":{"gitId":"rui-han-crh"},"content":"                job.toString(),","lastModifiedDate":"2022-08-18"},{"lineNumber":240,"author":{"gitId":"rui-han-crh"},"content":"                String.format(\"Now you have %d tasks in the list\", toDoList.size()));","lastModifiedDate":"2022-08-18"},{"lineNumber":241,"author":{"gitId":"rui-han-crh"},"content":"    }","lastModifiedDate":"2022-08-18"},{"lineNumber":242,"author":{"gitId":"rui-han-crh"},"content":"","lastModifiedDate":"2022-08-18"},{"lineNumber":243,"author":{"gitId":"rui-han-crh"},"content":"    private static String concatName(String[] input) throws JobCreationException{","lastModifiedDate":"2022-08-18"},{"lineNumber":244,"author":{"gitId":"rui-han-crh"},"content":"        String name \u003d Arrays.stream(input).skip(1).collect(Collectors.joining(\" \"));","lastModifiedDate":"2022-08-18"},{"lineNumber":245,"author":{"gitId":"rui-han-crh"},"content":"        if (name.equals(\"\")) {","lastModifiedDate":"2022-08-18"},{"lineNumber":246,"author":{"gitId":"rui-han-crh"},"content":"            throw new JobCreationException(input[0]);","lastModifiedDate":"2022-08-18"},{"lineNumber":247,"author":{"gitId":"rui-han-crh"},"content":"        }","lastModifiedDate":"2022-08-18"},{"lineNumber":248,"author":{"gitId":"rui-han-crh"},"content":"        return name;","lastModifiedDate":"2022-08-18"},{"lineNumber":249,"author":{"gitId":"rui-han-crh"},"content":"    }","lastModifiedDate":"2022-08-18"},{"lineNumber":250,"author":{"gitId":"rui-han-crh"},"content":"","lastModifiedDate":"2022-08-18"},{"lineNumber":251,"author":{"gitId":"rui-han-crh"},"content":"    private static String[][] splitStringArray(String[] input, String delimiter) {","lastModifiedDate":"2022-08-18"},{"lineNumber":252,"author":{"gitId":"rui-han-crh"},"content":"        int[] splitIndices \u003d IntStream","lastModifiedDate":"2022-08-18"},{"lineNumber":253,"author":{"gitId":"rui-han-crh"},"content":"                .range(0, input.length)","lastModifiedDate":"2022-08-18"},{"lineNumber":254,"author":{"gitId":"rui-han-crh"},"content":"                .filter(i -\u003e input[i].equals(delimiter))","lastModifiedDate":"2022-08-18"},{"lineNumber":255,"author":{"gitId":"rui-han-crh"},"content":"                .toArray();","lastModifiedDate":"2022-08-18"},{"lineNumber":256,"author":{"gitId":"rui-han-crh"},"content":"","lastModifiedDate":"2022-08-18"},{"lineNumber":257,"author":{"gitId":"rui-han-crh"},"content":"        String[][] splitArrays \u003d new String[splitIndices.length + 1][];","lastModifiedDate":"2022-08-18"},{"lineNumber":258,"author":{"gitId":"rui-han-crh"},"content":"        int lastIndex \u003d 0;","lastModifiedDate":"2022-08-18"},{"lineNumber":259,"author":{"gitId":"rui-han-crh"},"content":"        for (int i \u003d 0; i \u003c splitIndices.length; i++) {","lastModifiedDate":"2022-08-18"},{"lineNumber":260,"author":{"gitId":"rui-han-crh"},"content":"            int splitIndex \u003d splitIndices[i];","lastModifiedDate":"2022-08-18"},{"lineNumber":261,"author":{"gitId":"rui-han-crh"},"content":"            splitArrays[i] \u003d new String[splitIndex - lastIndex];","lastModifiedDate":"2022-08-18"},{"lineNumber":262,"author":{"gitId":"rui-han-crh"},"content":"            System.arraycopy(input, lastIndex, splitArrays[i], 0, splitArrays[i].length);","lastModifiedDate":"2022-08-18"},{"lineNumber":263,"author":{"gitId":"rui-han-crh"},"content":"            lastIndex \u003d splitIndex + 1;","lastModifiedDate":"2022-08-18"},{"lineNumber":264,"author":{"gitId":"rui-han-crh"},"content":"        }","lastModifiedDate":"2022-08-18"},{"lineNumber":265,"author":{"gitId":"rui-han-crh"},"content":"        splitArrays[splitArrays.length - 1] \u003d new String[input.length - lastIndex];","lastModifiedDate":"2022-08-18"},{"lineNumber":266,"author":{"gitId":"rui-han-crh"},"content":"        System.arraycopy(input, lastIndex, splitArrays[splitArrays.length - 1],","lastModifiedDate":"2022-08-18"},{"lineNumber":267,"author":{"gitId":"rui-han-crh"},"content":"                0, splitArrays[splitArrays.length - 1].length);","lastModifiedDate":"2022-08-18"},{"lineNumber":268,"author":{"gitId":"rui-han-crh"},"content":"        return splitArrays;","lastModifiedDate":"2022-08-18"},{"lineNumber":269,"author":{"gitId":"rui-han-crh"},"content":"    }","lastModifiedDate":"2022-08-18"},{"lineNumber":270,"author":{"gitId":"rui-han-crh"},"content":"","lastModifiedDate":"2022-08-18"},{"lineNumber":271,"author":{"gitId":"rui-han-crh"},"content":"","lastModifiedDate":"2022-08-18"},{"lineNumber":272,"author":{"gitId":"rui-han-crh"},"content":"    /**","lastModifiedDate":"2022-08-18"},{"lineNumber":273,"author":{"gitId":"rui-han-crh"},"content":"     * Parses a given input command to its Name and Data components","lastModifiedDate":"2022-08-18"},{"lineNumber":274,"author":{"gitId":"rui-han-crh"},"content":"     * @param input the given input","lastModifiedDate":"2022-08-18"},{"lineNumber":275,"author":{"gitId":"rui-han-crh"},"content":"     * @param outName an array of 1 element, the name will be stored in element 0","lastModifiedDate":"2022-08-18"},{"lineNumber":276,"author":{"gitId":"rui-han-crh"},"content":"     * @param outDate an array of 3 elements, the day is stored in element 0,","lastModifiedDate":"2022-08-18"},{"lineNumber":277,"author":{"gitId":"rui-han-crh"},"content":"     *                month in element 1 and year in element 2","lastModifiedDate":"2022-08-18"},{"lineNumber":278,"author":{"gitId":"rui-han-crh"},"content":"     * @return A boolean to signal if the parse was successful or not","lastModifiedDate":"2022-08-18"},{"lineNumber":279,"author":{"gitId":"rui-han-crh"},"content":"     */","lastModifiedDate":"2022-08-18"},{"lineNumber":280,"author":{"gitId":"rui-han-crh"},"content":"    private static boolean parseInputToNameDate(String[] input, String delimiter,","lastModifiedDate":"2022-08-18"},{"lineNumber":281,"author":{"gitId":"rui-han-crh"},"content":"                                                String[] outName, Object[] outDate) {","lastModifiedDate":"2022-08-18"},{"lineNumber":282,"author":{"gitId":"rui-han-crh"},"content":"","lastModifiedDate":"2022-08-18"},{"lineNumber":283,"author":{"gitId":"rui-han-crh"},"content":"        String[][] nameAndDate \u003d splitStringArray(input, delimiter);","lastModifiedDate":"2022-08-18"},{"lineNumber":284,"author":{"gitId":"rui-han-crh"},"content":"        if (nameAndDate.length !\u003d 2) {","lastModifiedDate":"2022-08-18"},{"lineNumber":285,"author":{"gitId":"rui-han-crh"},"content":"            printInStyle(String.format(\"Please use %s to set a time\", delimiter));","lastModifiedDate":"2022-08-18"},{"lineNumber":286,"author":{"gitId":"rui-han-crh"},"content":"            return false;","lastModifiedDate":"2022-08-18"},{"lineNumber":287,"author":{"gitId":"rui-han-crh"},"content":"        }","lastModifiedDate":"2022-08-17"},{"lineNumber":288,"author":{"gitId":"rui-han-crh"},"content":"","lastModifiedDate":"2022-08-18"},{"lineNumber":289,"author":{"gitId":"rui-han-crh"},"content":"        String[] namePart \u003d nameAndDate[0];","lastModifiedDate":"2022-08-18"},{"lineNumber":290,"author":{"gitId":"rui-han-crh"},"content":"        String[] datePart \u003d nameAndDate[1];","lastModifiedDate":"2022-08-18"},{"lineNumber":291,"author":{"gitId":"rui-han-crh"},"content":"","lastModifiedDate":"2022-08-18"},{"lineNumber":292,"author":{"gitId":"rui-han-crh"},"content":"        outName[0] \u003d Arrays.stream(namePart).skip(1).collect(Collectors.joining(\" \"));","lastModifiedDate":"2022-08-18"},{"lineNumber":293,"author":{"gitId":"rui-han-crh"},"content":"","lastModifiedDate":"2022-08-18"},{"lineNumber":294,"author":{"gitId":"rui-han-crh"},"content":"        int year, day;","lastModifiedDate":"2022-08-18"},{"lineNumber":295,"author":{"gitId":"rui-han-crh"},"content":"        Month month;","lastModifiedDate":"2022-08-18"},{"lineNumber":296,"author":{"gitId":"rui-han-crh"},"content":"        try {","lastModifiedDate":"2022-08-18"},{"lineNumber":297,"author":{"gitId":"rui-han-crh"},"content":"            day \u003d Integer.parseInt(datePart[0]);","lastModifiedDate":"2022-08-18"},{"lineNumber":298,"author":{"gitId":"rui-han-crh"},"content":"            month \u003d Month.of(Integer.parseInt(datePart[1]));","lastModifiedDate":"2022-08-18"},{"lineNumber":299,"author":{"gitId":"rui-han-crh"},"content":"            year \u003d Integer.parseInt(datePart[2]);","lastModifiedDate":"2022-08-18"},{"lineNumber":300,"author":{"gitId":"rui-han-crh"},"content":"        } catch (NumberFormatException | ArrayIndexOutOfBoundsException ex) {","lastModifiedDate":"2022-08-18"},{"lineNumber":301,"author":{"gitId":"rui-han-crh"},"content":"            outDate[0] \u003d String.join(\" \", datePart);","lastModifiedDate":"2022-08-18"},{"lineNumber":302,"author":{"gitId":"rui-han-crh"},"content":"            return false;","lastModifiedDate":"2022-08-18"},{"lineNumber":303,"author":{"gitId":"rui-han-crh"},"content":"        } catch (DateTimeException ex) {","lastModifiedDate":"2022-08-18"},{"lineNumber":304,"author":{"gitId":"rui-han-crh"},"content":"            printInStyle(String.format(\"%s is not a valid month\", datePart[1]));","lastModifiedDate":"2022-08-18"},{"lineNumber":305,"author":{"gitId":"rui-han-crh"},"content":"            outDate[0] \u003d String.join(\" \", datePart);","lastModifiedDate":"2022-08-18"},{"lineNumber":306,"author":{"gitId":"rui-han-crh"},"content":"            return false;","lastModifiedDate":"2022-08-18"},{"lineNumber":307,"author":{"gitId":"rui-han-crh"},"content":"        }","lastModifiedDate":"2022-08-18"},{"lineNumber":308,"author":{"gitId":"rui-han-crh"},"content":"","lastModifiedDate":"2022-08-18"},{"lineNumber":309,"author":{"gitId":"rui-han-crh"},"content":"        outDate[0] \u003d day;","lastModifiedDate":"2022-08-18"},{"lineNumber":310,"author":{"gitId":"rui-han-crh"},"content":"        outDate[1] \u003d month;","lastModifiedDate":"2022-08-18"},{"lineNumber":311,"author":{"gitId":"rui-han-crh"},"content":"        outDate[2] \u003d year;","lastModifiedDate":"2022-08-18"},{"lineNumber":312,"author":{"gitId":"rui-han-crh"},"content":"","lastModifiedDate":"2022-08-18"},{"lineNumber":313,"author":{"gitId":"rui-han-crh"},"content":"        return true;","lastModifiedDate":"2022-08-18"},{"lineNumber":314,"author":{"gitId":"-"},"content":"    }","lastModifiedDate":"2019-07-29"},{"lineNumber":315,"author":{"gitId":"-"},"content":"}","lastModifiedDate":"2019-07-29"}],"authorContributionMap":{"rui-han-crh":305,"-":10}},{"path":"src/main/java/Event.java","fileType":"java","lines":[{"lineNumber":1,"author":{"gitId":"rui-han-crh"},"content":"import java.time.Month;","lastModifiedDate":"2022-08-18"},{"lineNumber":2,"author":{"gitId":"rui-han-crh"},"content":"","lastModifiedDate":"2022-08-18"},{"lineNumber":3,"author":{"gitId":"rui-han-crh"},"content":"public class Event extends TimedJobs {","lastModifiedDate":"2022-08-18"},{"lineNumber":4,"author":{"gitId":"rui-han-crh"},"content":"","lastModifiedDate":"2022-08-18"},{"lineNumber":5,"author":{"gitId":"rui-han-crh"},"content":"    public Event(String name, String dueString) {","lastModifiedDate":"2022-08-18"},{"lineNumber":6,"author":{"gitId":"rui-han-crh"},"content":"        super(name, dueString, \"at\");","lastModifiedDate":"2022-08-18"},{"lineNumber":7,"author":{"gitId":"rui-han-crh"},"content":"    }","lastModifiedDate":"2022-08-18"},{"lineNumber":8,"author":{"gitId":"rui-han-crh"},"content":"","lastModifiedDate":"2022-08-18"},{"lineNumber":9,"author":{"gitId":"rui-han-crh"},"content":"    @Override","lastModifiedDate":"2022-08-18"},{"lineNumber":10,"author":{"gitId":"rui-han-crh"},"content":"    public String toString() {","lastModifiedDate":"2022-08-18"},{"lineNumber":11,"author":{"gitId":"rui-han-crh"},"content":"        return \"[E]\" + super.toString();","lastModifiedDate":"2022-08-18"},{"lineNumber":12,"author":{"gitId":"rui-han-crh"},"content":"    }","lastModifiedDate":"2022-08-18"},{"lineNumber":13,"author":{"gitId":"rui-han-crh"},"content":"}","lastModifiedDate":"2022-08-18"}],"authorContributionMap":{"rui-han-crh":13}},{"path":"src/main/java/InvalidJobException.java","fileType":"java","lines":[{"lineNumber":1,"author":{"gitId":"rui-han-crh"},"content":"public class InvalidJobException extends Exception {","lastModifiedDate":"2022-08-18"},{"lineNumber":2,"author":{"gitId":"rui-han-crh"},"content":"    public InvalidJobException() {","lastModifiedDate":"2022-08-18"},{"lineNumber":3,"author":{"gitId":"rui-han-crh"},"content":"        super(\"☹ OOPS!!! I\u0027m sorry, but I don\u0027t know what that means :-(\");","lastModifiedDate":"2022-08-18"},{"lineNumber":4,"author":{"gitId":"rui-han-crh"},"content":"    }","lastModifiedDate":"2022-08-18"},{"lineNumber":5,"author":{"gitId":"rui-han-crh"},"content":"}","lastModifiedDate":"2022-08-18"}],"authorContributionMap":{"rui-han-crh":5}},{"path":"src/main/java/Job.java","fileType":"java","lines":[{"lineNumber":1,"author":{"gitId":"rui-han-crh"},"content":"import java.util.Objects;","lastModifiedDate":"2022-08-17"},{"lineNumber":2,"author":{"gitId":"rui-han-crh"},"content":"","lastModifiedDate":"2022-08-17"},{"lineNumber":3,"author":{"gitId":"rui-han-crh"},"content":"public class Job {","lastModifiedDate":"2022-08-17"},{"lineNumber":4,"author":{"gitId":"rui-han-crh"},"content":"    public enum JobState {","lastModifiedDate":"2022-08-17"},{"lineNumber":5,"author":{"gitId":"rui-han-crh"},"content":"        Done,","lastModifiedDate":"2022-08-17"},{"lineNumber":6,"author":{"gitId":"rui-han-crh"},"content":"        NotDone","lastModifiedDate":"2022-08-17"},{"lineNumber":7,"author":{"gitId":"rui-han-crh"},"content":"    }","lastModifiedDate":"2022-08-17"},{"lineNumber":8,"author":{"gitId":"rui-han-crh"},"content":"    private final String name;","lastModifiedDate":"2022-08-17"},{"lineNumber":9,"author":{"gitId":"rui-han-crh"},"content":"    private JobState jobState;","lastModifiedDate":"2022-08-17"},{"lineNumber":10,"author":{"gitId":"rui-han-crh"},"content":"","lastModifiedDate":"2022-08-17"},{"lineNumber":11,"author":{"gitId":"rui-han-crh"},"content":"    public Job(String name) {","lastModifiedDate":"2022-08-17"},{"lineNumber":12,"author":{"gitId":"rui-han-crh"},"content":"        this.name \u003d name;","lastModifiedDate":"2022-08-17"},{"lineNumber":13,"author":{"gitId":"rui-han-crh"},"content":"        this.jobState \u003d JobState.NotDone;","lastModifiedDate":"2022-08-17"},{"lineNumber":14,"author":{"gitId":"rui-han-crh"},"content":"    }","lastModifiedDate":"2022-08-17"},{"lineNumber":15,"author":{"gitId":"rui-han-crh"},"content":"","lastModifiedDate":"2022-08-17"},{"lineNumber":16,"author":{"gitId":"rui-han-crh"},"content":"    public Job(String name, boolean done) {","lastModifiedDate":"2022-08-17"},{"lineNumber":17,"author":{"gitId":"rui-han-crh"},"content":"        this(name);","lastModifiedDate":"2022-08-17"},{"lineNumber":18,"author":{"gitId":"rui-han-crh"},"content":"        this.jobState \u003d JobState.Done;","lastModifiedDate":"2022-08-17"},{"lineNumber":19,"author":{"gitId":"rui-han-crh"},"content":"    }","lastModifiedDate":"2022-08-17"},{"lineNumber":20,"author":{"gitId":"rui-han-crh"},"content":"","lastModifiedDate":"2022-08-17"},{"lineNumber":21,"author":{"gitId":"rui-han-crh"},"content":"    public void MarkJobState(boolean isComplete) {","lastModifiedDate":"2022-08-17"},{"lineNumber":22,"author":{"gitId":"rui-han-crh"},"content":"        this.jobState \u003d isComplete ? JobState.Done : JobState.NotDone;","lastModifiedDate":"2022-08-17"},{"lineNumber":23,"author":{"gitId":"rui-han-crh"},"content":"    }","lastModifiedDate":"2022-08-17"},{"lineNumber":24,"author":{"gitId":"rui-han-crh"},"content":"","lastModifiedDate":"2022-08-17"},{"lineNumber":25,"author":{"gitId":"rui-han-crh"},"content":"    @Override","lastModifiedDate":"2022-08-17"},{"lineNumber":26,"author":{"gitId":"rui-han-crh"},"content":"    public String toString() {","lastModifiedDate":"2022-08-17"},{"lineNumber":27,"author":{"gitId":"rui-han-crh"},"content":"       return String.format(\"[%s] \", jobState.equals(JobState.Done) ? \"X\" : \" \") + name;","lastModifiedDate":"2022-08-17"},{"lineNumber":28,"author":{"gitId":"rui-han-crh"},"content":"    }","lastModifiedDate":"2022-08-17"},{"lineNumber":29,"author":{"gitId":"rui-han-crh"},"content":"}","lastModifiedDate":"2022-08-17"}],"authorContributionMap":{"rui-han-crh":29}},{"path":"src/main/java/JobCreationException.java","fileType":"java","lines":[{"lineNumber":1,"author":{"gitId":"rui-han-crh"},"content":"import java.util.Arrays;","lastModifiedDate":"2022-08-18"},{"lineNumber":2,"author":{"gitId":"rui-han-crh"},"content":"import java.util.Locale;","lastModifiedDate":"2022-08-18"},{"lineNumber":3,"author":{"gitId":"rui-han-crh"},"content":"","lastModifiedDate":"2022-08-18"},{"lineNumber":4,"author":{"gitId":"rui-han-crh"},"content":"public class JobCreationException extends Exception {","lastModifiedDate":"2022-08-18"},{"lineNumber":5,"author":{"gitId":"rui-han-crh"},"content":"    public JobCreationException(String jobType) {","lastModifiedDate":"2022-08-18"},{"lineNumber":6,"author":{"gitId":"rui-han-crh"},"content":"        super(String.format(\"☹ OOPS!!! The description of %s %s cannot be empty.\",","lastModifiedDate":"2022-08-18"},{"lineNumber":7,"author":{"gitId":"rui-han-crh"},"content":"                \"aeiou\".contains(jobType.toLowerCase(Locale.ROOT).charAt(0) + \"\") ? \"an\" : \"a\",","lastModifiedDate":"2022-08-18"},{"lineNumber":8,"author":{"gitId":"rui-han-crh"},"content":"                jobType));","lastModifiedDate":"2022-08-18"},{"lineNumber":9,"author":{"gitId":"rui-han-crh"},"content":"    }","lastModifiedDate":"2022-08-18"},{"lineNumber":10,"author":{"gitId":"rui-han-crh"},"content":"}","lastModifiedDate":"2022-08-18"}],"authorContributionMap":{"rui-han-crh":10}},{"path":"src/main/java/TimedJobs.java","fileType":"java","lines":[{"lineNumber":1,"author":{"gitId":"rui-han-crh"},"content":"import java.sql.Time;","lastModifiedDate":"2022-08-18"},{"lineNumber":2,"author":{"gitId":"rui-han-crh"},"content":"import java.time.LocalDateTime;","lastModifiedDate":"2022-08-18"},{"lineNumber":3,"author":{"gitId":"rui-han-crh"},"content":"import java.time.Month;","lastModifiedDate":"2022-08-18"},{"lineNumber":4,"author":{"gitId":"rui-han-crh"},"content":"import java.time.format.DateTimeFormatter;","lastModifiedDate":"2022-08-18"},{"lineNumber":5,"author":{"gitId":"rui-han-crh"},"content":"","lastModifiedDate":"2022-08-18"},{"lineNumber":6,"author":{"gitId":"rui-han-crh"},"content":"public class TimedJobs extends Job {","lastModifiedDate":"2022-08-18"},{"lineNumber":7,"author":{"gitId":"rui-han-crh"},"content":"    private final String timeString;","lastModifiedDate":"2022-08-18"},{"lineNumber":8,"author":{"gitId":"rui-han-crh"},"content":"    private final String prefix;","lastModifiedDate":"2022-08-18"},{"lineNumber":9,"author":{"gitId":"rui-han-crh"},"content":"","lastModifiedDate":"2022-08-18"},{"lineNumber":10,"author":{"gitId":"rui-han-crh"},"content":"    public TimedJobs(String name, String timeString, String prefix) {","lastModifiedDate":"2022-08-18"},{"lineNumber":11,"author":{"gitId":"rui-han-crh"},"content":"        super(name);","lastModifiedDate":"2022-08-18"},{"lineNumber":12,"author":{"gitId":"rui-han-crh"},"content":"        this.timeString \u003d timeString;","lastModifiedDate":"2022-08-18"},{"lineNumber":13,"author":{"gitId":"rui-han-crh"},"content":"        this.prefix \u003d prefix;","lastModifiedDate":"2022-08-18"},{"lineNumber":14,"author":{"gitId":"rui-han-crh"},"content":"    }","lastModifiedDate":"2022-08-18"},{"lineNumber":15,"author":{"gitId":"rui-han-crh"},"content":"","lastModifiedDate":"2022-08-18"},{"lineNumber":16,"author":{"gitId":"rui-han-crh"},"content":"    @Override","lastModifiedDate":"2022-08-18"},{"lineNumber":17,"author":{"gitId":"rui-han-crh"},"content":"    public String toString() {","lastModifiedDate":"2022-08-18"},{"lineNumber":18,"author":{"gitId":"rui-han-crh"},"content":"        return super.toString()","lastModifiedDate":"2022-08-18"},{"lineNumber":19,"author":{"gitId":"rui-han-crh"},"content":"                + \" (\" + prefix + \": \" + timeString + \")\";","lastModifiedDate":"2022-08-18"},{"lineNumber":20,"author":{"gitId":"rui-han-crh"},"content":"    }","lastModifiedDate":"2022-08-18"},{"lineNumber":21,"author":{"gitId":"rui-han-crh"},"content":"}","lastModifiedDate":"2022-08-18"}],"authorContributionMap":{"rui-han-crh":21}},{"path":"src/main/java/ToDo.java","fileType":"java","lines":[{"lineNumber":1,"author":{"gitId":"rui-han-crh"},"content":"public class ToDo extends Job{","lastModifiedDate":"2022-08-18"},{"lineNumber":2,"author":{"gitId":"rui-han-crh"},"content":"    public ToDo(String name) {","lastModifiedDate":"2022-08-18"},{"lineNumber":3,"author":{"gitId":"rui-han-crh"},"content":"        super(name);","lastModifiedDate":"2022-08-18"},{"lineNumber":4,"author":{"gitId":"rui-han-crh"},"content":"    }","lastModifiedDate":"2022-08-18"},{"lineNumber":5,"author":{"gitId":"rui-han-crh"},"content":"","lastModifiedDate":"2022-08-18"},{"lineNumber":6,"author":{"gitId":"rui-han-crh"},"content":"    @Override","lastModifiedDate":"2022-08-18"},{"lineNumber":7,"author":{"gitId":"rui-han-crh"},"content":"    public String toString() {","lastModifiedDate":"2022-08-18"},{"lineNumber":8,"author":{"gitId":"rui-han-crh"},"content":"        return \"[T]\" + super.toString();","lastModifiedDate":"2022-08-18"},{"lineNumber":9,"author":{"gitId":"rui-han-crh"},"content":"    }","lastModifiedDate":"2022-08-18"},{"lineNumber":10,"author":{"gitId":"rui-han-crh"},"content":"}","lastModifiedDate":"2022-08-18"}],"authorContributionMap":{"rui-han-crh":10}},{"path":"text-ui-test/input.txt","fileType":"txt","lines":[{"lineNumber":1,"author":{"gitId":"rui-han-crh"},"content":"todo buy cheese","lastModifiedDate":"2022-08-18"},{"lineNumber":2,"author":{"gitId":"rui-han-crh"},"content":"event attend water party /at 12 noon on Monday","lastModifiedDate":"2022-08-18"},{"lineNumber":3,"author":{"gitId":"rui-han-crh"},"content":"deadline bake cake /by Saturday","lastModifiedDate":"2022-08-18"},{"lineNumber":4,"author":{"gitId":"rui-han-crh"},"content":"list","lastModifiedDate":"2022-08-18"}],"authorContributionMap":{"rui-han-crh":4}},{"path":"text-ui-test/runtest.bat","fileType":"bat","lines":[{"lineNumber":1,"author":{"gitId":"-"},"content":"@ECHO OFF","lastModifiedDate":"2020-05-25"},{"lineNumber":2,"author":{"gitId":"-"},"content":"","lastModifiedDate":"2020-05-25"},{"lineNumber":3,"author":{"gitId":"-"},"content":"REM create bin directory if it doesn\u0027t exist","lastModifiedDate":"2020-05-25"},{"lineNumber":4,"author":{"gitId":"-"},"content":"if not exist ..\\bin mkdir ..\\bin","lastModifiedDate":"2020-05-25"},{"lineNumber":5,"author":{"gitId":"-"},"content":"","lastModifiedDate":"2020-05-25"},{"lineNumber":6,"author":{"gitId":"-"},"content":"REM delete output from previous run","lastModifiedDate":"2020-05-25"},{"lineNumber":7,"author":{"gitId":"-"},"content":"if exist ACTUAL.TXT del ACTUAL.TXT","lastModifiedDate":"2020-08-25"},{"lineNumber":8,"author":{"gitId":"-"},"content":"","lastModifiedDate":"2020-05-25"},{"lineNumber":9,"author":{"gitId":"-"},"content":"REM compile the code into the bin folder","lastModifiedDate":"2020-05-25"},{"lineNumber":10,"author":{"gitId":"-"},"content":"javac  -cp ..\\src\\main\\java -Xlint:none -d ..\\bin ..\\src\\main\\java\\*.java","lastModifiedDate":"2020-08-25"},{"lineNumber":11,"author":{"gitId":"-"},"content":"IF ERRORLEVEL 1 (","lastModifiedDate":"2020-05-25"},{"lineNumber":12,"author":{"gitId":"-"},"content":"    echo ********** BUILD FAILURE **********","lastModifiedDate":"2020-05-25"},{"lineNumber":13,"author":{"gitId":"-"},"content":"    exit /b 1","lastModifiedDate":"2020-05-25"},{"lineNumber":14,"author":{"gitId":"-"},"content":")","lastModifiedDate":"2020-05-25"},{"lineNumber":15,"author":{"gitId":"-"},"content":"REM no error here, errorlevel \u003d\u003d 0","lastModifiedDate":"2020-05-25"},{"lineNumber":16,"author":{"gitId":"-"},"content":"","lastModifiedDate":"2020-05-25"},{"lineNumber":17,"author":{"gitId":"-"},"content":"REM run the program, feed commands from input.txt file and redirect the output to the ACTUAL.TXT","lastModifiedDate":"2020-05-25"},{"lineNumber":18,"author":{"gitId":"-"},"content":"java -classpath ..\\bin Duke \u003c input.txt \u003e ACTUAL.TXT","lastModifiedDate":"2020-05-25"},{"lineNumber":19,"author":{"gitId":"-"},"content":"","lastModifiedDate":"2020-05-25"},{"lineNumber":20,"author":{"gitId":"-"},"content":"REM compare the output to the expected output","lastModifiedDate":"2020-05-25"},{"lineNumber":21,"author":{"gitId":"-"},"content":"FC ACTUAL.TXT EXPECTED.TXT","lastModifiedDate":"2020-05-25"},{"lineNumber":22,"author":{"gitId":"rui-han-crh"},"content":"pause \u003enul","lastModifiedDate":"2022-08-18"}],"authorContributionMap":{"rui-han-crh":1,"-":21}}]
