[{"path":"src/main/java/Deadline.java","fileType":"java","lines":[{"lineNumber":1,"author":{"gitId":"nopehax"},"content":"import java.time.LocalDate;","lastModifiedDate":"2022-08-24"},{"lineNumber":2,"author":{"gitId":"nopehax"},"content":"import java.time.LocalTime;","lastModifiedDate":"2022-08-24"},{"lineNumber":3,"author":{"gitId":"nopehax"},"content":"","lastModifiedDate":"2022-08-24"},{"lineNumber":4,"author":{"gitId":"nopehax"},"content":"public class Deadline extends Task{","lastModifiedDate":"2022-08-18"},{"lineNumber":5,"author":{"gitId":"nopehax"},"content":"    protected LocalDate byDate;","lastModifiedDate":"2022-08-24"},{"lineNumber":6,"author":{"gitId":"nopehax"},"content":"    protected LocalTime byTime \u003d null;","lastModifiedDate":"2022-08-24"},{"lineNumber":7,"author":{"gitId":"nopehax"},"content":"","lastModifiedDate":"2022-08-18"},{"lineNumber":8,"author":{"gitId":"nopehax"},"content":"    public Deadline(String description, String by) {","lastModifiedDate":"2022-08-18"},{"lineNumber":9,"author":{"gitId":"nopehax"},"content":"        super(description);","lastModifiedDate":"2022-08-18"},{"lineNumber":10,"author":{"gitId":"nopehax"},"content":"        String[] arr \u003d by.split(\" \");","lastModifiedDate":"2022-08-24"},{"lineNumber":11,"author":{"gitId":"nopehax"},"content":"        this.byDate \u003d LocalDate.parse(arr[0], Task.INPUT_DATE_FORMAT);","lastModifiedDate":"2022-08-24"},{"lineNumber":12,"author":{"gitId":"nopehax"},"content":"        if (arr.length !\u003d 1) {","lastModifiedDate":"2022-08-24"},{"lineNumber":13,"author":{"gitId":"nopehax"},"content":"            this.byTime \u003d LocalTime.parse(arr[1], Task.INPUT_TIME_FORMAT);","lastModifiedDate":"2022-08-24"},{"lineNumber":14,"author":{"gitId":"nopehax"},"content":"        }","lastModifiedDate":"2022-08-24"},{"lineNumber":15,"author":{"gitId":"nopehax"},"content":"    }","lastModifiedDate":"2022-08-24"},{"lineNumber":16,"author":{"gitId":"nopehax"},"content":"","lastModifiedDate":"2022-08-24"},{"lineNumber":17,"author":{"gitId":"nopehax"},"content":"    private String parseDate() {","lastModifiedDate":"2022-08-24"},{"lineNumber":18,"author":{"gitId":"nopehax"},"content":"        String output \u003d this.byDate.format(Task.OUTPUT_DATE_FORMAT);","lastModifiedDate":"2022-08-24"},{"lineNumber":19,"author":{"gitId":"nopehax"},"content":"        if (this.byTime !\u003d null) {","lastModifiedDate":"2022-08-24"},{"lineNumber":20,"author":{"gitId":"nopehax"},"content":"            output +\u003d \" \" + this.byTime.format(Task.OUTPUT_TIME_FORMAT);","lastModifiedDate":"2022-08-24"},{"lineNumber":21,"author":{"gitId":"nopehax"},"content":"        }","lastModifiedDate":"2022-08-24"},{"lineNumber":22,"author":{"gitId":"nopehax"},"content":"        return output;","lastModifiedDate":"2022-08-24"},{"lineNumber":23,"author":{"gitId":"nopehax"},"content":"    }","lastModifiedDate":"2022-08-18"},{"lineNumber":24,"author":{"gitId":"nopehax"},"content":"","lastModifiedDate":"2022-08-18"},{"lineNumber":25,"author":{"gitId":"nopehax"},"content":"    @Override","lastModifiedDate":"2022-08-24"},{"lineNumber":26,"author":{"gitId":"nopehax"},"content":"    public String format() {","lastModifiedDate":"2022-08-24"},{"lineNumber":27,"author":{"gitId":"nopehax"},"content":"        return \"deadline \" + this.description + \" /by \" + this.by + \"|\" + this.getStatusIcon();","lastModifiedDate":"2022-08-24"},{"lineNumber":28,"author":{"gitId":"nopehax"},"content":"    }","lastModifiedDate":"2022-08-24"},{"lineNumber":29,"author":{"gitId":"nopehax"},"content":"","lastModifiedDate":"2022-08-24"},{"lineNumber":30,"author":{"gitId":"nopehax"},"content":"    @Override","lastModifiedDate":"2022-08-18"},{"lineNumber":31,"author":{"gitId":"nopehax"},"content":"    public String toString() {","lastModifiedDate":"2022-08-18"},{"lineNumber":32,"author":{"gitId":"nopehax"},"content":"        return \"[D]\" + super.toString() + \" (by: \" + this.parseDate() + \")\";","lastModifiedDate":"2022-08-24"},{"lineNumber":33,"author":{"gitId":"nopehax"},"content":"    }","lastModifiedDate":"2022-08-18"},{"lineNumber":34,"author":{"gitId":"nopehax"},"content":"}","lastModifiedDate":"2022-08-18"}],"authorContributionMap":{"nopehax":34}},{"path":"src/main/java/Duke.java","fileType":"java","lines":[{"lineNumber":1,"author":{"gitId":"nopehax"},"content":"import java.io.File;","lastModifiedDate":"2022-08-24"},{"lineNumber":2,"author":{"gitId":"nopehax"},"content":"import java.io.FileNotFoundException;","lastModifiedDate":"2022-08-24"},{"lineNumber":3,"author":{"gitId":"nopehax"},"content":"import java.io.FileWriter;","lastModifiedDate":"2022-08-24"},{"lineNumber":4,"author":{"gitId":"nopehax"},"content":"import java.io.IOException;","lastModifiedDate":"2022-08-24"},{"lineNumber":5,"author":{"gitId":"nopehax"},"content":"import java.time.format.DateTimeParseException;","lastModifiedDate":"2022-08-24"},{"lineNumber":6,"author":{"gitId":"nopehax"},"content":"import java.util.Scanner;","lastModifiedDate":"2022-08-18"},{"lineNumber":7,"author":{"gitId":"nopehax"},"content":"import java.util.ArrayList;","lastModifiedDate":"2022-08-18"},{"lineNumber":8,"author":{"gitId":"nopehax"},"content":"","lastModifiedDate":"2022-08-18"},{"lineNumber":9,"author":{"gitId":"-"},"content":"public class Duke {","lastModifiedDate":"2019-07-29"},{"lineNumber":10,"author":{"gitId":"nopehax"},"content":"    private static final ArrayList\u003cTask\u003e store \u003d new ArrayList\u003c\u003e();","lastModifiedDate":"2022-08-18"},{"lineNumber":11,"author":{"gitId":"nopehax"},"content":"    private static final String FILE_PATH \u003d \"data\" + File.separator + \"taskList.txt\";","lastModifiedDate":"2022-08-23"},{"lineNumber":12,"author":{"gitId":"nopehax"},"content":"    private static final String[] COMMAND_HELP \u003d new String[] { \"todo [description]\",","lastModifiedDate":"2022-08-24"},{"lineNumber":13,"author":{"gitId":"nopehax"},"content":"                                                                \"deadline [description] /by [date]\",","lastModifiedDate":"2022-08-24"},{"lineNumber":14,"author":{"gitId":"nopehax"},"content":"                                                                \"event [description] /at [date]\",","lastModifiedDate":"2022-08-24"},{"lineNumber":15,"author":{"gitId":"nopehax"},"content":"                                                                \"list\",","lastModifiedDate":"2022-08-24"},{"lineNumber":16,"author":{"gitId":"nopehax"},"content":"                                                                \"bye\" };","lastModifiedDate":"2022-08-24"},{"lineNumber":17,"author":{"gitId":"nopehax"},"content":"    enum COMMANDS {todo, deadline, event, mark, unmark, delete, }","lastModifiedDate":"2022-08-18"},{"lineNumber":18,"author":{"gitId":"nopehax"},"content":"","lastModifiedDate":"2022-08-18"},{"lineNumber":19,"author":{"gitId":"-"},"content":"    public static void main(String[] args) {","lastModifiedDate":"2019-07-29"},{"lineNumber":20,"author":{"gitId":"nopehax"},"content":"        loadFromFile();","lastModifiedDate":"2022-08-24"},{"lineNumber":21,"author":{"gitId":"nopehax"},"content":"        System.out.println(\"Hello! What are we gonna do today?\");","lastModifiedDate":"2022-08-18"},{"lineNumber":22,"author":{"gitId":"nopehax"},"content":"        System.out.println(\"Use \u0027/?\u0027 for help\");","lastModifiedDate":"2022-08-23"},{"lineNumber":23,"author":{"gitId":"nopehax"},"content":"","lastModifiedDate":"2022-08-23"},{"lineNumber":24,"author":{"gitId":"nopehax"},"content":"        Scanner sc \u003d new Scanner(System.in);","lastModifiedDate":"2022-08-18"},{"lineNumber":25,"author":{"gitId":"nopehax"},"content":"        while (true) {","lastModifiedDate":"2022-08-23"},{"lineNumber":26,"author":{"gitId":"nopehax"},"content":"            String input \u003d sc.nextLine();","lastModifiedDate":"2022-08-18"},{"lineNumber":27,"author":{"gitId":"nopehax"},"content":"            if (isCommand(input.split(\" \")[0])) {","lastModifiedDate":"2022-08-18"},{"lineNumber":28,"author":{"gitId":"nopehax"},"content":"                try {","lastModifiedDate":"2022-08-18"},{"lineNumber":29,"author":{"gitId":"nopehax"},"content":"                    parse(input, false);","lastModifiedDate":"2022-08-23"},{"lineNumber":30,"author":{"gitId":"nopehax"},"content":"                } catch (DukeWrongArgumentException e) {","lastModifiedDate":"2022-08-18"},{"lineNumber":31,"author":{"gitId":"nopehax"},"content":"                    System.out.println(e.getMessage());","lastModifiedDate":"2022-08-18"},{"lineNumber":32,"author":{"gitId":"nopehax"},"content":"                    System.out.println(\"Pls try again\");","lastModifiedDate":"2022-08-18"},{"lineNumber":33,"author":{"gitId":"nopehax"},"content":"                } catch (DateTimeParseException e) {","lastModifiedDate":"2022-08-24"},{"lineNumber":34,"author":{"gitId":"nopehax"},"content":"                    System.out.println(\"\u0027\" + e.getParsedString() + \"\u0027\" + \" is not valid date/time format\");","lastModifiedDate":"2022-08-24"},{"lineNumber":35,"author":{"gitId":"nopehax"},"content":"                    System.out.println(\"It should be dd/MM/yy and optional 24hr time\");","lastModifiedDate":"2022-08-24"},{"lineNumber":36,"author":{"gitId":"nopehax"},"content":"                    System.out.println(\"Pls try again\");","lastModifiedDate":"2022-08-24"},{"lineNumber":37,"author":{"gitId":"nopehax"},"content":"","lastModifiedDate":"2022-08-24"},{"lineNumber":38,"author":{"gitId":"nopehax"},"content":"                }","lastModifiedDate":"2022-08-18"},{"lineNumber":39,"author":{"gitId":"nopehax"},"content":"            } else if (input.equals(\"bye\")) {","lastModifiedDate":"2022-08-18"},{"lineNumber":40,"author":{"gitId":"nopehax"},"content":"                saveToFile();","lastModifiedDate":"2022-08-24"},{"lineNumber":41,"author":{"gitId":"nopehax"},"content":"                System.out.println(\"\\tBye! Hope that I was of service!\");","lastModifiedDate":"2022-08-18"},{"lineNumber":42,"author":{"gitId":"nopehax"},"content":"                break;","lastModifiedDate":"2022-08-18"},{"lineNumber":43,"author":{"gitId":"nopehax"},"content":"            } else if (input.equals(\"list\")) {","lastModifiedDate":"2022-08-18"},{"lineNumber":44,"author":{"gitId":"nopehax"},"content":"                int number \u003d 1;","lastModifiedDate":"2022-08-18"},{"lineNumber":45,"author":{"gitId":"nopehax"},"content":"                for (Task task : store) {","lastModifiedDate":"2022-08-18"},{"lineNumber":46,"author":{"gitId":"nopehax"},"content":"                    if (task \u003d\u003d null) continue;","lastModifiedDate":"2022-08-18"},{"lineNumber":47,"author":{"gitId":"nopehax"},"content":"                    System.out.println(\"\\t\" + number + \".\" + task);","lastModifiedDate":"2022-08-18"},{"lineNumber":48,"author":{"gitId":"nopehax"},"content":"                    number++;","lastModifiedDate":"2022-08-18"},{"lineNumber":49,"author":{"gitId":"nopehax"},"content":"                }","lastModifiedDate":"2022-08-18"},{"lineNumber":50,"author":{"gitId":"nopehax"},"content":"                System.out.println(\"\\nYou currently have \" + store.size() + \" tasks in the list\");","lastModifiedDate":"2022-08-18"},{"lineNumber":51,"author":{"gitId":"nopehax"},"content":"                if (store.size() !\u003d 0) {","lastModifiedDate":"2022-08-24"},{"lineNumber":52,"author":{"gitId":"nopehax"},"content":"                    System.out.println(\"Pls don\u0027t procrastinate on the above tasks!\");","lastModifiedDate":"2022-08-18"},{"lineNumber":53,"author":{"gitId":"nopehax"},"content":"                }","lastModifiedDate":"2022-08-24"},{"lineNumber":54,"author":{"gitId":"nopehax"},"content":"            } else if (input.equals(\"/?\")) {","lastModifiedDate":"2022-08-23"},{"lineNumber":55,"author":{"gitId":"nopehax"},"content":"                System.out.println(\"These are the commands available:\\n\");","lastModifiedDate":"2022-08-24"},{"lineNumber":56,"author":{"gitId":"nopehax"},"content":"                for (String desc : COMMAND_HELP) {","lastModifiedDate":"2022-08-24"},{"lineNumber":57,"author":{"gitId":"nopehax"},"content":"                    System.out.println(\"\\t\" + desc);","lastModifiedDate":"2022-08-24"},{"lineNumber":58,"author":{"gitId":"nopehax"},"content":"                }","lastModifiedDate":"2022-08-24"},{"lineNumber":59,"author":{"gitId":"nopehax"},"content":"            } else {","lastModifiedDate":"2022-08-18"},{"lineNumber":60,"author":{"gitId":"nopehax"},"content":"                System.out.println(\"what\u0027s this?! REDO!!!!\");","lastModifiedDate":"2022-08-18"},{"lineNumber":61,"author":{"gitId":"nopehax"},"content":"            }","lastModifiedDate":"2022-08-18"},{"lineNumber":62,"author":{"gitId":"nopehax"},"content":"        }","lastModifiedDate":"2022-08-18"},{"lineNumber":63,"author":{"gitId":"nopehax"},"content":"        sc.close();","lastModifiedDate":"2022-08-23"},{"lineNumber":64,"author":{"gitId":"nopehax"},"content":"    }","lastModifiedDate":"2022-08-18"},{"lineNumber":65,"author":{"gitId":"nopehax"},"content":"","lastModifiedDate":"2022-08-18"},{"lineNumber":66,"author":{"gitId":"nopehax"},"content":"    private static boolean isCommand(String input) {","lastModifiedDate":"2022-08-18"},{"lineNumber":67,"author":{"gitId":"nopehax"},"content":"        for (COMMANDS c : COMMANDS.values()) {","lastModifiedDate":"2022-08-18"},{"lineNumber":68,"author":{"gitId":"nopehax"},"content":"            if (c.name().equals(input)) return true;","lastModifiedDate":"2022-08-18"},{"lineNumber":69,"author":{"gitId":"nopehax"},"content":"        }","lastModifiedDate":"2022-08-18"},{"lineNumber":70,"author":{"gitId":"nopehax"},"content":"        return false;","lastModifiedDate":"2022-08-18"},{"lineNumber":71,"author":{"gitId":"nopehax"},"content":"    }","lastModifiedDate":"2022-08-18"},{"lineNumber":72,"author":{"gitId":"nopehax"},"content":"","lastModifiedDate":"2022-08-18"},{"lineNumber":73,"author":{"gitId":"nopehax"},"content":"    private static void parse(String input, boolean fromSave) throws DukeWrongArgumentException, DateTimeParseException {","lastModifiedDate":"2022-08-24"},{"lineNumber":74,"author":{"gitId":"nopehax"},"content":"        String mark \u003d null;","lastModifiedDate":"2022-08-24"},{"lineNumber":75,"author":{"gitId":"nopehax"},"content":"        String[] arr;","lastModifiedDate":"2022-08-24"},{"lineNumber":76,"author":{"gitId":"nopehax"},"content":"        if (fromSave) {","lastModifiedDate":"2022-08-24"},{"lineNumber":77,"author":{"gitId":"nopehax"},"content":"            String[] item \u003d input.split(\"\\\\|\");","lastModifiedDate":"2022-08-24"},{"lineNumber":78,"author":{"gitId":"nopehax"},"content":"            mark \u003d item[1];","lastModifiedDate":"2022-08-24"},{"lineNumber":79,"author":{"gitId":"nopehax"},"content":"            arr \u003d item[0].split(\" \", 2);","lastModifiedDate":"2022-08-24"},{"lineNumber":80,"author":{"gitId":"nopehax"},"content":"        } else {","lastModifiedDate":"2022-08-24"},{"lineNumber":81,"author":{"gitId":"nopehax"},"content":"            arr \u003d input.split(\" \", 2);","lastModifiedDate":"2022-08-24"},{"lineNumber":82,"author":{"gitId":"nopehax"},"content":"        }","lastModifiedDate":"2022-08-24"},{"lineNumber":83,"author":{"gitId":"nopehax"},"content":"        COMMANDS command \u003d COMMANDS.valueOf(arr[0]);","lastModifiedDate":"2022-08-18"},{"lineNumber":84,"author":{"gitId":"nopehax"},"content":"        try {","lastModifiedDate":"2022-08-18"},{"lineNumber":85,"author":{"gitId":"nopehax"},"content":"            switch (command) {","lastModifiedDate":"2022-08-18"},{"lineNumber":86,"author":{"gitId":"nopehax"},"content":"                case mark: {","lastModifiedDate":"2022-08-18"},{"lineNumber":87,"author":{"gitId":"nopehax"},"content":"                    int index \u003d Integer.parseInt(arr[1]) - 1;","lastModifiedDate":"2022-08-18"},{"lineNumber":88,"author":{"gitId":"nopehax"},"content":"                    store.get(index).markAsDone();","lastModifiedDate":"2022-08-18"},{"lineNumber":89,"author":{"gitId":"nopehax"},"content":"                    System.out.println(\"\\tnice! I\u0027ve marked this task as done:\");","lastModifiedDate":"2022-08-18"},{"lineNumber":90,"author":{"gitId":"nopehax"},"content":"                    System.out.println(\"\\t\\t\" + store.get(index));","lastModifiedDate":"2022-08-18"},{"lineNumber":91,"author":{"gitId":"nopehax"},"content":"                    return;","lastModifiedDate":"2022-08-18"},{"lineNumber":92,"author":{"gitId":"nopehax"},"content":"                }","lastModifiedDate":"2022-08-18"},{"lineNumber":93,"author":{"gitId":"nopehax"},"content":"                case unmark: {","lastModifiedDate":"2022-08-18"},{"lineNumber":94,"author":{"gitId":"nopehax"},"content":"                    int index \u003d Integer.parseInt(arr[1]) - 1;","lastModifiedDate":"2022-08-18"},{"lineNumber":95,"author":{"gitId":"nopehax"},"content":"                    store.get(index).markAsNotDone();","lastModifiedDate":"2022-08-18"},{"lineNumber":96,"author":{"gitId":"nopehax"},"content":"                    System.out.println(\"\\tOk! I\u0027ve marked this task as not done yet:\");","lastModifiedDate":"2022-08-18"},{"lineNumber":97,"author":{"gitId":"nopehax"},"content":"                    System.out.println(\"\\t\\t\" + store.get(index));","lastModifiedDate":"2022-08-18"},{"lineNumber":98,"author":{"gitId":"nopehax"},"content":"                    return;","lastModifiedDate":"2022-08-18"},{"lineNumber":99,"author":{"gitId":"nopehax"},"content":"                }","lastModifiedDate":"2022-08-18"},{"lineNumber":100,"author":{"gitId":"nopehax"},"content":"                case delete: {","lastModifiedDate":"2022-08-18"},{"lineNumber":101,"author":{"gitId":"nopehax"},"content":"                    int index \u003d Integer.parseInt(arr[1]) - 1;","lastModifiedDate":"2022-08-18"},{"lineNumber":102,"author":{"gitId":"nopehax"},"content":"                    Task remove \u003d store.remove(index);","lastModifiedDate":"2022-08-18"},{"lineNumber":103,"author":{"gitId":"nopehax"},"content":"                    System.out.println(\"\\tOk! I\u0027ve deleted this task:\");","lastModifiedDate":"2022-08-18"},{"lineNumber":104,"author":{"gitId":"nopehax"},"content":"                    System.out.println(\"\\t\\t\" + remove);","lastModifiedDate":"2022-08-18"},{"lineNumber":105,"author":{"gitId":"nopehax"},"content":"                    return;","lastModifiedDate":"2022-08-18"},{"lineNumber":106,"author":{"gitId":"nopehax"},"content":"                }","lastModifiedDate":"2022-08-18"},{"lineNumber":107,"author":{"gitId":"nopehax"},"content":"            }","lastModifiedDate":"2022-08-18"},{"lineNumber":108,"author":{"gitId":"nopehax"},"content":"        } catch (NumberFormatException | IndexOutOfBoundsException e) {","lastModifiedDate":"2022-08-18"},{"lineNumber":109,"author":{"gitId":"nopehax"},"content":"            if (e instanceof IndexOutOfBoundsException) {","lastModifiedDate":"2022-08-18"},{"lineNumber":110,"author":{"gitId":"nopehax"},"content":"                throw new DukeWrongArgumentException(arr[1] + \" is not a valid index\", e);","lastModifiedDate":"2022-08-18"},{"lineNumber":111,"author":{"gitId":"nopehax"},"content":"            } else {","lastModifiedDate":"2022-08-18"},{"lineNumber":112,"author":{"gitId":"nopehax"},"content":"                throw new DukeWrongArgumentException(\"Unknown index \u0027\" + arr[1] + \"\u0027\", e);","lastModifiedDate":"2022-08-18"},{"lineNumber":113,"author":{"gitId":"nopehax"},"content":"            }","lastModifiedDate":"2022-08-18"},{"lineNumber":114,"author":{"gitId":"nopehax"},"content":"        }","lastModifiedDate":"2022-08-18"},{"lineNumber":115,"author":{"gitId":"nopehax"},"content":"","lastModifiedDate":"2022-08-18"},{"lineNumber":116,"author":{"gitId":"nopehax"},"content":"        switch (command) {","lastModifiedDate":"2022-08-18"},{"lineNumber":117,"author":{"gitId":"nopehax"},"content":"            case todo: {","lastModifiedDate":"2022-08-18"},{"lineNumber":118,"author":{"gitId":"nopehax"},"content":"                try {","lastModifiedDate":"2022-08-18"},{"lineNumber":119,"author":{"gitId":"nopehax"},"content":"                    store.add(new ToDo(arr[1]));","lastModifiedDate":"2022-08-24"},{"lineNumber":120,"author":{"gitId":"nopehax"},"content":"                } catch (ArrayIndexOutOfBoundsException e) {","lastModifiedDate":"2022-08-18"},{"lineNumber":121,"author":{"gitId":"nopehax"},"content":"                    throw new DukeWrongArgumentException(\"The proper command is: todo [description]\", e);","lastModifiedDate":"2022-08-18"},{"lineNumber":122,"author":{"gitId":"nopehax"},"content":"                }","lastModifiedDate":"2022-08-18"},{"lineNumber":123,"author":{"gitId":"nopehax"},"content":"                break;","lastModifiedDate":"2022-08-18"},{"lineNumber":124,"author":{"gitId":"nopehax"},"content":"            }","lastModifiedDate":"2022-08-18"},{"lineNumber":125,"author":{"gitId":"nopehax"},"content":"            case deadline: {","lastModifiedDate":"2022-08-18"},{"lineNumber":126,"author":{"gitId":"nopehax"},"content":"                try {","lastModifiedDate":"2022-08-18"},{"lineNumber":127,"author":{"gitId":"nopehax"},"content":"                    String[] desc \u003d arr[1].split(\" /by \");","lastModifiedDate":"2022-08-18"},{"lineNumber":128,"author":{"gitId":"nopehax"},"content":"                    store.add(new Deadline(desc[0], desc[1]));","lastModifiedDate":"2022-08-24"},{"lineNumber":129,"author":{"gitId":"nopehax"},"content":"                } catch (ArrayIndexOutOfBoundsException e) {","lastModifiedDate":"2022-08-18"},{"lineNumber":130,"author":{"gitId":"nopehax"},"content":"                    throw new DukeWrongArgumentException(\"The proper command is: deadline [description] /by [date]\", e);","lastModifiedDate":"2022-08-18"},{"lineNumber":131,"author":{"gitId":"nopehax"},"content":"                }","lastModifiedDate":"2022-08-18"},{"lineNumber":132,"author":{"gitId":"nopehax"},"content":"                break;","lastModifiedDate":"2022-08-18"},{"lineNumber":133,"author":{"gitId":"nopehax"},"content":"            }","lastModifiedDate":"2022-08-18"},{"lineNumber":134,"author":{"gitId":"nopehax"},"content":"            case event: {","lastModifiedDate":"2022-08-18"},{"lineNumber":135,"author":{"gitId":"nopehax"},"content":"                try {","lastModifiedDate":"2022-08-18"},{"lineNumber":136,"author":{"gitId":"nopehax"},"content":"                    String[] desc \u003d arr[1].split(\" /at \");","lastModifiedDate":"2022-08-18"},{"lineNumber":137,"author":{"gitId":"nopehax"},"content":"                    store.add(new Event(desc[0], desc[1]));","lastModifiedDate":"2022-08-24"},{"lineNumber":138,"author":{"gitId":"nopehax"},"content":"                } catch (ArrayIndexOutOfBoundsException e) {","lastModifiedDate":"2022-08-18"},{"lineNumber":139,"author":{"gitId":"nopehax"},"content":"                    throw new DukeWrongArgumentException(\"The proper command is: event [description] /at [date]\", e);","lastModifiedDate":"2022-08-18"},{"lineNumber":140,"author":{"gitId":"nopehax"},"content":"                }","lastModifiedDate":"2022-08-18"},{"lineNumber":141,"author":{"gitId":"nopehax"},"content":"                break;","lastModifiedDate":"2022-08-18"},{"lineNumber":142,"author":{"gitId":"nopehax"},"content":"            }","lastModifiedDate":"2022-08-18"},{"lineNumber":143,"author":{"gitId":"nopehax"},"content":"        }","lastModifiedDate":"2022-08-18"},{"lineNumber":144,"author":{"gitId":"nopehax"},"content":"        Task latestTask \u003d store.get(store.size() - 1);","lastModifiedDate":"2022-08-24"},{"lineNumber":145,"author":{"gitId":"nopehax"},"content":"        if (mark !\u003d null \u0026\u0026 mark.equals(\"X\")) {","lastModifiedDate":"2022-08-24"},{"lineNumber":146,"author":{"gitId":"nopehax"},"content":"            latestTask.markAsDone();","lastModifiedDate":"2022-08-24"},{"lineNumber":147,"author":{"gitId":"nopehax"},"content":"        }","lastModifiedDate":"2022-08-24"},{"lineNumber":148,"author":{"gitId":"nopehax"},"content":"        String item \u003d latestTask.toString();","lastModifiedDate":"2022-08-24"},{"lineNumber":149,"author":{"gitId":"nopehax"},"content":"        if (!fromSave) {","lastModifiedDate":"2022-08-23"},{"lineNumber":150,"author":{"gitId":"nopehax"},"content":"            System.out.println(\"\\tadded: \" + item);","lastModifiedDate":"2022-08-23"},{"lineNumber":151,"author":{"gitId":"nopehax"},"content":"            System.out.println(\"You now have \" + store.size() + \" tasks in the list\");","lastModifiedDate":"2022-08-18"},{"lineNumber":152,"author":{"gitId":"-"},"content":"        }","lastModifiedDate":"2019-07-29"},{"lineNumber":153,"author":{"gitId":"nopehax"},"content":"    }","lastModifiedDate":"2022-08-23"},{"lineNumber":154,"author":{"gitId":"nopehax"},"content":"","lastModifiedDate":"2022-08-23"},{"lineNumber":155,"author":{"gitId":"nopehax"},"content":"    private static void loadFromFile() {","lastModifiedDate":"2022-08-24"},{"lineNumber":156,"author":{"gitId":"nopehax"},"content":"        File dataFile \u003d new File(FILE_PATH);","lastModifiedDate":"2022-08-23"},{"lineNumber":157,"author":{"gitId":"nopehax"},"content":"        if (dataFile.exists()) {","lastModifiedDate":"2022-08-24"},{"lineNumber":158,"author":{"gitId":"nopehax"},"content":"            try {","lastModifiedDate":"2022-08-24"},{"lineNumber":159,"author":{"gitId":"nopehax"},"content":"                Scanner s \u003d new Scanner(dataFile);","lastModifiedDate":"2022-08-23"},{"lineNumber":160,"author":{"gitId":"nopehax"},"content":"                while (s.hasNext()) {","lastModifiedDate":"2022-08-23"},{"lineNumber":161,"author":{"gitId":"nopehax"},"content":"                    String item \u003d s.nextLine();","lastModifiedDate":"2022-08-23"},{"lineNumber":162,"author":{"gitId":"nopehax"},"content":"                    parse(item, true);","lastModifiedDate":"2022-08-23"},{"lineNumber":163,"author":{"gitId":"nopehax"},"content":"                }","lastModifiedDate":"2022-08-23"},{"lineNumber":164,"author":{"gitId":"nopehax"},"content":"            } catch (FileNotFoundException | DukeWrongArgumentException e) {","lastModifiedDate":"2022-08-24"},{"lineNumber":165,"author":{"gitId":"nopehax"},"content":"                System.out.println(\"something went wrong while loading save file\\n\" + e);","lastModifiedDate":"2022-08-24"},{"lineNumber":166,"author":{"gitId":"nopehax"},"content":"            }","lastModifiedDate":"2022-08-24"},{"lineNumber":167,"author":{"gitId":"nopehax"},"content":"        }","lastModifiedDate":"2022-08-24"},{"lineNumber":168,"author":{"gitId":"nopehax"},"content":"    }","lastModifiedDate":"2022-08-24"},{"lineNumber":169,"author":{"gitId":"nopehax"},"content":"","lastModifiedDate":"2022-08-24"},{"lineNumber":170,"author":{"gitId":"nopehax"},"content":"    private static void saveToFile() {","lastModifiedDate":"2022-08-24"},{"lineNumber":171,"author":{"gitId":"nopehax"},"content":"        File directory \u003d new File(\"data\" + File.separator);","lastModifiedDate":"2022-08-24"},{"lineNumber":172,"author":{"gitId":"nopehax"},"content":"        File save \u003d new File(FILE_PATH);","lastModifiedDate":"2022-08-24"},{"lineNumber":173,"author":{"gitId":"nopehax"},"content":"        directory.mkdir();","lastModifiedDate":"2022-08-24"},{"lineNumber":174,"author":{"gitId":"nopehax"},"content":"        try {","lastModifiedDate":"2022-08-24"},{"lineNumber":175,"author":{"gitId":"nopehax"},"content":"            save.createNewFile();","lastModifiedDate":"2022-08-24"},{"lineNumber":176,"author":{"gitId":"nopehax"},"content":"        } catch (IOException f) {","lastModifiedDate":"2022-08-24"},{"lineNumber":177,"author":{"gitId":"nopehax"},"content":"            System.out.println(\"something went wrong while creating save file\\n\" + f);","lastModifiedDate":"2022-08-24"},{"lineNumber":178,"author":{"gitId":"nopehax"},"content":"        }","lastModifiedDate":"2022-08-24"},{"lineNumber":179,"author":{"gitId":"nopehax"},"content":"        try {","lastModifiedDate":"2022-08-24"},{"lineNumber":180,"author":{"gitId":"nopehax"},"content":"            FileWriter fw \u003d new FileWriter(FILE_PATH);","lastModifiedDate":"2022-08-24"},{"lineNumber":181,"author":{"gitId":"nopehax"},"content":"            for (Task item : store) {","lastModifiedDate":"2022-08-24"},{"lineNumber":182,"author":{"gitId":"nopehax"},"content":"                fw.write(item.format() + \"\\n\");","lastModifiedDate":"2022-08-24"},{"lineNumber":183,"author":{"gitId":"nopehax"},"content":"            }","lastModifiedDate":"2022-08-24"},{"lineNumber":184,"author":{"gitId":"nopehax"},"content":"            fw.close();","lastModifiedDate":"2022-08-24"},{"lineNumber":185,"author":{"gitId":"nopehax"},"content":"        } catch (IOException e) {","lastModifiedDate":"2022-08-24"},{"lineNumber":186,"author":{"gitId":"nopehax"},"content":"            System.out.println(\"something went wrong while writing to save file\\n\" + e);","lastModifiedDate":"2022-08-24"},{"lineNumber":187,"author":{"gitId":"nopehax"},"content":"        }","lastModifiedDate":"2022-08-23"},{"lineNumber":188,"author":{"gitId":"-"},"content":"    }","lastModifiedDate":"2022-08-23"},{"lineNumber":189,"author":{"gitId":"-"},"content":"}","lastModifiedDate":"2019-07-29"}],"authorContributionMap":{"nopehax":184,"-":5}},{"path":"src/main/java/DukeWrongArgumentException.java","fileType":"java","lines":[{"lineNumber":1,"author":{"gitId":"nopehax"},"content":"public class DukeWrongArgumentException extends Exception{","lastModifiedDate":"2022-08-18"},{"lineNumber":2,"author":{"gitId":"nopehax"},"content":"    public DukeWrongArgumentException(String errMsg, Throwable e) {","lastModifiedDate":"2022-08-18"},{"lineNumber":3,"author":{"gitId":"nopehax"},"content":"        super(errMsg, e);","lastModifiedDate":"2022-08-18"},{"lineNumber":4,"author":{"gitId":"nopehax"},"content":"    }","lastModifiedDate":"2022-08-18"},{"lineNumber":5,"author":{"gitId":"nopehax"},"content":"}","lastModifiedDate":"2022-08-18"}],"authorContributionMap":{"nopehax":5}},{"path":"src/main/java/Event.java","fileType":"java","lines":[{"lineNumber":1,"author":{"gitId":"nopehax"},"content":"import java.time.LocalDate;","lastModifiedDate":"2022-08-24"},{"lineNumber":2,"author":{"gitId":"nopehax"},"content":"import java.time.LocalTime;","lastModifiedDate":"2022-08-24"},{"lineNumber":3,"author":{"gitId":"nopehax"},"content":"","lastModifiedDate":"2022-08-24"},{"lineNumber":4,"author":{"gitId":"nopehax"},"content":"public class Event extends Task{","lastModifiedDate":"2022-08-18"},{"lineNumber":5,"author":{"gitId":"nopehax"},"content":"    protected LocalDate atDate;","lastModifiedDate":"2022-08-24"},{"lineNumber":6,"author":{"gitId":"nopehax"},"content":"    protected LocalTime atTime \u003d null;","lastModifiedDate":"2022-08-24"},{"lineNumber":7,"author":{"gitId":"nopehax"},"content":"","lastModifiedDate":"2022-08-18"},{"lineNumber":8,"author":{"gitId":"nopehax"},"content":"    public Event(String description, String at) {","lastModifiedDate":"2022-08-18"},{"lineNumber":9,"author":{"gitId":"nopehax"},"content":"        super(description);","lastModifiedDate":"2022-08-18"},{"lineNumber":10,"author":{"gitId":"nopehax"},"content":"        String[] arr \u003d at.split(\" \");","lastModifiedDate":"2022-08-24"},{"lineNumber":11,"author":{"gitId":"nopehax"},"content":"        this.atDate \u003d LocalDate.parse(arr[0], Task.INPUT_DATE_FORMAT);","lastModifiedDate":"2022-08-24"},{"lineNumber":12,"author":{"gitId":"nopehax"},"content":"        if (arr.length !\u003d 1) {","lastModifiedDate":"2022-08-24"},{"lineNumber":13,"author":{"gitId":"nopehax"},"content":"            this.atTime \u003d LocalTime.parse(arr[1], Task.INPUT_TIME_FORMAT);","lastModifiedDate":"2022-08-24"},{"lineNumber":14,"author":{"gitId":"nopehax"},"content":"        }","lastModifiedDate":"2022-08-24"},{"lineNumber":15,"author":{"gitId":"nopehax"},"content":"    }","lastModifiedDate":"2022-08-24"},{"lineNumber":16,"author":{"gitId":"nopehax"},"content":"","lastModifiedDate":"2022-08-24"},{"lineNumber":17,"author":{"gitId":"nopehax"},"content":"    private String parseDate() {","lastModifiedDate":"2022-08-24"},{"lineNumber":18,"author":{"gitId":"nopehax"},"content":"        String output \u003d this.atDate.format(Task.OUTPUT_DATE_FORMAT);","lastModifiedDate":"2022-08-24"},{"lineNumber":19,"author":{"gitId":"nopehax"},"content":"        if (this.atTime !\u003d null) {","lastModifiedDate":"2022-08-24"},{"lineNumber":20,"author":{"gitId":"nopehax"},"content":"            output +\u003d \" \" + this.atTime.format(Task.OUTPUT_TIME_FORMAT);","lastModifiedDate":"2022-08-24"},{"lineNumber":21,"author":{"gitId":"nopehax"},"content":"        }","lastModifiedDate":"2022-08-24"},{"lineNumber":22,"author":{"gitId":"nopehax"},"content":"        return output;","lastModifiedDate":"2022-08-24"},{"lineNumber":23,"author":{"gitId":"nopehax"},"content":"    }","lastModifiedDate":"2022-08-18"},{"lineNumber":24,"author":{"gitId":"nopehax"},"content":"","lastModifiedDate":"2022-08-18"},{"lineNumber":25,"author":{"gitId":"nopehax"},"content":"    public String format() {","lastModifiedDate":"2022-08-24"},{"lineNumber":26,"author":{"gitId":"nopehax"},"content":"        return \"event \" + this.description + \" /at \" + this.at + \"|\" + this.getStatusIcon();","lastModifiedDate":"2022-08-24"},{"lineNumber":27,"author":{"gitId":"nopehax"},"content":"    }","lastModifiedDate":"2022-08-24"},{"lineNumber":28,"author":{"gitId":"nopehax"},"content":"","lastModifiedDate":"2022-08-24"},{"lineNumber":29,"author":{"gitId":"nopehax"},"content":"    @Override","lastModifiedDate":"2022-08-18"},{"lineNumber":30,"author":{"gitId":"nopehax"},"content":"    public String toString() {","lastModifiedDate":"2022-08-18"},{"lineNumber":31,"author":{"gitId":"nopehax"},"content":"        return \"[E]\" + super.toString() + \" (at: \" + this.parseDate() + \")\";","lastModifiedDate":"2022-08-24"},{"lineNumber":32,"author":{"gitId":"nopehax"},"content":"    }","lastModifiedDate":"2022-08-18"},{"lineNumber":33,"author":{"gitId":"nopehax"},"content":"}","lastModifiedDate":"2022-08-18"}],"authorContributionMap":{"nopehax":33}},{"path":"src/main/java/Task.java","fileType":"java","lines":[{"lineNumber":1,"author":{"gitId":"nopehax"},"content":"import java.io.File;","lastModifiedDate":"2022-08-23"},{"lineNumber":2,"author":{"gitId":"nopehax"},"content":"import java.io.FileWriter;","lastModifiedDate":"2022-08-23"},{"lineNumber":3,"author":{"gitId":"nopehax"},"content":"import java.io.IOException;","lastModifiedDate":"2022-08-23"},{"lineNumber":4,"author":{"gitId":"nopehax"},"content":"import java.time.format.DateTimeFormatter;","lastModifiedDate":"2022-08-24"},{"lineNumber":5,"author":{"gitId":"nopehax"},"content":"","lastModifiedDate":"2022-08-23"},{"lineNumber":6,"author":{"gitId":"nopehax"},"content":"public abstract class Task {","lastModifiedDate":"2022-08-24"},{"lineNumber":7,"author":{"gitId":"nopehax"},"content":"    protected String description;","lastModifiedDate":"2022-08-18"},{"lineNumber":8,"author":{"gitId":"nopehax"},"content":"    protected boolean isDone;","lastModifiedDate":"2022-08-18"},{"lineNumber":9,"author":{"gitId":"nopehax"},"content":"    protected static DateTimeFormatter INPUT_DATE_FORMAT \u003d DateTimeFormatter.ofPattern(\"dd/MM/yy\");","lastModifiedDate":"2022-08-24"},{"lineNumber":10,"author":{"gitId":"nopehax"},"content":"    protected static DateTimeFormatter OUTPUT_DATE_FORMAT \u003d DateTimeFormatter.ofPattern(\"dd MMM yy\");","lastModifiedDate":"2022-08-24"},{"lineNumber":11,"author":{"gitId":"nopehax"},"content":"    protected static DateTimeFormatter INPUT_TIME_FORMAT \u003d DateTimeFormatter.ofPattern(\"HHmm\");","lastModifiedDate":"2022-08-24"},{"lineNumber":12,"author":{"gitId":"nopehax"},"content":"    protected static DateTimeFormatter OUTPUT_TIME_FORMAT \u003d DateTimeFormatter.ofPattern(\"hh.mma\");","lastModifiedDate":"2022-08-24"},{"lineNumber":13,"author":{"gitId":"nopehax"},"content":"","lastModifiedDate":"2022-08-18"},{"lineNumber":14,"author":{"gitId":"nopehax"},"content":"    public abstract String format();","lastModifiedDate":"2022-08-24"},{"lineNumber":15,"author":{"gitId":"nopehax"},"content":"","lastModifiedDate":"2022-08-24"},{"lineNumber":16,"author":{"gitId":"nopehax"},"content":"    public Task(String description) {","lastModifiedDate":"2022-08-18"},{"lineNumber":17,"author":{"gitId":"nopehax"},"content":"        this.description \u003d description;","lastModifiedDate":"2022-08-18"},{"lineNumber":18,"author":{"gitId":"nopehax"},"content":"        this.isDone \u003d false;","lastModifiedDate":"2022-08-18"},{"lineNumber":19,"author":{"gitId":"nopehax"},"content":"    }","lastModifiedDate":"2022-08-18"},{"lineNumber":20,"author":{"gitId":"nopehax"},"content":"","lastModifiedDate":"2022-08-18"},{"lineNumber":21,"author":{"gitId":"nopehax"},"content":"    public String getStatusIcon() {","lastModifiedDate":"2022-08-24"},{"lineNumber":22,"author":{"gitId":"nopehax"},"content":"        return (isDone ? \"X\" : \" \"); // mark done task with X","lastModifiedDate":"2022-08-18"},{"lineNumber":23,"author":{"gitId":"nopehax"},"content":"    }","lastModifiedDate":"2022-08-18"},{"lineNumber":24,"author":{"gitId":"nopehax"},"content":"","lastModifiedDate":"2022-08-18"},{"lineNumber":25,"author":{"gitId":"nopehax"},"content":"    public void markAsDone() {","lastModifiedDate":"2022-08-18"},{"lineNumber":26,"author":{"gitId":"nopehax"},"content":"        this.isDone \u003d true;","lastModifiedDate":"2022-08-18"},{"lineNumber":27,"author":{"gitId":"nopehax"},"content":"    }","lastModifiedDate":"2022-08-18"},{"lineNumber":28,"author":{"gitId":"nopehax"},"content":"","lastModifiedDate":"2022-08-18"},{"lineNumber":29,"author":{"gitId":"nopehax"},"content":"    public void markAsNotDone() {","lastModifiedDate":"2022-08-18"},{"lineNumber":30,"author":{"gitId":"nopehax"},"content":"        this.isDone \u003d false;","lastModifiedDate":"2022-08-18"},{"lineNumber":31,"author":{"gitId":"nopehax"},"content":"    }","lastModifiedDate":"2022-08-18"},{"lineNumber":32,"author":{"gitId":"nopehax"},"content":"","lastModifiedDate":"2022-08-18"},{"lineNumber":33,"author":{"gitId":"nopehax"},"content":"    @Override","lastModifiedDate":"2022-08-18"},{"lineNumber":34,"author":{"gitId":"nopehax"},"content":"    public String toString() {","lastModifiedDate":"2022-08-18"},{"lineNumber":35,"author":{"gitId":"nopehax"},"content":"        return \"[\" + getStatusIcon() + \"] \" + this.description;","lastModifiedDate":"2022-08-18"},{"lineNumber":36,"author":{"gitId":"nopehax"},"content":"    }","lastModifiedDate":"2022-08-18"},{"lineNumber":37,"author":{"gitId":"nopehax"},"content":"}","lastModifiedDate":"2022-08-18"}],"authorContributionMap":{"nopehax":37}},{"path":"src/main/java/ToDo.java","fileType":"java","lines":[{"lineNumber":1,"author":{"gitId":"nopehax"},"content":"public class ToDo extends Task {","lastModifiedDate":"2022-08-18"},{"lineNumber":2,"author":{"gitId":"nopehax"},"content":"    public ToDo(String description) {","lastModifiedDate":"2022-08-18"},{"lineNumber":3,"author":{"gitId":"nopehax"},"content":"        super(description);","lastModifiedDate":"2022-08-18"},{"lineNumber":4,"author":{"gitId":"nopehax"},"content":"    }","lastModifiedDate":"2022-08-18"},{"lineNumber":5,"author":{"gitId":"nopehax"},"content":"","lastModifiedDate":"2022-08-18"},{"lineNumber":6,"author":{"gitId":"nopehax"},"content":"    public String format() {","lastModifiedDate":"2022-08-24"},{"lineNumber":7,"author":{"gitId":"nopehax"},"content":"        return \"todo \" + this.description + \"|\" + this.getStatusIcon();","lastModifiedDate":"2022-08-24"},{"lineNumber":8,"author":{"gitId":"nopehax"},"content":"    }","lastModifiedDate":"2022-08-24"},{"lineNumber":9,"author":{"gitId":"nopehax"},"content":"","lastModifiedDate":"2022-08-24"},{"lineNumber":10,"author":{"gitId":"nopehax"},"content":"    @Override","lastModifiedDate":"2022-08-18"},{"lineNumber":11,"author":{"gitId":"nopehax"},"content":"    public String toString(){","lastModifiedDate":"2022-08-18"},{"lineNumber":12,"author":{"gitId":"nopehax"},"content":"        return \"[T]\" + super.toString();","lastModifiedDate":"2022-08-18"},{"lineNumber":13,"author":{"gitId":"nopehax"},"content":"    }","lastModifiedDate":"2022-08-18"},{"lineNumber":14,"author":{"gitId":"nopehax"},"content":"}","lastModifiedDate":"2022-08-18"}],"authorContributionMap":{"nopehax":14}},{"path":"text-ui-test/input.txt","fileType":"txt","lines":[{"lineNumber":1,"author":{"gitId":"nopehax"},"content":"todo something","lastModifiedDate":"2022-08-18"},{"lineNumber":2,"author":{"gitId":"nopehax"},"content":"deadline eat /by tmr","lastModifiedDate":"2022-08-18"},{"lineNumber":3,"author":{"gitId":"nopehax"},"content":"event picnic /at 9 Aug","lastModifiedDate":"2022-08-18"}],"authorContributionMap":{"nopehax":3}},{"path":"text-ui-test/runtest.bat","fileType":"bat","lines":[{"lineNumber":1,"author":{"gitId":"-"},"content":"@ECHO OFF","lastModifiedDate":"2020-05-25"},{"lineNumber":2,"author":{"gitId":"-"},"content":"","lastModifiedDate":"2020-05-25"},{"lineNumber":3,"author":{"gitId":"-"},"content":"REM create bin directory if it doesn\u0027t exist","lastModifiedDate":"2020-05-25"},{"lineNumber":4,"author":{"gitId":"-"},"content":"if not exist ..\\bin mkdir ..\\bin","lastModifiedDate":"2020-05-25"},{"lineNumber":5,"author":{"gitId":"-"},"content":"","lastModifiedDate":"2020-05-25"},{"lineNumber":6,"author":{"gitId":"-"},"content":"REM delete output from previous run","lastModifiedDate":"2020-05-25"},{"lineNumber":7,"author":{"gitId":"-"},"content":"if exist ACTUAL.TXT del ACTUAL.TXT","lastModifiedDate":"2020-08-25"},{"lineNumber":8,"author":{"gitId":"-"},"content":"","lastModifiedDate":"2020-05-25"},{"lineNumber":9,"author":{"gitId":"-"},"content":"REM compile the code into the bin folder","lastModifiedDate":"2020-05-25"},{"lineNumber":10,"author":{"gitId":"-"},"content":"javac  -cp ..\\src\\main\\java -Xlint:none -d ..\\bin ..\\src\\main\\java\\*.java","lastModifiedDate":"2020-08-25"},{"lineNumber":11,"author":{"gitId":"-"},"content":"IF ERRORLEVEL 1 (","lastModifiedDate":"2020-05-25"},{"lineNumber":12,"author":{"gitId":"-"},"content":"    echo ********** BUILD FAILURE **********","lastModifiedDate":"2020-05-25"},{"lineNumber":13,"author":{"gitId":"-"},"content":"    exit /b 1","lastModifiedDate":"2020-05-25"},{"lineNumber":14,"author":{"gitId":"-"},"content":")","lastModifiedDate":"2020-05-25"},{"lineNumber":15,"author":{"gitId":"-"},"content":"REM no error here, errorlevel \u003d\u003d 0","lastModifiedDate":"2020-05-25"},{"lineNumber":16,"author":{"gitId":"-"},"content":"","lastModifiedDate":"2020-05-25"},{"lineNumber":17,"author":{"gitId":"-"},"content":"REM run the program, feed commands from input.txt file and redirect the output to the ACTUAL.TXT","lastModifiedDate":"2020-05-25"},{"lineNumber":18,"author":{"gitId":"-"},"content":"java -classpath ..\\bin Duke \u003c input.txt \u003e ACTUAL.TXT","lastModifiedDate":"2020-05-25"},{"lineNumber":19,"author":{"gitId":"-"},"content":"","lastModifiedDate":"2020-05-25"},{"lineNumber":20,"author":{"gitId":"-"},"content":"REM compare the output to the expected output","lastModifiedDate":"2020-05-25"},{"lineNumber":21,"author":{"gitId":"-"},"content":"FC ACTUAL.TXT EXPECTED.TXT","lastModifiedDate":"2020-05-25"},{"lineNumber":22,"author":{"gitId":"nopehax"},"content":"","lastModifiedDate":"2022-08-18"},{"lineNumber":23,"author":{"gitId":"nopehax"},"content":"pause","lastModifiedDate":"2022-08-18"}],"authorContributionMap":{"nopehax":2,"-":21}}]
