{"authorDailyContributionsMap":{"nopehax":[{"date":"2022-08-18","commitResults":[{"hash":"93877a3b26ed88cf66c8e5925f04e69d96a7f28c","messageTitle":"added lvl 1 code","messageBody":"","tags":["Level-1"],"fileTypesAndContributionMap":{"java":{"insertions":12,"deletions":6}}},{"hash":"c44b4eb4150779432076498f444217388b98ef02","messageTitle":"added lvl 2","messageBody":"","tags":["Level-2"],"fileTypesAndContributionMap":{"java":{"insertions":13,"deletions":1}}},{"hash":"de05d281c515ac30974608f1ecce6052366ad80c","messageTitle":"added new class Task and lvl 3","messageBody":"","tags":["Level-3"],"fileTypesAndContributionMap":{"java":{"insertions":42,"deletions":4}}},{"hash":"89d16a6520deb43e2bd45aae13a7270eb5238239","messageTitle":"added new classes and lvl 4","messageBody":"","tags":["Level-4"],"fileTypesAndContributionMap":{"java":{"insertions":77,"deletions":18}}},{"hash":"4ac64760f7a99d6377e92670a6f5e995f30d0ce2","messageTitle":"code cleanup","messageBody":"","fileTypesAndContributionMap":{"java":{"insertions":1,"deletions":2}}},{"hash":"a5b6da19a8c5580b164d7b9de16a422b783aedcf","messageTitle":"added more responses","messageBody":"","fileTypesAndContributionMap":{"java":{"insertions":2,"deletions":2}}},{"hash":"dab01967edd6bde80d42a97159d5e3d0c5b58fc2","messageTitle":"added new exception classes and lvl 5","messageBody":"","tags":["Level-5"],"fileTypesAndContributionMap":{"java":{"insertions":63,"deletions":21}}},{"hash":"06cd71e0f3afcabb7467098d54ce640be34a92d2","messageTitle":"added lvl 6","messageBody":"","tags":["Level-6"],"fileTypesAndContributionMap":{"java":{"insertions":36,"deletions":30}}},{"hash":"56a1a3c9ae7e72f48874a8d5734617a727c82ce3","messageTitle":"changed commands array to enum and change to switch statements","messageBody":"","tags":["A-Enums"],"fileTypesAndContributionMap":{"java":{"insertions":44,"deletions":31}}},{"hash":"30af3673c8377d64f01fe51af68da6a568464040","messageTitle":"edited testing files","messageBody":"","tags":["A-TextUiTesting"],"fileTypesAndContributionMap":{"txt":{"insertions":5,"deletions":0},"bat":{"insertions":2,"deletions":0}}},{"hash":"baefcd351c02c4a1f4e36a034c68dc9f5f754737","messageTitle":"removed unused nullpointerexception","messageBody":"","fileTypesAndContributionMap":{"java":{"insertions":1,"deletions":1}}},{"hash":"2035bcfa541596afb5d8d554fef3373ff57977de","messageTitle":"removed unused dukenotaskexception","messageBody":"","fileTypesAndContributionMap":{"java":{"insertions":3,"deletions":8}}}]},{"date":"2022-08-23","commitResults":[{"hash":"cf5ca6e083c8fd9ba54d101902389ec7238ab58c","messageTitle":"add a way to save and load data from file","messageBody":"","fileTypesAndContributionMap":{"txt":{"insertions":0,"deletions":2},"java":{"insertions":57,"deletions":6}}}]},{"date":"2022-08-24","commitResults":[{"hash":"684bd2cee187a8a3902660a14f746bc3c155aa9c","messageTitle":"add method where deleting task from list also deletes it from save file","messageBody":"","fileTypesAndContributionMap":{"java":{"insertions":53,"deletions":13}}},{"hash":"574d1422fc877f6b27ce88ccb050e98f76359e09","messageTitle":"Add a way to keep track if task is done in save file","messageBody":"","fileTypesAndContributionMap":{"java":{"insertions":39,"deletions":29}}},{"hash":"a49d0bf29f75090bb9d86e71c860ff8358d9471e","messageTitle":"Clean up code","messageBody":"","fileTypesAndContributionMap":{"java":{"insertions":20,"deletions":28}}},{"hash":"2bf4402b912c103f275bf24fa21df874a9e8e185","messageTitle":"Update Task classes so that they store date/time as LocalDate/LocalTime","messageBody":"","fileTypesAndContributionMap":{"java":{"insertions":52,"deletions":8}}}]},{"date":"2022-08-25","commitResults":[{"hash":"21d1d11dedff7c00af99efbe2ad801262533ed4b","messageTitle":"Refactor the code to extract out closely related code as classes","messageBody":"","tags":["A-MoreOOP"],"fileTypesAndContributionMap":{"java":{"insertions":373,"deletions":189}}},{"hash":"8549b36fd6d0c681a62fe048b0da2c1cb7186425","messageTitle":"Close scanner and add newline at EOF","messageBody":"","fileTypesAndContributionMap":{"java":{"insertions":2,"deletions":1}}},{"hash":"77d74309bbd80c4184be50c2a3ccf16cc918569a","messageTitle":"Organize classes into their respective packages","messageBody":"","tags":["A-Packages"],"fileTypesAndContributionMap":{"java":{"insertions":53,"deletions":4}}},{"hash":"2ef9feed1748deeeba63c826cc5f85cce775dd4e","messageTitle":"Remove empty line in the middle of import statements in Storage.java","messageBody":"","fileTypesAndContributionMap":{"java":{"insertions":0,"deletions":1}}},{"hash":"3c63611a469420dc5cb39214ac83a8188f64e927","messageTitle":"Add test for some methods in Duke, Parser and TaskList class","messageBody":"","tags":["A-JUnit"],"fileTypesAndContributionMap":{"java":{"insertions":69,"deletions":0}}},{"hash":"e55533549a00a94153628c091e24276a88e0ffde","messageTitle":"Correct mainClassName in build.gradle","messageBody":"","tags":["A-Jar"],"fileTypesAndContributionMap":{"gradle":{"insertions":1,"deletions":1}}},{"hash":"b12bbb767469c2a9b979e0098a04385c4dc41a9f","messageTitle":"Add Javadoc to Parser.java","messageBody":"","fileTypesAndContributionMap":{"java":{"insertions":20,"deletions":1}}},{"hash":"e0cc8cb54109b1eea96b59da8fb3171073fe1eb7","messageTitle":"Add Javadoc comments","messageBody":"","tags":["A-JavaDoc"],"fileTypesAndContributionMap":{"java":{"insertions":36,"deletions":1}}},{"hash":"f1002b82cb438fcf467f700833b768cebc8a17d5","messageTitle":"Tweak code to comply with Java coding standard (basic)","messageBody":"","tags":["A-CodingStandard"],"fileTypesAndContributionMap":{"java":{"insertions":41,"deletions":34}}}]},{"date":"2022-08-26","commitResults":[{"hash":"35d1bf1bd7be09e2910551d45f456f01974b33fd","messageTitle":"Add find command","messageBody":"","tags":["Level-9"],"fileTypesAndContributionMap":{"java":{"insertions":30,"deletions":2}}},{"hash":"1f8d2f55090a097e49f9f8d09905b039c21e4b73","messageTitle":"Edit switch blocks to follow Java coding standards","messageBody":"","fileTypesAndContributionMap":{"java":{"insertions":47,"deletions":50}}}]},{"date":"2022-08-28","commitResults":[{"hash":"a0a8549b7abf71eb36bd6727fee8b85b44640a03","messageTitle":"Revert \"Edit switch blocks to follow Java coding standards\"","messageBody":"This reverts commit 1f8d2f55090a097e49f9f8d09905b039c21e4b73.\n","fileTypesAndContributionMap":{"java":{"insertions":50,"deletions":47}}},{"hash":"7390d659ab9a0a2379d61383052f535846650807","messageTitle":"Revert \"Revert \"Edit switch blocks to follow Java coding standards\"\"","messageBody":"This reverts commit a0a8549b7abf71eb36bd6727fee8b85b44640a03.\n","fileTypesAndContributionMap":{"java":{"insertions":47,"deletions":50}}},{"hash":"c32f03c5b8b4e7be4f08b560beeec79a295df936","messageTitle":"Format code to follow Java coding standards","messageBody":"","fileTypesAndContributionMap":{"java":{"insertions":2,"deletions":1}}},{"hash":"15a19d4485629b45a09f1ab752c22b0855010b46","messageTitle":"Format code to follow Java coding standards","messageBody":"","fileTypesAndContributionMap":{"java":{"insertions":3,"deletions":3}}},{"hash":"5337f0dbc3feb9eb2b3b4aec6e59d86772784ba0","messageTitle":"Format code to follow Java coding standards","messageBody":"","fileTypesAndContributionMap":{"java":{"insertions":2,"deletions":1}}}]},{"date":"2022-08-30","commitResults":[{"hash":"c8e0aebe33414c0f93f09a46d0de9f0b5dfa8e24","messageTitle":"Configure Checkstyle and change code to comply with Checkstyle","messageBody":"","tags":["A-CheckStyle"],"fileTypesAndContributionMap":{"gradle":{"insertions":5,"deletions":0},"java":{"insertions":6,"deletions":2}}}]},{"date":"2022-09-01","commitResults":[{"hash":"8f9d7f321a11322bdc23a9263256843440c5c29d","messageTitle":"Add an empty GUI","messageBody":"","fileTypesAndContributionMap":{"gradle":{"insertions":21,"deletions":0},"java":{"insertions":47,"deletions":4}}},{"hash":"bcc41f03116025ec79e728639cd5bc59a164412c","messageTitle":"Add code so that it has the same design as seen in JavaFx Tutorial 3","messageBody":"","fileTypesAndContributionMap":{"gradle":{"insertions":0,"deletions":15},"java":{"insertions":135,"deletions":0}}},{"hash":"8d4c91c336a04a459d1d582062b57a411a89f92c","messageTitle":"Convert to fxml for JavaFx, following Tutorial part 4","messageBody":"","fileTypesAndContributionMap":{"gradle":{"insertions":1,"deletions":1},"fxml":{"insertions":35,"deletions":0},"java":{"insertions":120,"deletions":128}}},{"hash":"eb4b550d1efde31562b2a6ee3928d4956a94a3c4","messageTitle":"Incorporate Duke\u0027s logic into the GUI","messageBody":"","fileTypesAndContributionMap":{"java":{"insertions":85,"deletions":99}}},{"hash":"b795f05843cb4e39fd075bf3e289e485dd12bc95","messageTitle":"Format code to use GUI instead of CLI, add some cosmetic changes","messageBody":"","tags":["Level-10"],"fileTypesAndContributionMap":{"fxml":{"insertions":15,"deletions":4},"java":{"insertions":40,"deletions":27}}},{"hash":"63f81218a3dfb3793cd401ebf8e58ee8ae7707ef","messageTitle":"Remove some tests since Duke isn\u0027t using CLI anymore","messageBody":"","fileTypesAndContributionMap":{"java":{"insertions":1,"deletions":1}}},{"hash":"8f5de494951ce771e800ed41fd895fef0001fc41","messageTitle":"Change xmlns to ignore version warnings","messageBody":"","fileTypesAndContributionMap":{"fxml":{"insertions":2,"deletions":2}}},{"hash":"5e912ae56d4b8dbca3789453ec7f30916042692a","messageTitle":"Display images as a Circle instead of ImageView","messageBody":"","fileTypesAndContributionMap":{"fxml":{"insertions":3,"deletions":3},"java":{"insertions":9,"deletions":3}}}]},{"date":"2022-09-02","commitResults":[{"hash":"293c4efdd4c4e646aacd7c3fc032f14db653964b","messageTitle":"Clean up code","messageBody":"","fileTypesAndContributionMap":{"java":{"insertions":12,"deletions":25}}},{"hash":"ff563d9e075fdf5830c8a0942f5882f406a1d966","messageTitle":"Make profile picture bigger","messageBody":"","fileTypesAndContributionMap":{"fxml":{"insertions":3,"deletions":3}}}]},{"date":"2022-09-06","commitResults":[{"hash":"2ca3f7f8b8ccda738f3c0be3a3b57497af4db0e2","messageTitle":"Update mainClassName to duke.Launcher","messageBody":"","fileTypesAndContributionMap":{"gradle":{"insertions":1,"deletions":1}}}]},{"date":"2022-09-10","commitResults":[{"hash":"3a3646799c09d3c178fdae9aedff2f2f8aa13fb8","messageTitle":"Add Java assert to document important assumptions that should hold","messageBody":"","fileTypesAndContributionMap":{"gradle":{"insertions":1,"deletions":0},"java":{"insertions":13,"deletions":13}}},{"hash":"9cc066e97e4ed0bdd44101f511bcefacd40828da","messageTitle":"Make parseListCommands shorter in Parser.java","messageBody":"The method is too long\n\nRefactored such that code that does similar things are extracted out\ninto new methods\n\nThis is to make the code more readable\n","fileTypesAndContributionMap":{"fxml":{"insertions":6,"deletions":6},"java":{"insertions":59,"deletions":36}}},{"hash":"7a009e237c6978fdb27dd6db79db21d6a51167c4","messageTitle":"Revert \"Make parseListCommands shorter in Parser.java\"","messageBody":"","fileTypesAndContributionMap":{"fxml":{"insertions":6,"deletions":6},"java":{"insertions":40,"deletions":62}}},{"hash":"2328a828416638da4bceb5640812cdae6565ebf1","messageTitle":"Comment","messageBody":"","fileTypesAndContributionMap":{"java":{"insertions":1,"deletions":0}}},{"hash":"1b02069b80e3caad5368c4740a597c815425f8ae","messageTitle":"Made some edits to see what is the code in the current branch","messageBody":"","fileTypesAndContributionMap":{"java":{"insertions":1,"deletions":2}}},{"hash":"d17656b3b2bf0cab824e9d9bc5942b760d6fb8e8","messageTitle":"Changed Parser.java to what it was meant to be","messageBody":"","fileTypesAndContributionMap":{"java":{"insertions":0,"deletions":1}}},{"hash":"2acdcad1a6a0a97597a7989ce5d6c1d6fd57c934","messageTitle":"Remove empty line","messageBody":"","fileTypesAndContributionMap":{"java":{"insertions":0,"deletions":1}}},{"hash":"361d979cc805955915e75a38d079770f5314f4b9","messageTitle":"Change code to what it was suppose to be","messageBody":"","fileTypesAndContributionMap":{"fxml":{"insertions":6,"deletions":6},"java":{"insertions":63,"deletions":42}}}]},{"date":"2022-09-11","commitResults":[{"hash":"d0c81d4d34a676fc59456a77938822f1adebd086","messageTitle":"Add new Task - recurring","messageBody":"to simplify recurring task such that users don\u0027t have to key it in every\ntime\n\nrecurring task calculates all the dates that task will happen and saves\nit\n","fileTypesAndContributionMap":{"java":{"insertions":142,"deletions":2}}},{"hash":"648996f95fe692629931dbc1725084f0d5d3724e","messageTitle":"Improve on what Recurring tasks can do","messageBody":"made it so that it\u0027ll calculate how many times the task is happening\nbased on the current date and input date\n","fileTypesAndContributionMap":{"java":{"insertions":83,"deletions":22}}},{"hash":"3359c9f287fdd8480abc53cf6500572280f16065","messageTitle":"Add remaining command to list the dates a recurring task is happening on","messageBody":"to let the user know all past and future dates the task occurs at\n\nalso handle the case where the input index is not a recurring task\n","fileTypesAndContributionMap":{"java":{"insertions":41,"deletions":10}}},{"hash":"16962df1e45b2e01c1c4369640cfa09a0954452c","messageTitle":"Add remaining command to COMMAND_HELP and refactor it to use streams","messageBody":"","fileTypesAndContributionMap":{"java":{"insertions":15,"deletions":13}}},{"hash":"e90a4dff41261333c77d5eab1985bab27fd7f0ae","messageTitle":"Fixed bug in Recurring task where the date of next task shown is not accurate it shows the date of the next next task instead","messageBody":"fixed by changing the line where startDate is set\n","fileTypesAndContributionMap":{"java":{"insertions":5,"deletions":5}}},{"hash":"ff7a4e59ff81d7e7e47ad8f072e236490ebcde79","messageTitle":"Remove checkstyle part as Java CI has been failing checks","messageBody":"","fileTypesAndContributionMap":{"gradle":{"insertions":3,"deletions":3}}},{"hash":"ba97c62ff6ca707e6a8e48de0b92f34664a89965","messageTitle":"Revert \"Remove checkstyle part as Java CI has been failing checks\"","messageBody":"This reverts commit ff7a4e59ff81d7e7e47ad8f072e236490ebcde79.\n","fileTypesAndContributionMap":{"gradle":{"insertions":3,"deletions":3}}},{"hash":"489c28401ff3829ff7cf1f758325c31607b93402","messageTitle":"Edit code such that it follows CheckStyle guide","messageBody":"","fileTypesAndContributionMap":{"java":{"insertions":81,"deletions":26}}},{"hash":"59aa74a6d84b2f0cdebeb9bcbb00255d916d3dc5","messageTitle":"Add JavaDocs comment this commit is just to add branch-Level-10 into the repo as I added the GUI code in the master branch itself, instead of creating a new branch","messageBody":"","fileTypesAndContributionMap":{"java":{"insertions":4,"deletions":0}}}]},{"date":"2022-09-13","commitResults":[{"hash":"2ff84f669758d5f9591e616ecbcd01db4157903f","messageTitle":"Edit code to follow CheckStyle guide","messageBody":"","fileTypesAndContributionMap":{"java":{"insertions":94,"deletions":33}}},{"hash":"101fefe14bfd8d17b4f2813c9503a7ebf48c78d0","messageTitle":"Edit code in test cases to follow CheckStyle guide","messageBody":"","fileTypesAndContributionMap":{"java":{"insertions":18,"deletions":11}}}]}]},"authorFileTypeContributionMap":{"nopehax":{"java":1248,"md":0,"fxml":46,"sh":0,"bat":2,"gradle":13,"txt":3}},"authorContributionVariance":{"nopehax":47892.363},"authorDisplayNameMap":{"nopehax":"CS2103T-F12-4 LOH .. WYE"}}
