{"authorDailyContributionsMap":{"Gavzzz":[{"date":"2022-08-18","commitResults":[{"hash":"1c74c0ba16302ad0d1b09bf4f8938789a508bbf2","messageTitle":"Level 1 implemented","messageBody":"","tags":["Level-1"],"fileTypesAndContributionMap":{"java":{"insertions":13,"deletions":0}}},{"hash":"acab8ca2cd85316a3700a63eabaa21153ec02781","messageTitle":"Level 2 implemented","messageBody":"","tags":["Level-2"],"fileTypesAndContributionMap":{"java":{"insertions":11,"deletions":0}}},{"hash":"495d75f18e4f63daa1ea9035332ebfa3305d32db","messageTitle":"edited Level 2","messageBody":"","fileTypesAndContributionMap":{"java":{"insertions":22,"deletions":9}}},{"hash":"cf2222b55fbbbd447fea1b3a2e95643b681276cf","messageTitle":"Level 3 implemented","messageBody":"","tags":["Level-3"],"fileTypesAndContributionMap":{"java":{"insertions":16,"deletions":2}}},{"hash":"f7da0fc404cc6699af0003a97428ac026d476320","messageTitle":"Task class implemented","messageBody":"","tags":["test"],"fileTypesAndContributionMap":{"java":{"insertions":22,"deletions":0}}}]},{"date":"2022-08-20","commitResults":[{"hash":"6efa01736b13a3d566325cf33f37ed584a6b8883","messageTitle":"Level 3 edited","messageBody":"","tags":["Test-1","A-enums","A-enum"],"fileTypesAndContributionMap":{"java":{"insertions":21,"deletions":8}}},{"hash":"f485a406d81a3d0d2c35add17a9b1ef6fa2cf143","messageTitle":"Level 4 implemented","messageBody":"","tags":["Level-4"],"fileTypesAndContributionMap":{"java":{"insertions":102,"deletions":16}}},{"hash":"9ea23360e199bad607c491b61f938574ba02b694","messageTitle":"Level 5 implemented","messageBody":"","tags":["Level-5"],"fileTypesAndContributionMap":{"java":{"insertions":12,"deletions":6}}},{"hash":"d1eeeadd76d45e5d6c86a9cc7eda593edd725b2c","messageTitle":"Level 6 implemented","messageBody":"","tags":["Level-6"],"fileTypesAndContributionMap":{"java":{"insertions":29,"deletions":14}}}]},{"date":"2022-09-05","commitResults":[{"hash":"1bc98d4d255700f732afe4322fe2d727527b21e3","messageTitle":"Level 7 implemented","messageBody":"","fileTypesAndContributionMap":{"txt":{"insertions":1,"deletions":0},"java":{"insertions":181,"deletions":68}}}]},{"date":"2022-09-06","commitResults":[{"hash":"d4c0930bc5cfea61df64ab34362bbc8505c1a340","messageTitle":"Level-8 implemented","messageBody":"","tags":["Level-8"],"fileTypesAndContributionMap":{"java":{"insertions":9,"deletions":7}}}]},{"date":"2022-09-13","commitResults":[{"hash":"77784ad91f0928391cde2a0028713e880ca31e90","messageTitle":"More oop implemented","messageBody":"","tags":["A-MoreOOP"],"fileTypesAndContributionMap":{"txt":{"insertions":1,"deletions":1},"java":{"insertions":533,"deletions":206}}},{"hash":"9f18cfaff879da4cb3607fa6c55ac6a589c0ecfc","messageTitle":"Packages enabled","messageBody":"","tags":["A-Packages"],"fileTypesAndContributionMap":{"java":{"insertions":101,"deletions":3},"bat":{"insertions":2,"deletions":2},"md":{"insertions":2,"deletions":2}}},{"hash":"11ed9752f504620d65385f149f593a2bd62a4acd","messageTitle":"Level 9 implemented","messageBody":"","tags":["Level-9"],"fileTypesAndContributionMap":{"java":{"insertions":57,"deletions":2}}},{"hash":"9b80d785b208ebdd97a715842c768a23d2d1195a","messageTitle":"updated level 8","messageBody":"","fileTypesAndContributionMap":{"java":{"insertions":1,"deletions":0}}},{"hash":"6a229ea2236123b0749165b6d4bc897e159cffcf","messageTitle":"updated level 9","messageBody":"","fileTypesAndContributionMap":{"java":{"insertions":1,"deletions":0}}}]},{"date":"2022-09-15","commitResults":[{"hash":"bb5a7ef1f996ff6fd115ee0b9648e94fcc5e2f85","messageTitle":"java docs implemented","messageBody":"","tags":["A-JavaDoc"],"fileTypesAndContributionMap":{"gradle":{"insertions":9,"deletions":0},"java":{"insertions":164,"deletions":11}}}]}]},"authorFileTypeContributionMap":{"Gavzzz":{"java":953,"md":2,"fxml":0,"sh":0,"bat":2,"gradle":9,"txt":1}},"authorContributionVariance":{"Gavzzz":25854.295},"authorDisplayNameMap":{"Gavzzz":"CS2103T-W15-2 GAVI..IBIN"}}
