{"authorDailyContributionsMap":{"Gavzzz":[{"date":"2022-08-18","commitResults":[{"hash":"1c74c0ba16302ad0d1b09bf4f8938789a508bbf2","messageTitle":"Level 1 implemented","messageBody":"","tags":["Level-1"],"fileTypesAndContributionMap":{"java":{"insertions":13,"deletions":0}}},{"hash":"acab8ca2cd85316a3700a63eabaa21153ec02781","messageTitle":"Level 2 implemented","messageBody":"","tags":["Level-2"],"fileTypesAndContributionMap":{"java":{"insertions":11,"deletions":0}}},{"hash":"495d75f18e4f63daa1ea9035332ebfa3305d32db","messageTitle":"edited Level 2","messageBody":"","fileTypesAndContributionMap":{"java":{"insertions":22,"deletions":9}}},{"hash":"cf2222b55fbbbd447fea1b3a2e95643b681276cf","messageTitle":"Level 3 implemented","messageBody":"","tags":["Level-3"],"fileTypesAndContributionMap":{"java":{"insertions":16,"deletions":2}}},{"hash":"f7da0fc404cc6699af0003a97428ac026d476320","messageTitle":"Task class implemented","messageBody":"","fileTypesAndContributionMap":{"java":{"insertions":22,"deletions":0}}}]},{"date":"2022-08-20","commitResults":[{"hash":"6efa01736b13a3d566325cf33f37ed584a6b8883","messageTitle":"Level 3 edited","messageBody":"","fileTypesAndContributionMap":{"java":{"insertions":21,"deletions":8}}},{"hash":"f485a406d81a3d0d2c35add17a9b1ef6fa2cf143","messageTitle":"Level 4 implemented","messageBody":"","tags":["Level-4"],"fileTypesAndContributionMap":{"java":{"insertions":102,"deletions":16}}},{"hash":"9ea23360e199bad607c491b61f938574ba02b694","messageTitle":"Level 5 implemented","messageBody":"","tags":["Level-5"],"fileTypesAndContributionMap":{"java":{"insertions":12,"deletions":6}}},{"hash":"d1eeeadd76d45e5d6c86a9cc7eda593edd725b2c","messageTitle":"Level 6 implemented","messageBody":"","tags":["Level-6"],"fileTypesAndContributionMap":{"java":{"insertions":29,"deletions":14}}}]}]},"authorFileTypeContributionMap":{"Gavzzz":{"java":194,"md":0,"fxml":0,"sh":0,"bat":0,"gradle":0,"txt":0}},"authorContributionVariance":{"Gavzzz":4676.444},"authorDisplayNameMap":{"Gavzzz":"GAVI..IBIN"}}
