{"authorDailyContributionsMap":{"pewggls":[{"date":"2022-08-22","commitResults":[{"hash":"f3b9e0bfe79fd7f690e07d01b7ade10b7c6e86bf","messageTitle":"implement Duke skeletal version","messageBody":"","tags":["Level-1"],"fileTypesAndContributionMap":{"java":{"insertions":15,"deletions":6}}},{"hash":"9b4e6e3cc225a8bb8cd17f16f9e66d8815e65cde","messageTitle":"add list to Duke.java","messageBody":"","tags":["Level-2"],"fileTypesAndContributionMap":{"java":{"insertions":12,"deletions":1}}}]}]},"authorFileTypeContributionMap":{"pewggls":{"java":26,"md":0,"fxml":0,"sh":0,"bat":0,"gradle":0,"txt":0}},"authorContributionVariance":{"pewggls":95.5372},"authorDisplayNameMap":{"pewggls":"CS2103T-W11-4 HUI ..I LU"}}
