{"authorDailyContributionsMap":{"pewggls":[{"date":"2022-08-22","commitResults":[{"hash":"f3b9e0bfe79fd7f690e07d01b7ade10b7c6e86bf","messageTitle":"implement Duke skeletal version","messageBody":"","tags":["Level-1"],"fileTypesAndContributionMap":{"java":{"insertions":15,"deletions":6}}},{"hash":"9b4e6e3cc225a8bb8cd17f16f9e66d8815e65cde","messageTitle":"add list to Duke.java","messageBody":"","tags":["Level-2"],"fileTypesAndContributionMap":{"java":{"insertions":12,"deletions":1}}}]},{"date":"2022-08-23","commitResults":[{"hash":"bb3ef2c8b61189ff902fbec8815141aab039d0ee","messageTitle":"add Task.java and add ability to change task status to Duke.java","messageBody":"","tags":["Level-3"],"fileTypesAndContributionMap":{"java":{"insertions":51,"deletions":3}}},{"hash":"4b61e60461fb86b0f67b10c61759c6ff378b8ec8","messageTitle":"add Deadline.java, Event.java, and Todo.java. add support for three task types in Duke.java","messageBody":"","tags":["Level-4"],"fileTypesAndContributionMap":{"java":{"insertions":64,"deletions":3}}},{"hash":"8c0da24a52d6a33e8bf3560c877410c0b14acb5f","messageTitle":"add DukeException.java and error handling to Duke.java","messageBody":"","tags":["Level-5"],"fileTypesAndContributionMap":{"java":{"insertions":121,"deletions":50}}},{"hash":"39033a454531ae32148a926d2ee9b4165002c8df","messageTitle":"add support for deleting tasks from list in Duke.java","messageBody":"","tags":["Level-6"],"fileTypesAndContributionMap":{"java":{"insertions":28,"deletions":15}}},{"hash":"d5cef01646238fba6b116f13af417b63f79756d1","messageTitle":"add automated text UI testing","messageBody":"","tags":["A-TextUiTesting"],"fileTypesAndContributionMap":{"txt":{"insertions":6,"deletions":0},"sh":{"insertions":0,"deletions":0}}}]},{"date":"2022-08-26","commitResults":[{"hash":"aa163074e3d2d8de860bd3f2695471312ca2d069","messageTitle":"Add ability for tasks to load from and save to hard drive","messageBody":"","fileTypesAndContributionMap":{"java":{"insertions":108,"deletions":8}}},{"hash":"15e1525234ff63574ade860abdbdccfef5dc85c4","messageTitle":"Add small changes to Duke.java","messageBody":"","fileTypesAndContributionMap":{"java":{"insertions":5,"deletions":5}}},{"hash":"72d7f20b5f22ee50065ac13f14b84f50fe5fc70a","messageTitle":"Add dates and times to Duke","messageBody":"","fileTypesAndContributionMap":{"java":{"insertions":22,"deletions":12}}},{"hash":"f828916eea9d25e7a3eb0500a77ddb77117bcee3","messageTitle":"Fix bugs with date and time functionality","messageBody":"","fileTypesAndContributionMap":{"java":{"insertions":6,"deletions":2}}},{"hash":"d9cb8f9ef299b3cd8b4e932ec33151a51462fa5e","messageTitle":"Add ability to print tasks on a specific date","messageBody":"","fileTypesAndContributionMap":{"java":{"insertions":73,"deletions":31}}}]},{"date":"2022-08-28","commitResults":[{"hash":"c74b954f157bfda2aa73d8e9a848ee4555a30c76","messageTitle":"Add more classes to make the code more OOP","messageBody":"","tags":["A-MoreOOP"],"fileTypesAndContributionMap":{"java":{"insertions":255,"deletions":216}}},{"hash":"2a6cade645b5d670b4c05e3822a2c0c0727be32f","messageTitle":"Divide classes into packages","messageBody":"","tags":["A-Packages"],"fileTypesAndContributionMap":{"java":{"insertions":39,"deletions":6}}}]},{"date":"2022-09-02","commitResults":[{"hash":"454b6ba12738fbc144be8d3cf38b888d9bca2b68","messageTitle":"Add Gradle support","messageBody":"","tags":["A-Gradle"],"fileTypesAndContributionMap":{"gradle":{"insertions":2,"deletions":0}}},{"hash":"f89e6a47e08db25b02ac708f264fb81ec65fe115","messageTitle":"Add JUnit tests for Deadline and TaskList","messageBody":"","tags":["A-Jar","A-JUnit"],"fileTypesAndContributionMap":{"java":{"insertions":53,"deletions":0}}},{"hash":"5319c95c5b847e19abfee4e1bb4170c8edc4d84f","messageTitle":"Add JavaDoc comments","messageBody":"","fileTypesAndContributionMap":{"gradle":{"insertions":1,"deletions":1},"java":{"insertions":249,"deletions":1}}},{"hash":"d21cb017a801b47914c49eaaec6254a595a7dfa7","messageTitle":"Add edits to follow coding standard","messageBody":"","fileTypesAndContributionMap":{"java":{"insertions":47,"deletions":49}}},{"hash":"9810d7bbc0a7f1f336c250be732fed7baa1de60b","messageTitle":"Add ability to find tasks by a keyword","messageBody":"","fileTypesAndContributionMap":{"java":{"insertions":19,"deletions":0}}}]},{"date":"2022-09-06","commitResults":[{"hash":"c6bd7d718ebbd3b5002f376719b3dee66b13b9b9","messageTitle":"Fix code style violations","messageBody":"","tags":["A-Checkstyle"],"fileTypesAndContributionMap":{"gradle":{"insertions":4,"deletions":0},"java":{"insertions":11,"deletions":12}}}]},{"date":"2022-09-16","commitResults":[{"hash":"1f1d90a266246f37b5f578f314db2189c212c8c0","messageTitle":"Add a GUI to Duke","messageBody":"","fileTypesAndContributionMap":{"gradle":{"insertions":16,"deletions":1},"fxml":{"insertions":43,"deletions":0},"java":{"insertions":414,"deletions":126}}},{"hash":"3aa4f7504efd1157a811ac9ca4bfdf727b68617b","messageTitle":"Use assertions","messageBody":"","fileTypesAndContributionMap":{"java":{"insertions":44,"deletions":42}}}]},{"date":"2022-09-18","commitResults":[{"hash":"ff31dfde70adcc907e9a228a7e8ba38e05917fc1","messageTitle":"Improve code quality","messageBody":"","fileTypesAndContributionMap":{"java":{"insertions":32,"deletions":40}}},{"hash":"dc2916f8c1998645ce1950a159347de3eb4d5d05","messageTitle":"Add reminders for tasks","messageBody":"","fileTypesAndContributionMap":{"java":{"insertions":53,"deletions":9}}},{"hash":"71c0dbd72de44c13031c2f27763b46ecbdcd2e43","messageTitle":"Improve GUI","messageBody":"","fileTypesAndContributionMap":{"fxml":{"insertions":13,"deletions":10},"java":{"insertions":9,"deletions":5}}},{"hash":"bde37c8bd775af8bf3a695d26cad545566089d40","messageTitle":"Add a user guide","messageBody":"","tags":["A-UserGuide"],"fileTypesAndContributionMap":{"java":{"insertions":7,"deletions":4},"md":{"insertions":121,"deletions":12}}}]}]},"authorFileTypeContributionMap":{"pewggls":{"java":1109,"md":114,"fxml":46,"sh":0,"bat":0,"gradle":22,"txt":6}},"authorContributionVariance":{"pewggls":27016.656},"authorDisplayNameMap":{"pewggls":"CS2103T-W11-4 HUI ..I LU"}}
