[{"path":"src/main/java/Command.java","fileType":"java","lines":[{"lineNumber":1,"author":{"gitId":"MuhdMusab"},"content":"import java.util.ArrayList;","lastModifiedDate":"2022-08-16"},{"lineNumber":2,"author":{"gitId":"MuhdMusab"},"content":"","lastModifiedDate":"2022-08-16"},{"lineNumber":3,"author":{"gitId":"MuhdMusab"},"content":"public class Command {","lastModifiedDate":"2022-08-16"},{"lineNumber":4,"author":{"gitId":"MuhdMusab"},"content":"    private CommandType commandType;","lastModifiedDate":"2022-08-16"},{"lineNumber":5,"author":{"gitId":"MuhdMusab"},"content":"","lastModifiedDate":"2022-08-16"},{"lineNumber":6,"author":{"gitId":"MuhdMusab"},"content":"    private ArrayList\u003cTask\u003e tasks;","lastModifiedDate":"2022-08-16"},{"lineNumber":7,"author":{"gitId":"MuhdMusab"},"content":"","lastModifiedDate":"2022-08-16"},{"lineNumber":8,"author":{"gitId":"MuhdMusab"},"content":"    private String input;","lastModifiedDate":"2022-08-16"},{"lineNumber":9,"author":{"gitId":"MuhdMusab"},"content":"    Command(CommandType commandType, ArrayList\u003cTask\u003e tasks, String input) {","lastModifiedDate":"2022-08-16"},{"lineNumber":10,"author":{"gitId":"MuhdMusab"},"content":"        this.commandType \u003d commandType;","lastModifiedDate":"2022-08-16"},{"lineNumber":11,"author":{"gitId":"MuhdMusab"},"content":"        this.tasks \u003d tasks;","lastModifiedDate":"2022-08-16"},{"lineNumber":12,"author":{"gitId":"MuhdMusab"},"content":"        this.input \u003d input;","lastModifiedDate":"2022-08-16"},{"lineNumber":13,"author":{"gitId":"MuhdMusab"},"content":"    }","lastModifiedDate":"2022-08-16"},{"lineNumber":14,"author":{"gitId":"MuhdMusab"},"content":"","lastModifiedDate":"2022-08-16"},{"lineNumber":15,"author":{"gitId":"MuhdMusab"},"content":"    private void printTaskCountMessage() {","lastModifiedDate":"2022-08-16"},{"lineNumber":16,"author":{"gitId":"MuhdMusab"},"content":"        System.out.printf(\"Boss, you got %s tasks now\\n\", this.tasks.size());","lastModifiedDate":"2022-08-16"},{"lineNumber":17,"author":{"gitId":"MuhdMusab"},"content":"    }","lastModifiedDate":"2022-08-16"},{"lineNumber":18,"author":{"gitId":"MuhdMusab"},"content":"","lastModifiedDate":"2022-08-16"},{"lineNumber":19,"author":{"gitId":"MuhdMusab"},"content":"    private void printStoredInputs() {","lastModifiedDate":"2022-08-16"},{"lineNumber":20,"author":{"gitId":"MuhdMusab"},"content":"        int numberOfTasks \u003d this.tasks.size();","lastModifiedDate":"2022-08-16"},{"lineNumber":21,"author":{"gitId":"MuhdMusab"},"content":"        if (numberOfTasks \u003e 0) {","lastModifiedDate":"2022-08-16"},{"lineNumber":22,"author":{"gitId":"MuhdMusab"},"content":"            System.out.println(\"Boss ah, this one your tasks:\");","lastModifiedDate":"2022-08-16"},{"lineNumber":23,"author":{"gitId":"MuhdMusab"},"content":"            for (int i \u003d 0; i \u003c numberOfTasks; i++) {","lastModifiedDate":"2022-08-16"},{"lineNumber":24,"author":{"gitId":"MuhdMusab"},"content":"                System.out.println(i + 1 + \". \" + tasks.get(i));","lastModifiedDate":"2022-08-16"},{"lineNumber":25,"author":{"gitId":"MuhdMusab"},"content":"            }","lastModifiedDate":"2022-08-16"},{"lineNumber":26,"author":{"gitId":"MuhdMusab"},"content":"            this.printTaskCountMessage();","lastModifiedDate":"2022-08-16"},{"lineNumber":27,"author":{"gitId":"MuhdMusab"},"content":"        } else if (numberOfTasks \u003d\u003d 0) {","lastModifiedDate":"2022-08-16"},{"lineNumber":28,"author":{"gitId":"MuhdMusab"},"content":"            System.out.println(\"Boss, you got no task yet ah\");","lastModifiedDate":"2022-08-16"},{"lineNumber":29,"author":{"gitId":"MuhdMusab"},"content":"        }","lastModifiedDate":"2022-08-16"},{"lineNumber":30,"author":{"gitId":"MuhdMusab"},"content":"    }","lastModifiedDate":"2022-08-16"},{"lineNumber":31,"author":{"gitId":"MuhdMusab"},"content":"    private void addTask(Task input) {","lastModifiedDate":"2022-08-16"},{"lineNumber":32,"author":{"gitId":"MuhdMusab"},"content":"        tasks.add(input);","lastModifiedDate":"2022-08-16"},{"lineNumber":33,"author":{"gitId":"MuhdMusab"},"content":"    }","lastModifiedDate":"2022-08-16"},{"lineNumber":34,"author":{"gitId":"MuhdMusab"},"content":"","lastModifiedDate":"2022-08-16"},{"lineNumber":35,"author":{"gitId":"MuhdMusab"},"content":"    public void run() throws DukeException {","lastModifiedDate":"2022-08-16"},{"lineNumber":36,"author":{"gitId":"MuhdMusab"},"content":"        switch (this.commandType) {","lastModifiedDate":"2022-08-16"},{"lineNumber":37,"author":{"gitId":"MuhdMusab"},"content":"            case BYE:","lastModifiedDate":"2022-08-16"},{"lineNumber":38,"author":{"gitId":"MuhdMusab"},"content":"                break;","lastModifiedDate":"2022-08-16"},{"lineNumber":39,"author":{"gitId":"MuhdMusab"},"content":"            case LIST:","lastModifiedDate":"2022-08-16"},{"lineNumber":40,"author":{"gitId":"MuhdMusab"},"content":"                printStoredInputs();","lastModifiedDate":"2022-08-16"},{"lineNumber":41,"author":{"gitId":"MuhdMusab"},"content":"                break;","lastModifiedDate":"2022-08-16"},{"lineNumber":42,"author":{"gitId":"MuhdMusab"},"content":"            case TODO:","lastModifiedDate":"2022-08-16"},{"lineNumber":43,"author":{"gitId":"MuhdMusab"},"content":"                String todoDescription \u003d input.substring(4).trim();","lastModifiedDate":"2022-08-16"},{"lineNumber":44,"author":{"gitId":"MuhdMusab"},"content":"                if (todoDescription.equals(\"\")) {","lastModifiedDate":"2022-08-16"},{"lineNumber":45,"author":{"gitId":"MuhdMusab"},"content":"                    throw new DukeException(\"Eh your task cannot be empty lah!\");","lastModifiedDate":"2022-08-16"},{"lineNumber":46,"author":{"gitId":"MuhdMusab"},"content":"                } else {","lastModifiedDate":"2022-08-16"},{"lineNumber":47,"author":{"gitId":"MuhdMusab"},"content":"                    Todo todo \u003d new Todo(todoDescription);","lastModifiedDate":"2022-08-16"},{"lineNumber":48,"author":{"gitId":"MuhdMusab"},"content":"                    this.addTask(todo);","lastModifiedDate":"2022-08-16"},{"lineNumber":49,"author":{"gitId":"MuhdMusab"},"content":"                    System.out.printf(\"Swee lah! I added this task liao:\\n%s\\n\", todo);","lastModifiedDate":"2022-08-16"},{"lineNumber":50,"author":{"gitId":"MuhdMusab"},"content":"                    this.printTaskCountMessage();","lastModifiedDate":"2022-08-16"},{"lineNumber":51,"author":{"gitId":"MuhdMusab"},"content":"                }","lastModifiedDate":"2022-08-16"},{"lineNumber":52,"author":{"gitId":"MuhdMusab"},"content":"                break;","lastModifiedDate":"2022-08-16"},{"lineNumber":53,"author":{"gitId":"MuhdMusab"},"content":"            case EVENT:","lastModifiedDate":"2022-08-16"},{"lineNumber":54,"author":{"gitId":"MuhdMusab"},"content":"                String[] splittedEvent \u003d input.substring(5).split(\" /at \", 3);","lastModifiedDate":"2022-08-16"},{"lineNumber":55,"author":{"gitId":"MuhdMusab"},"content":"                if (splittedEvent.length \u003d\u003d 2 \u0026\u0026 splittedEvent[0].trim().equals(\"\")) {","lastModifiedDate":"2022-08-16"},{"lineNumber":56,"author":{"gitId":"MuhdMusab"},"content":"                    throw new DukeException(\"Eh you never added your task name\");","lastModifiedDate":"2022-08-16"},{"lineNumber":57,"author":{"gitId":"MuhdMusab"},"content":"                } else if (splittedEvent.length \u003d\u003d 2 \u0026\u0026 !splittedEvent[0].trim().equals(\"\")","lastModifiedDate":"2022-08-16"},{"lineNumber":58,"author":{"gitId":"MuhdMusab"},"content":"                        \u0026\u0026 !splittedEvent[1].trim().equals(\"\")) {","lastModifiedDate":"2022-08-16"},{"lineNumber":59,"author":{"gitId":"MuhdMusab"},"content":"                    Event event\u003d new Event(splittedEvent[0].trim(), splittedEvent[1].trim());","lastModifiedDate":"2022-08-16"},{"lineNumber":60,"author":{"gitId":"MuhdMusab"},"content":"                    this.addTask(event);","lastModifiedDate":"2022-08-16"},{"lineNumber":61,"author":{"gitId":"MuhdMusab"},"content":"                    System.out.printf(\"Swee lah! I added this task liao: \\n%s\\n\", event);","lastModifiedDate":"2022-08-16"},{"lineNumber":62,"author":{"gitId":"MuhdMusab"},"content":"                    this.printTaskCountMessage();","lastModifiedDate":"2022-08-16"},{"lineNumber":63,"author":{"gitId":"MuhdMusab"},"content":"                } else {","lastModifiedDate":"2022-08-16"},{"lineNumber":64,"author":{"gitId":"MuhdMusab"},"content":"                    throw new DukeException(\"Eh you never added the event range\");","lastModifiedDate":"2022-08-16"},{"lineNumber":65,"author":{"gitId":"MuhdMusab"},"content":"                }","lastModifiedDate":"2022-08-16"},{"lineNumber":66,"author":{"gitId":"MuhdMusab"},"content":"                break;","lastModifiedDate":"2022-08-16"},{"lineNumber":67,"author":{"gitId":"MuhdMusab"},"content":"            case DEADLINE:","lastModifiedDate":"2022-08-16"},{"lineNumber":68,"author":{"gitId":"MuhdMusab"},"content":"                String[] splittedDeadline \u003d input.substring(8).split(\" /by \", 3);","lastModifiedDate":"2022-08-16"},{"lineNumber":69,"author":{"gitId":"MuhdMusab"},"content":"                if (splittedDeadline.length \u003d\u003d 2 \u0026\u0026 splittedDeadline[0].trim().equals(\"\")) {","lastModifiedDate":"2022-08-16"},{"lineNumber":70,"author":{"gitId":"MuhdMusab"},"content":"                    throw new DukeException(\"Eh you never added your task name\");","lastModifiedDate":"2022-08-16"},{"lineNumber":71,"author":{"gitId":"MuhdMusab"},"content":"                } else if (splittedDeadline.length \u003d\u003d 2 \u0026\u0026 !splittedDeadline[0].trim().equals(\"\")","lastModifiedDate":"2022-08-16"},{"lineNumber":72,"author":{"gitId":"MuhdMusab"},"content":"                        \u0026\u0026 !splittedDeadline[1].trim().equals(\"\")) {","lastModifiedDate":"2022-08-16"},{"lineNumber":73,"author":{"gitId":"MuhdMusab"},"content":"                    Deadline deadline \u003d new Deadline(splittedDeadline[0].trim(), splittedDeadline[1].trim());","lastModifiedDate":"2022-08-16"},{"lineNumber":74,"author":{"gitId":"MuhdMusab"},"content":"                    this.addTask(deadline);","lastModifiedDate":"2022-08-16"},{"lineNumber":75,"author":{"gitId":"MuhdMusab"},"content":"                    System.out.printf(\"Swee lah! I added this task liao: \\n%s\\n\", deadline);","lastModifiedDate":"2022-08-16"},{"lineNumber":76,"author":{"gitId":"MuhdMusab"},"content":"                    this.printTaskCountMessage();","lastModifiedDate":"2022-08-16"},{"lineNumber":77,"author":{"gitId":"MuhdMusab"},"content":"                } else {","lastModifiedDate":"2022-08-16"},{"lineNumber":78,"author":{"gitId":"MuhdMusab"},"content":"                    throw new DukeException(\"Eh you never added a deadline\");","lastModifiedDate":"2022-08-16"},{"lineNumber":79,"author":{"gitId":"MuhdMusab"},"content":"                }","lastModifiedDate":"2022-08-16"},{"lineNumber":80,"author":{"gitId":"MuhdMusab"},"content":"                break;","lastModifiedDate":"2022-08-16"},{"lineNumber":81,"author":{"gitId":"MuhdMusab"},"content":"            case EMPTY:","lastModifiedDate":"2022-08-16"},{"lineNumber":82,"author":{"gitId":"MuhdMusab"},"content":"                throw new DukeException(\"Eh you never type anything leh?\");","lastModifiedDate":"2022-08-16"},{"lineNumber":83,"author":{"gitId":"MuhdMusab"},"content":"            case MARK:","lastModifiedDate":"2022-08-16"},{"lineNumber":84,"author":{"gitId":"MuhdMusab"},"content":"                String markIndexString \u003d input.substring(4).trim();","lastModifiedDate":"2022-08-16"},{"lineNumber":85,"author":{"gitId":"MuhdMusab"},"content":"                try {","lastModifiedDate":"2022-08-16"},{"lineNumber":86,"author":{"gitId":"MuhdMusab"},"content":"                    int taskIndex \u003d Integer.parseInt(markIndexString);","lastModifiedDate":"2022-08-16"},{"lineNumber":87,"author":{"gitId":"MuhdMusab"},"content":"                    if (taskIndex - 1 \u003e\u003d this.tasks.size() || taskIndex - 1 \u003c 0) {","lastModifiedDate":"2022-08-16"},{"lineNumber":88,"author":{"gitId":"MuhdMusab"},"content":"                        throw new DukeException(\"Eh, you got that task number meh?\");","lastModifiedDate":"2022-08-16"},{"lineNumber":89,"author":{"gitId":"MuhdMusab"},"content":"                    }","lastModifiedDate":"2022-08-16"},{"lineNumber":90,"author":{"gitId":"MuhdMusab"},"content":"                    if (this.tasks.get(taskIndex - 1).canChangeIsDone(true)) {","lastModifiedDate":"2022-08-16"},{"lineNumber":91,"author":{"gitId":"MuhdMusab"},"content":"                        this.tasks.get(taskIndex - 1).changeIsDone(true);","lastModifiedDate":"2022-08-16"},{"lineNumber":92,"author":{"gitId":"MuhdMusab"},"content":"                        System.out.println(\"Swee lah! Your task done liao: \\n\" + this.tasks.get(taskIndex - 1));","lastModifiedDate":"2022-08-16"},{"lineNumber":93,"author":{"gitId":"MuhdMusab"},"content":"                    } else {","lastModifiedDate":"2022-08-16"},{"lineNumber":94,"author":{"gitId":"MuhdMusab"},"content":"                        throw new DukeException(\"Eh, you done that task alr lah\");","lastModifiedDate":"2022-08-16"},{"lineNumber":95,"author":{"gitId":"MuhdMusab"},"content":"                    }","lastModifiedDate":"2022-08-16"},{"lineNumber":96,"author":{"gitId":"MuhdMusab"},"content":"                }","lastModifiedDate":"2022-08-16"},{"lineNumber":97,"author":{"gitId":"MuhdMusab"},"content":"                catch (NumberFormatException e) {","lastModifiedDate":"2022-08-16"},{"lineNumber":98,"author":{"gitId":"MuhdMusab"},"content":"                    throw new DukeException(\"Eh, you enter your task number correctly anot?\");","lastModifiedDate":"2022-08-16"},{"lineNumber":99,"author":{"gitId":"MuhdMusab"},"content":"                }","lastModifiedDate":"2022-08-16"},{"lineNumber":100,"author":{"gitId":"MuhdMusab"},"content":"                break;","lastModifiedDate":"2022-08-16"},{"lineNumber":101,"author":{"gitId":"MuhdMusab"},"content":"            case UNMARK:","lastModifiedDate":"2022-08-16"},{"lineNumber":102,"author":{"gitId":"MuhdMusab"},"content":"                String unmarkIndexString \u003d input.substring(6).trim();","lastModifiedDate":"2022-08-16"},{"lineNumber":103,"author":{"gitId":"MuhdMusab"},"content":"                try {","lastModifiedDate":"2022-08-16"},{"lineNumber":104,"author":{"gitId":"MuhdMusab"},"content":"                    int taskIndex \u003d Integer.parseInt(unmarkIndexString);","lastModifiedDate":"2022-08-16"},{"lineNumber":105,"author":{"gitId":"MuhdMusab"},"content":"                    if (taskIndex - 1 \u003e\u003d this.tasks.size() || taskIndex - 1 \u003c 0) {","lastModifiedDate":"2022-08-16"},{"lineNumber":106,"author":{"gitId":"MuhdMusab"},"content":"                        throw new DukeException(\"Eh, you got that task number meh?\");","lastModifiedDate":"2022-08-16"},{"lineNumber":107,"author":{"gitId":"MuhdMusab"},"content":"                    }","lastModifiedDate":"2022-08-16"},{"lineNumber":108,"author":{"gitId":"MuhdMusab"},"content":"                    if (this.tasks.get(taskIndex - 1).canChangeIsDone(false)) {","lastModifiedDate":"2022-08-16"},{"lineNumber":109,"author":{"gitId":"MuhdMusab"},"content":"                        this.tasks.get(taskIndex - 1).changeIsDone(false);","lastModifiedDate":"2022-08-16"},{"lineNumber":110,"author":{"gitId":"MuhdMusab"},"content":"                        System.out.println(\"Eh? Not done yet? Okay I change liao: \\n\" + this.tasks.get(taskIndex - 1));","lastModifiedDate":"2022-08-16"},{"lineNumber":111,"author":{"gitId":"MuhdMusab"},"content":"                    } else {","lastModifiedDate":"2022-08-16"},{"lineNumber":112,"author":{"gitId":"MuhdMusab"},"content":"                        throw new DukeException(\"Eh, your task alr not done lah\");","lastModifiedDate":"2022-08-16"},{"lineNumber":113,"author":{"gitId":"MuhdMusab"},"content":"                    }","lastModifiedDate":"2022-08-16"},{"lineNumber":114,"author":{"gitId":"MuhdMusab"},"content":"                }","lastModifiedDate":"2022-08-16"},{"lineNumber":115,"author":{"gitId":"MuhdMusab"},"content":"                catch (NumberFormatException e) {","lastModifiedDate":"2022-08-16"},{"lineNumber":116,"author":{"gitId":"MuhdMusab"},"content":"                    throw new DukeException(\"Eh, you enter your task number correctly anot?\");","lastModifiedDate":"2022-08-16"},{"lineNumber":117,"author":{"gitId":"MuhdMusab"},"content":"                }","lastModifiedDate":"2022-08-16"},{"lineNumber":118,"author":{"gitId":"MuhdMusab"},"content":"                break;","lastModifiedDate":"2022-08-16"},{"lineNumber":119,"author":{"gitId":"MuhdMusab"},"content":"            case DELETE:","lastModifiedDate":"2022-08-16"},{"lineNumber":120,"author":{"gitId":"MuhdMusab"},"content":"                String taskIndexToDelete \u003d input.substring(6).trim();","lastModifiedDate":"2022-08-16"},{"lineNumber":121,"author":{"gitId":"MuhdMusab"},"content":"                try {","lastModifiedDate":"2022-08-16"},{"lineNumber":122,"author":{"gitId":"MuhdMusab"},"content":"                    int taskIndex \u003d Integer.parseInt(taskIndexToDelete);","lastModifiedDate":"2022-08-16"},{"lineNumber":123,"author":{"gitId":"MuhdMusab"},"content":"                    if (taskIndex - 1 \u003e\u003d this.tasks.size() || taskIndex - 1 \u003c 0) {","lastModifiedDate":"2022-08-16"},{"lineNumber":124,"author":{"gitId":"MuhdMusab"},"content":"                        throw new DukeException(\"Eh, you got that task number meh?\");","lastModifiedDate":"2022-08-16"},{"lineNumber":125,"author":{"gitId":"MuhdMusab"},"content":"                    } else {","lastModifiedDate":"2022-08-16"},{"lineNumber":126,"author":{"gitId":"MuhdMusab"},"content":"                        Task deletedTask \u003d tasks.remove(taskIndex - 1);","lastModifiedDate":"2022-08-16"},{"lineNumber":127,"author":{"gitId":"MuhdMusab"},"content":"                        System.out.printf(\"Okay boss, this task I delete le:\\n%s\\n\", deletedTask);","lastModifiedDate":"2022-08-16"},{"lineNumber":128,"author":{"gitId":"MuhdMusab"},"content":"                    }","lastModifiedDate":"2022-08-16"},{"lineNumber":129,"author":{"gitId":"MuhdMusab"},"content":"                }","lastModifiedDate":"2022-08-16"},{"lineNumber":130,"author":{"gitId":"MuhdMusab"},"content":"                catch (NumberFormatException e) {","lastModifiedDate":"2022-08-16"},{"lineNumber":131,"author":{"gitId":"MuhdMusab"},"content":"                    throw new DukeException(\"Eh, you enter your task number correctly anot?\");","lastModifiedDate":"2022-08-16"},{"lineNumber":132,"author":{"gitId":"MuhdMusab"},"content":"                }","lastModifiedDate":"2022-08-16"},{"lineNumber":133,"author":{"gitId":"MuhdMusab"},"content":"                break;","lastModifiedDate":"2022-08-16"},{"lineNumber":134,"author":{"gitId":"MuhdMusab"},"content":"            default:","lastModifiedDate":"2022-08-16"},{"lineNumber":135,"author":{"gitId":"MuhdMusab"},"content":"                throw new DukeException(\"What talking you\");","lastModifiedDate":"2022-08-16"},{"lineNumber":136,"author":{"gitId":"MuhdMusab"},"content":"        }","lastModifiedDate":"2022-08-16"},{"lineNumber":137,"author":{"gitId":"MuhdMusab"},"content":"    }","lastModifiedDate":"2022-08-16"},{"lineNumber":138,"author":{"gitId":"MuhdMusab"},"content":"}","lastModifiedDate":"2022-08-16"}],"authorContributionMap":{"MuhdMusab":138}},{"path":"src/main/java/CommandType.java","fileType":"java","lines":[{"lineNumber":1,"author":{"gitId":"MuhdMusab"},"content":"public enum CommandType {","lastModifiedDate":"2022-08-16"},{"lineNumber":2,"author":{"gitId":"MuhdMusab"},"content":"    BYE,","lastModifiedDate":"2022-08-16"},{"lineNumber":3,"author":{"gitId":"MuhdMusab"},"content":"    LIST,","lastModifiedDate":"2022-08-16"},{"lineNumber":4,"author":{"gitId":"MuhdMusab"},"content":"    TODO,","lastModifiedDate":"2022-08-16"},{"lineNumber":5,"author":{"gitId":"MuhdMusab"},"content":"    EVENT,","lastModifiedDate":"2022-08-16"},{"lineNumber":6,"author":{"gitId":"MuhdMusab"},"content":"    DEADLINE,","lastModifiedDate":"2022-08-16"},{"lineNumber":7,"author":{"gitId":"MuhdMusab"},"content":"    EMPTY,","lastModifiedDate":"2022-08-16"},{"lineNumber":8,"author":{"gitId":"MuhdMusab"},"content":"    INVALID,","lastModifiedDate":"2022-08-16"},{"lineNumber":9,"author":{"gitId":"MuhdMusab"},"content":"    MARK,","lastModifiedDate":"2022-08-16"},{"lineNumber":10,"author":{"gitId":"MuhdMusab"},"content":"    UNMARK,","lastModifiedDate":"2022-08-16"},{"lineNumber":11,"author":{"gitId":"MuhdMusab"},"content":"    DELETE,","lastModifiedDate":"2022-08-16"},{"lineNumber":12,"author":{"gitId":"MuhdMusab"},"content":"}","lastModifiedDate":"2022-08-16"}],"authorContributionMap":{"MuhdMusab":12}},{"path":"src/main/java/Deadline.java","fileType":"java","lines":[{"lineNumber":1,"author":{"gitId":"MuhdMusab"},"content":"public class Deadline extends Task {","lastModifiedDate":"2022-08-14"},{"lineNumber":2,"author":{"gitId":"MuhdMusab"},"content":"","lastModifiedDate":"2022-08-14"},{"lineNumber":3,"author":{"gitId":"MuhdMusab"},"content":"    protected String by;","lastModifiedDate":"2022-08-14"},{"lineNumber":4,"author":{"gitId":"MuhdMusab"},"content":"","lastModifiedDate":"2022-08-14"},{"lineNumber":5,"author":{"gitId":"MuhdMusab"},"content":"    public Deadline(String description, String by) {","lastModifiedDate":"2022-08-14"},{"lineNumber":6,"author":{"gitId":"MuhdMusab"},"content":"        super(description);","lastModifiedDate":"2022-08-14"},{"lineNumber":7,"author":{"gitId":"MuhdMusab"},"content":"        this.by \u003d by;","lastModifiedDate":"2022-08-14"},{"lineNumber":8,"author":{"gitId":"MuhdMusab"},"content":"    }","lastModifiedDate":"2022-08-14"},{"lineNumber":9,"author":{"gitId":"MuhdMusab"},"content":"","lastModifiedDate":"2022-08-14"},{"lineNumber":10,"author":{"gitId":"MuhdMusab"},"content":"    @Override","lastModifiedDate":"2022-08-14"},{"lineNumber":11,"author":{"gitId":"MuhdMusab"},"content":"    public String toString() {","lastModifiedDate":"2022-08-14"},{"lineNumber":12,"author":{"gitId":"MuhdMusab"},"content":"        return \"[D]\" + super.toString() + \" (by: \" + by + \")\";","lastModifiedDate":"2022-08-14"},{"lineNumber":13,"author":{"gitId":"MuhdMusab"},"content":"    }","lastModifiedDate":"2022-08-14"},{"lineNumber":14,"author":{"gitId":"MuhdMusab"},"content":"}","lastModifiedDate":"2022-08-14"}],"authorContributionMap":{"MuhdMusab":14}},{"path":"src/main/java/Duke.java","fileType":"java","lines":[{"lineNumber":1,"author":{"gitId":"MuhdMusab"},"content":"import java.util.ArrayList;","lastModifiedDate":"2022-08-15"},{"lineNumber":2,"author":{"gitId":"MuhdMusab"},"content":"import java.util.Scanner;","lastModifiedDate":"2022-08-14"},{"lineNumber":3,"author":{"gitId":"-"},"content":"public class Duke {","lastModifiedDate":"2019-07-29"},{"lineNumber":4,"author":{"gitId":"MuhdMusab"},"content":"    private ArrayList\u003cTask\u003e tasks;","lastModifiedDate":"2022-08-15"},{"lineNumber":5,"author":{"gitId":"MuhdMusab"},"content":"","lastModifiedDate":"2022-08-14"},{"lineNumber":6,"author":{"gitId":"MuhdMusab"},"content":"    Duke() {","lastModifiedDate":"2022-08-14"},{"lineNumber":7,"author":{"gitId":"MuhdMusab"},"content":"        tasks \u003d new ArrayList\u003cTask\u003e();","lastModifiedDate":"2022-08-15"},{"lineNumber":8,"author":{"gitId":"MuhdMusab"},"content":"    }","lastModifiedDate":"2022-08-14"},{"lineNumber":9,"author":{"gitId":"MuhdMusab"},"content":"","lastModifiedDate":"2022-08-14"},{"lineNumber":10,"author":{"gitId":"MuhdMusab"},"content":"    private void startChatBot() {","lastModifiedDate":"2022-08-14"},{"lineNumber":11,"author":{"gitId":"MuhdMusab"},"content":"        Scanner sc \u003d new Scanner(System.in);","lastModifiedDate":"2022-08-14"},{"lineNumber":12,"author":{"gitId":"MuhdMusab"},"content":"        System.out.print(\"Eh hello, my name is Uncle Cheong. \\n\" +","lastModifiedDate":"2022-08-16"},{"lineNumber":13,"author":{"gitId":"MuhdMusab"},"content":"                \"What you want?\\n\");","lastModifiedDate":"2022-08-16"},{"lineNumber":14,"author":{"gitId":"MuhdMusab"},"content":"        InputParser inputParser \u003d new InputParser(sc, tasks);","lastModifiedDate":"2022-08-16"},{"lineNumber":15,"author":{"gitId":"MuhdMusab"},"content":"        inputParser.parseInputs();","lastModifiedDate":"2022-08-16"},{"lineNumber":16,"author":{"gitId":"MuhdMusab"},"content":"    }","lastModifiedDate":"2022-08-14"},{"lineNumber":17,"author":{"gitId":"MuhdMusab"},"content":"","lastModifiedDate":"2022-08-14"},{"lineNumber":18,"author":{"gitId":"-"},"content":"    public static void main(String[] args) {","lastModifiedDate":"2022-08-14"},{"lineNumber":19,"author":{"gitId":"MuhdMusab"},"content":"        Duke uncleCheong \u003d new Duke();","lastModifiedDate":"2022-08-14"},{"lineNumber":20,"author":{"gitId":"MuhdMusab"},"content":"        uncleCheong.startChatBot();","lastModifiedDate":"2022-08-14"},{"lineNumber":21,"author":{"gitId":"-"},"content":"    }","lastModifiedDate":"2019-07-29"},{"lineNumber":22,"author":{"gitId":"-"},"content":"}","lastModifiedDate":"2019-07-29"}],"authorContributionMap":{"MuhdMusab":18,"-":4}},{"path":"src/main/java/DukeException.java","fileType":"java","lines":[{"lineNumber":1,"author":{"gitId":"MuhdMusab"},"content":"public class DukeException extends Exception{","lastModifiedDate":"2022-08-16"},{"lineNumber":2,"author":{"gitId":"MuhdMusab"},"content":"    private String message;","lastModifiedDate":"2022-08-16"},{"lineNumber":3,"author":{"gitId":"MuhdMusab"},"content":"    DukeException(String message) {","lastModifiedDate":"2022-08-16"},{"lineNumber":4,"author":{"gitId":"MuhdMusab"},"content":"        super(message);","lastModifiedDate":"2022-08-16"},{"lineNumber":5,"author":{"gitId":"MuhdMusab"},"content":"        this.message \u003d message;","lastModifiedDate":"2022-08-16"},{"lineNumber":6,"author":{"gitId":"MuhdMusab"},"content":"    }","lastModifiedDate":"2022-08-16"},{"lineNumber":7,"author":{"gitId":"MuhdMusab"},"content":"","lastModifiedDate":"2022-08-16"},{"lineNumber":8,"author":{"gitId":"MuhdMusab"},"content":"    @Override","lastModifiedDate":"2022-08-16"},{"lineNumber":9,"author":{"gitId":"MuhdMusab"},"content":"    public String toString() {","lastModifiedDate":"2022-08-16"},{"lineNumber":10,"author":{"gitId":"MuhdMusab"},"content":"        return this.message;","lastModifiedDate":"2022-08-16"},{"lineNumber":11,"author":{"gitId":"MuhdMusab"},"content":"    }","lastModifiedDate":"2022-08-16"},{"lineNumber":12,"author":{"gitId":"MuhdMusab"},"content":"}","lastModifiedDate":"2022-08-16"}],"authorContributionMap":{"MuhdMusab":12}},{"path":"src/main/java/Event.java","fileType":"java","lines":[{"lineNumber":1,"author":{"gitId":"MuhdMusab"},"content":"public class Event extends Task {","lastModifiedDate":"2022-08-14"},{"lineNumber":2,"author":{"gitId":"MuhdMusab"},"content":"","lastModifiedDate":"2022-08-14"},{"lineNumber":3,"author":{"gitId":"MuhdMusab"},"content":"    protected String range;","lastModifiedDate":"2022-08-14"},{"lineNumber":4,"author":{"gitId":"MuhdMusab"},"content":"","lastModifiedDate":"2022-08-14"},{"lineNumber":5,"author":{"gitId":"MuhdMusab"},"content":"    public Event(String description, String range) {","lastModifiedDate":"2022-08-14"},{"lineNumber":6,"author":{"gitId":"MuhdMusab"},"content":"        super(description);","lastModifiedDate":"2022-08-14"},{"lineNumber":7,"author":{"gitId":"MuhdMusab"},"content":"        this.range \u003d range;","lastModifiedDate":"2022-08-14"},{"lineNumber":8,"author":{"gitId":"MuhdMusab"},"content":"    }","lastModifiedDate":"2022-08-14"},{"lineNumber":9,"author":{"gitId":"MuhdMusab"},"content":"","lastModifiedDate":"2022-08-14"},{"lineNumber":10,"author":{"gitId":"MuhdMusab"},"content":"    @Override","lastModifiedDate":"2022-08-14"},{"lineNumber":11,"author":{"gitId":"MuhdMusab"},"content":"    public String toString() {","lastModifiedDate":"2022-08-14"},{"lineNumber":12,"author":{"gitId":"MuhdMusab"},"content":"        return \"[E]\" + super.toString() + \" (at: \" + range + \")\";","lastModifiedDate":"2022-08-14"},{"lineNumber":13,"author":{"gitId":"MuhdMusab"},"content":"    }","lastModifiedDate":"2022-08-14"},{"lineNumber":14,"author":{"gitId":"MuhdMusab"},"content":"}","lastModifiedDate":"2022-08-14"}],"authorContributionMap":{"MuhdMusab":14}},{"path":"src/main/java/InputParser.java","fileType":"java","lines":[{"lineNumber":1,"author":{"gitId":"MuhdMusab"},"content":"import java.util.ArrayList;","lastModifiedDate":"2022-08-16"},{"lineNumber":2,"author":{"gitId":"MuhdMusab"},"content":"import java.util.Scanner;","lastModifiedDate":"2022-08-16"},{"lineNumber":3,"author":{"gitId":"MuhdMusab"},"content":"","lastModifiedDate":"2022-08-16"},{"lineNumber":4,"author":{"gitId":"MuhdMusab"},"content":"public class InputParser {","lastModifiedDate":"2022-08-16"},{"lineNumber":5,"author":{"gitId":"MuhdMusab"},"content":"    private Scanner sc;","lastModifiedDate":"2022-08-16"},{"lineNumber":6,"author":{"gitId":"MuhdMusab"},"content":"    private ArrayList\u003cTask\u003e tasks;","lastModifiedDate":"2022-08-16"},{"lineNumber":7,"author":{"gitId":"MuhdMusab"},"content":"","lastModifiedDate":"2022-08-16"},{"lineNumber":8,"author":{"gitId":"MuhdMusab"},"content":"    InputParser(Scanner sc, ArrayList\u003cTask\u003e tasks) {","lastModifiedDate":"2022-08-16"},{"lineNumber":9,"author":{"gitId":"MuhdMusab"},"content":"        this.sc \u003d sc;","lastModifiedDate":"2022-08-16"},{"lineNumber":10,"author":{"gitId":"MuhdMusab"},"content":"        this.tasks \u003d tasks;","lastModifiedDate":"2022-08-16"},{"lineNumber":11,"author":{"gitId":"MuhdMusab"},"content":"    }","lastModifiedDate":"2022-08-16"},{"lineNumber":12,"author":{"gitId":"MuhdMusab"},"content":"","lastModifiedDate":"2022-08-16"},{"lineNumber":13,"author":{"gitId":"MuhdMusab"},"content":"    public void parseInputs() {","lastModifiedDate":"2022-08-16"},{"lineNumber":14,"author":{"gitId":"MuhdMusab"},"content":"        String input;","lastModifiedDate":"2022-08-16"},{"lineNumber":15,"author":{"gitId":"MuhdMusab"},"content":"        while (true) {","lastModifiedDate":"2022-08-16"},{"lineNumber":16,"author":{"gitId":"MuhdMusab"},"content":"            input \u003d this.sc.nextLine();","lastModifiedDate":"2022-08-16"},{"lineNumber":17,"author":{"gitId":"MuhdMusab"},"content":"            Command command;","lastModifiedDate":"2022-08-16"},{"lineNumber":18,"author":{"gitId":"MuhdMusab"},"content":"            if (input.equals(\"\")) {","lastModifiedDate":"2022-08-16"},{"lineNumber":19,"author":{"gitId":"MuhdMusab"},"content":"                command \u003d new Command(CommandType.EMPTY, tasks, input);","lastModifiedDate":"2022-08-16"},{"lineNumber":20,"author":{"gitId":"MuhdMusab"},"content":"            } else if (input.equals(\"bye\")) {","lastModifiedDate":"2022-08-16"},{"lineNumber":21,"author":{"gitId":"MuhdMusab"},"content":"                break;","lastModifiedDate":"2022-08-16"},{"lineNumber":22,"author":{"gitId":"MuhdMusab"},"content":"            } else if (input.equals(\"list\")) {","lastModifiedDate":"2022-08-16"},{"lineNumber":23,"author":{"gitId":"MuhdMusab"},"content":"                command \u003d new Command(CommandType.LIST, tasks, input);","lastModifiedDate":"2022-08-16"},{"lineNumber":24,"author":{"gitId":"MuhdMusab"},"content":"            } else if (input.length() \u003e\u003d 4 \u0026\u0026 input.substring(0, 4).equals(\"todo\")) {","lastModifiedDate":"2022-08-16"},{"lineNumber":25,"author":{"gitId":"MuhdMusab"},"content":"                command \u003d new Command(CommandType.TODO, tasks, input);","lastModifiedDate":"2022-08-16"},{"lineNumber":26,"author":{"gitId":"MuhdMusab"},"content":"            } else if (input.length() \u003e\u003d 8 \u0026\u0026 input.substring(0, 8).equals(\"deadline\")) {","lastModifiedDate":"2022-08-16"},{"lineNumber":27,"author":{"gitId":"MuhdMusab"},"content":"                command \u003d new Command(CommandType.DEADLINE, tasks, input);","lastModifiedDate":"2022-08-16"},{"lineNumber":28,"author":{"gitId":"MuhdMusab"},"content":"            }  else if (input.length() \u003e\u003d 5 \u0026\u0026 input.substring(0, 5).equals(\"event\")) {","lastModifiedDate":"2022-08-16"},{"lineNumber":29,"author":{"gitId":"MuhdMusab"},"content":"                command \u003d new Command(CommandType.EVENT, tasks, input);","lastModifiedDate":"2022-08-16"},{"lineNumber":30,"author":{"gitId":"MuhdMusab"},"content":"            } else if (input.length() \u003e\u003d 4 \u0026\u0026 input.substring(0, 4).equals(\"mark\")) {","lastModifiedDate":"2022-08-16"},{"lineNumber":31,"author":{"gitId":"MuhdMusab"},"content":"                command \u003d new Command(CommandType.MARK, tasks, input);","lastModifiedDate":"2022-08-16"},{"lineNumber":32,"author":{"gitId":"MuhdMusab"},"content":"            } else if (input.length() \u003e\u003d 6 \u0026\u0026 input.substring(0, 6).equals(\"unmark\")) {","lastModifiedDate":"2022-08-16"},{"lineNumber":33,"author":{"gitId":"MuhdMusab"},"content":"                command \u003d new Command(CommandType.UNMARK, tasks, input);","lastModifiedDate":"2022-08-16"},{"lineNumber":34,"author":{"gitId":"MuhdMusab"},"content":"            } else if (input.length() \u003e\u003d 6 \u0026\u0026 input.substring(0, 6).equals(\"delete\")) {","lastModifiedDate":"2022-08-16"},{"lineNumber":35,"author":{"gitId":"MuhdMusab"},"content":"                command \u003d new Command(CommandType.DELETE, tasks, input);","lastModifiedDate":"2022-08-16"},{"lineNumber":36,"author":{"gitId":"MuhdMusab"},"content":"            } else {","lastModifiedDate":"2022-08-16"},{"lineNumber":37,"author":{"gitId":"MuhdMusab"},"content":"                command \u003d new Command(CommandType.INVALID, tasks, input);","lastModifiedDate":"2022-08-16"},{"lineNumber":38,"author":{"gitId":"MuhdMusab"},"content":"            }","lastModifiedDate":"2022-08-16"},{"lineNumber":39,"author":{"gitId":"MuhdMusab"},"content":"            try {","lastModifiedDate":"2022-08-16"},{"lineNumber":40,"author":{"gitId":"MuhdMusab"},"content":"                command.run();","lastModifiedDate":"2022-08-16"},{"lineNumber":41,"author":{"gitId":"MuhdMusab"},"content":"            } catch (DukeException e) {","lastModifiedDate":"2022-08-16"},{"lineNumber":42,"author":{"gitId":"MuhdMusab"},"content":"                System.out.println(e);","lastModifiedDate":"2022-08-16"},{"lineNumber":43,"author":{"gitId":"MuhdMusab"},"content":"            }","lastModifiedDate":"2022-08-16"},{"lineNumber":44,"author":{"gitId":"MuhdMusab"},"content":"        }","lastModifiedDate":"2022-08-16"},{"lineNumber":45,"author":{"gitId":"MuhdMusab"},"content":"        System.out.println(\"Eh you leaving me so soon?\");","lastModifiedDate":"2022-08-16"},{"lineNumber":46,"author":{"gitId":"MuhdMusab"},"content":"    }","lastModifiedDate":"2022-08-16"},{"lineNumber":47,"author":{"gitId":"MuhdMusab"},"content":"}","lastModifiedDate":"2022-08-16"}],"authorContributionMap":{"MuhdMusab":47}},{"path":"src/main/java/Task.java","fileType":"java","lines":[{"lineNumber":1,"author":{"gitId":"MuhdMusab"},"content":"public class Task {","lastModifiedDate":"2022-08-14"},{"lineNumber":2,"author":{"gitId":"MuhdMusab"},"content":"    protected String description;","lastModifiedDate":"2022-08-14"},{"lineNumber":3,"author":{"gitId":"MuhdMusab"},"content":"    protected boolean isDone;","lastModifiedDate":"2022-08-14"},{"lineNumber":4,"author":{"gitId":"MuhdMusab"},"content":"","lastModifiedDate":"2022-08-14"},{"lineNumber":5,"author":{"gitId":"MuhdMusab"},"content":"    public Task(String description) {","lastModifiedDate":"2022-08-14"},{"lineNumber":6,"author":{"gitId":"MuhdMusab"},"content":"        this.description \u003d description;","lastModifiedDate":"2022-08-14"},{"lineNumber":7,"author":{"gitId":"MuhdMusab"},"content":"        this.isDone \u003d false;","lastModifiedDate":"2022-08-14"},{"lineNumber":8,"author":{"gitId":"MuhdMusab"},"content":"    }","lastModifiedDate":"2022-08-14"},{"lineNumber":9,"author":{"gitId":"MuhdMusab"},"content":"","lastModifiedDate":"2022-08-14"},{"lineNumber":10,"author":{"gitId":"MuhdMusab"},"content":"    public String getStatusIcon() {","lastModifiedDate":"2022-08-14"},{"lineNumber":11,"author":{"gitId":"MuhdMusab"},"content":"        return (isDone ? \"X\" : \" \"); // mark done task with X","lastModifiedDate":"2022-08-14"},{"lineNumber":12,"author":{"gitId":"MuhdMusab"},"content":"    }","lastModifiedDate":"2022-08-14"},{"lineNumber":13,"author":{"gitId":"MuhdMusab"},"content":"","lastModifiedDate":"2022-08-14"},{"lineNumber":14,"author":{"gitId":"MuhdMusab"},"content":"    public boolean canChangeIsDone(boolean newIsDone) {","lastModifiedDate":"2022-08-16"},{"lineNumber":15,"author":{"gitId":"MuhdMusab"},"content":"        if (this.isDone \u003d\u003d newIsDone) {","lastModifiedDate":"2022-08-14"},{"lineNumber":16,"author":{"gitId":"MuhdMusab"},"content":"            return false;","lastModifiedDate":"2022-08-16"},{"lineNumber":17,"author":{"gitId":"MuhdMusab"},"content":"        } else {","lastModifiedDate":"2022-08-14"},{"lineNumber":18,"author":{"gitId":"MuhdMusab"},"content":"            return true;","lastModifiedDate":"2022-08-16"},{"lineNumber":19,"author":{"gitId":"MuhdMusab"},"content":"        }","lastModifiedDate":"2022-08-16"},{"lineNumber":20,"author":{"gitId":"MuhdMusab"},"content":"    }","lastModifiedDate":"2022-08-14"},{"lineNumber":21,"author":{"gitId":"MuhdMusab"},"content":"    public void changeIsDone(boolean newIsDone){","lastModifiedDate":"2022-08-16"},{"lineNumber":22,"author":{"gitId":"MuhdMusab"},"content":"        this.isDone \u003d newIsDone;","lastModifiedDate":"2022-08-16"},{"lineNumber":23,"author":{"gitId":"MuhdMusab"},"content":"    }","lastModifiedDate":"2022-08-14"},{"lineNumber":24,"author":{"gitId":"MuhdMusab"},"content":"","lastModifiedDate":"2022-08-14"},{"lineNumber":25,"author":{"gitId":"MuhdMusab"},"content":"    @Override","lastModifiedDate":"2022-08-14"},{"lineNumber":26,"author":{"gitId":"MuhdMusab"},"content":"    public String toString() {","lastModifiedDate":"2022-08-14"},{"lineNumber":27,"author":{"gitId":"MuhdMusab"},"content":"        return \"[\" + getStatusIcon() + \"] \" + this.description;","lastModifiedDate":"2022-08-14"},{"lineNumber":28,"author":{"gitId":"MuhdMusab"},"content":"    }","lastModifiedDate":"2022-08-14"},{"lineNumber":29,"author":{"gitId":"MuhdMusab"},"content":"}","lastModifiedDate":"2022-08-14"}],"authorContributionMap":{"MuhdMusab":29}},{"path":"src/main/java/Todo.java","fileType":"java","lines":[{"lineNumber":1,"author":{"gitId":"MuhdMusab"},"content":"public class Todo extends Task {","lastModifiedDate":"2022-08-14"},{"lineNumber":2,"author":{"gitId":"MuhdMusab"},"content":"","lastModifiedDate":"2022-08-14"},{"lineNumber":3,"author":{"gitId":"MuhdMusab"},"content":"    public Todo(String description) {","lastModifiedDate":"2022-08-14"},{"lineNumber":4,"author":{"gitId":"MuhdMusab"},"content":"        super(description);","lastModifiedDate":"2022-08-14"},{"lineNumber":5,"author":{"gitId":"MuhdMusab"},"content":"    }","lastModifiedDate":"2022-08-14"},{"lineNumber":6,"author":{"gitId":"MuhdMusab"},"content":"","lastModifiedDate":"2022-08-14"},{"lineNumber":7,"author":{"gitId":"MuhdMusab"},"content":"    public String toString() {","lastModifiedDate":"2022-08-14"},{"lineNumber":8,"author":{"gitId":"MuhdMusab"},"content":"        return \"[T]\" + super.toString();","lastModifiedDate":"2022-08-14"},{"lineNumber":9,"author":{"gitId":"MuhdMusab"},"content":"    }","lastModifiedDate":"2022-08-14"},{"lineNumber":10,"author":{"gitId":"MuhdMusab"},"content":"}","lastModifiedDate":"2022-08-14"}],"authorContributionMap":{"MuhdMusab":10}},{"path":"text-ui-test/input.txt","fileType":"txt","lines":[{"lineNumber":1,"author":{"gitId":"MuhdMusab"},"content":"event exam /at noon","lastModifiedDate":"2022-08-15"},{"lineNumber":2,"author":{"gitId":"MuhdMusab"},"content":"deadline shower /by 5pm","lastModifiedDate":"2022-08-15"},{"lineNumber":3,"author":{"gitId":"MuhdMusab"},"content":"list","lastModifiedDate":"2022-08-15"},{"lineNumber":4,"author":{"gitId":"MuhdMusab"},"content":"mark 1","lastModifiedDate":"2022-08-15"},{"lineNumber":5,"author":{"gitId":"MuhdMusab"},"content":"list","lastModifiedDate":"2022-08-15"},{"lineNumber":6,"author":{"gitId":"MuhdMusab"},"content":"mark 2","lastModifiedDate":"2022-08-15"},{"lineNumber":7,"author":{"gitId":"MuhdMusab"},"content":"unmark 1","lastModifiedDate":"2022-08-15"},{"lineNumber":8,"author":{"gitId":"MuhdMusab"},"content":"bye","lastModifiedDate":"2022-08-15"}],"authorContributionMap":{"MuhdMusab":8}},{"path":"text-ui-test/runtest.sh","fileType":"sh","lines":[{"lineNumber":1,"author":{"gitId":"-"},"content":"#!/usr/bin/env bash","lastModifiedDate":"2020-05-25"},{"lineNumber":2,"author":{"gitId":"-"},"content":"","lastModifiedDate":"2020-05-25"},{"lineNumber":3,"author":{"gitId":"-"},"content":"# create bin directory if it doesn\u0027t exist","lastModifiedDate":"2020-05-25"},{"lineNumber":4,"author":{"gitId":"-"},"content":"if [ ! -d \"../bin\" ]","lastModifiedDate":"2020-05-25"},{"lineNumber":5,"author":{"gitId":"-"},"content":"then","lastModifiedDate":"2020-05-25"},{"lineNumber":6,"author":{"gitId":"-"},"content":"    mkdir ../bin","lastModifiedDate":"2020-05-25"},{"lineNumber":7,"author":{"gitId":"-"},"content":"fi","lastModifiedDate":"2020-05-25"},{"lineNumber":8,"author":{"gitId":"-"},"content":"","lastModifiedDate":"2020-05-25"},{"lineNumber":9,"author":{"gitId":"-"},"content":"# delete output from previous run","lastModifiedDate":"2020-05-25"},{"lineNumber":10,"author":{"gitId":"-"},"content":"if [ -e \"./ACTUAL.TXT\" ]","lastModifiedDate":"2020-05-25"},{"lineNumber":11,"author":{"gitId":"-"},"content":"then","lastModifiedDate":"2020-05-25"},{"lineNumber":12,"author":{"gitId":"-"},"content":"    rm ACTUAL.TXT","lastModifiedDate":"2020-05-25"},{"lineNumber":13,"author":{"gitId":"-"},"content":"fi","lastModifiedDate":"2020-05-25"},{"lineNumber":14,"author":{"gitId":"-"},"content":"","lastModifiedDate":"2020-05-25"},{"lineNumber":15,"author":{"gitId":"-"},"content":"# compile the code into the bin folder, terminates if error occurred","lastModifiedDate":"2020-05-25"},{"lineNumber":16,"author":{"gitId":"-"},"content":"if ! javac -cp ../src/main/java -Xlint:none -d ../bin ../src/main/java/*.java","lastModifiedDate":"2020-08-25"},{"lineNumber":17,"author":{"gitId":"-"},"content":"then","lastModifiedDate":"2020-05-25"},{"lineNumber":18,"author":{"gitId":"-"},"content":"    echo \"********** BUILD FAILURE **********\"","lastModifiedDate":"2020-05-25"},{"lineNumber":19,"author":{"gitId":"-"},"content":"    exit 1","lastModifiedDate":"2020-05-25"},{"lineNumber":20,"author":{"gitId":"-"},"content":"fi","lastModifiedDate":"2020-05-25"},{"lineNumber":21,"author":{"gitId":"-"},"content":"","lastModifiedDate":"2020-05-25"},{"lineNumber":22,"author":{"gitId":"-"},"content":"# run the program, feed commands from input.txt file and redirect the output to the ACTUAL.TXT","lastModifiedDate":"2020-05-25"},{"lineNumber":23,"author":{"gitId":"-"},"content":"java -classpath ../bin Duke \u003c input.txt \u003e ACTUAL.TXT","lastModifiedDate":"2020-05-25"},{"lineNumber":24,"author":{"gitId":"-"},"content":"","lastModifiedDate":"2020-05-25"},{"lineNumber":25,"author":{"gitId":"-"},"content":"# convert to UNIX format","lastModifiedDate":"2020-05-25"},{"lineNumber":26,"author":{"gitId":"-"},"content":"cp EXPECTED.TXT EXPECTED-UNIX.TXT","lastModifiedDate":"2020-05-25"},{"lineNumber":27,"author":{"gitId":"MuhdMusab"},"content":"dos2unix ACTUAL.TXT EXPECTED.TXT","lastModifiedDate":"2022-08-15"},{"lineNumber":28,"author":{"gitId":"-"},"content":"","lastModifiedDate":"2020-05-25"},{"lineNumber":29,"author":{"gitId":"-"},"content":"# compare the output to the expected output","lastModifiedDate":"2020-05-25"},{"lineNumber":30,"author":{"gitId":"-"},"content":"diff ACTUAL.TXT EXPECTED-UNIX.TXT","lastModifiedDate":"2020-05-25"},{"lineNumber":31,"author":{"gitId":"-"},"content":"if [ $? -eq 0 ]","lastModifiedDate":"2020-05-25"},{"lineNumber":32,"author":{"gitId":"-"},"content":"then","lastModifiedDate":"2020-05-25"},{"lineNumber":33,"author":{"gitId":"-"},"content":"    echo \"Test result: PASSED\"","lastModifiedDate":"2020-05-25"},{"lineNumber":34,"author":{"gitId":"-"},"content":"    exit 0","lastModifiedDate":"2020-05-25"},{"lineNumber":35,"author":{"gitId":"-"},"content":"else","lastModifiedDate":"2020-05-25"},{"lineNumber":36,"author":{"gitId":"-"},"content":"    echo \"Test result: FAILED\"","lastModifiedDate":"2020-05-25"},{"lineNumber":37,"author":{"gitId":"-"},"content":"    exit 1","lastModifiedDate":"2020-05-25"},{"lineNumber":38,"author":{"gitId":"-"},"content":"fi","lastModifiedDate":"2020-05-25"}],"authorContributionMap":{"MuhdMusab":1,"-":37}}]
