{"authorDailyContributionsMap":{"MuhdMusab":[{"date":"2022-08-14","commitResults":[{"hash":"e028d947fc24e3b2f4e7e0f1b5fb8bf686dde4bc","messageTitle":"Added Greet,Echo,Exit","messageBody":"","fileTypesAndContributionMap":{"java":{"insertions":13,"deletions":6}}},{"hash":"5babf4ce640eace3c79e9039e8e1767facbabe4b","messageTitle":"Added Level 2.Add, list","messageBody":"","fileTypesAndContributionMap":{"java":{"insertions":38,"deletions":10}}},{"hash":"41f56c12524db3d149c23cfd80d7f5ce180d8ae5","messageTitle":"Added Level 2.Add, list","messageBody":"","fileTypesAndContributionMap":{"java":{"insertions":72,"deletions":12}}},{"hash":"54b7686c738ffbb5bf0bbbfe39f186cf677efc79","messageTitle":"Added Level 3. Mark as Done","messageBody":"","fileTypesAndContributionMap":{"java":{"insertions":20,"deletions":12}}},{"hash":"9894490acd712708a8bbad1b98525a8858d8fa85","messageTitle":"Added Level 4. ToDos, Events, Deadlines","messageBody":"","fileTypesAndContributionMap":{"java":{"insertions":89,"deletions":5}}}]},{"date":"2022-08-15","commitResults":[{"hash":"fd6af9d7afeccba77e526956ecf974c29c60dd56","messageTitle":"Updated message when input is not valid","messageBody":"","fileTypesAndContributionMap":{"java":{"insertions":1,"deletions":1}}},{"hash":"f4466a8bdb9cddcf0ae16a9be2b586998a308e27","messageTitle":"Add automated text ui testing","messageBody":"","fileTypesAndContributionMap":{"txt":{"insertions":8,"deletions":0},"java":{"insertions":2,"deletions":2},"sh":{"insertions":1,"deletions":1}}},{"hash":"1e22240b994f97a0056bd80c012ae5373af8641b","messageTitle":"Changed the primitive tasks array to an arraylist","messageBody":"","fileTypesAndContributionMap":{"java":{"insertions":18,"deletions":17}}}]},{"date":"2022-08-16","commitResults":[{"hash":"2aee99d79d5a4a9082100228bbf749b44718fe3e","messageTitle":"Added Level 5. Handle Errors and Command, CommandType and InputParser classes","messageBody":"","fileTypesAndContributionMap":{"java":{"insertions":209,"deletions":98}}},{"hash":"8882166836fc2a36a0b4f754884482eaf337ddbb","messageTitle":"Added Level 6. Delete","messageBody":"","fileTypesAndContributionMap":{"java":{"insertions":20,"deletions":6}}},{"hash":"102a53fb969cc07f1de988de63a817488f0b2384","messageTitle":"Removed extra functions and print statements","messageBody":"","fileTypesAndContributionMap":{"java":{"insertions":0,"deletions":25}}}]}]},"authorFileTypeContributionMap":{"MuhdMusab":{"java":294,"md":0,"fxml":0,"sh":1,"bat":0,"gradle":0,"txt":8}},"authorContributionVariance":{"MuhdMusab":22674.96},"authorDisplayNameMap":{"MuhdMusab":"MUHA..AFFA"}}
