{"authorDailyContributionsMap":{"Polygonalr":[{"date":"2022-08-15","commitResults":[{"hash":"f367860d3bc13365efdd735725032f1cb3b90a8e","messageTitle":"Implement level 1","messageBody":"","tags":["Level-1"],"fileTypesAndContributionMap":{"java":{"insertions":29,"deletions":6}}},{"hash":"6199978fe9b5d1738d50e5817a573ab90b1ad41c","messageTitle":"Implement level 2","messageBody":"","tags":["Level-2"],"fileTypesAndContributionMap":{"java":{"insertions":17,"deletions":1}}},{"hash":"2573cb092c2b907601ee8ad5d553f5965e0ccf2f","messageTitle":"Implement level 3","messageBody":"","tags":["Level-3"],"fileTypesAndContributionMap":{"java":{"insertions":59,"deletions":19}}},{"hash":"66895b7c32185e72654bd2ecb827e139e29c5289","messageTitle":"Implement level 4","messageBody":"","tags":["Level-4"],"fileTypesAndContributionMap":{"java":{"insertions":57,"deletions":6}}},{"hash":"605e013b79c6f8e62be248750dbee09b760c6cc8","messageTitle":"Implement automated testing","messageBody":"","fileTypesAndContributionMap":{"txt":{"insertions":10,"deletions":0},"sh":{"insertions":0,"deletions":0}}},{"hash":"918148da0bcd931d806b96e9c98d50455e2266ab","messageTitle":"Refactor code to use ArrayList to store Tasks","messageBody":"","fileTypesAndContributionMap":{"java":{"insertions":21,"deletions":24}}},{"hash":"036c0b101ed9ad7426f01bc6354364dc5b0dea16","messageTitle":"Refactor code to loop in main","messageBody":"","fileTypesAndContributionMap":{"java":{"insertions":49,"deletions":52}}}]},{"date":"2022-08-17","commitResults":[{"hash":"38035ae7fd6fb0d256a4ca5418c692afba7c212f","messageTitle":"Implement level 5","messageBody":"","tags":["Level-5"],"fileTypesAndContributionMap":{"txt":{"insertions":8,"deletions":0},"java":{"insertions":63,"deletions":20}}},{"hash":"eafb6bfd9dc7387baa2028f32eff65db11d84cd8","messageTitle":"Implement level 6","messageBody":"","tags":["Level-6"],"fileTypesAndContributionMap":{"txt":{"insertions":3,"deletions":0},"java":{"insertions":18,"deletions":0}}}]},{"date":"2022-08-24","commitResults":[{"hash":"e7d254d37b8c8b7511a0db50ec33dfc037baec9e","messageTitle":"Implement save-load function","messageBody":"","tags":["Level-7"],"fileTypesAndContributionMap":{"java":{"insertions":126,"deletions":8}}}]},{"date":"2022-08-25","commitResults":[{"hash":"c57cb1f00979f7d136fc36ef9c219e93932b596d","messageTitle":"Implement java.time.LocalDate for Deadlines and Events","messageBody":"","tags":["Level-8"],"fileTypesAndContributionMap":{"java":{"insertions":18,"deletions":6}}}]},{"date":"2022-08-26","commitResults":[{"hash":"f8cece6ba7e7a3c68863ca1e1506c9b4cb293e36","messageTitle":"Implement OOP and packages","messageBody":"","tags":["A-Packages","A-MoreOOP"],"fileTypesAndContributionMap":{"java":{"insertions":488,"deletions":216}}}]},{"date":"2022-08-27","commitResults":[{"hash":"574b70bdde59b2a16e1f29c2109d5c3f64358811","messageTitle":"Implement equals func for tasks and commands","messageBody":"","fileTypesAndContributionMap":{"java":{"insertions":109,"deletions":1}}},{"hash":"d582945b24ff895492588de541d923af89870ab9","messageTitle":"Fix class name in gradle","messageBody":"","fileTypesAndContributionMap":{"gradle":{"insertions":1,"deletions":1}}},{"hash":"c7a4d53da0fbfaf8b024782431b73afa42712cf8","messageTitle":"Update tasks to use DukeException","messageBody":"","fileTypesAndContributionMap":{"java":{"insertions":6,"deletions":6}}},{"hash":"e2e4f749a77453317106cfbb11d1c7691106a105","messageTitle":"Implement JUnit tests","messageBody":"","fileTypesAndContributionMap":{"java":{"insertions":226,"deletions":0}}},{"hash":"77cfcf9ad44f029444df88c12e15b57121cd294c","messageTitle":"Configure shadowJar","messageBody":"","fileTypesAndContributionMap":{"gradle":{"insertions":14,"deletions":0}}},{"hash":"8e9a0eeaf2a76c7b85f41d3ca3f855e3aff7e44c","messageTitle":"Add JavaDoc to main classes","messageBody":"","tags":["A-JavaDoc"],"fileTypesAndContributionMap":{"java":{"insertions":159,"deletions":27}}},{"hash":"9e8e73cdd44c37ab37d60f9c9fd1e882f64edf07","messageTitle":"Update code style to match standard","messageBody":"","tags":["A-CodingStandard"],"fileTypesAndContributionMap":{"java":{"insertions":49,"deletions":37}}},{"hash":"97546760e1d737246d1852cf123b59c1e4299005","messageTitle":"Implement find command","messageBody":"","tags":["Level-9"],"fileTypesAndContributionMap":{"java":{"insertions":38,"deletions":0}}},{"hash":"9c257ff81c591a68d4847f7d2a22bd0db4baf2ae","messageTitle":"Add JavaDocs for find command","messageBody":"","fileTypesAndContributionMap":{"java":{"insertions":10,"deletions":0}}}]}]},"authorFileTypeContributionMap":{"Polygonalr":{"java":1113,"md":0,"fxml":0,"sh":0,"bat":0,"gradle":15,"txt":21}},"authorContributionVariance":{"Polygonalr":54065.25},"authorDisplayNameMap":{"Polygonalr":"CS2103T-T13-2 YAP ..HENG"}}
