{"authorDailyContributionsMap":{"yellow-294":[{"date":"2022-08-15","commitResults":[{"hash":"81a9d2f1a57243ab24f9841a4bac11de9a2322a0","messageTitle":"Level-1","messageBody":"","tags":["Level-1"],"fileTypesAndContributionMap":{"java":{"insertions":33,"deletions":6}}},{"hash":"8535ed0fc14764a0115d10d18f4262dcd2c558f3","messageTitle":"Level 1. Greet, Echo, Exit","messageBody":"","fileTypesAndContributionMap":{"java":{"insertions":33,"deletions":6}}},{"hash":"ca8f43372cbc2244ba9c5a52c2bfa321d85c7a5d","messageTitle":"Completed Level-2. Add, List","messageBody":"","tags":["Level-2"],"fileTypesAndContributionMap":{"java":{"insertions":12,"deletions":3}}}]},{"date":"2022-08-16","commitResults":[{"hash":"80a2e1e7fe33604d657668741d0b4cf0fcc336ed","messageTitle":"Completed Level-3 Mark As Done","messageBody":"","tags":["Level-3"],"fileTypesAndContributionMap":{"java":{"insertions":84,"deletions":4}}},{"hash":"42af89ad0d84e6a01d3d7a0f8b3c21c45604ddd5","messageTitle":"Completed Level4.ToDos, Events, Deadlines","messageBody":"","tags":["Level-4"],"fileTypesAndContributionMap":{"java":{"insertions":101,"deletions":8}}},{"hash":"0f0eceea6969af8181d6e8d9a5d879e50cad5762","messageTitle":"Updated A-TextUiTesting","messageBody":"","tags":["A-TextUiTesting"],"fileTypesAndContributionMap":{"txt":{"insertions":11,"deletions":0},"java":{"insertions":10,"deletions":26},"sh":{"insertions":1,"deletions":5}}}]},{"date":"2022-08-17","commitResults":[{"hash":"bb8298f8213315d7932c294f1a36c4cf203aafe8","messageTitle":"Completed Level 5. Handle Errors","messageBody":"","tags":["Level-5"],"fileTypesAndContributionMap":{"java":{"insertions":77,"deletions":36}}},{"hash":"720107e55ecff9d75b08d7d6f0b7dab2251f0498","messageTitle":"Completed Level 6. Delete","messageBody":"Also made changes to previous code, mainly shortening and making it more efficient\n","tags":["Level-6"],"fileTypesAndContributionMap":{"java":{"insertions":34,"deletions":54}}}]},{"date":"2022-08-24","commitResults":[{"hash":"bc86d9b62a44346c9ec977c76c1fc91edf3f31c5","messageTitle":"Completed Level-7 on separate branch","messageBody":"","tags":["Level-7"],"fileTypesAndContributionMap":{"txt":{"insertions":2,"deletions":0},"java":{"insertions":150,"deletions":28}}},{"hash":"a8059d920ddb89a38f9679a337287a0aa0a3d225","messageTitle":"Completed Level-8 on separate branch","messageBody":"","tags":["Level-8"],"fileTypesAndContributionMap":{"java":{"insertions":19,"deletions":4}}},{"hash":"53e7c3730babbdb768c0ee61b96191e3d595b498","messageTitle":"Completed A-MoreOOP","messageBody":"I have previously made a class with similar purposed to to \"Storage\", however I have named it as SavedTaskHandler.\n","tags":["A-MoreOOP"],"fileTypesAndContributionMap":{"txt":{"insertions":6,"deletions":1},"java":{"insertions":279,"deletions":162}}},{"hash":"95680373449cffbd3d0e881f4a25a4f5c20d1d6c","messageTitle":"Completed A-Packages","messageBody":"","tags":["A-Packages"],"fileTypesAndContributionMap":{"txt":{"insertions":2,"deletions":1},"java":{"insertions":12,"deletions":8}}},{"hash":"93e634f6c442888f42f6c46b4995fe666710a747","messageTitle":"Ammeded problems with packages","messageBody":"","fileTypesAndContributionMap":{"java":{"insertions":0,"deletions":0}}},{"hash":"c954e9f3aa8ee12c3cd630cca8f197b2c52fda18","messageTitle":"Completed A-Gradle","messageBody":"","tags":["A-Gradle"],"fileTypesAndContributionMap":{"gradle":{"insertions":2,"deletions":1},"txt":{"insertions":2,"deletions":1},"java":{"insertions":16,"deletions":0}}},{"hash":"73edbdebec88a76fe2e76ec958586dd822d82e33","messageTitle":"Completed A-JUnit","messageBody":"","tags":["A-Jar","A-JUnit"],"fileTypesAndContributionMap":{"java":{"insertions":38,"deletions":5}}},{"hash":"72d8e493181861f573f35023fd64dd26d7fb063b","messageTitle":"Completed A-JavaDoc","messageBody":"","tags":["A-JavaDoc"],"fileTypesAndContributionMap":{"java":{"insertions":181,"deletions":8}}},{"hash":"58095246cb4718fa8a08e071ae02ca237a255194","messageTitle":"Fixed unchecked warnings","messageBody":"","fileTypesAndContributionMap":{"java":{"insertions":3,"deletions":2}}},{"hash":"1831007ef1df1897545e203bf0c983810ee2ae47","messageTitle":"Commit to branch-A-JavaDoc","messageBody":"","fileTypesAndContributionMap":{"java":{"insertions":4,"deletions":0}}},{"hash":"b91161f987c1f0571a157059a32d56ec458e52d5","messageTitle":"Commit to branch-A-CodingStandard","messageBody":"","fileTypesAndContributionMap":{"gradle":{"insertions":4,"deletions":1},"java":{"insertions":37,"deletions":39}}},{"hash":"a32be505c789bcd5066e161d0bca7b6745a11db2","messageTitle":"Add branch-Level-9","messageBody":"","fileTypesAndContributionMap":{"txt":{"insertions":4,"deletions":4},"java":{"insertions":22,"deletions":1}}}]},{"date":"2022-08-31","commitResults":[{"hash":"3f92424e8c3382eb9f4ac88fc9ab43949d46aed8","messageTitle":"Add GUI","messageBody":"","tags":["Level-10"],"fileTypesAndContributionMap":{"gradle":{"insertions":14,"deletions":0},"txt":{"insertions":15,"deletions":8},"fxml":{"insertions":35,"deletions":0},"java":{"insertions":228,"deletions":75}}}]}]},"authorFileTypeContributionMap":{"yellow-294":{"java":886,"md":0,"fxml":35,"sh":1,"bat":0,"gradle":20,"txt":27}},"authorContributionVariance":{"yellow-294":57946.23},"authorDisplayNameMap":{"yellow-294":"CS2103T-T17-1 WEE ..RKUS"}}
